<?xml version="1.0" encoding="utf-8"?>
<Dataset xsi:schemaLocation="http://fgd.gsi.go.jp/spec/2008/FGD_GMLSchema FGD_GMLSchema.xsd"
	xmlns:gml="http://www.opengis.net/gml/3.2"
	xmlns:xsi="http://www.w3.org/2001/XMLSchema-instance"
	xmlns:xlink="http://www.w3.org/1999/xlink"
	xmlns="http://fgd.gsi.go.jp/spec/2008/FGD_GMLSchema"
	gml:id="Dataset1">
  <gml:description>基盤地図情報メタデータ ID=fmdid:18-0101</gml:description>
  <gml:name>基盤地図情報ダウンロードデータ（GML版）</gml:name>
<GCP gml:id="K1_492951_1">
<fid>10-00100-0-1712-28490</fid>
<lfSpanFr gml:id="K1_492951_1-1">
<gml:timePosition>2017-12-04</gml:timePosition>
</lfSpanFr>
<devDate gml:id="K1_492951_1-2">
<gml:timePosition>2017-12-13</gml:timePosition>
</devDate>
<orgGILvl>KJ13</orgGILvl>
<vis>表示</vis>
<pos>
<gml:Point gml:id="K1_492951_1-g" srsName="fguuid:jgd2011.bl">
<gml:pos>33.133763833 129.134157833</gml:pos>
</gml:Point>
</pos>
<orgName>国土地理院</orgName>
<type>三角点</type>
<gcpClass>三等三角点</gcpClass>
<gcpCode>TR34929516001</gcpCode>
<name>前島</name>
<B>119281.5498</B>
<L>464882.9682</L>
<alti>80.69</alti>
<altiAcc>2</altiAcc>
</GCP>
</Dataset>
