<?xml version="1.0" encoding="utf-8"?>
<Dataset xsi:schemaLocation="http://fgd.gsi.go.jp/spec/2008/FGD_GMLSchema FGD_GMLSchema.xsd"
	xmlns:gml="http://www.opengis.net/gml/3.2"
	xmlns:xsi="http://www.w3.org/2001/XMLSchema-instance"
	xmlns:xlink="http://www.w3.org/1999/xlink"
	xmlns="http://fgd.gsi.go.jp/spec/2008/FGD_GMLSchema"
	gml:id="Dataset1">
  <gml:description>基盤地図情報メタデータ ID=fmdid:18-0101</gml:description>
  <gml:name>基盤地図情報ダウンロードデータ（GML版）</gml:name>
<AdmPt gml:id="K6_4648511937_1">
<fid>46485-11937-i-28</fid>
<lfSpanFr gml:id="K6_4648511937_1-1">
<gml:timePosition>2015-11-17</gml:timePosition>
</lfSpanFr>
<devDate gml:id="K6_4648511937_1-2">
<gml:timePosition>2017-12-13</gml:timePosition>
</devDate>
<orgGILvl>25000</orgGILvl>
<vis>非表示</vis>
<pos>
<gml:Point gml:id="K6_4648511937_1-g" srsName="fguuid:jgd2011.bl">
<gml:pos>33.162583241 129.128968757</gml:pos>
</gml:Point>
</pos>
<type>町村・指定都市の区</type>
<name>小値賀町</name>
<admCode>42383</admCode>
</AdmPt>
</Dataset>
