<?xml version="1.0" encoding="utf-8"?>
<Dataset xsi:schemaLocation="http://fgd.gsi.go.jp/spec/2008/FGD_GMLSchema FGD_GMLSchema.xsd"
	xmlns:gml="http://www.opengis.net/gml/3.2"
	xmlns:xsi="http://www.w3.org/2001/XMLSchema-instance"
	xmlns:xlink="http://www.w3.org/1999/xlink"
	xmlns="http://fgd.gsi.go.jp/spec/2008/FGD_GMLSchema"
	gml:id="Dataset1">
  <gml:description>基盤地図情報メタデータ ID=fmdid:25-0101</gml:description>
  <gml:name>基盤地図情報ダウンロードデータ（GML版）</gml:name>
<BldA gml:id="K17_4639511700_1">
<fid>20241129-46404-11724-s-374</fid>
<lfSpanFr gml:id="K17_4639511700_1-1">
<gml:timePosition>2024-11-29</gml:timePosition>
</lfSpanFr>
<devDate gml:id="K17_4639511700_1-2">
<gml:timePosition>2024-11-29</gml:timePosition>
</devDate>
<orgGILvl>25000</orgGILvl>
<area>
<gml:Surface gml:id="K17_4639511700_1-g" srsName="fguuid:jgd2011.bl">
<gml:patches>
<gml:PolygonPatch>
<gml:exterior>
<gml:Ring>
<gml:curveMember>
<gml:Curve gml:id="K17_4639511700_1-3">
<gml:segments>
<gml:LineStringSegment>
<gml:posList>
32.568548611 128.902142222
32.568458333 128.9019625
32.568509167 128.9019225
32.568509167 128.901849444
32.568486667 128.901816111
32.568424444 128.901862778
32.568401944 128.901876111
32.568379444 128.901896111
32.5683625 128.901902778
32.56834 128.901929167
32.568351111 128.9019625
32.568379444 128.9020225
32.568480833 128.902202222
32.568509167 128.902188889
32.568548611 128.902142222
</gml:posList>
</gml:LineStringSegment>
</gml:segments>
</gml:Curve>
</gml:curveMember>
</gml:Ring>
</gml:exterior>
</gml:PolygonPatch>
</gml:patches>
</gml:Surface>
</area>
<type>普通建物</type>
</BldA>
<BldA gml:id="K17_4639511700_2">
<fid>20241129-46404-11724-s-397</fid>
<lfSpanFr gml:id="K17_4639511700_2-1">
<gml:timePosition>2024-11-29</gml:timePosition>
</lfSpanFr>
<devDate gml:id="K17_4639511700_2-2">
<gml:timePosition>2024-11-29</gml:timePosition>
</devDate>
<orgGILvl>25000</orgGILvl>
<area>
<gml:Surface gml:id="K17_4639511700_2-g" srsName="fguuid:jgd2011.bl">
<gml:patches>
<gml:PolygonPatch>
<gml:exterior>
<gml:Ring>
<gml:curveMember>
<gml:Curve gml:id="K17_4639511700_2-3">
<gml:segments>
<gml:LineStringSegment>
<gml:posList>
32.568848859 128.903334087
32.568826081 128.903340754
32.568803581 128.903327420
32.568758581 128.903327420
32.568730248 128.903314087
32.568724692 128.903327420
32.568707748 128.903340754
32.568702192 128.903367420
32.568690803 128.903374087
32.568662748 128.903580198
32.568673859 128.903586865
32.568673859 128.903600198
32.568747192 128.903613531
32.568758581 128.903540198
32.568781081 128.903433809
32.568837470 128.903433809
32.568848859 128.903334087
</gml:posList>
</gml:LineStringSegment>
</gml:segments>
</gml:Curve>
</gml:curveMember>
</gml:Ring>
</gml:exterior>
</gml:PolygonPatch>
</gml:patches>
</gml:Surface>
</area>
<type>普通建物</type>
</BldA>
<BldA gml:id="K17_4639511700_3">
<fid>20241129-46404-11724-s-378</fid>
<lfSpanFr gml:id="K17_4639511700_3-1">
<gml:timePosition>2024-11-29</gml:timePosition>
</lfSpanFr>
<devDate gml:id="K17_4639511700_3-2">
<gml:timePosition>2024-11-29</gml:timePosition>
</devDate>
<orgGILvl>25000</orgGILvl>
<area>
<gml:Surface gml:id="K17_4639511700_3-g" srsName="fguuid:jgd2011.bl">
<gml:patches>
<gml:PolygonPatch>
<gml:exterior>
<gml:Ring>
<gml:curveMember>
<gml:Curve gml:id="K17_4639511700_3-3">
<gml:segments>
<gml:LineStringSegment>
<gml:posList>
32.568984197 128.902317833
32.568955863 128.902297833
32.56890503 128.902297833
32.568871419 128.902450889
32.568831697 128.902637
32.568843086 128.902643667
32.56890503 128.902670333
32.568950308 128.902490611
32.568984197 128.902317833
</gml:posList>
</gml:LineStringSegment>
</gml:segments>
</gml:Curve>
</gml:curveMember>
</gml:Ring>
</gml:exterior>
</gml:PolygonPatch>
</gml:patches>
</gml:Surface>
</area>
<type>普通建物</type>
</BldA>
<BldA gml:id="K17_4639511700_4">
<fid>20241129-46401-11721-s-457</fid>
<lfSpanFr gml:id="K17_4639511700_4-1">
<gml:timePosition>2024-11-29</gml:timePosition>
</lfSpanFr>
<devDate gml:id="K17_4639511700_4-2">
<gml:timePosition>2024-11-29</gml:timePosition>
</devDate>
<orgGILvl>25000</orgGILvl>
<area>
<gml:Surface gml:id="K17_4639511700_4-g" srsName="fguuid:jgd2011.bl">
<gml:patches>
<gml:PolygonPatch>
<gml:exterior>
<gml:Ring>
<gml:curveMember>
<gml:Curve gml:id="K17_4639511700_4-3">
<gml:segments>
<gml:LineStringSegment>
<gml:posList>
32.562290324 128.898228607
32.562463423 128.897992639
32.562399260 128.897926936
32.562226161 128.898162904
32.562290324 128.898228607
</gml:posList>
</gml:LineStringSegment>
</gml:segments>
</gml:Curve>
</gml:curveMember>
</gml:Ring>
</gml:exterior>
</gml:PolygonPatch>
</gml:patches>
</gml:Surface>
</area>
<type>普通建物</type>
</BldA>
<BldA gml:id="K17_4639511700_5">
<fid>20241129-46404-11724-s-408</fid>
<lfSpanFr gml:id="K17_4639511700_5-1">
<gml:timePosition>2024-11-29</gml:timePosition>
</lfSpanFr>
<devDate gml:id="K17_4639511700_5-2">
<gml:timePosition>2024-11-29</gml:timePosition>
</devDate>
<orgGILvl>25000</orgGILvl>
<area>
<gml:Surface gml:id="K17_4639511700_5-g" srsName="fguuid:jgd2011.bl">
<gml:patches>
<gml:PolygonPatch>
<gml:exterior>
<gml:Ring>
<gml:curveMember>
<gml:Curve gml:id="K17_4639511700_5-3">
<gml:segments>
<gml:LineStringSegment>
<gml:posList>
32.568728889 128.903685833
32.568678333 128.9036725
32.56865 128.903665833
32.568633056 128.903758889
32.568616111 128.903931944
32.568695278 128.903938611
32.568695278 128.903911944
32.568706389 128.903871944
32.568728889 128.903685833
</gml:posList>
</gml:LineStringSegment>
</gml:segments>
</gml:Curve>
</gml:curveMember>
</gml:Ring>
</gml:exterior>
</gml:PolygonPatch>
</gml:patches>
</gml:Surface>
</area>
<type>普通建物</type>
</BldA>
<BldA gml:id="K17_4639511700_6">
<fid>20241129-46404-11724-s-551</fid>
<lfSpanFr gml:id="K17_4639511700_6-1">
<gml:timePosition>2024-11-29</gml:timePosition>
</lfSpanFr>
<devDate gml:id="K17_4639511700_6-2">
<gml:timePosition>2024-11-29</gml:timePosition>
</devDate>
<orgGILvl>25000</orgGILvl>
<area>
<gml:Surface gml:id="K17_4639511700_6-g" srsName="fguuid:jgd2011.bl">
<gml:patches>
<gml:PolygonPatch>
<gml:exterior>
<gml:Ring>
<gml:curveMember>
<gml:Curve gml:id="K17_4639511700_6-3">
<gml:segments>
<gml:LineStringSegment>
<gml:posList>
32.571042591 128.905112455
32.570941421 128.905172231
32.571009820 128.905333661
32.571110991 128.905273886
32.571042591 128.905112455
</gml:posList>
</gml:LineStringSegment>
</gml:segments>
</gml:Curve>
</gml:curveMember>
</gml:Ring>
</gml:exterior>
</gml:PolygonPatch>
</gml:patches>
</gml:Surface>
</area>
<type>普通建物</type>
</BldA>
<BldA gml:id="K17_4639511700_7">
<fid>20241129-46404-11724-s-410</fid>
<lfSpanFr gml:id="K17_4639511700_7-1">
<gml:timePosition>2024-11-29</gml:timePosition>
</lfSpanFr>
<devDate gml:id="K17_4639511700_7-2">
<gml:timePosition>2024-11-29</gml:timePosition>
</devDate>
<orgGILvl>25000</orgGILvl>
<area>
<gml:Surface gml:id="K17_4639511700_7-g" srsName="fguuid:jgd2011.bl">
<gml:patches>
<gml:PolygonPatch>
<gml:exterior>
<gml:Ring>
<gml:curveMember>
<gml:Curve gml:id="K17_4639511700_7-3">
<gml:segments>
<gml:LineStringSegment>
<gml:posList>
32.569118056 128.903812222
32.569084167 128.903805556
32.569027778 128.903798889
32.569016667 128.904025
32.569101111 128.904031667
32.569118056 128.903812222
</gml:posList>
</gml:LineStringSegment>
</gml:segments>
</gml:Curve>
</gml:curveMember>
</gml:Ring>
</gml:exterior>
</gml:PolygonPatch>
</gml:patches>
</gml:Surface>
</area>
<type>普通建物</type>
</BldA>
<BldA gml:id="K17_4639511700_8">
<fid>20241129-46404-11724-s-363</fid>
<lfSpanFr gml:id="K17_4639511700_8-1">
<gml:timePosition>2024-11-29</gml:timePosition>
</lfSpanFr>
<devDate gml:id="K17_4639511700_8-2">
<gml:timePosition>2024-11-29</gml:timePosition>
</devDate>
<orgGILvl>25000</orgGILvl>
<area>
<gml:Surface gml:id="K17_4639511700_8-g" srsName="fguuid:jgd2011.bl">
<gml:patches>
<gml:PolygonPatch>
<gml:exterior>
<gml:Ring>
<gml:curveMember>
<gml:Curve gml:id="K17_4639511700_8-3">
<gml:segments>
<gml:LineStringSegment>
<gml:posList>
32.569461944 128.901356944
32.569456389 128.901350278
32.569428333 128.901183889
32.569388611 128.901177222
32.569343611 128.901203889
32.569355 128.901270556
32.5693775 128.901403611
32.5694225 128.901396944
32.569450833 128.901383611
32.569461944 128.901356944
</gml:posList>
</gml:LineStringSegment>
</gml:segments>
</gml:Curve>
</gml:curveMember>
</gml:Ring>
</gml:exterior>
</gml:PolygonPatch>
</gml:patches>
</gml:Surface>
</area>
<type>普通建物</type>
</BldA>
<BldA gml:id="K17_4639511700_9">
<fid>20241129-46404-11724-s-359</fid>
<lfSpanFr gml:id="K17_4639511700_9-1">
<gml:timePosition>2024-11-29</gml:timePosition>
</lfSpanFr>
<devDate gml:id="K17_4639511700_9-2">
<gml:timePosition>2024-11-29</gml:timePosition>
</devDate>
<orgGILvl>25000</orgGILvl>
<area>
<gml:Surface gml:id="K17_4639511700_9-g" srsName="fguuid:jgd2011.bl">
<gml:patches>
<gml:PolygonPatch>
<gml:exterior>
<gml:Ring>
<gml:curveMember>
<gml:Curve gml:id="K17_4639511700_9-3">
<gml:segments>
<gml:LineStringSegment>
<gml:posList>
32.569355 128.9010575
32.569304167 128.900904444
32.569281667 128.900877778
32.569264722 128.900871111
32.569247778 128.900884444
32.569213889 128.900904444
32.569219444 128.900917778
32.569253333 128.9010175
32.569281667 128.901104167
32.569332222 128.901084167
32.569355 128.9010575
</gml:posList>
</gml:LineStringSegment>
</gml:segments>
</gml:Curve>
</gml:curveMember>
</gml:Ring>
</gml:exterior>
</gml:PolygonPatch>
</gml:patches>
</gml:Surface>
</area>
<type>普通建物</type>
</BldA>
<BldA gml:id="K17_4639511700_10">
<fid>20241129-46404-11724-s-362</fid>
<lfSpanFr gml:id="K17_4639511700_10-1">
<gml:timePosition>2024-11-29</gml:timePosition>
</lfSpanFr>
<devDate gml:id="K17_4639511700_10-2">
<gml:timePosition>2024-11-29</gml:timePosition>
</devDate>
<orgGILvl>25000</orgGILvl>
<area>
<gml:Surface gml:id="K17_4639511700_10-g" srsName="fguuid:jgd2011.bl">
<gml:patches>
<gml:PolygonPatch>
<gml:exterior>
<gml:Ring>
<gml:curveMember>
<gml:Curve gml:id="K17_4639511700_10-3">
<gml:segments>
<gml:LineStringSegment>
<gml:posList>
32.568875556 128.901350278
32.568796667 128.901210556
32.568762778 128.901190556
32.568745833 128.901203889
32.568740278 128.901223889
32.568717778 128.901250556
32.568762778 128.901336944
32.568808056 128.901403611
32.568875556 128.901350278
</gml:posList>
</gml:LineStringSegment>
</gml:segments>
</gml:Curve>
</gml:curveMember>
</gml:Ring>
</gml:exterior>
</gml:PolygonPatch>
</gml:patches>
</gml:Surface>
</area>
<type>普通建物</type>
</BldA>
<BldA gml:id="K17_4639511700_11">
<fid>20241129-46404-11724-s-424</fid>
<lfSpanFr gml:id="K17_4639511700_11-1">
<gml:timePosition>2024-11-29</gml:timePosition>
</lfSpanFr>
<devDate gml:id="K17_4639511700_11-2">
<gml:timePosition>2024-11-29</gml:timePosition>
</devDate>
<orgGILvl>25000</orgGILvl>
<area>
<gml:Surface gml:id="K17_4639511700_11-g" srsName="fguuid:jgd2011.bl">
<gml:patches>
<gml:PolygonPatch>
<gml:exterior>
<gml:Ring>
<gml:curveMember>
<gml:Curve gml:id="K17_4639511700_11-3">
<gml:segments>
<gml:LineStringSegment>
<gml:posList>
32.569834167 128.904610556
32.569772222 128.904544167
32.569681944 128.904670556
32.569670556 128.904697222
32.569726944 128.904756944
32.569738333 128.904743611
32.569777778 128.904697222
32.569834167 128.904610556
</gml:posList>
</gml:LineStringSegment>
</gml:segments>
</gml:Curve>
</gml:curveMember>
</gml:Ring>
</gml:exterior>
</gml:PolygonPatch>
</gml:patches>
</gml:Surface>
</area>
<type>普通建物</type>
</BldA>
<BldA gml:id="K17_4639511700_12">
<fid>20241129-46404-11724-s-422</fid>
<lfSpanFr gml:id="K17_4639511700_12-1">
<gml:timePosition>2024-11-29</gml:timePosition>
</lfSpanFr>
<devDate gml:id="K17_4639511700_12-2">
<gml:timePosition>2024-11-29</gml:timePosition>
</devDate>
<orgGILvl>25000</orgGILvl>
<area>
<gml:Surface gml:id="K17_4639511700_12-g" srsName="fguuid:jgd2011.bl">
<gml:patches>
<gml:PolygonPatch>
<gml:exterior>
<gml:Ring>
<gml:curveMember>
<gml:Curve gml:id="K17_4639511700_12-3">
<gml:segments>
<gml:LineStringSegment>
<gml:posList>
32.571452222 128.904484167
32.571446667 128.904484167
32.571390278 128.904444167
32.571339444 128.904524167
32.571294444 128.904603889
32.571361944 128.904657222
32.571435278 128.9045375
32.571452222 128.904484167
</gml:posList>
</gml:LineStringSegment>
</gml:segments>
</gml:Curve>
</gml:curveMember>
</gml:Ring>
</gml:exterior>
</gml:PolygonPatch>
</gml:patches>
</gml:Surface>
</area>
<type>普通建物</type>
</BldA>
<BldA gml:id="K17_4639511700_13">
<fid>20241129-46404-11724-s-377</fid>
<lfSpanFr gml:id="K17_4639511700_13-1">
<gml:timePosition>2024-11-29</gml:timePosition>
</lfSpanFr>
<devDate gml:id="K17_4639511700_13-2">
<gml:timePosition>2024-11-29</gml:timePosition>
</devDate>
<orgGILvl>25000</orgGILvl>
<area>
<gml:Surface gml:id="K17_4639511700_13-g" srsName="fguuid:jgd2011.bl">
<gml:patches>
<gml:PolygonPatch>
<gml:exterior>
<gml:Ring>
<gml:curveMember>
<gml:Curve gml:id="K17_4639511700_13-3">
<gml:segments>
<gml:LineStringSegment>
<gml:posList>
32.568768611 128.902355
32.568661389 128.902281667
32.568633056 128.902281667
32.568605 128.902355
32.568616111 128.902368056
32.56865 128.902401389
32.568723333 128.902448056
32.568751667 128.902414722
32.568768611 128.902355
</gml:posList>
</gml:LineStringSegment>
</gml:segments>
</gml:Curve>
</gml:curveMember>
</gml:Ring>
</gml:exterior>
</gml:PolygonPatch>
</gml:patches>
</gml:Surface>
</area>
<type>普通建物</type>
</BldA>
<BldA gml:id="K17_4639511700_14">
<fid>20241129-46404-11724-s-419</fid>
<lfSpanFr gml:id="K17_4639511700_14-1">
<gml:timePosition>2024-11-29</gml:timePosition>
</lfSpanFr>
<devDate gml:id="K17_4639511700_14-2">
<gml:timePosition>2024-11-29</gml:timePosition>
</devDate>
<orgGILvl>25000</orgGILvl>
<area>
<gml:Surface gml:id="K17_4639511700_14-g" srsName="fguuid:jgd2011.bl">
<gml:patches>
<gml:PolygonPatch>
<gml:exterior>
<gml:Ring>
<gml:curveMember>
<gml:Curve gml:id="K17_4639511700_14-3">
<gml:segments>
<gml:LineStringSegment>
<gml:posList>
32.569221472 128.904099361
32.569137028 128.904099361
32.569131472 128.90420575
32.569120083 128.90428575
32.569198972 128.904292417
32.569210361 128.904252417
32.569221472 128.904099361
</gml:posList>
</gml:LineStringSegment>
</gml:segments>
</gml:Curve>
</gml:curveMember>
</gml:Ring>
</gml:exterior>
</gml:PolygonPatch>
</gml:patches>
</gml:Surface>
</area>
<type>普通建物</type>
</BldA>
<BldA gml:id="K17_4639511700_15">
<fid>20241129-46404-11724-s-432</fid>
<lfSpanFr gml:id="K17_4639511700_15-1">
<gml:timePosition>2024-11-29</gml:timePosition>
</lfSpanFr>
<devDate gml:id="K17_4639511700_15-2">
<gml:timePosition>2024-11-29</gml:timePosition>
</devDate>
<orgGILvl>25000</orgGILvl>
<area>
<gml:Surface gml:id="K17_4639511700_15-g" srsName="fguuid:jgd2011.bl">
<gml:patches>
<gml:PolygonPatch>
<gml:exterior>
<gml:Ring>
<gml:curveMember>
<gml:Curve gml:id="K17_4639511700_15-3">
<gml:segments>
<gml:LineStringSegment>
<gml:posList>
32.570279722 128.905222778
32.570268333 128.905202778
32.570211944 128.905182778
32.570161111 128.905289444
32.570138611 128.905322778
32.570133056 128.9053425
32.570211944 128.9053825
32.570262778 128.905276111
32.570279722 128.905222778
</gml:posList>
</gml:LineStringSegment>
</gml:segments>
</gml:Curve>
</gml:curveMember>
</gml:Ring>
</gml:exterior>
</gml:PolygonPatch>
</gml:patches>
</gml:Surface>
</area>
<type>普通建物</type>
</BldA>
<BldA gml:id="K17_4639511700_16">
<fid>20241129-46404-11724-s-429</fid>
<lfSpanFr gml:id="K17_4639511700_16-1">
<gml:timePosition>2024-11-29</gml:timePosition>
</lfSpanFr>
<devDate gml:id="K17_4639511700_16-2">
<gml:timePosition>2024-11-29</gml:timePosition>
</devDate>
<orgGILvl>25000</orgGILvl>
<area>
<gml:Surface gml:id="K17_4639511700_16-g" srsName="fguuid:jgd2011.bl">
<gml:patches>
<gml:PolygonPatch>
<gml:exterior>
<gml:Ring>
<gml:curveMember>
<gml:Curve gml:id="K17_4639511700_16-3">
<gml:segments>
<gml:LineStringSegment>
<gml:posList>
32.569546667 128.904983333
32.569501389 128.904903333
32.5694225 128.904956667
32.569366111 128.904996667
32.5694 128.905056389
32.5694225 128.905076389
32.569546667 128.904983333
</gml:posList>
</gml:LineStringSegment>
</gml:segments>
</gml:Curve>
</gml:curveMember>
</gml:Ring>
</gml:exterior>
</gml:PolygonPatch>
</gml:patches>
</gml:Surface>
</area>
<type>普通建物</type>
</BldA>
<BldA gml:id="K17_4639511700_17">
<fid>20241129-46404-11724-s-364</fid>
<lfSpanFr gml:id="K17_4639511700_17-1">
<gml:timePosition>2024-11-29</gml:timePosition>
</lfSpanFr>
<devDate gml:id="K17_4639511700_17-2">
<gml:timePosition>2024-11-29</gml:timePosition>
</devDate>
<orgGILvl>25000</orgGILvl>
<area>
<gml:Surface gml:id="K17_4639511700_17-g" srsName="fguuid:jgd2011.bl">
<gml:patches>
<gml:PolygonPatch>
<gml:exterior>
<gml:Ring>
<gml:curveMember>
<gml:Curve gml:id="K17_4639511700_17-3">
<gml:segments>
<gml:LineStringSegment>
<gml:posList>
32.569541111 128.901656389
32.569535278 128.901616389
32.569512778 128.901536667
32.569512778 128.90151
32.569495833 128.901503333
32.569473333 128.901523333
32.569439444 128.90153
32.569433889 128.901576667
32.569456389 128.901696389
32.569495833 128.901696389
32.569524167 128.901683056
32.569541111 128.901656389
</gml:posList>
</gml:LineStringSegment>
</gml:segments>
</gml:Curve>
</gml:curveMember>
</gml:Ring>
</gml:exterior>
</gml:PolygonPatch>
</gml:patches>
</gml:Surface>
</area>
<type>普通建物</type>
</BldA>
<BldA gml:id="K17_4639511700_18">
<fid>20241129-46404-11724-s-361</fid>
<lfSpanFr gml:id="K17_4639511700_18-1">
<gml:timePosition>2024-11-29</gml:timePosition>
</lfSpanFr>
<devDate gml:id="K17_4639511700_18-2">
<gml:timePosition>2024-11-29</gml:timePosition>
</devDate>
<orgGILvl>25000</orgGILvl>
<area>
<gml:Surface gml:id="K17_4639511700_18-g" srsName="fguuid:jgd2011.bl">
<gml:patches>
<gml:PolygonPatch>
<gml:exterior>
<gml:Ring>
<gml:curveMember>
<gml:Curve gml:id="K17_4639511700_18-3">
<gml:segments>
<gml:LineStringSegment>
<gml:posList>
32.569834167 128.901283889
32.569822778 128.901283889
32.569806111 128.901270556
32.569749722 128.901290556
32.569743889 128.901456944
32.569828611 128.901456944
32.569834167 128.901283889
</gml:posList>
</gml:LineStringSegment>
</gml:segments>
</gml:Curve>
</gml:curveMember>
</gml:Ring>
</gml:exterior>
</gml:PolygonPatch>
</gml:patches>
</gml:Surface>
</area>
<type>普通建物</type>
</BldA>
<BldA gml:id="K17_4639511700_19">
<fid>20241129-46404-11724-s-425</fid>
<lfSpanFr gml:id="K17_4639511700_19-1">
<gml:timePosition>2024-11-29</gml:timePosition>
</lfSpanFr>
<devDate gml:id="K17_4639511700_19-2">
<gml:timePosition>2024-11-29</gml:timePosition>
</devDate>
<orgGILvl>25000</orgGILvl>
<area>
<gml:Surface gml:id="K17_4639511700_19-g" srsName="fguuid:jgd2011.bl">
<gml:patches>
<gml:PolygonPatch>
<gml:exterior>
<gml:Ring>
<gml:curveMember>
<gml:Curve gml:id="K17_4639511700_19-3">
<gml:segments>
<gml:LineStringSegment>
<gml:posList>
32.569416944 128.904677222
32.569355 128.904617222
32.569247778 128.904730556
32.569309722 128.904803611
32.5694 128.904703889
32.569416944 128.904677222
</gml:posList>
</gml:LineStringSegment>
</gml:segments>
</gml:Curve>
</gml:curveMember>
</gml:Ring>
</gml:exterior>
</gml:PolygonPatch>
</gml:patches>
</gml:Surface>
</area>
<type>普通建物</type>
</BldA>
<BldA gml:id="K17_4639511700_20">
<fid>20241129-46404-11724-s-421</fid>
<lfSpanFr gml:id="K17_4639511700_20-1">
<gml:timePosition>2024-11-29</gml:timePosition>
</lfSpanFr>
<devDate gml:id="K17_4639511700_20-2">
<gml:timePosition>2024-11-29</gml:timePosition>
</devDate>
<orgGILvl>25000</orgGILvl>
<area>
<gml:Surface gml:id="K17_4639511700_20-g" srsName="fguuid:jgd2011.bl">
<gml:patches>
<gml:PolygonPatch>
<gml:exterior>
<gml:Ring>
<gml:curveMember>
<gml:Curve gml:id="K17_4639511700_20-3">
<gml:segments>
<gml:LineStringSegment>
<gml:posList>
32.569061667 128.904444167
32.568977222 128.904444167
32.568971389 128.904623889
32.569056111 128.904617222
32.569061667 128.904444167
</gml:posList>
</gml:LineStringSegment>
</gml:segments>
</gml:Curve>
</gml:curveMember>
</gml:Ring>
</gml:exterior>
</gml:PolygonPatch>
</gml:patches>
</gml:Surface>
</area>
<type>普通建物</type>
</BldA>
<BldA gml:id="K17_4639511700_21">
<fid>20241129-46404-11724-s-415</fid>
<lfSpanFr gml:id="K17_4639511700_21-1">
<gml:timePosition>2024-11-29</gml:timePosition>
</lfSpanFr>
<devDate gml:id="K17_4639511700_21-2">
<gml:timePosition>2024-11-29</gml:timePosition>
</devDate>
<orgGILvl>25000</orgGILvl>
<area>
<gml:Surface gml:id="K17_4639511700_21-g" srsName="fguuid:jgd2011.bl">
<gml:patches>
<gml:PolygonPatch>
<gml:exterior>
<gml:Ring>
<gml:curveMember>
<gml:Curve gml:id="K17_4639511700_21-3">
<gml:segments>
<gml:LineStringSegment>
<gml:posList>
32.569416944 128.903971944
32.569411389 128.903951944
32.569371944 128.903945278
32.569326667 128.903938611
32.569326667 128.904111667
32.569411389 128.904111667
32.569416944 128.903971944
</gml:posList>
</gml:LineStringSegment>
</gml:segments>
</gml:Curve>
</gml:curveMember>
</gml:Ring>
</gml:exterior>
</gml:PolygonPatch>
</gml:patches>
</gml:Surface>
</area>
<type>普通建物</type>
</BldA>
<BldA gml:id="K17_4639511700_22">
<fid>20241129-46404-11724-s-426</fid>
<lfSpanFr gml:id="K17_4639511700_22-1">
<gml:timePosition>2024-11-29</gml:timePosition>
</lfSpanFr>
<devDate gml:id="K17_4639511700_22-2">
<gml:timePosition>2024-11-29</gml:timePosition>
</devDate>
<orgGILvl>25000</orgGILvl>
<area>
<gml:Surface gml:id="K17_4639511700_22-g" srsName="fguuid:jgd2011.bl">
<gml:patches>
<gml:PolygonPatch>
<gml:exterior>
<gml:Ring>
<gml:curveMember>
<gml:Curve gml:id="K17_4639511700_22-3">
<gml:segments>
<gml:LineStringSegment>
<gml:posList>
32.571576111 128.904683889
32.571565 128.904670556
32.571508611 128.904623889
32.571418333 128.904756944
32.571486111 128.904816944
32.571576111 128.904683889
</gml:posList>
</gml:LineStringSegment>
</gml:segments>
</gml:Curve>
</gml:curveMember>
</gml:Ring>
</gml:exterior>
</gml:PolygonPatch>
</gml:patches>
</gml:Surface>
</area>
<type>普通建物</type>
</BldA>
<BldA gml:id="K17_4639511700_23">
<fid>20241129-46404-11724-s-375</fid>
<lfSpanFr gml:id="K17_4639511700_23-1">
<gml:timePosition>2024-11-29</gml:timePosition>
</lfSpanFr>
<devDate gml:id="K17_4639511700_23-2">
<gml:timePosition>2024-11-29</gml:timePosition>
</devDate>
<orgGILvl>25000</orgGILvl>
<area>
<gml:Surface gml:id="K17_4639511700_23-g" srsName="fguuid:jgd2011.bl">
<gml:patches>
<gml:PolygonPatch>
<gml:exterior>
<gml:Ring>
<gml:curveMember>
<gml:Curve gml:id="K17_4639511700_23-3">
<gml:segments>
<gml:LineStringSegment>
<gml:posList>
32.569456389 128.902255
32.5693775 128.902221667
32.569332222 128.902328333
32.569321111 128.902368056
32.569388611 128.902408056
32.569405556 128.902381389
32.569439444 128.902315
32.569456389 128.902255
</gml:posList>
</gml:LineStringSegment>
</gml:segments>
</gml:Curve>
</gml:curveMember>
</gml:Ring>
</gml:exterior>
</gml:PolygonPatch>
</gml:patches>
</gml:Surface>
</area>
<type>普通建物</type>
</BldA>
<BldA gml:id="K17_4639511700_24">
<fid>20241129-46404-11724-s-420</fid>
<lfSpanFr gml:id="K17_4639511700_24-1">
<gml:timePosition>2024-11-29</gml:timePosition>
</lfSpanFr>
<devDate gml:id="K17_4639511700_24-2">
<gml:timePosition>2024-11-29</gml:timePosition>
</devDate>
<orgGILvl>25000</orgGILvl>
<area>
<gml:Surface gml:id="K17_4639511700_24-g" srsName="fguuid:jgd2011.bl">
<gml:patches>
<gml:PolygonPatch>
<gml:exterior>
<gml:Ring>
<gml:curveMember>
<gml:Curve gml:id="K17_4639511700_24-3">
<gml:segments>
<gml:LineStringSegment>
<gml:posList>
32.569608611 128.904164722
32.569563611 128.904031667
32.569478889 128.904058333
32.569524167 128.904198056
32.569546667 128.904204722
32.569591667 128.904184722
32.569608611 128.904164722
</gml:posList>
</gml:LineStringSegment>
</gml:segments>
</gml:Curve>
</gml:curveMember>
</gml:Ring>
</gml:exterior>
</gml:PolygonPatch>
</gml:patches>
</gml:Surface>
</area>
<type>普通建物</type>
</BldA>
<BldA gml:id="K17_4639511700_25">
<fid>20241129-46404-11724-s-360</fid>
<lfSpanFr gml:id="K17_4639511700_25-1">
<gml:timePosition>2024-11-29</gml:timePosition>
</lfSpanFr>
<devDate gml:id="K17_4639511700_25-2">
<gml:timePosition>2024-11-29</gml:timePosition>
</devDate>
<orgGILvl>25000</orgGILvl>
<area>
<gml:Surface gml:id="K17_4639511700_25-g" srsName="fguuid:jgd2011.bl">
<gml:patches>
<gml:PolygonPatch>
<gml:exterior>
<gml:Ring>
<gml:curveMember>
<gml:Curve gml:id="K17_4639511700_25-3">
<gml:segments>
<gml:LineStringSegment>
<gml:posList>
32.568588056 128.901270556
32.568520278 128.901124167
32.568492222 128.901150833
32.568458333 128.901177222
32.568458333 128.901203889
32.568509167 128.901310556
32.568537222 128.901310556
32.568588056 128.901270556
</gml:posList>
</gml:LineStringSegment>
</gml:segments>
</gml:Curve>
</gml:curveMember>
</gml:Ring>
</gml:exterior>
</gml:PolygonPatch>
</gml:patches>
</gml:Surface>
</area>
<type>普通建物</type>
</BldA>
<BldA gml:id="K17_4639511700_26">
<fid>20241129-46404-11724-s-389</fid>
<lfSpanFr gml:id="K17_4639511700_26-1">
<gml:timePosition>2024-11-29</gml:timePosition>
</lfSpanFr>
<devDate gml:id="K17_4639511700_26-2">
<gml:timePosition>2024-11-29</gml:timePosition>
</devDate>
<orgGILvl>25000</orgGILvl>
<area>
<gml:Surface gml:id="K17_4639511700_26-g" srsName="fguuid:jgd2011.bl">
<gml:patches>
<gml:PolygonPatch>
<gml:exterior>
<gml:Ring>
<gml:curveMember>
<gml:Curve gml:id="K17_4639511700_26-3">
<gml:segments>
<gml:LineStringSegment>
<gml:posList>
32.569834167 128.902953611
32.569811667 128.902933889
32.569777778 128.902907222
32.569755278 128.902907222
32.569715833 128.902993611
32.569704444 128.903040278
32.569772222 128.903080278
32.569783333 128.903086944
32.569817222 128.902993611
32.569834167 128.902953611
</gml:posList>
</gml:LineStringSegment>
</gml:segments>
</gml:Curve>
</gml:curveMember>
</gml:Ring>
</gml:exterior>
</gml:PolygonPatch>
</gml:patches>
</gml:Surface>
</area>
<type>普通建物</type>
</BldA>
<BldA gml:id="K17_4639511700_27">
<fid>20241129-46404-11724-s-386</fid>
<lfSpanFr gml:id="K17_4639511700_27-1">
<gml:timePosition>2024-11-29</gml:timePosition>
</lfSpanFr>
<devDate gml:id="K17_4639511700_27-2">
<gml:timePosition>2024-11-29</gml:timePosition>
</devDate>
<orgGILvl>25000</orgGILvl>
<area>
<gml:Surface gml:id="K17_4639511700_27-g" srsName="fguuid:jgd2011.bl">
<gml:patches>
<gml:PolygonPatch>
<gml:exterior>
<gml:Ring>
<gml:curveMember>
<gml:Curve gml:id="K17_4639511700_27-3">
<gml:segments>
<gml:LineStringSegment>
<gml:posList>
32.569118056 128.902860556
32.569106667 128.902847222
32.569056111 128.902807222
32.569039167 128.902820556
32.568999722 128.902887222
32.568977222 128.902940556
32.569027778 128.902980278
32.569050278 128.902986944
32.569118056 128.902860556
</gml:posList>
</gml:LineStringSegment>
</gml:segments>
</gml:Curve>
</gml:curveMember>
</gml:Ring>
</gml:exterior>
</gml:PolygonPatch>
</gml:patches>
</gml:Surface>
</area>
<type>普通建物</type>
</BldA>
<BldA gml:id="K17_4639511700_28">
<fid>20241129-46404-11724-s-435</fid>
<lfSpanFr gml:id="K17_4639511700_28-1">
<gml:timePosition>2024-11-29</gml:timePosition>
</lfSpanFr>
<devDate gml:id="K17_4639511700_28-2">
<gml:timePosition>2024-11-29</gml:timePosition>
</devDate>
<orgGILvl>25000</orgGILvl>
<area>
<gml:Surface gml:id="K17_4639511700_28-g" srsName="fguuid:jgd2011.bl">
<gml:patches>
<gml:PolygonPatch>
<gml:exterior>
<gml:Ring>
<gml:curveMember>
<gml:Curve gml:id="K17_4639511700_28-3">
<gml:segments>
<gml:LineStringSegment>
<gml:posList>
32.569202778 128.905329444
32.569151944 128.905189444
32.569123611 128.905209444
32.569078611 128.905229444
32.569118056 128.9053625
32.569135 128.9053825
32.569168889 128.9053625
32.569202778 128.905329444
</gml:posList>
</gml:LineStringSegment>
</gml:segments>
</gml:Curve>
</gml:curveMember>
</gml:Ring>
</gml:exterior>
</gml:PolygonPatch>
</gml:patches>
</gml:Surface>
</area>
<type>普通建物</type>
</BldA>
<BldA gml:id="K17_4639511700_29">
<fid>20241129-46404-11724-s-423</fid>
<lfSpanFr gml:id="K17_4639511700_29-1">
<gml:timePosition>2024-11-29</gml:timePosition>
</lfSpanFr>
<devDate gml:id="K17_4639511700_29-2">
<gml:timePosition>2024-11-29</gml:timePosition>
</devDate>
<orgGILvl>25000</orgGILvl>
<area>
<gml:Surface gml:id="K17_4639511700_29-g" srsName="fguuid:jgd2011.bl">
<gml:patches>
<gml:PolygonPatch>
<gml:exterior>
<gml:Ring>
<gml:curveMember>
<gml:Curve gml:id="K17_4639511700_29-3">
<gml:segments>
<gml:LineStringSegment>
<gml:posList>
32.569315556 128.904510833
32.569309722 128.904404444
32.569230833 128.904404444
32.569225278 128.904564167
32.569309722 128.904564167
32.569315556 128.904510833
</gml:posList>
</gml:LineStringSegment>
</gml:segments>
</gml:Curve>
</gml:curveMember>
</gml:Ring>
</gml:exterior>
</gml:PolygonPatch>
</gml:patches>
</gml:Surface>
</area>
<type>普通建物</type>
</BldA>
<BldA gml:id="K17_4639511700_30">
<fid>20241129-46404-11724-s-367</fid>
<lfSpanFr gml:id="K17_4639511700_30-1">
<gml:timePosition>2024-11-29</gml:timePosition>
</lfSpanFr>
<devDate gml:id="K17_4639511700_30-2">
<gml:timePosition>2024-11-29</gml:timePosition>
</devDate>
<orgGILvl>25000</orgGILvl>
<area>
<gml:Surface gml:id="K17_4639511700_30-g" srsName="fguuid:jgd2011.bl">
<gml:patches>
<gml:PolygonPatch>
<gml:exterior>
<gml:Ring>
<gml:curveMember>
<gml:Curve gml:id="K17_4639511700_30-3">
<gml:segments>
<gml:LineStringSegment>
<gml:posList>
32.568819167 128.901743056
32.568751667 128.901616389
32.568734722 128.90161
32.568683889 128.901669722
32.568712222 128.901736389
32.568751667 128.901796111
32.568819167 128.901743056
</gml:posList>
</gml:LineStringSegment>
</gml:segments>
</gml:Curve>
</gml:curveMember>
</gml:Ring>
</gml:exterior>
</gml:PolygonPatch>
</gml:patches>
</gml:Surface>
</area>
<type>普通建物</type>
</BldA>
<BldA gml:id="K17_4639511700_31">
<fid>20241129-46404-11724-s-366</fid>
<lfSpanFr gml:id="K17_4639511700_31-1">
<gml:timePosition>2024-11-29</gml:timePosition>
</lfSpanFr>
<devDate gml:id="K17_4639511700_31-2">
<gml:timePosition>2024-11-29</gml:timePosition>
</devDate>
<orgGILvl>25000</orgGILvl>
<area>
<gml:Surface gml:id="K17_4639511700_31-g" srsName="fguuid:jgd2011.bl">
<gml:patches>
<gml:PolygonPatch>
<gml:exterior>
<gml:Ring>
<gml:curveMember>
<gml:Curve gml:id="K17_4639511700_31-3">
<gml:segments>
<gml:LineStringSegment>
<gml:posList>
32.569941389 128.901736389
32.569924444 128.901723056
32.569856667 128.901736389
32.569856667 128.901895833
32.56993 128.901895833
32.569941389 128.901736389
</gml:posList>
</gml:LineStringSegment>
</gml:segments>
</gml:Curve>
</gml:curveMember>
</gml:Ring>
</gml:exterior>
</gml:PolygonPatch>
</gml:patches>
</gml:Surface>
</area>
<type>普通建物</type>
</BldA>
<BldA gml:id="K17_4639511700_32">
<fid>20241129-46404-11724-s-394</fid>
<lfSpanFr gml:id="K17_4639511700_32-1">
<gml:timePosition>2024-11-29</gml:timePosition>
</lfSpanFr>
<devDate gml:id="K17_4639511700_32-2">
<gml:timePosition>2024-11-29</gml:timePosition>
</devDate>
<orgGILvl>25000</orgGILvl>
<area>
<gml:Surface gml:id="K17_4639511700_32-g" srsName="fguuid:jgd2011.bl">
<gml:patches>
<gml:PolygonPatch>
<gml:exterior>
<gml:Ring>
<gml:curveMember>
<gml:Curve gml:id="K17_4639511700_32-3">
<gml:segments>
<gml:LineStringSegment>
<gml:posList>
32.569800278 128.903186667
32.569715833 128.903146667
32.569676389 128.903133333
32.569648056 128.90322
32.5696875 128.903246667
32.569755278 128.903279722
32.569766389 128.903253056
32.569777778 128.903246667
32.569800278 128.903186667
</gml:posList>
</gml:LineStringSegment>
</gml:segments>
</gml:Curve>
</gml:curveMember>
</gml:Ring>
</gml:exterior>
</gml:PolygonPatch>
</gml:patches>
</gml:Surface>
</area>
<type>普通建物</type>
</BldA>
<BldA gml:id="K17_4639511700_33">
<fid>20241129-46404-11724-s-400</fid>
<lfSpanFr gml:id="K17_4639511700_33-1">
<gml:timePosition>2024-11-29</gml:timePosition>
</lfSpanFr>
<devDate gml:id="K17_4639511700_33-2">
<gml:timePosition>2024-11-29</gml:timePosition>
</devDate>
<orgGILvl>25000</orgGILvl>
<area>
<gml:Surface gml:id="K17_4639511700_33-g" srsName="fguuid:jgd2011.bl">
<gml:patches>
<gml:PolygonPatch>
<gml:exterior>
<gml:Ring>
<gml:curveMember>
<gml:Curve gml:id="K17_4639511700_33-3">
<gml:segments>
<gml:LineStringSegment>
<gml:posList>
32.571452222 128.903472778
32.571423889 128.903452778
32.5713675 128.903452778
32.5713675 128.9036125
32.571440833 128.903619167
32.571452222 128.903472778
</gml:posList>
</gml:LineStringSegment>
</gml:segments>
</gml:Curve>
</gml:curveMember>
</gml:Ring>
</gml:exterior>
</gml:PolygonPatch>
</gml:patches>
</gml:Surface>
</area>
<type>普通建物</type>
</BldA>
<BldA gml:id="K17_4639511700_34">
<fid>20241129-46404-11724-s-428</fid>
<lfSpanFr gml:id="K17_4639511700_34-1">
<gml:timePosition>2024-11-29</gml:timePosition>
</lfSpanFr>
<devDate gml:id="K17_4639511700_34-2">
<gml:timePosition>2024-11-29</gml:timePosition>
</devDate>
<orgGILvl>25000</orgGILvl>
<area>
<gml:Surface gml:id="K17_4639511700_34-g" srsName="fguuid:jgd2011.bl">
<gml:patches>
<gml:PolygonPatch>
<gml:exterior>
<gml:Ring>
<gml:curveMember>
<gml:Curve gml:id="K17_4639511700_34-3">
<gml:segments>
<gml:LineStringSegment>
<gml:posList>
32.571395833 128.904863611
32.571378889 128.904863611
32.571328056 128.904810278
32.571266111 128.904876944
32.571238056 128.904903333
32.571243611 128.904916667
32.5713 128.904983333
32.571395833 128.904863611
</gml:posList>
</gml:LineStringSegment>
</gml:segments>
</gml:Curve>
</gml:curveMember>
</gml:Ring>
</gml:exterior>
</gml:PolygonPatch>
</gml:patches>
</gml:Surface>
</area>
<type>普通建物</type>
</BldA>
<BldA gml:id="K17_4639511700_35">
<fid>20241129-46404-11724-s-418</fid>
<lfSpanFr gml:id="K17_4639511700_35-1">
<gml:timePosition>2024-11-29</gml:timePosition>
</lfSpanFr>
<devDate gml:id="K17_4639511700_35-2">
<gml:timePosition>2024-11-29</gml:timePosition>
</devDate>
<orgGILvl>25000</orgGILvl>
<area>
<gml:Surface gml:id="K17_4639511700_35-g" srsName="fguuid:jgd2011.bl">
<gml:patches>
<gml:PolygonPatch>
<gml:exterior>
<gml:Ring>
<gml:curveMember>
<gml:Curve gml:id="K17_4639511700_35-3">
<gml:segments>
<gml:LineStringSegment>
<gml:posList>
32.5675 128.904091667
32.567438056 128.904051667
32.567426667 128.904045
32.567376111 128.904158056
32.567376111 128.904184722
32.567443611 128.904224722
32.5675 128.904091667
</gml:posList>
</gml:LineStringSegment>
</gml:segments>
</gml:Curve>
</gml:curveMember>
</gml:Ring>
</gml:exterior>
</gml:PolygonPatch>
</gml:patches>
</gml:Surface>
</area>
<type>普通建物</type>
</BldA>
<BldA gml:id="K17_4639511700_36">
<fid>20241129-46404-11724-s-382</fid>
<lfSpanFr gml:id="K17_4639511700_36-1">
<gml:timePosition>2024-11-29</gml:timePosition>
</lfSpanFr>
<devDate gml:id="K17_4639511700_36-2">
<gml:timePosition>2024-11-29</gml:timePosition>
</devDate>
<orgGILvl>25000</orgGILvl>
<area>
<gml:Surface gml:id="K17_4639511700_36-g" srsName="fguuid:jgd2011.bl">
<gml:patches>
<gml:PolygonPatch>
<gml:exterior>
<gml:Ring>
<gml:curveMember>
<gml:Curve gml:id="K17_4639511700_36-3">
<gml:segments>
<gml:LineStringSegment>
<gml:posList>
32.569439444 128.902641111
32.569394444 128.902614444
32.569360556 128.902601111
32.569315556 128.902700833
32.569315556 128.902734167
32.569388611 128.9027675
32.569405556 128.9027275
32.569439444 128.902641111
</gml:posList>
</gml:LineStringSegment>
</gml:segments>
</gml:Curve>
</gml:curveMember>
</gml:Ring>
</gml:exterior>
</gml:PolygonPatch>
</gml:patches>
</gml:Surface>
</area>
<type>普通建物</type>
</BldA>
<BldA gml:id="K17_4639511700_37">
<fid>20241129-46404-11724-s-438</fid>
<lfSpanFr gml:id="K17_4639511700_37-1">
<gml:timePosition>2024-11-29</gml:timePosition>
</lfSpanFr>
<devDate gml:id="K17_4639511700_37-2">
<gml:timePosition>2024-11-29</gml:timePosition>
</devDate>
<orgGILvl>25000</orgGILvl>
<area>
<gml:Surface gml:id="K17_4639511700_37-g" srsName="fguuid:jgd2011.bl">
<gml:patches>
<gml:PolygonPatch>
<gml:exterior>
<gml:Ring>
<gml:curveMember>
<gml:Curve gml:id="K17_4639511700_37-3">
<gml:segments>
<gml:LineStringSegment>
<gml:posList>
32.569969444 128.905701944
32.569958333 128.905608889
32.569913056 128.905608889
32.569885 128.905622222
32.569885 128.905775278
32.569958333 128.905761944
32.569969444 128.905701944
</gml:posList>
</gml:LineStringSegment>
</gml:segments>
</gml:Curve>
</gml:curveMember>
</gml:Ring>
</gml:exterior>
</gml:PolygonPatch>
</gml:patches>
</gml:Surface>
</area>
<type>普通建物</type>
</BldA>
<BldA gml:id="K17_4639511700_38">
<fid>20241129-46404-11724-s-373</fid>
<lfSpanFr gml:id="K17_4639511700_38-1">
<gml:timePosition>2024-11-29</gml:timePosition>
</lfSpanFr>
<devDate gml:id="K17_4639511700_38-2">
<gml:timePosition>2024-11-29</gml:timePosition>
</devDate>
<orgGILvl>25000</orgGILvl>
<area>
<gml:Surface gml:id="K17_4639511700_38-g" srsName="fguuid:jgd2011.bl">
<gml:patches>
<gml:PolygonPatch>
<gml:exterior>
<gml:Ring>
<gml:curveMember>
<gml:Curve gml:id="K17_4639511700_38-3">
<gml:segments>
<gml:LineStringSegment>
<gml:posList>
32.569287222 128.902121944
32.569213889 128.902081944
32.5691575 128.902215
32.569191389 128.902241667
32.569230833 128.902255
32.569287222 128.902121944
</gml:posList>
</gml:LineStringSegment>
</gml:segments>
</gml:Curve>
</gml:curveMember>
</gml:Ring>
</gml:exterior>
</gml:PolygonPatch>
</gml:patches>
</gml:Surface>
</area>
<type>普通建物</type>
</BldA>
<BldA gml:id="K17_4639511700_39">
<fid>20241129-46404-11724-s-417</fid>
<lfSpanFr gml:id="K17_4639511700_39-1">
<gml:timePosition>2024-11-29</gml:timePosition>
</lfSpanFr>
<devDate gml:id="K17_4639511700_39-2">
<gml:timePosition>2024-11-29</gml:timePosition>
</devDate>
<orgGILvl>25000</orgGILvl>
<area>
<gml:Surface gml:id="K17_4639511700_39-g" srsName="fguuid:jgd2011.bl">
<gml:patches>
<gml:PolygonPatch>
<gml:exterior>
<gml:Ring>
<gml:curveMember>
<gml:Curve gml:id="K17_4639511700_39-3">
<gml:segments>
<gml:LineStringSegment>
<gml:posList>
32.569067222 128.904085
32.569022222 128.904078333
32.569005278 128.904065
32.568982778 128.904078333
32.568977222 128.904118333
32.568965833 128.904125
32.568965833 128.904211389
32.569056111 128.904211389
32.569067222 128.904085
</gml:posList>
</gml:LineStringSegment>
</gml:segments>
</gml:Curve>
</gml:curveMember>
</gml:Ring>
</gml:exterior>
</gml:PolygonPatch>
</gml:patches>
</gml:Surface>
</area>
<type>普通建物</type>
</BldA>
<BldA gml:id="K17_4639511700_40">
<fid>20241129-46404-11724-s-388</fid>
<lfSpanFr gml:id="K17_4639511700_40-1">
<gml:timePosition>2024-11-29</gml:timePosition>
</lfSpanFr>
<devDate gml:id="K17_4639511700_40-2">
<gml:timePosition>2024-11-29</gml:timePosition>
</devDate>
<orgGILvl>25000</orgGILvl>
<area>
<gml:Surface gml:id="K17_4639511700_40-g" srsName="fguuid:jgd2011.bl">
<gml:patches>
<gml:PolygonPatch>
<gml:exterior>
<gml:Ring>
<gml:curveMember>
<gml:Curve gml:id="K17_4639511700_40-3">
<gml:segments>
<gml:LineStringSegment>
<gml:posList>
32.569309722 128.902940556
32.569230833 128.902907222
32.569196944 128.903046944
32.569270278 128.903080278
32.569287222 128.903040278
32.569309722 128.902940556
</gml:posList>
</gml:LineStringSegment>
</gml:segments>
</gml:Curve>
</gml:curveMember>
</gml:Ring>
</gml:exterior>
</gml:PolygonPatch>
</gml:patches>
</gml:Surface>
</area>
<type>普通建物</type>
</BldA>
<BldA gml:id="K17_4639511700_41">
<fid>20241129-46404-11724-s-401</fid>
<lfSpanFr gml:id="K17_4639511700_41-1">
<gml:timePosition>2024-11-29</gml:timePosition>
</lfSpanFr>
<devDate gml:id="K17_4639511700_41-2">
<gml:timePosition>2024-11-29</gml:timePosition>
</devDate>
<orgGILvl>25000</orgGILvl>
<area>
<gml:Surface gml:id="K17_4639511700_41-g" srsName="fguuid:jgd2011.bl">
<gml:patches>
<gml:PolygonPatch>
<gml:exterior>
<gml:Ring>
<gml:curveMember>
<gml:Curve gml:id="K17_4639511700_41-3">
<gml:segments>
<gml:LineStringSegment>
<gml:posList>
32.569478889 128.903486111
32.569473333 128.903446111
32.5694 128.903426111
32.569388611 128.903579167
32.569467778 128.9035925
32.569478889 128.903486111
</gml:posList>
</gml:LineStringSegment>
</gml:segments>
</gml:Curve>
</gml:curveMember>
</gml:Ring>
</gml:exterior>
</gml:PolygonPatch>
</gml:patches>
</gml:Surface>
</area>
<type>普通建物</type>
</BldA>
<BldA gml:id="K17_4639511700_42">
<fid>20241129-46404-11724-s-368</fid>
<lfSpanFr gml:id="K17_4639511700_42-1">
<gml:timePosition>2024-11-29</gml:timePosition>
</lfSpanFr>
<devDate gml:id="K17_4639511700_42-2">
<gml:timePosition>2024-11-29</gml:timePosition>
</devDate>
<orgGILvl>25000</orgGILvl>
<area>
<gml:Surface gml:id="K17_4639511700_42-g" srsName="fguuid:jgd2011.bl">
<gml:patches>
<gml:PolygonPatch>
<gml:exterior>
<gml:Ring>
<gml:curveMember>
<gml:Curve gml:id="K17_4639511700_42-3">
<gml:segments>
<gml:LineStringSegment>
<gml:posList>
32.569163056 128.901743056
32.569129444 128.901616389
32.569050278 128.901649722
32.569084167 128.901782778
32.569151944 128.901762778
32.569163056 128.901743056
</gml:posList>
</gml:LineStringSegment>
</gml:segments>
</gml:Curve>
</gml:curveMember>
</gml:Ring>
</gml:exterior>
</gml:PolygonPatch>
</gml:patches>
</gml:Surface>
</area>
<type>普通建物</type>
</BldA>
<BldA gml:id="K17_4639511700_43">
<fid>20241129-46404-11724-s-376</fid>
<lfSpanFr gml:id="K17_4639511700_43-1">
<gml:timePosition>2024-11-29</gml:timePosition>
</lfSpanFr>
<devDate gml:id="K17_4639511700_43-2">
<gml:timePosition>2024-11-29</gml:timePosition>
</devDate>
<orgGILvl>25000</orgGILvl>
<area>
<gml:Surface gml:id="K17_4639511700_43-g" srsName="fguuid:jgd2011.bl">
<gml:patches>
<gml:PolygonPatch>
<gml:exterior>
<gml:Ring>
<gml:curveMember>
<gml:Curve gml:id="K17_4639511700_43-3">
<gml:segments>
<gml:LineStringSegment>
<gml:posList>
32.569546667 128.902335
32.569473333 128.902295
32.569416944 128.902421389
32.569456389 128.902448056
32.569495833 128.902461389
32.569546667 128.902335
</gml:posList>
</gml:LineStringSegment>
</gml:segments>
</gml:Curve>
</gml:curveMember>
</gml:Ring>
</gml:exterior>
</gml:PolygonPatch>
</gml:patches>
</gml:Surface>
</area>
<type>普通建物</type>
</BldA>
<BldA gml:id="K17_4639511700_44">
<fid>20241129-46404-11724-s-402</fid>
<lfSpanFr gml:id="K17_4639511700_44-1">
<gml:timePosition>2024-11-29</gml:timePosition>
</lfSpanFr>
<devDate gml:id="K17_4639511700_44-2">
<gml:timePosition>2024-11-29</gml:timePosition>
</devDate>
<orgGILvl>25000</orgGILvl>
<area>
<gml:Surface gml:id="K17_4639511700_44-g" srsName="fguuid:jgd2011.bl">
<gml:patches>
<gml:PolygonPatch>
<gml:exterior>
<gml:Ring>
<gml:curveMember>
<gml:Curve gml:id="K17_4639511700_44-3">
<gml:segments>
<gml:LineStringSegment>
<gml:posList>
32.569670556 128.903492778
32.569665 128.903486111
32.569665 128.903426111
32.569653889 128.903432778
32.5695975 128.903419444
32.569591667 128.9035925
32.569665 128.9035925
32.569670556 128.903492778
</gml:posList>
</gml:LineStringSegment>
</gml:segments>
</gml:Curve>
</gml:curveMember>
</gml:Ring>
</gml:exterior>
</gml:PolygonPatch>
</gml:patches>
</gml:Surface>
</area>
<type>普通建物</type>
</BldA>
<BldA gml:id="K17_4639511700_45">
<fid>20241129-46404-11724-s-365</fid>
<lfSpanFr gml:id="K17_4639511700_45-1">
<gml:timePosition>2024-11-29</gml:timePosition>
</lfSpanFr>
<devDate gml:id="K17_4639511700_45-2">
<gml:timePosition>2024-11-29</gml:timePosition>
</devDate>
<orgGILvl>25000</orgGILvl>
<area>
<gml:Surface gml:id="K17_4639511700_45-g" srsName="fguuid:jgd2011.bl">
<gml:patches>
<gml:PolygonPatch>
<gml:exterior>
<gml:Ring>
<gml:curveMember>
<gml:Curve gml:id="K17_4639511700_45-3">
<gml:segments>
<gml:LineStringSegment>
<gml:posList>
32.569287222 128.901689722
32.569264722 128.901556667
32.56918 128.90159
32.569202778 128.901716389
32.569270278 128.901703056
32.569287222 128.901689722
</gml:posList>
</gml:LineStringSegment>
</gml:segments>
</gml:Curve>
</gml:curveMember>
</gml:Ring>
</gml:exterior>
</gml:PolygonPatch>
</gml:patches>
</gml:Surface>
</area>
<type>普通建物</type>
</BldA>
<BldA gml:id="K17_4639511700_46">
<fid>20241129-46404-11724-s-381</fid>
<lfSpanFr gml:id="K17_4639511700_46-1">
<gml:timePosition>2024-11-29</gml:timePosition>
</lfSpanFr>
<devDate gml:id="K17_4639511700_46-2">
<gml:timePosition>2024-11-29</gml:timePosition>
</devDate>
<orgGILvl>25000</orgGILvl>
<area>
<gml:Surface gml:id="K17_4639511700_46-g" srsName="fguuid:jgd2011.bl">
<gml:patches>
<gml:PolygonPatch>
<gml:exterior>
<gml:Ring>
<gml:curveMember>
<gml:Curve gml:id="K17_4639511700_46-3">
<gml:segments>
<gml:LineStringSegment>
<gml:posList>
32.569315556 128.902561111
32.569242222 128.902514444
32.569191389 128.902647778
32.569264722 128.9026875
32.569298611 128.902614444
32.569304167 128.902581111
32.569315556 128.902561111
</gml:posList>
</gml:LineStringSegment>
</gml:segments>
</gml:Curve>
</gml:curveMember>
</gml:Ring>
</gml:exterior>
</gml:PolygonPatch>
</gml:patches>
</gml:Surface>
</area>
<type>普通建物</type>
</BldA>
<BldA gml:id="K17_4639511700_47">
<fid>20241129-46404-11724-s-380</fid>
<lfSpanFr gml:id="K17_4639511700_47-1">
<gml:timePosition>2024-11-29</gml:timePosition>
</lfSpanFr>
<devDate gml:id="K17_4639511700_47-2">
<gml:timePosition>2024-11-29</gml:timePosition>
</devDate>
<orgGILvl>25000</orgGILvl>
<area>
<gml:Surface gml:id="K17_4639511700_47-g" srsName="fguuid:jgd2011.bl">
<gml:patches>
<gml:PolygonPatch>
<gml:exterior>
<gml:Ring>
<gml:curveMember>
<gml:Curve gml:id="K17_4639511700_47-3">
<gml:segments>
<gml:LineStringSegment>
<gml:posList>
32.569738333 128.902468056
32.569659444 128.902461389
32.569653889 128.902614444
32.569732778 128.902614444
32.569738333 128.902468056
</gml:posList>
</gml:LineStringSegment>
</gml:segments>
</gml:Curve>
</gml:curveMember>
</gml:Ring>
</gml:exterior>
</gml:PolygonPatch>
</gml:patches>
</gml:Surface>
</area>
<type>普通建物</type>
</BldA>
<BldA gml:id="K17_4639511700_48">
<fid>20241129-46404-11724-s-396</fid>
<lfSpanFr gml:id="K17_4639511700_48-1">
<gml:timePosition>2024-11-29</gml:timePosition>
</lfSpanFr>
<devDate gml:id="K17_4639511700_48-2">
<gml:timePosition>2024-11-29</gml:timePosition>
</devDate>
<orgGILvl>25000</orgGILvl>
<area>
<gml:Surface gml:id="K17_4639511700_48-g" srsName="fguuid:jgd2011.bl">
<gml:patches>
<gml:PolygonPatch>
<gml:exterior>
<gml:Ring>
<gml:curveMember>
<gml:Curve gml:id="K17_4639511700_48-3">
<gml:segments>
<gml:LineStringSegment>
<gml:posList>
32.569027778 128.903313056
32.568937778 128.903313056
32.568926389 128.903439444
32.569016667 128.903446111
32.569027778 128.903313056
</gml:posList>
</gml:LineStringSegment>
</gml:segments>
</gml:Curve>
</gml:curveMember>
</gml:Ring>
</gml:exterior>
</gml:PolygonPatch>
</gml:patches>
</gml:Surface>
</area>
<type>普通建物</type>
</BldA>
<BldA gml:id="K17_4639511700_49">
<fid>20241129-46404-11724-s-434</fid>
<lfSpanFr gml:id="K17_4639511700_49-1">
<gml:timePosition>2024-11-29</gml:timePosition>
</lfSpanFr>
<devDate gml:id="K17_4639511700_49-2">
<gml:timePosition>2024-11-29</gml:timePosition>
</devDate>
<orgGILvl>25000</orgGILvl>
<area>
<gml:Surface gml:id="K17_4639511700_49-g" srsName="fguuid:jgd2011.bl">
<gml:patches>
<gml:PolygonPatch>
<gml:exterior>
<gml:Ring>
<gml:curveMember>
<gml:Curve gml:id="K17_4639511700_49-3">
<gml:segments>
<gml:LineStringSegment>
<gml:posList>
32.570110556 128.905316111
32.570082222 128.905302778
32.570031667 128.905302778
32.570031667 128.905355833
32.570020278 128.905455833
32.570099167 128.905455833
32.570110556 128.905316111
</gml:posList>
</gml:LineStringSegment>
</gml:segments>
</gml:Curve>
</gml:curveMember>
</gml:Ring>
</gml:exterior>
</gml:PolygonPatch>
</gml:patches>
</gml:Surface>
</area>
<type>普通建物</type>
</BldA>
<BldA gml:id="K17_4639511700_50">
<fid>20241129-46404-11724-s-433</fid>
<lfSpanFr gml:id="K17_4639511700_50-1">
<gml:timePosition>2024-11-29</gml:timePosition>
</lfSpanFr>
<devDate gml:id="K17_4639511700_50-2">
<gml:timePosition>2024-11-29</gml:timePosition>
</devDate>
<orgGILvl>25000</orgGILvl>
<area>
<gml:Surface gml:id="K17_4639511700_50-g" srsName="fguuid:jgd2011.bl">
<gml:patches>
<gml:PolygonPatch>
<gml:exterior>
<gml:Ring>
<gml:curveMember>
<gml:Curve gml:id="K17_4639511700_50-3">
<gml:segments>
<gml:LineStringSegment>
<gml:posList>
32.569991944 128.905282778
32.5699075 128.905289444
32.569901944 128.905429167
32.569980833 128.905429167
32.569991944 128.905282778
</gml:posList>
</gml:LineStringSegment>
</gml:segments>
</gml:Curve>
</gml:curveMember>
</gml:Ring>
</gml:exterior>
</gml:PolygonPatch>
</gml:patches>
</gml:Surface>
</area>
<type>普通建物</type>
</BldA>
<BldA gml:id="K17_4639511700_51">
<fid>20241129-46404-11724-s-379</fid>
<lfSpanFr gml:id="K17_4639511700_51-1">
<gml:timePosition>2024-11-29</gml:timePosition>
</lfSpanFr>
<devDate gml:id="K17_4639511700_51-2">
<gml:timePosition>2024-11-29</gml:timePosition>
</devDate>
<orgGILvl>25000</orgGILvl>
<area>
<gml:Surface gml:id="K17_4639511700_51-g" srsName="fguuid:jgd2011.bl">
<gml:patches>
<gml:PolygonPatch>
<gml:exterior>
<gml:Ring>
<gml:curveMember>
<gml:Curve gml:id="K17_4639511700_51-3">
<gml:segments>
<gml:LineStringSegment>
<gml:posList>
32.569851111 128.902441389
32.569845556 128.902434722
32.569760833 128.902434722
32.569755278 128.902567778
32.569839722 128.902567778
32.569851111 128.902441389
</gml:posList>
</gml:LineStringSegment>
</gml:segments>
</gml:Curve>
</gml:curveMember>
</gml:Ring>
</gml:exterior>
</gml:PolygonPatch>
</gml:patches>
</gml:Surface>
</area>
<type>普通建物</type>
</BldA>
<BldA gml:id="K17_4639511700_52">
<fid>20241129-46401-11721-s-266</fid>
<lfSpanFr gml:id="K17_4639511700_52-1">
<gml:timePosition>2024-11-29</gml:timePosition>
</lfSpanFr>
<devDate gml:id="K17_4639511700_52-2">
<gml:timePosition>2024-11-29</gml:timePosition>
</devDate>
<orgGILvl>25000</orgGILvl>
<area>
<gml:Surface gml:id="K17_4639511700_52-g" srsName="fguuid:jgd2011.bl">
<gml:patches>
<gml:PolygonPatch>
<gml:exterior>
<gml:Ring>
<gml:curveMember>
<gml:Curve gml:id="K17_4639511700_52-3">
<gml:segments>
<gml:LineStringSegment>
<gml:posList>
32.564799444 128.893411944
32.564793889 128.893405278
32.564788056 128.893298611
32.564703611 128.893305278
32.564715 128.893438333
32.564788056 128.893438333
32.564799444 128.893411944
</gml:posList>
</gml:LineStringSegment>
</gml:segments>
</gml:Curve>
</gml:curveMember>
</gml:Ring>
</gml:exterior>
</gml:PolygonPatch>
</gml:patches>
</gml:Surface>
</area>
<type>普通建物</type>
</BldA>
<BldA gml:id="K17_4639511700_53">
<fid>20241129-46404-11724-s-370</fid>
<lfSpanFr gml:id="K17_4639511700_53-1">
<gml:timePosition>2024-11-29</gml:timePosition>
</lfSpanFr>
<devDate gml:id="K17_4639511700_53-2">
<gml:timePosition>2024-11-29</gml:timePosition>
</devDate>
<orgGILvl>25000</orgGILvl>
<area>
<gml:Surface gml:id="K17_4639511700_53-g" srsName="fguuid:jgd2011.bl">
<gml:patches>
<gml:PolygonPatch>
<gml:exterior>
<gml:Ring>
<gml:curveMember>
<gml:Curve gml:id="K17_4639511700_53-3">
<gml:segments>
<gml:LineStringSegment>
<gml:posList>
32.569069399 128.901855331
32.569052732 128.901801998
32.569041343 128.901761998
32.569007454 128.901781998
32.568996343 128.901768665
32.568962454 128.901781998
32.568956899 128.901815331
32.568979399 128.901901720
32.569058288 128.901881998
32.569069399 128.901855331
</gml:posList>
</gml:LineStringSegment>
</gml:segments>
</gml:Curve>
</gml:curveMember>
</gml:Ring>
</gml:exterior>
</gml:PolygonPatch>
</gml:patches>
</gml:Surface>
</area>
<type>普通建物</type>
</BldA>
<BldA gml:id="K17_4639511700_54">
<fid>20241129-46404-11724-s-390</fid>
<lfSpanFr gml:id="K17_4639511700_54-1">
<gml:timePosition>2024-11-29</gml:timePosition>
</lfSpanFr>
<devDate gml:id="K17_4639511700_54-2">
<gml:timePosition>2024-11-29</gml:timePosition>
</devDate>
<orgGILvl>25000</orgGILvl>
<area>
<gml:Surface gml:id="K17_4639511700_54-g" srsName="fguuid:jgd2011.bl">
<gml:patches>
<gml:PolygonPatch>
<gml:exterior>
<gml:Ring>
<gml:curveMember>
<gml:Curve gml:id="K17_4639511700_54-3">
<gml:segments>
<gml:LineStringSegment>
<gml:posList>
32.569653889 128.902986944
32.569580556 128.902940556
32.569546667 128.903020278
32.569535278 128.903066944
32.569603056 128.903106667
32.569614167 128.903093611
32.569625556 128.903046944
32.569653889 128.902986944
</gml:posList>
</gml:LineStringSegment>
</gml:segments>
</gml:Curve>
</gml:curveMember>
</gml:Ring>
</gml:exterior>
</gml:PolygonPatch>
</gml:patches>
</gml:Surface>
</area>
<type>普通建物</type>
</BldA>
<BldA gml:id="K17_4639511700_55">
<fid>20241129-46404-11724-s-414</fid>
<lfSpanFr gml:id="K17_4639511700_55-1">
<gml:timePosition>2024-11-29</gml:timePosition>
</lfSpanFr>
<devDate gml:id="K17_4639511700_55-2">
<gml:timePosition>2024-11-29</gml:timePosition>
</devDate>
<orgGILvl>25000</orgGILvl>
<area>
<gml:Surface gml:id="K17_4639511700_55-g" srsName="fguuid:jgd2011.bl">
<gml:patches>
<gml:PolygonPatch>
<gml:exterior>
<gml:Ring>
<gml:curveMember>
<gml:Curve gml:id="K17_4639511700_55-3">
<gml:segments>
<gml:LineStringSegment>
<gml:posList>
32.569913056 128.903958611
32.569868056 128.903958611
32.569834167 128.903945278
32.569822778 128.904005
32.569822778 128.904085
32.569901944 128.904091667
32.569913056 128.903958611
</gml:posList>
</gml:LineStringSegment>
</gml:segments>
</gml:Curve>
</gml:curveMember>
</gml:Ring>
</gml:exterior>
</gml:PolygonPatch>
</gml:patches>
</gml:Surface>
</area>
<type>普通建物</type>
</BldA>
<BldA gml:id="K17_4639511700_56">
<fid>20241129-46404-11724-s-406</fid>
<lfSpanFr gml:id="K17_4639511700_56-1">
<gml:timePosition>2024-11-29</gml:timePosition>
</lfSpanFr>
<devDate gml:id="K17_4639511700_56-2">
<gml:timePosition>2024-11-29</gml:timePosition>
</devDate>
<orgGILvl>25000</orgGILvl>
<area>
<gml:Surface gml:id="K17_4639511700_56-g" srsName="fguuid:jgd2011.bl">
<gml:patches>
<gml:PolygonPatch>
<gml:exterior>
<gml:Ring>
<gml:curveMember>
<gml:Curve gml:id="K17_4639511700_56-3">
<gml:segments>
<gml:LineStringSegment>
<gml:posList>
32.570059722 128.903645833
32.570054167 128.903639167
32.570020278 128.903625833
32.569986389 128.903619167
32.569958333 128.903752222
32.569991944 128.903765556
32.570042778 128.903765556
32.570059722 128.903645833
</gml:posList>
</gml:LineStringSegment>
</gml:segments>
</gml:Curve>
</gml:curveMember>
</gml:Ring>
</gml:exterior>
</gml:PolygonPatch>
</gml:patches>
</gml:Surface>
</area>
<type>普通建物</type>
</BldA>
<BldA gml:id="K17_4639511700_57">
<fid>20241129-46404-11724-s-371</fid>
<lfSpanFr gml:id="K17_4639511700_57-1">
<gml:timePosition>2024-11-29</gml:timePosition>
</lfSpanFr>
<devDate gml:id="K17_4639511700_57-2">
<gml:timePosition>2024-11-29</gml:timePosition>
</devDate>
<orgGILvl>25000</orgGILvl>
<area>
<gml:Surface gml:id="K17_4639511700_57-g" srsName="fguuid:jgd2011.bl">
<gml:patches>
<gml:PolygonPatch>
<gml:exterior>
<gml:Ring>
<gml:curveMember>
<gml:Curve gml:id="K17_4639511700_57-3">
<gml:segments>
<gml:LineStringSegment>
<gml:posList>
32.569681944 128.902061944
32.569603056 128.902022222
32.569569167 128.902095278
32.569557778 128.902141944
32.569631111 128.902175278
32.569681944 128.902061944
</gml:posList>
</gml:LineStringSegment>
</gml:segments>
</gml:Curve>
</gml:curveMember>
</gml:Ring>
</gml:exterior>
</gml:PolygonPatch>
</gml:patches>
</gml:Surface>
</area>
<type>普通建物</type>
</BldA>
<BldA gml:id="K17_4639511700_58">
<fid>20241129-46404-11724-s-392</fid>
<lfSpanFr gml:id="K17_4639511700_58-1">
<gml:timePosition>2024-11-29</gml:timePosition>
</lfSpanFr>
<devDate gml:id="K17_4639511700_58-2">
<gml:timePosition>2024-11-29</gml:timePosition>
</devDate>
<orgGILvl>25000</orgGILvl>
<area>
<gml:Surface gml:id="K17_4639511700_58-g" srsName="fguuid:jgd2011.bl">
<gml:patches>
<gml:PolygonPatch>
<gml:exterior>
<gml:Ring>
<gml:curveMember>
<gml:Curve gml:id="K17_4639511700_58-3">
<gml:segments>
<gml:LineStringSegment>
<gml:posList>
32.568999722 128.90316
32.568994167 128.903153333
32.568971389 128.90314
32.568915 128.903133333
32.5688925 128.903259722
32.568920833 128.903266389
32.568977222 128.903266389
32.568999722 128.90316
</gml:posList>
</gml:LineStringSegment>
</gml:segments>
</gml:Curve>
</gml:curveMember>
</gml:Ring>
</gml:exterior>
</gml:PolygonPatch>
</gml:patches>
</gml:Surface>
</area>
<type>普通建物</type>
</BldA>
<BldA gml:id="K17_4639511700_59">
<fid>20241129-46404-11724-s-412</fid>
<lfSpanFr gml:id="K17_4639511700_59-1">
<gml:timePosition>2024-11-29</gml:timePosition>
</lfSpanFr>
<devDate gml:id="K17_4639511700_59-2">
<gml:timePosition>2024-11-29</gml:timePosition>
</devDate>
<orgGILvl>25000</orgGILvl>
<area>
<gml:Surface gml:id="K17_4639511700_59-g" srsName="fguuid:jgd2011.bl">
<gml:patches>
<gml:PolygonPatch>
<gml:exterior>
<gml:Ring>
<gml:curveMember>
<gml:Curve gml:id="K17_4639511700_59-3">
<gml:segments>
<gml:LineStringSegment>
<gml:posList>
32.570042778 128.903845278
32.570014722 128.903832222
32.569958333 128.903832222
32.569946944 128.903958611
32.570025833 128.903971944
32.570042778 128.903845278
</gml:posList>
</gml:LineStringSegment>
</gml:segments>
</gml:Curve>
</gml:curveMember>
</gml:Ring>
</gml:exterior>
</gml:PolygonPatch>
</gml:patches>
</gml:Surface>
</area>
<type>普通建物</type>
</BldA>
<BldA gml:id="K17_4639511700_60">
<fid>20241129-46404-11724-s-411</fid>
<lfSpanFr gml:id="K17_4639511700_60-1">
<gml:timePosition>2024-11-29</gml:timePosition>
</lfSpanFr>
<devDate gml:id="K17_4639511700_60-2">
<gml:timePosition>2024-11-29</gml:timePosition>
</devDate>
<orgGILvl>25000</orgGILvl>
<area>
<gml:Surface gml:id="K17_4639511700_60-g" srsName="fguuid:jgd2011.bl">
<gml:patches>
<gml:PolygonPatch>
<gml:exterior>
<gml:Ring>
<gml:curveMember>
<gml:Curve gml:id="K17_4639511700_60-3">
<gml:segments>
<gml:LineStringSegment>
<gml:posList>
32.569783333 128.903845278
32.569676389 128.903845278
32.569670556 128.903871944
32.569681944 128.903951944
32.569777778 128.903945278
32.569783333 128.903845278
</gml:posList>
</gml:LineStringSegment>
</gml:segments>
</gml:Curve>
</gml:curveMember>
</gml:Ring>
</gml:exterior>
</gml:PolygonPatch>
</gml:patches>
</gml:Surface>
</area>
<type>普通建物</type>
</BldA>
<BldA gml:id="K17_4639511700_61">
<fid>20241129-46404-11724-s-416</fid>
<lfSpanFr gml:id="K17_4639511700_61-1">
<gml:timePosition>2024-11-29</gml:timePosition>
</lfSpanFr>
<devDate gml:id="K17_4639511700_61-2">
<gml:timePosition>2024-11-29</gml:timePosition>
</devDate>
<orgGILvl>25000</orgGILvl>
<area>
<gml:Surface gml:id="K17_4639511700_61-g" srsName="fguuid:jgd2011.bl">
<gml:patches>
<gml:PolygonPatch>
<gml:exterior>
<gml:Ring>
<gml:curveMember>
<gml:Curve gml:id="K17_4639511700_61-3">
<gml:segments>
<gml:LineStringSegment>
<gml:posList>
32.569304167 128.903991944
32.569298611 128.903951944
32.569219444 128.903945278
32.569213889 128.904071667
32.569298611 128.904078333
32.569304167 128.903991944
</gml:posList>
</gml:LineStringSegment>
</gml:segments>
</gml:Curve>
</gml:curveMember>
</gml:Ring>
</gml:exterior>
</gml:PolygonPatch>
</gml:patches>
</gml:Surface>
</area>
<type>普通建物</type>
</BldA>
<BldA gml:id="K17_4639511700_62">
<fid>20241129-46404-11724-s-372</fid>
<lfSpanFr gml:id="K17_4639511700_62-1">
<gml:timePosition>2024-11-29</gml:timePosition>
</lfSpanFr>
<devDate gml:id="K17_4639511700_62-2">
<gml:timePosition>2024-11-29</gml:timePosition>
</devDate>
<orgGILvl>25000</orgGILvl>
<area>
<gml:Surface gml:id="K17_4639511700_62-g" srsName="fguuid:jgd2011.bl">
<gml:patches>
<gml:PolygonPatch>
<gml:exterior>
<gml:Ring>
<gml:curveMember>
<gml:Curve gml:id="K17_4639511700_62-3">
<gml:segments>
<gml:LineStringSegment>
<gml:posList>
32.569896111 128.902088611
32.569817222 128.902055556
32.569789167 128.902135278
32.569766389 128.902168611
32.569851111 128.902208333
32.569873611 128.902148611
32.569879167 128.902115278
32.569896111 128.902088611
</gml:posList>
</gml:LineStringSegment>
</gml:segments>
</gml:Curve>
</gml:curveMember>
</gml:Ring>
</gml:exterior>
</gml:PolygonPatch>
</gml:patches>
</gml:Surface>
</area>
<type>普通建物</type>
</BldA>
<BldA gml:id="K17_4639511700_63">
<fid>20241129-46404-11724-s-395</fid>
<lfSpanFr gml:id="K17_4639511700_63-1">
<gml:timePosition>2024-11-29</gml:timePosition>
</lfSpanFr>
<devDate gml:id="K17_4639511700_63-2">
<gml:timePosition>2024-11-29</gml:timePosition>
</devDate>
<orgGILvl>25000</orgGILvl>
<area>
<gml:Surface gml:id="K17_4639511700_63-g" srsName="fguuid:jgd2011.bl">
<gml:patches>
<gml:PolygonPatch>
<gml:exterior>
<gml:Ring>
<gml:curveMember>
<gml:Curve gml:id="K17_4639511700_63-3">
<gml:segments>
<gml:LineStringSegment>
<gml:posList>
32.570139444 128.903303056
32.570059444 128.903275833
32.570021111 128.903395278
32.570088333 128.903432778
32.570139444 128.903303056
</gml:posList>
</gml:LineStringSegment>
</gml:segments>
</gml:Curve>
</gml:curveMember>
</gml:Ring>
</gml:exterior>
</gml:PolygonPatch>
</gml:patches>
</gml:Surface>
</area>
<type>普通建物</type>
</BldA>
<BldA gml:id="K17_4639511700_64">
<fid>20241129-46404-11724-s-436</fid>
<lfSpanFr gml:id="K17_4639511700_64-1">
<gml:timePosition>2024-11-29</gml:timePosition>
</lfSpanFr>
<devDate gml:id="K17_4639511700_64-2">
<gml:timePosition>2024-11-29</gml:timePosition>
</devDate>
<orgGILvl>25000</orgGILvl>
<area>
<gml:Surface gml:id="K17_4639511700_64-g" srsName="fguuid:jgd2011.bl">
<gml:patches>
<gml:PolygonPatch>
<gml:exterior>
<gml:Ring>
<gml:curveMember>
<gml:Curve gml:id="K17_4639511700_64-3">
<gml:segments>
<gml:LineStringSegment>
<gml:posList>
32.569681944 128.9053425
32.569670556 128.905302778
32.5695975 128.905316111
32.5695975 128.9054425
32.569670556 128.9054425
32.569681944 128.9053425
</gml:posList>
</gml:LineStringSegment>
</gml:segments>
</gml:Curve>
</gml:curveMember>
</gml:Ring>
</gml:exterior>
</gml:PolygonPatch>
</gml:patches>
</gml:Surface>
</area>
<type>普通建物</type>
</BldA>
<BldA gml:id="K17_4639511700_65">
<fid>20241129-46404-11724-s-405</fid>
<lfSpanFr gml:id="K17_4639511700_65-1">
<gml:timePosition>2024-11-29</gml:timePosition>
</lfSpanFr>
<devDate gml:id="K17_4639511700_65-2">
<gml:timePosition>2024-11-29</gml:timePosition>
</devDate>
<orgGILvl>25000</orgGILvl>
<area>
<gml:Surface gml:id="K17_4639511700_65-g" srsName="fguuid:jgd2011.bl">
<gml:patches>
<gml:PolygonPatch>
<gml:exterior>
<gml:Ring>
<gml:curveMember>
<gml:Curve gml:id="K17_4639511700_65-3">
<gml:segments>
<gml:LineStringSegment>
<gml:posList>
32.569946944 128.9035525
32.569935556 128.903545833
32.5699075 128.903545833
32.5698625 128.903526111
32.569839722 128.9035725
32.569828611 128.903639167
32.569890556 128.9036725
32.5699075 128.903645833
32.569946944 128.9035525
</gml:posList>
</gml:LineStringSegment>
</gml:segments>
</gml:Curve>
</gml:curveMember>
</gml:Ring>
</gml:exterior>
</gml:PolygonPatch>
</gml:patches>
</gml:Surface>
</area>
<type>普通建物</type>
</BldA>
<BldA gml:id="K17_4639511700_66">
<fid>20241129-46404-11724-s-413</fid>
<lfSpanFr gml:id="K17_4639511700_66-1">
<gml:timePosition>2024-11-29</gml:timePosition>
</lfSpanFr>
<devDate gml:id="K17_4639511700_66-2">
<gml:timePosition>2024-11-29</gml:timePosition>
</devDate>
<orgGILvl>25000</orgGILvl>
<area>
<gml:Surface gml:id="K17_4639511700_66-g" srsName="fguuid:jgd2011.bl">
<gml:patches>
<gml:PolygonPatch>
<gml:exterior>
<gml:Ring>
<gml:curveMember>
<gml:Curve gml:id="K17_4639511700_66-3">
<gml:segments>
<gml:LineStringSegment>
<gml:posList>
32.569541111 128.903925278
32.569518333 128.903865278
32.569507222 128.903825556
32.569428333 128.903845278
32.569428333 128.903865278
32.569439444 128.903911944
32.569461944 128.903965278
32.569529722 128.903938611
32.569541111 128.903925278
</gml:posList>
</gml:LineStringSegment>
</gml:segments>
</gml:Curve>
</gml:curveMember>
</gml:Ring>
</gml:exterior>
</gml:PolygonPatch>
</gml:patches>
</gml:Surface>
</area>
<type>普通建物</type>
</BldA>
<BldA gml:id="K17_4639511700_67">
<fid>20241129-46404-11724-s-383</fid>
<lfSpanFr gml:id="K17_4639511700_67-1">
<gml:timePosition>2024-11-29</gml:timePosition>
</lfSpanFr>
<devDate gml:id="K17_4639511700_67-2">
<gml:timePosition>2024-11-29</gml:timePosition>
</devDate>
<orgGILvl>25000</orgGILvl>
<area>
<gml:Surface gml:id="K17_4639511700_67-g" srsName="fguuid:jgd2011.bl">
<gml:patches>
<gml:PolygonPatch>
<gml:exterior>
<gml:Ring>
<gml:curveMember>
<gml:Curve gml:id="K17_4639511700_67-3">
<gml:segments>
<gml:LineStringSegment>
<gml:posList>
32.569817222 128.902734167
32.569726944 128.902674167
32.5696875 128.902760833
32.569749722 128.902807222
32.569783333 128.902813889
32.569817222 128.902734167
</gml:posList>
</gml:LineStringSegment>
</gml:segments>
</gml:Curve>
</gml:curveMember>
</gml:Ring>
</gml:exterior>
</gml:PolygonPatch>
</gml:patches>
</gml:Surface>
</area>
<type>普通建物</type>
</BldA>
<BldA gml:id="K17_4639511700_68">
<fid>20241129-46404-11724-s-391</fid>
<lfSpanFr gml:id="K17_4639511700_68-1">
<gml:timePosition>2024-11-29</gml:timePosition>
</lfSpanFr>
<devDate gml:id="K17_4639511700_68-2">
<gml:timePosition>2024-11-29</gml:timePosition>
</devDate>
<orgGILvl>25000</orgGILvl>
<area>
<gml:Surface gml:id="K17_4639511700_68-g" srsName="fguuid:jgd2011.bl">
<gml:patches>
<gml:PolygonPatch>
<gml:exterior>
<gml:Ring>
<gml:curveMember>
<gml:Curve gml:id="K17_4639511700_68-3">
<gml:segments>
<gml:LineStringSegment>
<gml:posList>
32.569467778 128.903093611
32.569461944 128.903086944
32.569388611 128.903053611
32.569349167 128.903153333
32.569428333 128.9032
32.569445 128.903173333
32.569467778 128.903093611
</gml:posList>
</gml:LineStringSegment>
</gml:segments>
</gml:Curve>
</gml:curveMember>
</gml:Ring>
</gml:exterior>
</gml:PolygonPatch>
</gml:patches>
</gml:Surface>
</area>
<type>普通建物</type>
</BldA>
<BldA gml:id="K17_4639511700_69">
<fid>20241129-46404-11724-s-369</fid>
<lfSpanFr gml:id="K17_4639511700_69-1">
<gml:timePosition>2024-11-29</gml:timePosition>
</lfSpanFr>
<devDate gml:id="K17_4639511700_69-2">
<gml:timePosition>2024-11-29</gml:timePosition>
</devDate>
<orgGILvl>25000</orgGILvl>
<area>
<gml:Surface gml:id="K17_4639511700_69-g" srsName="fguuid:jgd2011.bl">
<gml:patches>
<gml:PolygonPatch>
<gml:exterior>
<gml:Ring>
<gml:curveMember>
<gml:Curve gml:id="K17_4639511700_69-3">
<gml:segments>
<gml:LineStringSegment>
<gml:posList>
32.569743889 128.901782778
32.569659444 128.901776111
32.569648056 128.901902778
32.569721389 128.9019025
32.569732778 128.901882778
32.569743889 128.901782778
</gml:posList>
</gml:LineStringSegment>
</gml:segments>
</gml:Curve>
</gml:curveMember>
</gml:Ring>
</gml:exterior>
</gml:PolygonPatch>
</gml:patches>
</gml:Surface>
</area>
<type>普通建物</type>
</BldA>
<BldA gml:id="K17_4639511700_70">
<fid>20241129-46404-11724-s-407</fid>
<lfSpanFr gml:id="K17_4639511700_70-1">
<gml:timePosition>2024-11-29</gml:timePosition>
</lfSpanFr>
<devDate gml:id="K17_4639511700_70-2">
<gml:timePosition>2024-11-29</gml:timePosition>
</devDate>
<orgGILvl>25000</orgGILvl>
<area>
<gml:Surface gml:id="K17_4639511700_70-g" srsName="fguuid:jgd2011.bl">
<gml:patches>
<gml:PolygonPatch>
<gml:exterior>
<gml:Ring>
<gml:curveMember>
<gml:Curve gml:id="K17_4639511700_70-3">
<gml:segments>
<gml:LineStringSegment>
<gml:posList>
32.569766389 128.9036725
32.569726944 128.903665833
32.569681944 128.9036325
32.569665 128.903765556
32.569738333 128.903778889
32.569760833 128.903765556
32.569755278 128.903738889
32.569766389 128.9036725
</gml:posList>
</gml:LineStringSegment>
</gml:segments>
</gml:Curve>
</gml:curveMember>
</gml:Ring>
</gml:exterior>
</gml:PolygonPatch>
</gml:patches>
</gml:Surface>
</area>
<type>普通建物</type>
</BldA>
<BldA gml:id="K17_4639511700_71">
<fid>20241129-46404-11724-s-393</fid>
<lfSpanFr gml:id="K17_4639511700_71-1">
<gml:timePosition>2024-11-29</gml:timePosition>
</lfSpanFr>
<devDate gml:id="K17_4639511700_71-2">
<gml:timePosition>2024-11-29</gml:timePosition>
</devDate>
<orgGILvl>25000</orgGILvl>
<area>
<gml:Surface gml:id="K17_4639511700_71-g" srsName="fguuid:jgd2011.bl">
<gml:patches>
<gml:PolygonPatch>
<gml:exterior>
<gml:Ring>
<gml:curveMember>
<gml:Curve gml:id="K17_4639511700_71-3">
<gml:segments>
<gml:LineStringSegment>
<gml:posList>
32.569580556 128.90318
32.569507222 128.903133333
32.569478889 128.903206667
32.569473333 128.903253056
32.569541111 128.903286389
32.569552222 128.903246667
32.569563611 128.90324
32.569580556 128.90318
</gml:posList>
</gml:LineStringSegment>
</gml:segments>
</gml:Curve>
</gml:curveMember>
</gml:Ring>
</gml:exterior>
</gml:PolygonPatch>
</gml:patches>
</gml:Surface>
</area>
<type>普通建物</type>
</BldA>
<BldA gml:id="K17_4639511700_72">
<fid>20241129-46404-11724-s-384</fid>
<lfSpanFr gml:id="K17_4639511700_72-1">
<gml:timePosition>2024-11-29</gml:timePosition>
</lfSpanFr>
<devDate gml:id="K17_4639511700_72-2">
<gml:timePosition>2024-11-29</gml:timePosition>
</devDate>
<orgGILvl>25000</orgGILvl>
<area>
<gml:Surface gml:id="K17_4639511700_72-g" srsName="fguuid:jgd2011.bl">
<gml:patches>
<gml:PolygonPatch>
<gml:exterior>
<gml:Ring>
<gml:curveMember>
<gml:Curve gml:id="K17_4639511700_72-3">
<gml:segments>
<gml:LineStringSegment>
<gml:posList>
32.569621111 128.902742222
32.569545833 128.902703056
32.569497778 128.902810556
32.569568056 128.902849722
32.569621111 128.902742222
</gml:posList>
</gml:LineStringSegment>
</gml:segments>
</gml:Curve>
</gml:curveMember>
</gml:Ring>
</gml:exterior>
</gml:PolygonPatch>
</gml:patches>
</gml:Surface>
</area>
<type>普通建物</type>
</BldA>
<BldA gml:id="K17_4639511700_73">
<fid>20241129-46404-11724-s-387</fid>
<lfSpanFr gml:id="K17_4639511700_73-1">
<gml:timePosition>2024-11-29</gml:timePosition>
</lfSpanFr>
<devDate gml:id="K17_4639511700_73-2">
<gml:timePosition>2024-11-29</gml:timePosition>
</devDate>
<orgGILvl>25000</orgGILvl>
<area>
<gml:Surface gml:id="K17_4639511700_73-g" srsName="fguuid:jgd2011.bl">
<gml:patches>
<gml:PolygonPatch>
<gml:exterior>
<gml:Ring>
<gml:curveMember>
<gml:Curve gml:id="K17_4639511700_73-3">
<gml:segments>
<gml:LineStringSegment>
<gml:posList>
32.569541111 128.902907222
32.569461944 128.902867222
32.5694225 128.902966944
32.569495833 128.903013611
32.569541111 128.902907222
</gml:posList>
</gml:LineStringSegment>
</gml:segments>
</gml:Curve>
</gml:curveMember>
</gml:Ring>
</gml:exterior>
</gml:PolygonPatch>
</gml:patches>
</gml:Surface>
</area>
<type>普通建物</type>
</BldA>
<BldA gml:id="K17_4639511700_74">
<fid>20241129-46404-11724-s-399</fid>
<lfSpanFr gml:id="K17_4639511700_74-1">
<gml:timePosition>2024-11-29</gml:timePosition>
</lfSpanFr>
<devDate gml:id="K17_4639511700_74-2">
<gml:timePosition>2024-11-29</gml:timePosition>
</devDate>
<orgGILvl>25000</orgGILvl>
<area>
<gml:Surface gml:id="K17_4639511700_74-g" srsName="fguuid:jgd2011.bl">
<gml:patches>
<gml:PolygonPatch>
<gml:exterior>
<gml:Ring>
<gml:curveMember>
<gml:Curve gml:id="K17_4639511700_74-3">
<gml:segments>
<gml:LineStringSegment>
<gml:posList>
32.569168889 128.903439444
32.56909 128.903446111
32.569084167 128.903565833
32.5691575 128.9035725
32.569168889 128.903439444
</gml:posList>
</gml:LineStringSegment>
</gml:segments>
</gml:Curve>
</gml:curveMember>
</gml:Ring>
</gml:exterior>
</gml:PolygonPatch>
</gml:patches>
</gml:Surface>
</area>
<type>普通建物</type>
</BldA>
<BldA gml:id="K17_4639511700_75">
<fid>20241129-46404-11724-s-404</fid>
<lfSpanFr gml:id="K17_4639511700_75-1">
<gml:timePosition>2024-11-29</gml:timePosition>
</lfSpanFr>
<devDate gml:id="K17_4639511700_75-2">
<gml:timePosition>2024-11-29</gml:timePosition>
</devDate>
<orgGILvl>25000</orgGILvl>
<area>
<gml:Surface gml:id="K17_4639511700_75-g" srsName="fguuid:jgd2011.bl">
<gml:patches>
<gml:PolygonPatch>
<gml:exterior>
<gml:Ring>
<gml:curveMember>
<gml:Curve gml:id="K17_4639511700_75-3">
<gml:segments>
<gml:LineStringSegment>
<gml:posList>
32.569332222 128.903526111
32.569309722 128.903512778
32.569242222 128.903512778
32.569230833 128.9036125
32.569321111 128.903625833
32.569332222 128.903526111
</gml:posList>
</gml:LineStringSegment>
</gml:segments>
</gml:Curve>
</gml:curveMember>
</gml:Ring>
</gml:exterior>
</gml:PolygonPatch>
</gml:patches>
</gml:Surface>
</area>
<type>普通建物</type>
</BldA>
<BldA gml:id="K17_4639511700_76">
<fid>20241129-46404-11724-s-437</fid>
<lfSpanFr gml:id="K17_4639511700_76-1">
<gml:timePosition>2024-11-29</gml:timePosition>
</lfSpanFr>
<devDate gml:id="K17_4639511700_76-2">
<gml:timePosition>2024-11-29</gml:timePosition>
</devDate>
<orgGILvl>25000</orgGILvl>
<area>
<gml:Surface gml:id="K17_4639511700_76-g" srsName="fguuid:jgd2011.bl">
<gml:patches>
<gml:PolygonPatch>
<gml:exterior>
<gml:Ring>
<gml:curveMember>
<gml:Curve gml:id="K17_4639511700_76-3">
<gml:segments>
<gml:LineStringSegment>
<gml:posList>
32.569851111 128.905409167
32.569811667 128.905395833
32.569755278 128.905389167
32.569749722 128.9054425
32.569738333 128.905482222
32.569789167 128.905495556
32.569839722 128.905495556
32.569851111 128.905409167
</gml:posList>
</gml:LineStringSegment>
</gml:segments>
</gml:Curve>
</gml:curveMember>
</gml:Ring>
</gml:exterior>
</gml:PolygonPatch>
</gml:patches>
</gml:Surface>
</area>
<type>普通建物</type>
</BldA>
<BldA gml:id="K17_4639511700_77">
<fid>20241129-46404-11724-s-431</fid>
<lfSpanFr gml:id="K17_4639511700_77-1">
<gml:timePosition>2024-11-29</gml:timePosition>
</lfSpanFr>
<devDate gml:id="K17_4639511700_77-2">
<gml:timePosition>2024-11-29</gml:timePosition>
</devDate>
<orgGILvl>25000</orgGILvl>
<area>
<gml:Surface gml:id="K17_4639511700_77-g" srsName="fguuid:jgd2011.bl">
<gml:patches>
<gml:PolygonPatch>
<gml:exterior>
<gml:Ring>
<gml:curveMember>
<gml:Curve gml:id="K17_4639511700_77-3">
<gml:segments>
<gml:LineStringSegment>
<gml:posList>
32.569822778 128.905222778
32.569732778 128.905222778
32.569726944 128.905329444
32.569811667 128.905329444
32.569822778 128.905222778
</gml:posList>
</gml:LineStringSegment>
</gml:segments>
</gml:Curve>
</gml:curveMember>
</gml:Ring>
</gml:exterior>
</gml:PolygonPatch>
</gml:patches>
</gml:Surface>
</area>
<type>普通建物</type>
</BldA>
<BldA gml:id="K17_4639511700_78">
<fid>20241129-46404-11724-s-385</fid>
<lfSpanFr gml:id="K17_4639511700_78-1">
<gml:timePosition>2024-11-29</gml:timePosition>
</lfSpanFr>
<devDate gml:id="K17_4639511700_78-2">
<gml:timePosition>2024-11-29</gml:timePosition>
</devDate>
<orgGILvl>25000</orgGILvl>
<area>
<gml:Surface gml:id="K17_4639511700_78-g" srsName="fguuid:jgd2011.bl">
<gml:patches>
<gml:PolygonPatch>
<gml:exterior>
<gml:Ring>
<gml:curveMember>
<gml:Curve gml:id="K17_4639511700_78-3">
<gml:segments>
<gml:LineStringSegment>
<gml:posList>
32.569710556 128.902851389
32.5696275 128.902803611
32.569593889 128.902902778
32.569668889 128.902943611
32.569710556 128.902851389
</gml:posList>
</gml:LineStringSegment>
</gml:segments>
</gml:Curve>
</gml:curveMember>
</gml:Ring>
</gml:exterior>
</gml:PolygonPatch>
</gml:patches>
</gml:Surface>
</area>
<type>普通建物</type>
</BldA>
<BldA gml:id="K17_4639511700_79">
<fid>20241129-46404-11724-s-550</fid>
<lfSpanFr gml:id="K17_4639511700_79-1">
<gml:timePosition>2024-11-29</gml:timePosition>
</lfSpanFr>
<devDate gml:id="K17_4639511700_79-2">
<gml:timePosition>2024-11-29</gml:timePosition>
</devDate>
<orgGILvl>25000</orgGILvl>
<area>
<gml:Surface gml:id="K17_4639511700_79-g" srsName="fguuid:jgd2011.bl">
<gml:patches>
<gml:PolygonPatch>
<gml:exterior>
<gml:Ring>
<gml:curveMember>
<gml:Curve gml:id="K17_4639511700_79-3">
<gml:segments>
<gml:LineStringSegment>
<gml:posList>
32.570940901 128.905005347
32.570905072 128.904923471
32.570817939 128.904976658
32.570853858 128.905058533
32.570940901 128.905005347
</gml:posList>
</gml:LineStringSegment>
</gml:segments>
</gml:Curve>
</gml:curveMember>
</gml:Ring>
</gml:exterior>
</gml:PolygonPatch>
</gml:patches>
</gml:Surface>
</area>
<type>普通建物</type>
</BldA>
<BldA gml:id="K17_4639511700_80">
<fid>20241129-46404-11724-s-403</fid>
<lfSpanFr gml:id="K17_4639511700_80-1">
<gml:timePosition>2024-11-29</gml:timePosition>
</lfSpanFr>
<devDate gml:id="K17_4639511700_80-2">
<gml:timePosition>2024-11-29</gml:timePosition>
</devDate>
<orgGILvl>25000</orgGILvl>
<area>
<gml:Surface gml:id="K17_4639511700_80-g" srsName="fguuid:jgd2011.bl">
<gml:patches>
<gml:PolygonPatch>
<gml:exterior>
<gml:Ring>
<gml:curveMember>
<gml:Curve gml:id="K17_4639511700_80-3">
<gml:segments>
<gml:LineStringSegment>
<gml:posList>
32.569830833 128.903521944
32.56977 128.903489444
32.569712222 128.903613889
32.569765 128.903644722
32.569830833 128.903521944
</gml:posList>
</gml:LineStringSegment>
</gml:segments>
</gml:Curve>
</gml:curveMember>
</gml:Ring>
</gml:exterior>
</gml:PolygonPatch>
</gml:patches>
</gml:Surface>
</area>
<type>普通建物</type>
</BldA>
<BldA gml:id="K17_4639511700_81">
<fid>20241129-46404-11724-s-549</fid>
<lfSpanFr gml:id="K17_4639511700_81-1">
<gml:timePosition>2024-11-29</gml:timePosition>
</lfSpanFr>
<devDate gml:id="K17_4639511700_81-2">
<gml:timePosition>2024-11-29</gml:timePosition>
</devDate>
<orgGILvl>25000</orgGILvl>
<area>
<gml:Surface gml:id="K17_4639511700_81-g" srsName="fguuid:jgd2011.bl">
<gml:patches>
<gml:PolygonPatch>
<gml:exterior>
<gml:Ring>
<gml:curveMember>
<gml:Curve gml:id="K17_4639511700_81-3">
<gml:segments>
<gml:LineStringSegment>
<gml:posList>
32.569661911 128.901065529
32.569658226 128.900992389
32.569667151 128.900991797
32.569664356 128.900935051
32.569584572 128.900940587
32.569587570 128.901001911
32.569595594 128.901001431
32.569597286 128.901034861
32.569621447 128.901033209
32.569623147 128.901068237
32.569661911 128.901065529
</gml:posList>
</gml:LineStringSegment>
</gml:segments>
</gml:Curve>
</gml:curveMember>
</gml:Ring>
</gml:exterior>
</gml:PolygonPatch>
</gml:patches>
</gml:Surface>
</area>
<type>普通建物</type>
</BldA>
<BldA gml:id="K17_4639511700_82">
<fid>20241129-46404-11724-s-427</fid>
<lfSpanFr gml:id="K17_4639511700_82-1">
<gml:timePosition>2024-11-29</gml:timePosition>
</lfSpanFr>
<devDate gml:id="K17_4639511700_82-2">
<gml:timePosition>2024-11-29</gml:timePosition>
</devDate>
<orgGILvl>25000</orgGILvl>
<area>
<gml:Surface gml:id="K17_4639511700_82-g" srsName="fguuid:jgd2011.bl">
<gml:patches>
<gml:PolygonPatch>
<gml:exterior>
<gml:Ring>
<gml:curveMember>
<gml:Curve gml:id="K17_4639511700_82-3">
<gml:segments>
<gml:LineStringSegment>
<gml:posList>
32.569935556 128.904823611
32.5698625 128.904816944
32.569851111 128.904836944
32.569851111 128.904923333
32.569924444 128.904923333
32.569935556 128.904823611
</gml:posList>
</gml:LineStringSegment>
</gml:segments>
</gml:Curve>
</gml:curveMember>
</gml:Ring>
</gml:exterior>
</gml:PolygonPatch>
</gml:patches>
</gml:Surface>
</area>
<type>普通建物</type>
</BldA>
<BldA gml:id="K17_4639511700_83">
<fid>20241129-46404-11724-s-398</fid>
<lfSpanFr gml:id="K17_4639511700_83-1">
<gml:timePosition>2024-11-29</gml:timePosition>
</lfSpanFr>
<devDate gml:id="K17_4639511700_83-2">
<gml:timePosition>2024-11-29</gml:timePosition>
</devDate>
<orgGILvl>25000</orgGILvl>
<area>
<gml:Surface gml:id="K17_4639511700_83-g" srsName="fguuid:jgd2011.bl">
<gml:patches>
<gml:PolygonPatch>
<gml:exterior>
<gml:Ring>
<gml:curveMember>
<gml:Curve gml:id="K17_4639511700_83-3">
<gml:segments>
<gml:LineStringSegment>
<gml:posList>
32.569371944 128.903399444
32.569326667 128.903379722
32.569287222 128.903379722
32.569275833 128.903466111
32.569298611 128.903479444
32.569355 128.903486111
32.569371944 128.903399444
</gml:posList>
</gml:LineStringSegment>
</gml:segments>
</gml:Curve>
</gml:curveMember>
</gml:Ring>
</gml:exterior>
</gml:PolygonPatch>
</gml:patches>
</gml:Surface>
</area>
<type>普通建物</type>
</BldA>
<BldA gml:id="K17_4639511700_84">
<fid>20241129-46404-11724-s-409</fid>
<lfSpanFr gml:id="K17_4639511700_84-1">
<gml:timePosition>2024-11-29</gml:timePosition>
</lfSpanFr>
<devDate gml:id="K17_4639511700_84-2">
<gml:timePosition>2024-11-29</gml:timePosition>
</devDate>
<orgGILvl>25000</orgGILvl>
<area>
<gml:Surface gml:id="K17_4639511700_84-g" srsName="fguuid:jgd2011.bl">
<gml:patches>
<gml:PolygonPatch>
<gml:exterior>
<gml:Ring>
<gml:curveMember>
<gml:Curve gml:id="K17_4639511700_84-3">
<gml:segments>
<gml:LineStringSegment>
<gml:posList>
32.569247778 128.903805556
32.569168889 128.903798889
32.5691575 128.903898611
32.569236389 128.903905278
32.569247778 128.903805556
</gml:posList>
</gml:LineStringSegment>
</gml:segments>
</gml:Curve>
</gml:curveMember>
</gml:Ring>
</gml:exterior>
</gml:PolygonPatch>
</gml:patches>
</gml:Surface>
</area>
<type>普通建物</type>
</BldA>
<BldA gml:id="K17_4639511700_85">
<fid>20241129-46404-11724-s-430</fid>
<lfSpanFr gml:id="K17_4639511700_85-1">
<gml:timePosition>2024-11-29</gml:timePosition>
</lfSpanFr>
<devDate gml:id="K17_4639511700_85-2">
<gml:timePosition>2024-11-29</gml:timePosition>
</devDate>
<orgGILvl>25000</orgGILvl>
<area>
<gml:Surface gml:id="K17_4639511700_85-g" srsName="fguuid:jgd2011.bl">
<gml:patches>
<gml:PolygonPatch>
<gml:exterior>
<gml:Ring>
<gml:curveMember>
<gml:Curve gml:id="K17_4639511700_85-3">
<gml:segments>
<gml:LineStringSegment>
<gml:posList>
32.569941389 128.905129722
32.569918889 128.905116389
32.569856667 128.905109722
32.569851111 128.905196111
32.56993 128.905196111
32.569941389 128.905129722
</gml:posList>
</gml:LineStringSegment>
</gml:segments>
</gml:Curve>
</gml:curveMember>
</gml:Ring>
</gml:exterior>
</gml:PolygonPatch>
</gml:patches>
</gml:Surface>
</area>
<type>普通建物</type>
</BldA>
<BldA gml:id="K17_4639511700_86">
<fid>20241129-46401-11721-s-458</fid>
<lfSpanFr gml:id="K17_4639511700_86-1">
<gml:timePosition>2024-11-29</gml:timePosition>
</lfSpanFr>
<devDate gml:id="K17_4639511700_86-2">
<gml:timePosition>2024-11-29</gml:timePosition>
</devDate>
<orgGILvl>25000</orgGILvl>
<area>
<gml:Surface gml:id="K17_4639511700_86-g" srsName="fguuid:jgd2011.bl">
<gml:patches>
<gml:PolygonPatch>
<gml:exterior>
<gml:Ring>
<gml:curveMember>
<gml:Curve gml:id="K17_4639511700_86-3">
<gml:segments>
<gml:LineStringSegment>
<gml:posList>
32.562101086 128.897204365
32.562119053 128.897133429
32.562035313 128.897103852
32.562017256 128.897174789
32.562101086 128.897204365
</gml:posList>
</gml:LineStringSegment>
</gml:segments>
</gml:Curve>
</gml:curveMember>
</gml:Ring>
</gml:exterior>
</gml:PolygonPatch>
</gml:patches>
</gml:Surface>
</area>
<type>普通建物</type>
</BldA>
</Dataset>
