<?xml version="1.0" encoding="utf-8"?>
<Dataset xsi:schemaLocation="http://fgd.gsi.go.jp/spec/2008/FGD_GMLSchema FGD_GMLSchema.xsd"
	xmlns:gml="http://www.opengis.net/gml/3.2"
	xmlns:xsi="http://www.w3.org/2001/XMLSchema-instance"
	xmlns:xlink="http://www.w3.org/1999/xlink"
	xmlns="http://fgd.gsi.go.jp/spec/2008/FGD_GMLSchema"
	gml:id="Dataset1">
  <gml:description>基盤地図情報メタデータ ID=fmdid:25-0101</gml:description>
  <gml:name>基盤地図情報ダウンロードデータ（GML版）</gml:name>
<Cntr gml:id="K3_4639811718_1">
<fid>46398-11718-s-89</fid>
<lfSpanFr gml:id="K3_4639811718_1-1">
<gml:timePosition>2015-11-17</gml:timePosition>
</lfSpanFr>
<devDate gml:id="K3_4639811718_1-2">
<gml:timePosition>2024-11-29</gml:timePosition>
</devDate>
<orgGILvl>25000</orgGILvl>
<loc>
<gml:Curve gml:id="K3_4639811718_1-g" srsName="fguuid:jgd2011.bl">
<gml:segments>
<gml:LineStringSegment>
<gml:posList>
32.558333333 128.890726694
32.558329722 128.890729167
32.558111944 128.890614167
32.557940556 128.890308611
32.557865833 128.889944444
32.557862500 128.889663056
32.558013889 128.889206389
32.558325000 128.888948333
32.558333333 128.888944194
</gml:posList>
</gml:LineStringSegment>
</gml:segments>
</gml:Curve>
</loc>
<type>一般等高線</type>
<alti>10</alti>
</Cntr>
<Cntr gml:id="K3_4639811718_2">
<fid>46398-11718-s-90</fid>
<lfSpanFr gml:id="K3_4639811718_2-1">
<gml:timePosition>2015-11-17</gml:timePosition>
</lfSpanFr>
<devDate gml:id="K3_4639811718_2-2">
<gml:timePosition>2024-11-29</gml:timePosition>
</devDate>
<orgGILvl>25000</orgGILvl>
<loc>
<gml:Curve gml:id="K3_4639811718_2-g" srsName="fguuid:jgd2011.bl">
<gml:segments>
<gml:LineStringSegment>
<gml:posList>
32.558333333 128.890664528
32.558326944 128.890668889
32.558142500 128.890571667
32.557982778 128.890286667
32.557911111 128.889937778
32.557907778 128.889672778
32.558051111 128.889240833
32.558333333 128.889006806
</gml:posList>
</gml:LineStringSegment>
</gml:segments>
</gml:Curve>
</loc>
<type>一般等高線</type>
<alti>20</alti>
</Cntr>
<Cntr gml:id="K3_4639811718_3">
<fid>46398-11718-s-91</fid>
<lfSpanFr gml:id="K3_4639811718_3-1">
<gml:timePosition>2015-11-17</gml:timePosition>
</lfSpanFr>
<devDate gml:id="K3_4639811718_3-2">
<gml:timePosition>2024-11-29</gml:timePosition>
</devDate>
<orgGILvl>25000</orgGILvl>
<loc>
<gml:Curve gml:id="K3_4639811718_3-g" srsName="fguuid:jgd2011.bl">
<gml:segments>
<gml:LineStringSegment>
<gml:posList>
32.558333333 128.890576583
32.558323056 128.890583611
32.558185833 128.890511111
32.558042778 128.890255833
32.557975556 128.889928056
32.557972500 128.889686667
32.558058611 128.889272778
32.558223611 128.889127222
32.558333333 128.889081222
</gml:posList>
</gml:LineStringSegment>
</gml:segments>
</gml:Curve>
</loc>
<type>一般等高線</type>
<alti>30</alti>
</Cntr>
<Cntr gml:id="K3_4639811718_4">
<fid>46398-11718-s-92</fid>
<lfSpanFr gml:id="K3_4639811718_4-1">
<gml:timePosition>2015-11-17</gml:timePosition>
</lfSpanFr>
<devDate gml:id="K3_4639811718_4-2">
<gml:timePosition>2024-11-29</gml:timePosition>
</devDate>
<orgGILvl>25000</orgGILvl>
<loc>
<gml:Curve gml:id="K3_4639811718_4-g" srsName="fguuid:jgd2011.bl">
<gml:segments>
<gml:LineStringSegment>
<gml:posList>
32.558333333 128.890501528
32.558279444 128.890507778
32.558174167 128.890418056
32.558077778 128.890235278
32.558007500 128.889948889
32.558004722 128.889710833
32.558033056 128.889500833
32.558076667 128.889307222
32.558235000 128.889140833
32.558333333 128.889104917
</gml:posList>
</gml:LineStringSegment>
</gml:segments>
</gml:Curve>
</loc>
<type>一般等高線</type>
<alti>40</alti>
</Cntr>
<Cntr gml:id="K3_4639811718_5">
<fid>46398-11718-s-93</fid>
<lfSpanFr gml:id="K3_4639811718_5-1">
<gml:timePosition>2015-11-17</gml:timePosition>
</lfSpanFr>
<devDate gml:id="K3_4639811718_5-2">
<gml:timePosition>2024-11-29</gml:timePosition>
</devDate>
<orgGILvl>25000</orgGILvl>
<loc>
<gml:Curve gml:id="K3_4639811718_5-g" srsName="fguuid:jgd2011.bl">
<gml:segments>
<gml:LineStringSegment>
<gml:posList>
32.558333333 128.889963972
32.558319167 128.889975556
32.558251667 128.889988611
32.558212222 128.889955556
32.558178333 128.889848889
32.558172778 128.889749167
32.558200833 128.889656111
32.558234722 128.889589444
32.558308056 128.889509722
32.558333333 128.889493111
</gml:posList>
</gml:LineStringSegment>
</gml:segments>
</gml:Curve>
</loc>
<type>一般等高線</type>
<alti>60</alti>
</Cntr>
<Cntr gml:id="K3_4639811718_6">
<fid>46398-11718-s-94</fid>
<lfSpanFr gml:id="K3_4639811718_6-1">
<gml:timePosition>2015-11-17</gml:timePosition>
</lfSpanFr>
<devDate gml:id="K3_4639811718_6-2">
<gml:timePosition>2024-11-29</gml:timePosition>
</devDate>
<orgGILvl>25000</orgGILvl>
<loc>
<gml:Curve gml:id="K3_4639811718_6-g" srsName="fguuid:jgd2011.bl">
<gml:segments>
<gml:LineStringSegment>
<gml:posList>
32.558054167 128.889742500
32.558051667 128.889921667
32.558087222 128.890050556
32.558161389 128.890208333
</gml:posList>
</gml:LineStringSegment>
</gml:segments>
</gml:Curve>
</loc>
<type>一般等高線</type>
<alti>50</alti>
</Cntr>
<Cntr gml:id="K3_4639811718_7">
<fid>46398-11718-s-95</fid>
<lfSpanFr gml:id="K3_4639811718_7-1">
<gml:timePosition>2015-11-17</gml:timePosition>
</lfSpanFr>
<devDate gml:id="K3_4639811718_7-2">
<gml:timePosition>2024-11-29</gml:timePosition>
</devDate>
<orgGILvl>25000</orgGILvl>
<loc>
<gml:Curve gml:id="K3_4639811718_7-g" srsName="fguuid:jgd2011.bl">
<gml:segments>
<gml:LineStringSegment>
<gml:posList>
32.558161389 128.890208333
32.558251667 128.890255000
32.558313611 128.890255000
32.558333333 128.890244389
</gml:posList>
</gml:LineStringSegment>
</gml:segments>
</gml:Curve>
</loc>
<type>一般等高線</type>
<alti>50</alti>
</Cntr>
<Cntr gml:id="K3_4639811718_8">
<fid>46398-11718-s-96</fid>
<lfSpanFr gml:id="K3_4639811718_8-1">
<gml:timePosition>2015-11-17</gml:timePosition>
</lfSpanFr>
<devDate gml:id="K3_4639811718_8-2">
<gml:timePosition>2024-11-29</gml:timePosition>
</devDate>
<orgGILvl>25000</orgGILvl>
<loc>
<gml:Curve gml:id="K3_4639811718_8-g" srsName="fguuid:jgd2011.bl">
<gml:segments>
<gml:LineStringSegment>
<gml:posList>
32.558333333 128.889339972
32.558251667 128.889409722
32.558195278 128.889483056
32.558054167 128.889742500
</gml:posList>
</gml:LineStringSegment>
</gml:segments>
</gml:Curve>
</loc>
<type>一般等高線</type>
<alti>50</alti>
</Cntr>
<Cntr gml:id="K3_4639811721_1">
<fid>46398-11721-s-156</fid>
<lfSpanFr gml:id="K3_4639811721_1-1">
<gml:timePosition>2015-11-17</gml:timePosition>
</lfSpanFr>
<devDate gml:id="K3_4639811721_1-2">
<gml:timePosition>2024-11-29</gml:timePosition>
</devDate>
<orgGILvl>25000</orgGILvl>
<loc>
<gml:Curve gml:id="K3_4639811721_1-g" srsName="fguuid:jgd2011.bl">
<gml:segments>
<gml:LineStringSegment>
<gml:posList>
32.559012778 128.888844167
32.559024167 128.888943889
32.559007222 128.889170278
32.558956389 128.889376389
</gml:posList>
</gml:LineStringSegment>
</gml:segments>
</gml:Curve>
</loc>
<type>一般等高線</type>
<alti>40</alti>
</Cntr>
<Cntr gml:id="K3_4639811721_2">
<fid>46398-11721-s-157</fid>
<lfSpanFr gml:id="K3_4639811721_2-1">
<gml:timePosition>2015-11-17</gml:timePosition>
</lfSpanFr>
<devDate gml:id="K3_4639811721_2-2">
<gml:timePosition>2024-11-29</gml:timePosition>
</devDate>
<orgGILvl>25000</orgGILvl>
<loc>
<gml:Curve gml:id="K3_4639811721_2-g" srsName="fguuid:jgd2011.bl">
<gml:segments>
<gml:LineStringSegment>
<gml:posList>
32.558916944 128.888910833
32.558960000 128.888817222
32.559012778 128.888844167
</gml:posList>
</gml:LineStringSegment>
</gml:segments>
</gml:Curve>
</loc>
<type>一般等高線</type>
<alti>40</alti>
</Cntr>
<Cntr gml:id="K3_4639811721_3">
<fid>46398-11721-s-158</fid>
<lfSpanFr gml:id="K3_4639811721_3-1">
<gml:timePosition>2015-11-17</gml:timePosition>
</lfSpanFr>
<devDate gml:id="K3_4639811721_3-2">
<gml:timePosition>2024-11-29</gml:timePosition>
</devDate>
<orgGILvl>25000</orgGILvl>
<loc>
<gml:Curve gml:id="K3_4639811721_3-g" srsName="fguuid:jgd2011.bl">
<gml:segments>
<gml:LineStringSegment>
<gml:posList>
32.558556111 128.889096944
32.558668889 128.889103611
32.558747778 128.889043889
32.558849444 128.889037222
32.558883056 128.889010556
32.558911389 128.888963889
32.558916944 128.888910833
</gml:posList>
</gml:LineStringSegment>
</gml:segments>
</gml:Curve>
</loc>
<type>一般等高線</type>
<alti>40</alti>
</Cntr>
<Cntr gml:id="K3_4639811721_4">
<fid>46398-11721-s-159</fid>
<lfSpanFr gml:id="K3_4639811721_4-1">
<gml:timePosition>2015-11-17</gml:timePosition>
</lfSpanFr>
<devDate gml:id="K3_4639811721_4-2">
<gml:timePosition>2024-11-29</gml:timePosition>
</devDate>
<orgGILvl>25000</orgGILvl>
<loc>
<gml:Curve gml:id="K3_4639811721_4-g" srsName="fguuid:jgd2011.bl">
<gml:segments>
<gml:LineStringSegment>
<gml:posList>
32.558956389 128.889376389
32.558819722 128.889855833
32.558518889 128.890386944
32.558399167 128.890493889
32.558333333 128.890501528
</gml:posList>
</gml:LineStringSegment>
</gml:segments>
</gml:Curve>
</loc>
<type>一般等高線</type>
<alti>40</alti>
</Cntr>
<Cntr gml:id="K3_4639811721_5">
<fid>46398-11721-s-160</fid>
<lfSpanFr gml:id="K3_4639811721_5-1">
<gml:timePosition>2015-11-17</gml:timePosition>
</lfSpanFr>
<devDate gml:id="K3_4639811721_5-2">
<gml:timePosition>2024-11-29</gml:timePosition>
</devDate>
<orgGILvl>25000</orgGILvl>
<loc>
<gml:Curve gml:id="K3_4639811721_5-g" srsName="fguuid:jgd2011.bl">
<gml:segments>
<gml:LineStringSegment>
<gml:posList>
32.558333333 128.889104917
32.558469167 128.889055278
32.558556111 128.889096944
</gml:posList>
</gml:LineStringSegment>
</gml:segments>
</gml:Curve>
</loc>
<type>一般等高線</type>
<alti>40</alti>
</Cntr>
<Cntr gml:id="K3_4639811721_6">
<fid>46398-11721-s-161</fid>
<lfSpanFr gml:id="K3_4639811721_6-1">
<gml:timePosition>2015-11-17</gml:timePosition>
</lfSpanFr>
<devDate gml:id="K3_4639811721_6-2">
<gml:timePosition>2024-11-29</gml:timePosition>
</devDate>
<orgGILvl>25000</orgGILvl>
<loc>
<gml:Curve gml:id="K3_4639811721_6-g" srsName="fguuid:jgd2011.bl">
<gml:segments>
<gml:LineStringSegment>
<gml:posList>
32.558333333 128.890244389
32.558375556 128.890221667
32.558460278 128.890141944
32.558516667 128.890068611
32.558804167 128.889536111
32.558871944 128.889370000
32.558888889 128.889296667
32.558883056 128.889236667
32.558855000 128.889176944
32.558815556 128.889150278
32.558753611 128.889150278
32.558477222 128.889236667
32.558415278 128.889270000
32.558333333 128.889339972
</gml:posList>
</gml:LineStringSegment>
</gml:segments>
</gml:Curve>
</loc>
<type>一般等高線</type>
<alti>50</alti>
</Cntr>
<Cntr gml:id="K3_4639811721_7">
<fid>46398-11721-s-269</fid>
<lfSpanFr gml:id="K3_4639811721_7-1">
<gml:timePosition>2015-11-17</gml:timePosition>
</lfSpanFr>
<devDate gml:id="K3_4639811721_7-2">
<gml:timePosition>2024-11-29</gml:timePosition>
</devDate>
<orgGILvl>25000</orgGILvl>
<loc>
<gml:Curve gml:id="K3_4639811721_7-g" srsName="fguuid:jgd2011.bl">
<gml:segments>
<gml:LineStringSegment>
<gml:posList>
32.558333333 128.888944194
32.558653333 128.888784722
32.558971389 128.888641667
32.559101944 128.888670556
32.559229444 128.888840000
32.559183889 128.889307500
32.558954444 128.889911389
32.558602222 128.890542500
32.558333333 128.890726694
</gml:posList>
</gml:LineStringSegment>
</gml:segments>
</gml:Curve>
</loc>
<type>一般等高線</type>
<alti>10</alti>
</Cntr>
<Cntr gml:id="K3_4639811721_8">
<fid>46398-11721-s-270</fid>
<lfSpanFr gml:id="K3_4639811721_8-1">
<gml:timePosition>2015-11-17</gml:timePosition>
</lfSpanFr>
<devDate gml:id="K3_4639811721_8-2">
<gml:timePosition>2024-11-29</gml:timePosition>
</devDate>
<orgGILvl>25000</orgGILvl>
<loc>
<gml:Curve gml:id="K3_4639811721_8-g" srsName="fguuid:jgd2011.bl">
<gml:segments>
<gml:LineStringSegment>
<gml:posList>
32.558333333 128.889006806
32.558347222 128.888995278
32.558671389 128.888833889
32.558963056 128.888694167
32.559078333 128.888719722
32.559182222 128.888857778
32.559139722 128.889293056
32.558914444 128.889885556
32.558570278 128.890502500
32.558333333 128.890664528
</gml:posList>
</gml:LineStringSegment>
</gml:segments>
</gml:Curve>
</loc>
<type>一般等高線</type>
<alti>20</alti>
</Cntr>
<Cntr gml:id="K3_4639811721_9">
<fid>46398-11721-s-271</fid>
<lfSpanFr gml:id="K3_4639811721_9-1">
<gml:timePosition>2015-11-17</gml:timePosition>
</lfSpanFr>
<devDate gml:id="K3_4639811721_9-2">
<gml:timePosition>2024-11-29</gml:timePosition>
</devDate>
<orgGILvl>25000</orgGILvl>
<loc>
<gml:Curve gml:id="K3_4639811721_9-g" srsName="fguuid:jgd2011.bl">
<gml:segments>
<gml:LineStringSegment>
<gml:posList>
32.558333333 128.889081222
32.558378611 128.889062222
32.558696944 128.888903611
32.558951111 128.888768889
32.559044722 128.888789722
32.559114722 128.888882778
32.559076944 128.889272778
32.558857778 128.889848889
32.558524722 128.890445556
32.558333333 128.890576583
</gml:posList>
</gml:LineStringSegment>
</gml:segments>
</gml:Curve>
</loc>
<type>一般等高線</type>
<alti>30</alti>
</Cntr>
<Cntr gml:id="K3_4639811721_10">
<fid>46398-11721-s-272</fid>
<lfSpanFr gml:id="K3_4639811721_10-1">
<gml:timePosition>2015-11-17</gml:timePosition>
</lfSpanFr>
<devDate gml:id="K3_4639811721_10-2">
<gml:timePosition>2024-11-29</gml:timePosition>
</devDate>
<orgGILvl>25000</orgGILvl>
<loc>
<gml:Curve gml:id="K3_4639811721_10-g" srsName="fguuid:jgd2011.bl">
<gml:segments>
<gml:LineStringSegment>
<gml:posList>
32.558333333 128.889493111
32.558409444 128.889443056
32.558454722 128.889429722
32.558511111 128.889429722
32.558533611 128.889443056
32.558550556 128.889496389
32.558544722 128.889609444
32.558516667 128.889709167
32.558454722 128.889842222
32.558392500 128.889915556
32.558333333 128.889963972
</gml:posList>
</gml:LineStringSegment>
</gml:segments>
</gml:Curve>
</loc>
<type>一般等高線</type>
<alti>60</alti>
</Cntr>
<Cntr gml:id="K3_4639811724_1">
<fid>46398-11724-s-29</fid>
<lfSpanFr gml:id="K3_4639811724_1-1">
<gml:timePosition>2015-11-17</gml:timePosition>
</lfSpanFr>
<devDate gml:id="K3_4639811724_1-2">
<gml:timePosition>2024-11-29</gml:timePosition>
</devDate>
<orgGILvl>25000</orgGILvl>
<loc>
<gml:Curve gml:id="K3_4639811724_1-g" srsName="fguuid:jgd2011.bl">
<gml:segments>
<gml:LineStringSegment>
<gml:posList>
32.567094043 128.891666667
32.567076963 128.891646085
32.566975878 128.891666667
</gml:posList>
</gml:LineStringSegment>
</gml:segments>
</gml:Curve>
</loc>
<type>一般等高線</type>
<alti>10</alti>
</Cntr>
<Cntr gml:id="K3_4640111721_1">
<fid>46401-11721-s-283</fid>
<lfSpanFr gml:id="K3_4640111721_1-1">
<gml:timePosition>2015-11-17</gml:timePosition>
</lfSpanFr>
<devDate gml:id="K3_4640111721_1-2">
<gml:timePosition>2024-11-29</gml:timePosition>
</devDate>
<orgGILvl>25000</orgGILvl>
<loc>
<gml:Curve gml:id="K3_4640111721_1-g" srsName="fguuid:jgd2011.bl">
<gml:segments>
<gml:LineStringSegment>
<gml:posList>
32.566666667 128.892235000
32.566658611 128.892217778
32.566653056 128.892071389
32.566666667 128.892022389
</gml:posList>
</gml:LineStringSegment>
</gml:segments>
</gml:Curve>
</loc>
<type>一般等高線</type>
<alti>10</alti>
</Cntr>
<Cntr gml:id="K3_4640111721_2">
<fid>46401-11721-s-284</fid>
<lfSpanFr gml:id="K3_4640111721_2-1">
<gml:timePosition>2015-11-17</gml:timePosition>
</lfSpanFr>
<devDate gml:id="K3_4640111721_2-2">
<gml:timePosition>2024-11-29</gml:timePosition>
</devDate>
<orgGILvl>25000</orgGILvl>
<loc>
<gml:Curve gml:id="K3_4640111721_2-g" srsName="fguuid:jgd2011.bl">
<gml:segments>
<gml:LineStringSegment>
<gml:posList>
32.561301944 128.897188889
32.560920000 128.899446944
32.560899639 128.900000000
</gml:posList>
</gml:LineStringSegment>
</gml:segments>
</gml:Curve>
</loc>
<type>一般等高線</type>
<alti>10</alti>
</Cntr>
<Cntr gml:id="K3_4640111721_3">
<fid>46401-11721-s-285</fid>
<lfSpanFr gml:id="K3_4640111721_3-1">
<gml:timePosition>2015-11-17</gml:timePosition>
</lfSpanFr>
<devDate gml:id="K3_4640111721_3-2">
<gml:timePosition>2024-11-29</gml:timePosition>
</devDate>
<orgGILvl>25000</orgGILvl>
<loc>
<gml:Curve gml:id="K3_4640111721_3-g" srsName="fguuid:jgd2011.bl">
<gml:segments>
<gml:LineStringSegment>
<gml:posList>
32.565774000 128.900000000
32.565716944 128.899943889
32.565350556 128.899744167
32.565164444 128.899604444
32.565102500 128.899584444
32.564950278 128.899584444
32.564798056 128.899617778
32.564583611 128.899730833
32.564126944 128.899870556
32.563878889 128.899983611
32.563855750 128.900000000
</gml:posList>
</gml:LineStringSegment>
</gml:segments>
</gml:Curve>
</loc>
<type>一般等高線</type>
<alti>50</alti>
</Cntr>
<Cntr gml:id="K3_4640111721_4">
<fid>46401-11721-s-286</fid>
<lfSpanFr gml:id="K3_4640111721_4-1">
<gml:timePosition>2015-11-17</gml:timePosition>
</lfSpanFr>
<devDate gml:id="K3_4640111721_4-2">
<gml:timePosition>2024-11-29</gml:timePosition>
</devDate>
<orgGILvl>25000</orgGILvl>
<loc>
<gml:Curve gml:id="K3_4640111721_4-g" srsName="fguuid:jgd2011.bl">
<gml:segments>
<gml:LineStringSegment>
<gml:posList>
32.561034694 128.900000000
32.561054167 128.899471111
32.561104722 128.899298333
</gml:posList>
</gml:LineStringSegment>
</gml:segments>
</gml:Curve>
</loc>
<type>一般等高線</type>
<alti>20</alti>
</Cntr>
<Cntr gml:id="K3_4640111721_5">
<fid>46401-11721-s-287</fid>
<lfSpanFr gml:id="K3_4640111721_5-1">
<gml:timePosition>2015-11-17</gml:timePosition>
</lfSpanFr>
<devDate gml:id="K3_4640111721_5-2">
<gml:timePosition>2024-11-29</gml:timePosition>
</devDate>
<orgGILvl>25000</orgGILvl>
<loc>
<gml:Curve gml:id="K3_4640111721_5-g" srsName="fguuid:jgd2011.bl">
<gml:segments>
<gml:LineStringSegment>
<gml:posList>
32.560856944 128.900000000
32.560861083 128.899887667
</gml:posList>
</gml:LineStringSegment>
</gml:segments>
</gml:Curve>
</loc>
<type>一般等高線</type>
<alti>5</alti>
</Cntr>
<Cntr gml:id="K3_4640111721_6">
<fid>46401-11721-s-464</fid>
<lfSpanFr gml:id="K3_4640111721_6-1">
<gml:timePosition>2015-11-17</gml:timePosition>
</lfSpanFr>
<devDate gml:id="K3_4640111721_6-2">
<gml:timePosition>2024-11-29</gml:timePosition>
</devDate>
<orgGILvl>25000</orgGILvl>
<loc>
<gml:Curve gml:id="K3_4640111721_6-g" srsName="fguuid:jgd2011.bl">
<gml:segments>
<gml:LineStringSegment>
<gml:posList>
32.566666667 128.894043111
32.566619167 128.894027778
32.566568333 128.894021111
32.566472500 128.894034444
32.565919722 128.894187500
32.565705556 128.894220833
32.565598333 128.894214167
32.565519444 128.894187500
32.565322222 128.894054444
32.565186944 128.894014444
32.565108056 128.893948056
32.564933333 128.893721667
32.564882500 128.893695000
32.564786667 128.893695000
32.564318611 128.893801667
32.563980278 128.893908056
32.563794167 128.893928056
32.563783056 128.893928056
32.563625000 128.893974444
32.563517778 128.893987778
32.563399444 128.893987778
32.563348611 128.893968056
32.563298056 128.893968056
32.563213333 128.894014444
32.563151389 128.894081111
32.563089444 128.894227500
32.563033056 128.894300556
32.562925833 128.894387222
32.562852500 128.894420556
32.562818361 128.894429639
32.562728333 128.894453611
32.562508611 128.894473611
32.562440833 128.894493611
32.562396111 128.894526944
32.562322778 128.894620000
32.562210000 128.894826389
32.562108333 128.895152500
32.562001389 128.895358611
32.561849167 128.895585000
32.561657222 128.896044167
32.561347222 128.896576389
32.561301944 128.896683056
32.561285000 128.896776111
32.561313333 128.897035833
32.561301944 128.897188889
</gml:posList>
</gml:LineStringSegment>
</gml:segments>
</gml:Curve>
</loc>
<type>一般等高線</type>
<alti>10</alti>
</Cntr>
<Cntr gml:id="K3_4640111721_7">
<fid>46401-11721-s-465</fid>
<lfSpanFr gml:id="K3_4640111721_7-1">
<gml:timePosition>2015-11-17</gml:timePosition>
</lfSpanFr>
<devDate gml:id="K3_4640111721_7-2">
<gml:timePosition>2024-11-29</gml:timePosition>
</devDate>
<orgGILvl>25000</orgGILvl>
<loc>
<gml:Curve gml:id="K3_4640111721_7-g" srsName="fguuid:jgd2011.bl">
<gml:segments>
<gml:LineStringSegment>
<gml:posList>
32.561398056 128.897221944
32.561521944 128.896749444
32.561595278 128.896589722
32.561657222 128.896503333
32.561758889 128.896416944
32.561865833 128.896276944
32.561922222 128.896183889
32.561967500 128.896077500
32.562001389 128.895931111
32.562023889 128.895704722
32.562074722 128.895591667
32.562131111 128.895538333
32.562181667 128.895518333
32.562243889 128.895525000
32.562350833 128.895578333
32.562548056 128.895638333
32.562677778 128.895638333
32.562745278 128.895611667
32.562835556 128.895551667
32.562970833 128.895371944
32.563050000 128.895272222
32.563168333 128.895198889
32.563405000 128.895165833
32.563478333 128.895139167
32.563664444 128.895026111
32.563743333 128.894999444
32.564036667 128.894959444
32.564132500 128.894952778
32.564313056 128.894919444
32.564555556 128.894919444
32.564645833 128.894906111
32.564747222 128.894866389
32.564888056 128.894759722
32.564955833 128.894739722
32.565012222 128.894746389
32.565080000 128.894799722
32.565170278 128.894906111
32.565215278 128.894992778
32.565361667 128.895172500
32.565496944 128.895312222
32.565598333 128.895385278
32.565694167 128.895418611
32.565823889 128.895431944
32.565953611 128.895425278
32.566105833 128.895398611
32.566190556 128.895378611
32.566666667 128.895211861
</gml:posList>
</gml:LineStringSegment>
</gml:segments>
</gml:Curve>
</loc>
<type>一般等高線</type>
<alti>15</alti>
</Cntr>
<Cntr gml:id="K3_4640111721_8">
<fid>46401-11721-s-467</fid>
<lfSpanFr gml:id="K3_4640111721_8-1">
<gml:timePosition>2015-11-17</gml:timePosition>
</lfSpanFr>
<devDate gml:id="K3_4640111721_8-2">
<gml:timePosition>2024-11-29</gml:timePosition>
</devDate>
<orgGILvl>25000</orgGILvl>
<loc>
<gml:Curve gml:id="K3_4640111721_8-g" srsName="fguuid:jgd2011.bl">
<gml:segments>
<gml:LineStringSegment>
<gml:posList>
32.561104722 128.899298333
32.561217500 128.899111944
32.561482500 128.898805833
32.561550278 128.898706111
32.561741944 128.898300000
32.561939167 128.897687778
32.562029444 128.897541389
32.562153611 128.897401667
32.562198611 128.897308611
32.562238056 128.897068889
32.562283333 128.896942500
32.562485833 128.896609722
32.562559167 128.896523333
32.562610000 128.896483333
32.562705833 128.896450000
32.562942778 128.896476667
32.563038611 128.896456667
32.563162778 128.896390278
32.563185278 128.896370278
32.563309167 128.896250556
32.563405000 128.896197222
32.563551667 128.896163889
32.563681389 128.896170556
32.563754722 128.896183889
32.564014167 128.896270556
32.564245278 128.896303611
32.564493333 128.896296944
32.564673889 128.896257222
32.564871389 128.896243889
32.564967222 128.896257222
32.565063056 128.896290278
32.565293889 128.896396944
32.565412222 128.896403611
32.565564722 128.896383611
32.565981944 128.896296944
32.566162222 128.896183889
32.566331389 128.896037500
32.566562778 128.895884444
32.566666667 128.895850889
</gml:posList>
</gml:LineStringSegment>
</gml:segments>
</gml:Curve>
</loc>
<type>一般等高線</type>
<alti>20</alti>
</Cntr>
<Cntr gml:id="K3_4640111721_9">
<fid>46401-11721-s-468</fid>
<lfSpanFr gml:id="K3_4640111721_9-1">
<gml:timePosition>2015-11-17</gml:timePosition>
</lfSpanFr>
<devDate gml:id="K3_4640111721_9-2">
<gml:timePosition>2024-11-29</gml:timePosition>
</devDate>
<orgGILvl>25000</orgGILvl>
<loc>
<gml:Curve gml:id="K3_4640111721_9-g" srsName="fguuid:jgd2011.bl">
<gml:segments>
<gml:LineStringSegment>
<gml:posList>
32.561846750 128.900000000
32.561911111 128.899950278
32.562029444 128.899830556
32.562102778 128.899724167
32.562142222 128.899591111
32.562176111 128.899278333
32.562198611 128.899225000
32.562266389 128.899125278
32.562418611 128.898972222
32.562458056 128.898905556
32.562486111 128.898819167
32.562497500 128.898619444
32.562525833 128.898592778
32.562688889 128.898546389
32.562717222 128.898499722
32.562728333 128.898433056
32.562728333 128.898353333
32.562705833 128.898180278
32.562722778 128.898080556
32.562773611 128.897954167
32.562869444 128.897794444
32.562970833 128.897687778
32.563123056 128.897608056
32.563230278 128.897588056
32.563354444 128.897594722
32.563450278 128.897621389
32.563743333 128.897767778
32.563878889 128.897801111
32.564042222 128.897807500
32.564143889 128.897794444
32.564296111 128.897741111
32.564595000 128.897594722
32.565130556 128.897341667
32.565203889 128.897328611
32.565327778 128.897341667
32.565384167 128.897361667
32.565468611 128.897408333
32.565632222 128.897528056
32.565722500 128.897568056
32.565846667 128.897568056
32.565936667 128.897548056
32.566190556 128.897448333
32.566370833 128.897328611
32.566636111 128.897128889
32.566666667 128.897116806
</gml:posList>
</gml:LineStringSegment>
</gml:segments>
</gml:Curve>
</loc>
<type>一般等高線</type>
<alti>30</alti>
</Cntr>
<Cntr gml:id="K3_4640111721_10">
<fid>46401-11721-s-469</fid>
<lfSpanFr gml:id="K3_4640111721_10-1">
<gml:timePosition>2015-11-17</gml:timePosition>
</lfSpanFr>
<devDate gml:id="K3_4640111721_10-2">
<gml:timePosition>2024-11-29</gml:timePosition>
</devDate>
<orgGILvl>25000</orgGILvl>
<loc>
<gml:Curve gml:id="K3_4640111721_10-g" srsName="fguuid:jgd2011.bl">
<gml:segments>
<gml:LineStringSegment>
<gml:posList>
32.562799194 128.900000000
32.562824444 128.899956944
32.562920278 128.899611111
32.562993611 128.899531111
32.563033056 128.899511111
32.563151389 128.899491111
32.563326111 128.899504444
32.563399444 128.899471389
32.563591111 128.899325000
32.563732222 128.899245000
32.564087500 128.899125278
32.564431389 128.898972222
32.564595000 128.898912222
32.564815000 128.898859167
32.565034722 128.898832500
32.565175833 128.898839167
32.565401111 128.898918889
32.565626667 128.899045278
32.565700000 128.899105278
32.565773333 128.899185000
32.565823889 128.899251667
32.565981944 128.899604444
32.566077778 128.899730833
32.566213056 128.899850556
32.566307944 128.900000000
</gml:posList>
</gml:LineStringSegment>
</gml:segments>
</gml:Curve>
</loc>
<type>一般等高線</type>
<alti>40</alti>
</Cntr>
<Cntr gml:id="K3_4640111721_11">
<fid>46401-11721-s-474</fid>
<lfSpanFr gml:id="K3_4640111721_11-1">
<gml:timePosition>2015-11-17</gml:timePosition>
</lfSpanFr>
<devDate gml:id="K3_4640111721_11-2">
<gml:timePosition>2024-11-29</gml:timePosition>
</devDate>
<orgGILvl>25000</orgGILvl>
<loc>
<gml:Curve gml:id="K3_4640111721_11-g" srsName="fguuid:jgd2011.bl">
<gml:segments>
<gml:LineStringSegment>
<gml:posList>
32.561207500 128.897433333
32.561196667 128.897149722
32.561185833 128.896900278
32.561222222 128.896612500
32.561269444 128.896388889
32.561363889 128.896139722
32.561622500 128.895688333
32.561910000 128.895267222
32.561973056 128.895132500
32.562001389 128.895065833
32.562085833 128.894706667
32.562102778 128.894540278
32.562159167 128.894427222
32.562215556 128.894327222
32.562423889 128.893828056
32.562671944 128.893428889
32.562768056 128.893329167
32.563173889 128.892963056
32.563281111 128.892896667
32.563399444 128.892783333
32.563523611 128.892703611
32.563636389 128.892643611
32.563720833 128.892623611
32.563878889 128.892623611
32.564093056 128.892656944
32.564256667 128.892650278
32.564363889 128.892676944
32.564487778 128.892683611
32.564656944 128.892650278
32.564803611 128.892610278
32.564944444 128.892550556
32.565108056 128.892537222
32.565203889 128.892570556
32.565282778 128.892616944
32.565361667 128.892730278
32.565372778 128.892756667
32.565423611 128.892909722
32.565440556 128.893049722
32.565446111 128.893342500
32.565491389 128.893455556
32.565632222 128.893648611
32.565688611 128.893688333
32.565812778 128.893735000
32.565925556 128.893728333
32.565976111 128.893701667
32.566032500 128.893655278
32.566122778 128.893535278
32.566179167 128.893395556
32.566196111 128.893302500
32.566168056 128.893209167
32.566105833 128.893136111
32.566055278 128.893102778
32.565852222 128.893049722
32.565795833 128.893016389
32.565722500 128.892929722
32.565660556 128.892783333
32.565643611 128.892676944
32.565649167 128.892583889
32.565671667 128.892517222
32.565728056 128.892443889
32.565806944 128.892424167
32.566043889 128.892357500
32.566337222 128.892364167
32.566416111 128.892337500
32.566483889 128.892257778
32.566506389 128.892204444
32.566517500 128.892118056
</gml:posList>
</gml:LineStringSegment>
</gml:segments>
</gml:Curve>
</loc>
<type>一般等高線</type>
<alti>5</alti>
</Cntr>
<Cntr gml:id="K3_4640111724_1">
<fid>46401-11724-s-279</fid>
<lfSpanFr gml:id="K3_4640111724_1-1">
<gml:timePosition>2015-11-17</gml:timePosition>
</lfSpanFr>
<devDate gml:id="K3_4640111724_1-2">
<gml:timePosition>2024-11-29</gml:timePosition>
</devDate>
<orgGILvl>25000</orgGILvl>
<loc>
<gml:Curve gml:id="K3_4640111724_1-g" srsName="fguuid:jgd2011.bl">
<gml:segments>
<gml:LineStringSegment>
<gml:posList>
32.566833333 128.891905000
32.566865556 128.891811944
32.566934167 128.891759167
32.567032222 128.891769722
32.567091944 128.891780278
32.567115278 128.891905000
</gml:posList>
</gml:LineStringSegment>
</gml:segments>
</gml:Curve>
</loc>
<type>一般等高線</type>
<alti>20</alti>
</Cntr>
<Cntr gml:id="K3_4640111724_2">
<fid>46401-11724-s-280</fid>
<lfSpanFr gml:id="K3_4640111724_2-1">
<gml:timePosition>2015-11-17</gml:timePosition>
</lfSpanFr>
<devDate gml:id="K3_4640111724_2-2">
<gml:timePosition>2024-11-29</gml:timePosition>
</devDate>
<orgGILvl>25000</orgGILvl>
<loc>
<gml:Curve gml:id="K3_4640111724_2-g" srsName="fguuid:jgd2011.bl">
<gml:segments>
<gml:LineStringSegment>
<gml:posList>
32.567115278 128.891905000
32.567041944 128.892011389
32.567008056 128.892031389
32.566929167 128.892038056
32.566872778 128.892018056
32.566844722 128.891984722
32.566833333 128.891905000
</gml:posList>
</gml:LineStringSegment>
</gml:segments>
</gml:Curve>
</loc>
<type>一般等高線</type>
<alti>20</alti>
</Cntr>
<Cntr gml:id="K3_4640111724_3">
<fid>46401-11724-s-281</fid>
<lfSpanFr gml:id="K3_4640111724_3-1">
<gml:timePosition>2015-11-17</gml:timePosition>
</lfSpanFr>
<devDate gml:id="K3_4640111724_3-2">
<gml:timePosition>2024-11-29</gml:timePosition>
</devDate>
<orgGILvl>25000</orgGILvl>
<loc>
<gml:Curve gml:id="K3_4640111724_3-g" srsName="fguuid:jgd2011.bl">
<gml:segments>
<gml:LineStringSegment>
<gml:posList>
32.569150833 128.896290278
32.569093056 128.896096667
32.568958889 128.895864444
</gml:posList>
</gml:LineStringSegment>
</gml:segments>
</gml:Curve>
</loc>
<type>一般等高線</type>
<alti>10</alti>
</Cntr>
<Cntr gml:id="K3_4640111724_4">
<fid>46401-11724-s-428</fid>
<lfSpanFr gml:id="K3_4640111724_4-1">
<gml:timePosition>2015-11-17</gml:timePosition>
</lfSpanFr>
<devDate gml:id="K3_4640111724_4-2">
<gml:timePosition>2024-11-29</gml:timePosition>
</devDate>
<orgGILvl>25000</orgGILvl>
<loc>
<gml:Curve gml:id="K3_4640111724_4-g" srsName="fguuid:jgd2011.bl">
<gml:segments>
<gml:LineStringSegment>
<gml:posList>
32.567233611 128.892024722
32.567216944 128.892111389
32.567166111 128.892204444
32.567092778 128.892290833
32.567008056 128.892344167
32.566895278 128.892364167
32.566799444 128.892357500
32.566726111 128.892324167
32.566686667 128.892277778
32.566666667 128.892235000
</gml:posList>
</gml:LineStringSegment>
</gml:segments>
</gml:Curve>
</loc>
<type>一般等高線</type>
<alti>10</alti>
</Cntr>
<Cntr gml:id="K3_4640111724_5">
<fid>46401-11724-s-429</fid>
<lfSpanFr gml:id="K3_4640111724_5-1">
<gml:timePosition>2015-11-17</gml:timePosition>
</lfSpanFr>
<devDate gml:id="K3_4640111724_5-2">
<gml:timePosition>2024-11-29</gml:timePosition>
</devDate>
<orgGILvl>25000</orgGILvl>
<loc>
<gml:Curve gml:id="K3_4640111724_5-g" srsName="fguuid:jgd2011.bl">
<gml:segments>
<gml:LineStringSegment>
<gml:posList>
32.566666667 128.892022389
32.566669722 128.892011389
</gml:posList>
</gml:LineStringSegment>
</gml:segments>
</gml:Curve>
</loc>
<type>一般等高線</type>
<alti>10</alti>
</Cntr>
<Cntr gml:id="K3_4640111724_6">
<fid>46401-11724-s-430</fid>
<lfSpanFr gml:id="K3_4640111724_6-1">
<gml:timePosition>2015-11-17</gml:timePosition>
</lfSpanFr>
<devDate gml:id="K3_4640111724_6-2">
<gml:timePosition>2024-11-29</gml:timePosition>
</devDate>
<orgGILvl>25000</orgGILvl>
<loc>
<gml:Curve gml:id="K3_4640111724_6-g" srsName="fguuid:jgd2011.bl">
<gml:segments>
<gml:LineStringSegment>
<gml:posList>
32.567233611 128.892024722
32.567208491 128.891804579
32.567094043 128.891666667
</gml:posList>
</gml:LineStringSegment>
</gml:segments>
</gml:Curve>
</loc>
<type>一般等高線</type>
<alti>10</alti>
</Cntr>
<Cntr gml:id="K3_4640111724_7">
<fid>46401-11724-s-431</fid>
<lfSpanFr gml:id="K3_4640111724_7-1">
<gml:timePosition>2015-11-17</gml:timePosition>
</lfSpanFr>
<devDate gml:id="K3_4640111724_7-2">
<gml:timePosition>2024-11-29</gml:timePosition>
</devDate>
<orgGILvl>25000</orgGILvl>
<loc>
<gml:Curve gml:id="K3_4640111724_7-g" srsName="fguuid:jgd2011.bl">
<gml:segments>
<gml:LineStringSegment>
<gml:posList>
32.566975878 128.891666667
32.566843434 128.891693633
32.566690432 128.891769710
32.566669722 128.892011389
</gml:posList>
</gml:LineStringSegment>
</gml:segments>
</gml:Curve>
</loc>
<type>一般等高線</type>
<alti>10</alti>
</Cntr>
<Cntr gml:id="K3_4640111724_8">
<fid>46401-11724-s-440</fid>
<lfSpanFr gml:id="K3_4640111724_8-1">
<gml:timePosition>2015-11-17</gml:timePosition>
</lfSpanFr>
<devDate gml:id="K3_4640111724_8-2">
<gml:timePosition>2024-11-29</gml:timePosition>
</devDate>
<orgGILvl>25000</orgGILvl>
<loc>
<gml:Curve gml:id="K3_4640111724_8-g" srsName="fguuid:jgd2011.bl">
<gml:segments>
<gml:LineStringSegment>
<gml:posList>
32.568958889 128.895864444
32.568913889 128.895798056
32.568868889 128.895764722
32.568750278 128.895758056
32.568423333 128.895804722
32.568288056 128.895811111
32.568118889 128.895784722
32.568068333 128.895758056
32.568028889 128.895718056
32.568006389 128.895671389
32.568000556 128.895578333
32.568017500 128.895505278
32.568068333 128.895398611
32.568085278 128.895338889
32.568107500 128.895172500
32.568107500 128.895119167
32.567989444 128.894673333
32.567972500 128.894586667
32.567972500 128.894460278
32.568004198 128.894362203
32.568025853 128.894311058
32.568112470 128.894179998
32.568193674 128.894064921
32.568223449 128.893978613
32.568242397 128.893821981
32.568247811 128.893722887
32.568207209 128.893499126
32.568182847 128.893451178
32.568117884 128.893412819
32.568079989 128.893412819
32.568047507 128.893463964
32.568004198 128.893611007
32.567944648 128.893735673
32.567876667 128.893848056
32.567786389 128.893974444
32.567730000 128.894041111
32.567628333 128.894121111
32.567571944 128.894154167
32.567515556 128.894174167
32.567419722 128.894174167
32.567250556 128.894094444
32.567166111 128.894107778
32.567041944 128.894180833
32.566963056 128.894207500
32.566889722 128.894214167
32.566838889 128.894200833
32.566754444 128.894101111
32.566681111 128.894047778
32.566666667 128.894043111
</gml:posList>
</gml:LineStringSegment>
</gml:segments>
</gml:Curve>
</loc>
<type>一般等高線</type>
<alti>10</alti>
</Cntr>
<Cntr gml:id="K3_4640111724_9">
<fid>46401-11724-s-441</fid>
<lfSpanFr gml:id="K3_4640111724_9-1">
<gml:timePosition>2015-11-17</gml:timePosition>
</lfSpanFr>
<devDate gml:id="K3_4640111724_9-2">
<gml:timePosition>2024-11-29</gml:timePosition>
</devDate>
<orgGILvl>25000</orgGILvl>
<loc>
<gml:Curve gml:id="K3_4640111724_9-g" srsName="fguuid:jgd2011.bl">
<gml:segments>
<gml:LineStringSegment>
<gml:posList>
32.566666667 128.895211861
32.566760000 128.895179167
32.566827778 128.895172500
32.566991389 128.895218889
32.567081389 128.895212222
32.567188611 128.895179167
32.567284444 128.895125833
32.567414167 128.895092500
32.567571944 128.895145833
32.567673611 128.895212222
32.567718611 128.895278889
32.567758056 128.895385278
32.567786389 128.895565000
32.567791944 128.895778056
32.567808889 128.895877778
32.567842778 128.895990833
32.567904722 128.896110833
32.567989444 128.896257222
32.568186389 128.896496667
32.568293611 128.896583056
32.568338889 128.896608833
32.568445833 128.896669722
32.568665833 128.896769444
32.568761667 128.896809444
32.568902500 128.896902500
32.568987222 128.897002500
32.569161944 128.897281944
32.569246667 128.897514722
32.569257778 128.897614722
32.569269167 128.897840833
32.569246667 128.897954167
32.569207222 128.898027222
32.569161944 128.898080556
32.568930833 128.898180278
32.568818056 128.898260278
32.568693889 128.898400000
32.568603611 128.898599444
32.568581111 128.898772500
32.568575556 128.898925556
32.568592500 128.899178611
32.568637500 128.899398056
32.568761667 128.899803889
32.568789722 128.899923889
32.568803722 128.900000000
</gml:posList>
</gml:LineStringSegment>
</gml:segments>
</gml:Curve>
</loc>
<type>一般等高線</type>
<alti>15</alti>
</Cntr>
<Cntr gml:id="K3_4640111724_10">
<fid>46401-11724-s-442</fid>
<lfSpanFr gml:id="K3_4640111724_10-1">
<gml:timePosition>2015-11-17</gml:timePosition>
</lfSpanFr>
<devDate gml:id="K3_4640111724_10-2">
<gml:timePosition>2024-11-29</gml:timePosition>
</devDate>
<orgGILvl>25000</orgGILvl>
<loc>
<gml:Curve gml:id="K3_4640111724_10-g" srsName="fguuid:jgd2011.bl">
<gml:segments>
<gml:LineStringSegment>
<gml:posList>
32.566666667 128.895850889
32.566686667 128.895844444
32.566793889 128.895844444
32.566844722 128.895864444
32.566895278 128.895904444
32.566957500 128.895984167
32.567064444 128.896190556
32.567115278 128.896250556
32.567160556 128.896283611
32.567391667 128.896363611
32.567459167 128.896456667
32.567639722 128.896596389
32.567825833 128.896829444
32.567927222 128.897042222
32.567933056 128.897162222
32.567904722 128.897375000
32.567904722 128.897392528
32.567904722 128.897448333
32.567916111 128.897514722
32.568000556 128.897721111
32.568000556 128.897767778
32.567989444 128.897814167
32.567950000 128.897894167
32.567854167 128.898013889
32.567814444 128.898120278
32.567797500 128.898280000
32.567820278 128.898466389
32.567966944 128.898972222
32.567983611 128.899198333
32.568006389 128.899291667
32.568045833 128.899371389
32.568192222 128.899531111
32.568220278 128.899597778
32.568242778 128.899710833
32.568237222 128.899930556
32.568220444 128.900000000
</gml:posList>
</gml:LineStringSegment>
</gml:segments>
</gml:Curve>
</loc>
<type>一般等高線</type>
<alti>20</alti>
</Cntr>
<Cntr gml:id="K3_4640111724_11">
<fid>46401-11724-s-443</fid>
<lfSpanFr gml:id="K3_4640111724_11-1">
<gml:timePosition>2015-11-17</gml:timePosition>
</lfSpanFr>
<devDate gml:id="K3_4640111724_11-2">
<gml:timePosition>2024-11-29</gml:timePosition>
</devDate>
<orgGILvl>25000</orgGILvl>
<loc>
<gml:Curve gml:id="K3_4640111724_11-g" srsName="fguuid:jgd2011.bl">
<gml:segments>
<gml:LineStringSegment>
<gml:posList>
32.566666667 128.897116806
32.566703611 128.897102222
32.566771389 128.897095556
32.566827778 128.897115556
32.566861667 128.897142222
32.566901111 128.897221944
32.566923611 128.897341667
32.566918056 128.897514722
32.566872778 128.897734444
32.566806250 128.897991722
32.566748889 128.898213611
32.566715000 128.898426389
32.566715000 128.898546389
32.566748889 128.898686111
32.566754444 128.898872222
32.566788333 128.898952222
32.566816389 128.898992222
32.566884167 128.899018889
32.567030833 128.899038611
32.567087222 128.899065278
32.567160556 128.899138611
32.567216944 128.899225000
32.567239444 128.899285000
32.567284444 128.899517778
32.567346389 128.899917222
32.567335278 128.899990278
32.567332750 128.900000000
</gml:posList>
</gml:LineStringSegment>
</gml:segments>
</gml:Curve>
</loc>
<type>一般等高線</type>
<alti>30</alti>
</Cntr>
<Cntr gml:id="K3_4640111724_12">
<fid>46401-11724-s-444</fid>
<lfSpanFr gml:id="K3_4640111724_12-1">
<gml:timePosition>2015-11-17</gml:timePosition>
</lfSpanFr>
<devDate gml:id="K3_4640111724_12-2">
<gml:timePosition>2024-11-29</gml:timePosition>
</devDate>
<orgGILvl>25000</orgGILvl>
<loc>
<gml:Curve gml:id="K3_4640111724_12-g" srsName="fguuid:jgd2011.bl">
<gml:segments>
<gml:LineStringSegment>
<gml:posList>
32.570058611 128.896995833
32.570103611 128.897055556
32.570554722 128.897381667
32.570600000 128.897435000
32.570656389 128.897521389
32.570684444 128.897608056
32.570678889 128.897634722
32.570667500 128.897648056
32.570560556 128.897681111
32.570453333 128.897727778
32.570368889 128.897807500
32.570357500 128.897840833
32.570363056 128.898073889
32.570335000 128.898406667
32.570284167 128.898566389
32.570199444 128.898672778
32.570103611 128.898666111
32.570024722 128.898599444
32.569973889 128.898599444
32.569945833 128.898632778
32.569945833 128.898712778
32.569957222 128.898739167
32.570047222 128.898852500
32.570329167 128.899185000
32.570380000 128.899291667
32.570436389 128.899371389
32.570453333 128.899424722
32.570453333 128.899458056
32.570413889 128.899511111
32.570154444 128.899624444
32.570109444 128.899650833
32.570002222 128.899770833
32.569928889 128.899983611
32.569919972 128.900000000
</gml:posList>
</gml:LineStringSegment>
</gml:segments>
</gml:Curve>
</loc>
<type>一般等高線</type>
<alti>5</alti>
</Cntr>
<Cntr gml:id="K3_4640111724_13">
<fid>46401-11724-s-445</fid>
<lfSpanFr gml:id="K3_4640111724_13-1">
<gml:timePosition>2015-11-17</gml:timePosition>
</lfSpanFr>
<devDate gml:id="K3_4640111724_13-2">
<gml:timePosition>2024-11-29</gml:timePosition>
</devDate>
<orgGILvl>25000</orgGILvl>
<loc>
<gml:Curve gml:id="K3_4640111724_13-g" srsName="fguuid:jgd2011.bl">
<gml:segments>
<gml:LineStringSegment>
<gml:posList>
32.569378611 128.900000000
32.569484833 128.899881583
32.569494722 128.899870556
32.569539722 128.899790833
32.569551111 128.899750833
32.569551111 128.899697500
32.569528611 128.899637778
32.569489167 128.899597778
32.569404444 128.899564444
32.569173333 128.899551111
32.569139444 128.899524444
32.569145000 128.899471389
32.569184444 128.899378056
32.569308611 128.899191667
32.569353611 128.899085278
32.569359444 128.898945556
32.569308611 128.898706111
32.569303056 128.898559722
32.569314167 128.898493056
32.569353611 128.898386667
32.569443889 128.898240278
32.569788056 128.897774444
32.569844444 128.897661111
32.569850000 128.897601389
32.569838611 128.897548056
32.569788056 128.897475000
32.569765278 128.897455000
32.569641389 128.897421667
32.569568056 128.897348333
32.569517222 128.897182222
32.569477778 128.897115556
32.569353611 128.897009167
32.569257778 128.896862778
32.569178889 128.896696389
32.569150833 128.896583056
32.569139444 128.896450000
32.569150833 128.896290278
</gml:posList>
</gml:LineStringSegment>
</gml:segments>
</gml:Curve>
</loc>
<type>一般等高線</type>
<alti>10</alti>
</Cntr>
<Cntr gml:id="K3_4640111724_14">
<fid>46401-11724-s-451</fid>
<lfSpanFr gml:id="K3_4640111724_14-1">
<gml:timePosition>2015-11-17</gml:timePosition>
</lfSpanFr>
<devDate gml:id="K3_4640111724_14-2">
<gml:timePosition>2024-11-29</gml:timePosition>
</devDate>
<orgGILvl>25000</orgGILvl>
<loc>
<gml:Curve gml:id="K3_4640111724_14-g" srsName="fguuid:jgd2011.bl">
<gml:segments>
<gml:LineStringSegment>
<gml:posList>
32.567312778 128.891971667
32.567487500 128.892304167
32.567622778 128.892656944
32.567645278 128.892736944
32.567713056 128.892790000
32.567780833 128.892796667
32.567854167 128.892776667
32.568090556 128.892603611
32.568276667 128.892503889
32.568400833 128.892457222
32.568485278 128.892417500
32.568620556 128.892404167
32.568801111 128.892424167
32.568953333 128.892490556
32.568992778 128.892537222
32.569009722 128.892577222
32.569015278 128.892643611
32.569004167 128.892676944
32.568941944 128.892736944
32.568772778 128.892796667
32.568693889 128.892843333
32.568643333 128.892896667
32.568631944 128.892929722
32.568637500 128.892983056
32.568637500 128.893089444
32.568575556 128.893215833
32.568570000 128.893275833
32.568586944 128.893342500
32.568631944 128.893382222
32.568739167 128.893422222
32.568857500 128.893502222
32.568919444 128.893581944
32.568958889 128.893715000
32.568958889 128.893781667
32.568947778 128.893834722
32.568908333 128.893934722
32.568846111 128.894027778
32.568778611 128.894114444
32.568648889 128.894293889
32.568637500 128.894340556
32.568643333 128.894433611
32.568739167 128.894613333
32.568761667 128.894700000
32.568756111 128.894912778
32.568806667 128.894959444
32.568874444 128.894966111
32.569105556 128.894912778
32.569235278 128.894912778
32.569280556 128.894946111
32.569314167 128.894999444
32.569331111 128.895085833
32.569381944 128.895645000
32.569370556 128.895764722
32.569376389 128.895904444
32.569426944 128.896057500
32.569517222 128.896197222
32.569596111 128.896263889
</gml:posList>
</gml:LineStringSegment>
</gml:segments>
</gml:Curve>
</loc>
<type>一般等高線</type>
<alti>5</alti>
</Cntr>
<Cntr gml:id="K3_4640411721_1">
<fid>46404-11721-s-409</fid>
<lfSpanFr gml:id="K3_4640411721_1-1">
<gml:timePosition>2015-11-17</gml:timePosition>
</lfSpanFr>
<devDate gml:id="K3_4640411721_1-2">
<gml:timePosition>2024-11-29</gml:timePosition>
</devDate>
<orgGILvl>25000</orgGILvl>
<loc>
<gml:Curve gml:id="K3_4640411721_1-g" srsName="fguuid:jgd2011.bl">
<gml:segments>
<gml:LineStringSegment>
<gml:posList>
32.566307944 128.900000000
32.566331389 128.900036944
32.566478056 128.900422778
32.566534444 128.900529444
32.566666667 128.900651917
</gml:posList>
</gml:LineStringSegment>
</gml:segments>
</gml:Curve>
</loc>
<type>一般等高線</type>
<alti>40</alti>
</Cntr>
<Cntr gml:id="K3_4640411721_2">
<fid>46404-11721-s-410</fid>
<lfSpanFr gml:id="K3_4640411721_2-1">
<gml:timePosition>2015-11-17</gml:timePosition>
</lfSpanFr>
<devDate gml:id="K3_4640411721_2-2">
<gml:timePosition>2024-11-29</gml:timePosition>
</devDate>
<orgGILvl>25000</orgGILvl>
<loc>
<gml:Curve gml:id="K3_4640411721_2-g" srsName="fguuid:jgd2011.bl">
<gml:segments>
<gml:LineStringSegment>
<gml:posList>
32.566168056 128.901248056
32.565987500 128.901155000
32.565621111 128.901021667
32.565541944 128.900975278
32.565423889 128.900935278
32.565192778 128.900835556
32.565108056 128.900815556
32.564758611 128.900815556
32.564656944 128.900828889
32.564470833 128.900881944
32.564211389 128.901008611
32.564031111 128.901148333
32.563952222 128.901228056
32.563822500 128.901387778
32.563563056 128.901773889
32.563512222 128.901880278
32.563450278 128.901973333
32.563427778 128.902233056
32.563433333 128.902439167
</gml:posList>
</gml:LineStringSegment>
</gml:segments>
</gml:Curve>
</loc>
<type>一般等高線</type>
<alti>65</alti>
</Cntr>
<Cntr gml:id="K3_4640411721_3">
<fid>46404-11721-s-411</fid>
<lfSpanFr gml:id="K3_4640411721_3-1">
<gml:timePosition>2015-11-17</gml:timePosition>
</lfSpanFr>
<devDate gml:id="K3_4640411721_3-2">
<gml:timePosition>2024-11-29</gml:timePosition>
</devDate>
<orgGILvl>25000</orgGILvl>
<loc>
<gml:Curve gml:id="K3_4640411721_3-g" srsName="fguuid:jgd2011.bl">
<gml:segments>
<gml:LineStringSegment>
<gml:posList>
32.562835556 128.901560833
32.562848333 128.901945000
32.562847222 128.902226389
</gml:posList>
</gml:LineStringSegment>
</gml:segments>
</gml:Curve>
</loc>
<type>一般等高線</type>
<alti>50</alti>
</Cntr>
<Cntr gml:id="K3_4640411721_4">
<fid>46404-11721-s-412</fid>
<lfSpanFr gml:id="K3_4640411721_4-1">
<gml:timePosition>2015-11-17</gml:timePosition>
</lfSpanFr>
<devDate gml:id="K3_4640411721_4-2">
<gml:timePosition>2024-11-29</gml:timePosition>
</devDate>
<orgGILvl>25000</orgGILvl>
<loc>
<gml:Curve gml:id="K3_4640411721_4-g" srsName="fguuid:jgd2011.bl">
<gml:segments>
<gml:LineStringSegment>
<gml:posList>
32.566666667 128.901076222
32.566466944 128.900908611
32.566145278 128.900675833
32.566072222 128.900609167
32.566004444 128.900516111
32.565835278 128.900090278
32.565784444 128.900010278
32.565774000 128.900000000
</gml:posList>
</gml:LineStringSegment>
</gml:segments>
</gml:Curve>
</loc>
<type>一般等高線</type>
<alti>50</alti>
</Cntr>
<Cntr gml:id="K3_4640411721_5">
<fid>46404-11721-s-413</fid>
<lfSpanFr gml:id="K3_4640411721_5-1">
<gml:timePosition>2015-11-17</gml:timePosition>
</lfSpanFr>
<devDate gml:id="K3_4640411721_5-2">
<gml:timePosition>2024-11-29</gml:timePosition>
</devDate>
<orgGILvl>25000</orgGILvl>
<loc>
<gml:Curve gml:id="K3_4640411721_5-g" srsName="fguuid:jgd2011.bl">
<gml:segments>
<gml:LineStringSegment>
<gml:posList>
32.563855750 128.900000000
32.563794167 128.900043611
32.563686944 128.900143333
32.563241667 128.900682500
32.563156944 128.900788889
32.562982222 128.901095000
32.562920278 128.901214722
32.562875000 128.901341111
32.562835556 128.901560833
</gml:posList>
</gml:LineStringSegment>
</gml:segments>
</gml:Curve>
</loc>
<type>一般等高線</type>
<alti>50</alti>
</Cntr>
<Cntr gml:id="K3_4640411721_6">
<fid>46404-11721-s-414</fid>
<lfSpanFr gml:id="K3_4640411721_6-1">
<gml:timePosition>2015-11-17</gml:timePosition>
</lfSpanFr>
<devDate gml:id="K3_4640411721_6-2">
<gml:timePosition>2024-11-29</gml:timePosition>
</devDate>
<orgGILvl>25000</orgGILvl>
<loc>
<gml:Curve gml:id="K3_4640411721_6-g" srsName="fguuid:jgd2011.bl">
<gml:segments>
<gml:LineStringSegment>
<gml:posList>
32.561087778 128.901820278
32.561172222 128.901095000
32.561228611 128.900742222
32.561256944 128.900629167
32.561324722 128.900489444
32.561460000 128.900323056
32.561600833 128.900190000
32.561846750 128.900000000
</gml:posList>
</gml:LineStringSegment>
</gml:segments>
</gml:Curve>
</loc>
<type>一般等高線</type>
<alti>30</alti>
</Cntr>
<Cntr gml:id="K3_4640411721_7">
<fid>46404-11721-s-415</fid>
<lfSpanFr gml:id="K3_4640411721_7-1">
<gml:timePosition>2015-11-17</gml:timePosition>
</lfSpanFr>
<devDate gml:id="K3_4640411721_7-2">
<gml:timePosition>2024-11-29</gml:timePosition>
</devDate>
<orgGILvl>25000</orgGILvl>
<loc>
<gml:Curve gml:id="K3_4640411721_7-g" srsName="fguuid:jgd2011.bl">
<gml:segments>
<gml:LineStringSegment>
<gml:posList>
32.562847222 128.902226389
32.562891944 128.902432500
32.562948333 128.902598889
32.563117500 128.902925000
32.563179444 128.903064722
32.563202222 128.903184444
32.563320556 128.903536944
32.563438889 128.903783056
32.563512222 128.903889722
32.563726667 128.904122500
32.563912778 128.904388889
32.564110000 128.904801389
32.564166389 128.904907778
32.564262222 128.905034167
32.564544167 128.905280556
32.564809167 128.905453611
32.564916389 128.905506667
32.564978333 128.905526667
32.565164444 128.905540000
32.565621389 128.905699722
32.565835278 128.905766389
32.565852222 128.905766389
32.565897222 128.905746389
32.566168056 128.905373611
32.566213056 128.905320278
32.566286389 128.905260556
32.566365278 128.905213889
32.566433056 128.905187222
32.566540000 128.905187222
32.566630278 128.905220556
32.566666667 128.905247833
</gml:posList>
</gml:LineStringSegment>
</gml:segments>
</gml:Curve>
</loc>
<type>一般等高線</type>
<alti>50</alti>
</Cntr>
<Cntr gml:id="K3_4640411721_8">
<fid>46404-11721-s-416</fid>
<lfSpanFr gml:id="K3_4640411721_8-1">
<gml:timePosition>2015-11-17</gml:timePosition>
</lfSpanFr>
<devDate gml:id="K3_4640411721_8-2">
<gml:timePosition>2024-11-29</gml:timePosition>
</devDate>
<orgGILvl>25000</orgGILvl>
<loc>
<gml:Curve gml:id="K3_4640411721_8-g" srsName="fguuid:jgd2011.bl">
<gml:segments>
<gml:LineStringSegment>
<gml:posList>
32.566666667 128.904017167
32.566658611 128.904042778
32.566619167 128.904115833
32.566495000 128.904248889
32.566472500 128.904282222
32.566450000 128.904342222
32.566410556 128.904555000
32.566348333 128.904641667
32.566303333 128.904675000
32.566196111 128.904708056
32.566168056 128.904708056
32.566088889 128.904675000
32.566038333 128.904608333
32.565925556 128.904288889
32.565869167 128.904182500
32.565790278 128.904082500
32.565728056 128.903942778
32.565722500 128.903823056
32.565739444 128.903750000
32.565795833 128.903643333
32.565970556 128.903437222
32.566043889 128.903323889
32.566218611 128.902905000
32.566275000 128.902811944
32.566331389 128.902765278
32.566393611 128.902731944
32.566483889 128.902725278
32.566551389 128.902758611
32.566641667 128.902858056
32.566666667 128.902898417
</gml:posList>
</gml:LineStringSegment>
</gml:segments>
</gml:Curve>
</loc>
<type>一般等高線</type>
<alti>90</alti>
</Cntr>
<Cntr gml:id="K3_4640411721_9">
<fid>46404-11721-s-417</fid>
<lfSpanFr gml:id="K3_4640411721_9-1">
<gml:timePosition>2015-11-17</gml:timePosition>
</lfSpanFr>
<devDate gml:id="K3_4640411721_9-2">
<gml:timePosition>2024-11-29</gml:timePosition>
</devDate>
<orgGILvl>25000</orgGILvl>
<loc>
<gml:Curve gml:id="K3_4640411721_9-g" srsName="fguuid:jgd2011.bl">
<gml:segments>
<gml:LineStringSegment>
<gml:posList>
32.561600833 128.903590556
32.561239444 128.902678333
32.561071111 128.902046944
32.561087778 128.901820278
</gml:posList>
</gml:LineStringSegment>
</gml:segments>
</gml:Curve>
</loc>
<type>一般等高線</type>
<alti>30</alti>
</Cntr>
<Cntr gml:id="K3_4640411721_10">
<fid>46404-11721-s-418</fid>
<lfSpanFr gml:id="K3_4640411721_10-1">
<gml:timePosition>2015-11-17</gml:timePosition>
</lfSpanFr>
<devDate gml:id="K3_4640411721_10-2">
<gml:timePosition>2024-11-29</gml:timePosition>
</devDate>
<orgGILvl>25000</orgGILvl>
<loc>
<gml:Curve gml:id="K3_4640411721_10-g" srsName="fguuid:jgd2011.bl">
<gml:segments>
<gml:LineStringSegment>
<gml:posList>
32.566666667 128.906675000
32.566630278 128.906731111
32.566568333 128.906797778
32.566489444 128.906850833
32.566207500 128.906997222
32.566049444 128.907043889
</gml:posList>
</gml:LineStringSegment>
</gml:segments>
</gml:Curve>
</loc>
<type>一般等高線</type>
<alti>15</alti>
</Cntr>
<Cntr gml:id="K3_4640411721_11">
<fid>46404-11721-s-419</fid>
<lfSpanFr gml:id="K3_4640411721_11-1">
<gml:timePosition>2015-11-17</gml:timePosition>
</lfSpanFr>
<devDate gml:id="K3_4640411721_11-2">
<gml:timePosition>2024-11-29</gml:timePosition>
</devDate>
<orgGILvl>25000</orgGILvl>
<loc>
<gml:Curve gml:id="K3_4640411721_11-g" srsName="fguuid:jgd2011.bl">
<gml:segments>
<gml:LineStringSegment>
<gml:posList>
32.562536944 128.905127500
32.562531389 128.905080833
32.562469444 128.905000833
32.562373333 128.904921111
32.562210000 128.904748056
32.562170556 128.904714722
32.562097222 128.904595000
32.562051944 128.904561667
32.562040833 128.904548333
32.561753056 128.903889722
32.561600833 128.903590556
</gml:posList>
</gml:LineStringSegment>
</gml:segments>
</gml:Curve>
</loc>
<type>一般等高線</type>
<alti>30</alti>
</Cntr>
<Cntr gml:id="K3_4640411721_12">
<fid>46404-11721-s-420</fid>
<lfSpanFr gml:id="K3_4640411721_12-1">
<gml:timePosition>2015-11-17</gml:timePosition>
</lfSpanFr>
<devDate gml:id="K3_4640411721_12-2">
<gml:timePosition>2024-11-29</gml:timePosition>
</devDate>
<orgGILvl>25000</orgGILvl>
<loc>
<gml:Curve gml:id="K3_4640411721_12-g" srsName="fguuid:jgd2011.bl">
<gml:segments>
<gml:LineStringSegment>
<gml:posList>
32.563044444 128.905699722
32.562877500 128.905676667
32.562730000 128.905502500
32.562570000 128.905333611
32.562536944 128.905127500
</gml:posList>
</gml:LineStringSegment>
</gml:segments>
</gml:Curve>
</loc>
<type>一般等高線</type>
<alti>30</alti>
</Cntr>
<Cntr gml:id="K3_4640411721_13">
<fid>46404-11721-s-421</fid>
<lfSpanFr gml:id="K3_4640411721_13-1">
<gml:timePosition>2015-11-17</gml:timePosition>
</lfSpanFr>
<devDate gml:id="K3_4640411721_13-2">
<gml:timePosition>2024-11-29</gml:timePosition>
</devDate>
<orgGILvl>25000</orgGILvl>
<loc>
<gml:Curve gml:id="K3_4640411721_13-g" srsName="fguuid:jgd2011.bl">
<gml:segments>
<gml:LineStringSegment>
<gml:posList>
32.564138333 128.906305278
32.564076111 128.906158889
32.564031111 128.906105556
32.563771667 128.905992500
32.563410833 128.905759722
32.563320556 128.905719722
32.563207778 128.905693056
32.563044444 128.905699722
</gml:posList>
</gml:LineStringSegment>
</gml:segments>
</gml:Curve>
</loc>
<type>一般等高線</type>
<alti>30</alti>
</Cntr>
<Cntr gml:id="K3_4640411721_14">
<fid>46404-11721-s-422</fid>
<lfSpanFr gml:id="K3_4640411721_14-1">
<gml:timePosition>2015-11-17</gml:timePosition>
</lfSpanFr>
<devDate gml:id="K3_4640411721_14-2">
<gml:timePosition>2024-11-29</gml:timePosition>
</devDate>
<orgGILvl>25000</orgGILvl>
<loc>
<gml:Curve gml:id="K3_4640411721_14-g" srsName="fguuid:jgd2011.bl">
<gml:segments>
<gml:LineStringSegment>
<gml:posList>
32.565023611 128.906797778
32.564858333 128.906788056
32.564630833 128.906668611
32.564294167 128.906469722
32.564138333 128.906305278
</gml:posList>
</gml:LineStringSegment>
</gml:segments>
</gml:Curve>
</loc>
<type>一般等高線</type>
<alti>30</alti>
</Cntr>
<Cntr gml:id="K3_4640411721_15">
<fid>46404-11721-s-423</fid>
<lfSpanFr gml:id="K3_4640411721_15-1">
<gml:timePosition>2015-11-17</gml:timePosition>
</lfSpanFr>
<devDate gml:id="K3_4640411721_15-2">
<gml:timePosition>2024-11-29</gml:timePosition>
</devDate>
<orgGILvl>25000</orgGILvl>
<loc>
<gml:Curve gml:id="K3_4640411721_15-g" srsName="fguuid:jgd2011.bl">
<gml:segments>
<gml:LineStringSegment>
<gml:posList>
32.566666667 128.907007778
32.566613333 128.907017222
32.566489444 128.907063889
32.566410556 128.907097222
32.566066389 128.907170278
</gml:posList>
</gml:LineStringSegment>
</gml:segments>
</gml:Curve>
</loc>
<type>一般等高線</type>
<alti>5</alti>
</Cntr>
<Cntr gml:id="K3_4640411721_16">
<fid>46404-11721-s-424</fid>
<lfSpanFr gml:id="K3_4640411721_16-1">
<gml:timePosition>2015-11-17</gml:timePosition>
</lfSpanFr>
<devDate gml:id="K3_4640411721_16-2">
<gml:timePosition>2024-11-29</gml:timePosition>
</devDate>
<orgGILvl>25000</orgGILvl>
<loc>
<gml:Curve gml:id="K3_4640411721_16-g" srsName="fguuid:jgd2011.bl">
<gml:segments>
<gml:LineStringSegment>
<gml:posList>
32.565779167 128.906930833
32.565477222 128.906957222
32.565014167 128.906877500
32.564837222 128.906812778
32.564035000 128.906382778
32.563635000 128.906238611
32.562694167 128.905559722
32.562466944 128.905306111
32.562035278 128.904682222
32.561508889 128.903663056
32.561010000 128.901960000
32.560963611 128.901338333
32.561014167 128.900557778
32.561034694 128.900000000
</gml:posList>
</gml:LineStringSegment>
</gml:segments>
</gml:Curve>
</loc>
<type>一般等高線</type>
<alti>20</alti>
</Cntr>
<Cntr gml:id="K3_4640411721_17">
<fid>46404-11721-s-425</fid>
<lfSpanFr gml:id="K3_4640411721_17-1">
<gml:timePosition>2015-11-17</gml:timePosition>
</lfSpanFr>
<devDate gml:id="K3_4640411721_17-2">
<gml:timePosition>2024-11-29</gml:timePosition>
</devDate>
<orgGILvl>25000</orgGILvl>
<loc>
<gml:Curve gml:id="K3_4640411721_17-g" srsName="fguuid:jgd2011.bl">
<gml:segments>
<gml:LineStringSegment>
<gml:posList>
32.566060833 128.907117222
32.566556944 128.906937500
32.566666667 128.906875472
</gml:posList>
</gml:LineStringSegment>
</gml:segments>
</gml:Curve>
</loc>
<type>一般等高線</type>
<alti>10</alti>
</Cntr>
<Cntr gml:id="K3_4640411721_18">
<fid>46404-11721-s-426</fid>
<lfSpanFr gml:id="K3_4640411721_18-1">
<gml:timePosition>2015-11-17</gml:timePosition>
</lfSpanFr>
<devDate gml:id="K3_4640411721_18-2">
<gml:timePosition>2024-11-29</gml:timePosition>
</devDate>
<orgGILvl>25000</orgGILvl>
<loc>
<gml:Curve gml:id="K3_4640411721_18-g" srsName="fguuid:jgd2011.bl">
<gml:segments>
<gml:LineStringSegment>
<gml:posList>
32.561927667 128.904857806
32.561890000 128.904803333
32.561347500 128.903752778
32.560835000 128.902003889
32.560820722 128.901811917
</gml:posList>
</gml:LineStringSegment>
</gml:segments>
</gml:Curve>
</loc>
<type>一般等高線</type>
<alti>5</alti>
</Cntr>
<Cntr gml:id="K3_4640411721_19">
<fid>46404-11721-s-427</fid>
<lfSpanFr gml:id="K3_4640411721_19-1">
<gml:timePosition>2015-11-17</gml:timePosition>
</lfSpanFr>
<devDate gml:id="K3_4640411721_19-2">
<gml:timePosition>2024-11-29</gml:timePosition>
</devDate>
<orgGILvl>25000</orgGILvl>
<loc>
<gml:Curve gml:id="K3_4640411721_19-g" srsName="fguuid:jgd2011.bl">
<gml:segments>
<gml:LineStringSegment>
<gml:posList>
32.565404139 128.907156278
32.564974722 128.907082500
32.564773889 128.907009167
32.563972222 128.906579167
32.563561667 128.906431111
32.562585833 128.905727222
32.562336667 128.905449167
32.562081861 128.905080722
</gml:posList>
</gml:LineStringSegment>
</gml:segments>
</gml:Curve>
</loc>
<type>一般等高線</type>
<alti>5</alti>
</Cntr>
<Cntr gml:id="K3_4640411721_20">
<fid>46404-11721-s-428</fid>
<lfSpanFr gml:id="K3_4640411721_20-1">
<gml:timePosition>2015-11-17</gml:timePosition>
</lfSpanFr>
<devDate gml:id="K3_4640411721_20-2">
<gml:timePosition>2024-11-29</gml:timePosition>
</devDate>
<orgGILvl>25000</orgGILvl>
<loc>
<gml:Curve gml:id="K3_4640411721_20-g" srsName="fguuid:jgd2011.bl">
<gml:segments>
<gml:LineStringSegment>
<gml:posList>
32.560785556 128.901339444
32.560836944 128.900545000
32.560856944 128.900000000
</gml:posList>
</gml:LineStringSegment>
</gml:segments>
</gml:Curve>
</loc>
<type>一般等高線</type>
<alti>5</alti>
</Cntr>
<Cntr gml:id="K3_4640411721_21">
<fid>46404-11721-s-672</fid>
<lfSpanFr gml:id="K3_4640411721_21-1">
<gml:timePosition>2015-11-17</gml:timePosition>
</lfSpanFr>
<devDate gml:id="K3_4640411721_21-2">
<gml:timePosition>2024-11-29</gml:timePosition>
</devDate>
<orgGILvl>25000</orgGILvl>
<loc>
<gml:Curve gml:id="K3_4640411721_21-g" srsName="fguuid:jgd2011.bl">
<gml:segments>
<gml:LineStringSegment>
<gml:posList>
32.565125000 128.902060000
32.565153333 128.902066667
32.565226389 128.902159722
32.565249167 128.902252778
32.565232222 128.902558889
32.565254722 128.902725278
32.565277222 128.902798611
32.565260278 128.902931667
32.565220833 128.903011667
32.565192778 128.903031389
32.565170278 128.903064722
32.565102500 128.903091389
32.564978333 128.903098056
32.564882500 128.903064722
32.564820556 128.903051389
32.564758611 128.903011667
32.564718889 128.902958333
32.564718889 128.902911667
32.564758611 128.902825278
32.564820556 128.902738611
32.564769722 128.902658889
32.564690833 128.902612222
32.564651389 128.902539167
32.564628889 128.902512500
32.564628889 128.902379444
32.564651389 128.902266111
32.564679444 128.902199722
32.564702222 128.902126389
32.564764167 128.902046667
32.564820556 128.902006667
32.564865556 128.902000000
32.565023611 128.901986667
32.565125000 128.902060000
</gml:posList>
</gml:LineStringSegment>
</gml:segments>
</gml:Curve>
</loc>
<type>一般等高線</type>
<alti>60</alti>
</Cntr>
<Cntr gml:id="K3_4640411721_22">
<fid>46404-11721-s-673</fid>
<lfSpanFr gml:id="K3_4640411721_22-1">
<gml:timePosition>2015-11-17</gml:timePosition>
</lfSpanFr>
<devDate gml:id="K3_4640411721_22-2">
<gml:timePosition>2024-11-29</gml:timePosition>
</devDate>
<orgGILvl>25000</orgGILvl>
<loc>
<gml:Curve gml:id="K3_4640411721_22-g" srsName="fguuid:jgd2011.bl">
<gml:segments>
<gml:LineStringSegment>
<gml:posList>
32.566666667 128.904323500
32.566624722 128.904375556
32.566596667 128.904461944
32.566590833 128.904535278
32.566619167 128.904661667
32.566619167 128.904701389
32.566585278 128.904748056
32.566354167 128.904748056
32.566275000 128.904774722
32.566072222 128.904907778
32.566021389 128.904921111
32.565936667 128.904914444
32.565903056 128.904894444
32.565863333 128.904847778
32.565660833 128.904475278
32.565480278 128.904229167
32.565406944 128.904089167
32.565378889 128.903982778
32.565373056 128.903816389
32.565395833 128.903743333
32.565598611 128.903470278
32.565711111 128.903264167
32.565931111 128.902971667
32.565998889 128.902791944
32.566015833 128.902678889
32.566015833 128.902219722
32.566038333 128.902099722
32.566083333 128.901973333
32.566173611 128.901873611
32.566213056 128.901853611
32.566303333 128.901853611
32.566438611 128.901906944
32.566506389 128.901946667
32.566590833 128.902046667
32.566666667 128.902178333
</gml:posList>
</gml:LineStringSegment>
</gml:segments>
</gml:Curve>
</loc>
<type>一般等高線</type>
<alti>80</alti>
</Cntr>
<Cntr gml:id="K3_4640411721_23">
<fid>46404-11721-s-674</fid>
<lfSpanFr gml:id="K3_4640411721_23-1">
<gml:timePosition>2015-11-17</gml:timePosition>
</lfSpanFr>
<devDate gml:id="K3_4640411721_23-2">
<gml:timePosition>2024-11-29</gml:timePosition>
</devDate>
<orgGILvl>25000</orgGILvl>
<loc>
<gml:Curve gml:id="K3_4640411721_23-g" srsName="fguuid:jgd2011.bl">
<gml:segments>
<gml:LineStringSegment>
<gml:posList>
32.565215278 128.903297500
32.565153333 128.903297500
32.565017778 128.903224167
32.564820556 128.903158056
32.564702222 128.903071389
32.564589444 128.903024722
32.564526667 128.902951667
32.564425833 128.902778611
32.564420278 128.902632222
32.564436944 128.902459167
32.564414444 128.902372778
32.564420278 128.902272778
32.564448333 128.902199722
32.564538611 128.902106389
32.564628889 128.901953333
32.564707778 128.901866944
32.564741667 128.901826944
32.564769722 128.901780556
32.564848611 128.901727222
32.564950278 128.901700556
32.565074167 128.901720556
32.565153333 128.901740556
32.565209722 128.901780556
32.565378889 128.901940000
32.565418333 128.901966667
32.565468889 128.902060000
32.565536667 128.902226389
32.565598333 128.902366111
32.565609722 128.902472500
32.565604167 128.902558889
32.565592778 128.902618889
32.565559167 128.902765278
32.565491667 128.902925000
32.565490833 128.902965833
32.565408333 128.903131944
32.565322500 128.903230833
32.565305556 128.903264167
32.565271667 128.903284167
32.565215278 128.903297500
</gml:posList>
</gml:LineStringSegment>
</gml:segments>
</gml:Curve>
</loc>
<type>一般等高線</type>
<alti>65</alti>
</Cntr>
<Cntr gml:id="K3_4640411721_24">
<fid>46404-11721-s-675</fid>
<lfSpanFr gml:id="K3_4640411721_24-1">
<gml:timePosition>2015-11-17</gml:timePosition>
</lfSpanFr>
<devDate gml:id="K3_4640411721_24-2">
<gml:timePosition>2024-11-29</gml:timePosition>
</devDate>
<orgGILvl>25000</orgGILvl>
<loc>
<gml:Curve gml:id="K3_4640411721_24-g" srsName="fguuid:jgd2011.bl">
<gml:segments>
<gml:LineStringSegment>
<gml:posList>
32.565136389 128.904149167
32.565130556 128.904262222
32.565113611 128.904322222
32.565023611 128.904441944
32.564972778 128.904475278
32.564871389 128.904501944
32.564758611 128.904508611
32.564679444 128.904481944
32.564595000 128.904428611
32.564499167 128.904315556
32.564369444 128.904102500
32.564262222 128.903889722
32.564155000 128.903630000
32.564087500 128.903370556
32.564076111 128.903311111
32.564076111 128.903237778
32.564110000 128.903191111
32.564177778 128.903204444
32.564284722 128.903257778
32.564408889 128.903363889
32.564487778 128.903403889
32.564656944 128.903450556
32.564730278 128.903483611
32.564848611 128.903576944
32.564972778 128.903723333
32.565068611 128.903876389
32.565113611 128.904009444
32.565136389 128.904149167
</gml:posList>
</gml:LineStringSegment>
</gml:segments>
</gml:Curve>
</loc>
<type>一般等高線</type>
<alti>80</alti>
</Cntr>
<Cntr gml:id="K3_4640411721_25">
<fid>46404-11721-s-676</fid>
<lfSpanFr gml:id="K3_4640411721_25-1">
<gml:timePosition>2015-11-17</gml:timePosition>
</lfSpanFr>
<devDate gml:id="K3_4640411721_25-2">
<gml:timePosition>2024-11-29</gml:timePosition>
</devDate>
<orgGILvl>25000</orgGILvl>
<loc>
<gml:Curve gml:id="K3_4640411721_25-g" srsName="fguuid:jgd2011.bl">
<gml:segments>
<gml:LineStringSegment>
<gml:posList>
32.566666667 128.905072056
32.566528889 128.905020833
32.566444167 128.905020833
32.566410556 128.905034167
32.565987500 128.905380278
32.565903056 128.905426944
32.565801389 128.905433611
32.565756389 128.905420278
32.565717222 128.905393611
32.565615556 128.905260556
32.565536667 128.905213889
32.565491667 128.905200556
32.565198333 128.905253889
32.565091111 128.905253889
32.565046111 128.905233889
32.564916389 128.905127500
32.564837500 128.905087500
32.564583611 128.905034167
32.564504722 128.904987778
32.564420278 128.904914444
32.564234167 128.904681667
32.564002778 128.904355556
32.563901389 128.904175833
32.563760278 128.903750000
32.563641944 128.903457222
32.563478333 128.903118056
32.563331944 128.902685556
32.563252778 128.902366111
32.563230278 128.902246111
32.563224722 128.902166389
32.563241667 128.902060000
32.563326111 128.901813611
32.563444722 128.901534167
32.563686944 128.901128333
32.563822500 128.900961944
32.563884444 128.900895278
32.564019722 128.900788889
32.564234167 128.900669167
32.564476667 128.900562500
32.564747222 128.900502778
32.564774417 128.900500694
32.564921944 128.900489444
32.565288611 128.900549444
32.565446389 128.900589167
32.565688611 128.900695833
32.566010000 128.900881944
32.566207500 128.901035000
32.566461111 128.901301389
32.566619167 128.901534167
32.566666667 128.901587139
</gml:posList>
</gml:LineStringSegment>
</gml:segments>
</gml:Curve>
</loc>
<type>一般等高線</type>
<alti>60</alti>
</Cntr>
<Cntr gml:id="K3_4640411721_26">
<fid>46404-11721-s-677</fid>
<lfSpanFr gml:id="K3_4640411721_26-1">
<gml:timePosition>2015-11-17</gml:timePosition>
</lfSpanFr>
<devDate gml:id="K3_4640411721_26-2">
<gml:timePosition>2024-11-29</gml:timePosition>
</devDate>
<orgGILvl>25000</orgGILvl>
<loc>
<gml:Curve gml:id="K3_4640411721_26-g" srsName="fguuid:jgd2011.bl">
<gml:segments>
<gml:LineStringSegment>
<gml:posList>
32.566666667 128.904856056
32.566585278 128.904861111
32.566511944 128.904841389
32.566433056 128.904841389
32.566308889 128.904881111
32.566263889 128.904907778
32.566134167 128.905034167
32.566066389 128.905087500
32.566004444 128.905120833
32.565903056 128.905127500
32.565852222 128.905094167
32.565677472 128.904868250
32.565671944 128.904861111
32.565485833 128.904661667
32.565401389 128.904615000
32.565316667 128.904615000
32.565283056 128.904628333
32.565034722 128.904861111
32.564984167 128.904881111
32.564927778 128.904887778
32.564826111 128.904881111
32.564735833 128.904847778
32.564696389 128.904821389
32.564499167 128.904608333
32.564256667 128.904295556
32.564177778 128.904162500
32.564076111 128.903916389
32.563940833 128.903470278
32.563783056 128.903064722
32.563726667 128.902865000
32.563681389 128.902665556
32.563647500 128.902439167
32.563641944 128.902219722
32.563681389 128.902033333
32.563715278 128.901953333
32.563777222 128.901853611
32.563918333 128.901687222
32.564166389 128.901487500
32.564358056 128.901394444
32.564459722 128.901387778
32.564493333 128.901427778
32.564549722 128.901560833
32.564572500 128.901680556
32.564561111 128.901767222
32.564273611 128.902213056
32.564245278 128.902266111
32.564217222 128.902366111
32.564217222 128.902472500
32.564256667 128.902632222
32.564324167 128.902785278
32.564341111 128.902811944
32.564611944 128.903211111
32.564696389 128.903277500
32.564921944 128.903377222
32.565051667 128.903457222
32.565136389 128.903530278
32.565186944 128.903550278
32.565254722 128.903543611
32.565311111 128.903516944
32.565457778 128.903277500
32.565688611 128.903011667
32.565767500 128.902871667
32.565806944 128.902785278
32.565835278 128.902658889
32.565835278 128.902512500
32.565823889 128.902386111
32.565784444 128.902252778
32.565756389 128.902186389
32.565694167 128.902086667
32.565615278 128.902000000
32.565350556 128.901780556
32.565232222 128.901640556
32.565181389 128.901560833
32.565158889 128.901487500
32.565158889 128.901394444
32.565186944 128.901327778
32.565232222 128.901274722
32.565294167 128.901234722
32.565406944 128.901221389
32.565525000 128.901221389
32.565948056 128.901294722
32.566151111 128.901341111
32.566320278 128.901414444
32.566461111 128.901527500
32.566585278 128.901673889
32.566666667 128.901810611
</gml:posList>
</gml:LineStringSegment>
</gml:segments>
</gml:Curve>
</loc>
<type>一般等高線</type>
<alti>70</alti>
</Cntr>
<Cntr gml:id="K3_4640411721_27">
<fid>46404-11721-s-678</fid>
<lfSpanFr gml:id="K3_4640411721_27-1">
<gml:timePosition>2015-11-17</gml:timePosition>
</lfSpanFr>
<devDate gml:id="K3_4640411721_27-2">
<gml:timePosition>2024-11-29</gml:timePosition>
</devDate>
<orgGILvl>25000</orgGILvl>
<loc>
<gml:Curve gml:id="K3_4640411721_27-g" srsName="fguuid:jgd2011.bl">
<gml:segments>
<gml:LineStringSegment>
<gml:posList>
32.566666667 128.905816000
32.566573889 128.905786111
32.566528889 128.905792778
32.566461111 128.905839444
32.566314444 128.906032500
32.566168056 128.906265278
32.566072222 128.906365278
32.565914167 128.906465000
32.565852222 128.906491667
32.565757167 128.906518500
32.565333611 128.906638056
32.565023611 128.906797778
</gml:posList>
</gml:LineStringSegment>
</gml:segments>
</gml:Curve>
</loc>
<type>一般等高線</type>
<alti>30</alti>
</Cntr>
<Cntr gml:id="K3_4640411721_28">
<fid>46404-11721-s-679</fid>
<lfSpanFr gml:id="K3_4640411721_28-1">
<gml:timePosition>2015-11-17</gml:timePosition>
</lfSpanFr>
<devDate gml:id="K3_4640411721_28-2">
<gml:timePosition>2024-11-29</gml:timePosition>
</devDate>
<orgGILvl>25000</orgGILvl>
<loc>
<gml:Curve gml:id="K3_4640411721_28-g" srsName="fguuid:jgd2011.bl">
<gml:segments>
<gml:LineStringSegment>
<gml:posList>
32.566666667 128.905533167
32.566630278 128.905493333
32.566534444 128.905446944
32.566450000 128.905440278
32.566359722 128.905473333
32.566246944 128.905593333
32.566156667 128.905886111
32.566117222 128.905945833
32.566015833 128.906025833
32.565823889 128.906125556
32.565722778 128.906145556
32.565621389 128.906138889
32.565542222 128.906112222
32.565378889 128.906012500
32.565232222 128.905945833
32.565170278 128.905932500
32.565119444 128.905932500
32.564905000 128.906039167
32.564876944 128.906045833
32.564826111 128.906025833
32.564758611 128.905972500
32.564645833 128.905846111
32.564436944 128.905659722
32.564143889 128.905453611
32.563884444 128.905307222
32.563670278 128.905154167
32.563534722 128.905020833
32.563354444 128.904788056
32.563027500 128.904501944
32.562909167 128.904368889
32.562790833 128.904202500
32.562728611 128.904082500
32.562531389 128.903597222
32.562271944 128.902751944
32.562226944 128.902585556
32.562170556 128.902259444
32.562131111 128.901980000
32.562120722 128.901837306
32.562114167 128.901747222
32.562114167 128.901361111
32.562142222 128.901068333
32.562176111 128.900828889
32.562221111 128.900655833
32.562266389 128.900536111
32.562311389 128.900476111
32.562362222 128.900429444
32.562536944 128.900343056
32.562627222 128.900243333
32.562773611 128.900043611
32.562799194 128.900000000
</gml:posList>
</gml:LineStringSegment>
</gml:segments>
</gml:Curve>
</loc>
<type>一般等高線</type>
<alti>40</alti>
</Cntr>
<Cntr gml:id="K3_4640411721_29">
<fid>46404-11721-s-680</fid>
<lfSpanFr gml:id="K3_4640411721_29-1">
<gml:timePosition>2015-11-17</gml:timePosition>
</lfSpanFr>
<devDate gml:id="K3_4640411721_29-2">
<gml:timePosition>2024-11-29</gml:timePosition>
</devDate>
<orgGILvl>25000</orgGILvl>
<loc>
<gml:Curve gml:id="K3_4640411721_29-g" srsName="fguuid:jgd2011.bl">
<gml:segments>
<gml:LineStringSegment>
<gml:posList>
32.566666667 128.906063417
32.566653056 128.906072500
32.566590833 128.906152222
32.566495000 128.906365278
32.566477389 128.906385083
32.566370833 128.906505000
32.566263889 128.906591389
32.566015833 128.906737778
32.565993056 128.906751111
32.565779167 128.906930833
</gml:posList>
</gml:LineStringSegment>
</gml:segments>
</gml:Curve>
</loc>
<type>一般等高線</type>
<alti>20</alti>
</Cntr>
<Cntr gml:id="K3_4640411721_30">
<fid>46404-11721-s-681</fid>
<lfSpanFr gml:id="K3_4640411721_30-1">
<gml:timePosition>2015-11-17</gml:timePosition>
</lfSpanFr>
<devDate gml:id="K3_4640411721_30-2">
<gml:timePosition>2024-11-29</gml:timePosition>
</devDate>
<orgGILvl>25000</orgGILvl>
<loc>
<gml:Curve gml:id="K3_4640411721_30-g" srsName="fguuid:jgd2011.bl">
<gml:segments>
<gml:LineStringSegment>
<gml:posList>
32.560899639 128.900000000
32.560879444 128.900548056
32.560828333 128.901339167
32.560876944 128.901993333
32.561386111 128.903731389
32.561925000 128.904774444
32.562367778 128.905414722
32.562611944 128.905686944
32.563579444 128.906385000
32.563983556 128.906530639
32.563987222 128.906531944
32.564789167 128.906961944
32.564984167 128.907033333
32.565472500 128.907117222
32.566060833 128.907117222
</gml:posList>
</gml:LineStringSegment>
</gml:segments>
</gml:Curve>
</loc>
<type>一般等高線</type>
<alti>10</alti>
</Cntr>
<Cntr gml:id="K3_4640411724_1">
<fid>46404-11724-s-453</fid>
<lfSpanFr gml:id="K3_4640411724_1-1">
<gml:timePosition>2015-11-17</gml:timePosition>
</lfSpanFr>
<devDate gml:id="K3_4640411724_1-2">
<gml:timePosition>2024-11-29</gml:timePosition>
</devDate>
<orgGILvl>25000</orgGILvl>
<loc>
<gml:Curve gml:id="K3_4640411724_1-g" srsName="fguuid:jgd2011.bl">
<gml:segments>
<gml:LineStringSegment>
<gml:posList>
32.569919972 128.900000000
32.569878056 128.900076944
32.569850000 128.900250000
32.569855556 128.900389722
32.569889444 128.900589167
32.569957222 128.900862222
</gml:posList>
</gml:LineStringSegment>
</gml:segments>
</gml:Curve>
</loc>
<type>一般等高線</type>
<alti>5</alti>
</Cntr>
<Cntr gml:id="K3_4640411724_2">
<fid>46404-11724-s-454</fid>
<lfSpanFr gml:id="K3_4640411724_2-1">
<gml:timePosition>2015-11-17</gml:timePosition>
</lfSpanFr>
<devDate gml:id="K3_4640411724_2-2">
<gml:timePosition>2024-11-29</gml:timePosition>
</devDate>
<orgGILvl>25000</orgGILvl>
<loc>
<gml:Curve gml:id="K3_4640411724_2-g" srsName="fguuid:jgd2011.bl">
<gml:segments>
<gml:LineStringSegment>
<gml:posList>
32.566666667 128.901810611
32.566731944 128.901920278
32.566833333 128.902146389
32.567008056 128.902638889
32.567041944 128.902765000
32.567092778 128.903051111
32.567115278 128.903370556
32.567098333 128.903736667
32.567058889 128.903956111
32.567025000 128.904069444
32.566974444 128.904149167
32.566816389 128.904328889
32.566788333 128.904388889
32.566771389 128.904468611
32.566771389 128.904561667
32.566810833 128.904708056
32.566805278 128.904748056
32.566748889 128.904821389
32.566692500 128.904854444
32.566666667 128.904856056
</gml:posList>
</gml:LineStringSegment>
</gml:segments>
</gml:Curve>
</loc>
<type>一般等高線</type>
<alti>70</alti>
</Cntr>
<Cntr gml:id="K3_4640411724_3">
<fid>46404-11724-s-455</fid>
<lfSpanFr gml:id="K3_4640411724_3-1">
<gml:timePosition>2015-11-17</gml:timePosition>
</lfSpanFr>
<devDate gml:id="K3_4640411724_3-2">
<gml:timePosition>2024-11-29</gml:timePosition>
</devDate>
<orgGILvl>25000</orgGILvl>
<loc>
<gml:Curve gml:id="K3_4640411724_3-g" srsName="fguuid:jgd2011.bl">
<gml:segments>
<gml:LineStringSegment>
<gml:posList>
32.570030278 128.901008611
32.570075556 128.901135000
32.570086667 128.901214722
32.570086667 128.901308056
32.570058611 128.901667222
32.570012111 128.902043694
</gml:posList>
</gml:LineStringSegment>
</gml:segments>
</gml:Curve>
</loc>
<type>一般等高線</type>
<alti>5</alti>
</Cntr>
<Cntr gml:id="K3_4640411724_4">
<fid>46404-11724-s-566</fid>
<lfSpanFr gml:id="K3_4640411724_4-1">
<gml:timePosition>2015-11-17</gml:timePosition>
</lfSpanFr>
<devDate gml:id="K3_4640411724_4-2">
<gml:timePosition>2024-11-29</gml:timePosition>
</devDate>
<orgGILvl>25000</orgGILvl>
<loc>
<gml:Curve gml:id="K3_4640411724_4-g" srsName="fguuid:jgd2011.bl">
<gml:segments>
<gml:LineStringSegment>
<gml:posList>
32.568803722 128.900000000
32.568835000 128.900170000
32.568823611 128.900269722
32.568772778 128.900376389
32.568575556 128.900582500
32.568519167 128.900695833
32.568513611 128.900842222
32.568558611 128.900968611
32.568631944 128.901035000
32.568868889 128.901041667
32.569032222 128.901061667
32.569156389 128.901095000
32.569263611 128.901141667
32.569325556 128.901188056
32.569415833 128.901314722
32.569455278 128.901514167
32.569443889 128.901600833
32.569404444 128.901673889
32.569359444 128.901727222
32.569184444 128.901806944
32.569009722 128.901913611
32.568925278 128.902000000
32.568880000 128.902080000
32.568851944 128.902232778
32.568863056 128.902518889
32.568868889 128.902651944
32.568908333 128.903064444
32.568908333 128.903144444
32.568880000 128.903250833
32.568818056 128.903370556
32.568756111 128.903450556
32.568676944 128.903510278
32.568524722 128.903576944
32.568462778 128.903623333
32.568411944 128.903696667
32.568389444 128.903849722
32.568411944 128.903969444
32.568485278 128.904135833
32.568581111 128.904441944
32.568603611 128.904555000
32.568609444 128.904621667
32.568598056 128.904688333
32.568547222 128.904761389
32.568470611 128.904788917
32.568316656 128.904880094
32.568218043 128.904989271
32.568150247 128.905163955
32.568091695 128.905302246
32.567977674 128.905502405
32.567906796 128.905684367
32.567842081 128.905757153
32.567740386 128.905800824
32.567601711 128.905917279
32.567546242 128.905986425
32.567450710 128.906124717
32.567407567 128.906161109
32.567327444 128.906186584
32.567211111 128.906205556
32.567081389 128.906238611
32.566951667 128.906298611
32.566838889 128.906418333
32.566771389 128.906538056
32.566703611 128.906618056
32.566666667 128.906675000
</gml:posList>
</gml:LineStringSegment>
</gml:segments>
</gml:Curve>
</loc>
<type>一般等高線</type>
<alti>15</alti>
</Cntr>
<Cntr gml:id="K3_4640411724_5">
<fid>46404-11724-s-567</fid>
<lfSpanFr gml:id="K3_4640411724_5-1">
<gml:timePosition>2015-11-17</gml:timePosition>
</lfSpanFr>
<devDate gml:id="K3_4640411724_5-2">
<gml:timePosition>2024-11-29</gml:timePosition>
</devDate>
<orgGILvl>25000</orgGILvl>
<loc>
<gml:Curve gml:id="K3_4640411724_5-g" srsName="fguuid:jgd2011.bl">
<gml:segments>
<gml:LineStringSegment>
<gml:posList>
32.568220444 128.900000000
32.568214722 128.900023611
32.568175556 128.900130000
32.567972500 128.900403056
32.567916111 128.900549444
32.567899167 128.900622500
32.567887778 128.900808889
32.567904722 128.900981944
32.567955556 128.901148333
32.567989444 128.901214722
32.568158611 128.901414444
32.568203611 128.901494167
32.568265278 128.901640556
32.568355556 128.902000000
32.568434444 128.902472222
32.568451389 128.902705000
32.568502222 128.903004722
32.568502222 128.903104444
32.568490833 128.903190833
32.568462778 128.903244167
32.568395000 128.903323889
32.568276944 128.903403889
32.568237500 128.903450556
32.568226111 128.903483611
32.568237500 128.903710000
32.568226111 128.903776667
32.568209167 128.903829722
32.568175556 128.903883056
32.568079722 128.903982778
32.568040000 128.904076111
32.568040000 128.904149167
32.568056944 128.904202500
32.568175556 128.904428611
32.568175556 128.904561667
32.568164167 128.904601667
32.568102222 128.904714722
32.568056944 128.904761389
32.567741389 128.905000833
32.567696111 128.905067500
32.567690556 128.905154167
32.567713056 128.905273889
32.567684722 128.905446944
32.567594722 128.905646389
32.567538333 128.905726389
32.567453611 128.905819444
32.567363333 128.905879444
32.567278889 128.905912778
32.566833333 128.905979167
32.566743056 128.906012500
32.566666667 128.906063417
</gml:posList>
</gml:LineStringSegment>
</gml:segments>
</gml:Curve>
</loc>
<type>一般等高線</type>
<alti>20</alti>
</Cntr>
<Cntr gml:id="K3_4640411724_6">
<fid>46404-11724-s-568</fid>
<lfSpanFr gml:id="K3_4640411724_6-1">
<gml:timePosition>2015-11-17</gml:timePosition>
</lfSpanFr>
<devDate gml:id="K3_4640411724_6-2">
<gml:timePosition>2024-11-29</gml:timePosition>
</devDate>
<orgGILvl>25000</orgGILvl>
<loc>
<gml:Curve gml:id="K3_4640411724_6-g" srsName="fguuid:jgd2011.bl">
<gml:segments>
<gml:LineStringSegment>
<gml:posList>
32.567332750 128.900000000
32.567250556 128.900316389
32.567256389 128.900622500
32.567278889 128.900775556
32.567386111 128.901248056
32.567442500 128.901394444
32.567498889 128.901494167
32.567707500 128.901760556
32.567769444 128.901886944
32.567791944 128.901973333
32.567808889 128.902213056
32.567831389 128.902332778
32.567887778 128.902479167
32.568028889 128.902651944
32.568062778 128.902718333
32.568079722 128.902798333
32.568079722 128.902864722
32.568040000 128.903011389
32.568006389 128.903084444
32.567904722 128.903244167
32.567893611 128.903363889
32.567921667 128.903483611
32.567944167 128.903623333
32.567938611 128.903716667
32.567887778 128.903869722
32.567854167 128.903936111
32.567724444 128.904102500
32.567701667 128.904182500
32.567696111 128.904322222
32.567718611 128.904382222
32.567820278 128.904455278
32.567842778 128.904495278
32.567859722 128.904568333
32.567842778 128.904688333
32.567825833 128.904728056
32.567746944 128.904821389
32.567521389 128.904961111
32.567465000 128.905027500
32.567453611 128.905067500
32.567465000 128.905293889
32.567448056 128.905360278
32.567414167 128.905420278
32.567312778 128.905533333
32.567166111 128.905633056
32.567064444 128.905693056
32.566698056 128.905826111
32.566666667 128.905816000
</gml:posList>
</gml:LineStringSegment>
</gml:segments>
</gml:Curve>
</loc>
<type>一般等高線</type>
<alti>30</alti>
</Cntr>
<Cntr gml:id="K3_4640411724_7">
<fid>46404-11724-s-569</fid>
<lfSpanFr gml:id="K3_4640411724_7-1">
<gml:timePosition>2015-11-17</gml:timePosition>
</lfSpanFr>
<devDate gml:id="K3_4640411724_7-2">
<gml:timePosition>2024-11-29</gml:timePosition>
</devDate>
<orgGILvl>25000</orgGILvl>
<loc>
<gml:Curve gml:id="K3_4640411724_7-g" srsName="fguuid:jgd2011.bl">
<gml:segments>
<gml:LineStringSegment>
<gml:posList>
32.566666667 128.902898417
32.566703611 128.902958056
32.566765833 128.903117778
32.566799444 128.903250833
32.566810833 128.903343889
32.566799444 128.903476944
32.566731944 128.903809722
32.566666667 128.904017167
</gml:posList>
</gml:LineStringSegment>
</gml:segments>
</gml:Curve>
</loc>
<type>一般等高線</type>
<alti>90</alti>
</Cntr>
<Cntr gml:id="K3_4640411724_8">
<fid>46404-11724-s-570</fid>
<lfSpanFr gml:id="K3_4640411724_8-1">
<gml:timePosition>2015-11-17</gml:timePosition>
</lfSpanFr>
<devDate gml:id="K3_4640411724_8-2">
<gml:timePosition>2024-11-29</gml:timePosition>
</devDate>
<orgGILvl>25000</orgGILvl>
<loc>
<gml:Curve gml:id="K3_4640411724_8-g" srsName="fguuid:jgd2011.bl">
<gml:segments>
<gml:LineStringSegment>
<gml:posList>
32.566666667 128.900651917
32.566692500 128.900675833
32.566782500 128.900782222
32.566833333 128.900862222
32.566923611 128.901108333
32.567013889 128.901268056
32.567346389 128.901760556
32.567431111 128.901920278
32.567600278 128.902366111
32.567645278 128.902505833
32.567668056 128.902625278
32.567668056 128.902731667
32.567634167 128.902984722
32.567634167 128.903123333
32.567634167 128.903124444
32.567684722 128.903430556
32.567696111 128.903583611
32.567679167 128.903710000
32.567645278 128.903783056
32.567504444 128.903962778
32.567442500 128.904069444
32.567408611 128.904169167
32.567397222 128.904335556
32.567465000 128.904555000
32.567481944 128.904648333
32.567481944 128.904694722
32.567414167 128.904788056
32.567284444 128.904887778
32.567216944 128.904967778
32.567188611 128.905034167
32.567177222 128.905287222
32.567154722 128.905353611
32.567104167 128.905413611
32.566996944 128.905500000
32.566833333 128.905586667
32.566760000 128.905600000
32.566709444 128.905580000
32.566666667 128.905533167
</gml:posList>
</gml:LineStringSegment>
</gml:segments>
</gml:Curve>
</loc>
<type>一般等高線</type>
<alti>40</alti>
</Cntr>
<Cntr gml:id="K3_4640411724_9">
<fid>46404-11724-s-571</fid>
<lfSpanFr gml:id="K3_4640411724_9-1">
<gml:timePosition>2015-11-17</gml:timePosition>
</lfSpanFr>
<devDate gml:id="K3_4640411724_9-2">
<gml:timePosition>2024-11-29</gml:timePosition>
</devDate>
<orgGILvl>25000</orgGILvl>
<loc>
<gml:Curve gml:id="K3_4640411724_9-g" srsName="fguuid:jgd2011.bl">
<gml:segments>
<gml:LineStringSegment>
<gml:posList>
32.571518889 128.903363889
32.571546944 128.903190833
32.571546944 128.903091111
32.571558333 128.903077778
32.571586389 128.903077778
32.571642778 128.903131111
32.571716111 128.903157778
32.571823333 128.903151111
32.571874167 128.903170833
32.571896667 128.903197500
32.571953056 128.903323889
32.571975556 128.903470278
32.571970000 128.903623333
32.571970000 128.903763333
32.571981111 128.903889722
32.571953056 128.904142500
32.571879722 128.904368889
32.571840278 128.904441944
32.571811944 128.904428611
32.571795278 128.904408611
32.571778333 128.904255556
32.571755556 128.904215833
32.571716111 128.904182500
32.571558333 128.904142500
32.571518889 128.904102500
32.571440000 128.904029444
32.571372222 128.903969444
32.571332778 128.903896389
32.571321389 128.903823056
32.571332778 128.903750000
32.571372222 128.903656667
32.571507500 128.903443889
32.571518889 128.903363889
</gml:posList>
</gml:LineStringSegment>
</gml:segments>
</gml:Curve>
</loc>
<type>一般等高線</type>
<alti>5</alti>
</Cntr>
<Cntr gml:id="K3_4640411724_10">
<fid>46404-11724-s-572</fid>
<lfSpanFr gml:id="K3_4640411724_10-1">
<gml:timePosition>2015-11-17</gml:timePosition>
</lfSpanFr>
<devDate gml:id="K3_4640411724_10-2">
<gml:timePosition>2024-11-29</gml:timePosition>
</devDate>
<orgGILvl>25000</orgGILvl>
<loc>
<gml:Curve gml:id="K3_4640411724_10-g" srsName="fguuid:jgd2011.bl">
<gml:segments>
<gml:LineStringSegment>
<gml:posList>
32.566666667 128.902178333
32.566686667 128.902213056
32.566884167 128.902672222
32.566940556 128.902858056
32.566963056 128.902978056
32.566985556 128.903257500
32.566985556 128.903397222
32.566963056 128.903483611
32.566918056 128.903550278
32.566895278 128.903636667
32.566895278 128.903876389
32.566850278 128.904049444
32.566737500 128.904235556
32.566666667 128.904323500
</gml:posList>
</gml:LineStringSegment>
</gml:segments>
</gml:Curve>
</loc>
<type>一般等高線</type>
<alti>80</alti>
</Cntr>
<Cntr gml:id="K3_4640411724_11">
<fid>46404-11724-s-573</fid>
<lfSpanFr gml:id="K3_4640411724_11-1">
<gml:timePosition>2015-11-17</gml:timePosition>
</lfSpanFr>
<devDate gml:id="K3_4640411724_11-2">
<gml:timePosition>2024-11-29</gml:timePosition>
</devDate>
<orgGILvl>25000</orgGILvl>
<loc>
<gml:Curve gml:id="K3_4640411724_11-g" srsName="fguuid:jgd2011.bl">
<gml:segments>
<gml:LineStringSegment>
<gml:posList>
32.566666667 128.901587139
32.566720556 128.901647222
32.566850278 128.901740556
32.566923611 128.901813611
32.567008056 128.901960000
32.567058889 128.902066667
32.567126667 128.902259444
32.567166111 128.902485833
32.567188611 128.902745000
32.567295833 128.903104444
32.567329722 128.903290833
32.567329722 128.903476944
32.567261944 128.903889722
32.567216944 128.904049444
32.567120833 128.904248889
32.567008056 128.904421944
32.566974444 128.904495278
32.566968611 128.904581667
32.566985556 128.904655000
32.566980000 128.904768056
32.566918056 128.904861111
32.566872778 128.905014167
32.566838889 128.905067500
32.566805278 128.905094167
32.566726111 128.905094167
32.566666667 128.905072056
</gml:posList>
</gml:LineStringSegment>
</gml:segments>
</gml:Curve>
</loc>
<type>一般等高線</type>
<alti>60</alti>
</Cntr>
<Cntr gml:id="K3_4640411724_12">
<fid>46404-11724-s-574</fid>
<lfSpanFr gml:id="K3_4640411724_12-1">
<gml:timePosition>2015-11-17</gml:timePosition>
</lfSpanFr>
<devDate gml:id="K3_4640411724_12-2">
<gml:timePosition>2024-11-29</gml:timePosition>
</devDate>
<orgGILvl>25000</orgGILvl>
<loc>
<gml:Curve gml:id="K3_4640411724_12-g" srsName="fguuid:jgd2011.bl">
<gml:segments>
<gml:LineStringSegment>
<gml:posList>
32.566666667 128.906875472
32.566686667 128.906864167
32.566805278 128.906824444
32.567019444 128.906811111
32.567058889 128.906784444
32.567166111 128.906664722
32.567200000 128.906598056
32.567245000 128.906564722
32.567448056 128.906578056
32.567532500 128.906544722
32.567566389 128.906505000
32.567577778 128.906458333
32.567588889 128.906258611
32.567611667 128.906198889
32.567690556 128.906105556
32.567803333 128.906025833
32.567955556 128.905972500
32.568028889 128.905925833
32.568096389 128.905839444
32.568299444 128.905473333
32.568395000 128.905366944
32.568519167 128.905287222
32.568586944 128.905267222
32.568818056 128.905233889
32.568880000 128.905154167
32.568919444 128.905040833
32.568941944 128.904881111
32.568953333 128.904182500
32.568975833 128.904056111
32.569026667 128.903916389
32.569286111 128.903397222
32.569331111 128.903144444
32.569331111 128.902911389
32.569314167 128.902758333
32.569263611 128.902571944
32.569252222 128.902532222
32.569274722 128.902458889
32.569387500 128.902332500
32.569579167 128.902219444
32.569771111 128.902132778
32.569827500 128.902086389
32.569883889 128.902013056
32.569911944 128.901933333
32.569923333 128.901833333
32.569900833 128.901707222
32.569872500 128.901633889
32.569765278 128.901467778
32.569765278 128.901381111
32.569799167 128.901234722
32.569799167 128.901208056
32.569765278 128.901148333
32.569646944 128.901081667
32.569500278 128.901028333
32.569139444 128.900961944
32.569094444 128.900941944
32.569060556 128.900901944
32.569054722 128.900788889
32.569167778 128.900516111
32.569195833 128.900409444
32.569201389 128.900269722
32.569235278 128.900183333
32.569291667 128.900096944
32.569378611 128.900000000
</gml:posList>
</gml:LineStringSegment>
</gml:segments>
</gml:Curve>
</loc>
<type>一般等高線</type>
<alti>10</alti>
</Cntr>
<Cntr gml:id="K3_4640411724_13">
<fid>46404-11724-s-575</fid>
<lfSpanFr gml:id="K3_4640411724_13-1">
<gml:timePosition>2015-11-17</gml:timePosition>
</lfSpanFr>
<devDate gml:id="K3_4640411724_13-2">
<gml:timePosition>2024-11-29</gml:timePosition>
</devDate>
<orgGILvl>25000</orgGILvl>
<loc>
<gml:Curve gml:id="K3_4640411724_13-g" srsName="fguuid:jgd2011.bl">
<gml:segments>
<gml:LineStringSegment>
<gml:posList>
32.569937694 128.902631389
32.569827500 128.902891389
32.569816111 128.902944722
32.569816111 128.903011389
32.569844444 128.903197500
32.569838611 128.903310833
32.569816111 128.903390556
32.569776667 128.903463889
32.569680833 128.903576944
32.569579167 128.903670000
32.569534167 128.903730000
32.569506111 128.903796389
32.569506111 128.903976111
32.569528611 128.904162500
32.569528611 128.904255556
32.569500278 128.904348889
32.569449722 128.904448611
32.569353611 128.904561667
32.569269167 128.904661667
32.569212778 128.904748056
32.569173333 128.904874444
32.569173333 128.905160556
32.569150833 128.905293889
32.569105556 128.905380278
32.569071667 128.905420278
32.568970278 128.905473333
32.568880000 128.905533333
32.568784167 128.905653056
32.568765111 128.905704583
32.568744722 128.905759722
32.568744722 128.905832778
32.568761667 128.905892778
32.568863056 128.905999167
32.568941944 128.906039167
32.569060556 128.906045833
32.569145000 128.906072500
32.569173333 128.906098889
32.569195833 128.906145556
32.569184444 128.906198889
32.569088611 128.906345278
32.569004167 128.906398333
32.568953333 128.906431389
32.568840556 128.906505000
32.568603611 128.906598056
32.568536111 128.906631389
32.568502222 128.906624722
32.568401111 128.906671389
32.568321944 128.906678056
32.568220556 128.906704444
32.568175556 128.906717778
32.568085278 128.906737500
32.567966944 128.906731111
32.567448056 128.906811111
32.567318333 128.906850833
32.567238611 128.906876389
32.567137500 128.906905000
32.566810833 128.906964167
32.566726111 128.906997222
32.566666667 128.907007778
</gml:posList>
</gml:LineStringSegment>
</gml:segments>
</gml:Curve>
</loc>
<type>一般等高線</type>
<alti>5</alti>
</Cntr>
<Cntr gml:id="K3_4640411724_14">
<fid>46404-11724-s-576</fid>
<lfSpanFr gml:id="K3_4640411724_14-1">
<gml:timePosition>2015-11-17</gml:timePosition>
</lfSpanFr>
<devDate gml:id="K3_4640411724_14-2">
<gml:timePosition>2024-11-29</gml:timePosition>
</devDate>
<orgGILvl>25000</orgGILvl>
<loc>
<gml:Curve gml:id="K3_4640411724_14-g" srsName="fguuid:jgd2011.bl">
<gml:segments>
<gml:LineStringSegment>
<gml:posList>
32.566666667 128.905247833
32.566754444 128.905313611
32.566776944 128.905320278
32.566816389 128.905313611
32.566946111 128.905240556
32.566985556 128.905193889
32.566985556 128.905067500
32.567002500 128.905007500
32.567200000 128.904761389
32.567205556 128.904694722
32.567126667 128.904595000
32.567115278 128.904541944
32.567132222 128.904481944
32.567261944 128.904335556
32.567284444 128.904288889
32.567278889 128.904129167
32.567335278 128.903896389
32.567374722 128.903816389
32.567481944 128.903690000
32.567504444 128.903636667
32.567515556 128.903576944
32.567521389 128.903370556
32.567425556 128.903151111
32.567397222 128.903004722
32.567408611 128.902758333
32.567391667 128.902598889
32.567323889 128.902226389
32.567222500 128.901900278
32.567131639 128.901672972
32.567126667 128.901660556
32.567019444 128.901467778
32.566850278 128.901254722
32.566681111 128.901088333
32.566666667 128.901076222
</gml:posList>
</gml:LineStringSegment>
</gml:segments>
</gml:Curve>
</loc>
<type>一般等高線</type>
<alti>50</alti>
</Cntr>
</Dataset>
