<?xml version="1.0" encoding="utf-8"?>
<Dataset xsi:schemaLocation="http://fgd.gsi.go.jp/spec/2008/FGD_GMLSchema FGD_GMLSchema.xsd"
	xmlns:gml="http://www.opengis.net/gml/3.2"
	xmlns:xsi="http://www.w3.org/2001/XMLSchema-instance"
	xmlns:xlink="http://www.w3.org/1999/xlink"
	xmlns="http://fgd.gsi.go.jp/spec/2008/FGD_GMLSchema"
	gml:id="Dataset1">
  <gml:description>基盤地図情報メタデータ ID=fmdid:25-0101</gml:description>
  <gml:name>基盤地図情報ダウンロードデータ（GML版）</gml:name>
<ElevPt gml:id="K2_4639811718_1">
<fid>46398-11718-i-3</fid>
<lfSpanFr gml:id="K2_4639811718_1-1">
<gml:timePosition>2015-11-17</gml:timePosition>
</lfSpanFr>
<devDate gml:id="K2_4639811718_1-2">
<gml:timePosition>2024-11-29</gml:timePosition>
</devDate>
<orgGILvl>25000</orgGILvl>
<vis>表示</vis>
<pos>
<gml:Point gml:id="K2_4639811718_1-g" srsName="fguuid:jgd2011.bl">
<gml:pos>32.558308611 128.889781944</gml:pos>
</gml:Point>
</pos>
<type>標高点（測点）</type>
<alti>64</alti>
</ElevPt>
<ElevPt gml:id="K2_4640111721_1">
<fid>46401-11721-i-21</fid>
<lfSpanFr gml:id="K2_4640111721_1-1">
<gml:timePosition>2015-11-17</gml:timePosition>
</lfSpanFr>
<devDate gml:id="K2_4640111721_1-2">
<gml:timePosition>2024-11-29</gml:timePosition>
</devDate>
<orgGILvl>25000</orgGILvl>
<vis>表示</vis>
<pos>
<gml:Point gml:id="K2_4640111721_1-g" srsName="fguuid:jgd2011.bl">
<gml:pos>32.566190833 128.898533333</gml:pos>
</gml:Point>
</pos>
<type>標高点（測点）</type>
<alti>34</alti>
</ElevPt>
<ElevPt gml:id="K2_4640111721_2">
<fid>46401-11721-i-22</fid>
<lfSpanFr gml:id="K2_4640111721_2-1">
<gml:timePosition>2015-11-17</gml:timePosition>
</lfSpanFr>
<devDate gml:id="K2_4640111721_2-2">
<gml:timePosition>2024-11-29</gml:timePosition>
</devDate>
<orgGILvl>25000</orgGILvl>
<vis>表示</vis>
<pos>
<gml:Point gml:id="K2_4640111721_2-g" srsName="fguuid:jgd2011.bl">
<gml:pos>32.561923333 128.896708333</gml:pos>
</gml:Point>
</pos>
<type>標高点（測点）</type>
<alti>17</alti>
</ElevPt>
<ElevPt gml:id="K2_4640111724_1">
<fid>46401-11724-i-20</fid>
<lfSpanFr gml:id="K2_4640111724_1-1">
<gml:timePosition>2015-11-17</gml:timePosition>
</lfSpanFr>
<devDate gml:id="K2_4640111724_1-2">
<gml:timePosition>2024-11-29</gml:timePosition>
</devDate>
<orgGILvl>25000</orgGILvl>
<vis>表示</vis>
<pos>
<gml:Point gml:id="K2_4640111724_1-g" srsName="fguuid:jgd2011.bl">
<gml:pos>32.566973333 128.891897222</gml:pos>
</gml:Point>
</pos>
<type>標高点（測点）</type>
<alti>25</alti>
</ElevPt>
<ElevPt gml:id="K2_4640411721_1">
<fid>46404-11721-i-25</fid>
<lfSpanFr gml:id="K2_4640411721_1-1">
<gml:timePosition>2015-11-17</gml:timePosition>
</lfSpanFr>
<devDate gml:id="K2_4640411721_1-2">
<gml:timePosition>2024-11-29</gml:timePosition>
</devDate>
<orgGILvl>25000</orgGILvl>
<vis>表示</vis>
<pos>
<gml:Point gml:id="K2_4640411721_1-g" srsName="fguuid:jgd2011.bl">
<gml:pos>32.564868611 128.902338611</gml:pos>
</gml:Point>
</pos>
<type>標高点（測点）</type>
<alti>59</alti>
</ElevPt>
<ElevPt gml:id="K2_4640411724_1">
<fid>46404-11724-i-169</fid>
<lfSpanFr gml:id="K2_4640411724_1-1">
<gml:timePosition>2015-11-17</gml:timePosition>
</lfSpanFr>
<devDate gml:id="K2_4640411724_1-2">
<gml:timePosition>2024-11-29</gml:timePosition>
</devDate>
<orgGILvl>25000</orgGILvl>
<vis>表示</vis>
<pos>
<gml:Point gml:id="K2_4640411724_1-g" srsName="fguuid:jgd2011.bl">
<gml:pos>32.571675833 128.903323889</gml:pos>
</gml:Point>
</pos>
<type>標高点（測点）</type>
<alti>8</alti>
</ElevPt>
</Dataset>
