<?xml version="1.0" encoding="utf-8"?>
<Dataset xsi:schemaLocation="http://fgd.gsi.go.jp/spec/2008/FGD_GMLSchema FGD_GMLSchema.xsd"
	xmlns:gml="http://www.opengis.net/gml/3.2"
	xmlns:xsi="http://www.w3.org/2001/XMLSchema-instance"
	xmlns:xlink="http://www.w3.org/1999/xlink"
	xmlns="http://fgd.gsi.go.jp/spec/2008/FGD_GMLSchema"
	gml:id="Dataset1">
  <gml:description>基盤地図情報メタデータ ID=fmdid:24-0401</gml:description>
  <gml:name>基盤地図情報ダウンロードデータ（GML版）</gml:name>
<ElevPt gml:id="K2_4644011790_1">
<fid>46440-11790-i-15</fid>
<lfSpanFr gml:id="K2_4644011790_1-1">
<gml:timePosition>2015-11-17</gml:timePosition>
</lfSpanFr>
<devDate gml:id="K2_4644011790_1-2">
<gml:timePosition>2024-03-13</gml:timePosition>
</devDate>
<orgGILvl>25000</orgGILvl>
<vis>表示</vis>
<pos>
<gml:Point gml:id="K2_4644011790_1-g" srsName="fguuid:jgd2011.bl">
<gml:pos>32.755233056 129.005724722</gml:pos>
</gml:Point>
</pos>
<type>標高点（測点）</type>
<alti>52</alti>
</ElevPt>
<ElevPt gml:id="K2_4644011796_1">
<fid>46440-11796-i-47</fid>
<lfSpanFr gml:id="K2_4644011796_1-1">
<gml:timePosition>2015-11-17</gml:timePosition>
</lfSpanFr>
<devDate gml:id="K2_4644011796_1-2">
<gml:timePosition>2024-03-13</gml:timePosition>
</devDate>
<orgGILvl>25000</orgGILvl>
<vis>表示</vis>
<pos>
<gml:Point gml:id="K2_4644011796_1-g" srsName="fguuid:jgd2011.bl">
<gml:pos>32.771750000 129.005864167</gml:pos>
</gml:Point>
</pos>
<type>標高点（測点）</type>
<alti>128</alti>
</ElevPt>
<ElevPt gml:id="K2_4644011799_1">
<fid>46440-11799-i-31</fid>
<lfSpanFr gml:id="K2_4644011799_1-1">
<gml:timePosition>2015-11-17</gml:timePosition>
</lfSpanFr>
<devDate gml:id="K2_4644011799_1-2">
<gml:timePosition>2024-03-13</gml:timePosition>
</devDate>
<orgGILvl>25000</orgGILvl>
<vis>表示</vis>
<pos>
<gml:Point gml:id="K2_4644011799_1-g" srsName="fguuid:jgd2011.bl">
<gml:pos>32.781195278 129.001657778</gml:pos>
</gml:Point>
</pos>
<type>標高点（測点）</type>
<alti>10</alti>
</ElevPt>
<ElevPt gml:id="K2_4645511814_1">
<fid>46455-11814-i-14</fid>
<lfSpanFr gml:id="K2_4645511814_1-1">
<gml:timePosition>2015-11-17</gml:timePosition>
</lfSpanFr>
<devDate gml:id="K2_4645511814_1-2">
<gml:timePosition>2024-03-13</gml:timePosition>
</devDate>
<orgGILvl>25000</orgGILvl>
<vis>表示</vis>
<pos>
<gml:Point gml:id="K2_4645511814_1-g" srsName="fguuid:jgd2011.bl">
<gml:pos>32.824505000 129.043647778</gml:pos>
</gml:Point>
</pos>
<type>標高点（測点）</type>
<alti>43</alti>
</ElevPt>
<ElevPt gml:id="K2_4645511814_2">
<fid>46455-11814-i-15</fid>
<lfSpanFr gml:id="K2_4645511814_2-1">
<gml:timePosition>2015-11-17</gml:timePosition>
</lfSpanFr>
<devDate gml:id="K2_4645511814_2-2">
<gml:timePosition>2024-03-13</gml:timePosition>
</devDate>
<orgGILvl>25000</orgGILvl>
<vis>表示</vis>
<pos>
<gml:Point gml:id="K2_4645511814_2-g" srsName="fguuid:jgd2011.bl">
<gml:pos>32.820200000 129.046522500</gml:pos>
</gml:Point>
</pos>
<type>標高点（測点）</type>
<alti>60</alti>
</ElevPt>
<ElevPt gml:id="K2_4645511817_1">
<fid>46455-11817-i-34</fid>
<lfSpanFr gml:id="K2_4645511817_1-1">
<gml:timePosition>2015-11-17</gml:timePosition>
</lfSpanFr>
<devDate gml:id="K2_4645511817_1-2">
<gml:timePosition>2024-03-13</gml:timePosition>
</devDate>
<orgGILvl>25000</orgGILvl>
<vis>表示</vis>
<pos>
<gml:Point gml:id="K2_4645511817_1-g" srsName="fguuid:jgd2011.bl">
<gml:pos>32.830345556 129.048840000</gml:pos>
</gml:Point>
</pos>
<type>標高点（測点）</type>
<alti>160</alti>
</ElevPt>
<ElevPt gml:id="K2_4645811811_1">
<fid>46458-11811-i-6</fid>
<lfSpanFr gml:id="K2_4645811811_1-1">
<gml:timePosition>2015-11-17</gml:timePosition>
</lfSpanFr>
<devDate gml:id="K2_4645811811_1-2">
<gml:timePosition>2024-03-13</gml:timePosition>
</devDate>
<orgGILvl>25000</orgGILvl>
<vis>表示</vis>
<pos>
<gml:Point gml:id="K2_4645811811_1-g" srsName="fguuid:jgd2011.bl">
<gml:pos>32.813265556 129.055054167</gml:pos>
</gml:Point>
</pos>
<type>標高点（測点）</type>
<alti>15</alti>
</ElevPt>
<ElevPt gml:id="K2_4645811817_1">
<fid>46458-11817-i-111</fid>
<lfSpanFr gml:id="K2_4645811817_1-1">
<gml:timePosition>2020-02-20</gml:timePosition>
</lfSpanFr>
<devDate gml:id="K2_4645811817_1-2">
<gml:timePosition>2024-03-13</gml:timePosition>
</devDate>
<orgGILvl>25000</orgGILvl>
<vis>表示</vis>
<pos>
<gml:Point gml:id="K2_4645811817_1-g" srsName="fguuid:jgd2011.bl">
<gml:pos>32.832613611 129.051368333</gml:pos>
</gml:Point>
</pos>
<type>標高点（測点）</type>
<alti>189</alti>
</ElevPt>
<ElevPt gml:id="K2_4645811817_2">
<fid>46458-11817-i-112</fid>
<lfSpanFr gml:id="K2_4645811817_2-1">
<gml:timePosition>2020-02-20</gml:timePosition>
</lfSpanFr>
<devDate gml:id="K2_4645811817_2-2">
<gml:timePosition>2024-03-13</gml:timePosition>
</devDate>
<orgGILvl>25000</orgGILvl>
<vis>表示</vis>
<pos>
<gml:Point gml:id="K2_4645811817_2-g" srsName="fguuid:jgd2011.bl">
<gml:pos>32.825708611 129.057623611</gml:pos>
</gml:Point>
</pos>
<type>標高点（測点）</type>
<alti>230</alti>
</ElevPt>
<ElevPt gml:id="K2_4646111811_1">
<fid>46461-11811-i-18</fid>
<lfSpanFr gml:id="K2_4646111811_1-1">
<gml:timePosition>2015-11-17</gml:timePosition>
</lfSpanFr>
<devDate gml:id="K2_4646111811_1-2">
<gml:timePosition>2024-03-13</gml:timePosition>
</devDate>
<orgGILvl>25000</orgGILvl>
<vis>表示</vis>
<pos>
<gml:Point gml:id="K2_4646111811_1-g" srsName="fguuid:jgd2011.bl">
<gml:pos>32.815453056 129.063316111</gml:pos>
</gml:Point>
</pos>
<type>標高点（測点）</type>
<alti>62</alti>
</ElevPt>
<ElevPt gml:id="K2_4646111814_1">
<fid>46461-11814-i-64</fid>
<lfSpanFr gml:id="K2_4646111814_1-1">
<gml:timePosition>2015-11-17</gml:timePosition>
</lfSpanFr>
<devDate gml:id="K2_4646111814_1-2">
<gml:timePosition>2024-03-13</gml:timePosition>
</devDate>
<orgGILvl>25000</orgGILvl>
<vis>表示</vis>
<pos>
<gml:Point gml:id="K2_4646111814_1-g" srsName="fguuid:jgd2011.bl">
<gml:pos>32.821837500 129.060404167</gml:pos>
</gml:Point>
</pos>
<type>標高点（測点）</type>
<alti>233</alti>
</ElevPt>
<ElevPt gml:id="K2_4646111817_1">
<fid>46461-11817-i-127</fid>
<lfSpanFr gml:id="K2_4646111817_1-1">
<gml:timePosition>2020-02-20</gml:timePosition>
</lfSpanFr>
<devDate gml:id="K2_4646111817_1-2">
<gml:timePosition>2024-03-13</gml:timePosition>
</devDate>
<orgGILvl>25000</orgGILvl>
<vis>表示</vis>
<pos>
<gml:Point gml:id="K2_4646111817_1-g" srsName="fguuid:jgd2011.bl">
<gml:pos>32.833202222 129.064259444</gml:pos>
</gml:Point>
</pos>
<type>標高点（測点）</type>
<alti>173</alti>
</ElevPt>
</Dataset>
