<?xml version="1.0" encoding="utf-8"?>
<Dataset xsi:schemaLocation="http://fgd.gsi.go.jp/spec/2008/FGD_GMLSchema FGD_GMLSchema.xsd"
	xmlns:gml="http://www.opengis.net/gml/3.2"
	xmlns:xsi="http://www.w3.org/2001/XMLSchema-instance"
	xmlns:xlink="http://www.w3.org/1999/xlink"
	xmlns="http://fgd.gsi.go.jp/spec/2008/FGD_GMLSchema"
	gml:id="Dataset1">
  <gml:description>基盤地図情報メタデータ ID=fmdid:24-0401</gml:description>
  <gml:name>基盤地図情報ダウンロードデータ（GML版）</gml:name>
<GCP gml:id="K1_492910_1">
<fid>10-00100-0-2303-150992</fid>
<lfSpanFr gml:id="K1_492910_1-1">
<gml:timePosition>2024-03-06</gml:timePosition>
</lfSpanFr>
<devDate gml:id="K1_492910_1-2">
<gml:timePosition>2024-03-13</gml:timePosition>
</devDate>
<orgGILvl>KJ11</orgGILvl>
<vis>表示</vis>
<pos>
<gml:Point gml:id="K1_492910_1-g" srsName="fguuid:jgd2011.bl">
<gml:pos>32.772815139 129.000369111</gml:pos>
</gml:Point>
</pos>
<orgName>国土地理院</orgName>
<type>三角点</type>
<gcpClass>一等三角点</gcpClass>
<gcpCode>TR14929102001</gcpCode>
<name>樺島</name>
<B>117982.1345</B>
<L>464401.3288</L>
<alti>325.88</alti>
<altiAcc>2</altiAcc>
</GCP>
<GCP gml:id="K1_492910_2">
<fid>10-00100-0-2303-158708</fid>
<lfSpanFr gml:id="K1_492910_2-1">
<gml:timePosition>2024-03-06</gml:timePosition>
</lfSpanFr>
<devDate gml:id="K1_492910_2-2">
<gml:timePosition>2024-03-13</gml:timePosition>
</devDate>
<orgGILvl>KJ13</orgGILvl>
<vis>表示</vis>
<pos>
<gml:Point gml:id="K1_492910_2-g" srsName="fguuid:jgd2011.bl">
<gml:pos>32.831652667 129.003734944</gml:pos>
</gml:Point>
</pos>
<orgName>国土地理院</orgName>
<type>三角点</type>
<gcpClass>三等三角点</gcpClass>
<gcpCode>TR34929109001</gcpCode>
<name>辺暮島</name>
<B>118193.9496</B>
<L>464413.4458</L>
<alti>71.08</alti>
<altiAcc>2</altiAcc>
</GCP>
<GCP gml:id="K1_492910_3">
<fid>10-00100-0-2303-158709</fid>
<lfSpanFr gml:id="K1_492910_3-1">
<gml:timePosition>2024-03-06</gml:timePosition>
</lfSpanFr>
<devDate gml:id="K1_492910_3-2">
<gml:timePosition>2024-03-13</gml:timePosition>
</devDate>
<orgGILvl>KJ13</orgGILvl>
<vis>表示</vis>
<pos>
<gml:Point gml:id="K1_492910_3-g" srsName="fguuid:jgd2011.bl">
<gml:pos>32.833066333 129.058780611</gml:pos>
</gml:Point>
</pos>
<orgName>国土地理院</orgName>
<type>三角点</type>
<gcpClass>三等三角点</gcpClass>
<gcpCode>TR34929109401</gcpCode>
<name>虎星山</name>
<B>118199.0388</B>
<L>464611.6102</L>
<alti>254.21</alti>
<altiAcc>2</altiAcc>
</GCP>
<GCP gml:id="K1_492910_4">
<fid>10-00100-0-2303-194654</fid>
<lfSpanFr gml:id="K1_492910_4-1">
<gml:timePosition>2024-03-06</gml:timePosition>
</lfSpanFr>
<devDate gml:id="K1_492910_4-2">
<gml:timePosition>2024-03-13</gml:timePosition>
</devDate>
<orgGILvl>KJ14</orgGILvl>
<vis>表示</vis>
<pos>
<gml:Point gml:id="K1_492910_4-g" srsName="fguuid:jgd2011.bl">
<gml:pos>32.823032444 129.047979167</gml:pos>
</gml:Point>
</pos>
<orgName>国土地理院</orgName>
<type>三角点</type>
<gcpClass>四等三角点</gcpClass>
<gcpCode>TR44929108301</gcpCode>
<name>入鹿</name>
<B>118162.9168</B>
<L>464572.725</L>
<alti>126.92</alti>
<altiAcc>2</altiAcc>
</GCP>
</Dataset>
