<?xml version="1.0" encoding="utf-8"?>
<Dataset xsi:schemaLocation="http://fgd.gsi.go.jp/spec/2008/FGD_GMLSchema FGD_GMLSchema.xsd"
	xmlns:gml="http://www.opengis.net/gml/3.2"
	xmlns:xsi="http://www.w3.org/2001/XMLSchema-instance"
	xmlns:xlink="http://www.w3.org/1999/xlink"
	xmlns="http://fgd.gsi.go.jp/spec/2008/FGD_GMLSchema"
	gml:id="Dataset1">
  <gml:description>基盤地図情報メタデータ ID=fmdid:24-0401</gml:description>
  <gml:name>基盤地図情報ダウンロードデータ（GML版）</gml:name>
<BldL gml:id="K18_4644011790_1">
<fid>46440-11790-s-1583</fid>
<lfSpanFr gml:id="K18_4644011790_1-1">
<gml:timePosition>2018-08-08</gml:timePosition>
</lfSpanFr>
<devDate gml:id="K18_4644011790_1-2">
<gml:timePosition>2024-03-13</gml:timePosition>
</devDate>
<orgGILvl>25000</orgGILvl>
<loc>
<gml:Curve gml:id="K18_4644011790_1-g" srsName="fguuid:jgd2011.bl">
<gml:segments>
<gml:LineStringSegment>
<gml:posList>
32.757421111 129.000094722
32.757415556 129.000161389
32.757359167 129.000154722
32.757302778 129.000108056
32.757308333 129.000074722
32.757330833 129.000041389
32.757342222 129.000028056
32.757364722 129.000041389
32.757421111 129.000094722
</gml:posList>
</gml:LineStringSegment>
</gml:segments>
</gml:Curve>
</loc>
<type>普通建物</type>
</BldL>
<BldL gml:id="K18_4644011790_2">
<fid>46440-11790-s-1584</fid>
<lfSpanFr gml:id="K18_4644011790_2-1">
<gml:timePosition>2018-08-08</gml:timePosition>
</lfSpanFr>
<devDate gml:id="K18_4644011790_2-2">
<gml:timePosition>2024-03-13</gml:timePosition>
</devDate>
<orgGILvl>25000</orgGILvl>
<loc>
<gml:Curve gml:id="K18_4644011790_2-g" srsName="fguuid:jgd2011.bl">
<gml:segments>
<gml:LineStringSegment>
<gml:posList>
32.754450000 129.000181389
32.754438611 129.000221389
32.754382222 129.000234722
32.754342778 129.000094722
32.754348333 129.000061389
32.754410556 129.000041389
32.754450000 129.000181389
</gml:posList>
</gml:LineStringSegment>
</gml:segments>
</gml:Curve>
</loc>
<type>普通建物</type>
</BldL>
<BldL gml:id="K18_4644011790_3">
<fid>46440-11790-s-1585</fid>
<lfSpanFr gml:id="K18_4644011790_3-1">
<gml:timePosition>2018-08-08</gml:timePosition>
</lfSpanFr>
<devDate gml:id="K18_4644011790_3-2">
<gml:timePosition>2024-03-13</gml:timePosition>
</devDate>
<orgGILvl>25000</orgGILvl>
<loc>
<gml:Curve gml:id="K18_4644011790_3-g" srsName="fguuid:jgd2011.bl">
<gml:segments>
<gml:LineStringSegment>
<gml:posList>
32.755447778 129.000495000
32.755425000 129.000521667
32.755374444 129.000535000
32.755340556 129.000448333
32.755295278 129.000341667
32.755295278 129.000315000
32.755368611 129.000281667
32.755419444 129.000408333
32.755430833 129.000455000
32.755447778 129.000495000
</gml:posList>
</gml:LineStringSegment>
</gml:segments>
</gml:Curve>
</loc>
<type>普通建物</type>
</BldL>
<BldL gml:id="K18_4644011790_4">
<fid>46440-11790-s-1586</fid>
<lfSpanFr gml:id="K18_4644011790_4-1">
<gml:timePosition>2018-08-08</gml:timePosition>
</lfSpanFr>
<devDate gml:id="K18_4644011790_4-2">
<gml:timePosition>2024-03-13</gml:timePosition>
</devDate>
<orgGILvl>25000</orgGILvl>
<loc>
<gml:Curve gml:id="K18_4644011790_4-g" srsName="fguuid:jgd2011.bl">
<gml:segments>
<gml:LineStringSegment>
<gml:posList>
32.755464444 129.000828333
32.755419444 129.000908611
32.755340556 129.000841667
32.755312500 129.000815000
32.755323889 129.000788333
32.755363056 129.000735000
32.755464444 129.000828333
</gml:posList>
</gml:LineStringSegment>
</gml:segments>
</gml:Curve>
</loc>
<type>普通建物</type>
</BldL>
<BldL gml:id="K18_4644011790_5">
<fid>46440-11790-s-1587</fid>
<lfSpanFr gml:id="K18_4644011790_5-1">
<gml:timePosition>2018-08-08</gml:timePosition>
</lfSpanFr>
<devDate gml:id="K18_4644011790_5-2">
<gml:timePosition>2024-03-13</gml:timePosition>
</devDate>
<orgGILvl>25000</orgGILvl>
<loc>
<gml:Curve gml:id="K18_4644011790_5-g" srsName="fguuid:jgd2011.bl">
<gml:segments>
<gml:LineStringSegment>
<gml:posList>
32.754855833 129.000868333
32.754821944 129.000908611
32.754788333 129.000908611
32.754743056 129.000795000
32.754748611 129.000768333
32.754805000 129.000735000
32.754855833 129.000868333
</gml:posList>
</gml:LineStringSegment>
</gml:segments>
</gml:Curve>
</loc>
<type>普通建物</type>
</BldL>
<BldL gml:id="K18_4644011790_6">
<fid>46440-11790-s-1588</fid>
<lfSpanFr gml:id="K18_4644011790_6-1">
<gml:timePosition>2018-08-08</gml:timePosition>
</lfSpanFr>
<devDate gml:id="K18_4644011790_6-2">
<gml:timePosition>2024-03-13</gml:timePosition>
</devDate>
<orgGILvl>25000</orgGILvl>
<loc>
<gml:Curve gml:id="K18_4644011790_6-g" srsName="fguuid:jgd2011.bl">
<gml:segments>
<gml:LineStringSegment>
<gml:posList>
32.758333333 129.000923000
32.758289444 129.000848333
32.758295278 129.000828333
32.758333333 129.000796833
</gml:posList>
</gml:LineStringSegment>
</gml:segments>
</gml:Curve>
</loc>
<type>普通建物</type>
</BldL>
<BldL gml:id="K18_4644011790_7">
<fid>46440-11790-s-1589</fid>
<lfSpanFr gml:id="K18_4644011790_7-1">
<gml:timePosition>2018-08-08</gml:timePosition>
</lfSpanFr>
<devDate gml:id="K18_4644011790_7-2">
<gml:timePosition>2024-03-13</gml:timePosition>
</devDate>
<orgGILvl>25000</orgGILvl>
<loc>
<gml:Curve gml:id="K18_4644011790_7-g" srsName="fguuid:jgd2011.bl">
<gml:segments>
<gml:LineStringSegment>
<gml:posList>
32.754940556 129.001041944
32.754867222 129.001095278
32.754810833 129.000981944
32.754878333 129.000928611
32.754901111 129.000961944
32.754940556 129.001041944
</gml:posList>
</gml:LineStringSegment>
</gml:segments>
</gml:Curve>
</loc>
<type>普通建物</type>
</BldL>
<BldL gml:id="K18_4644011790_8">
<fid>46440-11790-s-1590</fid>
<lfSpanFr gml:id="K18_4644011790_8-1">
<gml:timePosition>2018-08-08</gml:timePosition>
</lfSpanFr>
<devDate gml:id="K18_4644011790_8-2">
<gml:timePosition>2024-03-13</gml:timePosition>
</devDate>
<orgGILvl>25000</orgGILvl>
<loc>
<gml:Curve gml:id="K18_4644011790_8-g" srsName="fguuid:jgd2011.bl">
<gml:segments>
<gml:LineStringSegment>
<gml:posList>
32.755639444 129.001255556
32.755622500 129.001295556
32.755566111 129.001315556
32.755504167 129.001155278
32.755509722 129.001135278
32.755532222 129.001115278
32.755577222 129.001095278
32.755616944 129.001201944
32.755628056 129.001215278
32.755639444 129.001255556
</gml:posList>
</gml:LineStringSegment>
</gml:segments>
</gml:Curve>
</loc>
<type>普通建物</type>
</BldL>
<BldL gml:id="K18_4644011790_9">
<fid>46440-11790-s-1591</fid>
<lfSpanFr gml:id="K18_4644011790_9-1">
<gml:timePosition>2018-08-08</gml:timePosition>
</lfSpanFr>
<devDate gml:id="K18_4644011790_9-2">
<gml:timePosition>2024-03-13</gml:timePosition>
</devDate>
<orgGILvl>25000</orgGILvl>
<loc>
<gml:Curve gml:id="K18_4644011790_9-g" srsName="fguuid:jgd2011.bl">
<gml:segments>
<gml:LineStringSegment>
<gml:posList>
32.757212500 129.002316389
32.757206944 129.002383056
32.757133611 129.002383056
32.757122222 129.002216389
32.757167500 129.002196111
32.757184444 129.002203056
32.757195556 129.002216389
32.757195556 129.002236389
32.757212500 129.002316389
</gml:posList>
</gml:LineStringSegment>
</gml:segments>
</gml:Curve>
</loc>
<type>普通建物</type>
</BldL>
<BldL gml:id="K18_4644011790_10">
<fid>46440-11790-s-2221</fid>
<lfSpanFr gml:id="K18_4644011790_10-1">
<gml:timePosition>2018-08-08</gml:timePosition>
</lfSpanFr>
<devDate gml:id="K18_4644011790_10-2">
<gml:timePosition>2024-03-13</gml:timePosition>
</devDate>
<orgGILvl>25000</orgGILvl>
<loc>
<gml:Curve gml:id="K18_4644011790_10-g" srsName="fguuid:jgd2011.bl">
<gml:segments>
<gml:LineStringSegment>
<gml:posList>
32.755739521 129.001652987
32.755693138 129.001509171
32.755728695 129.001493179
32.755774987 129.001636994
32.755739521 129.001652987
</gml:posList>
</gml:LineStringSegment>
</gml:segments>
</gml:Curve>
</loc>
<type>普通建物</type>
</BldL>
<BldL gml:id="K18_4644011790_11">
<fid>46440-11790-s-2222</fid>
<lfSpanFr gml:id="K18_4644011790_11-1">
<gml:timePosition>2018-08-08</gml:timePosition>
</lfSpanFr>
<devDate gml:id="K18_4644011790_11-2">
<gml:timePosition>2024-03-13</gml:timePosition>
</devDate>
<orgGILvl>25000</orgGILvl>
<loc>
<gml:Curve gml:id="K18_4644011790_11-g" srsName="fguuid:jgd2011.bl">
<gml:segments>
<gml:LineStringSegment>
<gml:posList>
32.752222684 129.002050884
32.752219579 129.001904913
32.752276565 129.001903208
32.752277121 129.001929564
32.752308319 129.001928643
32.752310779 129.002048260
32.752222684 129.002050884
</gml:posList>
</gml:LineStringSegment>
</gml:segments>
</gml:Curve>
</loc>
<type>普通建物</type>
</BldL>
<BldL gml:id="K18_4644011793_1">
<fid>46440-11793-s-954</fid>
<lfSpanFr gml:id="K18_4644011793_1-1">
<gml:timePosition>2018-08-08</gml:timePosition>
</lfSpanFr>
<devDate gml:id="K18_4644011793_1-2">
<gml:timePosition>2024-03-13</gml:timePosition>
</devDate>
<orgGILvl>25000</orgGILvl>
<loc>
<gml:Curve gml:id="K18_4644011793_1-g" srsName="fguuid:jgd2011.bl">
<gml:segments>
<gml:LineStringSegment>
<gml:posList>
32.759896389 129.000274722
32.759885000 129.000301389
32.759811667 129.000348056
32.759727222 129.000401389
32.759704444 129.000361389
32.759704444 129.000301389
32.759862500 129.000214444
32.759896389 129.000274722
</gml:posList>
</gml:LineStringSegment>
</gml:segments>
</gml:Curve>
</loc>
<type>普通建物</type>
</BldL>
<BldL gml:id="K18_4644011793_2">
<fid>46440-11793-s-955</fid>
<lfSpanFr gml:id="K18_4644011793_2-1">
<gml:timePosition>2018-08-08</gml:timePosition>
</lfSpanFr>
<devDate gml:id="K18_4644011793_2-2">
<gml:timePosition>2024-03-13</gml:timePosition>
</devDate>
<orgGILvl>25000</orgGILvl>
<loc>
<gml:Curve gml:id="K18_4644011793_2-g" srsName="fguuid:jgd2011.bl">
<gml:segments>
<gml:LineStringSegment>
<gml:posList>
32.761864167 129.000775000
32.761858611 129.000855000
32.761723056 129.000868333
32.761689444 129.000855000
32.761700556 129.000815000
32.761689444 129.000788333
32.761706389 129.000761667
32.761858611 129.000761667
32.761864167 129.000775000
</gml:posList>
</gml:LineStringSegment>
</gml:segments>
</gml:Curve>
</loc>
<type>普通建物</type>
</BldL>
<BldL gml:id="K18_4644011793_3">
<fid>46440-11793-s-956</fid>
<lfSpanFr gml:id="K18_4644011793_3-1">
<gml:timePosition>2018-08-08</gml:timePosition>
</lfSpanFr>
<devDate gml:id="K18_4644011793_3-2">
<gml:timePosition>2024-03-13</gml:timePosition>
</devDate>
<orgGILvl>25000</orgGILvl>
<loc>
<gml:Curve gml:id="K18_4644011793_3-g" srsName="fguuid:jgd2011.bl">
<gml:segments>
<gml:LineStringSegment>
<gml:posList>
32.758441667 129.000948611
32.758408056 129.000988611
32.758379722 129.001001944
32.758333333 129.000923000
</gml:posList>
</gml:LineStringSegment>
</gml:segments>
</gml:Curve>
</loc>
<type>普通建物</type>
</BldL>
<BldL gml:id="K18_4644011793_4">
<fid>46440-11793-s-957</fid>
<lfSpanFr gml:id="K18_4644011793_4-1">
<gml:timePosition>2018-08-08</gml:timePosition>
</lfSpanFr>
<devDate gml:id="K18_4644011793_4-2">
<gml:timePosition>2024-03-13</gml:timePosition>
</devDate>
<orgGILvl>25000</orgGILvl>
<loc>
<gml:Curve gml:id="K18_4644011793_4-g" srsName="fguuid:jgd2011.bl">
<gml:segments>
<gml:LineStringSegment>
<gml:posList>
32.758333333 129.000796833
32.758351667 129.000781667
32.758419167 129.000901944
32.758424722 129.000928611
32.758441667 129.000948611
</gml:posList>
</gml:LineStringSegment>
</gml:segments>
</gml:Curve>
</loc>
<type>普通建物</type>
</BldL>
<BldL gml:id="K18_4644011793_5">
<fid>46440-11793-s-958</fid>
<lfSpanFr gml:id="K18_4644011793_5-1">
<gml:timePosition>2018-08-08</gml:timePosition>
</lfSpanFr>
<devDate gml:id="K18_4644011793_5-2">
<gml:timePosition>2024-03-13</gml:timePosition>
</devDate>
<orgGILvl>25000</orgGILvl>
<loc>
<gml:Curve gml:id="K18_4644011793_5-g" srsName="fguuid:jgd2011.bl">
<gml:segments>
<gml:LineStringSegment>
<gml:posList>
32.761751389 129.001181944
32.761734444 129.001248889
32.761689444 129.001362222
32.761638611 129.001342222
32.761621667 129.001322222
32.761689444 129.001161944
32.761751389 129.001181944
</gml:posList>
</gml:LineStringSegment>
</gml:segments>
</gml:Curve>
</loc>
<type>普通建物</type>
</BldL>
<BldL gml:id="K18_4644011793_6">
<fid>46440-11793-s-959</fid>
<lfSpanFr gml:id="K18_4644011793_6-1">
<gml:timePosition>2018-08-08</gml:timePosition>
</lfSpanFr>
<devDate gml:id="K18_4644011793_6-2">
<gml:timePosition>2024-03-13</gml:timePosition>
</devDate>
<orgGILvl>25000</orgGILvl>
<loc>
<gml:Curve gml:id="K18_4644011793_6-g" srsName="fguuid:jgd2011.bl">
<gml:segments>
<gml:LineStringSegment>
<gml:posList>
32.761582222 129.001215278
32.761565278 129.001262222
32.761553889 129.001268889
32.761542778 129.001295556
32.761396111 129.001188611
32.761401667 129.001161944
32.761424444 129.001115278
32.761463889 129.001128611
32.761582222 129.001215278
</gml:posList>
</gml:LineStringSegment>
</gml:segments>
</gml:Curve>
</loc>
<type>普通建物</type>
</BldL>
<BldL gml:id="K18_4645511814_1">
<fid>46455-11814-s-1149</fid>
<lfSpanFr gml:id="K18_4645511814_1-1">
<gml:timePosition>2020-02-20</gml:timePosition>
</lfSpanFr>
<devDate gml:id="K18_4645511814_1-2">
<gml:timePosition>2024-03-13</gml:timePosition>
</devDate>
<orgGILvl>25000</orgGILvl>
<loc>
<gml:Curve gml:id="K18_4645511814_1-g" srsName="fguuid:jgd2011.bl">
<gml:segments>
<gml:LineStringSegment>
<gml:posList>
32.823687778 129.049945000
32.823676667 129.049971667
32.823662972 129.050000000
</gml:posList>
</gml:LineStringSegment>
</gml:segments>
</gml:Curve>
</loc>
<type>普通建物</type>
</BldL>
<BldL gml:id="K18_4645511814_2">
<fid>46455-11814-s-1150</fid>
<lfSpanFr gml:id="K18_4645511814_2-1">
<gml:timePosition>2020-02-20</gml:timePosition>
</lfSpanFr>
<devDate gml:id="K18_4645511814_2-2">
<gml:timePosition>2024-03-13</gml:timePosition>
</devDate>
<orgGILvl>25000</orgGILvl>
<loc>
<gml:Curve gml:id="K18_4645511814_2-g" srsName="fguuid:jgd2011.bl">
<gml:segments>
<gml:LineStringSegment>
<gml:posList>
32.823570306 129.050000000
32.823614444 129.049905000
32.823670833 129.049938333
32.823687778 129.049945000
</gml:posList>
</gml:LineStringSegment>
</gml:segments>
</gml:Curve>
</loc>
<type>普通建物</type>
</BldL>
<BldL gml:id="K18_4645511817_1">
<fid>46455-11817-s-687</fid>
<lfSpanFr gml:id="K18_4645511817_1-1">
<gml:timePosition>2020-02-20</gml:timePosition>
</lfSpanFr>
<devDate gml:id="K18_4645511817_1-2">
<gml:timePosition>2024-03-13</gml:timePosition>
</devDate>
<orgGILvl>25000</orgGILvl>
<loc>
<gml:Curve gml:id="K18_4645511817_1-g" srsName="fguuid:jgd2011.bl">
<gml:segments>
<gml:LineStringSegment>
<gml:posList>
32.832471944 129.047816667
32.832443889 129.047903333
32.832421111 129.047903333
32.832325278 129.047843333
32.832342222 129.047783333
32.832365000 129.047763056
32.832421111 129.047783333
32.832471944 129.047816667
</gml:posList>
</gml:LineStringSegment>
</gml:segments>
</gml:Curve>
</loc>
<type>普通建物</type>
</BldL>
<BldL gml:id="K18_4645511817_2">
<fid>46455-11817-s-688</fid>
<lfSpanFr gml:id="K18_4645511817_2-1">
<gml:timePosition>2020-02-20</gml:timePosition>
</lfSpanFr>
<devDate gml:id="K18_4645511817_2-2">
<gml:timePosition>2024-03-13</gml:timePosition>
</devDate>
<orgGILvl>25000</orgGILvl>
<loc>
<gml:Curve gml:id="K18_4645511817_2-g" srsName="fguuid:jgd2011.bl">
<gml:segments>
<gml:LineStringSegment>
<gml:posList>
32.832720000 129.047903333
32.832697500 129.047956667
32.832675000 129.047983333
32.832590278 129.047903333
32.832618611 129.047850000
32.832646667 129.047830000
32.832720000 129.047903333
</gml:posList>
</gml:LineStringSegment>
</gml:segments>
</gml:Curve>
</loc>
<type>普通建物</type>
</BldL>
<BldL gml:id="K18_4645511817_3">
<fid>46455-11817-s-689</fid>
<lfSpanFr gml:id="K18_4645511817_3-1">
<gml:timePosition>2020-02-20</gml:timePosition>
</lfSpanFr>
<devDate gml:id="K18_4645511817_3-2">
<gml:timePosition>2024-03-13</gml:timePosition>
</devDate>
<orgGILvl>25000</orgGILvl>
<loc>
<gml:Curve gml:id="K18_4645511817_3-g" srsName="fguuid:jgd2011.bl">
<gml:segments>
<gml:LineStringSegment>
<gml:posList>
32.832827222 129.048143611
32.832810278 129.048170278
32.832759444 129.048203611
32.832714444 129.048116944
32.832714444 129.048076667
32.832759444 129.048043333
32.832782222 129.048050000
32.832827222 129.048143611
</gml:posList>
</gml:LineStringSegment>
</gml:segments>
</gml:Curve>
</loc>
<type>普通建物</type>
</BldL>
<BldL gml:id="K18_4645511817_4">
<fid>46455-11817-s-690</fid>
<lfSpanFr gml:id="K18_4645511817_4-1">
<gml:timePosition>2020-02-20</gml:timePosition>
</lfSpanFr>
<devDate gml:id="K18_4645511817_4-2">
<gml:timePosition>2024-03-13</gml:timePosition>
</devDate>
<orgGILvl>25000</orgGILvl>
<loc>
<gml:Curve gml:id="K18_4645511817_4-g" srsName="fguuid:jgd2011.bl">
<gml:segments>
<gml:LineStringSegment>
<gml:posList>
32.827437222 129.049684722
32.827426111 129.049751667
32.827296389 129.049751667
32.827290556 129.049651389
32.827431667 129.049651389
32.827437222 129.049684722
</gml:posList>
</gml:LineStringSegment>
</gml:segments>
</gml:Curve>
</loc>
<type>普通建物</type>
</BldL>
<BldL gml:id="K18_4645511817_5">
<fid>46455-11817-s-935</fid>
<lfSpanFr gml:id="K18_4645511817_5-1">
<gml:timePosition>2020-02-20</gml:timePosition>
</lfSpanFr>
<devDate gml:id="K18_4645511817_5-2">
<gml:timePosition>2024-03-13</gml:timePosition>
</devDate>
<orgGILvl>25000</orgGILvl>
<loc>
<gml:Curve gml:id="K18_4645511817_5-g" srsName="fguuid:jgd2011.bl">
<gml:segments>
<gml:LineStringSegment>
<gml:posList>
32.827837614 129.049926914
32.827828752 129.049995423
32.827773527 129.049985341
32.827782389 129.049916939
32.827837614 129.049926914
</gml:posList>
</gml:LineStringSegment>
</gml:segments>
</gml:Curve>
</loc>
<type>普通建物</type>
</BldL>
<BldL gml:id="K18_4645811814_1">
<fid>46458-11814-s-1138</fid>
<lfSpanFr gml:id="K18_4645811814_1-1">
<gml:timePosition>2020-02-20</gml:timePosition>
</lfSpanFr>
<devDate gml:id="K18_4645811814_1-2">
<gml:timePosition>2024-03-13</gml:timePosition>
</devDate>
<orgGILvl>25000</orgGILvl>
<loc>
<gml:Curve gml:id="K18_4645811814_1-g" srsName="fguuid:jgd2011.bl">
<gml:segments>
<gml:LineStringSegment>
<gml:posList>
32.823662972 129.050000000
32.823631389 129.050065278
32.823625833 129.050091944
32.823603333 129.050125278
32.823541111 129.050085278
32.823552500 129.050038333
32.823570306 129.050000000
</gml:posList>
</gml:LineStringSegment>
</gml:segments>
</gml:Curve>
</loc>
<type>普通建物</type>
</BldL>
<BldL gml:id="K18_4645811814_2">
<fid>46458-11814-s-1139</fid>
<lfSpanFr gml:id="K18_4645811814_2-1">
<gml:timePosition>2020-02-20</gml:timePosition>
</lfSpanFr>
<devDate gml:id="K18_4645811814_2-2">
<gml:timePosition>2024-03-13</gml:timePosition>
</devDate>
<orgGILvl>25000</orgGILvl>
<loc>
<gml:Curve gml:id="K18_4645811814_2-g" srsName="fguuid:jgd2011.bl">
<gml:segments>
<gml:LineStringSegment>
<gml:posList>
32.823518611 129.050305278
32.823490556 129.050392222
32.823439722 129.050485556
32.823417222 129.050472222
32.823383333 129.050438889
32.823388889 129.050398889
32.823417222 129.050351944
32.823451111 129.050271944
32.823490556 129.050285278
32.823518611 129.050305278
</gml:posList>
</gml:LineStringSegment>
</gml:segments>
</gml:Curve>
</loc>
<type>普通建物</type>
</BldL>
<BldL gml:id="K18_4645811814_3">
<fid>46458-11814-s-1140</fid>
<lfSpanFr gml:id="K18_4645811814_3-1">
<gml:timePosition>2020-02-20</gml:timePosition>
</lfSpanFr>
<devDate gml:id="K18_4645811814_3-2">
<gml:timePosition>2024-03-13</gml:timePosition>
</devDate>
<orgGILvl>25000</orgGILvl>
<loc>
<gml:Curve gml:id="K18_4645811814_3-g" srsName="fguuid:jgd2011.bl">
<gml:segments>
<gml:LineStringSegment>
<gml:posList>
32.825000000 129.052910111
32.824979167 129.052860556
32.824979167 129.052847222
32.824967778 129.052840556
32.825000000 129.052806278
</gml:posList>
</gml:LineStringSegment>
</gml:segments>
</gml:Curve>
</loc>
<type>普通建物</type>
</BldL>
<BldL gml:id="K18_4645811817_1">
<fid>46458-11817-s-838</fid>
<lfSpanFr gml:id="K18_4645811817_1-1">
<gml:timePosition>2020-02-20</gml:timePosition>
</lfSpanFr>
<devDate gml:id="K18_4645811817_1-2">
<gml:timePosition>2024-03-13</gml:timePosition>
</devDate>
<orgGILvl>25000</orgGILvl>
<loc>
<gml:Curve gml:id="K18_4645811817_1-g" srsName="fguuid:jgd2011.bl">
<gml:segments>
<gml:LineStringSegment>
<gml:posList>
32.827651389 129.050432222
32.827566944 129.050438889
32.827561389 129.050251944
32.827645833 129.050245278
32.827651389 129.050432222
</gml:posList>
</gml:LineStringSegment>
</gml:segments>
</gml:Curve>
</loc>
<type>普通建物</type>
</BldL>
<BldL gml:id="K18_4645811817_2">
<fid>46458-11817-s-839</fid>
<lfSpanFr gml:id="K18_4645811817_2-1">
<gml:timePosition>2020-02-20</gml:timePosition>
</lfSpanFr>
<devDate gml:id="K18_4645811817_2-2">
<gml:timePosition>2024-03-13</gml:timePosition>
</devDate>
<orgGILvl>25000</orgGILvl>
<loc>
<gml:Curve gml:id="K18_4645811817_2-g" srsName="fguuid:jgd2011.bl">
<gml:segments>
<gml:LineStringSegment>
<gml:posList>
32.828496944 129.051326111
32.828485833 129.051413056
32.828457500 129.051453056
32.828350556 129.051346111
32.828390000 129.051272778
32.828457500 129.051279444
32.828496944 129.051326111
</gml:posList>
</gml:LineStringSegment>
</gml:segments>
</gml:Curve>
</loc>
<type>普通建物</type>
</BldL>
<BldL gml:id="K18_4645811817_3">
<fid>46458-11817-s-840</fid>
<lfSpanFr gml:id="K18_4645811817_3-1">
<gml:timePosition>2020-02-20</gml:timePosition>
</lfSpanFr>
<devDate gml:id="K18_4645811817_3-2">
<gml:timePosition>2024-03-13</gml:timePosition>
</devDate>
<orgGILvl>25000</orgGILvl>
<loc>
<gml:Curve gml:id="K18_4645811817_3-g" srsName="fguuid:jgd2011.bl">
<gml:segments>
<gml:LineStringSegment>
<gml:posList>
32.828153056 129.051346111
32.828141944 129.051366389
32.828079722 129.051366389
32.828035000 129.051373056
32.828023611 129.051319444
32.828029167 129.051252778
32.828141944 129.051246111
32.828147500 129.051339444
32.828153056 129.051346111
</gml:posList>
</gml:LineStringSegment>
</gml:segments>
</gml:Curve>
</loc>
<type>普通建物</type>
</BldL>
<BldL gml:id="K18_4645811817_4">
<fid>46458-11817-s-841</fid>
<lfSpanFr gml:id="K18_4645811817_4-1">
<gml:timePosition>2020-02-20</gml:timePosition>
</lfSpanFr>
<devDate gml:id="K18_4645811817_4-2">
<gml:timePosition>2024-03-13</gml:timePosition>
</devDate>
<orgGILvl>25000</orgGILvl>
<loc>
<gml:Curve gml:id="K18_4645811817_4-g" srsName="fguuid:jgd2011.bl">
<gml:segments>
<gml:LineStringSegment>
<gml:posList>
32.827707778 129.051359722
32.827696667 129.051459722
32.827685278 129.051539722
32.827623333 129.051539722
32.827589444 129.051526389
32.827595000 129.051426389
32.827606389 129.051353056
32.827628889 129.051339444
32.827645833 129.051326111
32.827702222 129.051353056
32.827707778 129.051359722
</gml:posList>
</gml:LineStringSegment>
</gml:segments>
</gml:Curve>
</loc>
<type>普通建物</type>
</BldL>
<BldL gml:id="K18_4645811817_5">
<fid>46458-11817-s-842</fid>
<lfSpanFr gml:id="K18_4645811817_5-1">
<gml:timePosition>2020-02-20</gml:timePosition>
</lfSpanFr>
<devDate gml:id="K18_4645811817_5-2">
<gml:timePosition>2024-03-13</gml:timePosition>
</devDate>
<orgGILvl>25000</orgGILvl>
<loc>
<gml:Curve gml:id="K18_4645811817_5-g" srsName="fguuid:jgd2011.bl">
<gml:segments>
<gml:LineStringSegment>
<gml:posList>
32.828305278 129.051406389
32.828299722 129.051446389
32.828248889 129.051519722
32.828237778 129.051546389
32.828192500 129.051533056
32.828170000 129.051506389
32.828175556 129.051486389
32.828192500 129.051446389
32.828243333 129.051359722
32.828305278 129.051406389
</gml:posList>
</gml:LineStringSegment>
</gml:segments>
</gml:Curve>
</loc>
<type>普通建物</type>
</BldL>
<BldL gml:id="K18_4645811817_6">
<fid>46458-11817-s-843</fid>
<lfSpanFr gml:id="K18_4645811817_6-1">
<gml:timePosition>2020-02-20</gml:timePosition>
</lfSpanFr>
<devDate gml:id="K18_4645811817_6-2">
<gml:timePosition>2024-03-13</gml:timePosition>
</devDate>
<orgGILvl>25000</orgGILvl>
<loc>
<gml:Curve gml:id="K18_4645811817_6-g" srsName="fguuid:jgd2011.bl">
<gml:segments>
<gml:LineStringSegment>
<gml:posList>
32.827922222 129.051433056
32.827910833 129.051446389
32.827786944 129.051446389
32.827781111 129.051353056
32.827916667 129.051353056
32.827922222 129.051433056
</gml:posList>
</gml:LineStringSegment>
</gml:segments>
</gml:Curve>
</loc>
<type>普通建物</type>
</BldL>
<BldL gml:id="K18_4645811817_7">
<fid>46458-11817-s-844</fid>
<lfSpanFr gml:id="K18_4645811817_7-1">
<gml:timePosition>2020-02-20</gml:timePosition>
</lfSpanFr>
<devDate gml:id="K18_4645811817_7-2">
<gml:timePosition>2024-03-13</gml:timePosition>
</devDate>
<orgGILvl>25000</orgGILvl>
<loc>
<gml:Curve gml:id="K18_4645811817_7-g" srsName="fguuid:jgd2011.bl">
<gml:segments>
<gml:LineStringSegment>
<gml:posList>
32.828260278 129.051672778
32.828220833 129.051759722
32.828125278 129.051686389
32.828068889 129.051646389
32.828108056 129.051566389
32.828153056 129.051593056
32.828260278 129.051672778
</gml:posList>
</gml:LineStringSegment>
</gml:segments>
</gml:Curve>
</loc>
<type>普通建物</type>
</BldL>
<BldL gml:id="K18_4645811817_8">
<fid>46458-11817-s-845</fid>
<lfSpanFr gml:id="K18_4645811817_8-1">
<gml:timePosition>2020-02-20</gml:timePosition>
</lfSpanFr>
<devDate gml:id="K18_4645811817_8-2">
<gml:timePosition>2024-03-13</gml:timePosition>
</devDate>
<orgGILvl>25000</orgGILvl>
<loc>
<gml:Curve gml:id="K18_4645811817_8-g" srsName="fguuid:jgd2011.bl">
<gml:segments>
<gml:LineStringSegment>
<gml:posList>
32.828841111 129.051799722
32.828829722 129.051826389
32.828829722 129.051966389
32.828812778 129.051986389
32.828756389 129.051986389
32.828761944 129.051773056
32.828835278 129.051786389
32.828841111 129.051799722
</gml:posList>
</gml:LineStringSegment>
</gml:segments>
</gml:Curve>
</loc>
<type>普通建物</type>
</BldL>
<BldL gml:id="K18_4645811817_9">
<fid>46458-11817-s-846</fid>
<lfSpanFr gml:id="K18_4645811817_9-1">
<gml:timePosition>2020-02-20</gml:timePosition>
</lfSpanFr>
<devDate gml:id="K18_4645811817_9-2">
<gml:timePosition>2024-03-13</gml:timePosition>
</devDate>
<orgGILvl>25000</orgGILvl>
<loc>
<gml:Curve gml:id="K18_4645811817_9-g" srsName="fguuid:jgd2011.bl">
<gml:segments>
<gml:LineStringSegment>
<gml:posList>
32.826879167 129.051800000
32.826839444 129.051886667
32.826726667 129.051813333
32.826766389 129.051726667
32.826879167 129.051800000
</gml:posList>
</gml:LineStringSegment>
</gml:segments>
</gml:Curve>
</loc>
<type>普通建物</type>
</BldL>
<BldL gml:id="K18_4645811817_10">
<fid>46458-11817-s-847</fid>
<lfSpanFr gml:id="K18_4645811817_10-1">
<gml:timePosition>2020-02-20</gml:timePosition>
</lfSpanFr>
<devDate gml:id="K18_4645811817_10-2">
<gml:timePosition>2024-03-13</gml:timePosition>
</devDate>
<orgGILvl>25000</orgGILvl>
<loc>
<gml:Curve gml:id="K18_4645811817_10-g" srsName="fguuid:jgd2011.bl">
<gml:segments>
<gml:LineStringSegment>
<gml:posList>
32.828655000 129.051813056
32.828643611 129.051859722
32.828626667 129.051893056
32.828592778 129.051879722
32.828485833 129.051806389
32.828435000 129.051766389
32.828435000 129.051726389
32.828474444 129.051679722
32.828559167 129.051739722
32.828649167 129.051799722
32.828655000 129.051813056
</gml:posList>
</gml:LineStringSegment>
</gml:segments>
</gml:Curve>
</loc>
<type>普通建物</type>
</BldL>
<BldL gml:id="K18_4645811817_11">
<fid>46458-11817-s-848</fid>
<lfSpanFr gml:id="K18_4645811817_11-1">
<gml:timePosition>2020-02-20</gml:timePosition>
</lfSpanFr>
<devDate gml:id="K18_4645811817_11-2">
<gml:timePosition>2024-03-13</gml:timePosition>
</devDate>
<orgGILvl>25000</orgGILvl>
<loc>
<gml:Curve gml:id="K18_4645811817_11-g" srsName="fguuid:jgd2011.bl">
<gml:segments>
<gml:LineStringSegment>
<gml:posList>
32.828035000 129.051899722
32.828023611 129.051939722
32.827984167 129.052033333
32.827961667 129.052033333
32.827922222 129.052020000
32.827922222 129.051986389
32.827967222 129.051873056
32.828023611 129.051893056
32.828035000 129.051899722
</gml:posList>
</gml:LineStringSegment>
</gml:segments>
</gml:Curve>
</loc>
<type>普通建物</type>
</BldL>
<BldL gml:id="K18_4645811817_12">
<fid>46458-11817-s-849</fid>
<lfSpanFr gml:id="K18_4645811817_12-1">
<gml:timePosition>2020-02-20</gml:timePosition>
</lfSpanFr>
<devDate gml:id="K18_4645811817_12-2">
<gml:timePosition>2024-03-13</gml:timePosition>
</devDate>
<orgGILvl>25000</orgGILvl>
<loc>
<gml:Curve gml:id="K18_4645811817_12-g" srsName="fguuid:jgd2011.bl">
<gml:segments>
<gml:LineStringSegment>
<gml:posList>
32.828260278 129.051913056
32.828215000 129.052000000
32.828125278 129.051913056
32.828102500 129.051893056
32.828136389 129.051866389
32.828158889 129.051826389
32.828260278 129.051913056
</gml:posList>
</gml:LineStringSegment>
</gml:segments>
</gml:Curve>
</loc>
<type>普通建物</type>
</BldL>
<BldL gml:id="K18_4645811817_13">
<fid>46458-11817-s-850</fid>
<lfSpanFr gml:id="K18_4645811817_13-1">
<gml:timePosition>2020-02-20</gml:timePosition>
</lfSpanFr>
<devDate gml:id="K18_4645811817_13-2">
<gml:timePosition>2024-03-13</gml:timePosition>
</devDate>
<orgGILvl>25000</orgGILvl>
<loc>
<gml:Curve gml:id="K18_4645811817_13-g" srsName="fguuid:jgd2011.bl">
<gml:segments>
<gml:LineStringSegment>
<gml:posList>
32.828615556 129.052026667
32.828609722 129.052093333
32.828547778 129.052086667
32.828480000 129.052040000
32.828463333 129.052040000
32.828468889 129.052006667
32.828480000 129.051993056
32.828485833 129.051953056
32.828508333 129.051939722
32.828559167 129.051986389
32.828615556 129.052026667
</gml:posList>
</gml:LineStringSegment>
</gml:segments>
</gml:Curve>
</loc>
<type>普通建物</type>
</BldL>
<BldL gml:id="K18_4645811817_14">
<fid>46458-11817-s-851</fid>
<lfSpanFr gml:id="K18_4645811817_14-1">
<gml:timePosition>2020-02-20</gml:timePosition>
</lfSpanFr>
<devDate gml:id="K18_4645811817_14-2">
<gml:timePosition>2024-03-13</gml:timePosition>
</devDate>
<orgGILvl>25000</orgGILvl>
<loc>
<gml:Curve gml:id="K18_4645811817_14-g" srsName="fguuid:jgd2011.bl">
<gml:segments>
<gml:LineStringSegment>
<gml:posList>
32.828852222 129.052073333
32.828841111 129.052146667
32.828801389 129.052146667
32.828694444 129.052113333
32.828694444 129.052046667
32.828733889 129.052033333
32.828801389 129.052053333
32.828835278 129.052060000
32.828852222 129.052073333
</gml:posList>
</gml:LineStringSegment>
</gml:segments>
</gml:Curve>
</loc>
<type>普通建物</type>
</BldL>
<BldL gml:id="K18_4645811817_15">
<fid>46458-11817-s-852</fid>
<lfSpanFr gml:id="K18_4645811817_15-1">
<gml:timePosition>2020-02-20</gml:timePosition>
</lfSpanFr>
<devDate gml:id="K18_4645811817_15-2">
<gml:timePosition>2024-03-13</gml:timePosition>
</devDate>
<orgGILvl>25000</orgGILvl>
<loc>
<gml:Curve gml:id="K18_4645811817_15-g" srsName="fguuid:jgd2011.bl">
<gml:segments>
<gml:LineStringSegment>
<gml:posList>
32.827916667 129.052093333
32.827882778 129.052180000
32.827775556 129.052140000
32.827764167 129.052113333
32.827781111 129.052080000
32.827786944 129.052040000
32.827916667 129.052093333
</gml:posList>
</gml:LineStringSegment>
</gml:segments>
</gml:Curve>
</loc>
<type>普通建物</type>
</BldL>
<BldL gml:id="K18_4645811817_16">
<fid>46458-11817-s-853</fid>
<lfSpanFr gml:id="K18_4645811817_16-1">
<gml:timePosition>2020-02-20</gml:timePosition>
</lfSpanFr>
<devDate gml:id="K18_4645811817_16-2">
<gml:timePosition>2024-03-13</gml:timePosition>
</devDate>
<orgGILvl>25000</orgGILvl>
<loc>
<gml:Curve gml:id="K18_4645811817_16-g" srsName="fguuid:jgd2011.bl">
<gml:segments>
<gml:LineStringSegment>
<gml:posList>
32.828356111 129.052146667
32.828310833 129.052226667
32.828192778 129.052113333
32.828237778 129.052040000
32.828356111 129.052146667
</gml:posList>
</gml:LineStringSegment>
</gml:segments>
</gml:Curve>
</loc>
<type>普通建物</type>
</BldL>
<BldL gml:id="K18_4645811817_17">
<fid>46458-11817-s-854</fid>
<lfSpanFr gml:id="K18_4645811817_17-1">
<gml:timePosition>2020-02-20</gml:timePosition>
</lfSpanFr>
<devDate gml:id="K18_4645811817_17-2">
<gml:timePosition>2024-03-13</gml:timePosition>
</devDate>
<orgGILvl>25000</orgGILvl>
<loc>
<gml:Curve gml:id="K18_4645811817_17-g" srsName="fguuid:jgd2011.bl">
<gml:segments>
<gml:LineStringSegment>
<gml:posList>
32.828108333 129.052173333
32.828080000 129.052240000
32.828057500 129.052253333
32.828035000 129.052226667
32.827973056 129.052186667
32.827961667 129.052166667
32.827967222 129.052140000
32.827978611 129.052126667
32.827984167 129.052100000
32.828018056 129.052093333
32.828040556 129.052120000
32.828108333 129.052173333
</gml:posList>
</gml:LineStringSegment>
</gml:segments>
</gml:Curve>
</loc>
<type>普通建物</type>
</BldL>
<BldL gml:id="K18_4645811817_18">
<fid>46458-11817-s-855</fid>
<lfSpanFr gml:id="K18_4645811817_18-1">
<gml:timePosition>2020-02-20</gml:timePosition>
</lfSpanFr>
<devDate gml:id="K18_4645811817_18-2">
<gml:timePosition>2024-03-13</gml:timePosition>
</devDate>
<orgGILvl>25000</orgGILvl>
<loc>
<gml:Curve gml:id="K18_4645811817_18-g" srsName="fguuid:jgd2011.bl">
<gml:segments>
<gml:LineStringSegment>
<gml:posList>
32.827296389 129.052200000
32.827256944 129.052273333
32.827223056 129.052273333
32.827081944 129.052206667
32.827104444 129.052126667
32.827296389 129.052200000
</gml:posList>
</gml:LineStringSegment>
</gml:segments>
</gml:Curve>
</loc>
<type>普通建物</type>
</BldL>
<BldL gml:id="K18_4645811817_19">
<fid>46458-11817-s-856</fid>
<lfSpanFr gml:id="K18_4645811817_19-1">
<gml:timePosition>2020-02-20</gml:timePosition>
</lfSpanFr>
<devDate gml:id="K18_4645811817_19-2">
<gml:timePosition>2024-03-13</gml:timePosition>
</devDate>
<orgGILvl>25000</orgGILvl>
<loc>
<gml:Curve gml:id="K18_4645811817_19-g" srsName="fguuid:jgd2011.bl">
<gml:segments>
<gml:LineStringSegment>
<gml:posList>
32.827645833 129.052253333
32.827634722 129.052293333
32.827510556 129.052326944
32.827471111 129.052320000
32.827459722 129.052306667
32.827459722 129.052246667
32.827572500 129.052213333
32.827634722 129.052213333
32.827645833 129.052253333
</gml:posList>
</gml:LineStringSegment>
</gml:segments>
</gml:Curve>
</loc>
<type>普通建物</type>
</BldL>
<BldL gml:id="K18_4645811817_20">
<fid>46458-11817-s-857</fid>
<lfSpanFr gml:id="K18_4645811817_20-1">
<gml:timePosition>2020-02-20</gml:timePosition>
</lfSpanFr>
<devDate gml:id="K18_4645811817_20-2">
<gml:timePosition>2024-03-13</gml:timePosition>
</devDate>
<orgGILvl>25000</orgGILvl>
<loc>
<gml:Curve gml:id="K18_4645811817_20-g" srsName="fguuid:jgd2011.bl">
<gml:segments>
<gml:LineStringSegment>
<gml:posList>
32.825734444 129.052260278
32.825723056 129.052306944
32.825655556 129.052306944
32.825644167 129.052146944
32.825700556 129.052140278
32.825723056 129.052140278
32.825734444 129.052260278
</gml:posList>
</gml:LineStringSegment>
</gml:segments>
</gml:Curve>
</loc>
<type>普通建物</type>
</BldL>
<BldL gml:id="K18_4645811817_21">
<fid>46458-11817-s-858</fid>
<lfSpanFr gml:id="K18_4645811817_21-1">
<gml:timePosition>2020-02-20</gml:timePosition>
</lfSpanFr>
<devDate gml:id="K18_4645811817_21-2">
<gml:timePosition>2024-03-13</gml:timePosition>
</devDate>
<orgGILvl>25000</orgGILvl>
<loc>
<gml:Curve gml:id="K18_4645811817_21-g" srsName="fguuid:jgd2011.bl">
<gml:segments>
<gml:LineStringSegment>
<gml:posList>
32.828175556 129.052303056
32.828268889 129.052436944
32.828206667 129.052494444
32.828108611 129.052353333
32.828175556 129.052303056
</gml:posList>
</gml:LineStringSegment>
</gml:segments>
</gml:Curve>
</loc>
<type>普通建物</type>
</BldL>
<BldL gml:id="K18_4645811817_22">
<fid>46458-11817-s-859</fid>
<lfSpanFr gml:id="K18_4645811817_22-1">
<gml:timePosition>2020-02-20</gml:timePosition>
</lfSpanFr>
<devDate gml:id="K18_4645811817_22-2">
<gml:timePosition>2024-03-13</gml:timePosition>
</devDate>
<orgGILvl>25000</orgGILvl>
<loc>
<gml:Curve gml:id="K18_4645811817_22-g" srsName="fguuid:jgd2011.bl">
<gml:segments>
<gml:LineStringSegment>
<gml:posList>
32.828592778 129.052353611
32.828553333 129.052433611
32.828542222 129.052433611
32.828491389 129.052380278
32.828423611 129.052320000
32.828463333 129.052240000
32.828536389 129.052300000
32.828592778 129.052353611
</gml:posList>
</gml:LineStringSegment>
</gml:segments>
</gml:Curve>
</loc>
<type>普通建物</type>
</BldL>
<BldL gml:id="K18_4645811817_23">
<fid>46458-11817-s-860</fid>
<lfSpanFr gml:id="K18_4645811817_23-1">
<gml:timePosition>2020-02-20</gml:timePosition>
</lfSpanFr>
<devDate gml:id="K18_4645811817_23-2">
<gml:timePosition>2024-03-13</gml:timePosition>
</devDate>
<orgGILvl>25000</orgGILvl>
<loc>
<gml:Curve gml:id="K18_4645811817_23-g" srsName="fguuid:jgd2011.bl">
<gml:segments>
<gml:LineStringSegment>
<gml:posList>
32.829066667 129.052353611
32.829049722 129.052406944
32.829015833 129.052466944
32.828965000 129.052560278
32.828936944 129.052553611
32.828903056 129.052520278
32.828886111 129.052513611
32.828931111 129.052440278
32.828959444 129.052366944
32.828857778 129.052260000
32.828863611 129.052233333
32.828903056 129.052186667
32.828936944 129.052206667
32.829066667 129.052353611
</gml:posList>
</gml:LineStringSegment>
</gml:segments>
</gml:Curve>
</loc>
<type>普通建物</type>
</BldL>
<BldL gml:id="K18_4645811817_24">
<fid>46458-11817-s-861</fid>
<lfSpanFr gml:id="K18_4645811817_24-1">
<gml:timePosition>2020-02-20</gml:timePosition>
</lfSpanFr>
<devDate gml:id="K18_4645811817_24-2">
<gml:timePosition>2024-03-13</gml:timePosition>
</devDate>
<orgGILvl>25000</orgGILvl>
<loc>
<gml:Curve gml:id="K18_4645811817_24-g" srsName="fguuid:jgd2011.bl">
<gml:segments>
<gml:LineStringSegment>
<gml:posList>
32.826303889 129.052380278
32.826241944 129.052520278
32.826168611 129.052466944
32.826230556 129.052333611
32.826303889 129.052380278
</gml:posList>
</gml:LineStringSegment>
</gml:segments>
</gml:Curve>
</loc>
<type>普通建物</type>
</BldL>
<BldL gml:id="K18_4645811817_25">
<fid>46458-11817-s-862</fid>
<lfSpanFr gml:id="K18_4645811817_25-1">
<gml:timePosition>2020-02-20</gml:timePosition>
</lfSpanFr>
<devDate gml:id="K18_4645811817_25-2">
<gml:timePosition>2024-03-13</gml:timePosition>
</devDate>
<orgGILvl>25000</orgGILvl>
<loc>
<gml:Curve gml:id="K18_4645811817_25-g" srsName="fguuid:jgd2011.bl">
<gml:segments>
<gml:LineStringSegment>
<gml:posList>
32.825317222 129.052413889
32.825305833 129.052453889
32.825243889 129.052586944
32.825210000 129.052586944
32.825170556 129.052553889
32.825181667 129.052507222
32.825215556 129.052447222
32.825243889 129.052393889
32.825255000 129.052380556
32.825300278 129.052407222
32.825317222 129.052413889
</gml:posList>
</gml:LineStringSegment>
</gml:segments>
</gml:Curve>
</loc>
<type>普通建物</type>
</BldL>
<BldL gml:id="K18_4645811817_26">
<fid>46458-11817-s-863</fid>
<lfSpanFr gml:id="K18_4645811817_26-1">
<gml:timePosition>2020-02-20</gml:timePosition>
</lfSpanFr>
<devDate gml:id="K18_4645811817_26-2">
<gml:timePosition>2024-03-13</gml:timePosition>
</devDate>
<orgGILvl>25000</orgGILvl>
<loc>
<gml:Curve gml:id="K18_4645811817_26-g" srsName="fguuid:jgd2011.bl">
<gml:segments>
<gml:LineStringSegment>
<gml:posList>
32.825638611 129.052466944
32.825627222 129.052460278
32.825616111 129.052460278
32.825616111 129.052500278
32.825548333 129.052506944
32.825548333 129.052440556
32.825536944 129.052400556
32.825520000 129.052353889
32.825520000 129.052300278
32.825587778 129.052286944
32.825599167 129.052313611
32.825599167 129.052327222
32.825621667 129.052387222
32.825621667 129.052427222
32.825638611 129.052466944
</gml:posList>
</gml:LineStringSegment>
</gml:segments>
</gml:Curve>
</loc>
<type>普通建物</type>
</BldL>
<BldL gml:id="K18_4645811817_27">
<fid>46458-11817-s-864</fid>
<lfSpanFr gml:id="K18_4645811817_27-1">
<gml:timePosition>2020-02-20</gml:timePosition>
</lfSpanFr>
<devDate gml:id="K18_4645811817_27-2">
<gml:timePosition>2024-03-13</gml:timePosition>
</devDate>
<orgGILvl>25000</orgGILvl>
<loc>
<gml:Curve gml:id="K18_4645811817_27-g" srsName="fguuid:jgd2011.bl">
<gml:segments>
<gml:LineStringSegment>
<gml:posList>
32.828074444 129.052466944
32.828063056 129.052513611
32.828029444 129.052540278
32.828018056 129.052540278
32.828001111 129.052500278
32.827939167 129.052413611
32.827916667 129.052360278
32.827950278 129.052320000
32.827989722 129.052320000
32.828035000 129.052393611
32.828046111 129.052420278
32.828074444 129.052466944
</gml:posList>
</gml:LineStringSegment>
</gml:segments>
</gml:Curve>
</loc>
<type>普通建物</type>
</BldL>
<BldL gml:id="K18_4645811817_28">
<fid>46458-11817-s-865</fid>
<lfSpanFr gml:id="K18_4645811817_28-1">
<gml:timePosition>2020-02-20</gml:timePosition>
</lfSpanFr>
<devDate gml:id="K18_4645811817_28-2">
<gml:timePosition>2024-03-13</gml:timePosition>
</devDate>
<orgGILvl>25000</orgGILvl>
<loc>
<gml:Curve gml:id="K18_4645811817_28-g" srsName="fguuid:jgd2011.bl">
<gml:segments>
<gml:LineStringSegment>
<gml:posList>
32.827922222 129.052486944
32.827871389 129.052546944
32.827848889 129.052533611
32.827770000 129.052406944
32.827775556 129.052373611
32.827820556 129.052333611
32.827854444 129.052366944
32.827876944 129.052420278
32.827922222 129.052486944
</gml:posList>
</gml:LineStringSegment>
</gml:segments>
</gml:Curve>
</loc>
<type>普通建物</type>
</BldL>
<BldL gml:id="K18_4645811817_29">
<fid>46458-11817-s-866</fid>
<lfSpanFr gml:id="K18_4645811817_29-1">
<gml:timePosition>2020-02-20</gml:timePosition>
</lfSpanFr>
<devDate gml:id="K18_4645811817_29-2">
<gml:timePosition>2024-03-13</gml:timePosition>
</devDate>
<orgGILvl>25000</orgGILvl>
<loc>
<gml:Curve gml:id="K18_4645811817_29-g" srsName="fguuid:jgd2011.bl">
<gml:segments>
<gml:LineStringSegment>
<gml:posList>
32.826027500 129.052620278
32.826016389 129.052760556
32.825954167 129.052767222
32.825954167 129.052626944
32.825965556 129.052613611
32.826021944 129.052613611
32.826027500 129.052620278
</gml:posList>
</gml:LineStringSegment>
</gml:segments>
</gml:Curve>
</loc>
<type>普通建物</type>
</BldL>
<BldL gml:id="K18_4645811817_30">
<fid>46458-11817-s-867</fid>
<lfSpanFr gml:id="K18_4645811817_30-1">
<gml:timePosition>2020-02-20</gml:timePosition>
</lfSpanFr>
<devDate gml:id="K18_4645811817_30-2">
<gml:timePosition>2024-03-13</gml:timePosition>
</devDate>
<orgGILvl>25000</orgGILvl>
<loc>
<gml:Curve gml:id="K18_4645811817_30-g" srsName="fguuid:jgd2011.bl">
<gml:segments>
<gml:LineStringSegment>
<gml:posList>
32.828390000 129.052620278
32.828333889 129.052687222
32.828288611 129.052613611
32.828266111 129.052560278
32.828328056 129.052506944
32.828378611 129.052593611
32.828390000 129.052620278
</gml:posList>
</gml:LineStringSegment>
</gml:segments>
</gml:Curve>
</loc>
<type>普通建物</type>
</BldL>
<BldL gml:id="K18_4645811817_31">
<fid>46458-11817-s-868</fid>
<lfSpanFr gml:id="K18_4645811817_31-1">
<gml:timePosition>2020-02-20</gml:timePosition>
</lfSpanFr>
<devDate gml:id="K18_4645811817_31-2">
<gml:timePosition>2024-03-13</gml:timePosition>
</devDate>
<orgGILvl>25000</orgGILvl>
<loc>
<gml:Curve gml:id="K18_4645811817_31-g" srsName="fguuid:jgd2011.bl">
<gml:segments>
<gml:LineStringSegment>
<gml:posList>
32.828209722 129.052760556
32.828192778 129.052787222
32.828147778 129.052827222
32.828125278 129.052787222
32.828035000 129.052640278
32.828046111 129.052613611
32.828085833 129.052580278
32.828147778 129.052653889
32.828209722 129.052760556
</gml:posList>
</gml:LineStringSegment>
</gml:segments>
</gml:Curve>
</loc>
<type>普通建物</type>
</BldL>
<BldL gml:id="K18_4645811817_32">
<fid>46458-11817-s-869</fid>
<lfSpanFr gml:id="K18_4645811817_32-1">
<gml:timePosition>2020-02-20</gml:timePosition>
</lfSpanFr>
<devDate gml:id="K18_4645811817_32-2">
<gml:timePosition>2024-03-13</gml:timePosition>
</devDate>
<orgGILvl>25000</orgGILvl>
<loc>
<gml:Curve gml:id="K18_4645811817_32-g" srsName="fguuid:jgd2011.bl">
<gml:segments>
<gml:LineStringSegment>
<gml:posList>
32.825875278 129.052773889
32.825864167 129.052947222
32.825796389 129.052947222
32.825807778 129.052827222
32.825813333 129.052773889
32.825875278 129.052773889
</gml:posList>
</gml:LineStringSegment>
</gml:segments>
</gml:Curve>
</loc>
<type>普通建物</type>
</BldL>
<BldL gml:id="K18_4645811817_33">
<fid>46458-11817-s-870</fid>
<lfSpanFr gml:id="K18_4645811817_33-1">
<gml:timePosition>2020-02-20</gml:timePosition>
</lfSpanFr>
<devDate gml:id="K18_4645811817_33-2">
<gml:timePosition>2024-03-13</gml:timePosition>
</devDate>
<orgGILvl>25000</orgGILvl>
<loc>
<gml:Curve gml:id="K18_4645811817_33-g" srsName="fguuid:jgd2011.bl">
<gml:segments>
<gml:LineStringSegment>
<gml:posList>
32.825723056 129.052807222
32.825695000 129.052833889
32.825593333 129.052880556
32.825565278 129.052860556
32.825542778 129.052807222
32.825570833 129.052767222
32.825683611 129.052720556
32.825700556 129.052740556
32.825723056 129.052807222
</gml:posList>
</gml:LineStringSegment>
</gml:segments>
</gml:Curve>
</loc>
<type>普通建物</type>
</BldL>
<BldL gml:id="K18_4645811817_34">
<fid>46458-11817-s-871</fid>
<lfSpanFr gml:id="K18_4645811817_34-1">
<gml:timePosition>2020-02-20</gml:timePosition>
</lfSpanFr>
<devDate gml:id="K18_4645811817_34-2">
<gml:timePosition>2024-03-13</gml:timePosition>
</devDate>
<orgGILvl>25000</orgGILvl>
<loc>
<gml:Curve gml:id="K18_4645811817_34-g" srsName="fguuid:jgd2011.bl">
<gml:segments>
<gml:LineStringSegment>
<gml:posList>
32.828040556 129.052807222
32.827978611 129.052880556
32.827888333 129.052720556
32.827933333 129.052667222
32.827950278 129.052667222
32.828040556 129.052807222
</gml:posList>
</gml:LineStringSegment>
</gml:segments>
</gml:Curve>
</loc>
<type>普通建物</type>
</BldL>
<BldL gml:id="K18_4645811817_35">
<fid>46458-11817-s-872</fid>
<lfSpanFr gml:id="K18_4645811817_35-1">
<gml:timePosition>2020-02-20</gml:timePosition>
</lfSpanFr>
<devDate gml:id="K18_4645811817_35-2">
<gml:timePosition>2024-03-13</gml:timePosition>
</devDate>
<orgGILvl>25000</orgGILvl>
<loc>
<gml:Curve gml:id="K18_4645811817_35-g" srsName="fguuid:jgd2011.bl">
<gml:segments>
<gml:LineStringSegment>
<gml:posList>
32.825097222 129.052927222
32.825063611 129.052967222
32.825029722 129.052980833
32.825000000 129.052910111
</gml:posList>
</gml:LineStringSegment>
</gml:segments>
</gml:Curve>
</loc>
<type>普通建物</type>
</BldL>
<BldL gml:id="K18_4645811817_36">
<fid>46458-11817-s-873</fid>
<lfSpanFr gml:id="K18_4645811817_36-1">
<gml:timePosition>2020-02-20</gml:timePosition>
</lfSpanFr>
<devDate gml:id="K18_4645811817_36-2">
<gml:timePosition>2024-03-13</gml:timePosition>
</devDate>
<orgGILvl>25000</orgGILvl>
<loc>
<gml:Curve gml:id="K18_4645811817_36-g" srsName="fguuid:jgd2011.bl">
<gml:segments>
<gml:LineStringSegment>
<gml:posList>
32.825000000 129.052806278
32.825024167 129.052780556
32.825074722 129.052873889
32.825097222 129.052927222
</gml:posList>
</gml:LineStringSegment>
</gml:segments>
</gml:Curve>
</loc>
<type>普通建物</type>
</BldL>
<BldL gml:id="K18_4645811817_37">
<fid>46458-11817-s-874</fid>
<lfSpanFr gml:id="K18_4645811817_37-1">
<gml:timePosition>2020-02-20</gml:timePosition>
</lfSpanFr>
<devDate gml:id="K18_4645811817_37-2">
<gml:timePosition>2024-03-13</gml:timePosition>
</devDate>
<orgGILvl>25000</orgGILvl>
<loc>
<gml:Curve gml:id="K18_4645811817_37-g" srsName="fguuid:jgd2011.bl">
<gml:segments>
<gml:LineStringSegment>
<gml:posList>
32.828232222 129.052994167
32.828215278 129.053020833
32.828175833 129.053067500
32.828091389 129.052960556
32.828074444 129.052920556
32.828125278 129.052867222
32.828153333 129.052880556
32.828232222 129.052994167
</gml:posList>
</gml:LineStringSegment>
</gml:segments>
</gml:Curve>
</loc>
<type>普通建物</type>
</BldL>
<BldL gml:id="K18_4645811817_38">
<fid>46458-11817-s-875</fid>
<lfSpanFr gml:id="K18_4645811817_38-1">
<gml:timePosition>2020-02-20</gml:timePosition>
</lfSpanFr>
<devDate gml:id="K18_4645811817_38-2">
<gml:timePosition>2024-03-13</gml:timePosition>
</devDate>
<orgGILvl>25000</orgGILvl>
<loc>
<gml:Curve gml:id="K18_4645811817_38-g" srsName="fguuid:jgd2011.bl">
<gml:segments>
<gml:LineStringSegment>
<gml:posList>
32.828825444 129.054109528
32.828748833 129.054154694
32.828690944 129.053996278
32.828767778 129.053948056
32.828825444 129.054109528
</gml:posList>
</gml:LineStringSegment>
</gml:segments>
</gml:Curve>
</loc>
<type>普通建物</type>
</BldL>
<BldL gml:id="K18_4645811817_39">
<fid>46458-11817-s-1062</fid>
<lfSpanFr gml:id="K18_4645811817_39-1">
<gml:timePosition>2020-02-20</gml:timePosition>
</lfSpanFr>
<devDate gml:id="K18_4645811817_39-2">
<gml:timePosition>2024-03-13</gml:timePosition>
</devDate>
<orgGILvl>25000</orgGILvl>
<loc>
<gml:Curve gml:id="K18_4645811817_39-g" srsName="fguuid:jgd2011.bl">
<gml:segments>
<gml:LineStringSegment>
<gml:posList>
32.827799656 129.050004328
32.827934419 129.050039536
32.827920441 129.050114692
32.827785678 129.050079484
32.827799656 129.050004328
</gml:posList>
</gml:LineStringSegment>
</gml:segments>
</gml:Curve>
</loc>
<type>普通建物</type>
</BldL>
<BldL gml:id="K18_4645811817_40">
<fid>46458-11817-s-1063</fid>
<lfSpanFr gml:id="K18_4645811817_40-1">
<gml:timePosition>2020-02-20</gml:timePosition>
</lfSpanFr>
<devDate gml:id="K18_4645811817_40-2">
<gml:timePosition>2024-03-13</gml:timePosition>
</devDate>
<orgGILvl>25000</orgGILvl>
<loc>
<gml:Curve gml:id="K18_4645811817_40-g" srsName="fguuid:jgd2011.bl">
<gml:segments>
<gml:LineStringSegment>
<gml:posList>
32.827828997 129.050214057
32.827851414 129.050128391
32.827923832 129.050154942
32.827901415 129.050240608
32.827828997 129.050214057
</gml:posList>
</gml:LineStringSegment>
</gml:segments>
</gml:Curve>
</loc>
<type>普通建物</type>
</BldL>
<BldL gml:id="K18_4645811817_41">
<fid>46458-11817-s-1064</fid>
<lfSpanFr gml:id="K18_4645811817_41-1">
<gml:timePosition>2020-02-20</gml:timePosition>
</lfSpanFr>
<devDate gml:id="K18_4645811817_41-2">
<gml:timePosition>2024-03-13</gml:timePosition>
</devDate>
<orgGILvl>25000</orgGILvl>
<loc>
<gml:Curve gml:id="K18_4645811817_41-g" srsName="fguuid:jgd2011.bl">
<gml:segments>
<gml:LineStringSegment>
<gml:posList>
32.827917414 129.050326294
32.827935622 129.050198674
32.827989317 129.050209511
32.827971108 129.050337025
32.827917414 129.050326294
</gml:posList>
</gml:LineStringSegment>
</gml:segments>
</gml:Curve>
</loc>
<type>普通建物</type>
</BldL>
<BldL gml:id="K18_4645811817_42">
<fid>46458-11817-s-1065</fid>
<lfSpanFr gml:id="K18_4645811817_42-1">
<gml:timePosition>2020-02-20</gml:timePosition>
</lfSpanFr>
<devDate gml:id="K18_4645811817_42-2">
<gml:timePosition>2024-03-13</gml:timePosition>
</devDate>
<orgGILvl>25000</orgGILvl>
<loc>
<gml:Curve gml:id="K18_4645811817_42-g" srsName="fguuid:jgd2011.bl">
<gml:segments>
<gml:LineStringSegment>
<gml:posList>
32.828037047 129.050317146
32.828036186 129.050428765
32.827968910 129.050428036
32.827969516 129.050345577
32.827985658 129.050345709
32.827985914 129.050316443
32.828037047 129.050317146
</gml:posList>
</gml:LineStringSegment>
</gml:segments>
</gml:Curve>
</loc>
<type>普通建物</type>
</BldL>
<BldL gml:id="K18_4645811817_43">
<fid>46458-11817-s-1066</fid>
<lfSpanFr gml:id="K18_4645811817_43-1">
<gml:timePosition>2020-02-20</gml:timePosition>
</lfSpanFr>
<devDate gml:id="K18_4645811817_43-2">
<gml:timePosition>2024-03-13</gml:timePosition>
</devDate>
<orgGILvl>25000</orgGILvl>
<loc>
<gml:Curve gml:id="K18_4645811817_43-g" srsName="fguuid:jgd2011.bl">
<gml:segments>
<gml:LineStringSegment>
<gml:posList>
32.827840604 129.050734260
32.827926230 129.050772493
32.827903312 129.050844490
32.827817686 129.050806150
32.827840604 129.050734260
</gml:posList>
</gml:LineStringSegment>
</gml:segments>
</gml:Curve>
</loc>
<type>普通建物</type>
</BldL>
<BldL gml:id="K18_4645811817_44">
<fid>46458-11817-s-1067</fid>
<lfSpanFr gml:id="K18_4645811817_44-1">
<gml:timePosition>2020-02-20</gml:timePosition>
</lfSpanFr>
<devDate gml:id="K18_4645811817_44-2">
<gml:timePosition>2024-03-13</gml:timePosition>
</devDate>
<orgGILvl>25000</orgGILvl>
<loc>
<gml:Curve gml:id="K18_4645811817_44-g" srsName="fguuid:jgd2011.bl">
<gml:segments>
<gml:LineStringSegment>
<gml:posList>
32.827678474 129.050973088
32.827733215 129.050823068
32.827790041 129.050852154
32.827761822 129.050929305
32.827753420 129.050924968
32.827726808 129.050997838
32.827678474 129.050973088
</gml:posList>
</gml:LineStringSegment>
</gml:segments>
</gml:Curve>
</loc>
<type>普通建物</type>
</BldL>
<BldL gml:id="K18_4645811817_45">
<fid>46458-11817-s-1068</fid>
<lfSpanFr gml:id="K18_4645811817_45-1">
<gml:timePosition>2020-02-20</gml:timePosition>
</lfSpanFr>
<devDate gml:id="K18_4645811817_45-2">
<gml:timePosition>2024-03-13</gml:timePosition>
</devDate>
<orgGILvl>25000</orgGILvl>
<loc>
<gml:Curve gml:id="K18_4645811817_45-g" srsName="fguuid:jgd2011.bl">
<gml:segments>
<gml:LineStringSegment>
<gml:posList>
32.828083184 129.050533734
32.828139021 129.050613559
32.828085374 129.050666272
32.828029538 129.050586447
32.828083184 129.050533734
</gml:posList>
</gml:LineStringSegment>
</gml:segments>
</gml:Curve>
</loc>
<type>普通建物</type>
</BldL>
<BldL gml:id="K18_4645811817_46">
<fid>46458-11817-s-1069</fid>
<lfSpanFr gml:id="K18_4645811817_46-1">
<gml:timePosition>2020-02-20</gml:timePosition>
</lfSpanFr>
<devDate gml:id="K18_4645811817_46-2">
<gml:timePosition>2024-03-13</gml:timePosition>
</devDate>
<orgGILvl>25000</orgGILvl>
<loc>
<gml:Curve gml:id="K18_4645811817_46-g" srsName="fguuid:jgd2011.bl">
<gml:segments>
<gml:LineStringSegment>
<gml:posList>
32.828090722 129.050724135
32.828172372 129.050860652
32.828098738 129.050922437
32.828030151 129.050807537
32.828062697 129.050780244
32.828049724 129.050758520
32.828090722 129.050724135
</gml:posList>
</gml:LineStringSegment>
</gml:segments>
</gml:Curve>
</loc>
<type>普通建物</type>
</BldL>
<BldL gml:id="K18_4645811817_47">
<fid>46458-11817-s-1070</fid>
<lfSpanFr gml:id="K18_4645811817_47-1">
<gml:timePosition>2020-02-20</gml:timePosition>
</lfSpanFr>
<devDate gml:id="K18_4645811817_47-2">
<gml:timePosition>2024-03-13</gml:timePosition>
</devDate>
<orgGILvl>25000</orgGILvl>
<loc>
<gml:Curve gml:id="K18_4645811817_47-g" srsName="fguuid:jgd2011.bl">
<gml:segments>
<gml:LineStringSegment>
<gml:posList>
32.828254414 129.050779813
32.828324542 129.050897056
32.828263585 129.050948203
32.828193547 129.050830960
32.828254414 129.050779813
</gml:posList>
</gml:LineStringSegment>
</gml:segments>
</gml:Curve>
</loc>
<type>普通建物</type>
</BldL>
<BldL gml:id="K18_4645811817_48">
<fid>46458-11817-s-1153</fid>
<lfSpanFr gml:id="K18_4645811817_48-1">
<gml:timePosition>2020-02-20</gml:timePosition>
</lfSpanFr>
<devDate gml:id="K18_4645811817_48-2">
<gml:timePosition>2024-03-13</gml:timePosition>
</devDate>
<orgGILvl>25000</orgGILvl>
<loc>
<gml:Curve gml:id="K18_4645811817_48-g" srsName="fguuid:jgd2011.bl">
<gml:segments>
<gml:LineStringSegment>
<gml:posList>
32.827809379 129.051788169
32.827857292 129.051656995
32.827924586 129.051691477
32.827900978 129.051756108
32.827917172 129.051764405
32.827892821 129.051831071
32.827809379 129.051788169
</gml:posList>
</gml:LineStringSegment>
</gml:segments>
</gml:Curve>
</loc>
<type>普通建物</type>
</BldL>
<BldL gml:id="K18_4646111817_1">
<fid>46461-11817-s-792</fid>
<lfSpanFr gml:id="K18_4646111817_1-1">
<gml:timePosition>2020-02-20</gml:timePosition>
</lfSpanFr>
<devDate gml:id="K18_4646111817_1-2">
<gml:timePosition>2024-03-13</gml:timePosition>
</devDate>
<orgGILvl>25000</orgGILvl>
<loc>
<gml:Curve gml:id="K18_4646111817_1-g" srsName="fguuid:jgd2011.bl">
<gml:segments>
<gml:LineStringSegment>
<gml:posList>
32.827315972 129.063216972
32.827528139 129.063206028
32.827537361 129.063341167
32.827323833 129.063345361
32.827315972 129.063216972
</gml:posList>
</gml:LineStringSegment>
</gml:segments>
</gml:Curve>
</loc>
<type>普通建物</type>
</BldL>
<BldL gml:id="K18_4646111817_2">
<fid>46461-11817-s-793</fid>
<lfSpanFr gml:id="K18_4646111817_2-1">
<gml:timePosition>2020-02-20</gml:timePosition>
</lfSpanFr>
<devDate gml:id="K18_4646111817_2-2">
<gml:timePosition>2024-03-13</gml:timePosition>
</devDate>
<orgGILvl>25000</orgGILvl>
<loc>
<gml:Curve gml:id="K18_4646111817_2-g" srsName="fguuid:jgd2011.bl">
<gml:segments>
<gml:LineStringSegment>
<gml:posList>
32.826512778 129.063428889
32.826501389 129.063462222
32.826461944 129.063475556
32.826439444 129.063488889
32.826416944 129.063442222
32.826388611 129.063341944
32.826377500 129.063315278
32.826450833 129.063261944
32.826495833 129.063375278
32.826507222 129.063422222
32.826512778 129.063428889
</gml:posList>
</gml:LineStringSegment>
</gml:segments>
</gml:Curve>
</loc>
<type>普通建物</type>
</BldL>
<BldL gml:id="K18_4646111817_3">
<fid>46461-11817-s-794</fid>
<lfSpanFr gml:id="K18_4646111817_3-1">
<gml:timePosition>2020-02-20</gml:timePosition>
</lfSpanFr>
<devDate gml:id="K18_4646111817_3-2">
<gml:timePosition>2024-03-13</gml:timePosition>
</devDate>
<orgGILvl>25000</orgGILvl>
<loc>
<gml:Curve gml:id="K18_4646111817_3-g" srsName="fguuid:jgd2011.bl">
<gml:segments>
<gml:LineStringSegment>
<gml:posList>
32.831219750 129.065507194
32.831221194 129.065667694
32.831131111 129.065668833
32.831129667 129.065508333
32.831219750 129.065507194
</gml:posList>
</gml:LineStringSegment>
</gml:segments>
</gml:Curve>
</loc>
<type>普通建物</type>
</BldL>
<BldL gml:id="K18_4646111817_4">
<fid>46461-11817-s-795</fid>
<lfSpanFr gml:id="K18_4646111817_4-1">
<gml:timePosition>2020-02-20</gml:timePosition>
</lfSpanFr>
<devDate gml:id="K18_4646111817_4-2">
<gml:timePosition>2024-03-13</gml:timePosition>
</devDate>
<orgGILvl>25000</orgGILvl>
<loc>
<gml:Curve gml:id="K18_4646111817_4-g" srsName="fguuid:jgd2011.bl">
<gml:segments>
<gml:LineStringSegment>
<gml:posList>
32.826719722 129.063482778
32.826735000 129.063411389
32.826753056 129.063377500
32.826789444 129.063333611
32.826833611 129.063299722
32.826886667 129.063280278
32.826940000 129.063281944
32.827006667 129.063299722
</gml:posList>
</gml:LineStringSegment>
</gml:segments>
</gml:Curve>
</loc>
<type>普通無壁舎</type>
</BldL>
<BldL gml:id="K18_4646111817_5">
<fid>46461-11817-s-796</fid>
<lfSpanFr gml:id="K18_4646111817_5-1">
<gml:timePosition>2020-02-20</gml:timePosition>
</lfSpanFr>
<devDate gml:id="K18_4646111817_5-2">
<gml:timePosition>2024-03-13</gml:timePosition>
</devDate>
<orgGILvl>25000</orgGILvl>
<loc>
<gml:Curve gml:id="K18_4646111817_5-g" srsName="fguuid:jgd2011.bl">
<gml:segments>
<gml:LineStringSegment>
<gml:posList>
32.827006667 129.063299722
32.827068889 129.063359722
32.827103889 129.063434167
32.827114444 129.063477778
32.827116111 129.063544167
32.827094722 129.063628611
32.827052222 129.063693333
32.826996111 129.063732222
32.826947500 129.063746667
32.826883611 129.063750000
32.826848889 129.063741944
32.826826111 129.063732222
32.826786667 129.063693333
32.826750000 129.063643056
32.826722778 129.063576667
32.826719722 129.063533056
32.826719722 129.063482778
</gml:posList>
</gml:LineStringSegment>
</gml:segments>
</gml:Curve>
</loc>
<type>普通無壁舎</type>
</BldL>
<BldL gml:id="K18_4646111817_6">
<fid>46461-11817-s-1044</fid>
<lfSpanFr gml:id="K18_4646111817_6-1">
<gml:timePosition>2020-02-20</gml:timePosition>
</lfSpanFr>
<devDate gml:id="K18_4646111817_6-2">
<gml:timePosition>2024-03-13</gml:timePosition>
</devDate>
<orgGILvl>25000</orgGILvl>
<loc>
<gml:Curve gml:id="K18_4646111817_6-g" srsName="fguuid:jgd2011.bl">
<gml:segments>
<gml:LineStringSegment>
<gml:posList>
32.831019126 129.066570279
32.830822647 129.066419455
32.830886271 129.066303255
32.831082750 129.066454079
32.831019126 129.066570279
</gml:posList>
</gml:LineStringSegment>
</gml:segments>
</gml:Curve>
</loc>
<type>普通建物</type>
</BldL>
<BldL gml:id="K18_4646111817_7">
<fid>46461-11817-s-1045</fid>
<lfSpanFr gml:id="K18_4646111817_7-1">
<gml:timePosition>2020-02-20</gml:timePosition>
</lfSpanFr>
<devDate gml:id="K18_4646111817_7-2">
<gml:timePosition>2024-03-13</gml:timePosition>
</devDate>
<orgGILvl>25000</orgGILvl>
<loc>
<gml:Curve gml:id="K18_4646111817_7-g" srsName="fguuid:jgd2011.bl">
<gml:segments>
<gml:LineStringSegment>
<gml:posList>
32.831481688 129.062666608
32.831601326 129.062968407
32.831431491 129.063062914
32.831311853 129.062761115
32.831481688 129.062666608
</gml:posList>
</gml:LineStringSegment>
</gml:segments>
</gml:Curve>
</loc>
<type>普通建物</type>
</BldL>
<BldL gml:id="K18_4646111817_8">
<fid>46461-11817-s-1046</fid>
<lfSpanFr gml:id="K18_4646111817_8-1">
<gml:timePosition>2020-02-20</gml:timePosition>
</lfSpanFr>
<devDate gml:id="K18_4646111817_8-2">
<gml:timePosition>2024-03-13</gml:timePosition>
</devDate>
<orgGILvl>25000</orgGILvl>
<loc>
<gml:Curve gml:id="K18_4646111817_8-g" srsName="fguuid:jgd2011.bl">
<gml:segments>
<gml:LineStringSegment>
<gml:posList>
32.828338806 129.063908708
32.828603287 129.063827736
32.828642236 129.064006557
32.828377755 129.064087529
32.828338806 129.063908708
</gml:posList>
</gml:LineStringSegment>
</gml:segments>
</gml:Curve>
</loc>
<type>普通建物</type>
</BldL>
<BldL gml:id="K18_4646111817_9">
<fid>46461-11817-s-1047</fid>
<lfSpanFr gml:id="K18_4646111817_9-1">
<gml:timePosition>2020-02-20</gml:timePosition>
</lfSpanFr>
<devDate gml:id="K18_4646111817_9-2">
<gml:timePosition>2024-03-13</gml:timePosition>
</devDate>
<orgGILvl>25000</orgGILvl>
<loc>
<gml:Curve gml:id="K18_4646111817_9-g" srsName="fguuid:jgd2011.bl">
<gml:segments>
<gml:LineStringSegment>
<gml:posList>
32.827458693 129.062959112
32.827334191 129.062968907
32.827329671 129.062888076
32.827454082 129.062878175
32.827458693 129.062959112
</gml:posList>
</gml:LineStringSegment>
</gml:segments>
</gml:Curve>
</loc>
<type>普通建物</type>
</BldL>
<BldL gml:id="K18_4646411817_1">
<fid>46464-11817-s-548</fid>
<lfSpanFr gml:id="K18_4646411817_1-1">
<gml:timePosition>2020-02-20</gml:timePosition>
</lfSpanFr>
<devDate gml:id="K18_4646411817_1-2">
<gml:timePosition>2024-03-13</gml:timePosition>
</devDate>
<orgGILvl>25000</orgGILvl>
<loc>
<gml:Curve gml:id="K18_4646411817_1-g" srsName="fguuid:jgd2011.bl">
<gml:segments>
<gml:LineStringSegment>
<gml:posList>
32.830070556 129.066904722
32.830059167 129.066918056
32.829952222 129.066971389
32.829935278 129.066971389
32.829901389 129.066898056
32.830036667 129.066831389
32.830070556 129.066904722
</gml:posList>
</gml:LineStringSegment>
</gml:segments>
</gml:Curve>
</loc>
<type>普通建物</type>
</BldL>
</Dataset>
