<?xml version="1.0" encoding="utf-8"?>
<Dataset xsi:schemaLocation="http://fgd.gsi.go.jp/spec/2008/FGD_GMLSchema FGD_GMLSchema.xsd"
	xmlns:gml="http://www.opengis.net/gml/3.2"
	xmlns:xsi="http://www.w3.org/2001/XMLSchema-instance"
	xmlns:xlink="http://www.w3.org/1999/xlink"
	xmlns="http://fgd.gsi.go.jp/spec/2008/FGD_GMLSchema"
	gml:id="Dataset1">
  <gml:description>基盤地図情報メタデータ ID=fmdid:25-0331</gml:description>
  <gml:name>基盤地図情報ダウンロードデータ（GML版）</gml:name>
<GCP gml:id="K1_492917_1">
<fid>10-00100-0-2402-131</fid>
<lfSpanFr gml:id="K1_492917_1-1">
<gml:timePosition>2025-02-19</gml:timePosition>
</lfSpanFr>
<devDate gml:id="K1_492917_1-2">
<gml:timePosition>2025-02-26</gml:timePosition>
</devDate>
<orgGILvl>KJ10</orgGILvl>
<vis>表示</vis>
<pos>
<gml:Point gml:id="K1_492917_1-g" srsName="fguuid:jgd2011.bl">
<gml:pos>32.768306917 129.958943167</gml:pos>
</gml:Point>
</pos>
<orgName>国土地理院</orgName>
<type>電子基準点</type>
<gcpClass>電子基準点</gcpClass>
<gcpCode>EL04929172602</gcpCode>
<name>長崎２</name>
<B>117965.9049</B>
<L>467852.1954</L>
<alti>62.431</alti>
<altiAcc>3</altiAcc>
</GCP>
<GCP gml:id="K1_492917_2">
<fid>10-00100-0-2402-1439</fid>
<lfSpanFr gml:id="K1_492917_2-1">
<gml:timePosition>2025-02-19</gml:timePosition>
</lfSpanFr>
<devDate gml:id="K1_492917_2-2">
<gml:timePosition>2025-02-26</gml:timePosition>
</devDate>
<orgGILvl>KJ10</orgGILvl>
<vis>表示</vis>
<pos>
<gml:Point gml:id="K1_492917_2-g" srsName="fguuid:jgd2011.bl">
<gml:pos>32.768312944 129.958943472</gml:pos>
</gml:Point>
</pos>
<orgName>国土地理院</orgName>
<type>電子基準点</type>
<gcpClass>電子基準点</gcpClass>
<gcpCode>EL14929172601</gcpCode>
<name>長崎２（付）</name>
<B>117965.9266</B>
<L>467852.1965</L>
<alti>57.918</alti>
<altiAcc>3</altiAcc>
</GCP>
<GCP gml:id="K1_492917_3">
<fid>10-00100-0-2402-7844</fid>
<lfSpanFr gml:id="K1_492917_3-1">
<gml:timePosition>2025-02-19</gml:timePosition>
</lfSpanFr>
<devDate gml:id="K1_492917_3-2">
<gml:timePosition>2025-02-26</gml:timePosition>
</devDate>
<orgGILvl>SJ11</orgGILvl>
<vis>表示</vis>
<pos>
<gml:Point gml:id="K1_492917_3-g" srsName="fguuid:jgd2011.bl">
<gml:pos>32.828888889 129.995277778</gml:pos>
</gml:Point>
</pos>
<orgName>国土地理院</orgName>
<type>水準点</type>
<gcpClass>一等水準点</gcpClass>
<gcpCode>L010000005382</gcpCode>
<name>５３８２</name>
<B>118184</B>
<L>467983</L>
<alti>13.7672</alti>
<altiAcc>4</altiAcc>
</GCP>
<GCP gml:id="K1_492917_4">
<fid>10-00100-0-2402-7845</fid>
<lfSpanFr gml:id="K1_492917_4-1">
<gml:timePosition>2025-02-19</gml:timePosition>
</lfSpanFr>
<devDate gml:id="K1_492917_4-2">
<gml:timePosition>2025-02-26</gml:timePosition>
</devDate>
<orgGILvl>SJ11</orgGILvl>
<vis>表示</vis>
<pos>
<gml:Point gml:id="K1_492917_4-g" srsName="fguuid:jgd2011.bl">
<gml:pos>32.826322222 129.975122222</gml:pos>
</gml:Point>
</pos>
<orgName>国土地理院</orgName>
<type>水準点</type>
<gcpClass>一等水準点</gcpClass>
<gcpCode>L010000005383</gcpCode>
<name>５３８３</name>
<B>118174.76</B>
<L>467910.44</L>
<alti>8.6877</alti>
<altiAcc>4</altiAcc>
</GCP>
<GCP gml:id="K1_492917_5">
<fid>10-00100-0-2402-7846</fid>
<lfSpanFr gml:id="K1_492917_5-1">
<gml:timePosition>2025-02-19</gml:timePosition>
</lfSpanFr>
<devDate gml:id="K1_492917_5-2">
<gml:timePosition>2025-02-26</gml:timePosition>
</devDate>
<orgGILvl>SJ11</orgGILvl>
<vis>表示</vis>
<pos>
<gml:Point gml:id="K1_492917_5-g" srsName="fguuid:jgd2011.bl">
<gml:pos>32.811161111 129.966427778</gml:pos>
</gml:Point>
</pos>
<orgName>国土地理院</orgName>
<type>水準点</type>
<gcpClass>一等水準点</gcpClass>
<gcpCode>L010000005384</gcpCode>
<name>５３８４</name>
<B>118120.18</B>
<L>467879.14</L>
<alti>50.9408</alti>
<altiAcc>4</altiAcc>
</GCP>
<GCP gml:id="K1_492917_6">
<fid>10-00100-0-2402-7847</fid>
<lfSpanFr gml:id="K1_492917_6-1">
<gml:timePosition>2025-02-19</gml:timePosition>
</lfSpanFr>
<devDate gml:id="K1_492917_6-2">
<gml:timePosition>2025-02-26</gml:timePosition>
</devDate>
<orgGILvl>SJ11</orgGILvl>
<vis>表示</vis>
<pos>
<gml:Point gml:id="K1_492917_6-g" srsName="fguuid:jgd2011.bl">
<gml:pos>32.798488889 129.954125000</gml:pos>
</gml:Point>
</pos>
<orgName>国土地理院</orgName>
<type>水準点</type>
<gcpClass>一等水準点</gcpClass>
<gcpCode>L010000005385</gcpCode>
<name>５３８５</name>
<B>118074.56</B>
<L>467834.85</L>
<alti>43.0905</alti>
<altiAcc>4</altiAcc>
</GCP>
<GCP gml:id="K1_492917_7">
<fid>10-00100-0-2402-7849</fid>
<lfSpanFr gml:id="K1_492917_7-1">
<gml:timePosition>2025-02-19</gml:timePosition>
</lfSpanFr>
<devDate gml:id="K1_492917_7-2">
<gml:timePosition>2025-02-26</gml:timePosition>
</devDate>
<orgGILvl>SJ11</orgGILvl>
<vis>表示</vis>
<pos>
<gml:Point gml:id="K1_492917_7-g" srsName="fguuid:jgd2011.bl">
<gml:pos>32.772841667 129.951716667</gml:pos>
</gml:Point>
</pos>
<orgName>国土地理院</orgName>
<type>水準点</type>
<gcpClass>一等水準点</gcpClass>
<gcpCode>L010000005387</gcpCode>
<name>５３８７</name>
<B>117982.23</B>
<L>467826.18</L>
<alti>2.7602</alti>
<altiAcc>4</altiAcc>
</GCP>
<GCP gml:id="K1_492917_8">
<fid>10-00100-0-2402-7850</fid>
<lfSpanFr gml:id="K1_492917_8-1">
<gml:timePosition>2025-02-19</gml:timePosition>
</lfSpanFr>
<devDate gml:id="K1_492917_8-2">
<gml:timePosition>2025-02-26</gml:timePosition>
</devDate>
<orgGILvl>SJ11</orgGILvl>
<vis>表示</vis>
<pos>
<gml:Point gml:id="K1_492917_8-g" srsName="fguuid:jgd2011.bl">
<gml:pos>32.763908333 129.937722222</gml:pos>
</gml:Point>
</pos>
<orgName>国土地理院</orgName>
<type>水準点</type>
<gcpClass>一等水準点</gcpClass>
<gcpCode>L010000005388</gcpCode>
<name>５３８８</name>
<B>117950.07</B>
<L>467775.8</L>
<alti>48.4415</alti>
<altiAcc>4</altiAcc>
</GCP>
<GCP gml:id="K1_492917_9">
<fid>10-00100-0-2402-7851</fid>
<lfSpanFr gml:id="K1_492917_9-1">
<gml:timePosition>2025-02-19</gml:timePosition>
</lfSpanFr>
<devDate gml:id="K1_492917_9-2">
<gml:timePosition>2025-02-26</gml:timePosition>
</devDate>
<orgGILvl>SJ11</orgGILvl>
<vis>表示</vis>
<pos>
<gml:Point gml:id="K1_492917_9-g" srsName="fguuid:jgd2011.bl">
<gml:pos>32.759383333 129.915891667</gml:pos>
</gml:Point>
</pos>
<orgName>国土地理院</orgName>
<type>水準点</type>
<gcpClass>一等水準点</gcpClass>
<gcpCode>L010000005389</gcpCode>
<name>５３８９</name>
<B>117933.78</B>
<L>467697.21</L>
<alti>110.8099</alti>
<altiAcc>4</altiAcc>
</GCP>
<GCP gml:id="K1_492917_10">
<fid>10-00100-0-2402-7852</fid>
<lfSpanFr gml:id="K1_492917_10-1">
<gml:timePosition>2025-02-19</gml:timePosition>
</lfSpanFr>
<devDate gml:id="K1_492917_10-2">
<gml:timePosition>2025-02-26</gml:timePosition>
</devDate>
<orgGILvl>SJ11</orgGILvl>
<vis>表示</vis>
<pos>
<gml:Point gml:id="K1_492917_10-g" srsName="fguuid:jgd2011.bl">
<gml:pos>32.750555556 129.895833333</gml:pos>
</gml:Point>
</pos>
<orgName>国土地理院</orgName>
<type>水準点</type>
<gcpClass>一等水準点</gcpClass>
<gcpCode>L010000005392</gcpCode>
<name>５３９２</name>
<B>117902</B>
<L>467625</L>
<alti>45.0752</alti>
<altiAcc>4</altiAcc>
</GCP>
<GCP gml:id="K1_492917_11">
<fid>10-00100-0-2402-7853</fid>
<lfSpanFr gml:id="K1_492917_11-1">
<gml:timePosition>2025-02-19</gml:timePosition>
</lfSpanFr>
<devDate gml:id="K1_492917_11-2">
<gml:timePosition>2025-02-26</gml:timePosition>
</devDate>
<orgGILvl>SJ11</orgGILvl>
<vis>表示</vis>
<pos>
<gml:Point gml:id="K1_492917_11-g" srsName="fguuid:jgd2011.bl">
<gml:pos>32.750305556 129.876033333</gml:pos>
</gml:Point>
</pos>
<orgName>国土地理院</orgName>
<type>水準点</type>
<gcpClass>一等水準点</gcpClass>
<gcpCode>L010000005393</gcpCode>
<name>５３９３</name>
<B>117901.1</B>
<L>467553.72</L>
<alti>4.5763</alti>
<altiAcc>4</altiAcc>
</GCP>
<GCP gml:id="K1_492917_12">
<fid>10-00100-0-2402-15102</fid>
<lfSpanFr gml:id="K1_492917_12-1">
<gml:timePosition>2025-02-19</gml:timePosition>
</lfSpanFr>
<devDate gml:id="K1_492917_12-2">
<gml:timePosition>2025-02-26</gml:timePosition>
</devDate>
<orgGILvl>SJ12</orgGILvl>
<vis>表示</vis>
<pos>
<gml:Point gml:id="K1_492917_12-g" srsName="fguuid:jgd2011.bl">
<gml:pos>32.795138889 129.953158333</gml:pos>
</gml:Point>
</pos>
<orgName>国土地理院</orgName>
<type>水準点</type>
<gcpClass>二等水準点</gcpClass>
<gcpCode>L02000034-011</gcpCode>
<name>０３４－０１１</name>
<B>118062.5</B>
<L>467831.37</L>
<alti>23.29</alti>
<altiAcc>3</altiAcc>
</GCP>
<GCP gml:id="K1_492917_13">
<fid>10-00100-0-2402-15103</fid>
<lfSpanFr gml:id="K1_492917_13-1">
<gml:timePosition>2025-02-19</gml:timePosition>
</lfSpanFr>
<devDate gml:id="K1_492917_13-2">
<gml:timePosition>2025-02-26</gml:timePosition>
</devDate>
<orgGILvl>SJ12</orgGILvl>
<vis>表示</vis>
<pos>
<gml:Point gml:id="K1_492917_13-g" srsName="fguuid:jgd2011.bl">
<gml:pos>32.761155556 129.939080556</gml:pos>
</gml:Point>
</pos>
<orgName>国土地理院</orgName>
<type>水準点</type>
<gcpClass>二等水準点</gcpClass>
<gcpCode>L02000034-016</gcpCode>
<name>０３４－０１６</name>
<B>117940.16</B>
<L>467780.69</L>
<alti>34.147</alti>
<altiAcc>3</altiAcc>
</GCP>
<GCP gml:id="K1_492917_14">
<fid>10-00100-0-2402-15104</fid>
<lfSpanFr gml:id="K1_492917_14-1">
<gml:timePosition>2025-02-19</gml:timePosition>
</lfSpanFr>
<devDate gml:id="K1_492917_14-2">
<gml:timePosition>2025-02-26</gml:timePosition>
</devDate>
<orgGILvl>SJ12</orgGILvl>
<vis>表示</vis>
<pos>
<gml:Point gml:id="K1_492917_14-g" srsName="fguuid:jgd2011.bl">
<gml:pos>32.760819444 129.934280556</gml:pos>
</gml:Point>
</pos>
<orgName>国土地理院</orgName>
<type>水準点</type>
<gcpClass>二等水準点</gcpClass>
<gcpCode>L02000034-017</gcpCode>
<name>０３４－０１７</name>
<B>117938.95</B>
<L>467763.41</L>
<alti>75.56</alti>
<altiAcc>3</altiAcc>
</GCP>
<GCP gml:id="K1_492917_15">
<fid>10-00100-0-2402-19123</fid>
<lfSpanFr gml:id="K1_492917_15-1">
<gml:timePosition>2025-02-19</gml:timePosition>
</lfSpanFr>
<devDate gml:id="K1_492917_15-2">
<gml:timePosition>2025-02-26</gml:timePosition>
</devDate>
<orgGILvl>SJ12</orgGILvl>
<vis>表示</vis>
<pos>
<gml:Point gml:id="K1_492917_15-g" srsName="fguuid:jgd2011.bl">
<gml:pos>32.768312944 129.958943472</gml:pos>
</gml:Point>
</pos>
<orgName>国土地理院</orgName>
<type>水準点</type>
<gcpClass>二等水準点</gcpClass>
<gcpCode>L0E000021068A</gcpCode>
<name>０２１０６８Ａ</name>
<B>117965.9266</B>
<L>467852.1965</L>
<alti>57.918</alti>
<altiAcc>3</altiAcc>
</GCP>
<GCP gml:id="K1_492917_16">
<fid>10-00100-0-2402-20497</fid>
<lfSpanFr gml:id="K1_492917_16-1">
<gml:timePosition>2025-02-19</gml:timePosition>
</lfSpanFr>
<devDate gml:id="K1_492917_16-2">
<gml:timePosition>2025-02-26</gml:timePosition>
</devDate>
<orgGILvl>KJ11</orgGILvl>
<vis>表示</vis>
<pos>
<gml:Point gml:id="K1_492917_16-g" srsName="fguuid:jgd2011.bl">
<gml:pos>32.788247694 129.982407333</gml:pos>
</gml:Point>
</pos>
<orgName>国土地理院</orgName>
<type>三角点</type>
<gcpClass>一等三角点</gcpClass>
<gcpCode>TR14929174801</gcpCode>
<name>船石岳</name>
<B>118037.6917</B>
<L>467936.6664</L>
<alti>451.29</alti>
<altiAcc>2</altiAcc>
</GCP>
<GCP gml:id="K1_492917_17">
<fid>10-00100-0-2402-21671</fid>
<lfSpanFr gml:id="K1_492917_17-1">
<gml:timePosition>2025-02-19</gml:timePosition>
</lfSpanFr>
<devDate gml:id="K1_492917_17-2">
<gml:timePosition>2025-02-26</gml:timePosition>
</devDate>
<orgGILvl>KJ12</orgGILvl>
<vis>表示</vis>
<pos>
<gml:Point gml:id="K1_492917_17-g" srsName="fguuid:jgd2011.bl">
<gml:pos>32.793665139 129.907628306</gml:pos>
</gml:Point>
</pos>
<orgName>国土地理院</orgName>
<type>三角点</type>
<gcpClass>二等三角点</gcpClass>
<gcpCode>TR24929175201</gcpCode>
<name>木場山</name>
<B>118057.1945</B>
<L>467667.4619</L>
<alti>506.01</alti>
<altiAcc>2</altiAcc>
</GCP>
<GCP gml:id="K1_492917_18">
<fid>10-00100-0-2402-28219</fid>
<lfSpanFr gml:id="K1_492917_18-1">
<gml:timePosition>2025-02-19</gml:timePosition>
</lfSpanFr>
<devDate gml:id="K1_492917_18-2">
<gml:timePosition>2025-02-26</gml:timePosition>
</devDate>
<orgGILvl>KJ13</orgGILvl>
<vis>表示</vis>
<pos>
<gml:Point gml:id="K1_492917_18-g" srsName="fguuid:jgd2011.bl">
<gml:pos>32.756773833 129.972480639</gml:pos>
</gml:Point>
</pos>
<orgName>国土地理院</orgName>
<type>三角点</type>
<gcpClass>三等三角点</gcpClass>
<gcpCode>TR34929170701</gcpCode>
<name>牧島</name>
<B>117924.3858</B>
<L>467900.9303</L>
<alti>98.89</alti>
<altiAcc>2</altiAcc>
</GCP>
<GCP gml:id="K1_492917_19">
<fid>10-00100-0-2402-28220</fid>
<lfSpanFr gml:id="K1_492917_19-1">
<gml:timePosition>2025-02-19</gml:timePosition>
</lfSpanFr>
<devDate gml:id="K1_492917_19-2">
<gml:timePosition>2025-02-26</gml:timePosition>
</devDate>
<orgGILvl>KJ13</orgGILvl>
<vis>表示</vis>
<pos>
<gml:Point gml:id="K1_492917_19-g" srsName="fguuid:jgd2011.bl">
<gml:pos>32.766570556 129.951377778</gml:pos>
</gml:Point>
</pos>
<orgName>国土地理院</orgName>
<type>三角点</type>
<gcpClass>三等三角点</gcpClass>
<gcpCode>TR34929171601</gcpCode>
<name>東房</name>
<B>117959.654</B>
<L>467824.96</L>
<alti>42.37</alti>
<altiAcc>2</altiAcc>
</GCP>
<GCP gml:id="K1_492917_20">
<fid>10-00100-0-2402-28221</fid>
<lfSpanFr gml:id="K1_492917_20-1">
<gml:timePosition>2025-02-19</gml:timePosition>
</lfSpanFr>
<devDate gml:id="K1_492917_20-2">
<gml:timePosition>2025-02-26</gml:timePosition>
</devDate>
<orgGILvl>KJ13</orgGILvl>
<vis>表示</vis>
<pos>
<gml:Point gml:id="K1_492917_20-g" srsName="fguuid:jgd2011.bl">
<gml:pos>32.771829000 129.883793139</gml:pos>
</gml:Point>
</pos>
<orgName>国土地理院</orgName>
<type>三角点</type>
<gcpClass>三等三角点</gcpClass>
<gcpCode>TR34929172001</gcpCode>
<name>天狗山</name>
<B>117978.5844</B>
<L>467581.6553</L>
<alti>366.4</alti>
<altiAcc>2</altiAcc>
</GCP>
<GCP gml:id="K1_492917_21">
<fid>10-00100-0-2402-28222</fid>
<lfSpanFr gml:id="K1_492917_21-1">
<gml:timePosition>2025-02-19</gml:timePosition>
</lfSpanFr>
<devDate gml:id="K1_492917_21-2">
<gml:timePosition>2025-02-26</gml:timePosition>
</devDate>
<orgGILvl>KJ13</orgGILvl>
<vis>表示</vis>
<pos>
<gml:Point gml:id="K1_492917_21-g" srsName="fguuid:jgd2011.bl">
<gml:pos>32.769788500 129.917528528</gml:pos>
</gml:Point>
</pos>
<orgName>国土地理院</orgName>
<type>三角点</type>
<gcpClass>三等三角点</gcpClass>
<gcpCode>TR34929172301</gcpCode>
<name>大砂古</name>
<B>117971.2386</B>
<L>467703.1027</L>
<alti>371.39</alti>
<altiAcc>2</altiAcc>
</GCP>
<GCP gml:id="K1_492917_22">
<fid>10-00100-0-2402-28223</fid>
<lfSpanFr gml:id="K1_492917_22-1">
<gml:timePosition>2025-02-19</gml:timePosition>
</lfSpanFr>
<devDate gml:id="K1_492917_22-2">
<gml:timePosition>2025-02-26</gml:timePosition>
</devDate>
<orgGILvl>KJ13</orgGILvl>
<vis>表示</vis>
<pos>
<gml:Point gml:id="K1_492917_22-g" srsName="fguuid:jgd2011.bl">
<gml:pos>32.791643194 129.961053250</gml:pos>
</gml:Point>
</pos>
<orgName>国土地理院</orgName>
<type>三角点</type>
<gcpClass>三等三角点</gcpClass>
<gcpCode>TR34929174601</gcpCode>
<name>経ヶ岳</name>
<B>118049.9155</B>
<L>467859.7917</L>
<alti>250.32</alti>
<altiAcc>2</altiAcc>
</GCP>
<GCP gml:id="K1_492917_23">
<fid>10-00100-0-2402-28224</fid>
<lfSpanFr gml:id="K1_492917_23-1">
<gml:timePosition>2025-02-19</gml:timePosition>
</lfSpanFr>
<devDate gml:id="K1_492917_23-2">
<gml:timePosition>2025-02-26</gml:timePosition>
</devDate>
<orgGILvl>KJ13</orgGILvl>
<vis>表示</vis>
<pos>
<gml:Point gml:id="K1_492917_23-g" srsName="fguuid:jgd2011.bl">
<gml:pos>32.806771861 129.990956056</gml:pos>
</gml:Point>
</pos>
<orgName>国土地理院</orgName>
<type>三角点</type>
<gcpClass>三等三角点</gcpClass>
<gcpCode>TR34929176901</gcpCode>
<name>花ノ木</name>
<B>118104.3787</B>
<L>467967.4418</L>
<alti>406.64</alti>
<altiAcc>2</altiAcc>
</GCP>
<GCP gml:id="K1_492917_24">
<fid>10-00100-0-2402-28225</fid>
<lfSpanFr gml:id="K1_492917_24-1">
<gml:timePosition>2025-02-19</gml:timePosition>
</lfSpanFr>
<devDate gml:id="K1_492917_24-2">
<gml:timePosition>2025-02-26</gml:timePosition>
</devDate>
<orgGILvl>KJ13</orgGILvl>
<vis>表示</vis>
<pos>
<gml:Point gml:id="K1_492917_24-g" srsName="fguuid:jgd2011.bl">
<gml:pos>32.809745361 129.891085500</gml:pos>
</gml:Point>
</pos>
<orgName>国土地理院</orgName>
<type>三角点</type>
<gcpClass>三等三角点</gcpClass>
<gcpCode>TR34929177101</gcpCode>
<name>火焼山</name>
<B>118115.0833</B>
<L>467607.9078</L>
<alti>252.24</alti>
<altiAcc>2</altiAcc>
</GCP>
<GCP gml:id="K1_492917_25">
<fid>10-00100-0-2402-28226</fid>
<lfSpanFr gml:id="K1_492917_25-1">
<gml:timePosition>2025-02-19</gml:timePosition>
</lfSpanFr>
<devDate gml:id="K1_492917_25-2">
<gml:timePosition>2025-02-26</gml:timePosition>
</devDate>
<orgGILvl>KJ13</orgGILvl>
<vis>表示</vis>
<pos>
<gml:Point gml:id="K1_492917_25-g" srsName="fguuid:jgd2011.bl">
<gml:pos>32.811450472 129.946589389</gml:pos>
</gml:Point>
</pos>
<orgName>国土地理院</orgName>
<type>三角点</type>
<gcpClass>三等三角点</gcpClass>
<gcpCode>TR34929177501</gcpCode>
<name>津屋岳</name>
<B>118121.2217</B>
<L>467807.7218</L>
<alti>302.71</alti>
<altiAcc>2</altiAcc>
</GCP>
<GCP gml:id="K1_492917_26">
<fid>10-00100-0-2402-64138</fid>
<lfSpanFr gml:id="K1_492917_26-1">
<gml:timePosition>2025-02-19</gml:timePosition>
</lfSpanFr>
<devDate gml:id="K1_492917_26-2">
<gml:timePosition>2025-02-26</gml:timePosition>
</devDate>
<orgGILvl>KJ14</orgGILvl>
<vis>表示</vis>
<pos>
<gml:Point gml:id="K1_492917_26-g" srsName="fguuid:jgd2011.bl">
<gml:pos>32.753812972 129.923041278</gml:pos>
</gml:Point>
</pos>
<orgName>国土地理院</orgName>
<type>三角点</type>
<gcpClass>四等三角点</gcpClass>
<gcpCode>TR44929170301</gcpCode>
<name>日見峠</name>
<B>117913.7267</B>
<L>467722.9486</L>
<alti>299.58</alti>
<altiAcc>2</altiAcc>
</GCP>
<GCP gml:id="K1_492917_27">
<fid>10-00100-0-2402-64139</fid>
<lfSpanFr gml:id="K1_492917_27-1">
<gml:timePosition>2025-02-19</gml:timePosition>
</lfSpanFr>
<devDate gml:id="K1_492917_27-2">
<gml:timePosition>2025-02-26</gml:timePosition>
</devDate>
<orgGILvl>KJ14</orgGILvl>
<vis>表示</vis>
<pos>
<gml:Point gml:id="K1_492917_27-g" srsName="fguuid:jgd2011.bl">
<gml:pos>32.754865472 129.991704583</gml:pos>
</gml:Point>
</pos>
<orgName>国土地理院</orgName>
<type>三角点</type>
<gcpClass>四等三角点</gcpClass>
<gcpCode>TR44929170901</gcpCode>
<name>番屋</name>
<B>117917.5157</B>
<L>467970.1365</L>
<alti>57.57</alti>
<altiAcc>2</altiAcc>
</GCP>
<GCP gml:id="K1_492917_28">
<fid>10-00100-0-2402-64140</fid>
<lfSpanFr gml:id="K1_492917_28-1">
<gml:timePosition>2025-02-19</gml:timePosition>
</lfSpanFr>
<devDate gml:id="K1_492917_28-2">
<gml:timePosition>2025-02-26</gml:timePosition>
</devDate>
<orgGILvl>KJ14</orgGILvl>
<vis>表示</vis>
<pos>
<gml:Point gml:id="K1_492917_28-g" srsName="fguuid:jgd2011.bl">
<gml:pos>32.759284028 129.875752083</gml:pos>
</gml:Point>
</pos>
<orgName>国土地理院</orgName>
<type>三角点</type>
<gcpClass>四等三角点</gcpClass>
<gcpCode>TR44929171001</gcpCode>
<name>浜平</name>
<B>117933.4225</B>
<L>467552.7075</L>
<alti>205.65</alti>
<altiAcc>2</altiAcc>
</GCP>
<GCP gml:id="K1_492917_29">
<fid>10-00100-0-2402-64141</fid>
<lfSpanFr gml:id="K1_492917_29-1">
<gml:timePosition>2025-02-19</gml:timePosition>
</lfSpanFr>
<devDate gml:id="K1_492917_29-2">
<gml:timePosition>2025-02-26</gml:timePosition>
</devDate>
<orgGILvl>KJ14</orgGILvl>
<vis>表示</vis>
<pos>
<gml:Point gml:id="K1_492917_29-g" srsName="fguuid:jgd2011.bl">
<gml:pos>32.767160250 129.938659056</gml:pos>
</gml:Point>
</pos>
<orgName>国土地理院</orgName>
<type>三角点</type>
<gcpClass>四等三角点</gcpClass>
<gcpCode>TR44929172501</gcpCode>
<name>五代</name>
<B>117961.7769</B>
<L>467779.1726</L>
<alti>153.25</alti>
<altiAcc>2</altiAcc>
</GCP>
<GCP gml:id="K1_492917_30">
<fid>10-00100-0-2402-64142</fid>
<lfSpanFr gml:id="K1_492917_30-1">
<gml:timePosition>2025-02-19</gml:timePosition>
</lfSpanFr>
<devDate gml:id="K1_492917_30-2">
<gml:timePosition>2025-02-26</gml:timePosition>
</devDate>
<orgGILvl>KJ14</orgGILvl>
<vis>表示</vis>
<pos>
<gml:Point gml:id="K1_492917_30-g" srsName="fguuid:jgd2011.bl">
<gml:pos>32.767458806 129.985845361</gml:pos>
</gml:Point>
</pos>
<orgName>国土地理院</orgName>
<type>三角点</type>
<gcpClass>四等三角点</gcpClass>
<gcpCode>TR44929172801</gcpCode>
<name>戸石</name>
<B>117962.8517</B>
<L>467949.0433</L>
<alti>199.66</alti>
<altiAcc>2</altiAcc>
</GCP>
<GCP gml:id="K1_492917_31">
<fid>10-00100-0-2402-64143</fid>
<lfSpanFr gml:id="K1_492917_31-1">
<gml:timePosition>2025-02-19</gml:timePosition>
</lfSpanFr>
<devDate gml:id="K1_492917_31-2">
<gml:timePosition>2025-02-26</gml:timePosition>
</devDate>
<orgGILvl>KJ14</orgGILvl>
<vis>表示</vis>
<pos>
<gml:Point gml:id="K1_492917_31-g" srsName="fguuid:jgd2011.bl">
<gml:pos>32.781630417 129.920087694</gml:pos>
</gml:Point>
</pos>
<orgName>国土地理院</orgName>
<type>三角点</type>
<gcpClass>四等三角点</gcpClass>
<gcpCode>TR44929173301</gcpCode>
<name>田川内</name>
<B>118013.8695</B>
<L>467712.3157</L>
<alti>355.59</alti>
<altiAcc>2</altiAcc>
</GCP>
<GCP gml:id="K1_492917_32">
<fid>10-00100-0-2402-64144</fid>
<lfSpanFr gml:id="K1_492917_32-1">
<gml:timePosition>2025-02-19</gml:timePosition>
</lfSpanFr>
<devDate gml:id="K1_492917_32-2">
<gml:timePosition>2025-02-26</gml:timePosition>
</devDate>
<orgGILvl>KJ14</orgGILvl>
<vis>表示</vis>
<pos>
<gml:Point gml:id="K1_492917_32-g" srsName="fguuid:jgd2011.bl">
<gml:pos>32.778515111 129.940428806</gml:pos>
</gml:Point>
</pos>
<orgName>国土地理院</orgName>
<type>三角点</type>
<gcpClass>四等三角点</gcpClass>
<gcpCode>TR44929173501</gcpCode>
<name>山田</name>
<B>118002.6544</B>
<L>467785.5437</L>
<alti>176.38</alti>
<altiAcc>2</altiAcc>
</GCP>
<GCP gml:id="K1_492917_33">
<fid>10-00100-0-2402-64145</fid>
<lfSpanFr gml:id="K1_492917_33-1">
<gml:timePosition>2025-02-19</gml:timePosition>
</lfSpanFr>
<devDate gml:id="K1_492917_33-2">
<gml:timePosition>2025-02-26</gml:timePosition>
</devDate>
<orgGILvl>KJ14</orgGILvl>
<vis>表示</vis>
<pos>
<gml:Point gml:id="K1_492917_33-g" srsName="fguuid:jgd2011.bl">
<gml:pos>32.783328250 129.969959556</gml:pos>
</gml:Point>
</pos>
<orgName>国土地理院</orgName>
<type>三角点</type>
<gcpClass>四等三角点</gcpClass>
<gcpCode>TR44929173701</gcpCode>
<name>行仙岳</name>
<B>118019.9817</B>
<L>467891.8544</L>
<alti>456.17</alti>
<altiAcc>2</altiAcc>
</GCP>
<GCP gml:id="K1_492917_34">
<fid>10-00100-0-2402-64146</fid>
<lfSpanFr gml:id="K1_492917_34-1">
<gml:timePosition>2025-02-19</gml:timePosition>
</lfSpanFr>
<devDate gml:id="K1_492917_34-2">
<gml:timePosition>2025-02-26</gml:timePosition>
</devDate>
<orgGILvl>KJ14</orgGILvl>
<vis>表示</vis>
<pos>
<gml:Point gml:id="K1_492917_34-g" srsName="fguuid:jgd2011.bl">
<gml:pos>32.781902528 129.993582667</gml:pos>
</gml:Point>
</pos>
<orgName>国土地理院</orgName>
<type>三角点</type>
<gcpClass>四等三角点</gcpClass>
<gcpCode>TR44929173901</gcpCode>
<name>山ノ中</name>
<B>118014.8491</B>
<L>467976.8976</L>
<alti>170.02</alti>
<altiAcc>2</altiAcc>
</GCP>
<GCP gml:id="K1_492917_35">
<fid>10-00100-0-2402-64147</fid>
<lfSpanFr gml:id="K1_492917_35-1">
<gml:timePosition>2025-02-19</gml:timePosition>
</lfSpanFr>
<devDate gml:id="K1_492917_35-2">
<gml:timePosition>2025-02-26</gml:timePosition>
</devDate>
<orgGILvl>KJ14</orgGILvl>
<vis>表示</vis>
<pos>
<gml:Point gml:id="K1_492917_35-g" srsName="fguuid:jgd2011.bl">
<gml:pos>32.789688194 129.880129056</gml:pos>
</gml:Point>
</pos>
<orgName>国土地理院</orgName>
<type>三角点</type>
<gcpClass>四等三角点</gcpClass>
<gcpCode>TR44929174001</gcpCode>
<name>鳥山</name>
<B>118042.8775</B>
<L>467568.4646</L>
<alti>191.59</alti>
<altiAcc>2</altiAcc>
</GCP>
<GCP gml:id="K1_492917_36">
<fid>10-00100-0-2402-64148</fid>
<lfSpanFr gml:id="K1_492917_36-1">
<gml:timePosition>2025-02-19</gml:timePosition>
</lfSpanFr>
<devDate gml:id="K1_492917_36-2">
<gml:timePosition>2025-02-26</gml:timePosition>
</devDate>
<orgGILvl>KJ14</orgGILvl>
<vis>表示</vis>
<pos>
<gml:Point gml:id="K1_492917_36-g" srsName="fguuid:jgd2011.bl">
<gml:pos>32.791815917 129.893186722</gml:pos>
</gml:Point>
</pos>
<orgName>国土地理院</orgName>
<type>三角点</type>
<gcpClass>四等三角点</gcpClass>
<gcpCode>TR44929175101</gcpCode>
<name>葉山</name>
<B>118050.5373</B>
<L>467615.4722</L>
<alti>370.6</alti>
<altiAcc>2</altiAcc>
</GCP>
<GCP gml:id="K1_492917_37">
<fid>10-00100-0-2402-64149</fid>
<lfSpanFr gml:id="K1_492917_37-1">
<gml:timePosition>2025-02-19</gml:timePosition>
</lfSpanFr>
<devDate gml:id="K1_492917_37-2">
<gml:timePosition>2025-02-26</gml:timePosition>
</devDate>
<orgGILvl>KJ14</orgGILvl>
<vis>表示</vis>
<pos>
<gml:Point gml:id="K1_492917_37-g" srsName="fguuid:jgd2011.bl">
<gml:pos>32.796112639 129.933645083</gml:pos>
</gml:Point>
</pos>
<orgName>国土地理院</orgName>
<type>三角点</type>
<gcpClass>四等三角点</gcpClass>
<gcpCode>TR44929175401</gcpCode>
<name>大屋敷</name>
<B>118066.0055</B>
<L>467761.1223</L>
<alti>252.5</alti>
<altiAcc>2</altiAcc>
</GCP>
<GCP gml:id="K1_492917_38">
<fid>10-00100-0-2402-64150</fid>
<lfSpanFr gml:id="K1_492917_38-1">
<gml:timePosition>2025-02-19</gml:timePosition>
</lfSpanFr>
<devDate gml:id="K1_492917_38-2">
<gml:timePosition>2025-02-26</gml:timePosition>
</devDate>
<orgGILvl>KJ14</orgGILvl>
<vis>表示</vis>
<pos>
<gml:Point gml:id="K1_492917_38-g" srsName="fguuid:jgd2011.bl">
<gml:pos>32.796771861 129.988721417</gml:pos>
</gml:Point>
</pos>
<orgName>国土地理院</orgName>
<type>三角点</type>
<gcpClass>四等三角点</gcpClass>
<gcpCode>TR44929175901</gcpCode>
<name>平原</name>
<B>118068.3787</B>
<L>467959.3971</L>
<alti>267.78</alti>
<altiAcc>2</altiAcc>
</GCP>
<GCP gml:id="K1_492917_39">
<fid>10-00100-0-2402-64151</fid>
<lfSpanFr gml:id="K1_492917_39-1">
<gml:timePosition>2025-02-19</gml:timePosition>
</lfSpanFr>
<devDate gml:id="K1_492917_39-2">
<gml:timePosition>2025-02-26</gml:timePosition>
</devDate>
<orgGILvl>KJ14</orgGILvl>
<vis>表示</vis>
<pos>
<gml:Point gml:id="K1_492917_39-g" srsName="fguuid:jgd2011.bl">
<gml:pos>32.800400722 129.882939583</gml:pos>
</gml:Point>
</pos>
<orgName>国土地理院</orgName>
<type>三角点</type>
<gcpClass>四等三角点</gcpClass>
<gcpCode>TR44929176002</gcpCode>
<name>筒水平</name>
<B>118081.4426</B>
<L>467578.5825</L>
<alti>226.2</alti>
<altiAcc>2</altiAcc>
</GCP>
<GCP gml:id="K1_492917_40">
<fid>10-00100-0-2402-64152</fid>
<lfSpanFr gml:id="K1_492917_40-1">
<gml:timePosition>2025-02-19</gml:timePosition>
</lfSpanFr>
<devDate gml:id="K1_492917_40-2">
<gml:timePosition>2025-02-26</gml:timePosition>
</devDate>
<orgGILvl>KJ14</orgGILvl>
<vis>表示</vis>
<pos>
<gml:Point gml:id="K1_492917_40-g" srsName="fguuid:jgd2011.bl">
<gml:pos>32.804896167 129.919578667</gml:pos>
</gml:Point>
</pos>
<orgName>国土地理院</orgName>
<type>三角点</type>
<gcpClass>四等三角点</gcpClass>
<gcpCode>TR44929176301</gcpCode>
<name>黒迫</name>
<B>118097.6262</B>
<L>467710.4832</L>
<alti>365.35</alti>
<altiAcc>2</altiAcc>
</GCP>
<GCP gml:id="K1_492917_41">
<fid>10-00100-0-2402-64153</fid>
<lfSpanFr gml:id="K1_492917_41-1">
<gml:timePosition>2025-02-19</gml:timePosition>
</lfSpanFr>
<devDate gml:id="K1_492917_41-2">
<gml:timePosition>2025-02-26</gml:timePosition>
</devDate>
<orgGILvl>KJ14</orgGILvl>
<vis>表示</vis>
<pos>
<gml:Point gml:id="K1_492917_41-g" srsName="fguuid:jgd2011.bl">
<gml:pos>32.803027972 129.955634389</gml:pos>
</gml:Point>
</pos>
<orgName>国土地理院</orgName>
<type>三角点</type>
<gcpClass>四等三角点</gcpClass>
<gcpCode>TR44929176601</gcpCode>
<name>高尾</name>
<B>118090.9007</B>
<L>467840.2838</L>
<alti>119.5</alti>
<altiAcc>2</altiAcc>
</GCP>
<GCP gml:id="K1_492917_42">
<fid>10-00100-0-2402-64154</fid>
<lfSpanFr gml:id="K1_492917_42-1">
<gml:timePosition>2025-02-19</gml:timePosition>
</lfSpanFr>
<devDate gml:id="K1_492917_42-2">
<gml:timePosition>2025-02-26</gml:timePosition>
</devDate>
<orgGILvl>KJ14</orgGILvl>
<vis>表示</vis>
<pos>
<gml:Point gml:id="K1_492917_42-g" srsName="fguuid:jgd2011.bl">
<gml:pos>32.803864472 129.971699722</gml:pos>
</gml:Point>
</pos>
<orgName>国土地理院</orgName>
<type>三角点</type>
<gcpClass>四等三角点</gcpClass>
<gcpCode>TR44929176701</gcpCode>
<name>四牛山</name>
<B>118093.9121</B>
<L>467898.119</L>
<alti>203.78</alti>
<altiAcc>2</altiAcc>
</GCP>
<GCP gml:id="K1_492917_43">
<fid>10-00100-0-2402-64155</fid>
<lfSpanFr gml:id="K1_492917_43-1">
<gml:timePosition>2025-02-19</gml:timePosition>
</lfSpanFr>
<devDate gml:id="K1_492917_43-2">
<gml:timePosition>2025-02-26</gml:timePosition>
</devDate>
<orgGILvl>KJ14</orgGILvl>
<vis>表示</vis>
<pos>
<gml:Point gml:id="K1_492917_43-g" srsName="fguuid:jgd2011.bl">
<gml:pos>32.815893250 129.901992750</gml:pos>
</gml:Point>
</pos>
<orgName>国土地理院</orgName>
<type>三角点</type>
<gcpClass>四等三角点</gcpClass>
<gcpCode>TR44929177201</gcpCode>
<name>蔭平</name>
<B>118137.2157</B>
<L>467647.1739</L>
<alti>152.79</alti>
<altiAcc>2</altiAcc>
</GCP>
<GCP gml:id="K1_492917_44">
<fid>10-00100-0-2402-64156</fid>
<lfSpanFr gml:id="K1_492917_44-1">
<gml:timePosition>2025-02-19</gml:timePosition>
</lfSpanFr>
<devDate gml:id="K1_492917_44-2">
<gml:timePosition>2025-02-26</gml:timePosition>
</devDate>
<orgGILvl>KJ14</orgGILvl>
<vis>表示</vis>
<pos>
<gml:Point gml:id="K1_492917_44-g" srsName="fguuid:jgd2011.bl">
<gml:pos>32.813820278 129.964011778</gml:pos>
</gml:Point>
</pos>
<orgName>国土地理院</orgName>
<type>三角点</type>
<gcpClass>四等三角点</gcpClass>
<gcpCode>TR44929177701</gcpCode>
<name>天満宮</name>
<B>118129.753</B>
<L>467870.4424</L>
<alti>74.49</alti>
<altiAcc>2</altiAcc>
</GCP>
<GCP gml:id="K1_492917_45">
<fid>10-00100-0-2402-64157</fid>
<lfSpanFr gml:id="K1_492917_45-1">
<gml:timePosition>2025-02-19</gml:timePosition>
</lfSpanFr>
<devDate gml:id="K1_492917_45-2">
<gml:timePosition>2025-02-26</gml:timePosition>
</devDate>
<orgGILvl>KJ14</orgGILvl>
<vis>表示</vis>
<pos>
<gml:Point gml:id="K1_492917_45-g" srsName="fguuid:jgd2011.bl">
<gml:pos>32.820139167 129.931120167</gml:pos>
</gml:Point>
</pos>
<orgName>国土地理院</orgName>
<type>三角点</type>
<gcpClass>四等三角点</gcpClass>
<gcpCode>TR44929178401</gcpCode>
<name>山川内</name>
<B>118152.501</B>
<L>467752.0326</L>
<alti>424.19</alti>
<altiAcc>2</altiAcc>
</GCP>
<GCP gml:id="K1_492917_46">
<fid>10-00100-0-2402-64158</fid>
<lfSpanFr gml:id="K1_492917_46-1">
<gml:timePosition>2025-02-19</gml:timePosition>
</lfSpanFr>
<devDate gml:id="K1_492917_46-2">
<gml:timePosition>2025-02-26</gml:timePosition>
</devDate>
<orgGILvl>KJ14</orgGILvl>
<vis>表示</vis>
<pos>
<gml:Point gml:id="K1_492917_46-g" srsName="fguuid:jgd2011.bl">
<gml:pos>32.819586944 129.952038833</gml:pos>
</gml:Point>
</pos>
<orgName>国土地理院</orgName>
<type>三角点</type>
<gcpClass>四等三角点</gcpClass>
<gcpCode>TR44929178601</gcpCode>
<name>たぶノ木</name>
<B>118150.513</B>
<L>467827.3398</L>
<alti>139.44</alti>
<altiAcc>2</altiAcc>
</GCP>
<GCP gml:id="K1_492917_47">
<fid>10-00100-0-2402-64159</fid>
<lfSpanFr gml:id="K1_492917_47-1">
<gml:timePosition>2025-02-19</gml:timePosition>
</lfSpanFr>
<devDate gml:id="K1_492917_47-2">
<gml:timePosition>2025-02-26</gml:timePosition>
</devDate>
<orgGILvl>KJ14</orgGILvl>
<vis>表示</vis>
<pos>
<gml:Point gml:id="K1_492917_47-g" srsName="fguuid:jgd2011.bl">
<gml:pos>32.818905667 129.978637111</gml:pos>
</gml:Point>
</pos>
<orgName>国土地理院</orgName>
<type>三角点</type>
<gcpClass>四等三角点</gcpClass>
<gcpCode>TR44929178801</gcpCode>
<name>喜々津</name>
<B>118148.0604</B>
<L>467923.0936</L>
<alti>111.66</alti>
<altiAcc>2</altiAcc>
</GCP>
<GCP gml:id="K1_492917_48">
<fid>10-00100-0-2402-64160</fid>
<lfSpanFr gml:id="K1_492917_48-1">
<gml:timePosition>2025-02-19</gml:timePosition>
</lfSpanFr>
<devDate gml:id="K1_492917_48-2">
<gml:timePosition>2025-02-26</gml:timePosition>
</devDate>
<orgGILvl>KJ14</orgGILvl>
<vis>表示</vis>
<pos>
<gml:Point gml:id="K1_492917_48-g" srsName="fguuid:jgd2011.bl">
<gml:pos>32.825314333 129.911200806</gml:pos>
</gml:Point>
</pos>
<orgName>国土地理院</orgName>
<type>三角点</type>
<gcpClass>四等三角点</gcpClass>
<gcpCode>TR44929179201</gcpCode>
<name>桜平</name>
<B>118171.1316</B>
<L>467680.3229</L>
<alti>205.99</alti>
<altiAcc>2</altiAcc>
</GCP>
<GCP gml:id="K1_492917_49">
<fid>10-00100-0-2402-64161</fid>
<lfSpanFr gml:id="K1_492917_49-1">
<gml:timePosition>2025-02-19</gml:timePosition>
</lfSpanFr>
<devDate gml:id="K1_492917_49-2">
<gml:timePosition>2025-02-26</gml:timePosition>
</devDate>
<orgGILvl>KJ14</orgGILvl>
<vis>表示</vis>
<pos>
<gml:Point gml:id="K1_492917_49-g" srsName="fguuid:jgd2011.bl">
<gml:pos>32.828039250 129.921591583</gml:pos>
</gml:Point>
</pos>
<orgName>国土地理院</orgName>
<type>三角点</type>
<gcpClass>四等三角点</gcpClass>
<gcpCode>TR44929179301</gcpCode>
<name>大山</name>
<B>118180.9413</B>
<L>467717.7297</L>
<alti>403.28</alti>
<altiAcc>2</altiAcc>
</GCP>
<GCP gml:id="K1_492917_50">
<fid>10-00100-0-2402-64162</fid>
<lfSpanFr gml:id="K1_492917_50-1">
<gml:timePosition>2025-02-19</gml:timePosition>
</lfSpanFr>
<devDate gml:id="K1_492917_50-2">
<gml:timePosition>2025-02-26</gml:timePosition>
</devDate>
<orgGILvl>KJ14</orgGILvl>
<vis>表示</vis>
<pos>
<gml:Point gml:id="K1_492917_50-g" srsName="fguuid:jgd2011.bl">
<gml:pos>32.827591472 129.957862444</gml:pos>
</gml:Point>
</pos>
<orgName>国土地理院</orgName>
<type>三角点</type>
<gcpClass>四等三角点</gcpClass>
<gcpCode>TR44929179601</gcpCode>
<name>中里</name>
<B>118179.3293</B>
<L>467848.3048</L>
<alti>222.99</alti>
<altiAcc>2</altiAcc>
</GCP>
<GCP gml:id="K1_492917_51">
<fid>10-00100-0-2402-64163</fid>
<lfSpanFr gml:id="K1_492917_51-1">
<gml:timePosition>2025-02-19</gml:timePosition>
</lfSpanFr>
<devDate gml:id="K1_492917_51-2">
<gml:timePosition>2025-02-26</gml:timePosition>
</devDate>
<orgGILvl>KJ14</orgGILvl>
<vis>表示</vis>
<pos>
<gml:Point gml:id="K1_492917_51-g" srsName="fguuid:jgd2011.bl">
<gml:pos>32.832758167 129.975766111</gml:pos>
</gml:Point>
</pos>
<orgName>国土地理院</orgName>
<type>三角点</type>
<gcpClass>四等三角点</gcpClass>
<gcpCode>TR44929179801</gcpCode>
<name>木床名</name>
<B>118197.9294</B>
<L>467912.758</L>
<alti>141.38</alti>
<altiAcc>2</altiAcc>
</GCP>
<GCP gml:id="K1_492917_52">
<fid>10-00100-0-2402-64164</fid>
<lfSpanFr gml:id="K1_492917_52-1">
<gml:timePosition>2025-02-19</gml:timePosition>
</lfSpanFr>
<devDate gml:id="K1_492917_52-2">
<gml:timePosition>2025-02-26</gml:timePosition>
</devDate>
<orgGILvl>KJ14</orgGILvl>
<vis>表示</vis>
<pos>
<gml:Point gml:id="K1_492917_52-g" srsName="fguuid:jgd2011.bl">
<gml:pos>32.825812056 129.991134278</gml:pos>
</gml:Point>
</pos>
<orgName>国土地理院</orgName>
<type>三角点</type>
<gcpClass>四等三角点</gcpClass>
<gcpCode>TR44929179901</gcpCode>
<name>西陵高校</name>
<B>118172.9234</B>
<L>467968.0834</L>
<alti>92.15</alti>
<altiAcc>2</altiAcc>
</GCP>
</Dataset>
