<?xml version="1.0" encoding="utf-8"?>
<Dataset xsi:schemaLocation="http://fgd.gsi.go.jp/spec/2008/FGD_GMLSchema FGD_GMLSchema.xsd"
	xmlns:gml="http://www.opengis.net/gml/3.2"
	xmlns:xsi="http://www.w3.org/2001/XMLSchema-instance"
	xmlns:xlink="http://www.w3.org/1999/xlink"
	xmlns="http://fgd.gsi.go.jp/spec/2008/FGD_GMLSchema"
	gml:id="Dataset1">
  <gml:description>基盤地図情報メタデータ ID=fmdid:25-0331</gml:description>
  <gml:name>基盤地図情報ダウンロードデータ（GML版）</gml:name>
<AdmPt gml:id="K6_4676111814_1">
<fid>46761-11814-i-1500</fid>
<lfSpanFr gml:id="K6_4676111814_1-1">
<gml:timePosition>2020-12-08</gml:timePosition>
</lfSpanFr>
<devDate gml:id="K6_4676111814_1-2">
<gml:timePosition>2025-02-26</gml:timePosition>
</devDate>
<orgGILvl>25000</orgGILvl>
<vis>非表示</vis>
<pos>
<gml:Point gml:id="K6_4676111814_1-g" srsName="fguuid:jgd2011.bl">
<gml:pos>32.818817538 129.898348679</gml:pos>
</gml:Point>
</pos>
<type>町村・指定都市の区</type>
<name>長与町</name>
<admCode>42307</admCode>
</AdmPt>
<AdmPt gml:id="K6_4677311802_1">
<fid>46773-11802-i-570</fid>
<lfSpanFr gml:id="K6_4677311802_1-1">
<gml:timePosition>2023-02-21</gml:timePosition>
</lfSpanFr>
<devDate gml:id="K6_4677311802_1-2">
<gml:timePosition>2025-02-26</gml:timePosition>
</devDate>
<orgGILvl>25000</orgGILvl>
<vis>非表示</vis>
<pos>
<gml:Point gml:id="K6_4677311802_1-g" srsName="fguuid:jgd2011.bl">
<gml:pos>32.784276287 129.932860621</gml:pos>
</gml:Point>
</pos>
<type>郡市・東京都の区</type>
<name>長崎市</name>
<admCode>42201</admCode>
</AdmPt>
<AdmPt gml:id="K6_4678811790_1">
<fid>46788-11790-i-1556</fid>
<lfSpanFr gml:id="K6_4678811790_1-1">
<gml:timePosition>2023-02-21</gml:timePosition>
</lfSpanFr>
<devDate gml:id="K6_4678811790_1-2">
<gml:timePosition>2025-02-26</gml:timePosition>
</devDate>
<orgGILvl>25000</orgGILvl>
<vis>非表示</vis>
<pos>
<gml:Point gml:id="K6_4678811790_1-g" srsName="fguuid:jgd2011.bl">
<gml:pos>32.756141714 129.972898265</gml:pos>
</gml:Point>
</pos>
<type>郡市・東京都の区</type>
<name>長崎市</name>
<admCode>42201</admCode>
</AdmPt>
<AdmPt gml:id="K6_4679411790_1">
<fid>46794-11790-i-1455</fid>
<lfSpanFr gml:id="K6_4679411790_1-1">
<gml:timePosition>2023-02-21</gml:timePosition>
</lfSpanFr>
<devDate gml:id="K6_4679411790_1-2">
<gml:timePosition>2025-02-26</gml:timePosition>
</devDate>
<orgGILvl>25000</orgGILvl>
<vis>非表示</vis>
<pos>
<gml:Point gml:id="K6_4679411790_1-g" srsName="fguuid:jgd2011.bl">
<gml:pos>32.751527850 129.985166834</gml:pos>
</gml:Point>
</pos>
<type>郡市・東京都の区</type>
<name>長崎市</name>
<admCode>42201</admCode>
</AdmPt>
<AdmPt gml:id="K6_4679711805_1">
<fid>46797-11805-i-2405</fid>
<lfSpanFr gml:id="K6_4679711805_1-1">
<gml:timePosition>2020-12-08</gml:timePosition>
</lfSpanFr>
<devDate gml:id="K6_4679711805_1-2">
<gml:timePosition>2025-02-26</gml:timePosition>
</devDate>
<orgGILvl>25000</orgGILvl>
<vis>非表示</vis>
<pos>
<gml:Point gml:id="K6_4679711805_1-g" srsName="fguuid:jgd2011.bl">
<gml:pos>32.793862838 129.994711323</gml:pos>
</gml:Point>
</pos>
<type>郡市・東京都の区</type>
<name>諫早市</name>
<admCode>42204</admCode>
</AdmPt>
</Dataset>
