<?xml version="1.0" encoding="utf-8"?>
<Dataset xsi:schemaLocation="http://fgd.gsi.go.jp/spec/2008/FGD_GMLSchema FGD_GMLSchema.xsd"
	xmlns:gml="http://www.opengis.net/gml/3.2"
	xmlns:xsi="http://www.w3.org/2001/XMLSchema-instance"
	xmlns:xlink="http://www.w3.org/1999/xlink"
	xmlns="http://fgd.gsi.go.jp/spec/2008/FGD_GMLSchema"
	gml:id="Dataset1">
  <gml:description>基盤地図情報メタデータ ID=fmdid:25-0331</gml:description>
  <gml:name>基盤地図情報ダウンロードデータ（GML版）</gml:name>
<ElevPt gml:id="K2_4675511793_1">
<fid>46755-11793-i-4777</fid>
<lfSpanFr gml:id="K2_4675511793_1-1">
<gml:timePosition>2023-02-21</gml:timePosition>
</lfSpanFr>
<devDate gml:id="K2_4675511793_1-2">
<gml:timePosition>2025-02-26</gml:timePosition>
</devDate>
<orgGILvl>25000</orgGILvl>
<vis>表示</vis>
<pos>
<gml:Point gml:id="K2_4675511793_1-g" srsName="fguuid:jgd2011.bl">
<gml:pos>32.765263333 129.876977500</gml:pos>
</gml:Point>
</pos>
<type>標高点（測点）</type>
<alti>288</alti>
</ElevPt>
<ElevPt gml:id="K2_4675511793_2">
<fid>46755-11793-i-4778</fid>
<lfSpanFr gml:id="K2_4675511793_2-1">
<gml:timePosition>2023-02-21</gml:timePosition>
</lfSpanFr>
<devDate gml:id="K2_4675511793_2-2">
<gml:timePosition>2025-02-26</gml:timePosition>
</devDate>
<orgGILvl>25000</orgGILvl>
<vis>表示</vis>
<pos>
<gml:Point gml:id="K2_4675511793_2-g" srsName="fguuid:jgd2011.bl">
<gml:pos>32.765190278 129.883010833</gml:pos>
</gml:Point>
</pos>
<type>標高点（測点）</type>
<alti>285</alti>
</ElevPt>
<ElevPt gml:id="K2_4675511799_1">
<fid>46755-11799-i-4382</fid>
<lfSpanFr gml:id="K2_4675511799_1-1">
<gml:timePosition>2023-02-21</gml:timePosition>
</lfSpanFr>
<devDate gml:id="K2_4675511799_1-2">
<gml:timePosition>2025-02-26</gml:timePosition>
</devDate>
<orgGILvl>25000</orgGILvl>
<vis>表示</vis>
<pos>
<gml:Point gml:id="K2_4675511799_1-g" srsName="fguuid:jgd2011.bl">
<gml:pos>32.780327222 129.879990556</gml:pos>
</gml:Point>
</pos>
<type>標高点（測点）</type>
<alti>152</alti>
</ElevPt>
<ElevPt gml:id="K2_4675511814_1">
<fid>46755-11814-i-978</fid>
<lfSpanFr gml:id="K2_4675511814_1-1">
<gml:timePosition>2020-12-08</gml:timePosition>
</lfSpanFr>
<devDate gml:id="K2_4675511814_1-2">
<gml:timePosition>2025-02-26</gml:timePosition>
</devDate>
<orgGILvl>25000</orgGILvl>
<vis>表示</vis>
<pos>
<gml:Point gml:id="K2_4675511814_1-g" srsName="fguuid:jgd2011.bl">
<gml:pos>32.822938500 129.878995806</gml:pos>
</gml:Point>
</pos>
<type>標高点（測点）</type>
<alti>14</alti>
</ElevPt>
<ElevPt gml:id="K2_4675511817_1">
<fid>46755-11817-i-739</fid>
<lfSpanFr gml:id="K2_4675511817_1-1">
<gml:timePosition>2020-12-08</gml:timePosition>
</lfSpanFr>
<devDate gml:id="K2_4675511817_1-2">
<gml:timePosition>2025-02-26</gml:timePosition>
</devDate>
<orgGILvl>25000</orgGILvl>
<vis>表示</vis>
<pos>
<gml:Point gml:id="K2_4675511817_1-g" srsName="fguuid:jgd2011.bl">
<gml:pos>32.831775278 129.878358611</gml:pos>
</gml:Point>
</pos>
<type>標高点（測点）</type>
<alti>90</alti>
</ElevPt>
<ElevPt gml:id="K2_4675811790_1">
<fid>46758-11790-i-8620</fid>
<lfSpanFr gml:id="K2_4675811790_1-1">
<gml:timePosition>2023-02-21</gml:timePosition>
</lfSpanFr>
<devDate gml:id="K2_4675811790_1-2">
<gml:timePosition>2025-02-26</gml:timePosition>
</devDate>
<orgGILvl>25000</orgGILvl>
<vis>非表示</vis>
<pos>
<gml:Point gml:id="K2_4675811790_1-g" srsName="fguuid:jgd2011.bl">
<gml:pos>32.756808611 129.890740000</gml:pos>
</gml:Point>
</pos>
<type>標高点（測点）</type>
<alti>105</alti>
</ElevPt>
<ElevPt gml:id="K2_4675811799_1">
<fid>46758-11799-i-7307</fid>
<lfSpanFr gml:id="K2_4675811799_1-1">
<gml:timePosition>2023-02-21</gml:timePosition>
</lfSpanFr>
<devDate gml:id="K2_4675811799_1-2">
<gml:timePosition>2025-02-26</gml:timePosition>
</devDate>
<orgGILvl>25000</orgGILvl>
<vis>表示</vis>
<pos>
<gml:Point gml:id="K2_4675811799_1-g" srsName="fguuid:jgd2011.bl">
<gml:pos>32.776986389 129.887174722</gml:pos>
</gml:Point>
</pos>
<type>標高点（測点）</type>
<alti>258</alti>
</ElevPt>
<ElevPt gml:id="K2_4675811802_1">
<fid>46758-11802-i-1604</fid>
<lfSpanFr gml:id="K2_4675811802_1-1">
<gml:timePosition>2023-02-21</gml:timePosition>
</lfSpanFr>
<devDate gml:id="K2_4675811802_1-2">
<gml:timePosition>2025-02-26</gml:timePosition>
</devDate>
<orgGILvl>25000</orgGILvl>
<vis>表示</vis>
<pos>
<gml:Point gml:id="K2_4675811802_1-g" srsName="fguuid:jgd2011.bl">
<gml:pos>32.791082778 129.885398333</gml:pos>
</gml:Point>
</pos>
<type>標高点（測点）</type>
<alti>162</alti>
</ElevPt>
<ElevPt gml:id="K2_4675811811_1">
<fid>46758-11811-i-1155</fid>
<lfSpanFr gml:id="K2_4675811811_1-1">
<gml:timePosition>2023-02-21</gml:timePosition>
</lfSpanFr>
<devDate gml:id="K2_4675811811_1-2">
<gml:timePosition>2025-02-26</gml:timePosition>
</devDate>
<orgGILvl>25000</orgGILvl>
<vis>表示</vis>
<pos>
<gml:Point gml:id="K2_4675811811_1-g" srsName="fguuid:jgd2011.bl">
<gml:pos>32.813639444 129.885422778</gml:pos>
</gml:Point>
</pos>
<type>標高点（測点）</type>
<alti>91</alti>
</ElevPt>
<ElevPt gml:id="K2_4675811814_1">
<fid>46758-11814-i-1196</fid>
<lfSpanFr gml:id="K2_4675811814_1-1">
<gml:timePosition>2020-12-08</gml:timePosition>
</lfSpanFr>
<devDate gml:id="K2_4675811814_1-2">
<gml:timePosition>2025-02-26</gml:timePosition>
</devDate>
<orgGILvl>25000</orgGILvl>
<vis>表示</vis>
<pos>
<gml:Point gml:id="K2_4675811814_1-g" srsName="fguuid:jgd2011.bl">
<gml:pos>32.819448417 129.883904583</gml:pos>
</gml:Point>
</pos>
<type>標高点（測点）</type>
<alti>90</alti>
</ElevPt>
<ElevPt gml:id="K2_4675811814_2">
<fid>46758-11814-i-1197</fid>
<lfSpanFr gml:id="K2_4675811814_2-1">
<gml:timePosition>2020-12-08</gml:timePosition>
</lfSpanFr>
<devDate gml:id="K2_4675811814_2-2">
<gml:timePosition>2025-02-26</gml:timePosition>
</devDate>
<orgGILvl>25000</orgGILvl>
<vis>表示</vis>
<pos>
<gml:Point gml:id="K2_4675811814_2-g" srsName="fguuid:jgd2011.bl">
<gml:pos>32.821419722 129.891486667</gml:pos>
</gml:Point>
</pos>
<type>標高点（測点）</type>
<alti>43</alti>
</ElevPt>
<ElevPt gml:id="K2_4675811817_1">
<fid>46758-11817-i-515</fid>
<lfSpanFr gml:id="K2_4675811817_1-1">
<gml:timePosition>2020-12-08</gml:timePosition>
</lfSpanFr>
<devDate gml:id="K2_4675811817_1-2">
<gml:timePosition>2025-02-26</gml:timePosition>
</devDate>
<orgGILvl>25000</orgGILvl>
<vis>表示</vis>
<pos>
<gml:Point gml:id="K2_4675811817_1-g" srsName="fguuid:jgd2011.bl">
<gml:pos>32.828787222 129.885168611</gml:pos>
</gml:Point>
</pos>
<type>標高点（測点）</type>
<alti>157</alti>
</ElevPt>
<ElevPt gml:id="K2_4676111793_1">
<fid>46761-11793-i-3181</fid>
<lfSpanFr gml:id="K2_4676111793_1-1">
<gml:timePosition>2023-02-21</gml:timePosition>
</lfSpanFr>
<devDate gml:id="K2_4676111793_1-2">
<gml:timePosition>2025-02-26</gml:timePosition>
</devDate>
<orgGILvl>25000</orgGILvl>
<vis>表示</vis>
<pos>
<gml:Point gml:id="K2_4676111793_1-g" srsName="fguuid:jgd2011.bl">
<gml:pos>32.762016389 129.894576111</gml:pos>
</gml:Point>
</pos>
<type>標高点（測点）</type>
<alti>198</alti>
</ElevPt>
<ElevPt gml:id="K2_4676111793_2">
<fid>46761-11793-i-3182</fid>
<lfSpanFr gml:id="K2_4676111793_2-1">
<gml:timePosition>2023-02-21</gml:timePosition>
</lfSpanFr>
<devDate gml:id="K2_4676111793_2-2">
<gml:timePosition>2025-02-26</gml:timePosition>
</devDate>
<orgGILvl>25000</orgGILvl>
<vis>表示</vis>
<pos>
<gml:Point gml:id="K2_4676111793_2-g" srsName="fguuid:jgd2011.bl">
<gml:pos>32.766152500 129.897905278</gml:pos>
</gml:Point>
</pos>
<type>標高点（測点）</type>
<alti>300</alti>
</ElevPt>
<ElevPt gml:id="K2_4676111799_1">
<fid>46761-11799-i-2962</fid>
<lfSpanFr gml:id="K2_4676111799_1-1">
<gml:timePosition>2023-02-21</gml:timePosition>
</lfSpanFr>
<devDate gml:id="K2_4676111799_1-2">
<gml:timePosition>2025-02-26</gml:timePosition>
</devDate>
<orgGILvl>25000</orgGILvl>
<vis>表示</vis>
<pos>
<gml:Point gml:id="K2_4676111799_1-g" srsName="fguuid:jgd2011.bl">
<gml:pos>32.776599444 129.895918611</gml:pos>
</gml:Point>
</pos>
<type>標高点（測点）</type>
<alti>264</alti>
</ElevPt>
<ElevPt gml:id="K2_4676111802_1">
<fid>46761-11802-i-1295</fid>
<lfSpanFr gml:id="K2_4676111802_1-1">
<gml:timePosition>2023-02-21</gml:timePosition>
</lfSpanFr>
<devDate gml:id="K2_4676111802_1-2">
<gml:timePosition>2025-02-26</gml:timePosition>
</devDate>
<orgGILvl>25000</orgGILvl>
<vis>表示</vis>
<pos>
<gml:Point gml:id="K2_4676111802_1-g" srsName="fguuid:jgd2011.bl">
<gml:pos>32.786279167 129.894908861</gml:pos>
</gml:Point>
</pos>
<type>標高点（測点）</type>
<alti>101</alti>
</ElevPt>
<ElevPt gml:id="K2_4676111805_1">
<fid>46761-11805-i-242</fid>
<lfSpanFr gml:id="K2_4676111805_1-1">
<gml:timePosition>2023-02-21</gml:timePosition>
</lfSpanFr>
<devDate gml:id="K2_4676111805_1-2">
<gml:timePosition>2025-02-26</gml:timePosition>
</devDate>
<orgGILvl>25000</orgGILvl>
<vis>表示</vis>
<pos>
<gml:Point gml:id="K2_4676111805_1-g" srsName="fguuid:jgd2011.bl">
<gml:pos>32.796159444 129.895682778</gml:pos>
</gml:Point>
</pos>
<type>標高点（測点）</type>
<alti>387</alti>
</ElevPt>
<ElevPt gml:id="K2_4676111808_1">
<fid>46761-11808-i-979</fid>
<lfSpanFr gml:id="K2_4676111808_1-1">
<gml:timePosition>2023-02-21</gml:timePosition>
</lfSpanFr>
<devDate gml:id="K2_4676111808_1-2">
<gml:timePosition>2025-02-26</gml:timePosition>
</devDate>
<orgGILvl>25000</orgGILvl>
<vis>表示</vis>
<pos>
<gml:Point gml:id="K2_4676111808_1-g" srsName="fguuid:jgd2011.bl">
<gml:pos>32.801487778 129.891945278</gml:pos>
</gml:Point>
</pos>
<type>標高点（測点）</type>
<alti>183</alti>
</ElevPt>
<ElevPt gml:id="K2_4676111814_1">
<fid>46761-11814-i-1289</fid>
<lfSpanFr gml:id="K2_4676111814_1-1">
<gml:timePosition>2020-12-08</gml:timePosition>
</lfSpanFr>
<devDate gml:id="K2_4676111814_1-2">
<gml:timePosition>2025-02-26</gml:timePosition>
</devDate>
<orgGILvl>25000</orgGILvl>
<vis>表示</vis>
<pos>
<gml:Point gml:id="K2_4676111814_1-g" srsName="fguuid:jgd2011.bl">
<gml:pos>32.824931722 129.898724028</gml:pos>
</gml:Point>
</pos>
<type>標高点（測点）</type>
<alti>46</alti>
</ElevPt>
<ElevPt gml:id="K2_4676111814_2">
<fid>46761-11814-i-1290</fid>
<lfSpanFr gml:id="K2_4676111814_2-1">
<gml:timePosition>2020-12-08</gml:timePosition>
</lfSpanFr>
<devDate gml:id="K2_4676111814_2-2">
<gml:timePosition>2025-02-26</gml:timePosition>
</devDate>
<orgGILvl>25000</orgGILvl>
<vis>表示</vis>
<pos>
<gml:Point gml:id="K2_4676111814_2-g" srsName="fguuid:jgd2011.bl">
<gml:pos>32.817934556 129.897018833</gml:pos>
</gml:Point>
</pos>
<type>標高点（測点）</type>
<alti>46</alti>
</ElevPt>
<ElevPt gml:id="K2_4676111817_1">
<fid>46761-11817-i-683</fid>
<lfSpanFr gml:id="K2_4676111817_1-1">
<gml:timePosition>2020-12-08</gml:timePosition>
</lfSpanFr>
<devDate gml:id="K2_4676111817_1-2">
<gml:timePosition>2025-02-26</gml:timePosition>
</devDate>
<orgGILvl>25000</orgGILvl>
<vis>表示</vis>
<pos>
<gml:Point gml:id="K2_4676111817_1-g" srsName="fguuid:jgd2011.bl">
<gml:pos>32.830356111 129.894506389</gml:pos>
</gml:Point>
</pos>
<type>標高点（測点）</type>
<alti>249</alti>
</ElevPt>
<ElevPt gml:id="K2_4676411790_1">
<fid>46764-11790-i-3152</fid>
<lfSpanFr gml:id="K2_4676411790_1-1">
<gml:timePosition>2023-02-21</gml:timePosition>
</lfSpanFr>
<devDate gml:id="K2_4676411790_1-2">
<gml:timePosition>2025-02-26</gml:timePosition>
</devDate>
<orgGILvl>25000</orgGILvl>
<vis>表示</vis>
<pos>
<gml:Point gml:id="K2_4676411790_1-g" srsName="fguuid:jgd2011.bl">
<gml:pos>32.757111944 129.901203611</gml:pos>
</gml:Point>
</pos>
<type>標高点（測点）</type>
<alti>274</alti>
</ElevPt>
<ElevPt gml:id="K2_4676411793_1">
<fid>46764-11793-i-297</fid>
<lfSpanFr gml:id="K2_4676411793_1-1">
<gml:timePosition>2023-02-21</gml:timePosition>
</lfSpanFr>
<devDate gml:id="K2_4676411793_1-2">
<gml:timePosition>2025-02-26</gml:timePosition>
</devDate>
<orgGILvl>25000</orgGILvl>
<vis>表示</vis>
<pos>
<gml:Point gml:id="K2_4676411793_1-g" srsName="fguuid:jgd2011.bl">
<gml:pos>32.758821944 129.906618333</gml:pos>
</gml:Point>
</pos>
<type>標高点（測点）</type>
<alti>349</alti>
</ElevPt>
<ElevPt gml:id="K2_4676411793_2">
<fid>46764-11793-i-298</fid>
<lfSpanFr gml:id="K2_4676411793_2-1">
<gml:timePosition>2023-02-21</gml:timePosition>
</lfSpanFr>
<devDate gml:id="K2_4676411793_2-2">
<gml:timePosition>2025-02-26</gml:timePosition>
</devDate>
<orgGILvl>25000</orgGILvl>
<vis>表示</vis>
<pos>
<gml:Point gml:id="K2_4676411793_2-g" srsName="fguuid:jgd2011.bl">
<gml:pos>32.764186389 129.906921111</gml:pos>
</gml:Point>
</pos>
<type>標高点（測点）</type>
<alti>426</alti>
</ElevPt>
<ElevPt gml:id="K2_4676411796_1">
<fid>46764-11796-i-848</fid>
<lfSpanFr gml:id="K2_4676411796_1-1">
<gml:timePosition>2023-02-21</gml:timePosition>
</lfSpanFr>
<devDate gml:id="K2_4676411796_1-2">
<gml:timePosition>2025-02-26</gml:timePosition>
</devDate>
<orgGILvl>25000</orgGILvl>
<vis>表示</vis>
<pos>
<gml:Point gml:id="K2_4676411796_1-g" srsName="fguuid:jgd2011.bl">
<gml:pos>32.770570556 129.904866667</gml:pos>
</gml:Point>
</pos>
<type>標高点（測点）</type>
<alti>230</alti>
</ElevPt>
<ElevPt gml:id="K2_4676411799_1">
<fid>46764-11799-i-1450</fid>
<lfSpanFr gml:id="K2_4676411799_1-1">
<gml:timePosition>2023-02-21</gml:timePosition>
</lfSpanFr>
<devDate gml:id="K2_4676411799_1-2">
<gml:timePosition>2025-02-26</gml:timePosition>
</devDate>
<orgGILvl>25000</orgGILvl>
<vis>表示</vis>
<pos>
<gml:Point gml:id="K2_4676411799_1-g" srsName="fguuid:jgd2011.bl">
<gml:pos>32.780907778 129.900379722</gml:pos>
</gml:Point>
</pos>
<type>標高点（測点）</type>
<alti>308</alti>
</ElevPt>
<ElevPt gml:id="K2_4676411802_1">
<fid>46764-11802-i-920</fid>
<lfSpanFr gml:id="K2_4676411802_1-1">
<gml:timePosition>2023-02-21</gml:timePosition>
</lfSpanFr>
<devDate gml:id="K2_4676411802_1-2">
<gml:timePosition>2025-02-26</gml:timePosition>
</devDate>
<orgGILvl>25000</orgGILvl>
<vis>表示</vis>
<pos>
<gml:Point gml:id="K2_4676411802_1-g" srsName="fguuid:jgd2011.bl">
<gml:pos>32.789315278 129.900460000</gml:pos>
</gml:Point>
</pos>
<type>標高点（測点）</type>
<alti>260</alti>
</ElevPt>
<ElevPt gml:id="K2_4676411805_1">
<fid>46764-11805-i-605</fid>
<lfSpanFr gml:id="K2_4676411805_1-1">
<gml:timePosition>2023-02-21</gml:timePosition>
</lfSpanFr>
<devDate gml:id="K2_4676411805_1-2">
<gml:timePosition>2025-02-26</gml:timePosition>
</devDate>
<orgGILvl>25000</orgGILvl>
<vis>表示</vis>
<pos>
<gml:Point gml:id="K2_4676411805_1-g" srsName="fguuid:jgd2011.bl">
<gml:pos>32.795636667 129.902570000</gml:pos>
</gml:Point>
</pos>
<type>標高点（測点）</type>
<alti>353</alti>
</ElevPt>
<ElevPt gml:id="K2_4676411808_1">
<fid>46764-11808-i-1005</fid>
<lfSpanFr gml:id="K2_4676411808_1-1">
<gml:timePosition>2023-02-21</gml:timePosition>
</lfSpanFr>
<devDate gml:id="K2_4676411808_1-2">
<gml:timePosition>2025-02-26</gml:timePosition>
</devDate>
<orgGILvl>25000</orgGILvl>
<vis>表示</vis>
<pos>
<gml:Point gml:id="K2_4676411808_1-g" srsName="fguuid:jgd2011.bl">
<gml:pos>32.802503366 129.902951549</gml:pos>
</gml:Point>
</pos>
<type>標高点（測点）</type>
<alti>210</alti>
</ElevPt>
<ElevPt gml:id="K2_4676411811_1">
<fid>46764-11811-i-286</fid>
<lfSpanFr gml:id="K2_4676411811_1-1">
<gml:timePosition>2023-02-21</gml:timePosition>
</lfSpanFr>
<devDate gml:id="K2_4676411811_1-2">
<gml:timePosition>2025-02-26</gml:timePosition>
</devDate>
<orgGILvl>25000</orgGILvl>
<vis>表示</vis>
<pos>
<gml:Point gml:id="K2_4676411811_1-g" srsName="fguuid:jgd2011.bl">
<gml:pos>32.809566389 129.904481944</gml:pos>
</gml:Point>
</pos>
<type>標高点（測点）</type>
<alti>281</alti>
</ElevPt>
<ElevPt gml:id="K2_4676411814_1">
<fid>46764-11814-i-1196</fid>
<lfSpanFr gml:id="K2_4676411814_1-1">
<gml:timePosition>2020-12-08</gml:timePosition>
</lfSpanFr>
<devDate gml:id="K2_4676411814_1-2">
<gml:timePosition>2025-02-26</gml:timePosition>
</devDate>
<orgGILvl>25000</orgGILvl>
<vis>表示</vis>
<pos>
<gml:Point gml:id="K2_4676411814_1-g" srsName="fguuid:jgd2011.bl">
<gml:pos>32.822460556 129.905304722</gml:pos>
</gml:Point>
</pos>
<type>標高点（測点）</type>
<alti>103</alti>
</ElevPt>
<ElevPt gml:id="K2_4676411814_2">
<fid>46764-11814-i-1658</fid>
<lfSpanFr gml:id="K2_4676411814_2-1">
<gml:timePosition>2020-12-08</gml:timePosition>
</lfSpanFr>
<devDate gml:id="K2_4676411814_2-2">
<gml:timePosition>2025-02-26</gml:timePosition>
</devDate>
<orgGILvl>25000</orgGILvl>
<vis>表示</vis>
<pos>
<gml:Point gml:id="K2_4676411814_2-g" srsName="fguuid:jgd2011.bl">
<gml:pos>32.817095363 129.908027913</gml:pos>
</gml:Point>
</pos>
<type>標高点（測点）</type>
<alti>131</alti>
</ElevPt>
<ElevPt gml:id="K2_4676411817_1">
<fid>46764-11817-i-566</fid>
<lfSpanFr gml:id="K2_4676411817_1-1">
<gml:timePosition>2020-12-08</gml:timePosition>
</lfSpanFr>
<devDate gml:id="K2_4676411817_1-2">
<gml:timePosition>2025-02-26</gml:timePosition>
</devDate>
<orgGILvl>25000</orgGILvl>
<vis>表示</vis>
<pos>
<gml:Point gml:id="K2_4676411817_1-g" srsName="fguuid:jgd2011.bl">
<gml:pos>32.830345833 129.908095278</gml:pos>
</gml:Point>
</pos>
<type>標高点（測点）</type>
<alti>304</alti>
</ElevPt>
<ElevPt gml:id="K2_4676711799_1">
<fid>46767-11799-i-655</fid>
<lfSpanFr gml:id="K2_4676711799_1-1">
<gml:timePosition>2023-02-21</gml:timePosition>
</lfSpanFr>
<devDate gml:id="K2_4676711799_1-2">
<gml:timePosition>2025-02-26</gml:timePosition>
</devDate>
<orgGILvl>25000</orgGILvl>
<vis>表示</vis>
<pos>
<gml:Point gml:id="K2_4676711799_1-g" srsName="fguuid:jgd2011.bl">
<gml:pos>32.781415000 129.913146111</gml:pos>
</gml:Point>
</pos>
<type>標高点（測点）</type>
<alti>408</alti>
</ElevPt>
<ElevPt gml:id="K2_4676711799_2">
<fid>46767-11799-i-656</fid>
<lfSpanFr gml:id="K2_4676711799_2-1">
<gml:timePosition>2023-02-21</gml:timePosition>
</lfSpanFr>
<devDate gml:id="K2_4676711799_2-2">
<gml:timePosition>2025-02-26</gml:timePosition>
</devDate>
<orgGILvl>25000</orgGILvl>
<vis>表示</vis>
<pos>
<gml:Point gml:id="K2_4676711799_2-g" srsName="fguuid:jgd2011.bl">
<gml:pos>32.775501111 129.914025000</gml:pos>
</gml:Point>
</pos>
<type>標高点（測点）</type>
<alti>362</alti>
</ElevPt>
<ElevPt gml:id="K2_4676711802_1">
<fid>46767-11802-i-370</fid>
<lfSpanFr gml:id="K2_4676711802_1-1">
<gml:timePosition>2023-02-21</gml:timePosition>
</lfSpanFr>
<devDate gml:id="K2_4676711802_1-2">
<gml:timePosition>2025-02-26</gml:timePosition>
</devDate>
<orgGILvl>25000</orgGILvl>
<vis>表示</vis>
<pos>
<gml:Point gml:id="K2_4676711802_1-g" srsName="fguuid:jgd2011.bl">
<gml:pos>32.788766111 129.908529167</gml:pos>
</gml:Point>
</pos>
<type>標高点（測点）</type>
<alti>415</alti>
</ElevPt>
<ElevPt gml:id="K2_4676711805_1">
<fid>46767-11805-i-442</fid>
<lfSpanFr gml:id="K2_4676711805_1-1">
<gml:timePosition>2023-02-21</gml:timePosition>
</lfSpanFr>
<devDate gml:id="K2_4676711805_1-2">
<gml:timePosition>2025-02-26</gml:timePosition>
</devDate>
<orgGILvl>25000</orgGILvl>
<vis>表示</vis>
<pos>
<gml:Point gml:id="K2_4676711805_1-g" srsName="fguuid:jgd2011.bl">
<gml:pos>32.794700556 129.910057500</gml:pos>
</gml:Point>
</pos>
<type>標高点（測点）</type>
<alti>494</alti>
</ElevPt>
<ElevPt gml:id="K2_4676711808_1">
<fid>46767-11808-i-879</fid>
<lfSpanFr gml:id="K2_4676711808_1-1">
<gml:timePosition>2023-02-21</gml:timePosition>
</lfSpanFr>
<devDate gml:id="K2_4676711808_1-2">
<gml:timePosition>2025-02-26</gml:timePosition>
</devDate>
<orgGILvl>25000</orgGILvl>
<vis>表示</vis>
<pos>
<gml:Point gml:id="K2_4676711808_1-g" srsName="fguuid:jgd2011.bl">
<gml:pos>32.802266944 129.910069444</gml:pos>
</gml:Point>
</pos>
<type>標高点（測点）</type>
<alti>310</alti>
</ElevPt>
<ElevPt gml:id="K2_4676711808_2">
<fid>46767-11808-i-880</fid>
<lfSpanFr gml:id="K2_4676711808_2-1">
<gml:timePosition>2023-02-21</gml:timePosition>
</lfSpanFr>
<devDate gml:id="K2_4676711808_2-2">
<gml:timePosition>2025-02-26</gml:timePosition>
</devDate>
<orgGILvl>25000</orgGILvl>
<vis>表示</vis>
<pos>
<gml:Point gml:id="K2_4676711808_2-g" srsName="fguuid:jgd2011.bl">
<gml:pos>32.800620000 129.915706944</gml:pos>
</gml:Point>
</pos>
<type>標高点（測点）</type>
<alti>317</alti>
</ElevPt>
<ElevPt gml:id="K2_4676711811_1">
<fid>46767-11811-i-387</fid>
<lfSpanFr gml:id="K2_4676711811_1-1">
<gml:timePosition>2023-02-21</gml:timePosition>
</lfSpanFr>
<devDate gml:id="K2_4676711811_1-2">
<gml:timePosition>2025-02-26</gml:timePosition>
</devDate>
<orgGILvl>25000</orgGILvl>
<vis>表示</vis>
<pos>
<gml:Point gml:id="K2_4676711811_1-g" srsName="fguuid:jgd2011.bl">
<gml:pos>32.811799167 129.910224167</gml:pos>
</gml:Point>
</pos>
<type>標高点（測点）</type>
<alti>328</alti>
</ElevPt>
<ElevPt gml:id="K2_4677011790_1">
<fid>46770-11790-i-2166</fid>
<lfSpanFr gml:id="K2_4677011790_1-1">
<gml:timePosition>2023-02-21</gml:timePosition>
</lfSpanFr>
<devDate gml:id="K2_4677011790_1-2">
<gml:timePosition>2025-02-26</gml:timePosition>
</devDate>
<orgGILvl>25000</orgGILvl>
<vis>表示</vis>
<pos>
<gml:Point gml:id="K2_4677011790_1-g" srsName="fguuid:jgd2011.bl">
<gml:pos>32.757227222 129.922874167</gml:pos>
</gml:Point>
</pos>
<type>標高点（測点）</type>
<alti>269</alti>
</ElevPt>
<ElevPt gml:id="K2_4677011793_1">
<fid>46770-11793-i-242</fid>
<lfSpanFr gml:id="K2_4677011793_1-1">
<gml:timePosition>2023-02-21</gml:timePosition>
</lfSpanFr>
<devDate gml:id="K2_4677011793_1-2">
<gml:timePosition>2025-02-26</gml:timePosition>
</devDate>
<orgGILvl>25000</orgGILvl>
<vis>表示</vis>
<pos>
<gml:Point gml:id="K2_4677011793_1-g" srsName="fguuid:jgd2011.bl">
<gml:pos>32.764024444 129.923022778</gml:pos>
</gml:Point>
</pos>
<type>標高点（測点）</type>
<alti>375</alti>
</ElevPt>
<ElevPt gml:id="K2_4677011796_1">
<fid>46770-11796-i-1620</fid>
<lfSpanFr gml:id="K2_4677011796_1-1">
<gml:timePosition>2023-02-21</gml:timePosition>
</lfSpanFr>
<devDate gml:id="K2_4677011796_1-2">
<gml:timePosition>2025-02-26</gml:timePosition>
</devDate>
<orgGILvl>25000</orgGILvl>
<vis>表示</vis>
<pos>
<gml:Point gml:id="K2_4677011796_1-g" srsName="fguuid:jgd2011.bl">
<gml:pos>32.773289722 129.921574722</gml:pos>
</gml:Point>
</pos>
<type>標高点（測点）</type>
<alti>307</alti>
</ElevPt>
<ElevPt gml:id="K2_4677011802_1">
<fid>46770-11802-i-1347</fid>
<lfSpanFr gml:id="K2_4677011802_1-1">
<gml:timePosition>2023-02-21</gml:timePosition>
</lfSpanFr>
<devDate gml:id="K2_4677011802_1-2">
<gml:timePosition>2025-02-26</gml:timePosition>
</devDate>
<orgGILvl>25000</orgGILvl>
<vis>表示</vis>
<pos>
<gml:Point gml:id="K2_4677011802_1-g" srsName="fguuid:jgd2011.bl">
<gml:pos>32.790445000 129.918182500</gml:pos>
</gml:Point>
</pos>
<type>標高点（測点）</type>
<alti>166</alti>
</ElevPt>
<ElevPt gml:id="K2_4677011802_2">
<fid>46770-11802-i-1348</fid>
<lfSpanFr gml:id="K2_4677011802_2-1">
<gml:timePosition>2023-02-21</gml:timePosition>
</lfSpanFr>
<devDate gml:id="K2_4677011802_2-2">
<gml:timePosition>2025-02-26</gml:timePosition>
</devDate>
<orgGILvl>25000</orgGILvl>
<vis>表示</vis>
<pos>
<gml:Point gml:id="K2_4677011802_2-g" srsName="fguuid:jgd2011.bl">
<gml:pos>32.787658333 129.924754722</gml:pos>
</gml:Point>
</pos>
<type>標高点（測点）</type>
<alti>162</alti>
</ElevPt>
<ElevPt gml:id="K2_4677011805_1">
<fid>46770-11805-i-1377</fid>
<lfSpanFr gml:id="K2_4677011805_1-1">
<gml:timePosition>2023-02-21</gml:timePosition>
</lfSpanFr>
<devDate gml:id="K2_4677011805_1-2">
<gml:timePosition>2025-02-26</gml:timePosition>
</devDate>
<orgGILvl>25000</orgGILvl>
<vis>表示</vis>
<pos>
<gml:Point gml:id="K2_4677011805_1-g" srsName="fguuid:jgd2011.bl">
<gml:pos>32.796770374 129.920583251</gml:pos>
</gml:Point>
</pos>
<type>標高点（測点）</type>
<alti>107</alti>
</ElevPt>
<ElevPt gml:id="K2_4677011811_1">
<fid>46770-11811-i-967</fid>
<lfSpanFr gml:id="K2_4677011811_1-1">
<gml:timePosition>2023-02-21</gml:timePosition>
</lfSpanFr>
<devDate gml:id="K2_4677011811_1-2">
<gml:timePosition>2025-02-26</gml:timePosition>
</devDate>
<orgGILvl>25000</orgGILvl>
<vis>表示</vis>
<pos>
<gml:Point gml:id="K2_4677011811_1-g" srsName="fguuid:jgd2011.bl">
<gml:pos>32.808950000 129.923732778</gml:pos>
</gml:Point>
</pos>
<type>標高点（測点）</type>
<alti>328</alti>
</ElevPt>
<ElevPt gml:id="K2_4677011814_1">
<fid>46770-11814-i-283</fid>
<lfSpanFr gml:id="K2_4677011814_1-1">
<gml:timePosition>2023-02-21</gml:timePosition>
</lfSpanFr>
<devDate gml:id="K2_4677011814_1-2">
<gml:timePosition>2025-02-26</gml:timePosition>
</devDate>
<orgGILvl>25000</orgGILvl>
<vis>表示</vis>
<pos>
<gml:Point gml:id="K2_4677011814_1-g" srsName="fguuid:jgd2011.bl">
<gml:pos>32.820861111 129.924171944</gml:pos>
</gml:Point>
</pos>
<type>標高点（測点）</type>
<alti>419</alti>
</ElevPt>
<ElevPt gml:id="K2_4677011814_2">
<fid>46770-11814-i-284</fid>
<lfSpanFr gml:id="K2_4677011814_2-1">
<gml:timePosition>2023-02-21</gml:timePosition>
</lfSpanFr>
<devDate gml:id="K2_4677011814_2-2">
<gml:timePosition>2025-02-26</gml:timePosition>
</devDate>
<orgGILvl>25000</orgGILvl>
<vis>表示</vis>
<pos>
<gml:Point gml:id="K2_4677011814_2-g" srsName="fguuid:jgd2011.bl">
<gml:pos>32.816897500 129.918218889</gml:pos>
</gml:Point>
</pos>
<type>標高点（測点）</type>
<alti>359</alti>
</ElevPt>
<ElevPt gml:id="K2_4677011814_3">
<fid>46770-11814-i-285</fid>
<lfSpanFr gml:id="K2_4677011814_3-1">
<gml:timePosition>2023-02-21</gml:timePosition>
</lfSpanFr>
<devDate gml:id="K2_4677011814_3-2">
<gml:timePosition>2025-02-26</gml:timePosition>
</devDate>
<orgGILvl>25000</orgGILvl>
<vis>表示</vis>
<pos>
<gml:Point gml:id="K2_4677011814_3-g" srsName="fguuid:jgd2011.bl">
<gml:pos>32.824693611 129.918460278</gml:pos>
</gml:Point>
</pos>
<type>標高点（測点）</type>
<alti>333</alti>
</ElevPt>
<ElevPt gml:id="K2_4677311796_1">
<fid>46773-11796-i-2315</fid>
<lfSpanFr gml:id="K2_4677311796_1-1">
<gml:timePosition>2023-02-21</gml:timePosition>
</lfSpanFr>
<devDate gml:id="K2_4677311796_1-2">
<gml:timePosition>2025-02-26</gml:timePosition>
</devDate>
<orgGILvl>25000</orgGILvl>
<vis>表示</vis>
<pos>
<gml:Point gml:id="K2_4677311796_1-g" srsName="fguuid:jgd2011.bl">
<gml:pos>32.768500556 129.932540000</gml:pos>
</gml:Point>
</pos>
<type>標高点（測点）</type>
<alti>217</alti>
</ElevPt>
<ElevPt gml:id="K2_4677311796_2">
<fid>46773-11796-i-2316</fid>
<lfSpanFr gml:id="K2_4677311796_2-1">
<gml:timePosition>2023-02-21</gml:timePosition>
</lfSpanFr>
<devDate gml:id="K2_4677311796_2-2">
<gml:timePosition>2025-02-26</gml:timePosition>
</devDate>
<orgGILvl>25000</orgGILvl>
<vis>表示</vis>
<pos>
<gml:Point gml:id="K2_4677311796_2-g" srsName="fguuid:jgd2011.bl">
<gml:pos>32.772816331 129.928008750</gml:pos>
</gml:Point>
</pos>
<type>標高点（測点）</type>
<alti>115</alti>
</ElevPt>
<ElevPt gml:id="K2_4677311799_1">
<fid>46773-11799-i-1642</fid>
<lfSpanFr gml:id="K2_4677311799_1-1">
<gml:timePosition>2023-02-21</gml:timePosition>
</lfSpanFr>
<devDate gml:id="K2_4677311799_1-2">
<gml:timePosition>2025-02-26</gml:timePosition>
</devDate>
<orgGILvl>25000</orgGILvl>
<vis>表示</vis>
<pos>
<gml:Point gml:id="K2_4677311799_1-g" srsName="fguuid:jgd2011.bl">
<gml:pos>32.781331944 129.932656944</gml:pos>
</gml:Point>
</pos>
<type>標高点（測点）</type>
<alti>221</alti>
</ElevPt>
<ElevPt gml:id="K2_4677311802_1">
<fid>46773-11802-i-469</fid>
<lfSpanFr gml:id="K2_4677311802_1-1">
<gml:timePosition>2023-02-21</gml:timePosition>
</lfSpanFr>
<devDate gml:id="K2_4677311802_1-2">
<gml:timePosition>2025-02-26</gml:timePosition>
</devDate>
<orgGILvl>25000</orgGILvl>
<vis>表示</vis>
<pos>
<gml:Point gml:id="K2_4677311802_1-g" srsName="fguuid:jgd2011.bl">
<gml:pos>32.787909722 129.932068889</gml:pos>
</gml:Point>
</pos>
<type>標高点（測点）</type>
<alti>127</alti>
</ElevPt>
<ElevPt gml:id="K2_4677311808_1">
<fid>46773-11808-i-995</fid>
<lfSpanFr gml:id="K2_4677311808_1-1">
<gml:timePosition>2023-02-21</gml:timePosition>
</lfSpanFr>
<devDate gml:id="K2_4677311808_1-2">
<gml:timePosition>2025-02-26</gml:timePosition>
</devDate>
<orgGILvl>25000</orgGILvl>
<vis>表示</vis>
<pos>
<gml:Point gml:id="K2_4677311808_1-g" srsName="fguuid:jgd2011.bl">
<gml:pos>32.801336944 129.928553611</gml:pos>
</gml:Point>
</pos>
<type>標高点（測点）</type>
<alti>321</alti>
</ElevPt>
<ElevPt gml:id="K2_4677311811_1">
<fid>46773-11811-i-1316</fid>
<lfSpanFr gml:id="K2_4677311811_1-1">
<gml:timePosition>2023-02-21</gml:timePosition>
</lfSpanFr>
<devDate gml:id="K2_4677311811_1-2">
<gml:timePosition>2025-02-26</gml:timePosition>
</devDate>
<orgGILvl>25000</orgGILvl>
<vis>表示</vis>
<pos>
<gml:Point gml:id="K2_4677311811_1-g" srsName="fguuid:jgd2011.bl">
<gml:pos>32.812693889 129.926943889</gml:pos>
</gml:Point>
</pos>
<type>標高点（測点）</type>
<alti>366</alti>
</ElevPt>
<ElevPt gml:id="K2_4677311814_1">
<fid>46773-11814-i-188</fid>
<lfSpanFr gml:id="K2_4677311814_1-1">
<gml:timePosition>2023-02-21</gml:timePosition>
</lfSpanFr>
<devDate gml:id="K2_4677311814_1-2">
<gml:timePosition>2025-02-26</gml:timePosition>
</devDate>
<orgGILvl>25000</orgGILvl>
<vis>表示</vis>
<pos>
<gml:Point gml:id="K2_4677311814_1-g" srsName="fguuid:jgd2011.bl">
<gml:pos>32.824725556 129.932494444</gml:pos>
</gml:Point>
</pos>
<type>標高点（測点）</type>
<alti>363</alti>
</ElevPt>
<ElevPt gml:id="K2_4677611790_1">
<fid>46776-11790-i-2374</fid>
<lfSpanFr gml:id="K2_4677611790_1-1">
<gml:timePosition>2023-02-21</gml:timePosition>
</lfSpanFr>
<devDate gml:id="K2_4677611790_1-2">
<gml:timePosition>2025-02-26</gml:timePosition>
</devDate>
<orgGILvl>25000</orgGILvl>
<vis>表示</vis>
<pos>
<gml:Point gml:id="K2_4677611790_1-g" srsName="fguuid:jgd2011.bl">
<gml:pos>32.750746944 129.935890278</gml:pos>
</gml:Point>
</pos>
<type>標高点（測点）</type>
<alti>224</alti>
</ElevPt>
<ElevPt gml:id="K2_4677611796_1">
<fid>46776-11796-i-693</fid>
<lfSpanFr gml:id="K2_4677611796_1-1">
<gml:timePosition>2023-02-21</gml:timePosition>
</lfSpanFr>
<devDate gml:id="K2_4677611796_1-2">
<gml:timePosition>2025-02-26</gml:timePosition>
</devDate>
<orgGILvl>25000</orgGILvl>
<vis>表示</vis>
<pos>
<gml:Point gml:id="K2_4677611796_1-g" srsName="fguuid:jgd2011.bl">
<gml:pos>32.772526944 129.936766111</gml:pos>
</gml:Point>
</pos>
<type>標高点（測点）</type>
<alti>120</alti>
</ElevPt>
<ElevPt gml:id="K2_4677611802_1">
<fid>46776-11802-i-1141</fid>
<lfSpanFr gml:id="K2_4677611802_1-1">
<gml:timePosition>2023-02-21</gml:timePosition>
</lfSpanFr>
<devDate gml:id="K2_4677611802_1-2">
<gml:timePosition>2025-02-26</gml:timePosition>
</devDate>
<orgGILvl>25000</orgGILvl>
<vis>表示</vis>
<pos>
<gml:Point gml:id="K2_4677611802_1-g" srsName="fguuid:jgd2011.bl">
<gml:pos>32.790336111 129.937644167</gml:pos>
</gml:Point>
</pos>
<type>標高点（測点）</type>
<alti>189</alti>
</ElevPt>
<ElevPt gml:id="K2_4677611805_1">
<fid>46776-11805-i-396</fid>
<lfSpanFr gml:id="K2_4677611805_1-1">
<gml:timePosition>2023-02-21</gml:timePosition>
</lfSpanFr>
<devDate gml:id="K2_4677611805_1-2">
<gml:timePosition>2025-02-26</gml:timePosition>
</devDate>
<orgGILvl>25000</orgGILvl>
<vis>表示</vis>
<pos>
<gml:Point gml:id="K2_4677611805_1-g" srsName="fguuid:jgd2011.bl">
<gml:pos>32.796077500 129.941564167</gml:pos>
</gml:Point>
</pos>
<type>標高点（測点）</type>
<alti>152</alti>
</ElevPt>
<ElevPt gml:id="K2_4677611808_1">
<fid>46776-11808-i-2186</fid>
<lfSpanFr gml:id="K2_4677611808_1-1">
<gml:timePosition>2023-02-21</gml:timePosition>
</lfSpanFr>
<devDate gml:id="K2_4677611808_1-2">
<gml:timePosition>2025-02-26</gml:timePosition>
</devDate>
<orgGILvl>25000</orgGILvl>
<vis>表示</vis>
<pos>
<gml:Point gml:id="K2_4677611808_1-g" srsName="fguuid:jgd2011.bl">
<gml:pos>32.807930833 129.933515833</gml:pos>
</gml:Point>
</pos>
<type>標高点（測点）</type>
<alti>193</alti>
</ElevPt>
<ElevPt gml:id="K2_4677611808_2">
<fid>46776-11808-i-2187</fid>
<lfSpanFr gml:id="K2_4677611808_2-1">
<gml:timePosition>2023-02-21</gml:timePosition>
</lfSpanFr>
<devDate gml:id="K2_4677611808_2-2">
<gml:timePosition>2025-02-26</gml:timePosition>
</devDate>
<orgGILvl>25000</orgGILvl>
<vis>表示</vis>
<pos>
<gml:Point gml:id="K2_4677611808_2-g" srsName="fguuid:jgd2011.bl">
<gml:pos>32.802801944 129.939421667</gml:pos>
</gml:Point>
</pos>
<type>標高点（測点）</type>
<alti>224</alti>
</ElevPt>
<ElevPt gml:id="K2_4677611811_1">
<fid>46776-11811-i-1150</fid>
<lfSpanFr gml:id="K2_4677611811_1-1">
<gml:timePosition>2023-02-21</gml:timePosition>
</lfSpanFr>
<devDate gml:id="K2_4677611811_1-2">
<gml:timePosition>2025-02-26</gml:timePosition>
</devDate>
<orgGILvl>25000</orgGILvl>
<vis>表示</vis>
<pos>
<gml:Point gml:id="K2_4677611811_1-g" srsName="fguuid:jgd2011.bl">
<gml:pos>32.813405278 129.934957500</gml:pos>
</gml:Point>
</pos>
<type>標高点（測点）</type>
<alti>311</alti>
</ElevPt>
<ElevPt gml:id="K2_4677611811_2">
<fid>46776-11811-i-1151</fid>
<lfSpanFr gml:id="K2_4677611811_2-1">
<gml:timePosition>2023-02-21</gml:timePosition>
</lfSpanFr>
<devDate gml:id="K2_4677611811_2-2">
<gml:timePosition>2025-02-26</gml:timePosition>
</devDate>
<orgGILvl>25000</orgGILvl>
<vis>表示</vis>
<pos>
<gml:Point gml:id="K2_4677611811_2-g" srsName="fguuid:jgd2011.bl">
<gml:pos>32.811863056 129.940688889</gml:pos>
</gml:Point>
</pos>
<type>標高点（測点）</type>
<alti>326</alti>
</ElevPt>
<ElevPt gml:id="K2_4677611817_1">
<fid>46776-11817-i-416</fid>
<lfSpanFr gml:id="K2_4677611817_1-1">
<gml:timePosition>2020-12-08</gml:timePosition>
</lfSpanFr>
<devDate gml:id="K2_4677611817_1-2">
<gml:timePosition>2025-02-26</gml:timePosition>
</devDate>
<orgGILvl>25000</orgGILvl>
<vis>表示</vis>
<pos>
<gml:Point gml:id="K2_4677611817_1-g" srsName="fguuid:jgd2011.bl">
<gml:pos>32.829917500 129.935285000</gml:pos>
</gml:Point>
</pos>
<type>標高点（測点）</type>
<alti>332</alti>
</ElevPt>
<ElevPt gml:id="K2_4677911796_1">
<fid>46779-11796-i-3002</fid>
<lfSpanFr gml:id="K2_4677911796_1-1">
<gml:timePosition>2023-02-21</gml:timePosition>
</lfSpanFr>
<devDate gml:id="K2_4677911796_1-2">
<gml:timePosition>2025-02-26</gml:timePosition>
</devDate>
<orgGILvl>25000</orgGILvl>
<vis>表示</vis>
<pos>
<gml:Point gml:id="K2_4677911796_1-g" srsName="fguuid:jgd2011.bl">
<gml:pos>32.769227778 129.943993889</gml:pos>
</gml:Point>
</pos>
<type>標高点（測点）</type>
<alti>70</alti>
</ElevPt>
<ElevPt gml:id="K2_4677911802_1">
<fid>46779-11802-i-1837</fid>
<lfSpanFr gml:id="K2_4677911802_1-1">
<gml:timePosition>2023-02-21</gml:timePosition>
</lfSpanFr>
<devDate gml:id="K2_4677911802_1-2">
<gml:timePosition>2025-02-26</gml:timePosition>
</devDate>
<orgGILvl>25000</orgGILvl>
<vis>表示</vis>
<pos>
<gml:Point gml:id="K2_4677911802_1-g" srsName="fguuid:jgd2011.bl">
<gml:pos>32.783967778 129.948009444</gml:pos>
</gml:Point>
</pos>
<type>標高点（測点）</type>
<alti>71</alti>
</ElevPt>
<ElevPt gml:id="K2_4677911802_2">
<fid>46779-11802-i-1838</fid>
<lfSpanFr gml:id="K2_4677911802_2-1">
<gml:timePosition>2023-02-21</gml:timePosition>
</lfSpanFr>
<devDate gml:id="K2_4677911802_2-2">
<gml:timePosition>2025-02-26</gml:timePosition>
</devDate>
<orgGILvl>25000</orgGILvl>
<vis>表示</vis>
<pos>
<gml:Point gml:id="K2_4677911802_2-g" srsName="fguuid:jgd2011.bl">
<gml:pos>32.787010833 129.941740833</gml:pos>
</gml:Point>
</pos>
<type>標高点（測点）</type>
<alti>151</alti>
</ElevPt>
<ElevPt gml:id="K2_4677911805_1">
<fid>46779-11805-i-2042</fid>
<lfSpanFr gml:id="K2_4677911805_1-1">
<gml:timePosition>2023-02-21</gml:timePosition>
</lfSpanFr>
<devDate gml:id="K2_4677911805_1-2">
<gml:timePosition>2025-02-26</gml:timePosition>
</devDate>
<orgGILvl>25000</orgGILvl>
<vis>表示</vis>
<pos>
<gml:Point gml:id="K2_4677911805_1-g" srsName="fguuid:jgd2011.bl">
<gml:pos>32.795240745 129.947712137</gml:pos>
</gml:Point>
</pos>
<type>標高点（測点）</type>
<alti>58</alti>
</ElevPt>
<ElevPt gml:id="K2_4677911808_1">
<fid>46779-11808-i-2428</fid>
<lfSpanFr gml:id="K2_4677911808_1-1">
<gml:timePosition>2023-02-21</gml:timePosition>
</lfSpanFr>
<devDate gml:id="K2_4677911808_1-2">
<gml:timePosition>2025-02-26</gml:timePosition>
</devDate>
<orgGILvl>25000</orgGILvl>
<vis>表示</vis>
<pos>
<gml:Point gml:id="K2_4677911808_1-g" srsName="fguuid:jgd2011.bl">
<gml:pos>32.801029722 129.947981111</gml:pos>
</gml:Point>
</pos>
<type>標高点（測点）</type>
<alti>114</alti>
</ElevPt>
<ElevPt gml:id="K2_4677911814_1">
<fid>46779-11814-i-748</fid>
<lfSpanFr gml:id="K2_4677911814_1-1">
<gml:timePosition>2023-02-21</gml:timePosition>
</lfSpanFr>
<devDate gml:id="K2_4677911814_1-2">
<gml:timePosition>2025-02-26</gml:timePosition>
</devDate>
<orgGILvl>25000</orgGILvl>
<vis>表示</vis>
<pos>
<gml:Point gml:id="K2_4677911814_1-g" srsName="fguuid:jgd2011.bl">
<gml:pos>32.816715000 129.949040278</gml:pos>
</gml:Point>
</pos>
<type>標高点（測点）</type>
<alti>170</alti>
</ElevPt>
<ElevPt gml:id="K2_4677911814_2">
<fid>46779-11814-i-749</fid>
<lfSpanFr gml:id="K2_4677911814_2-1">
<gml:timePosition>2023-02-21</gml:timePosition>
</lfSpanFr>
<devDate gml:id="K2_4677911814_2-2">
<gml:timePosition>2025-02-26</gml:timePosition>
</devDate>
<orgGILvl>25000</orgGILvl>
<vis>表示</vis>
<pos>
<gml:Point gml:id="K2_4677911814_2-g" srsName="fguuid:jgd2011.bl">
<gml:pos>32.818050556 129.942826389</gml:pos>
</gml:Point>
</pos>
<type>標高点（測点）</type>
<alti>331</alti>
</ElevPt>
<ElevPt gml:id="K2_4677911817_1">
<fid>46779-11817-i-907</fid>
<lfSpanFr gml:id="K2_4677911817_1-1">
<gml:timePosition>2020-12-08</gml:timePosition>
</lfSpanFr>
<devDate gml:id="K2_4677911817_1-2">
<gml:timePosition>2025-02-26</gml:timePosition>
</devDate>
<orgGILvl>25000</orgGILvl>
<vis>表示</vis>
<pos>
<gml:Point gml:id="K2_4677911817_1-g" srsName="fguuid:jgd2011.bl">
<gml:pos>32.825085556 129.949097500</gml:pos>
</gml:Point>
</pos>
<type>標高点（測点）</type>
<alti>84</alti>
</ElevPt>
<ElevPt gml:id="K2_4677911817_2">
<fid>46779-11817-i-908</fid>
<lfSpanFr gml:id="K2_4677911817_2-1">
<gml:timePosition>2020-12-08</gml:timePosition>
</lfSpanFr>
<devDate gml:id="K2_4677911817_2-2">
<gml:timePosition>2025-02-26</gml:timePosition>
</devDate>
<orgGILvl>25000</orgGILvl>
<vis>表示</vis>
<pos>
<gml:Point gml:id="K2_4677911817_2-g" srsName="fguuid:jgd2011.bl">
<gml:pos>32.828623333 129.945647778</gml:pos>
</gml:Point>
</pos>
<type>標高点（測点）</type>
<alti>94</alti>
</ElevPt>
<ElevPt gml:id="K2_4678211808_1">
<fid>46782-11808-i-2025</fid>
<lfSpanFr gml:id="K2_4678211808_1-1">
<gml:timePosition>2023-02-21</gml:timePosition>
</lfSpanFr>
<devDate gml:id="K2_4678211808_1-2">
<gml:timePosition>2025-02-26</gml:timePosition>
</devDate>
<orgGILvl>25000</orgGILvl>
<vis>表示</vis>
<pos>
<gml:Point gml:id="K2_4678211808_1-g" srsName="fguuid:jgd2011.bl">
<gml:pos>32.805134167 129.955947500</gml:pos>
</gml:Point>
</pos>
<type>標高点（測点）</type>
<alti>116</alti>
</ElevPt>
<ElevPt gml:id="K2_4678211814_1">
<fid>46782-11814-i-1759</fid>
<lfSpanFr gml:id="K2_4678211814_1-1">
<gml:timePosition>2023-02-21</gml:timePosition>
</lfSpanFr>
<devDate gml:id="K2_4678211814_1-2">
<gml:timePosition>2025-02-26</gml:timePosition>
</devDate>
<orgGILvl>25000</orgGILvl>
<vis>表示</vis>
<pos>
<gml:Point gml:id="K2_4678211814_1-g" srsName="fguuid:jgd2011.bl">
<gml:pos>32.818951947 129.956216477</gml:pos>
</gml:Point>
</pos>
<type>標高点（測点）</type>
<alti>46</alti>
</ElevPt>
<ElevPt gml:id="K2_4678511796_1">
<fid>46785-11796-i-7157</fid>
<lfSpanFr gml:id="K2_4678511796_1-1">
<gml:timePosition>2023-02-21</gml:timePosition>
</lfSpanFr>
<devDate gml:id="K2_4678511796_1-2">
<gml:timePosition>2025-02-26</gml:timePosition>
</devDate>
<orgGILvl>25000</orgGILvl>
<vis>表示</vis>
<pos>
<gml:Point gml:id="K2_4678511796_1-g" srsName="fguuid:jgd2011.bl">
<gml:pos>32.771783139 129.962357028</gml:pos>
</gml:Point>
</pos>
<type>標高点（測点）</type>
<alti>67</alti>
</ElevPt>
<ElevPt gml:id="K2_4678511802_1">
<fid>46785-11802-i-172</fid>
<lfSpanFr gml:id="K2_4678511802_1-1">
<gml:timePosition>2023-02-21</gml:timePosition>
</lfSpanFr>
<devDate gml:id="K2_4678511802_1-2">
<gml:timePosition>2025-02-26</gml:timePosition>
</devDate>
<orgGILvl>25000</orgGILvl>
<vis>表示</vis>
<pos>
<gml:Point gml:id="K2_4678511802_1-g" srsName="fguuid:jgd2011.bl">
<gml:pos>32.784485833 129.958510278</gml:pos>
</gml:Point>
</pos>
<type>標高点（測点）</type>
<alti>220</alti>
</ElevPt>
<ElevPt gml:id="K2_4678511814_1">
<fid>46785-11814-i-1467</fid>
<lfSpanFr gml:id="K2_4678511814_1-1">
<gml:timePosition>2023-02-21</gml:timePosition>
</lfSpanFr>
<devDate gml:id="K2_4678511814_1-2">
<gml:timePosition>2025-02-26</gml:timePosition>
</devDate>
<orgGILvl>25000</orgGILvl>
<vis>表示</vis>
<pos>
<gml:Point gml:id="K2_4678511814_1-g" srsName="fguuid:jgd2011.bl">
<gml:pos>32.823208611 129.961666667</gml:pos>
</gml:Point>
</pos>
<type>標高点（測点）</type>
<alti>174</alti>
</ElevPt>
<ElevPt gml:id="K2_4678511817_1">
<fid>46785-11817-i-660</fid>
<lfSpanFr gml:id="K2_4678511817_1-1">
<gml:timePosition>2020-12-08</gml:timePosition>
</lfSpanFr>
<devDate gml:id="K2_4678511817_1-2">
<gml:timePosition>2025-02-26</gml:timePosition>
</devDate>
<orgGILvl>25000</orgGILvl>
<vis>表示</vis>
<pos>
<gml:Point gml:id="K2_4678511817_1-g" srsName="fguuid:jgd2011.bl">
<gml:pos>32.830064167 129.964462222</gml:pos>
</gml:Point>
</pos>
<type>標高点（測点）</type>
<alti>35</alti>
</ElevPt>
<ElevPt gml:id="K2_4678811790_1">
<fid>46788-11790-i-1360</fid>
<lfSpanFr gml:id="K2_4678811790_1-1">
<gml:timePosition>2023-02-21</gml:timePosition>
</lfSpanFr>
<devDate gml:id="K2_4678811790_1-2">
<gml:timePosition>2025-02-26</gml:timePosition>
</devDate>
<orgGILvl>25000</orgGILvl>
<vis>表示</vis>
<pos>
<gml:Point gml:id="K2_4678811790_1-g" srsName="fguuid:jgd2011.bl">
<gml:pos>32.758133333 129.966954722</gml:pos>
</gml:Point>
</pos>
<type>標高点（測点）</type>
<alti>86</alti>
</ElevPt>
<ElevPt gml:id="K2_4678811793_1">
<fid>46788-11793-i-1503</fid>
<lfSpanFr gml:id="K2_4678811793_1-1">
<gml:timePosition>2023-02-21</gml:timePosition>
</lfSpanFr>
<devDate gml:id="K2_4678811793_1-2">
<gml:timePosition>2025-02-26</gml:timePosition>
</devDate>
<orgGILvl>25000</orgGILvl>
<vis>表示</vis>
<pos>
<gml:Point gml:id="K2_4678811793_1-g" srsName="fguuid:jgd2011.bl">
<gml:pos>32.764663838 129.969220506</gml:pos>
</gml:Point>
</pos>
<type>標高点（測点）</type>
<alti>15</alti>
</ElevPt>
<ElevPt gml:id="K2_4678811799_1">
<fid>46788-11799-i-1058</fid>
<lfSpanFr gml:id="K2_4678811799_1-1">
<gml:timePosition>2023-02-21</gml:timePosition>
</lfSpanFr>
<devDate gml:id="K2_4678811799_1-2">
<gml:timePosition>2025-02-26</gml:timePosition>
</devDate>
<orgGILvl>25000</orgGILvl>
<vis>表示</vis>
<pos>
<gml:Point gml:id="K2_4678811799_1-g" srsName="fguuid:jgd2011.bl">
<gml:pos>32.781537222 129.966889167</gml:pos>
</gml:Point>
</pos>
<type>標高点（測点）</type>
<alti>439</alti>
</ElevPt>
<ElevPt gml:id="K2_4678811799_2">
<fid>46788-11799-i-1059</fid>
<lfSpanFr gml:id="K2_4678811799_2-1">
<gml:timePosition>2023-02-21</gml:timePosition>
</lfSpanFr>
<devDate gml:id="K2_4678811799_2-2">
<gml:timePosition>2025-02-26</gml:timePosition>
</devDate>
<orgGILvl>25000</orgGILvl>
<vis>表示</vis>
<pos>
<gml:Point gml:id="K2_4678811799_2-g" srsName="fguuid:jgd2011.bl">
<gml:pos>32.777317778 129.971753056</gml:pos>
</gml:Point>
</pos>
<type>標高点（測点）</type>
<alti>134</alti>
</ElevPt>
<ElevPt gml:id="K2_4678811802_1">
<fid>46788-11802-i-384</fid>
<lfSpanFr gml:id="K2_4678811802_1-1">
<gml:timePosition>2023-02-21</gml:timePosition>
</lfSpanFr>
<devDate gml:id="K2_4678811802_1-2">
<gml:timePosition>2025-02-26</gml:timePosition>
</devDate>
<orgGILvl>25000</orgGILvl>
<vis>表示</vis>
<pos>
<gml:Point gml:id="K2_4678811802_1-g" srsName="fguuid:jgd2011.bl">
<gml:pos>32.790353611 129.968536111</gml:pos>
</gml:Point>
</pos>
<type>標高点（測点）</type>
<alti>330</alti>
</ElevPt>
<ElevPt gml:id="K2_4678811805_1">
<fid>46788-11805-i-1597</fid>
<lfSpanFr gml:id="K2_4678811805_1-1">
<gml:timePosition>2023-02-21</gml:timePosition>
</lfSpanFr>
<devDate gml:id="K2_4678811805_1-2">
<gml:timePosition>2025-02-26</gml:timePosition>
</devDate>
<orgGILvl>25000</orgGILvl>
<vis>非表示</vis>
<pos>
<gml:Point gml:id="K2_4678811805_1-g" srsName="fguuid:jgd2011.bl">
<gml:pos>32.798446844 129.970230250</gml:pos>
</gml:Point>
</pos>
<type>標高点（測点）</type>
<alti>38</alti>
</ElevPt>
<ElevPt gml:id="K2_4678811808_1">
<fid>46788-11808-i-850</fid>
<lfSpanFr gml:id="K2_4678811808_1-1">
<gml:timePosition>2023-02-21</gml:timePosition>
</lfSpanFr>
<devDate gml:id="K2_4678811808_1-2">
<gml:timePosition>2025-02-26</gml:timePosition>
</devDate>
<orgGILvl>25000</orgGILvl>
<vis>表示</vis>
<pos>
<gml:Point gml:id="K2_4678811808_1-g" srsName="fguuid:jgd2011.bl">
<gml:pos>32.805919167 129.972099444</gml:pos>
</gml:Point>
</pos>
<type>標高点（測点）</type>
<alti>215</alti>
</ElevPt>
<ElevPt gml:id="K2_4678811811_1">
<fid>46788-11811-i-1490</fid>
<lfSpanFr gml:id="K2_4678811811_1-1">
<gml:timePosition>2023-02-21</gml:timePosition>
</lfSpanFr>
<devDate gml:id="K2_4678811811_1-2">
<gml:timePosition>2025-02-26</gml:timePosition>
</devDate>
<orgGILvl>25000</orgGILvl>
<vis>表示</vis>
<pos>
<gml:Point gml:id="K2_4678811811_1-g" srsName="fguuid:jgd2011.bl">
<gml:pos>32.812371667 129.974665000</gml:pos>
</gml:Point>
</pos>
<type>標高点（測点）</type>
<alti>137</alti>
</ElevPt>
<ElevPt gml:id="K2_4678811817_1">
<fid>46788-11817-i-921</fid>
<lfSpanFr gml:id="K2_4678811817_1-1">
<gml:timePosition>2020-12-08</gml:timePosition>
</lfSpanFr>
<devDate gml:id="K2_4678811817_1-2">
<gml:timePosition>2025-02-26</gml:timePosition>
</devDate>
<orgGILvl>25000</orgGILvl>
<vis>表示</vis>
<pos>
<gml:Point gml:id="K2_4678811817_1-g" srsName="fguuid:jgd2011.bl">
<gml:pos>32.826880833 129.970618611</gml:pos>
</gml:Point>
</pos>
<type>標高点（測点）</type>
<alti>14</alti>
</ElevPt>
<ElevPt gml:id="K2_4679111790_1">
<fid>46791-11790-i-1133</fid>
<lfSpanFr gml:id="K2_4679111790_1-1">
<gml:timePosition>2023-02-21</gml:timePosition>
</lfSpanFr>
<devDate gml:id="K2_4679111790_1-2">
<gml:timePosition>2025-02-26</gml:timePosition>
</devDate>
<orgGILvl>25000</orgGILvl>
<vis>表示</vis>
<pos>
<gml:Point gml:id="K2_4679111790_1-g" srsName="fguuid:jgd2011.bl">
<gml:pos>32.750122972 129.978267750</gml:pos>
</gml:Point>
</pos>
<type>標高点（測点）</type>
<alti>30</alti>
</ElevPt>
<ElevPt gml:id="K2_4679111790_2">
<fid>46791-11790-i-1134</fid>
<lfSpanFr gml:id="K2_4679111790_2-1">
<gml:timePosition>2023-02-21</gml:timePosition>
</lfSpanFr>
<devDate gml:id="K2_4679111790_2-2">
<gml:timePosition>2025-02-26</gml:timePosition>
</devDate>
<orgGILvl>25000</orgGILvl>
<vis>表示</vis>
<pos>
<gml:Point gml:id="K2_4679111790_2-g" srsName="fguuid:jgd2011.bl">
<gml:pos>32.757976944 129.978910000</gml:pos>
</gml:Point>
</pos>
<type>標高点（測点）</type>
<alti>38</alti>
</ElevPt>
<ElevPt gml:id="K2_4679111793_1">
<fid>46791-11793-i-1593</fid>
<lfSpanFr gml:id="K2_4679111793_1-1">
<gml:timePosition>2023-02-21</gml:timePosition>
</lfSpanFr>
<devDate gml:id="K2_4679111793_1-2">
<gml:timePosition>2025-02-26</gml:timePosition>
</devDate>
<orgGILvl>25000</orgGILvl>
<vis>表示</vis>
<pos>
<gml:Point gml:id="K2_4679111793_1-g" srsName="fguuid:jgd2011.bl">
<gml:pos>32.763666111 129.983058611</gml:pos>
</gml:Point>
</pos>
<type>標高点（測点）</type>
<alti>55</alti>
</ElevPt>
<ElevPt gml:id="K2_4679111796_1">
<fid>46791-11796-i-1740</fid>
<lfSpanFr gml:id="K2_4679111796_1-1">
<gml:timePosition>2023-02-21</gml:timePosition>
</lfSpanFr>
<devDate gml:id="K2_4679111796_1-2">
<gml:timePosition>2025-02-26</gml:timePosition>
</devDate>
<orgGILvl>25000</orgGILvl>
<vis>表示</vis>
<pos>
<gml:Point gml:id="K2_4679111796_1-g" srsName="fguuid:jgd2011.bl">
<gml:pos>32.767331111 129.978195000</gml:pos>
</gml:Point>
</pos>
<type>標高点（測点）</type>
<alti>53</alti>
</ElevPt>
<ElevPt gml:id="K2_4679111799_1">
<fid>46791-11799-i-1402</fid>
<lfSpanFr gml:id="K2_4679111799_1-1">
<gml:timePosition>2023-02-21</gml:timePosition>
</lfSpanFr>
<devDate gml:id="K2_4679111799_1-2">
<gml:timePosition>2025-02-26</gml:timePosition>
</devDate>
<orgGILvl>25000</orgGILvl>
<vis>表示</vis>
<pos>
<gml:Point gml:id="K2_4679111799_1-g" srsName="fguuid:jgd2011.bl">
<gml:pos>32.778698611 129.980440833</gml:pos>
</gml:Point>
</pos>
<type>標高点（測点）</type>
<alti>202</alti>
</ElevPt>
<ElevPt gml:id="K2_4679111805_1">
<fid>46791-11805-i-1102</fid>
<lfSpanFr gml:id="K2_4679111805_1-1">
<gml:timePosition>2023-02-21</gml:timePosition>
</lfSpanFr>
<devDate gml:id="K2_4679111805_1-2">
<gml:timePosition>2025-02-26</gml:timePosition>
</devDate>
<orgGILvl>25000</orgGILvl>
<vis>表示</vis>
<pos>
<gml:Point gml:id="K2_4679111805_1-g" srsName="fguuid:jgd2011.bl">
<gml:pos>32.793854167 129.976136667</gml:pos>
</gml:Point>
</pos>
<type>標高点（測点）</type>
<alti>119</alti>
</ElevPt>
<ElevPt gml:id="K2_4679111805_2">
<fid>46791-11805-i-1103</fid>
<lfSpanFr gml:id="K2_4679111805_2-1">
<gml:timePosition>2023-02-21</gml:timePosition>
</lfSpanFr>
<devDate gml:id="K2_4679111805_2-2">
<gml:timePosition>2025-02-26</gml:timePosition>
</devDate>
<orgGILvl>25000</orgGILvl>
<vis>表示</vis>
<pos>
<gml:Point gml:id="K2_4679111805_2-g" srsName="fguuid:jgd2011.bl">
<gml:pos>32.799832204 129.976284552</gml:pos>
</gml:Point>
</pos>
<type>標高点（測点）</type>
<alti>52</alti>
</ElevPt>
<ElevPt gml:id="K2_4679111808_1">
<fid>46791-11808-i-973</fid>
<lfSpanFr gml:id="K2_4679111808_1-1">
<gml:timePosition>2023-02-21</gml:timePosition>
</lfSpanFr>
<devDate gml:id="K2_4679111808_1-2">
<gml:timePosition>2025-02-26</gml:timePosition>
</devDate>
<orgGILvl>25000</orgGILvl>
<vis>表示</vis>
<pos>
<gml:Point gml:id="K2_4679111808_1-g" srsName="fguuid:jgd2011.bl">
<gml:pos>32.801183333 129.981970278</gml:pos>
</gml:Point>
</pos>
<type>標高点（測点）</type>
<alti>114</alti>
</ElevPt>
<ElevPt gml:id="K2_4679111814_1">
<fid>46791-11814-i-805</fid>
<lfSpanFr gml:id="K2_4679111814_1-1">
<gml:timePosition>2023-02-21</gml:timePosition>
</lfSpanFr>
<devDate gml:id="K2_4679111814_1-2">
<gml:timePosition>2025-02-26</gml:timePosition>
</devDate>
<orgGILvl>25000</orgGILvl>
<vis>表示</vis>
<pos>
<gml:Point gml:id="K2_4679111814_1-g" srsName="fguuid:jgd2011.bl">
<gml:pos>32.817560974 129.981997412</gml:pos>
</gml:Point>
</pos>
<type>標高点（測点）</type>
<alti>99</alti>
</ElevPt>
<ElevPt gml:id="K2_4679411793_1">
<fid>46794-11793-i-938</fid>
<lfSpanFr gml:id="K2_4679411793_1-1">
<gml:timePosition>2023-02-21</gml:timePosition>
</lfSpanFr>
<devDate gml:id="K2_4679411793_1-2">
<gml:timePosition>2025-02-26</gml:timePosition>
</devDate>
<orgGILvl>25000</orgGILvl>
<vis>表示</vis>
<pos>
<gml:Point gml:id="K2_4679411793_1-g" srsName="fguuid:jgd2011.bl">
<gml:pos>32.763593056 129.989865556</gml:pos>
</gml:Point>
</pos>
<type>標高点（測点）</type>
<alti>151</alti>
</ElevPt>
<ElevPt gml:id="K2_4679411796_1">
<fid>46794-11796-i-642</fid>
<lfSpanFr gml:id="K2_4679411796_1-1">
<gml:timePosition>2023-02-21</gml:timePosition>
</lfSpanFr>
<devDate gml:id="K2_4679411796_1-2">
<gml:timePosition>2025-02-26</gml:timePosition>
</devDate>
<orgGILvl>25000</orgGILvl>
<vis>表示</vis>
<pos>
<gml:Point gml:id="K2_4679411796_1-g" srsName="fguuid:jgd2011.bl">
<gml:pos>32.771713056 129.983831944</gml:pos>
</gml:Point>
</pos>
<type>標高点（測点）</type>
<alti>160</alti>
</ElevPt>
<ElevPt gml:id="K2_4679411802_1">
<fid>46794-11802-i-454</fid>
<lfSpanFr gml:id="K2_4679411802_1-1">
<gml:timePosition>2023-02-21</gml:timePosition>
</lfSpanFr>
<devDate gml:id="K2_4679411802_1-2">
<gml:timePosition>2025-02-26</gml:timePosition>
</devDate>
<orgGILvl>25000</orgGILvl>
<vis>表示</vis>
<pos>
<gml:Point gml:id="K2_4679411802_1-g" srsName="fguuid:jgd2011.bl">
<gml:pos>32.783535278 129.987630833</gml:pos>
</gml:Point>
</pos>
<type>標高点（測点）</type>
<alti>184</alti>
</ElevPt>
<ElevPt gml:id="K2_4679411802_2">
<fid>46794-11802-i-455</fid>
<lfSpanFr gml:id="K2_4679411802_2-1">
<gml:timePosition>2023-02-21</gml:timePosition>
</lfSpanFr>
<devDate gml:id="K2_4679411802_2-2">
<gml:timePosition>2025-02-26</gml:timePosition>
</devDate>
<orgGILvl>25000</orgGILvl>
<vis>表示</vis>
<pos>
<gml:Point gml:id="K2_4679411802_2-g" srsName="fguuid:jgd2011.bl">
<gml:pos>32.789385833 129.989462222</gml:pos>
</gml:Point>
</pos>
<type>標高点（測点）</type>
<alti>395</alti>
</ElevPt>
<ElevPt gml:id="K2_4679411808_1">
<fid>46794-11808-i-350</fid>
<lfSpanFr gml:id="K2_4679411808_1-1">
<gml:timePosition>2023-02-21</gml:timePosition>
</lfSpanFr>
<devDate gml:id="K2_4679411808_1-2">
<gml:timePosition>2025-02-26</gml:timePosition>
</devDate>
<orgGILvl>25000</orgGILvl>
<vis>表示</vis>
<pos>
<gml:Point gml:id="K2_4679411808_1-g" srsName="fguuid:jgd2011.bl">
<gml:pos>32.808255000 129.985392778</gml:pos>
</gml:Point>
</pos>
<type>標高点（測点）</type>
<alti>354</alti>
</ElevPt>
<ElevPt gml:id="K2_4679411811_1">
<fid>46794-11811-i-126</fid>
<lfSpanFr gml:id="K2_4679411811_1-1">
<gml:timePosition>2023-02-21</gml:timePosition>
</lfSpanFr>
<devDate gml:id="K2_4679411811_1-2">
<gml:timePosition>2025-02-26</gml:timePosition>
</devDate>
<orgGILvl>25000</orgGILvl>
<vis>表示</vis>
<pos>
<gml:Point gml:id="K2_4679411811_1-g" srsName="fguuid:jgd2011.bl">
<gml:pos>32.812487222 129.989296944</gml:pos>
</gml:Point>
</pos>
<type>標高点（測点）</type>
<alti>357</alti>
</ElevPt>
<ElevPt gml:id="K2_4679411817_1">
<fid>46794-11817-i-1323</fid>
<lfSpanFr gml:id="K2_4679411817_1-1">
<gml:timePosition>2020-12-08</gml:timePosition>
</lfSpanFr>
<devDate gml:id="K2_4679411817_1-2">
<gml:timePosition>2025-02-26</gml:timePosition>
</devDate>
<orgGILvl>25000</orgGILvl>
<vis>表示</vis>
<pos>
<gml:Point gml:id="K2_4679411817_1-g" srsName="fguuid:jgd2011.bl">
<gml:pos>32.825451667 129.984990278</gml:pos>
</gml:Point>
</pos>
<type>標高点（測点）</type>
<alti>38</alti>
</ElevPt>
<ElevPt gml:id="K2_4679711793_1">
<fid>46797-11793-i-1193</fid>
<lfSpanFr gml:id="K2_4679711793_1-1">
<gml:timePosition>2020-12-08</gml:timePosition>
</lfSpanFr>
<devDate gml:id="K2_4679711793_1-2">
<gml:timePosition>2025-02-26</gml:timePosition>
</devDate>
<orgGILvl>25000</orgGILvl>
<vis>表示</vis>
<pos>
<gml:Point gml:id="K2_4679711793_1-g" srsName="fguuid:jgd2011.bl">
<gml:pos>32.759875556 129.992359444</gml:pos>
</gml:Point>
</pos>
<type>標高点（測点）</type>
<alti>138</alti>
</ElevPt>
<ElevPt gml:id="K2_4679711808_1">
<fid>46797-11808-i-1374</fid>
<lfSpanFr gml:id="K2_4679711808_1-1">
<gml:timePosition>2023-02-21</gml:timePosition>
</lfSpanFr>
<devDate gml:id="K2_4679711808_1-2">
<gml:timePosition>2025-02-26</gml:timePosition>
</devDate>
<orgGILvl>25000</orgGILvl>
<vis>表示</vis>
<pos>
<gml:Point gml:id="K2_4679711808_1-g" srsName="fguuid:jgd2011.bl">
<gml:pos>32.801900278 129.992075278</gml:pos>
</gml:Point>
</pos>
<type>標高点（測点）</type>
<alti>360</alti>
</ElevPt>
<ElevPt gml:id="K2_4679711814_1">
<fid>46797-11814-i-746</fid>
<lfSpanFr gml:id="K2_4679711814_1-1">
<gml:timePosition>2020-12-08</gml:timePosition>
</lfSpanFr>
<devDate gml:id="K2_4679711814_1-2">
<gml:timePosition>2025-02-26</gml:timePosition>
</devDate>
<orgGILvl>25000</orgGILvl>
<vis>表示</vis>
<pos>
<gml:Point gml:id="K2_4679711814_1-g" srsName="fguuid:jgd2011.bl">
<gml:pos>32.818921111 129.991981944</gml:pos>
</gml:Point>
</pos>
<type>標高点（測点）</type>
<alti>126</alti>
</ElevPt>
</Dataset>
