<?xml version="1.0" encoding="utf-8"?>
<Dataset xsi:schemaLocation="http://fgd.gsi.go.jp/spec/2008/FGD_GMLSchema FGD_GMLSchema.xsd"
	xmlns:gml="http://www.opengis.net/gml/3.2"
	xmlns:xsi="http://www.w3.org/2001/XMLSchema-instance"
	xmlns:xlink="http://www.w3.org/1999/xlink"
	xmlns="http://fgd.gsi.go.jp/spec/2008/FGD_GMLSchema"
	gml:id="Dataset1">
  <gml:description>基盤地図情報メタデータ ID=fmdid:24-0401</gml:description>
  <gml:name>基盤地図情報ダウンロードデータ（GML版）</gml:name>
<ElevPt gml:id="K2_4663811877_1">
<fid>46638-11877-i-6</fid>
<lfSpanFr gml:id="K2_4663811877_1-1">
<gml:timePosition>2020-11-16</gml:timePosition>
</lfSpanFr>
<devDate gml:id="K2_4663811877_1-2">
<gml:timePosition>2024-03-13</gml:timePosition>
</devDate>
<orgGILvl>25000</orgGILvl>
<vis>表示</vis>
<pos>
<gml:Point gml:id="K2_4663811877_1-g" srsName="fguuid:jgd2011.bl">
<gml:pos>32.997643056 129.555028333</gml:pos>
</gml:Point>
</pos>
<type>標高点（測点）</type>
<alti>5</alti>
</ElevPt>
<ElevPt gml:id="K2_4665011862_1">
<fid>46650-11862-i-16</fid>
<lfSpanFr gml:id="K2_4665011862_1-1">
<gml:timePosition>2023-02-21</gml:timePosition>
</lfSpanFr>
<devDate gml:id="K2_4665011862_1-2">
<gml:timePosition>2024-03-13</gml:timePosition>
</devDate>
<orgGILvl>25000</orgGILvl>
<vis>表示</vis>
<pos>
<gml:Point gml:id="K2_4665011862_1-g" srsName="fguuid:jgd2011.bl">
<gml:pos>32.951625278 129.591361667</gml:pos>
</gml:Point>
</pos>
<type>標高点（測点）</type>
<alti>23</alti>
</ElevPt>
<ElevPt gml:id="K2_4665311859_1">
<fid>46653-11859-i-64</fid>
<lfSpanFr gml:id="K2_4665311859_1-1">
<gml:timePosition>2023-02-21</gml:timePosition>
</lfSpanFr>
<devDate gml:id="K2_4665311859_1-2">
<gml:timePosition>2024-03-13</gml:timePosition>
</devDate>
<orgGILvl>25000</orgGILvl>
<vis>表示</vis>
<pos>
<gml:Point gml:id="K2_4665311859_1-g" srsName="fguuid:jgd2011.bl">
<gml:pos>32.943442500 129.594805000</gml:pos>
</gml:Point>
</pos>
<type>標高点（測点）</type>
<alti>61</alti>
</ElevPt>
<ElevPt gml:id="K2_4665611853_1">
<fid>46656-11853-i-64</fid>
<lfSpanFr gml:id="K2_4665611853_1-1">
<gml:timePosition>2023-02-21</gml:timePosition>
</lfSpanFr>
<devDate gml:id="K2_4665611853_1-2">
<gml:timePosition>2024-03-13</gml:timePosition>
</devDate>
<orgGILvl>25000</orgGILvl>
<vis>表示</vis>
<pos>
<gml:Point gml:id="K2_4665611853_1-g" srsName="fguuid:jgd2011.bl">
<gml:pos>32.926807500 129.601222778</gml:pos>
</gml:Point>
</pos>
<type>標高点（測点）</type>
<alti>164</alti>
</ElevPt>
<ElevPt gml:id="K2_4665611856_1">
<fid>46656-11856-i-175</fid>
<lfSpanFr gml:id="K2_4665611856_1-1">
<gml:timePosition>2023-02-21</gml:timePosition>
</lfSpanFr>
<devDate gml:id="K2_4665611856_1-2">
<gml:timePosition>2024-03-13</gml:timePosition>
</devDate>
<orgGILvl>25000</orgGILvl>
<vis>表示</vis>
<pos>
<gml:Point gml:id="K2_4665611856_1-g" srsName="fguuid:jgd2011.bl">
<gml:pos>32.938021667 129.605824722</gml:pos>
</gml:Point>
</pos>
<type>標高点（測点）</type>
<alti>48</alti>
</ElevPt>
<ElevPt gml:id="K2_4665911850_1">
<fid>46659-11850-i-448</fid>
<lfSpanFr gml:id="K2_4665911850_1-1">
<gml:timePosition>2023-02-21</gml:timePosition>
</lfSpanFr>
<devDate gml:id="K2_4665911850_1-2">
<gml:timePosition>2024-03-13</gml:timePosition>
</devDate>
<orgGILvl>25000</orgGILvl>
<vis>表示</vis>
<pos>
<gml:Point gml:id="K2_4665911850_1-g" srsName="fguuid:jgd2011.bl">
<gml:pos>32.924184722 129.612515000</gml:pos>
</gml:Point>
</pos>
<type>標高点（測点）</type>
<alti>202</alti>
</ElevPt>
<ElevPt gml:id="K2_4665911853_1">
<fid>46659-11853-i-91</fid>
<lfSpanFr gml:id="K2_4665911853_1-1">
<gml:timePosition>2023-02-21</gml:timePosition>
</lfSpanFr>
<devDate gml:id="K2_4665911853_1-2">
<gml:timePosition>2024-03-13</gml:timePosition>
</devDate>
<orgGILvl>25000</orgGILvl>
<vis>表示</vis>
<pos>
<gml:Point gml:id="K2_4665911853_1-g" srsName="fguuid:jgd2011.bl">
<gml:pos>32.933281667 129.613670556</gml:pos>
</gml:Point>
</pos>
<type>標高点（測点）</type>
<alti>174</alti>
</ElevPt>
<ElevPt gml:id="K2_4665911856_1">
<fid>46659-11856-i-133</fid>
<lfSpanFr gml:id="K2_4665911856_1-1">
<gml:timePosition>2023-02-21</gml:timePosition>
</lfSpanFr>
<devDate gml:id="K2_4665911856_1-2">
<gml:timePosition>2024-03-13</gml:timePosition>
</devDate>
<orgGILvl>25000</orgGILvl>
<vis>非表示</vis>
<pos>
<gml:Point gml:id="K2_4665911856_1-g" srsName="fguuid:jgd2011.bl">
<gml:pos>32.940855278 129.613433611</gml:pos>
</gml:Point>
</pos>
<type>標高点（測点）</type>
<alti>57</alti>
</ElevPt>
<ElevPt gml:id="K2_4666211853_1">
<fid>46662-11853-i-271</fid>
<lfSpanFr gml:id="K2_4666211853_1-1">
<gml:timePosition>2023-02-21</gml:timePosition>
</lfSpanFr>
<devDate gml:id="K2_4666211853_1-2">
<gml:timePosition>2024-03-13</gml:timePosition>
</devDate>
<orgGILvl>25000</orgGILvl>
<vis>表示</vis>
<pos>
<gml:Point gml:id="K2_4666211853_1-g" srsName="fguuid:jgd2011.bl">
<gml:pos>32.932425403 129.617504001</gml:pos>
</gml:Point>
</pos>
<type>標高点（測点）</type>
<alti>90</alti>
</ElevPt>
</Dataset>
