<?xml version="1.0" encoding="utf-8"?>
<Dataset xsi:schemaLocation="http://fgd.gsi.go.jp/spec/2008/FGD_GMLSchema FGD_GMLSchema.xsd"
	xmlns:gml="http://www.opengis.net/gml/3.2"
	xmlns:xsi="http://www.w3.org/2001/XMLSchema-instance"
	xmlns:xlink="http://www.w3.org/1999/xlink"
	xmlns="http://fgd.gsi.go.jp/spec/2008/FGD_GMLSchema"
	gml:id="Dataset1">
  <gml:description>基盤地図情報メタデータ ID=fmdid:24-0401</gml:description>
  <gml:name>基盤地図情報ダウンロードデータ（GML版）</gml:name>
<GCP gml:id="K1_492934_1">
<fid>10-00100-0-2303-152179</fid>
<lfSpanFr gml:id="K1_492934_1-1">
<gml:timePosition>2024-03-06</gml:timePosition>
</lfSpanFr>
<devDate gml:id="K1_492934_1-2">
<gml:timePosition>2024-03-13</gml:timePosition>
</devDate>
<orgGILvl>KJ12</orgGILvl>
<vis>表示</vis>
<pos>
<gml:Point gml:id="K1_492934_1-g" srsName="fguuid:jgd2011.bl">
<gml:pos>32.928228222 129.611427944</gml:pos>
</gml:Point>
</pos>
<orgName>国土地理院</orgName>
<type>三角点</type>
<gcpClass>二等三角点</gcpClass>
<gcpCode>TR24929341801</gcpCode>
<name>松島</name>
<B>118541.6216</B>
<L>466601.1406</L>
<alti>217.12</alti>
<altiAcc>2</altiAcc>
</GCP>
<GCP gml:id="K1_492934_2">
<fid>10-00100-0-2303-194798</fid>
<lfSpanFr gml:id="K1_492934_2-1">
<gml:timePosition>2024-03-06</gml:timePosition>
</lfSpanFr>
<devDate gml:id="K1_492934_2-2">
<gml:timePosition>2024-03-13</gml:timePosition>
</devDate>
<orgGILvl>KJ14</orgGILvl>
<vis>表示</vis>
<pos>
<gml:Point gml:id="K1_492934_2-g" srsName="fguuid:jgd2011.bl">
<gml:pos>32.919556389 129.608142139</gml:pos>
</gml:Point>
</pos>
<orgName>国土地理院</orgName>
<type>三角点</type>
<gcpClass>四等三角点</gcpClass>
<gcpCode>TR44929340801</gcpCode>
<name>外平</name>
<B>118510.403</B>
<L>466589.3117</L>
<alti>83.48</alti>
<altiAcc>2</altiAcc>
</GCP>
<GCP gml:id="K1_492934_3">
<fid>10-00100-0-2303-194799</fid>
<lfSpanFr gml:id="K1_492934_3-1">
<gml:timePosition>2024-03-06</gml:timePosition>
</lfSpanFr>
<devDate gml:id="K1_492934_3-2">
<gml:timePosition>2024-03-13</gml:timePosition>
</devDate>
<orgGILvl>KJ14</orgGILvl>
<vis>表示</vis>
<pos>
<gml:Point gml:id="K1_492934_3-g" srsName="fguuid:jgd2011.bl">
<gml:pos>32.937500222 129.594690444</gml:pos>
</gml:Point>
</pos>
<orgName>国土地理院</orgName>
<type>三角点</type>
<gcpClass>四等三角点</gcpClass>
<gcpCode>TR44929342701</gcpCode>
<name>青山</name>
<B>118575.0008</B>
<L>466540.8856</L>
<alti>58.53</alti>
<altiAcc>2</altiAcc>
</GCP>
<GCP gml:id="K1_492934_4">
<fid>10-00100-0-2303-194800</fid>
<lfSpanFr gml:id="K1_492934_4-1">
<gml:timePosition>2024-03-06</gml:timePosition>
</lfSpanFr>
<devDate gml:id="K1_492934_4-2">
<gml:timePosition>2024-03-13</gml:timePosition>
</devDate>
<orgGILvl>KJ14</orgGILvl>
<vis>表示</vis>
<pos>
<gml:Point gml:id="K1_492934_4-g" srsName="fguuid:jgd2011.bl">
<gml:pos>32.935260833 129.621614750</gml:pos>
</gml:Point>
</pos>
<orgName>国土地理院</orgName>
<type>三角点</type>
<gcpClass>四等三角点</gcpClass>
<gcpCode>TR44929342901</gcpCode>
<name>西泊</name>
<B>118566.939</B>
<L>466637.8131</L>
<alti>42.62</alti>
<altiAcc>2</altiAcc>
</GCP>
</Dataset>
