<?xml version="1.0" encoding="utf-8"?>
<Dataset xsi:schemaLocation="http://fgd.gsi.go.jp/spec/2008/FGD_GMLSchema FGD_GMLSchema.xsd"
	xmlns:gml="http://www.opengis.net/gml/3.2"
	xmlns:xsi="http://www.w3.org/2001/XMLSchema-instance"
	xmlns:xlink="http://www.w3.org/1999/xlink"
	xmlns="http://fgd.gsi.go.jp/spec/2008/FGD_GMLSchema"
	gml:id="Dataset1">
  <gml:description>基盤地図情報メタデータ ID=fmdid:25-0331</gml:description>
  <gml:name>基盤地図情報ダウンロードデータ（GML版）</gml:name>
<CommPt gml:id="K8_4675511904_1">
<fid>46755-11904-i-536</fid>
<lfSpanFr gml:id="K8_4675511904_1-1">
<gml:timePosition>2020-12-08</gml:timePosition>
</lfSpanFr>
<devDate gml:id="K8_4675511904_1-2">
<gml:timePosition>2025-02-26</gml:timePosition>
</devDate>
<orgGILvl>2500</orgGILvl>
<pos>
<gml:Point gml:id="K8_4675511904_1-g" srsName="fguuid:jgd2011.bl">
<gml:pos>33.071102333 129.876009835</gml:pos>
</gml:Point>
</pos>
<type>大字・町・丁目</type>
<name>小音琴郷</name>
<admCode>42322</admCode>
</CommPt>
<CommPt gml:id="K8_4678211904_1">
<fid>46782-11904-i-630</fid>
<lfSpanFr gml:id="K8_4678211904_1-1">
<gml:timePosition>2023-02-21</gml:timePosition>
</lfSpanFr>
<devDate gml:id="K8_4678211904_1-2">
<gml:timePosition>2025-02-26</gml:timePosition>
</devDate>
<orgGILvl>2500</orgGILvl>
<pos>
<gml:Point gml:id="K8_4678211904_1-g" srsName="fguuid:jgd2011.bl">
<gml:pos>33.073289693 129.954163917</gml:pos>
</gml:Point>
</pos>
<type>大字・町・丁目</type>
<name>嬉野町不動山丙</name>
<admCode>41209</admCode>
</CommPt>
<CommPt gml:id="K8_4679111904_1">
<fid>46791-11904-i-626</fid>
<lfSpanFr gml:id="K8_4679111904_1-1">
<gml:timePosition>2023-02-21</gml:timePosition>
</lfSpanFr>
<devDate gml:id="K8_4679111904_1-2">
<gml:timePosition>2025-02-26</gml:timePosition>
</devDate>
<orgGILvl>2500</orgGILvl>
<pos>
<gml:Point gml:id="K8_4679111904_1-g" srsName="fguuid:jgd2011.bl">
<gml:pos>33.072383874 129.979952256</gml:pos>
</gml:Point>
</pos>
<type>大字・町・丁目</type>
<name>嬉野町岩屋川内乙</name>
<admCode>41209</admCode>
</CommPt>
<CommPt gml:id="K8_4679711907_1">
<fid>46797-11907-i-400</fid>
<lfSpanFr gml:id="K8_4679711907_1-1">
<gml:timePosition>2023-02-21</gml:timePosition>
</lfSpanFr>
<devDate gml:id="K8_4679711907_1-2">
<gml:timePosition>2025-02-26</gml:timePosition>
</devDate>
<orgGILvl>2500</orgGILvl>
<pos>
<gml:Point gml:id="K8_4679711907_1-g" srsName="fguuid:jgd2011.bl">
<gml:pos>33.081017229 129.994239575</gml:pos>
</gml:Point>
</pos>
<type>大字・町・丁目</type>
<name>嬉野町岩屋川内甲</name>
<admCode>41209</admCode>
</CommPt>
</Dataset>
