<?xml version="1.0" encoding="utf-8"?>
<Dataset xsi:schemaLocation="http://fgd.gsi.go.jp/spec/2008/FGD_GMLSchema FGD_GMLSchema.xsd"
	xmlns:gml="http://www.opengis.net/gml/3.2"
	xmlns:xsi="http://www.w3.org/2001/XMLSchema-instance"
	xmlns:xlink="http://www.w3.org/1999/xlink"
	xmlns="http://fgd.gsi.go.jp/spec/2008/FGD_GMLSchema"
	gml:id="Dataset1">
  <gml:description>基盤地図情報メタデータ ID=fmdid:25-0331</gml:description>
  <gml:name>基盤地図情報ダウンロードデータ（GML版）</gml:name>
<Cstline gml:id="K14_4675511901_1">
<fid>46755-11901-s-751</fid>
<lfSpanFr gml:id="K14_4675511901_1-1">
<gml:timePosition>2017-03-16</gml:timePosition>
</lfSpanFr>
<devDate gml:id="K14_4675511901_1-2">
<gml:timePosition>2025-02-26</gml:timePosition>
</devDate>
<orgGILvl>25000</orgGILvl>
<loc>
<gml:Curve gml:id="K14_4675511901_1-g" srsName="fguuid:jgd2011.bl">
<gml:segments>
<gml:LineStringSegment>
<gml:posList>
33.061982284 129.881447926
33.061295833 129.882602500
33.060908833 129.883333333
</gml:posList>
</gml:LineStringSegment>
</gml:segments>
</gml:Curve>
</loc>
<type>海岸線</type>
</Cstline>
<Cstline gml:id="K14_4675511901_2">
<fid>46755-11901-s-752</fid>
<lfSpanFr gml:id="K14_4675511901_2-1">
<gml:timePosition>2017-03-16</gml:timePosition>
</lfSpanFr>
<devDate gml:id="K14_4675511901_2-2">
<gml:timePosition>2025-02-26</gml:timePosition>
</devDate>
<orgGILvl>25000</orgGILvl>
<loc>
<gml:Curve gml:id="K14_4675511901_2-g" srsName="fguuid:jgd2011.bl">
<gml:segments>
<gml:LineStringSegment>
<gml:posList>
33.063003611 129.879277500
33.062874167 129.879371111
33.062840278 129.879411111
33.062755833 129.879545000
33.062705278 129.879678611
33.062598056 129.879966389
33.062479722 129.880240556
33.062372500 129.880407778
33.062225833 129.880648611
33.062068056 129.880882778
33.062040000 129.881130556
33.062025202 129.881266872
</gml:posList>
</gml:LineStringSegment>
</gml:segments>
</gml:Curve>
</loc>
<type>海岸線</type>
</Cstline>
<Cstline gml:id="K14_4675511901_3">
<fid>46755-11901-s-827</fid>
<lfSpanFr gml:id="K14_4675511901_3-1">
<gml:timePosition>2017-03-16</gml:timePosition>
</lfSpanFr>
<devDate gml:id="K14_4675511901_3-2">
<gml:timePosition>2025-02-26</gml:timePosition>
</devDate>
<orgGILvl>25000</orgGILvl>
<loc>
<gml:Curve gml:id="K14_4675511901_3-g" srsName="fguuid:jgd2011.bl">
<gml:segments>
<gml:LineStringSegment>
<gml:posList>
33.062025202 129.881266872
33.062003743 129.881357399
33.061982284 129.881447926
</gml:posList>
</gml:LineStringSegment>
</gml:segments>
</gml:Curve>
</loc>
<type>その他</type>
</Cstline>
<Cstline gml:id="K14_4675511901_4">
<fid>46755-11901-s-883</fid>
<lfSpanFr gml:id="K14_4675511901_4-1">
<gml:timePosition>2017-03-16</gml:timePosition>
</lfSpanFr>
<devDate gml:id="K14_4675511901_4-2">
<gml:timePosition>2025-02-26</gml:timePosition>
</devDate>
<orgGILvl>2500</orgGILvl>
<loc>
<gml:Curve gml:id="K14_4675511901_4-g" srsName="fguuid:jgd2011.bl">
<gml:segments>
<gml:LineStringSegment>
<gml:posList>
33.065154668 129.875546769
33.065031717 129.875710529
33.064888297 129.875903652
</gml:posList>
</gml:LineStringSegment>
</gml:segments>
</gml:Curve>
</loc>
<type>海岸線</type>
</Cstline>
<Cstline gml:id="K14_4675511901_5">
<fid>46755-11901-s-884</fid>
<lfSpanFr gml:id="K14_4675511901_5-1">
<gml:timePosition>2017-03-16</gml:timePosition>
</lfSpanFr>
<devDate gml:id="K14_4675511901_5-2">
<gml:timePosition>2025-02-26</gml:timePosition>
</devDate>
<orgGILvl>2500</orgGILvl>
<loc>
<gml:Curve gml:id="K14_4675511901_5-g" srsName="fguuid:jgd2011.bl">
<gml:segments>
<gml:LineStringSegment>
<gml:posList>
33.064703789 129.876206263
33.064621834 129.876351133
33.064503216 129.876572739
33.064370644 129.876836617
</gml:posList>
</gml:LineStringSegment>
</gml:segments>
</gml:Curve>
</loc>
<type>海岸線</type>
</Cstline>
<Cstline gml:id="K14_4675511901_6">
<fid>46755-11901-s-885</fid>
<lfSpanFr gml:id="K14_4675511901_6-1">
<gml:timePosition>2017-03-16</gml:timePosition>
</lfSpanFr>
<devDate gml:id="K14_4675511901_6-2">
<gml:timePosition>2025-02-26</gml:timePosition>
</devDate>
<orgGILvl>2500</orgGILvl>
<loc>
<gml:Curve gml:id="K14_4675511901_6-g" srsName="fguuid:jgd2011.bl">
<gml:segments>
<gml:LineStringSegment>
<gml:posList>
33.064888297 129.875903652
33.064870606 129.875909359
33.064855320 129.875924823
33.064826102 129.875955006
33.064791233 129.875975420
33.064777212 129.875990139
33.064761146 129.876024984
33.064743716 129.876063570
33.064703789 129.876206263
</gml:posList>
</gml:LineStringSegment>
</gml:segments>
</gml:Curve>
</loc>
<type>海岸線</type>
</Cstline>
<Cstline gml:id="K14_4675511901_7">
<fid>46755-11901-s-886</fid>
<lfSpanFr gml:id="K14_4675511901_7-1">
<gml:timePosition>2017-03-16</gml:timePosition>
</lfSpanFr>
<devDate gml:id="K14_4675511901_7-2">
<gml:timePosition>2025-02-26</gml:timePosition>
</devDate>
<orgGILvl>2500</orgGILvl>
<loc>
<gml:Curve gml:id="K14_4675511901_7-g" srsName="fguuid:jgd2011.bl">
<gml:segments>
<gml:LineStringSegment>
<gml:posList>
33.065369016 129.875000000
33.065366863 129.875002668
33.065333239 129.875028977
33.065276957 129.875063223
33.065270528 129.875072084
33.065264090 129.875083945
33.065228323 129.875193136
33.065200786 129.875353981
33.065184869 129.875429201
33.065174380 129.875468674
33.065154668 129.875546769
</gml:posList>
</gml:LineStringSegment>
</gml:segments>
</gml:Curve>
</loc>
<type>海岸線</type>
</Cstline>
<Cstline gml:id="K14_4675511901_8">
<fid>46755-11901-s-887</fid>
<lfSpanFr gml:id="K14_4675511901_8-1">
<gml:timePosition>2017-03-16</gml:timePosition>
</lfSpanFr>
<devDate gml:id="K14_4675511901_8-2">
<gml:timePosition>2025-02-26</gml:timePosition>
</devDate>
<orgGILvl>25000</orgGILvl>
<loc>
<gml:Curve gml:id="K14_4675511901_8-g" srsName="fguuid:jgd2011.bl">
<gml:segments>
<gml:LineStringSegment>
<gml:posList>
33.064370644 129.876836617
33.063003611 129.879277500
</gml:posList>
</gml:LineStringSegment>
</gml:segments>
</gml:Curve>
</loc>
<type>海岸線</type>
</Cstline>
<Cstline gml:id="K14_4675811898_1">
<fid>46758-11898-s-295</fid>
<lfSpanFr gml:id="K14_4675811898_1-1">
<gml:timePosition>2014-09-19</gml:timePosition>
</lfSpanFr>
<devDate gml:id="K14_4675811898_1-2">
<gml:timePosition>2025-02-26</gml:timePosition>
</devDate>
<orgGILvl>25000</orgGILvl>
<loc>
<gml:Curve gml:id="K14_4675811898_1-g" srsName="fguuid:jgd2011.bl">
<gml:segments>
<gml:LineStringSegment>
<gml:posList>
33.057242500 129.890564167
33.057208889 129.891045833
33.057191944 129.891186389
</gml:posList>
</gml:LineStringSegment>
</gml:segments>
</gml:Curve>
</loc>
<type>海岸線</type>
</Cstline>
<Cstline gml:id="K14_4675811898_2">
<fid>46758-11898-s-487</fid>
<lfSpanFr gml:id="K14_4675811898_2-1">
<gml:timePosition>2014-09-19</gml:timePosition>
</lfSpanFr>
<devDate gml:id="K14_4675811898_2-2">
<gml:timePosition>2025-02-26</gml:timePosition>
</devDate>
<orgGILvl>25000</orgGILvl>
<loc>
<gml:Curve gml:id="K14_4675811898_2-g" srsName="fguuid:jgd2011.bl">
<gml:segments>
<gml:LineStringSegment>
<gml:posList>
33.058333333 129.887115111
33.058330833 129.887111944
33.058285556 129.887131944
33.058274444 129.887038333
33.058223611 129.886991389
33.058133333 129.886911111
33.058105278 129.886931111
33.058037500 129.886931111
33.057992500 129.886971389
33.057970000 129.887025000
33.057964167 129.887078333
33.057953056 129.887078333
33.057924722 129.887118611
33.057919167 129.887225556
33.057891111 129.887252500
33.057879722 129.887292500
33.057845833 129.887399722
33.057834722 129.887480000
33.057857222 129.887513333
33.057828889 129.887533333
33.057761389 129.887633889
33.057755556 129.887714167
33.057727500 129.887720833
33.057733056 129.887734167
33.057626111 129.887767500
33.057626111 129.887754167
33.057563889 129.887787778
33.057552778 129.887827778
33.057535833 129.887827778
33.057524444 129.887874722
33.057468056 129.887827778
33.057372222 129.887847778
33.057315833 129.887868056
33.057293333 129.887894722
33.057282222 129.887881389
33.057270833 129.887914722
33.057186389 129.887881389
33.057067778 129.887955000
33.057050833 129.887961667
33.057022778 129.888008611
33.056983333 129.887988333
33.056859167 129.888041944
33.056836667 129.888088889
33.056797222 129.888095556
33.056797222 129.888142222
33.056746389 129.888122222
33.056684444 129.888269444
33.056684444 129.888356389
33.056661944 129.888356389
33.056645000 129.888369722
33.056628056 129.888403333
33.056623333 129.888420000
33.056616944 129.888443333
33.056594167 129.888503611
33.056594167 129.888577222
33.056560556 129.888624167
33.056537778 129.888664167
33.056521111 129.888751111
33.056509722 129.888751111
33.056487222 129.888818056
33.056498333 129.888858333
33.056448056 129.888918333
33.056442222 129.888965278
33.056425556 129.889105833
33.056453611 129.889145833
33.056442222 129.889172500
33.056442222 129.889225833
33.056425556 129.889252778
33.056425556 129.889373056
33.056476111 129.889413333
33.056476111 129.889426667
33.056465000 129.889466944
33.056459167 129.889446667
33.056459167 129.889486944
33.056476111 129.889547222
33.056458972 129.889643722
</gml:posList>
</gml:LineStringSegment>
</gml:segments>
</gml:Curve>
</loc>
<type>海岸線</type>
</Cstline>
<Cstline gml:id="K14_4675811898_3">
<fid>46758-11898-s-488</fid>
<lfSpanFr gml:id="K14_4675811898_3-1">
<gml:timePosition>2014-09-19</gml:timePosition>
</lfSpanFr>
<devDate gml:id="K14_4675811898_3-2">
<gml:timePosition>2025-02-26</gml:timePosition>
</devDate>
<orgGILvl>25000</orgGILvl>
<loc>
<gml:Curve gml:id="K14_4675811898_3-g" srsName="fguuid:jgd2011.bl">
<gml:segments>
<gml:LineStringSegment>
<gml:posList>
33.056458972 129.889643722
33.056290722 129.891075639
33.056355583 129.891081778
33.056431111 129.890450278
33.056470556 129.890169444
33.056481667 129.890142500
33.056865000 129.890202778
33.056848056 129.890330000
33.056836667 129.890443611
33.056904444 129.890456944
33.056949444 129.890182778
33.057009750 129.890126750
33.056887500 129.889875000
33.057141111 129.889808056
33.057327222 129.890042222
33.057335000 129.890266944
33.057329722 129.890570556
33.057265556 129.890566944
33.057242500 129.890564167
</gml:posList>
</gml:LineStringSegment>
</gml:segments>
</gml:Curve>
</loc>
<type>海岸線</type>
</Cstline>
<Cstline gml:id="K14_4675811898_4">
<fid>46758-11898-s-489</fid>
<lfSpanFr gml:id="K14_4675811898_4-1">
<gml:timePosition>2014-09-19</gml:timePosition>
</lfSpanFr>
<devDate gml:id="K14_4675811898_4-2">
<gml:timePosition>2025-02-26</gml:timePosition>
</devDate>
<orgGILvl>25000</orgGILvl>
<loc>
<gml:Curve gml:id="K14_4675811898_4-g" srsName="fguuid:jgd2011.bl">
<gml:segments>
<gml:LineStringSegment>
<gml:posList>
33.057191944 129.891186389
33.057163611 129.891266667
33.057154361 129.891290278
33.056736000 129.891128333
33.056710583 129.891203194
33.057118000 129.891372778
33.057056944 129.891661389
33.057055778 129.891666667
</gml:posList>
</gml:LineStringSegment>
</gml:segments>
</gml:Curve>
</loc>
<type>海岸線</type>
</Cstline>
<Cstline gml:id="K14_4675811901_1">
<fid>46758-11901-s-533</fid>
<lfSpanFr gml:id="K14_4675811901_1-1">
<gml:timePosition>2014-09-19</gml:timePosition>
</lfSpanFr>
<devDate gml:id="K14_4675811901_1-2">
<gml:timePosition>2025-02-26</gml:timePosition>
</devDate>
<orgGILvl>25000</orgGILvl>
<loc>
<gml:Curve gml:id="K14_4675811901_1-g" srsName="fguuid:jgd2011.bl">
<gml:segments>
<gml:LineStringSegment>
<gml:posList>
33.058457556 129.887320139
33.058409722 129.887212222
33.058333333 129.887115111
</gml:posList>
</gml:LineStringSegment>
</gml:segments>
</gml:Curve>
</loc>
<type>海岸線</type>
</Cstline>
<Cstline gml:id="K14_4675811901_2">
<fid>46758-11901-s-681</fid>
<lfSpanFr gml:id="K14_4675811901_2-1">
<gml:timePosition>2014-09-19</gml:timePosition>
</lfSpanFr>
<devDate gml:id="K14_4675811901_2-2">
<gml:timePosition>2025-02-26</gml:timePosition>
</devDate>
<orgGILvl>25000</orgGILvl>
<loc>
<gml:Curve gml:id="K14_4675811901_2-g" srsName="fguuid:jgd2011.bl">
<gml:segments>
<gml:LineStringSegment>
<gml:posList>
33.060908833 129.883333333
33.060675833 129.883773333
33.060309444 129.884395278
33.060128889 129.884663056
33.059581944 129.885472500
33.059277500 129.885947778
33.059074722 129.886349167
33.058956389 129.886616667
33.058738389 129.887280833
33.058457556 129.887320139
</gml:posList>
</gml:LineStringSegment>
</gml:segments>
</gml:Curve>
</loc>
<type>海岸線</type>
</Cstline>
<Cstline gml:id="K14_4676111898_1">
<fid>46761-11898-s-464</fid>
<lfSpanFr gml:id="K14_4676111898_1-1">
<gml:timePosition>2014-09-19</gml:timePosition>
</lfSpanFr>
<devDate gml:id="K14_4676111898_1-2">
<gml:timePosition>2025-02-26</gml:timePosition>
</devDate>
<orgGILvl>25000</orgGILvl>
<loc>
<gml:Curve gml:id="K14_4676111898_1-g" srsName="fguuid:jgd2011.bl">
<gml:segments>
<gml:LineStringSegment>
<gml:posList>
33.051183546 129.896867524
33.051177222 129.896900278
33.051075556 129.896893611
33.051013611 129.896933611
33.050991111 129.896940278
33.050945833 129.896966944
33.050917778 129.897067500
33.050895278 129.897241389
33.050889722 129.897448889
33.050872778 129.897475556
33.050872778 129.897488889
33.050878333 129.897663056
33.050951806 129.897722444
</gml:posList>
</gml:LineStringSegment>
</gml:segments>
</gml:Curve>
</loc>
<type>海岸線</type>
</Cstline>
<Cstline gml:id="K14_4676111898_2">
<fid>46761-11898-s-653</fid>
<lfSpanFr gml:id="K14_4676111898_2-1">
<gml:timePosition>2014-09-19</gml:timePosition>
</lfSpanFr>
<devDate gml:id="K14_4676111898_2-2">
<gml:timePosition>2025-02-26</gml:timePosition>
</devDate>
<orgGILvl>25000</orgGILvl>
<loc>
<gml:Curve gml:id="K14_4676111898_2-g" srsName="fguuid:jgd2011.bl">
<gml:segments>
<gml:LineStringSegment>
<gml:posList>
33.057055778 129.891666667
33.057027092 129.891828176
</gml:posList>
</gml:LineStringSegment>
</gml:segments>
</gml:Curve>
</loc>
<type>海岸線</type>
</Cstline>
<Cstline gml:id="K14_4676111898_3">
<fid>46761-11898-s-741</fid>
<lfSpanFr gml:id="K14_4676111898_3-1">
<gml:timePosition>2014-09-19</gml:timePosition>
</lfSpanFr>
<devDate gml:id="K14_4676111898_3-2">
<gml:timePosition>2025-02-26</gml:timePosition>
</devDate>
<orgGILvl>25000</orgGILvl>
<loc>
<gml:Curve gml:id="K14_4676111898_3-g" srsName="fguuid:jgd2011.bl">
<gml:segments>
<gml:LineStringSegment>
<gml:posList>
33.057027092 129.891828176
33.057015540 129.891869189
33.057003481 129.891911998
</gml:posList>
</gml:LineStringSegment>
</gml:segments>
</gml:Curve>
</loc>
<type>その他</type>
</Cstline>
<Cstline gml:id="K14_4676111898_4">
<fid>46761-11898-s-743</fid>
<lfSpanFr gml:id="K14_4676111898_4-1">
<gml:timePosition>2014-09-19</gml:timePosition>
</lfSpanFr>
<devDate gml:id="K14_4676111898_4-2">
<gml:timePosition>2025-02-26</gml:timePosition>
</devDate>
<orgGILvl>25000</orgGILvl>
<loc>
<gml:Curve gml:id="K14_4676111898_4-g" srsName="fguuid:jgd2011.bl">
<gml:segments>
<gml:LineStringSegment>
<gml:posList>
33.057003481 129.891911998
33.056961111 129.892096389
33.056910278 129.892310556
33.056769444 129.892898889
33.056261944 129.893327222
33.056072417 129.893459750
33.055833944 129.893620028
33.054897500 129.894056389
33.054514444 129.894250556
33.054221389 129.894424444
33.054153611 129.894471389
33.054040833 129.894558333
33.053961944 129.894618611
33.053804167 129.894772500
33.053646111 129.894919722
33.053527778 129.895046667
33.053285278 129.895321111
33.053189444 129.895501667
33.053099444 129.895729167
33.052952778 129.896083889
33.052873889 129.896257778
33.052758213 129.896399107
</gml:posList>
</gml:LineStringSegment>
</gml:segments>
</gml:Curve>
</loc>
<type>海岸線</type>
</Cstline>
<Cstline gml:id="K14_4676111898_5">
<fid>46761-11898-s-744</fid>
<lfSpanFr gml:id="K14_4676111898_5-1">
<gml:timePosition>2014-09-19</gml:timePosition>
</lfSpanFr>
<devDate gml:id="K14_4676111898_5-2">
<gml:timePosition>2025-02-26</gml:timePosition>
</devDate>
<orgGILvl>25000</orgGILvl>
<loc>
<gml:Curve gml:id="K14_4676111898_5-g" srsName="fguuid:jgd2011.bl">
<gml:segments>
<gml:LineStringSegment>
<gml:posList>
33.052758213 129.896399107
33.052712226 129.896450702
33.052674222 129.896493342
</gml:posList>
</gml:LineStringSegment>
</gml:segments>
</gml:Curve>
</loc>
<type>その他</type>
</Cstline>
<Cstline gml:id="K14_4676111898_6">
<fid>46761-11898-s-745</fid>
<lfSpanFr gml:id="K14_4676111898_6-1">
<gml:timePosition>2014-09-19</gml:timePosition>
</lfSpanFr>
<devDate gml:id="K14_4676111898_6-2">
<gml:timePosition>2025-02-26</gml:timePosition>
</devDate>
<orgGILvl>25000</orgGILvl>
<loc>
<gml:Curve gml:id="K14_4676111898_6-g" srsName="fguuid:jgd2011.bl">
<gml:segments>
<gml:LineStringSegment>
<gml:posList>
33.052674222 129.896493342
33.052556389 129.896561111
33.052306899 129.896684265
33.051992775 129.896718591
33.051513404 129.896710011
33.051416084 129.896719546
33.051341569 129.896757684
33.051183546 129.896867524
</gml:posList>
</gml:LineStringSegment>
</gml:segments>
</gml:Curve>
</loc>
<type>海岸線</type>
</Cstline>
<Cstline gml:id="K14_4676111898_7">
<fid>46761-11898-s-746</fid>
<lfSpanFr gml:id="K14_4676111898_7-1">
<gml:timePosition>2014-09-19</gml:timePosition>
</lfSpanFr>
<devDate gml:id="K14_4676111898_7-2">
<gml:timePosition>2025-02-26</gml:timePosition>
</devDate>
<orgGILvl>25000</orgGILvl>
<loc>
<gml:Curve gml:id="K14_4676111898_7-g" srsName="fguuid:jgd2011.bl">
<gml:segments>
<gml:LineStringSegment>
<gml:posList>
33.050951806 129.897722444
33.050624722 129.899061111
33.050455833 129.899455833
33.050127447 129.899985193
33.050117349 129.900000000
</gml:posList>
</gml:LineStringSegment>
</gml:segments>
</gml:Curve>
</loc>
<type>海岸線</type>
</Cstline>
<Cstline gml:id="K14_4676111898_8">
<fid>46761-11898-s-810</fid>
<lfSpanFr gml:id="K14_4676111898_8-1">
<gml:timePosition>2017-03-16</gml:timePosition>
</lfSpanFr>
<devDate gml:id="K14_4676111898_8-2">
<gml:timePosition>2025-02-26</gml:timePosition>
</devDate>
<orgGILvl>25000</orgGILvl>
<loc>
<gml:Curve gml:id="K14_4676111898_8-g" srsName="fguuid:jgd2011.bl">
<gml:segments>
<gml:LineStringSegment>
<gml:posList>
33.051402500 129.894411389
33.051385833 129.894351111
33.051374444 129.894344444
33.051357500 129.894311111
33.051273056 129.894291111
33.051239167 129.894264167
33.051199722 129.894257500
33.051120833 129.894337778
33.051148889 129.894384722
33.051171389 129.894438056
33.051188333 129.894504722
33.051239167 129.894558333
33.051278611 129.894565000
33.051312500 129.894538333
33.051391389 129.894451389
33.051402500 129.894411389
</gml:posList>
</gml:LineStringSegment>
</gml:segments>
</gml:Curve>
</loc>
<type>海岸線</type>
</Cstline>
<Cstline gml:id="K14_4676411892_1">
<fid>46764-11892-s-205</fid>
<lfSpanFr gml:id="K14_4676411892_1-1">
<gml:timePosition>2014-09-19</gml:timePosition>
</lfSpanFr>
<devDate gml:id="K14_4676411892_1-2">
<gml:timePosition>2025-02-26</gml:timePosition>
</devDate>
<orgGILvl>25000</orgGILvl>
<loc>
<gml:Curve gml:id="K14_4676411892_1-g" srsName="fguuid:jgd2011.bl">
<gml:segments>
<gml:LineStringSegment>
<gml:posList>
33.041666667 129.903789167
33.041661389 129.903798333
33.041560000 129.904012222
33.041278056 129.903798333
33.040568056 129.903972222
33.039367222 129.904286667
33.038803333 129.905350556
33.038569972 129.905778667
33.038626361 129.905821972
33.038863528 129.905396694
33.039021667 129.905520278
33.040364555 129.906541011
33.040428825 129.906587794
33.039900113 129.907561792
33.039260267 129.907084311
33.039598813 129.906437937
33.039509673 129.906374189
33.038886066 129.907556600
33.039668300 129.908101714
33.039646468 129.908144003
33.039546855 129.908333333
</gml:posList>
</gml:LineStringSegment>
</gml:segments>
</gml:Curve>
</loc>
<type>海岸線</type>
</Cstline>
<Cstline gml:id="K14_4676411892_2">
<fid>46764-11892-s-206</fid>
<lfSpanFr gml:id="K14_4676411892_2-1">
<gml:timePosition>2014-09-19</gml:timePosition>
</lfSpanFr>
<devDate gml:id="K14_4676411892_2-2">
<gml:timePosition>2025-02-26</gml:timePosition>
</devDate>
<orgGILvl>0</orgGILvl>
<loc>
<gml:Curve gml:id="K14_4676411892_2-g" srsName="fguuid:jgd2011.bl">
<gml:segments>
<gml:LineStringSegment>
<gml:posList>
33.038434139 129.906265833
33.038372222 129.906221222
33.037729889 129.907392389
33.036802194 129.907489639
33.036232861 129.908100722
33.036284278 129.908151889
33.036827778 129.907568861
33.037769694 129.907469833
33.038434139 129.906265833
</gml:posList>
</gml:LineStringSegment>
</gml:segments>
</gml:Curve>
</loc>
<type>海岸線</type>
</Cstline>
<Cstline gml:id="K14_4676411895_1">
<fid>46764-11895-s-677</fid>
<lfSpanFr gml:id="K14_4676411895_1-1">
<gml:timePosition>2014-09-19</gml:timePosition>
</lfSpanFr>
<devDate gml:id="K14_4676411895_1-2">
<gml:timePosition>2025-02-26</gml:timePosition>
</devDate>
<orgGILvl>25000</orgGILvl>
<loc>
<gml:Curve gml:id="K14_4676411895_1-g" srsName="fguuid:jgd2011.bl">
<gml:segments>
<gml:LineStringSegment>
<gml:posList>
33.043339724 129.902754999
33.043319037 129.902810212
33.043271462 129.902826507
33.042462218 129.903071471
33.042160294 129.903204000
33.041990119 129.903323493
33.041802500 129.903523889
33.041819444 129.903537222
33.041746111 129.903651111
33.041666667 129.903789167
</gml:posList>
</gml:LineStringSegment>
</gml:segments>
</gml:Curve>
</loc>
<type>海岸線</type>
</Cstline>
<Cstline gml:id="K14_4676411895_2">
<fid>46764-11895-s-678</fid>
<lfSpanFr gml:id="K14_4676411895_2-1">
<gml:timePosition>2014-09-19</gml:timePosition>
</lfSpanFr>
<devDate gml:id="K14_4676411895_2-2">
<gml:timePosition>2025-02-26</gml:timePosition>
</devDate>
<orgGILvl>25000</orgGILvl>
<loc>
<gml:Curve gml:id="K14_4676411895_2-g" srsName="fguuid:jgd2011.bl">
<gml:segments>
<gml:LineStringSegment>
<gml:posList>
33.049982267 129.900198074
33.049898644 129.900302993
</gml:posList>
</gml:LineStringSegment>
</gml:segments>
</gml:Curve>
</loc>
<type>その他</type>
</Cstline>
<Cstline gml:id="K14_4676411895_3">
<fid>46764-11895-s-679</fid>
<lfSpanFr gml:id="K14_4676411895_3-1">
<gml:timePosition>2014-09-19</gml:timePosition>
</lfSpanFr>
<devDate gml:id="K14_4676411895_3-2">
<gml:timePosition>2025-02-26</gml:timePosition>
</devDate>
<orgGILvl>25000</orgGILvl>
<loc>
<gml:Curve gml:id="K14_4676411895_3-g" srsName="fguuid:jgd2011.bl">
<gml:segments>
<gml:LineStringSegment>
<gml:posList>
33.050000000 129.900172072
33.049982267 129.900198074
</gml:posList>
</gml:LineStringSegment>
</gml:segments>
</gml:Curve>
</loc>
<type>海岸線</type>
</Cstline>
<Cstline gml:id="K14_4676411895_4">
<fid>46764-11895-s-729</fid>
<lfSpanFr gml:id="K14_4676411895_4-1">
<gml:timePosition>2014-09-19</gml:timePosition>
</lfSpanFr>
<devDate gml:id="K14_4676411895_4-2">
<gml:timePosition>2025-02-26</gml:timePosition>
</devDate>
<orgGILvl>25000</orgGILvl>
<loc>
<gml:Curve gml:id="K14_4676411895_4-g" srsName="fguuid:jgd2011.bl">
<gml:segments>
<gml:LineStringSegment>
<gml:posList>
33.049898644 129.900302993
33.049531111 129.900881111
33.049508611 129.900894444
33.049457778 129.900981389
33.049412778 129.901041667
33.049407222 129.901028333
33.049221111 129.901248889
33.049011507 129.901400802
33.048665687 129.901597084
33.048464426 129.901779577
33.048247155 129.901905041
33.048033086 129.901882229
33.047198075 129.901558794
33.046981259 129.901487101
33.046822078 129.901477325
33.046281411 129.901581606
33.046013823 129.901662530
</gml:posList>
</gml:LineStringSegment>
</gml:segments>
</gml:Curve>
</loc>
<type>海岸線</type>
</Cstline>
<Cstline gml:id="K14_4676411895_5">
<fid>46764-11895-s-730</fid>
<lfSpanFr gml:id="K14_4676411895_5-1">
<gml:timePosition>2014-09-19</gml:timePosition>
</lfSpanFr>
<devDate gml:id="K14_4676411895_5-2">
<gml:timePosition>2025-02-26</gml:timePosition>
</devDate>
<orgGILvl>25000</orgGILvl>
<loc>
<gml:Curve gml:id="K14_4676411895_5-g" srsName="fguuid:jgd2011.bl">
<gml:segments>
<gml:LineStringSegment>
<gml:posList>
33.046013823 129.901662530
33.045845530 129.901704804
33.045794697 129.901731471
33.045727197 129.901758415
33.045704697 129.901785082
33.045693586 129.901785082
33.045665252 129.901818415
33.045580808 129.901805082
33.045546919 129.901825082
33.045535530 129.901825082
33.045507474 129.901838693
33.045462474 129.901898693
33.045389141 129.901878693
33.045355252 129.901898693
33.045332752 129.901898693
33.045310252 129.901925638
33.045276363 129.901925638
33.045264974 129.901938971
33.045253863 129.901938971
33.045219974 129.901999249
33.045203030 129.901985637
33.045180530 129.901965638
33.045135252 129.901965638
33.045090252 129.901992582
33.045078863 129.901992582
33.045067752 129.902005915
33.044999974 129.902025915
33.044960530 129.902079526
33.044943586 129.902079526
33.044887197 129.902079526
33.044819697 129.902099526
33.044797197 129.902099526
33.044740808 129.902159804
33.044689974 129.902146471
33.044639141 129.902166471
33.044503863 129.902213138
33.044481363 129.902240082
33.044453030 129.902226749
33.044385530 129.902240082
33.044340530 129.902253415
33.044306641 129.902260082
33.044284141 129.902266749
33.044244697 129.902307026
33.044233308 129.902307026
33.044216363 129.902333693
33.044210808 129.902313693
33.044204974 129.902320360
33.044137474 129.902300360
33.044120530 129.902313693
33.044007752 129.902360360
33.043996363 129.902360360
33.043973863 129.902380637
33.043951363 129.902400637
33.043889419 129.902373971
33.043861086 129.902387304
33.043827474 129.902400637
33.043810530 129.902400637
33.043799141 129.902413971
33.043765252 129.902433971
33.043737197 129.902467582
33.043725808 129.902454249
33.043725808 129.902460915
33.043669419 129.902467582
33.043646919 129.902474249
33.043545530 129.902520915
33.043511641 129.902574526
33.043455252 129.902587860
33.043427197 129.902601471
33.043348030 129.902695082
33.043339724 129.902754999
</gml:posList>
</gml:LineStringSegment>
</gml:segments>
</gml:Curve>
</loc>
<type>海岸線</type>
</Cstline>
<Cstline gml:id="K14_4676411898_1">
<fid>46764-11898-s-474</fid>
<lfSpanFr gml:id="K14_4676411898_1-1">
<gml:timePosition>2014-09-19</gml:timePosition>
</lfSpanFr>
<devDate gml:id="K14_4676411898_1-2">
<gml:timePosition>2025-02-26</gml:timePosition>
</devDate>
<orgGILvl>25000</orgGILvl>
<loc>
<gml:Curve gml:id="K14_4676411898_1-g" srsName="fguuid:jgd2011.bl">
<gml:segments>
<gml:LineStringSegment>
<gml:posList>
33.050117349 129.900000000
33.050000000 129.900172072
</gml:posList>
</gml:LineStringSegment>
</gml:segments>
</gml:Curve>
</loc>
<type>海岸線</type>
</Cstline>
<Cstline gml:id="K14_4676711892_1">
<fid>46767-11892-s-1442</fid>
<lfSpanFr gml:id="K14_4676711892_1-1">
<gml:timePosition>2014-09-19</gml:timePosition>
</lfSpanFr>
<devDate gml:id="K14_4676711892_1-2">
<gml:timePosition>2025-02-26</gml:timePosition>
</devDate>
<orgGILvl>25000</orgGILvl>
<loc>
<gml:Curve gml:id="K14_4676711892_1-g" srsName="fguuid:jgd2011.bl">
<gml:segments>
<gml:LineStringSegment>
<gml:posList>
33.039546855 129.908333333
33.039347929 129.908711425
33.038127600 129.911096314
</gml:posList>
</gml:LineStringSegment>
</gml:segments>
</gml:Curve>
</loc>
<type>海岸線</type>
</Cstline>
<Cstline gml:id="K14_4676711892_2">
<fid>46767-11892-s-1443</fid>
<lfSpanFr gml:id="K14_4676711892_2-1">
<gml:timePosition>2014-09-19</gml:timePosition>
</lfSpanFr>
<devDate gml:id="K14_4676711892_2-2">
<gml:timePosition>2025-02-26</gml:timePosition>
</devDate>
<orgGILvl>0</orgGILvl>
<loc>
<gml:Curve gml:id="K14_4676711892_2-g" srsName="fguuid:jgd2011.bl">
<gml:segments>
<gml:LineStringSegment>
<gml:posList>
33.035877944 129.909018222
33.035806667 129.909018222
33.035763556 129.910886250
33.035829861 129.910886250
33.035877944 129.909018222
</gml:posList>
</gml:LineStringSegment>
</gml:segments>
</gml:Curve>
</loc>
<type>海岸線</type>
</Cstline>
<Cstline gml:id="K14_4676711892_3">
<fid>46767-11892-s-1444</fid>
<lfSpanFr gml:id="K14_4676711892_3-1">
<gml:timePosition>2014-09-19</gml:timePosition>
</lfSpanFr>
<devDate gml:id="K14_4676711892_3-2">
<gml:timePosition>2025-02-26</gml:timePosition>
</devDate>
<orgGILvl>25000</orgGILvl>
<loc>
<gml:Curve gml:id="K14_4676711892_3-g" srsName="fguuid:jgd2011.bl">
<gml:segments>
<gml:LineStringSegment>
<gml:posList>
33.038127600 129.911096314
33.038057995 129.911225274
33.037982207 129.911365689
</gml:posList>
</gml:LineStringSegment>
</gml:segments>
</gml:Curve>
</loc>
<type>その他</type>
</Cstline>
<Cstline gml:id="K14_4676711892_4">
<fid>46767-11892-s-1446</fid>
<lfSpanFr gml:id="K14_4676711892_4-1">
<gml:timePosition>2014-09-19</gml:timePosition>
</lfSpanFr>
<devDate gml:id="K14_4676711892_4-2">
<gml:timePosition>2025-02-26</gml:timePosition>
</devDate>
<orgGILvl>25000</orgGILvl>
<loc>
<gml:Curve gml:id="K14_4676711892_4-g" srsName="fguuid:jgd2011.bl">
<gml:segments>
<gml:LineStringSegment>
<gml:posList>
33.037982207 129.911365689
33.037955932 129.911384014
33.037405833 129.911927222
33.036858889 129.912489167
33.036723611 129.912670000
33.036599444 129.912790278
33.036447222 129.912917500
33.036171111 129.913131667
33.035787774 129.913409004
33.035783300 129.913479988
33.035719647 129.913568596
33.035638591 129.913696928
</gml:posList>
</gml:LineStringSegment>
</gml:segments>
</gml:Curve>
</loc>
<type>海岸線</type>
</Cstline>
<Cstline gml:id="K14_4676711892_5">
<fid>46767-11892-s-1447</fid>
<lfSpanFr gml:id="K14_4676711892_5-1">
<gml:timePosition>2014-09-19</gml:timePosition>
</lfSpanFr>
<devDate gml:id="K14_4676711892_5-2">
<gml:timePosition>2025-02-26</gml:timePosition>
</devDate>
<orgGILvl>25000</orgGILvl>
<loc>
<gml:Curve gml:id="K14_4676711892_5-g" srsName="fguuid:jgd2011.bl">
<gml:segments>
<gml:LineStringSegment>
<gml:posList>
33.035638591 129.913696928
33.035576841 129.913722828
33.035515908 129.913748385
</gml:posList>
</gml:LineStringSegment>
</gml:segments>
</gml:Curve>
</loc>
<type>その他</type>
</Cstline>
<Cstline gml:id="K14_4676711892_6">
<fid>46767-11892-s-1505</fid>
<lfSpanFr gml:id="K14_4676711892_6-1">
<gml:timePosition>2018-10-03</gml:timePosition>
</lfSpanFr>
<devDate gml:id="K14_4676711892_6-2">
<gml:timePosition>2025-02-26</gml:timePosition>
</devDate>
<orgGILvl>25000</orgGILvl>
<loc>
<gml:Curve gml:id="K14_4676711892_6-g" srsName="fguuid:jgd2011.bl">
<gml:segments>
<gml:LineStringSegment>
<gml:posList>
33.035515908 129.913748385
33.035458021 129.913286140
33.035290609 129.912580032
33.035496250 129.912492556
</gml:posList>
</gml:LineStringSegment>
</gml:segments>
</gml:Curve>
</loc>
<type>海岸線</type>
</Cstline>
<Cstline gml:id="K14_4676711892_7">
<fid>46767-11892-s-1506</fid>
<lfSpanFr gml:id="K14_4676711892_7-1">
<gml:timePosition>2018-10-03</gml:timePosition>
</lfSpanFr>
<devDate gml:id="K14_4676711892_7-2">
<gml:timePosition>2025-02-26</gml:timePosition>
</devDate>
<orgGILvl>25000</orgGILvl>
<loc>
<gml:Curve gml:id="K14_4676711892_7-g" srsName="fguuid:jgd2011.bl">
<gml:segments>
<gml:LineStringSegment>
<gml:posList>
33.035449722 129.912215000
33.035821389 129.912054167
33.035813611 129.911941667
33.035770917 129.911335778
33.035716250 129.911340639
33.035750917 129.911918417
33.035527361 129.911985528
33.035294339 129.912114941
33.035103911 129.912304294
33.035377925 129.913296337
33.035443547 129.913764106
33.035331389 129.914055000
33.035071944 129.914583611
33.035159056 129.914722778
33.034353472 129.916459750
33.034224333 129.916666667
</gml:posList>
</gml:LineStringSegment>
</gml:segments>
</gml:Curve>
</loc>
<type>海岸線</type>
</Cstline>
<Cstline gml:id="K14_4676711892_8">
<fid>46767-11892-s-1507</fid>
<lfSpanFr gml:id="K14_4676711892_8-1">
<gml:timePosition>2018-10-03</gml:timePosition>
</lfSpanFr>
<devDate gml:id="K14_4676711892_8-2">
<gml:timePosition>2025-02-26</gml:timePosition>
</devDate>
<orgGILvl>25000</orgGILvl>
<loc>
<gml:Curve gml:id="K14_4676711892_8-g" srsName="fguuid:jgd2011.bl">
<gml:segments>
<gml:LineStringSegment>
<gml:posList>
33.035496250 129.912492556
33.035449722 129.912215000
</gml:posList>
</gml:LineStringSegment>
</gml:segments>
</gml:Curve>
</loc>
<type>海岸線</type>
</Cstline>
<Cstline gml:id="K14_4677011889_1">
<fid>46770-11889-s-124</fid>
<lfSpanFr gml:id="K14_4677011889_1-1">
<gml:timePosition>2014-09-19</gml:timePosition>
</lfSpanFr>
<devDate gml:id="K14_4677011889_1-2">
<gml:timePosition>2025-02-26</gml:timePosition>
</devDate>
<orgGILvl>25000</orgGILvl>
<loc>
<gml:Curve gml:id="K14_4677011889_1-g" srsName="fguuid:jgd2011.bl">
<gml:segments>
<gml:LineStringSegment>
<gml:posList>
33.033333333 129.917367083
33.033132778 129.917373333
33.032850833 129.917346667
33.032721111 129.917373333
33.032525177 129.917475951
33.032462985 129.917570390
33.032471890 129.917613268
</gml:posList>
</gml:LineStringSegment>
</gml:segments>
</gml:Curve>
</loc>
<type>海岸線</type>
</Cstline>
<Cstline gml:id="K14_4677011889_2">
<fid>46770-11889-s-147</fid>
<lfSpanFr gml:id="K14_4677011889_2-1">
<gml:timePosition>2014-09-19</gml:timePosition>
</lfSpanFr>
<devDate gml:id="K14_4677011889_2-2">
<gml:timePosition>2025-02-26</gml:timePosition>
</devDate>
<orgGILvl>25000</orgGILvl>
<loc>
<gml:Curve gml:id="K14_4677011889_2-g" srsName="fguuid:jgd2011.bl">
<gml:segments>
<gml:LineStringSegment>
<gml:posList>
33.033233897 129.923922011
33.033220642 129.923961600
</gml:posList>
</gml:LineStringSegment>
</gml:segments>
</gml:Curve>
</loc>
<type>その他</type>
</Cstline>
<Cstline gml:id="K14_4677011889_3">
<fid>46770-11889-s-148</fid>
<lfSpanFr gml:id="K14_4677011889_3-1">
<gml:timePosition>2014-09-19</gml:timePosition>
</lfSpanFr>
<devDate gml:id="K14_4677011889_3-2">
<gml:timePosition>2025-02-26</gml:timePosition>
</devDate>
<orgGILvl>25000</orgGILvl>
<loc>
<gml:Curve gml:id="K14_4677011889_3-g" srsName="fguuid:jgd2011.bl">
<gml:segments>
<gml:LineStringSegment>
<gml:posList>
33.033333333 129.923540911
33.033247536 129.923837392
33.033233897 129.923922011
</gml:posList>
</gml:LineStringSegment>
</gml:segments>
</gml:Curve>
</loc>
<type>海岸線</type>
</Cstline>
<Cstline gml:id="K14_4677011889_4">
<fid>46770-11889-s-149</fid>
<lfSpanFr gml:id="K14_4677011889_4-1">
<gml:timePosition>2014-09-19</gml:timePosition>
</lfSpanFr>
<devDate gml:id="K14_4677011889_4-2">
<gml:timePosition>2025-02-26</gml:timePosition>
</devDate>
<orgGILvl>25000</orgGILvl>
<loc>
<gml:Curve gml:id="K14_4677011889_4-g" srsName="fguuid:jgd2011.bl">
<gml:segments>
<gml:LineStringSegment>
<gml:posList>
33.033220642 129.923961600
33.033176836 129.924026940
33.032019361 129.925000000
</gml:posList>
</gml:LineStringSegment>
</gml:segments>
</gml:Curve>
</loc>
<type>海岸線</type>
</Cstline>
<Cstline gml:id="K14_4677011889_5">
<fid>46770-11889-s-168</fid>
<lfSpanFr gml:id="K14_4677011889_5-1">
<gml:timePosition>2014-09-19</gml:timePosition>
</lfSpanFr>
<devDate gml:id="K14_4677011889_5-2">
<gml:timePosition>2025-02-26</gml:timePosition>
</devDate>
<orgGILvl>25000</orgGILvl>
<loc>
<gml:Curve gml:id="K14_4677011889_5-g" srsName="fguuid:jgd2011.bl">
<gml:segments>
<gml:LineStringSegment>
<gml:posList>
33.032101667 129.917787778
33.032263889 129.917636389
33.032219444 129.917574167
33.032045278 129.917728333
33.032101667 129.917787778
</gml:posList>
</gml:LineStringSegment>
</gml:segments>
</gml:Curve>
</loc>
<type>海岸線</type>
</Cstline>
<Cstline gml:id="K14_4677011889_6">
<fid>46770-11889-s-169</fid>
<lfSpanFr gml:id="K14_4677011889_6-1">
<gml:timePosition>2014-09-19</gml:timePosition>
</lfSpanFr>
<devDate gml:id="K14_4677011889_6-2">
<gml:timePosition>2025-02-26</gml:timePosition>
</devDate>
<orgGILvl>25000</orgGILvl>
<loc>
<gml:Curve gml:id="K14_4677011889_6-g" srsName="fguuid:jgd2011.bl">
<gml:segments>
<gml:LineStringSegment>
<gml:posList>
33.032471890 129.917613268
33.032587723 129.918000893
33.032701161 129.918380506
</gml:posList>
</gml:LineStringSegment>
</gml:segments>
</gml:Curve>
</loc>
<type>その他</type>
</Cstline>
<Cstline gml:id="K14_4677011889_7">
<fid>46770-11889-s-170</fid>
<lfSpanFr gml:id="K14_4677011889_7-1">
<gml:timePosition>2014-09-19</gml:timePosition>
</lfSpanFr>
<devDate gml:id="K14_4677011889_7-2">
<gml:timePosition>2025-02-26</gml:timePosition>
</devDate>
<orgGILvl>25000</orgGILvl>
<loc>
<gml:Curve gml:id="K14_4677011889_7-g" srsName="fguuid:jgd2011.bl">
<gml:segments>
<gml:LineStringSegment>
<gml:posList>
33.031892778 129.918109444
33.031858889 129.918109444
33.031853333 129.918116111
33.031853333 129.918122778
33.031847778 129.918129444
33.031847778 129.918136111
33.031841944 129.918142778
33.031841944 129.918149444
33.031847778 129.918156111
33.031847778 129.918162778
33.031853333 129.918169444
33.031858889 129.918169444
33.031864444 129.918162778
33.031870278 129.918162778
33.031875833 129.918156111
33.031881389 129.918156111
33.031887222 129.918149444
33.031887222 129.918142778
33.031892778 129.918109444
</gml:posList>
</gml:LineStringSegment>
</gml:segments>
</gml:Curve>
</loc>
<type>海岸線</type>
</Cstline>
<Cstline gml:id="K14_4677011889_8">
<fid>46770-11889-s-171</fid>
<lfSpanFr gml:id="K14_4677011889_8-1">
<gml:timePosition>2014-09-19</gml:timePosition>
</lfSpanFr>
<devDate gml:id="K14_4677011889_8-2">
<gml:timePosition>2025-02-26</gml:timePosition>
</devDate>
<orgGILvl>25000</orgGILvl>
<loc>
<gml:Curve gml:id="K14_4677011889_8-g" srsName="fguuid:jgd2011.bl">
<gml:segments>
<gml:LineStringSegment>
<gml:posList>
33.032174722 129.918356944
33.032084444 129.918303333
33.032067500 129.918336944
33.032135278 129.918383611
33.032157778 129.918383611
33.032174722 129.918356944
</gml:posList>
</gml:LineStringSegment>
</gml:segments>
</gml:Curve>
</loc>
<type>海岸線</type>
</Cstline>
<Cstline gml:id="K14_4677011889_9">
<fid>46770-11889-s-172</fid>
<lfSpanFr gml:id="K14_4677011889_9-1">
<gml:timePosition>2014-09-19</gml:timePosition>
</lfSpanFr>
<devDate gml:id="K14_4677011889_9-2">
<gml:timePosition>2025-02-26</gml:timePosition>
</devDate>
<orgGILvl>25000</orgGILvl>
<loc>
<gml:Curve gml:id="K14_4677011889_9-g" srsName="fguuid:jgd2011.bl">
<gml:segments>
<gml:LineStringSegment>
<gml:posList>
33.032701161 129.918380506
33.032690921 129.918610884
33.032721111 129.918751667
33.032956731 129.918926881
33.033228059 129.919220263
33.033256323 129.919227248
33.033292132 129.919221755
</gml:posList>
</gml:LineStringSegment>
</gml:segments>
</gml:Curve>
</loc>
<type>海岸線</type>
</Cstline>
<Cstline gml:id="K14_4677011889_10">
<fid>46770-11889-s-173</fid>
<lfSpanFr gml:id="K14_4677011889_10-1">
<gml:timePosition>2014-09-19</gml:timePosition>
</lfSpanFr>
<devDate gml:id="K14_4677011889_10-2">
<gml:timePosition>2025-02-26</gml:timePosition>
</devDate>
<orgGILvl>25000</orgGILvl>
<loc>
<gml:Curve gml:id="K14_4677011889_10-g" srsName="fguuid:jgd2011.bl">
<gml:segments>
<gml:LineStringSegment>
<gml:posList>
33.033292132 129.919221755
33.033318869 129.919259403
33.033333333 129.919279770
</gml:posList>
</gml:LineStringSegment>
</gml:segments>
</gml:Curve>
</loc>
<type>その他</type>
</Cstline>
<Cstline gml:id="K14_4677011892_1">
<fid>46770-11892-s-1228</fid>
<lfSpanFr gml:id="K14_4677011892_1-1">
<gml:timePosition>2014-09-19</gml:timePosition>
</lfSpanFr>
<devDate gml:id="K14_4677011892_1-2">
<gml:timePosition>2025-02-26</gml:timePosition>
</devDate>
<orgGILvl>25000</orgGILvl>
<loc>
<gml:Curve gml:id="K14_4677011892_1-g" srsName="fguuid:jgd2011.bl">
<gml:segments>
<gml:LineStringSegment>
<gml:posList>
33.033556139 129.917304917
33.033535000 129.917318056
33.033532222 129.917320278
</gml:posList>
</gml:LineStringSegment>
</gml:segments>
</gml:Curve>
</loc>
<type>海岸線</type>
</Cstline>
<Cstline gml:id="K14_4677011892_2">
<fid>46770-11892-s-1229</fid>
<lfSpanFr gml:id="K14_4677011892_2-1">
<gml:timePosition>2014-09-19</gml:timePosition>
</lfSpanFr>
<devDate gml:id="K14_4677011892_2-2">
<gml:timePosition>2025-02-26</gml:timePosition>
</devDate>
<orgGILvl>25000</orgGILvl>
<loc>
<gml:Curve gml:id="K14_4677011892_2-g" srsName="fguuid:jgd2011.bl">
<gml:segments>
<gml:LineStringSegment>
<gml:posList>
33.033532222 129.917320278
33.033346944 129.917366667
33.033333333 129.917367083
</gml:posList>
</gml:LineStringSegment>
</gml:segments>
</gml:Curve>
</loc>
<type>海岸線</type>
</Cstline>
<Cstline gml:id="K14_4677011892_3">
<fid>46770-11892-s-1230</fid>
<lfSpanFr gml:id="K14_4677011892_3-1">
<gml:timePosition>2014-09-19</gml:timePosition>
</lfSpanFr>
<devDate gml:id="K14_4677011892_3-2">
<gml:timePosition>2025-02-26</gml:timePosition>
</devDate>
<orgGILvl>25000</orgGILvl>
<loc>
<gml:Curve gml:id="K14_4677011892_3-g" srsName="fguuid:jgd2011.bl">
<gml:segments>
<gml:LineStringSegment>
<gml:posList>
33.033333333 129.919279770
33.033352687 129.919307022
</gml:posList>
</gml:LineStringSegment>
</gml:segments>
</gml:Curve>
</loc>
<type>その他</type>
</Cstline>
<Cstline gml:id="K14_4677011892_4">
<fid>46770-11892-s-1971</fid>
<lfSpanFr gml:id="K14_4677011892_4-1">
<gml:timePosition>2014-09-19</gml:timePosition>
</lfSpanFr>
<devDate gml:id="K14_4677011892_4-2">
<gml:timePosition>2025-02-26</gml:timePosition>
</devDate>
<orgGILvl>25000</orgGILvl>
<loc>
<gml:Curve gml:id="K14_4677011892_4-g" srsName="fguuid:jgd2011.bl">
<gml:segments>
<gml:LineStringSegment>
<gml:posList>
33.034224333 129.916666667
33.034215278 129.916684167
33.034068611 129.916898333
33.033758611 129.917179167
33.033556139 129.917304917
</gml:posList>
</gml:LineStringSegment>
</gml:segments>
</gml:Curve>
</loc>
<type>海岸線</type>
</Cstline>
<Cstline gml:id="K14_4677011892_5">
<fid>46770-11892-s-1972</fid>
<lfSpanFr gml:id="K14_4677011892_5-1">
<gml:timePosition>2014-09-19</gml:timePosition>
</lfSpanFr>
<devDate gml:id="K14_4677011892_5-2">
<gml:timePosition>2025-02-26</gml:timePosition>
</devDate>
<orgGILvl>25000</orgGILvl>
<loc>
<gml:Curve gml:id="K14_4677011892_5-g" srsName="fguuid:jgd2011.bl">
<gml:segments>
<gml:LineStringSegment>
<gml:posList>
33.033563489 129.922767925
33.033526365 129.922810238
33.033434839 129.923190147
33.033333333 129.923540911
</gml:posList>
</gml:LineStringSegment>
</gml:segments>
</gml:Curve>
</loc>
<type>海岸線</type>
</Cstline>
<Cstline gml:id="K14_4677011892_6">
<fid>46770-11892-s-2220</fid>
<lfSpanFr gml:id="K14_4677011892_6-1">
<gml:timePosition>2014-09-19</gml:timePosition>
</lfSpanFr>
<devDate gml:id="K14_4677011892_6-2">
<gml:timePosition>2025-02-26</gml:timePosition>
</devDate>
<orgGILvl>25000</orgGILvl>
<loc>
<gml:Curve gml:id="K14_4677011892_6-g" srsName="fguuid:jgd2011.bl">
<gml:segments>
<gml:LineStringSegment>
<gml:posList>
33.033352687 129.919307022
33.033338577 129.919351872
33.033343466 129.919386435
33.033616667 129.919987925
33.033831883 129.920698651
33.033862872 129.920913970
33.033824834 129.921279485
33.033781546 129.921529521
33.033667808 129.922186480
33.033639122 129.922356925
33.033557783 129.922692841
33.033573250 129.922702828
</gml:posList>
</gml:LineStringSegment>
</gml:segments>
</gml:Curve>
</loc>
<type>海岸線</type>
</Cstline>
<Cstline gml:id="K14_4677011892_7">
<fid>46770-11892-s-2221</fid>
<lfSpanFr gml:id="K14_4677011892_7-1">
<gml:timePosition>2014-09-19</gml:timePosition>
</lfSpanFr>
<devDate gml:id="K14_4677011892_7-2">
<gml:timePosition>2025-02-26</gml:timePosition>
</devDate>
<orgGILvl>25000</orgGILvl>
<loc>
<gml:Curve gml:id="K14_4677011892_7-g" srsName="fguuid:jgd2011.bl">
<gml:segments>
<gml:LineStringSegment>
<gml:posList>
33.033573250 129.922702828
33.033568389 129.922735243
33.033563489 129.922767925
</gml:posList>
</gml:LineStringSegment>
</gml:segments>
</gml:Curve>
</loc>
<type>その他</type>
</Cstline>
<Cstline gml:id="K14_4677311886_1">
<fid>46773-11886-s-9</fid>
<lfSpanFr gml:id="K14_4677311886_1-1">
<gml:timePosition>2013-12-10</gml:timePosition>
</lfSpanFr>
<devDate gml:id="K14_4677311886_1-2">
<gml:timePosition>2025-02-26</gml:timePosition>
</devDate>
<orgGILvl>25000</orgGILvl>
<loc>
<gml:Curve gml:id="K14_4677311886_1-g" srsName="fguuid:jgd2011.bl">
<gml:segments>
<gml:LineStringSegment>
<gml:posList>
33.025000000 129.933122167
33.024601778 129.932971361
33.024576667 129.933052972
33.024984250 129.933196917
33.025000000 129.933146861
</gml:posList>
</gml:LineStringSegment>
</gml:segments>
</gml:Curve>
</loc>
<type>海岸線</type>
</Cstline>
<Cstline gml:id="K14_4677311889_1">
<fid>46773-11889-s-666</fid>
<lfSpanFr gml:id="K14_4677311889_1-1">
<gml:timePosition>2014-09-19</gml:timePosition>
</lfSpanFr>
<devDate gml:id="K14_4677311889_1-2">
<gml:timePosition>2025-02-26</gml:timePosition>
</devDate>
<orgGILvl>25000</orgGILvl>
<loc>
<gml:Curve gml:id="K14_4677311889_1-g" srsName="fguuid:jgd2011.bl">
<gml:segments>
<gml:LineStringSegment>
<gml:posList>
33.031019167 129.925696389
33.031013611 129.925682778
33.031002222 129.925696389
33.030951389 129.925669444
33.030872500 129.925669444
33.030861389 129.925682778
33.030776667 129.925716389
33.030709167 129.925770000
33.030697778 129.925830000
33.030635833 129.925890278
33.030613333 129.926004167
33.030616306 129.926066306
</gml:posList>
</gml:LineStringSegment>
</gml:segments>
</gml:Curve>
</loc>
<type>海岸線</type>
</Cstline>
<Cstline gml:id="K14_4677311889_2">
<fid>46773-11889-s-844</fid>
<lfSpanFr gml:id="K14_4677311889_2-1">
<gml:timePosition>2014-09-19</gml:timePosition>
</lfSpanFr>
<devDate gml:id="K14_4677311889_2-2">
<gml:timePosition>2025-02-26</gml:timePosition>
</devDate>
<orgGILvl>25000</orgGILvl>
<loc>
<gml:Curve gml:id="K14_4677311889_2-g" srsName="fguuid:jgd2011.bl">
<gml:segments>
<gml:LineStringSegment>
<gml:posList>
33.032019361 129.925000000
33.031047222 129.925696389
33.031019167 129.925696389
</gml:posList>
</gml:LineStringSegment>
</gml:segments>
</gml:Curve>
</loc>
<type>海岸線</type>
</Cstline>
<Cstline gml:id="K14_4677311889_3">
<fid>46773-11889-s-845</fid>
<lfSpanFr gml:id="K14_4677311889_3-1">
<gml:timePosition>2014-09-19</gml:timePosition>
</lfSpanFr>
<devDate gml:id="K14_4677311889_3-2">
<gml:timePosition>2025-02-26</gml:timePosition>
</devDate>
<orgGILvl>25000</orgGILvl>
<loc>
<gml:Curve gml:id="K14_4677311889_3-g" srsName="fguuid:jgd2011.bl">
<gml:segments>
<gml:LineStringSegment>
<gml:posList>
33.027505417 129.930065639
33.027371944 129.930560278
33.027265000 129.930908333
33.027095833 129.931302778
33.027039444 129.931429722
33.026977222 129.931543611
33.026609983 129.932371571
</gml:posList>
</gml:LineStringSegment>
</gml:segments>
</gml:Curve>
</loc>
<type>海岸線</type>
</Cstline>
<Cstline gml:id="K14_4677311889_4">
<fid>46773-11889-s-846</fid>
<lfSpanFr gml:id="K14_4677311889_4-1">
<gml:timePosition>2014-09-19</gml:timePosition>
</lfSpanFr>
<devDate gml:id="K14_4677311889_4-2">
<gml:timePosition>2025-02-26</gml:timePosition>
</devDate>
<orgGILvl>25000</orgGILvl>
<loc>
<gml:Curve gml:id="K14_4677311889_4-g" srsName="fguuid:jgd2011.bl">
<gml:segments>
<gml:LineStringSegment>
<gml:posList>
33.029127000 129.927425722
33.028363889 129.928338889
33.028123028 129.928700361
</gml:posList>
</gml:LineStringSegment>
</gml:segments>
</gml:Curve>
</loc>
<type>海岸線</type>
</Cstline>
<Cstline gml:id="K14_4677311889_5">
<fid>46773-11889-s-847</fid>
<lfSpanFr gml:id="K14_4677311889_5-1">
<gml:timePosition>2014-09-19</gml:timePosition>
</lfSpanFr>
<devDate gml:id="K14_4677311889_5-2">
<gml:timePosition>2025-02-26</gml:timePosition>
</devDate>
<orgGILvl>25000</orgGILvl>
<loc>
<gml:Curve gml:id="K14_4677311889_5-g" srsName="fguuid:jgd2011.bl">
<gml:segments>
<gml:LineStringSegment>
<gml:posList>
33.030616306 129.926066306
33.030616488 129.926130566
33.030367432 129.926352113
</gml:posList>
</gml:LineStringSegment>
</gml:segments>
</gml:Curve>
</loc>
<type>海岸線</type>
</Cstline>
<Cstline gml:id="K14_4677311889_6">
<fid>46773-11889-s-848</fid>
<lfSpanFr gml:id="K14_4677311889_6-1">
<gml:timePosition>2014-09-19</gml:timePosition>
</lfSpanFr>
<devDate gml:id="K14_4677311889_6-2">
<gml:timePosition>2025-02-26</gml:timePosition>
</devDate>
<orgGILvl>25000</orgGILvl>
<loc>
<gml:Curve gml:id="K14_4677311889_6-g" srsName="fguuid:jgd2011.bl">
<gml:segments>
<gml:LineStringSegment>
<gml:posList>
33.030316710 129.926401627
33.029815417 129.926767194
</gml:posList>
</gml:LineStringSegment>
</gml:segments>
</gml:Curve>
</loc>
<type>海岸線</type>
</Cstline>
<Cstline gml:id="K14_4677311889_7">
<fid>46773-11889-s-931</fid>
<lfSpanFr gml:id="K14_4677311889_7-1">
<gml:timePosition>2014-09-19</gml:timePosition>
</lfSpanFr>
<devDate gml:id="K14_4677311889_7-2">
<gml:timePosition>2025-02-26</gml:timePosition>
</devDate>
<orgGILvl>25000</orgGILvl>
<loc>
<gml:Curve gml:id="K14_4677311889_7-g" srsName="fguuid:jgd2011.bl">
<gml:segments>
<gml:LineStringSegment>
<gml:posList>
33.030367432 129.926352113
33.030345455 129.926373566
33.030316710 129.926401627
</gml:posList>
</gml:LineStringSegment>
</gml:segments>
</gml:Curve>
</loc>
<type>その他</type>
</Cstline>
<Cstline gml:id="K14_4677311889_8">
<fid>46773-11889-s-932</fid>
<lfSpanFr gml:id="K14_4677311889_8-1">
<gml:timePosition>2014-09-19</gml:timePosition>
</lfSpanFr>
<devDate gml:id="K14_4677311889_8-2">
<gml:timePosition>2025-02-26</gml:timePosition>
</devDate>
<orgGILvl>25000</orgGILvl>
<loc>
<gml:Curve gml:id="K14_4677311889_8-g" srsName="fguuid:jgd2011.bl">
<gml:segments>
<gml:LineStringSegment>
<gml:posList>
33.029815417 129.926767194
33.029728333 129.926733333
33.029638056 129.926786944
33.029615556 129.926860556
33.029570556 129.926840556
33.029531111 129.926867222
33.029452222 129.926954167
33.029418333 129.927007778
33.029412778 129.927061111
33.029373056 129.927041111
33.029356389 129.927061111
33.029305556 129.927148056
33.029232222 129.927214722
33.029237778 129.927248333
33.029181389 129.927268333
33.029181389 129.927301944
33.029170278 129.927315278
33.029170278 129.927341944
33.029127000 129.927425722
</gml:posList>
</gml:LineStringSegment>
</gml:segments>
</gml:Curve>
</loc>
<type>海岸線</type>
</Cstline>
<Cstline gml:id="K14_4677311889_9">
<fid>46773-11889-s-933</fid>
<lfSpanFr gml:id="K14_4677311889_9-1">
<gml:timePosition>2014-09-19</gml:timePosition>
</lfSpanFr>
<devDate gml:id="K14_4677311889_9-2">
<gml:timePosition>2025-02-26</gml:timePosition>
</devDate>
<orgGILvl>25000</orgGILvl>
<loc>
<gml:Curve gml:id="K14_4677311889_9-g" srsName="fguuid:jgd2011.bl">
<gml:segments>
<gml:LineStringSegment>
<gml:posList>
33.028123028 129.928700361
33.028009167 129.928666667
33.027935833 129.928720278
33.027879444 129.928787222
33.027806111 129.928793889
33.027732778 129.928874167
33.027721667 129.928914444
33.027698889 129.928981111
33.027659444 129.929014722
33.027631389 129.929121667
33.027625833 129.929248889
33.027603056 129.929329167
33.027591944 129.929483056
33.027546667 129.929543333
33.027530000 129.929703889
33.027484722 129.929770833
33.027462222 129.929924722
33.027473611 129.929951389
33.027505417 129.930065639
</gml:posList>
</gml:LineStringSegment>
</gml:segments>
</gml:Curve>
</loc>
<type>海岸線</type>
</Cstline>
<Cstline gml:id="K14_4677311889_10">
<fid>46773-11889-s-934</fid>
<lfSpanFr gml:id="K14_4677311889_10-1">
<gml:timePosition>2014-09-19</gml:timePosition>
</lfSpanFr>
<devDate gml:id="K14_4677311889_10-2">
<gml:timePosition>2025-02-26</gml:timePosition>
</devDate>
<orgGILvl>25000</orgGILvl>
<loc>
<gml:Curve gml:id="K14_4677311889_10-g" srsName="fguuid:jgd2011.bl">
<gml:segments>
<gml:LineStringSegment>
<gml:posList>
33.026609983 129.932371571
33.026589039 129.932396231
33.026566115 129.932423221
</gml:posList>
</gml:LineStringSegment>
</gml:segments>
</gml:Curve>
</loc>
<type>その他</type>
</Cstline>
<Cstline gml:id="K14_4677311889_11">
<fid>46773-11889-s-935</fid>
<lfSpanFr gml:id="K14_4677311889_11-1">
<gml:timePosition>2014-09-19</gml:timePosition>
</lfSpanFr>
<devDate gml:id="K14_4677311889_11-2">
<gml:timePosition>2025-02-26</gml:timePosition>
</devDate>
<orgGILvl>25000</orgGILvl>
<loc>
<gml:Curve gml:id="K14_4677311889_11-g" srsName="fguuid:jgd2011.bl">
<gml:segments>
<gml:LineStringSegment>
<gml:posList>
33.025000000 129.933146861
33.025006944 129.933124806
33.025000000 129.933122167
</gml:posList>
</gml:LineStringSegment>
</gml:segments>
</gml:Curve>
</loc>
<type>海岸線</type>
</Cstline>
<Cstline gml:id="K14_4677311889_12">
<fid>46773-11889-s-936</fid>
<lfSpanFr gml:id="K14_4677311889_12-1">
<gml:timePosition>2014-09-19</gml:timePosition>
</lfSpanFr>
<devDate gml:id="K14_4677311889_12-2">
<gml:timePosition>2025-02-26</gml:timePosition>
</devDate>
<orgGILvl>25000</orgGILvl>
<loc>
<gml:Curve gml:id="K14_4677311889_12-g" srsName="fguuid:jgd2011.bl">
<gml:segments>
<gml:LineStringSegment>
<gml:posList>
33.026566115 129.932423221
33.026282762 129.932750465
33.025845853 129.933186683
33.025698288 129.933327510
33.025690037 129.933333333
</gml:posList>
</gml:LineStringSegment>
</gml:segments>
</gml:Curve>
</loc>
<type>海岸線</type>
</Cstline>
<Cstline gml:id="K14_4677611886_1">
<fid>46776-11886-s-1306</fid>
<lfSpanFr gml:id="K14_4677611886_1-1">
<gml:timePosition>2014-09-19</gml:timePosition>
</lfSpanFr>
<devDate gml:id="K14_4677611886_1-2">
<gml:timePosition>2025-02-26</gml:timePosition>
</devDate>
<orgGILvl>25000</orgGILvl>
<loc>
<gml:Curve gml:id="K14_4677611886_1-g" srsName="fguuid:jgd2011.bl">
<gml:segments>
<gml:LineStringSegment>
<gml:posList>
33.023491724 129.935410558
33.023304305 129.935397551
33.023112268 129.935384223
</gml:posList>
</gml:LineStringSegment>
</gml:segments>
</gml:Curve>
</loc>
<type>その他</type>
</Cstline>
<Cstline gml:id="K14_4677611886_2">
<fid>46776-11886-s-1307</fid>
<lfSpanFr gml:id="K14_4677611886_2-1">
<gml:timePosition>2014-09-19</gml:timePosition>
</lfSpanFr>
<devDate gml:id="K14_4677611886_2-2">
<gml:timePosition>2025-02-26</gml:timePosition>
</devDate>
<orgGILvl>25000</orgGILvl>
<loc>
<gml:Curve gml:id="K14_4677611886_2-g" srsName="fguuid:jgd2011.bl">
<gml:segments>
<gml:LineStringSegment>
<gml:posList>
33.023112268 129.935384223
33.023078222 129.935137306
33.023056194 129.934559139
33.022984417 129.934564389
33.023009111 129.935131306
33.022996944 129.935204694
33.022930000 129.935444444
33.022890556 129.935471111
33.022061944 129.935899444
33.021842222 129.936013056
33.021813889 129.936033333
33.021780000 129.936053333
33.021137500 129.936963056
33.020060833 129.938541944
33.019745274 129.938805494
33.019525278 129.939063889
33.019519444 129.939090556
33.019096667 129.940388333
33.019080694 129.940418833
</gml:posList>
</gml:LineStringSegment>
</gml:segments>
</gml:Curve>
</loc>
<type>海岸線</type>
</Cstline>
<Cstline gml:id="K14_4677611886_3">
<fid>46776-11886-s-1308</fid>
<lfSpanFr gml:id="K14_4677611886_3-1">
<gml:timePosition>2014-09-19</gml:timePosition>
</lfSpanFr>
<devDate gml:id="K14_4677611886_3-2">
<gml:timePosition>2025-02-26</gml:timePosition>
</devDate>
<orgGILvl>25000</orgGILvl>
<loc>
<gml:Curve gml:id="K14_4677611886_3-g" srsName="fguuid:jgd2011.bl">
<gml:segments>
<gml:LineStringSegment>
<gml:posList>
33.019080694 129.940418833
33.019068611 129.940441944
33.019040278 129.940441944
33.019023333 129.940428611
33.019006389 129.940428611
33.018888056 129.940482222
33.018854167 129.940549167
33.018809167 129.940535556
33.018673889 129.940575833
33.018623056 129.940642778
33.018595000 129.940642778
33.018572500 129.940669444
33.018533056 129.940642778
33.018386667 129.940816667
33.018341667 129.940850000
33.018251389 129.941010833
33.018234444 129.941131111
33.018178056 129.941318611
33.018195000 129.941378611
33.018155556 129.941438889
33.018144167 129.941566111
33.018112306 129.941666667
</gml:posList>
</gml:LineStringSegment>
</gml:segments>
</gml:Curve>
</loc>
<type>海岸線</type>
</Cstline>
<Cstline gml:id="K14_4677611886_4">
<fid>46776-11886-s-1369</fid>
<lfSpanFr gml:id="K14_4677611886_4-1">
<gml:timePosition>2018-10-03</gml:timePosition>
</lfSpanFr>
<devDate gml:id="K14_4677611886_4-2">
<gml:timePosition>2025-02-26</gml:timePosition>
</devDate>
<orgGILvl>25000</orgGILvl>
<loc>
<gml:Curve gml:id="K14_4677611886_4-g" srsName="fguuid:jgd2011.bl">
<gml:segments>
<gml:LineStringSegment>
<gml:posList>
33.025000000 129.933834333
33.024874722 129.933912222
33.024786889 129.933962806
33.024715056 129.933731361
33.024647194 129.933760583
33.024711250 129.933959028
33.024264389 129.934158750
33.024238611 129.934082111
</gml:posList>
</gml:LineStringSegment>
</gml:segments>
</gml:Curve>
</loc>
<type>海岸線</type>
</Cstline>
<Cstline gml:id="K14_4677611886_5">
<fid>46776-11886-s-1370</fid>
<lfSpanFr gml:id="K14_4677611886_5-1">
<gml:timePosition>2018-10-03</gml:timePosition>
</lfSpanFr>
<devDate gml:id="K14_4677611886_5-2">
<gml:timePosition>2025-02-26</gml:timePosition>
</devDate>
<orgGILvl>25000</orgGILvl>
<loc>
<gml:Curve gml:id="K14_4677611886_5-g" srsName="fguuid:jgd2011.bl">
<gml:segments>
<gml:LineStringSegment>
<gml:posList>
33.024238611 129.934082111
33.023916167 129.934202000
</gml:posList>
</gml:LineStringSegment>
</gml:segments>
</gml:Curve>
</loc>
<type>海岸線</type>
</Cstline>
<Cstline gml:id="K14_4677611886_6">
<fid>46776-11886-s-1371</fid>
<lfSpanFr gml:id="K14_4677611886_6-1">
<gml:timePosition>2018-10-03</gml:timePosition>
</lfSpanFr>
<devDate gml:id="K14_4677611886_6-2">
<gml:timePosition>2025-02-26</gml:timePosition>
</devDate>
<orgGILvl>25000</orgGILvl>
<loc>
<gml:Curve gml:id="K14_4677611886_6-g" srsName="fguuid:jgd2011.bl">
<gml:segments>
<gml:LineStringSegment>
<gml:posList>
33.023916167 129.934202000
33.023849028 129.933912583
33.024673944 129.933439694
33.024638639 129.933366361
33.023771972 129.933871583
33.023858861 129.934274917
33.023868139 129.934356000
33.023631361 129.934437472
33.023651222 129.934514833
33.023888889 129.934432639
33.023893889 129.934494167
33.023882778 129.934547778
33.023871389 129.934588056
33.023801250 129.934755639
33.023603889 129.934734861
33.023458194 129.934322250
33.023390083 129.934352667
33.023536944 129.934769278
33.023516389 129.934909167
33.023491724 129.935410558
</gml:posList>
</gml:LineStringSegment>
</gml:segments>
</gml:Curve>
</loc>
<type>海岸線</type>
</Cstline>
<Cstline gml:id="K14_4677611889_1">
<fid>46776-11889-s-1450</fid>
<lfSpanFr gml:id="K14_4677611889_1-1">
<gml:timePosition>2014-09-19</gml:timePosition>
</lfSpanFr>
<devDate gml:id="K14_4677611889_1-2">
<gml:timePosition>2025-02-26</gml:timePosition>
</devDate>
<orgGILvl>25000</orgGILvl>
<loc>
<gml:Curve gml:id="K14_4677611889_1-g" srsName="fguuid:jgd2011.bl">
<gml:segments>
<gml:LineStringSegment>
<gml:posList>
33.025690037 129.933333333
33.025591231 129.933403075
33.025534444 129.933463889
33.025404722 129.933584444
33.025403583 129.933585250
33.025172750 129.933726917
33.025000000 129.933834333
</gml:posList>
</gml:LineStringSegment>
</gml:segments>
</gml:Curve>
</loc>
<type>海岸線</type>
</Cstline>
<Cstline gml:id="K14_4677911880_1">
<fid>46779-11880-s-782</fid>
<lfSpanFr gml:id="K14_4677911880_1-1">
<gml:timePosition>2014-09-19</gml:timePosition>
</lfSpanFr>
<devDate gml:id="K14_4677911880_1-2">
<gml:timePosition>2025-02-26</gml:timePosition>
</devDate>
<orgGILvl>25000</orgGILvl>
<loc>
<gml:Curve gml:id="K14_4677911880_1-g" srsName="fguuid:jgd2011.bl">
<gml:segments>
<gml:LineStringSegment>
<gml:posList>
33.007209611 129.946952972
33.007207778 129.946965556
</gml:posList>
</gml:LineStringSegment>
</gml:segments>
</gml:Curve>
</loc>
<type>海岸線</type>
</Cstline>
<Cstline gml:id="K14_4677911880_2">
<fid>46779-11880-s-783</fid>
<lfSpanFr gml:id="K14_4677911880_2-1">
<gml:timePosition>2014-09-19</gml:timePosition>
</lfSpanFr>
<devDate gml:id="K14_4677911880_2-2">
<gml:timePosition>2025-02-26</gml:timePosition>
</devDate>
<orgGILvl>25000</orgGILvl>
<loc>
<gml:Curve gml:id="K14_4677911880_2-g" srsName="fguuid:jgd2011.bl">
<gml:segments>
<gml:LineStringSegment>
<gml:posList>
33.006964541 129.946043316
33.006920965 129.946026469
33.006855725 129.946021742
33.006698473 129.946011437
33.006663141 129.945975671
33.006626509 129.945836548
33.006648488 129.945710467
</gml:posList>
</gml:LineStringSegment>
</gml:segments>
</gml:Curve>
</loc>
<type>海岸線</type>
</Cstline>
<Cstline gml:id="K14_4677911880_3">
<fid>46779-11880-s-784</fid>
<lfSpanFr gml:id="K14_4677911880_3-1">
<gml:timePosition>2014-09-19</gml:timePosition>
</lfSpanFr>
<devDate gml:id="K14_4677911880_3-2">
<gml:timePosition>2025-02-26</gml:timePosition>
</devDate>
<orgGILvl>25000</orgGILvl>
<loc>
<gml:Curve gml:id="K14_4677911880_3-g" srsName="fguuid:jgd2011.bl">
<gml:segments>
<gml:LineStringSegment>
<gml:posList>
33.007207778 129.946965556
33.007123333 129.946938889
33.007050833 129.946896389
33.007019607 129.946768123
33.007036972 129.946565462
33.007064467 129.946455545
33.007135374 129.946318148
33.007167451 129.946220540
33.007143333 129.946118638
33.007099073 129.946091544
</gml:posList>
</gml:LineStringSegment>
</gml:segments>
</gml:Curve>
</loc>
<type>海岸線</type>
</Cstline>
<Cstline gml:id="K14_4677911880_4">
<fid>46779-11880-s-1075</fid>
<lfSpanFr gml:id="K14_4677911880_4-1">
<gml:timePosition>2014-09-19</gml:timePosition>
</lfSpanFr>
<devDate gml:id="K14_4677911880_4-2">
<gml:timePosition>2025-02-26</gml:timePosition>
</devDate>
<orgGILvl>25000</orgGILvl>
<loc>
<gml:Curve gml:id="K14_4677911880_4-g" srsName="fguuid:jgd2011.bl">
<gml:segments>
<gml:LineStringSegment>
<gml:posList>
33.004590167 129.944428722
33.004580833 129.944483611
33.004546944 129.944516944
33.004541389 129.944537222
33.004524444 129.944557222
33.004378056 129.944757778
33.004304722 129.944831389
33.004259444 129.944878333
33.004197500 129.945058889
33.004107222 129.945573889
33.004050833 129.945701111
33.003881667 129.945901667
33.003870556 129.945901667
33.003842222 129.945928611
33.003789875 129.945973026
</gml:posList>
</gml:LineStringSegment>
</gml:segments>
</gml:Curve>
</loc>
<type>海岸線</type>
</Cstline>
<Cstline gml:id="K14_4677911880_5">
<fid>46779-11880-s-1076</fid>
<lfSpanFr gml:id="K14_4677911880_5-1">
<gml:timePosition>2014-09-19</gml:timePosition>
</lfSpanFr>
<devDate gml:id="K14_4677911880_5-2">
<gml:timePosition>2025-02-26</gml:timePosition>
</devDate>
<orgGILvl>25000</orgGILvl>
<loc>
<gml:Curve gml:id="K14_4677911880_5-g" srsName="fguuid:jgd2011.bl">
<gml:segments>
<gml:LineStringSegment>
<gml:posList>
33.008333333 129.945628472
33.007932522 129.946257678
</gml:posList>
</gml:LineStringSegment>
</gml:segments>
</gml:Curve>
</loc>
<type>海岸線</type>
</Cstline>
<Cstline gml:id="K14_4677911880_6">
<fid>46779-11880-s-1077</fid>
<lfSpanFr gml:id="K14_4677911880_6-1">
<gml:timePosition>2014-09-19</gml:timePosition>
</lfSpanFr>
<devDate gml:id="K14_4677911880_6-2">
<gml:timePosition>2025-02-26</gml:timePosition>
</devDate>
<orgGILvl>25000</orgGILvl>
<loc>
<gml:Curve gml:id="K14_4677911880_6-g" srsName="fguuid:jgd2011.bl">
<gml:segments>
<gml:LineStringSegment>
<gml:posList>
33.002595467 129.946352966
33.002469071 129.946261332
</gml:posList>
</gml:LineStringSegment>
</gml:segments>
</gml:Curve>
</loc>
<type>その他</type>
</Cstline>
<Cstline gml:id="K14_4677911880_7">
<fid>46779-11880-s-1078</fid>
<lfSpanFr gml:id="K14_4677911880_7-1">
<gml:timePosition>2014-09-19</gml:timePosition>
</lfSpanFr>
<devDate gml:id="K14_4677911880_7-2">
<gml:timePosition>2025-02-26</gml:timePosition>
</devDate>
<orgGILvl>25000</orgGILvl>
<loc>
<gml:Curve gml:id="K14_4677911880_7-g" srsName="fguuid:jgd2011.bl">
<gml:segments>
<gml:LineStringSegment>
<gml:posList>
33.002469071 129.946261332
33.001427581 129.945470350
33.000792778 129.945049444
33.000785778 129.945043944
</gml:posList>
</gml:LineStringSegment>
</gml:segments>
</gml:Curve>
</loc>
<type>海岸線</type>
</Cstline>
<Cstline gml:id="K14_4677911880_8">
<fid>46779-11880-s-1079</fid>
<lfSpanFr gml:id="K14_4677911880_8-1">
<gml:timePosition>2014-09-19</gml:timePosition>
</lfSpanFr>
<devDate gml:id="K14_4677911880_8-2">
<gml:timePosition>2025-02-26</gml:timePosition>
</devDate>
<orgGILvl>25000</orgGILvl>
<loc>
<gml:Curve gml:id="K14_4677911880_8-g" srsName="fguuid:jgd2011.bl">
<gml:segments>
<gml:LineStringSegment>
<gml:posList>
33.007932522 129.946257678
33.007895474 129.946357110
</gml:posList>
</gml:LineStringSegment>
</gml:segments>
</gml:Curve>
</loc>
<type>その他</type>
</Cstline>
<Cstline gml:id="K14_4677911880_9">
<fid>46779-11880-s-1080</fid>
<lfSpanFr gml:id="K14_4677911880_9-1">
<gml:timePosition>2014-09-19</gml:timePosition>
</lfSpanFr>
<devDate gml:id="K14_4677911880_9-2">
<gml:timePosition>2025-02-26</gml:timePosition>
</devDate>
<orgGILvl>25000</orgGILvl>
<loc>
<gml:Curve gml:id="K14_4677911880_9-g" srsName="fguuid:jgd2011.bl">
<gml:segments>
<gml:LineStringSegment>
<gml:posList>
33.007895474 129.946357110
33.007209611 129.946952972
</gml:posList>
</gml:LineStringSegment>
</gml:segments>
</gml:Curve>
</loc>
<type>海岸線</type>
</Cstline>
<Cstline gml:id="K14_4677911880_10">
<fid>46779-11880-s-1312</fid>
<lfSpanFr gml:id="K14_4677911880_10-1">
<gml:timePosition>2014-09-19</gml:timePosition>
</lfSpanFr>
<devDate gml:id="K14_4677911880_10-2">
<gml:timePosition>2025-02-26</gml:timePosition>
</devDate>
<orgGILvl>25000</orgGILvl>
<loc>
<gml:Curve gml:id="K14_4677911880_10-g" srsName="fguuid:jgd2011.bl">
<gml:segments>
<gml:LineStringSegment>
<gml:posList>
33.000785778 129.945043944
33.000741944 129.945009444
33.000736389 129.944969444
33.000702500 129.944942500
33.000629167 129.944902500
33.000572778 129.944902500
33.000555833 129.944848889
33.000488333 129.944775556
33.000431944 129.944768889
33.000415000 129.944715278
33.000341667 129.944641667
33.000268333 129.944635000
33.000251389 129.944595000
33.000178333 129.944521389
33.000116111 129.944521389
33.000065556 129.944427778
33.000000000 129.944386722
</gml:posList>
</gml:LineStringSegment>
</gml:segments>
</gml:Curve>
</loc>
<type>海岸線</type>
</Cstline>
<Cstline gml:id="K14_4677911880_11">
<fid>46779-11880-s-1313</fid>
<lfSpanFr gml:id="K14_4677911880_11-1">
<gml:timePosition>2014-09-19</gml:timePosition>
</lfSpanFr>
<devDate gml:id="K14_4677911880_11-2">
<gml:timePosition>2025-02-26</gml:timePosition>
</devDate>
<orgGILvl>25000</orgGILvl>
<loc>
<gml:Curve gml:id="K14_4677911880_11-g" srsName="fguuid:jgd2011.bl">
<gml:segments>
<gml:LineStringSegment>
<gml:posList>
33.007099073 129.946091544
33.007032776 129.946067777
33.006964541 129.946043316
</gml:posList>
</gml:LineStringSegment>
</gml:segments>
</gml:Curve>
</loc>
<type>その他</type>
</Cstline>
<Cstline gml:id="K14_4677911880_12">
<fid>46779-11880-s-1314</fid>
<lfSpanFr gml:id="K14_4677911880_12-1">
<gml:timePosition>2014-09-19</gml:timePosition>
</lfSpanFr>
<devDate gml:id="K14_4677911880_12-2">
<gml:timePosition>2025-02-26</gml:timePosition>
</devDate>
<orgGILvl>25000</orgGILvl>
<loc>
<gml:Curve gml:id="K14_4677911880_12-g" srsName="fguuid:jgd2011.bl">
<gml:segments>
<gml:LineStringSegment>
<gml:posList>
33.003789875 129.945973026
33.003537937 129.946114202
33.003041569 129.946392348
</gml:posList>
</gml:LineStringSegment>
</gml:segments>
</gml:Curve>
</loc>
<type>その他</type>
</Cstline>
<Cstline gml:id="K14_4677911880_13">
<fid>46779-11880-s-1315</fid>
<lfSpanFr gml:id="K14_4677911880_13-1">
<gml:timePosition>2014-09-19</gml:timePosition>
</lfSpanFr>
<devDate gml:id="K14_4677911880_13-2">
<gml:timePosition>2025-02-26</gml:timePosition>
</devDate>
<orgGILvl>25000</orgGILvl>
<loc>
<gml:Curve gml:id="K14_4677911880_13-g" srsName="fguuid:jgd2011.bl">
<gml:segments>
<gml:LineStringSegment>
<gml:posList>
33.003041569 129.946392348
33.003023589 129.946385390
33.003004533 129.946387966
33.002956667 129.946454722
33.002946111 129.946479722
33.002881768 129.946558609
33.002595467 129.946352966
</gml:posList>
</gml:LineStringSegment>
</gml:segments>
</gml:Curve>
</loc>
<type>海岸線</type>
</Cstline>
<Cstline gml:id="K14_4677911880_14">
<fid>46779-11880-s-1389</fid>
<lfSpanFr gml:id="K14_4677911880_14-1">
<gml:timePosition>2015-07-10</gml:timePosition>
</lfSpanFr>
<devDate gml:id="K14_4677911880_14-2">
<gml:timePosition>2025-02-26</gml:timePosition>
</devDate>
<orgGILvl>25000</orgGILvl>
<loc>
<gml:Curve gml:id="K14_4677911880_14-g" srsName="fguuid:jgd2011.bl">
<gml:segments>
<gml:LineStringSegment>
<gml:posList>
33.006648488 129.945710467
33.006688783 129.945553953
33.006743731 129.945332225
33.006740678 129.945088035
33.006813942 129.944908334
33.006838363 129.944792398
33.006863191 129.944451838
33.006863191 129.944343632
33.006892497 129.944256681
33.006897381 129.944216103
33.006877844 129.944190984
33.006822489 129.944094372
33.006793184 129.944069252
33.006724805 129.943957182
33.006662938 129.943918537
33.006607583 129.943856705
33.006487106 129.943885689
33.006356859 129.943910808
33.006189167 129.943895350
33.006052308 129.943950386
</gml:posList>
</gml:LineStringSegment>
</gml:segments>
</gml:Curve>
</loc>
<type>海岸線</type>
</Cstline>
<Cstline gml:id="K14_4677911880_15">
<fid>46779-11880-s-1390</fid>
<lfSpanFr gml:id="K14_4677911880_15-1">
<gml:timePosition>2015-07-10</gml:timePosition>
</lfSpanFr>
<devDate gml:id="K14_4677911880_15-2">
<gml:timePosition>2025-02-26</gml:timePosition>
</devDate>
<orgGILvl>25000</orgGILvl>
<loc>
<gml:Curve gml:id="K14_4677911880_15-g" srsName="fguuid:jgd2011.bl">
<gml:segments>
<gml:LineStringSegment>
<gml:posList>
33.006052308 129.943950386
33.006040833 129.943955000
33.006001389 129.943988333
33.005950556 129.943948333
33.005832222 129.943948333
33.005781389 129.943961667
33.005764444 129.943961667
33.005741944 129.943975000
33.005708056 129.943961667
33.005527778 129.943941667
33.005482778 129.943961667
33.005431944 129.943935000
33.005324722 129.943935000
33.005257222 129.943921667
33.005228889 129.943955000
33.005217778 129.943955000
33.005206389 129.943968333
33.005155556 129.943975000
33.005037500 129.943955000
33.005020556 129.943968333
33.004992500 129.943955000
33.004981111 129.943968333
33.004936111 129.943968333
33.004913611 129.943955000
33.004907778 129.943955000
33.004874167 129.943961667
33.004840278 129.943975000
33.004783889 129.943981667
33.004733056 129.943981667
33.004688056 129.944001944
33.004705000 129.944048611
33.004693611 129.944061944
33.004693611 129.944068611
33.004626111 129.944108889
33.004575278 129.944189167
33.004569722 129.944269444
33.004592222 129.944343056
</gml:posList>
</gml:LineStringSegment>
</gml:segments>
</gml:Curve>
</loc>
<type>海岸線</type>
</Cstline>
<Cstline gml:id="K14_4677911880_16">
<fid>46779-11880-s-1391</fid>
<lfSpanFr gml:id="K14_4677911880_16-1">
<gml:timePosition>2015-07-10</gml:timePosition>
</lfSpanFr>
<devDate gml:id="K14_4677911880_16-2">
<gml:timePosition>2025-02-26</gml:timePosition>
</devDate>
<orgGILvl>25000</orgGILvl>
<loc>
<gml:Curve gml:id="K14_4677911880_16-g" srsName="fguuid:jgd2011.bl">
<gml:segments>
<gml:LineStringSegment>
<gml:posList>
33.004592222 129.944343056
33.004592222 129.944416667
33.004590167 129.944428722
</gml:posList>
</gml:LineStringSegment>
</gml:segments>
</gml:Curve>
</loc>
<type>海岸線</type>
</Cstline>
<Cstline gml:id="K14_4677911880_17">
<fid>46779-11880-s-1409</fid>
<lfSpanFr gml:id="K14_4677911880_17-1">
<gml:timePosition>2020-02-17</gml:timePosition>
</lfSpanFr>
<devDate gml:id="K14_4677911880_17-2">
<gml:timePosition>2025-02-26</gml:timePosition>
</devDate>
<orgGILvl>25000</orgGILvl>
<loc>
<gml:Curve gml:id="K14_4677911880_17-g" srsName="fguuid:jgd2011.bl">
<gml:segments>
<gml:LineStringSegment>
<gml:posList>
33.002940145 129.946124993
33.002431494 129.945674377
33.002404241 129.945717704
33.002912892 129.946168321
33.002940145 129.946124993
</gml:posList>
</gml:LineStringSegment>
</gml:segments>
</gml:Curve>
</loc>
<type>海岸線</type>
</Cstline>
<Cstline gml:id="K14_4677911883_1">
<fid>46779-11883-s-666</fid>
<lfSpanFr gml:id="K14_4677911883_1-1">
<gml:timePosition>2014-09-19</gml:timePosition>
</lfSpanFr>
<devDate gml:id="K14_4677911883_1-2">
<gml:timePosition>2025-02-26</gml:timePosition>
</devDate>
<orgGILvl>25000</orgGILvl>
<loc>
<gml:Curve gml:id="K14_4677911883_1-g" srsName="fguuid:jgd2011.bl">
<gml:segments>
<gml:LineStringSegment>
<gml:posList>
33.009362889 129.944675306
33.009310556 129.944650556
33.009214722 129.944650556
33.009169444 129.944657222
33.009141389 129.944704167
33.009107500 129.944670556
33.008972222 129.944697500
33.008938333 129.944737500
33.008921389 129.944777778
33.008893333 129.944777778
33.008763611 129.944891389
33.008752222 129.944931667
33.008741111 129.944938333
33.008696111 129.944971667
33.008633889 129.945138889
33.008613917 129.945287639
</gml:posList>
</gml:LineStringSegment>
</gml:segments>
</gml:Curve>
</loc>
<type>海岸線</type>
</Cstline>
<Cstline gml:id="K14_4677911883_2">
<fid>46779-11883-s-990</fid>
<lfSpanFr gml:id="K14_4677911883_2-1">
<gml:timePosition>2014-09-19</gml:timePosition>
</lfSpanFr>
<devDate gml:id="K14_4677911883_2-2">
<gml:timePosition>2025-02-26</gml:timePosition>
</devDate>
<orgGILvl>25000</orgGILvl>
<loc>
<gml:Curve gml:id="K14_4677911883_2-g" srsName="fguuid:jgd2011.bl">
<gml:segments>
<gml:LineStringSegment>
<gml:posList>
33.016666667 129.944068389
33.016413611 129.944449722
33.016126111 129.944844444
33.015844167 129.945178889
33.015585000 129.945426389
33.015335301 129.945604221
33.015228818 129.945698916
</gml:posList>
</gml:LineStringSegment>
</gml:segments>
</gml:Curve>
</loc>
<type>海岸線</type>
</Cstline>
<Cstline gml:id="K14_4677911883_3">
<fid>46779-11883-s-991</fid>
<lfSpanFr gml:id="K14_4677911883_3-1">
<gml:timePosition>2014-09-19</gml:timePosition>
</lfSpanFr>
<devDate gml:id="K14_4677911883_3-2">
<gml:timePosition>2025-02-26</gml:timePosition>
</devDate>
<orgGILvl>25000</orgGILvl>
<loc>
<gml:Curve gml:id="K14_4677911883_3-g" srsName="fguuid:jgd2011.bl">
<gml:segments>
<gml:LineStringSegment>
<gml:posList>
33.008613917 129.945287639
33.008611389 129.945306389
33.008333333 129.945628472
</gml:posList>
</gml:LineStringSegment>
</gml:segments>
</gml:Curve>
</loc>
<type>海岸線</type>
</Cstline>
<Cstline gml:id="K14_4677911883_4">
<fid>46779-11883-s-992</fid>
<lfSpanFr gml:id="K14_4677911883_4-1">
<gml:timePosition>2014-09-19</gml:timePosition>
</lfSpanFr>
<devDate gml:id="K14_4677911883_4-2">
<gml:timePosition>2025-02-26</gml:timePosition>
</devDate>
<orgGILvl>25000</orgGILvl>
<loc>
<gml:Curve gml:id="K14_4677911883_4-g" srsName="fguuid:jgd2011.bl">
<gml:segments>
<gml:LineStringSegment>
<gml:posList>
33.015166707 129.945728712
33.015119024 129.945745001
33.014995611 129.945720083
</gml:posList>
</gml:LineStringSegment>
</gml:segments>
</gml:Curve>
</loc>
<type>海岸線</type>
</Cstline>
<Cstline gml:id="K14_4677911883_5">
<fid>46779-11883-s-993</fid>
<lfSpanFr gml:id="K14_4677911883_5-1">
<gml:timePosition>2014-09-19</gml:timePosition>
</lfSpanFr>
<devDate gml:id="K14_4677911883_5-2">
<gml:timePosition>2025-02-26</gml:timePosition>
</devDate>
<orgGILvl>25000</orgGILvl>
<loc>
<gml:Curve gml:id="K14_4677911883_5-g" srsName="fguuid:jgd2011.bl">
<gml:segments>
<gml:LineStringSegment>
<gml:posList>
33.015228818 129.945698916
33.015166707 129.945728712
</gml:posList>
</gml:LineStringSegment>
</gml:segments>
</gml:Curve>
</loc>
<type>その他</type>
</Cstline>
<Cstline gml:id="K14_4677911883_6">
<fid>46779-11883-s-1140</fid>
<lfSpanFr gml:id="K14_4677911883_6-1">
<gml:timePosition>2014-09-19</gml:timePosition>
</lfSpanFr>
<devDate gml:id="K14_4677911883_6-2">
<gml:timePosition>2025-02-26</gml:timePosition>
</devDate>
<orgGILvl>25000</orgGILvl>
<loc>
<gml:Curve gml:id="K14_4677911883_6-g" srsName="fguuid:jgd2011.bl">
<gml:segments>
<gml:LineStringSegment>
<gml:posList>
33.014055694 129.945777500
33.013916389 129.945740833
33.013696389 129.945680833
33.013487778 129.945593889
33.012907222 129.945286111
33.012428056 129.945051944
33.011875556 129.944771111
33.011407500 129.944556944
33.011131389 129.944476667
33.010708611 129.944403056
33.010663889 129.944404722
33.010268889 129.944416389
33.010049167 129.944443056
33.009772778 129.944523333
33.009366944 129.944677222
33.009362889 129.944675306
</gml:posList>
</gml:LineStringSegment>
</gml:segments>
</gml:Curve>
</loc>
<type>海岸線</type>
</Cstline>
<Cstline gml:id="K14_4677911883_7">
<fid>46779-11883-s-1141</fid>
<lfSpanFr gml:id="K14_4677911883_7-1">
<gml:timePosition>2014-09-19</gml:timePosition>
</lfSpanFr>
<devDate gml:id="K14_4677911883_7-2">
<gml:timePosition>2025-02-26</gml:timePosition>
</devDate>
<orgGILvl>25000</orgGILvl>
<loc>
<gml:Curve gml:id="K14_4677911883_7-g" srsName="fguuid:jgd2011.bl">
<gml:segments>
<gml:LineStringSegment>
<gml:posList>
33.014995611 129.945720083
33.014987222 129.945720833
33.014953333 129.945653889
33.014891389 129.945620556
33.014756111 129.945580278
33.014711111 129.945546944
33.014643333 129.945546944
33.014575833 129.945533611
33.014480000 129.945513333
33.014434722 129.945506667
33.014344444 129.945546944
33.014271389 129.945560278
33.014248611 129.945600278
33.014237500 129.945647222
33.014186944 129.945660556
33.014136111 129.945673889
33.014125000 129.945673889
33.014102500 129.945700833
33.014068611 129.945774444
33.014055694 129.945777500
</gml:posList>
</gml:LineStringSegment>
</gml:segments>
</gml:Curve>
</loc>
<type>海岸線</type>
</Cstline>
<Cstline gml:id="K14_4677911886_1">
<fid>46779-11886-s-1181</fid>
<lfSpanFr gml:id="K14_4677911886_1-1">
<gml:timePosition>2014-09-19</gml:timePosition>
</lfSpanFr>
<devDate gml:id="K14_4677911886_1-2">
<gml:timePosition>2025-02-26</gml:timePosition>
</devDate>
<orgGILvl>25000</orgGILvl>
<loc>
<gml:Curve gml:id="K14_4677911886_1-g" srsName="fguuid:jgd2011.bl">
<gml:segments>
<gml:LineStringSegment>
<gml:posList>
33.018112306 129.941666667
33.018110278 129.941673056
33.018121667 129.941693056
33.018149722 129.941746667
33.018162694 129.941792639
</gml:posList>
</gml:LineStringSegment>
</gml:segments>
</gml:Curve>
</loc>
<type>海岸線</type>
</Cstline>
<Cstline gml:id="K14_4677911886_2">
<fid>46779-11886-s-1539</fid>
<lfSpanFr gml:id="K14_4677911886_2-1">
<gml:timePosition>2014-09-19</gml:timePosition>
</lfSpanFr>
<devDate gml:id="K14_4677911886_2-2">
<gml:timePosition>2025-02-26</gml:timePosition>
</devDate>
<orgGILvl>25000</orgGILvl>
<loc>
<gml:Curve gml:id="K14_4677911886_2-g" srsName="fguuid:jgd2011.bl">
<gml:segments>
<gml:LineStringSegment>
<gml:posList>
33.018162694 129.941792639
33.016666667 129.944068389
</gml:posList>
</gml:LineStringSegment>
</gml:segments>
</gml:Curve>
</loc>
<type>海岸線</type>
</Cstline>
</Dataset>
