<?xml version="1.0" encoding="utf-8"?>
<Dataset xsi:schemaLocation="http://fgd.gsi.go.jp/spec/2008/FGD_GMLSchema FGD_GMLSchema.xsd"
	xmlns:gml="http://www.opengis.net/gml/3.2"
	xmlns:xsi="http://www.w3.org/2001/XMLSchema-instance"
	xmlns:xlink="http://www.w3.org/1999/xlink"
	xmlns="http://fgd.gsi.go.jp/spec/2008/FGD_GMLSchema"
	gml:id="Dataset1">
  <gml:description>基盤地図情報メタデータ ID=fmdid:25-0331</gml:description>
  <gml:name>基盤地図情報ダウンロードデータ（GML版）</gml:name>
<ElevPt gml:id="K2_4675511907_1">
<fid>46755-11907-i-536</fid>
<lfSpanFr gml:id="K2_4675511907_1-1">
<gml:timePosition>2020-12-08</gml:timePosition>
</lfSpanFr>
<devDate gml:id="K2_4675511907_1-2">
<gml:timePosition>2025-02-26</gml:timePosition>
</devDate>
<orgGILvl>25000</orgGILvl>
<vis>表示</vis>
<pos>
<gml:Point gml:id="K2_4675511907_1-g" srsName="fguuid:jgd2011.bl">
<gml:pos>33.078609722 129.878102778</gml:pos>
</gml:Point>
</pos>
<type>標高点（測点）</type>
<alti>151</alti>
</ElevPt>
<ElevPt gml:id="K2_4675811904_1">
<fid>46758-11904-i-101</fid>
<lfSpanFr gml:id="K2_4675811904_1-1">
<gml:timePosition>2014-09-19</gml:timePosition>
</lfSpanFr>
<devDate gml:id="K2_4675811904_1-2">
<gml:timePosition>2025-02-26</gml:timePosition>
</devDate>
<orgGILvl>25000</orgGILvl>
<vis>表示</vis>
<pos>
<gml:Point gml:id="K2_4675811904_1-g" srsName="fguuid:jgd2011.bl">
<gml:pos>33.069084167 129.884650833</gml:pos>
</gml:Point>
</pos>
<type>標高点（測点）</type>
<alti>24</alti>
</ElevPt>
<ElevPt gml:id="K2_4675811907_1">
<fid>46758-11907-i-67</fid>
<lfSpanFr gml:id="K2_4675811907_1-1">
<gml:timePosition>2017-03-16</gml:timePosition>
</lfSpanFr>
<devDate gml:id="K2_4675811907_1-2">
<gml:timePosition>2025-02-26</gml:timePosition>
</devDate>
<orgGILvl>25000</orgGILvl>
<vis>表示</vis>
<pos>
<gml:Point gml:id="K2_4675811907_1-g" srsName="fguuid:jgd2011.bl">
<gml:pos>33.077138056 129.888998333</gml:pos>
</gml:Point>
</pos>
<type>標高点（測点）</type>
<alti>261</alti>
</ElevPt>
<ElevPt gml:id="K2_4676111898_1">
<fid>46761-11898-i-352</fid>
<lfSpanFr gml:id="K2_4676111898_1-1">
<gml:timePosition>2020-12-08</gml:timePosition>
</lfSpanFr>
<devDate gml:id="K2_4676111898_1-2">
<gml:timePosition>2025-02-26</gml:timePosition>
</devDate>
<orgGILvl>25000</orgGILvl>
<vis>表示</vis>
<pos>
<gml:Point gml:id="K2_4676111898_1-g" srsName="fguuid:jgd2011.bl">
<gml:pos>33.051721944 129.898009444</gml:pos>
</gml:Point>
</pos>
<type>標高点（測点）</type>
<alti>31</alti>
</ElevPt>
<ElevPt gml:id="K2_4676111898_2">
<fid>46761-11898-i-533</fid>
<lfSpanFr gml:id="K2_4676111898_2-1">
<gml:timePosition>2020-12-08</gml:timePosition>
</lfSpanFr>
<devDate gml:id="K2_4676111898_2-2">
<gml:timePosition>2025-02-26</gml:timePosition>
</devDate>
<orgGILvl>25000</orgGILvl>
<vis>非表示</vis>
<pos>
<gml:Point gml:id="K2_4676111898_2-g" srsName="fguuid:jgd2011.bl">
<gml:pos>33.057504444 129.892863889</gml:pos>
</gml:Point>
</pos>
<type>標高点（測点）</type>
<alti>5</alti>
</ElevPt>
<ElevPt gml:id="K2_4676111901_1">
<fid>46761-11901-i-221</fid>
<lfSpanFr gml:id="K2_4676111901_1-1">
<gml:timePosition>2020-12-08</gml:timePosition>
</lfSpanFr>
<devDate gml:id="K2_4676111901_1-2">
<gml:timePosition>2025-02-26</gml:timePosition>
</devDate>
<orgGILvl>25000</orgGILvl>
<vis>表示</vis>
<pos>
<gml:Point gml:id="K2_4676111901_1-g" srsName="fguuid:jgd2011.bl">
<gml:pos>33.065997222 129.892865833</gml:pos>
</gml:Point>
</pos>
<type>標高点（測点）</type>
<alti>48</alti>
</ElevPt>
<ElevPt gml:id="K2_4676111907_1">
<fid>46761-11907-i-238</fid>
<lfSpanFr gml:id="K2_4676111907_1-1">
<gml:timePosition>2020-12-08</gml:timePosition>
</lfSpanFr>
<devDate gml:id="K2_4676111907_1-2">
<gml:timePosition>2025-02-26</gml:timePosition>
</devDate>
<orgGILvl>25000</orgGILvl>
<vis>表示</vis>
<pos>
<gml:Point gml:id="K2_4676111907_1-g" srsName="fguuid:jgd2011.bl">
<gml:pos>33.075313056 129.899327222</gml:pos>
</gml:Point>
</pos>
<type>標高点（測点）</type>
<alti>326</alti>
</ElevPt>
<ElevPt gml:id="K2_4676411901_1">
<fid>46764-11901-i-29</fid>
<lfSpanFr gml:id="K2_4676411901_1-1">
<gml:timePosition>2014-09-19</gml:timePosition>
</lfSpanFr>
<devDate gml:id="K2_4676411901_1-2">
<gml:timePosition>2025-02-26</gml:timePosition>
</devDate>
<orgGILvl>25000</orgGILvl>
<vis>表示</vis>
<pos>
<gml:Point gml:id="K2_4676411901_1-g" srsName="fguuid:jgd2011.bl">
<gml:pos>33.058361111 129.904315556</gml:pos>
</gml:Point>
</pos>
<type>標高点（測点）</type>
<alti>203</alti>
</ElevPt>
<ElevPt gml:id="K2_4676411907_1">
<fid>46764-11907-i-65</fid>
<lfSpanFr gml:id="K2_4676411907_1-1">
<gml:timePosition>2017-03-16</gml:timePosition>
</lfSpanFr>
<devDate gml:id="K2_4676411907_1-2">
<gml:timePosition>2025-02-26</gml:timePosition>
</devDate>
<orgGILvl>25000</orgGILvl>
<vis>表示</vis>
<pos>
<gml:Point gml:id="K2_4676411907_1-g" srsName="fguuid:jgd2011.bl">
<gml:pos>33.080856111 129.900659167</gml:pos>
</gml:Point>
</pos>
<type>標高点（測点）</type>
<alti>89</alti>
</ElevPt>
<ElevPt gml:id="K2_4676711895_1">
<fid>46767-11895-i-340</fid>
<lfSpanFr gml:id="K2_4676711895_1-1">
<gml:timePosition>2020-12-08</gml:timePosition>
</lfSpanFr>
<devDate gml:id="K2_4676711895_1-2">
<gml:timePosition>2025-02-26</gml:timePosition>
</devDate>
<orgGILvl>25000</orgGILvl>
<vis>表示</vis>
<pos>
<gml:Point gml:id="K2_4676711895_1-g" srsName="fguuid:jgd2011.bl">
<gml:pos>33.049933056 129.915717500</gml:pos>
</gml:Point>
</pos>
<type>標高点（測点）</type>
<alti>224</alti>
</ElevPt>
<ElevPt gml:id="K2_4676711901_1">
<fid>46767-11901-i-1</fid>
<lfSpanFr gml:id="K2_4676711901_1-1">
<gml:timePosition>2013-12-10</gml:timePosition>
</lfSpanFr>
<devDate gml:id="K2_4676711901_1-2">
<gml:timePosition>2025-02-26</gml:timePosition>
</devDate>
<orgGILvl>25000</orgGILvl>
<vis>表示</vis>
<pos>
<gml:Point gml:id="K2_4676711901_1-g" srsName="fguuid:jgd2011.bl">
<gml:pos>33.064914167 129.909342222</gml:pos>
</gml:Point>
</pos>
<type>標高点（測点）</type>
<alti>379</alti>
</ElevPt>
<ElevPt gml:id="K2_4677011892_1">
<fid>46770-11892-i-705</fid>
<lfSpanFr gml:id="K2_4677011892_1-1">
<gml:timePosition>2020-12-08</gml:timePosition>
</lfSpanFr>
<devDate gml:id="K2_4677011892_1-2">
<gml:timePosition>2025-02-26</gml:timePosition>
</devDate>
<orgGILvl>25000</orgGILvl>
<vis>表示</vis>
<pos>
<gml:Point gml:id="K2_4677011892_1-g" srsName="fguuid:jgd2011.bl">
<gml:pos>33.040222778 129.921428056</gml:pos>
</gml:Point>
</pos>
<type>標高点（測点）</type>
<alti>9</alti>
</ElevPt>
<ElevPt gml:id="K2_4677011895_1">
<fid>46770-11895-i-451</fid>
<lfSpanFr gml:id="K2_4677011895_1-1">
<gml:timePosition>2020-12-08</gml:timePosition>
</lfSpanFr>
<devDate gml:id="K2_4677011895_1-2">
<gml:timePosition>2025-02-26</gml:timePosition>
</devDate>
<orgGILvl>25000</orgGILvl>
<vis>表示</vis>
<pos>
<gml:Point gml:id="K2_4677011895_1-g" srsName="fguuid:jgd2011.bl">
<gml:pos>33.048008889 129.923323056</gml:pos>
</gml:Point>
</pos>
<type>標高点（測点）</type>
<alti>25</alti>
</ElevPt>
<ElevPt gml:id="K2_4677011898_1">
<fid>46770-11898-i-111</fid>
<lfSpanFr gml:id="K2_4677011898_1-1">
<gml:timePosition>2014-09-19</gml:timePosition>
</lfSpanFr>
<devDate gml:id="K2_4677011898_1-2">
<gml:timePosition>2025-02-26</gml:timePosition>
</devDate>
<orgGILvl>25000</orgGILvl>
<vis>表示</vis>
<pos>
<gml:Point gml:id="K2_4677011898_1-g" srsName="fguuid:jgd2011.bl">
<gml:pos>33.055350833 129.916866667</gml:pos>
</gml:Point>
</pos>
<type>標高点（測点）</type>
<alti>88</alti>
</ElevPt>
<ElevPt gml:id="K2_4677011904_1">
<fid>46770-11904-i-146</fid>
<lfSpanFr gml:id="K2_4677011904_1-1">
<gml:timePosition>2020-12-08</gml:timePosition>
</lfSpanFr>
<devDate gml:id="K2_4677011904_1-2">
<gml:timePosition>2025-02-26</gml:timePosition>
</devDate>
<orgGILvl>25000</orgGILvl>
<vis>表示</vis>
<pos>
<gml:Point gml:id="K2_4677011904_1-g" srsName="fguuid:jgd2011.bl">
<gml:pos>33.072361389 129.918766389</gml:pos>
</gml:Point>
</pos>
<type>標高点（測点）</type>
<alti>283</alti>
</ElevPt>
<ElevPt gml:id="K2_4677311892_1">
<fid>46773-11892-i-216</fid>
<lfSpanFr gml:id="K2_4677311892_1-1">
<gml:timePosition>2014-09-19</gml:timePosition>
</lfSpanFr>
<devDate gml:id="K2_4677311892_1-2">
<gml:timePosition>2025-02-26</gml:timePosition>
</devDate>
<orgGILvl>25000</orgGILvl>
<vis>表示</vis>
<pos>
<gml:Point gml:id="K2_4677311892_1-g" srsName="fguuid:jgd2011.bl">
<gml:pos>33.034330833 129.930323889</gml:pos>
</gml:Point>
</pos>
<type>標高点（測点）</type>
<alti>126</alti>
</ElevPt>
<ElevPt gml:id="K2_4677311898_1">
<fid>46773-11898-i-372</fid>
<lfSpanFr gml:id="K2_4677311898_1-1">
<gml:timePosition>2020-12-08</gml:timePosition>
</lfSpanFr>
<devDate gml:id="K2_4677311898_1-2">
<gml:timePosition>2025-02-26</gml:timePosition>
</devDate>
<orgGILvl>25000</orgGILvl>
<vis>表示</vis>
<pos>
<gml:Point gml:id="K2_4677311898_1-g" srsName="fguuid:jgd2011.bl">
<gml:pos>33.053015000 129.930656389</gml:pos>
</gml:Point>
</pos>
<type>標高点（測点）</type>
<alti>38</alti>
</ElevPt>
<ElevPt gml:id="K2_4677311901_1">
<fid>46773-11901-i-323</fid>
<lfSpanFr gml:id="K2_4677311901_1-1">
<gml:timePosition>2020-12-08</gml:timePosition>
</lfSpanFr>
<devDate gml:id="K2_4677311901_1-2">
<gml:timePosition>2025-02-26</gml:timePosition>
</devDate>
<orgGILvl>25000</orgGILvl>
<vis>表示</vis>
<pos>
<gml:Point gml:id="K2_4677311901_1-g" srsName="fguuid:jgd2011.bl">
<gml:pos>33.060304722 129.926753889</gml:pos>
</gml:Point>
</pos>
<type>標高点（測点）</type>
<alti>51</alti>
</ElevPt>
<ElevPt gml:id="K2_4677311904_1">
<fid>46773-11904-i-315</fid>
<lfSpanFr gml:id="K2_4677311904_1-1">
<gml:timePosition>2023-02-21</gml:timePosition>
</lfSpanFr>
<devDate gml:id="K2_4677311904_1-2">
<gml:timePosition>2025-02-26</gml:timePosition>
</devDate>
<orgGILvl>25000</orgGILvl>
<vis>表示</vis>
<pos>
<gml:Point gml:id="K2_4677311904_1-g" srsName="fguuid:jgd2011.bl">
<gml:pos>33.069879444 129.927135833</gml:pos>
</gml:Point>
</pos>
<type>標高点（測点）</type>
<alti>96</alti>
</ElevPt>
<ElevPt gml:id="K2_4677311907_1">
<fid>46773-11907-i-67</fid>
<lfSpanFr gml:id="K2_4677311907_1-1">
<gml:timePosition>2020-12-08</gml:timePosition>
</lfSpanFr>
<devDate gml:id="K2_4677311907_1-2">
<gml:timePosition>2025-02-26</gml:timePosition>
</devDate>
<orgGILvl>25000</orgGILvl>
<vis>表示</vis>
<pos>
<gml:Point gml:id="K2_4677311907_1-g" srsName="fguuid:jgd2011.bl">
<gml:pos>33.075537500 129.932650000</gml:pos>
</gml:Point>
</pos>
<type>標高点（測点）</type>
<alti>193</alti>
</ElevPt>
<ElevPt gml:id="K2_4677611895_1">
<fid>46776-11895-i-346</fid>
<lfSpanFr gml:id="K2_4677611895_1-1">
<gml:timePosition>2020-12-08</gml:timePosition>
</lfSpanFr>
<devDate gml:id="K2_4677611895_1-2">
<gml:timePosition>2025-02-26</gml:timePosition>
</devDate>
<orgGILvl>25000</orgGILvl>
<vis>表示</vis>
<pos>
<gml:Point gml:id="K2_4677611895_1-g" srsName="fguuid:jgd2011.bl">
<gml:pos>33.043720556 129.939031667</gml:pos>
</gml:Point>
</pos>
<type>標高点（測点）</type>
<alti>145</alti>
</ElevPt>
<ElevPt gml:id="K2_4677611895_2">
<fid>46776-11895-i-570</fid>
<lfSpanFr gml:id="K2_4677611895_2-1">
<gml:timePosition>2020-12-08</gml:timePosition>
</lfSpanFr>
<devDate gml:id="K2_4677611895_2-2">
<gml:timePosition>2025-02-26</gml:timePosition>
</devDate>
<orgGILvl>25000</orgGILvl>
<vis>非表示</vis>
<pos>
<gml:Point gml:id="K2_4677611895_2-g" srsName="fguuid:jgd2011.bl">
<gml:pos>33.041701667 129.933551111</gml:pos>
</gml:Point>
</pos>
<type>標高点（測点）</type>
<alti>152</alti>
</ElevPt>
<ElevPt gml:id="K2_4677611901_1">
<fid>46776-11901-i-123</fid>
<lfSpanFr gml:id="K2_4677611901_1-1">
<gml:timePosition>2014-09-19</gml:timePosition>
</lfSpanFr>
<devDate gml:id="K2_4677611901_1-2">
<gml:timePosition>2025-02-26</gml:timePosition>
</devDate>
<orgGILvl>25000</orgGILvl>
<vis>表示</vis>
<pos>
<gml:Point gml:id="K2_4677611901_1-g" srsName="fguuid:jgd2011.bl">
<gml:pos>33.059002222 129.934720000</gml:pos>
</gml:Point>
</pos>
<type>標高点（測点）</type>
<alti>182</alti>
</ElevPt>
<ElevPt gml:id="K2_4677611901_2">
<fid>46776-11901-i-124</fid>
<lfSpanFr gml:id="K2_4677611901_2-1">
<gml:timePosition>2014-09-19</gml:timePosition>
</lfSpanFr>
<devDate gml:id="K2_4677611901_2-2">
<gml:timePosition>2025-02-26</gml:timePosition>
</devDate>
<orgGILvl>25000</orgGILvl>
<vis>表示</vis>
<pos>
<gml:Point gml:id="K2_4677611901_2-g" srsName="fguuid:jgd2011.bl">
<gml:pos>33.064997500 129.935972222</gml:pos>
</gml:Point>
</pos>
<type>標高点（測点）</type>
<alti>153</alti>
</ElevPt>
<ElevPt gml:id="K2_4677911880_1">
<fid>46779-11880-i-411</fid>
<lfSpanFr gml:id="K2_4677911880_1-1">
<gml:timePosition>2020-12-08</gml:timePosition>
</lfSpanFr>
<devDate gml:id="K2_4677911880_1-2">
<gml:timePosition>2025-02-26</gml:timePosition>
</devDate>
<orgGILvl>25000</orgGILvl>
<vis>表示</vis>
<pos>
<gml:Point gml:id="K2_4677911880_1-g" srsName="fguuid:jgd2011.bl">
<gml:pos>33.005189722 129.946656944</gml:pos>
</gml:Point>
</pos>
<type>標高点（測点）</type>
<alti>26</alti>
</ElevPt>
<ElevPt gml:id="K2_4677911886_1">
<fid>46779-11886-i-554</fid>
<lfSpanFr gml:id="K2_4677911886_1-1">
<gml:timePosition>2020-12-08</gml:timePosition>
</lfSpanFr>
<devDate gml:id="K2_4677911886_1-2">
<gml:timePosition>2025-02-26</gml:timePosition>
</devDate>
<orgGILvl>25000</orgGILvl>
<vis>表示</vis>
<pos>
<gml:Point gml:id="K2_4677911886_1-g" srsName="fguuid:jgd2011.bl">
<gml:pos>33.019858333 129.947001667</gml:pos>
</gml:Point>
</pos>
<type>標高点（測点）</type>
<alti>54</alti>
</ElevPt>
<ElevPt gml:id="K2_4677911889_1">
<fid>46779-11889-i-877</fid>
<lfSpanFr gml:id="K2_4677911889_1-1">
<gml:timePosition>2023-02-21</gml:timePosition>
</lfSpanFr>
<devDate gml:id="K2_4677911889_1-2">
<gml:timePosition>2025-02-26</gml:timePosition>
</devDate>
<orgGILvl>25000</orgGILvl>
<vis>表示</vis>
<pos>
<gml:Point gml:id="K2_4677911889_1-g" srsName="fguuid:jgd2011.bl">
<gml:pos>33.032206944 129.941916667</gml:pos>
</gml:Point>
</pos>
<type>標高点（測点）</type>
<alti>172</alti>
</ElevPt>
<ElevPt gml:id="K2_4677911889_2">
<fid>46779-11889-i-878</fid>
<lfSpanFr gml:id="K2_4677911889_2-1">
<gml:timePosition>2023-02-21</gml:timePosition>
</lfSpanFr>
<devDate gml:id="K2_4677911889_2-2">
<gml:timePosition>2025-02-26</gml:timePosition>
</devDate>
<orgGILvl>25000</orgGILvl>
<vis>表示</vis>
<pos>
<gml:Point gml:id="K2_4677911889_2-g" srsName="fguuid:jgd2011.bl">
<gml:pos>33.027614444 129.945146111</gml:pos>
</gml:Point>
</pos>
<type>標高点（測点）</type>
<alti>135</alti>
</ElevPt>
<ElevPt gml:id="K2_4677911889_3">
<fid>46779-11889-i-879</fid>
<lfSpanFr gml:id="K2_4677911889_3-1">
<gml:timePosition>2023-02-21</gml:timePosition>
</lfSpanFr>
<devDate gml:id="K2_4677911889_3-2">
<gml:timePosition>2025-02-26</gml:timePosition>
</devDate>
<orgGILvl>25000</orgGILvl>
<vis>表示</vis>
<pos>
<gml:Point gml:id="K2_4677911889_3-g" srsName="fguuid:jgd2011.bl">
<gml:pos>33.031836667 129.947722778</gml:pos>
</gml:Point>
</pos>
<type>標高点（測点）</type>
<alti>198</alti>
</ElevPt>
<ElevPt gml:id="K2_4677911892_1">
<fid>46779-11892-i-353</fid>
<lfSpanFr gml:id="K2_4677911892_1-1">
<gml:timePosition>2020-12-08</gml:timePosition>
</lfSpanFr>
<devDate gml:id="K2_4677911892_1-2">
<gml:timePosition>2025-02-26</gml:timePosition>
</devDate>
<orgGILvl>25000</orgGILvl>
<vis>表示</vis>
<pos>
<gml:Point gml:id="K2_4677911892_1-g" srsName="fguuid:jgd2011.bl">
<gml:pos>33.039287500 129.947147222</gml:pos>
</gml:Point>
</pos>
<type>標高点（測点）</type>
<alti>243</alti>
</ElevPt>
<ElevPt gml:id="K2_4677911898_1">
<fid>46779-11898-i-378</fid>
<lfSpanFr gml:id="K2_4677911898_1-1">
<gml:timePosition>2020-12-08</gml:timePosition>
</lfSpanFr>
<devDate gml:id="K2_4677911898_1-2">
<gml:timePosition>2025-02-26</gml:timePosition>
</devDate>
<orgGILvl>25000</orgGILvl>
<vis>表示</vis>
<pos>
<gml:Point gml:id="K2_4677911898_1-g" srsName="fguuid:jgd2011.bl">
<gml:pos>33.053330556 129.949145833</gml:pos>
</gml:Point>
</pos>
<type>標高点（測点）</type>
<alti>80</alti>
</ElevPt>
<ElevPt gml:id="K2_4677911898_2">
<fid>46779-11898-i-379</fid>
<lfSpanFr gml:id="K2_4677911898_2-1">
<gml:timePosition>2020-12-08</gml:timePosition>
</lfSpanFr>
<devDate gml:id="K2_4677911898_2-2">
<gml:timePosition>2025-02-26</gml:timePosition>
</devDate>
<orgGILvl>25000</orgGILvl>
<vis>表示</vis>
<pos>
<gml:Point gml:id="K2_4677911898_2-g" srsName="fguuid:jgd2011.bl">
<gml:pos>33.052387500 129.942526111</gml:pos>
</gml:Point>
</pos>
<type>標高点（測点）</type>
<alti>94</alti>
</ElevPt>
<ElevPt gml:id="K2_4677911907_1">
<fid>46779-11907-i-144</fid>
<lfSpanFr gml:id="K2_4677911907_1-1">
<gml:timePosition>2023-02-21</gml:timePosition>
</lfSpanFr>
<devDate gml:id="K2_4677911907_1-2">
<gml:timePosition>2025-02-26</gml:timePosition>
</devDate>
<orgGILvl>25000</orgGILvl>
<vis>表示</vis>
<pos>
<gml:Point gml:id="K2_4677911907_1-g" srsName="fguuid:jgd2011.bl">
<gml:pos>33.077728889 129.943234444</gml:pos>
</gml:Point>
</pos>
<type>標高点（測点）</type>
<alti>299</alti>
</ElevPt>
<ElevPt gml:id="K2_4678211880_1">
<fid>46782-11880-i-631</fid>
<lfSpanFr gml:id="K2_4678211880_1-1">
<gml:timePosition>2020-12-08</gml:timePosition>
</lfSpanFr>
<devDate gml:id="K2_4678211880_1-2">
<gml:timePosition>2025-02-26</gml:timePosition>
</devDate>
<orgGILvl>25000</orgGILvl>
<vis>表示</vis>
<pos>
<gml:Point gml:id="K2_4678211880_1-g" srsName="fguuid:jgd2011.bl">
<gml:pos>33.005551111 129.955649444</gml:pos>
</gml:Point>
</pos>
<type>標高点（測点）</type>
<alti>109</alti>
</ElevPt>
<ElevPt gml:id="K2_4678211883_1">
<fid>46782-11883-i-608</fid>
<lfSpanFr gml:id="K2_4678211883_1-1">
<gml:timePosition>2020-12-08</gml:timePosition>
</lfSpanFr>
<devDate gml:id="K2_4678211883_1-2">
<gml:timePosition>2025-02-26</gml:timePosition>
</devDate>
<orgGILvl>25000</orgGILvl>
<vis>表示</vis>
<pos>
<gml:Point gml:id="K2_4678211883_1-g" srsName="fguuid:jgd2011.bl">
<gml:pos>33.015090556 129.951050833</gml:pos>
</gml:Point>
</pos>
<type>標高点（測点）</type>
<alti>59</alti>
</ElevPt>
<ElevPt gml:id="K2_4678211883_2">
<fid>46782-11883-i-609</fid>
<lfSpanFr gml:id="K2_4678211883_2-1">
<gml:timePosition>2020-12-08</gml:timePosition>
</lfSpanFr>
<devDate gml:id="K2_4678211883_2-2">
<gml:timePosition>2025-02-26</gml:timePosition>
</devDate>
<orgGILvl>25000</orgGILvl>
<vis>表示</vis>
<pos>
<gml:Point gml:id="K2_4678211883_2-g" srsName="fguuid:jgd2011.bl">
<gml:pos>33.010333056 129.957139167</gml:pos>
</gml:Point>
</pos>
<type>標高点（測点）</type>
<alti>131</alti>
</ElevPt>
<ElevPt gml:id="K2_4678211886_1">
<fid>46782-11886-i-545</fid>
<lfSpanFr gml:id="K2_4678211886_1-1">
<gml:timePosition>2020-12-08</gml:timePosition>
</lfSpanFr>
<devDate gml:id="K2_4678211886_1-2">
<gml:timePosition>2025-02-26</gml:timePosition>
</devDate>
<orgGILvl>25000</orgGILvl>
<vis>表示</vis>
<pos>
<gml:Point gml:id="K2_4678211886_1-g" srsName="fguuid:jgd2011.bl">
<gml:pos>33.022494722 129.950764722</gml:pos>
</gml:Point>
</pos>
<type>標高点（測点）</type>
<alti>73</alti>
</ElevPt>
<ElevPt gml:id="K2_4678211889_1">
<fid>46782-11889-i-311</fid>
<lfSpanFr gml:id="K2_4678211889_1-1">
<gml:timePosition>2020-12-08</gml:timePosition>
</lfSpanFr>
<devDate gml:id="K2_4678211889_1-2">
<gml:timePosition>2025-02-26</gml:timePosition>
</devDate>
<orgGILvl>25000</orgGILvl>
<vis>表示</vis>
<pos>
<gml:Point gml:id="K2_4678211889_1-g" srsName="fguuid:jgd2011.bl">
<gml:pos>33.028625556 129.955214722</gml:pos>
</gml:Point>
</pos>
<type>標高点（測点）</type>
<alti>179</alti>
</ElevPt>
<ElevPt gml:id="K2_4678211892_1">
<fid>46782-11892-i-81</fid>
<lfSpanFr gml:id="K2_4678211892_1-1">
<gml:timePosition>2014-09-19</gml:timePosition>
</lfSpanFr>
<devDate gml:id="K2_4678211892_1-2">
<gml:timePosition>2025-02-26</gml:timePosition>
</devDate>
<orgGILvl>25000</orgGILvl>
<vis>表示</vis>
<pos>
<gml:Point gml:id="K2_4678211892_1-g" srsName="fguuid:jgd2011.bl">
<gml:pos>33.041070000 129.954407222</gml:pos>
</gml:Point>
</pos>
<type>標高点（測点）</type>
<alti>384</alti>
</ElevPt>
<ElevPt gml:id="K2_4678211892_2">
<fid>46782-11892-i-82</fid>
<lfSpanFr gml:id="K2_4678211892_2-1">
<gml:timePosition>2014-09-19</gml:timePosition>
</lfSpanFr>
<devDate gml:id="K2_4678211892_2-2">
<gml:timePosition>2025-02-26</gml:timePosition>
</devDate>
<orgGILvl>25000</orgGILvl>
<vis>表示</vis>
<pos>
<gml:Point gml:id="K2_4678211892_2-g" srsName="fguuid:jgd2011.bl">
<gml:pos>33.033693611 129.955894444</gml:pos>
</gml:Point>
</pos>
<type>標高点（測点）</type>
<alti>221</alti>
</ElevPt>
<ElevPt gml:id="K2_4678211901_1">
<fid>46782-11901-i-636</fid>
<lfSpanFr gml:id="K2_4678211901_1-1">
<gml:timePosition>2023-02-21</gml:timePosition>
</lfSpanFr>
<devDate gml:id="K2_4678211901_1-2">
<gml:timePosition>2025-02-26</gml:timePosition>
</devDate>
<orgGILvl>25000</orgGILvl>
<vis>表示</vis>
<pos>
<gml:Point gml:id="K2_4678211901_1-g" srsName="fguuid:jgd2011.bl">
<gml:pos>33.059740964 129.953260635</gml:pos>
</gml:Point>
</pos>
<type>標高点（測点）</type>
<alti>158</alti>
</ElevPt>
<ElevPt gml:id="K2_4678211904_1">
<fid>46782-11904-i-418</fid>
<lfSpanFr gml:id="K2_4678211904_1-1">
<gml:timePosition>2023-02-21</gml:timePosition>
</lfSpanFr>
<devDate gml:id="K2_4678211904_1-2">
<gml:timePosition>2025-02-26</gml:timePosition>
</devDate>
<orgGILvl>25000</orgGILvl>
<vis>表示</vis>
<pos>
<gml:Point gml:id="K2_4678211904_1-g" srsName="fguuid:jgd2011.bl">
<gml:pos>33.067911944 129.950121111</gml:pos>
</gml:Point>
</pos>
<type>標高点（測点）</type>
<alti>382</alti>
</ElevPt>
<ElevPt gml:id="K2_4678211907_1">
<fid>46782-11907-i-704</fid>
<lfSpanFr gml:id="K2_4678211907_1-1">
<gml:timePosition>2023-02-21</gml:timePosition>
</lfSpanFr>
<devDate gml:id="K2_4678211907_1-2">
<gml:timePosition>2025-02-26</gml:timePosition>
</devDate>
<orgGILvl>25000</orgGILvl>
<vis>表示</vis>
<pos>
<gml:Point gml:id="K2_4678211907_1-g" srsName="fguuid:jgd2011.bl">
<gml:pos>33.076797010 129.954978343</gml:pos>
</gml:Point>
</pos>
<type>標高点（測点）</type>
<alti>138</alti>
</ElevPt>
<ElevPt gml:id="K2_4678211907_2">
<fid>46782-11907-i-705</fid>
<lfSpanFr gml:id="K2_4678211907_2-1">
<gml:timePosition>2023-02-21</gml:timePosition>
</lfSpanFr>
<devDate gml:id="K2_4678211907_2-2">
<gml:timePosition>2025-02-26</gml:timePosition>
</devDate>
<orgGILvl>25000</orgGILvl>
<vis>表示</vis>
<pos>
<gml:Point gml:id="K2_4678211907_2-g" srsName="fguuid:jgd2011.bl">
<gml:pos>33.083077778 129.957656111</gml:pos>
</gml:Point>
</pos>
<type>標高点（測点）</type>
<alti>250</alti>
</ElevPt>
<ElevPt gml:id="K2_4678511880_1">
<fid>46785-11880-i-613</fid>
<lfSpanFr gml:id="K2_4678511880_1-1">
<gml:timePosition>2020-12-08</gml:timePosition>
</lfSpanFr>
<devDate gml:id="K2_4678511880_1-2">
<gml:timePosition>2025-02-26</gml:timePosition>
</devDate>
<orgGILvl>25000</orgGILvl>
<vis>表示</vis>
<pos>
<gml:Point gml:id="K2_4678511880_1-g" srsName="fguuid:jgd2011.bl">
<gml:pos>33.008293056 129.963195833</gml:pos>
</gml:Point>
</pos>
<type>標高点（測点）</type>
<alti>162</alti>
</ElevPt>
<ElevPt gml:id="K2_4678511880_2">
<fid>46785-11880-i-614</fid>
<lfSpanFr gml:id="K2_4678511880_2-1">
<gml:timePosition>2020-12-08</gml:timePosition>
</lfSpanFr>
<devDate gml:id="K2_4678511880_2-2">
<gml:timePosition>2025-02-26</gml:timePosition>
</devDate>
<orgGILvl>25000</orgGILvl>
<vis>表示</vis>
<pos>
<gml:Point gml:id="K2_4678511880_2-g" srsName="fguuid:jgd2011.bl">
<gml:pos>33.001566389 129.963920278</gml:pos>
</gml:Point>
</pos>
<type>標高点（測点）</type>
<alti>176</alti>
</ElevPt>
<ElevPt gml:id="K2_4678511886_1">
<fid>46785-11886-i-299</fid>
<lfSpanFr gml:id="K2_4678511886_1-1">
<gml:timePosition>2020-12-08</gml:timePosition>
</lfSpanFr>
<devDate gml:id="K2_4678511886_1-2">
<gml:timePosition>2025-02-26</gml:timePosition>
</devDate>
<orgGILvl>25000</orgGILvl>
<vis>表示</vis>
<pos>
<gml:Point gml:id="K2_4678511886_1-g" srsName="fguuid:jgd2011.bl">
<gml:pos>33.024656944 129.962293889</gml:pos>
</gml:Point>
</pos>
<type>標高点（測点）</type>
<alti>189</alti>
</ElevPt>
<ElevPt gml:id="K2_4678511895_1">
<fid>46785-11895-i-65</fid>
<lfSpanFr gml:id="K2_4678511895_1-1">
<gml:timePosition>2020-12-08</gml:timePosition>
</lfSpanFr>
<devDate gml:id="K2_4678511895_1-2">
<gml:timePosition>2025-02-26</gml:timePosition>
</devDate>
<orgGILvl>25000</orgGILvl>
<vis>表示</vis>
<pos>
<gml:Point gml:id="K2_4678511895_1-g" srsName="fguuid:jgd2011.bl">
<gml:pos>33.045813333 129.964203333</gml:pos>
</gml:Point>
</pos>
<type>標高点（測点）</type>
<alti>265</alti>
</ElevPt>
<ElevPt gml:id="K2_4678511901_1">
<fid>46785-11901-i-510</fid>
<lfSpanFr gml:id="K2_4678511901_1-1">
<gml:timePosition>2023-02-21</gml:timePosition>
</lfSpanFr>
<devDate gml:id="K2_4678511901_1-2">
<gml:timePosition>2025-02-26</gml:timePosition>
</devDate>
<orgGILvl>25000</orgGILvl>
<vis>表示</vis>
<pos>
<gml:Point gml:id="K2_4678511901_1-g" srsName="fguuid:jgd2011.bl">
<gml:pos>33.061842180 129.959805186</gml:pos>
</gml:Point>
</pos>
<type>標高点（測点）</type>
<alti>188</alti>
</ElevPt>
<ElevPt gml:id="K2_4678511904_1">
<fid>46785-11904-i-568</fid>
<lfSpanFr gml:id="K2_4678511904_1-1">
<gml:timePosition>2023-02-21</gml:timePosition>
</lfSpanFr>
<devDate gml:id="K2_4678511904_1-2">
<gml:timePosition>2025-02-26</gml:timePosition>
</devDate>
<orgGILvl>25000</orgGILvl>
<vis>表示</vis>
<pos>
<gml:Point gml:id="K2_4678511904_1-g" srsName="fguuid:jgd2011.bl">
<gml:pos>33.073663407 129.961408607</gml:pos>
</gml:Point>
</pos>
<type>標高点（測点）</type>
<alti>142</alti>
</ElevPt>
<ElevPt gml:id="K2_4678511907_1">
<fid>46785-11907-i-824</fid>
<lfSpanFr gml:id="K2_4678511907_1-1">
<gml:timePosition>2023-02-21</gml:timePosition>
</lfSpanFr>
<devDate gml:id="K2_4678511907_1-2">
<gml:timePosition>2025-02-26</gml:timePosition>
</devDate>
<orgGILvl>25000</orgGILvl>
<vis>表示</vis>
<pos>
<gml:Point gml:id="K2_4678511907_1-g" srsName="fguuid:jgd2011.bl">
<gml:pos>33.081771222 129.965191361</gml:pos>
</gml:Point>
</pos>
<type>標高点（測点）</type>
<alti>170</alti>
</ElevPt>
<ElevPt gml:id="K2_4678811883_1">
<fid>46788-11883-i-228</fid>
<lfSpanFr gml:id="K2_4678811883_1-1">
<gml:timePosition>2014-11-14</gml:timePosition>
</lfSpanFr>
<devDate gml:id="K2_4678811883_1-2">
<gml:timePosition>2025-02-26</gml:timePosition>
</devDate>
<orgGILvl>25000</orgGILvl>
<vis>表示</vis>
<pos>
<gml:Point gml:id="K2_4678811883_1-g" srsName="fguuid:jgd2011.bl">
<gml:pos>33.013073889 129.970421944</gml:pos>
</gml:Point>
</pos>
<type>標高点（測点）</type>
<alti>336</alti>
</ElevPt>
<ElevPt gml:id="K2_4678811886_1">
<fid>46788-11886-i-369</fid>
<lfSpanFr gml:id="K2_4678811886_1-1">
<gml:timePosition>2020-12-08</gml:timePosition>
</lfSpanFr>
<devDate gml:id="K2_4678811886_1-2">
<gml:timePosition>2025-02-26</gml:timePosition>
</devDate>
<orgGILvl>25000</orgGILvl>
<vis>表示</vis>
<pos>
<gml:Point gml:id="K2_4678811886_1-g" srsName="fguuid:jgd2011.bl">
<gml:pos>33.019472778 129.972288333</gml:pos>
</gml:Point>
</pos>
<type>標高点（測点）</type>
<alti>385</alti>
</ElevPt>
<ElevPt gml:id="K2_4678811889_1">
<fid>46788-11889-i-141</fid>
<lfSpanFr gml:id="K2_4678811889_1-1">
<gml:timePosition>2020-12-08</gml:timePosition>
</lfSpanFr>
<devDate gml:id="K2_4678811889_1-2">
<gml:timePosition>2025-02-26</gml:timePosition>
</devDate>
<orgGILvl>25000</orgGILvl>
<vis>表示</vis>
<pos>
<gml:Point gml:id="K2_4678811889_1-g" srsName="fguuid:jgd2011.bl">
<gml:pos>33.033053611 129.968686111</gml:pos>
</gml:Point>
</pos>
<type>標高点（測点）</type>
<alti>318</alti>
</ElevPt>
<ElevPt gml:id="K2_4678811895_1">
<fid>46788-11895-i-220</fid>
<lfSpanFr gml:id="K2_4678811895_1-1">
<gml:timePosition>2020-12-08</gml:timePosition>
</lfSpanFr>
<devDate gml:id="K2_4678811895_1-2">
<gml:timePosition>2025-02-26</gml:timePosition>
</devDate>
<orgGILvl>25000</orgGILvl>
<vis>表示</vis>
<pos>
<gml:Point gml:id="K2_4678811895_1-g" srsName="fguuid:jgd2011.bl">
<gml:pos>33.048054444 129.969580278</gml:pos>
</gml:Point>
</pos>
<type>標高点（測点）</type>
<alti>370</alti>
</ElevPt>
<ElevPt gml:id="K2_4678811895_2">
<fid>46788-11895-i-221</fid>
<lfSpanFr gml:id="K2_4678811895_2-1">
<gml:timePosition>2020-12-08</gml:timePosition>
</lfSpanFr>
<devDate gml:id="K2_4678811895_2-2">
<gml:timePosition>2025-02-26</gml:timePosition>
</devDate>
<orgGILvl>25000</orgGILvl>
<vis>表示</vis>
<pos>
<gml:Point gml:id="K2_4678811895_2-g" srsName="fguuid:jgd2011.bl">
<gml:pos>33.041785278 129.970445833</gml:pos>
</gml:Point>
</pos>
<type>標高点（測点）</type>
<alti>343</alti>
</ElevPt>
<ElevPt gml:id="K2_4678811901_1">
<fid>46788-11901-i-825</fid>
<lfSpanFr gml:id="K2_4678811901_1-1">
<gml:timePosition>2023-02-21</gml:timePosition>
</lfSpanFr>
<devDate gml:id="K2_4678811901_1-2">
<gml:timePosition>2025-02-26</gml:timePosition>
</devDate>
<orgGILvl>25000</orgGILvl>
<vis>表示</vis>
<pos>
<gml:Point gml:id="K2_4678811901_1-g" srsName="fguuid:jgd2011.bl">
<gml:pos>33.062091111 129.969663056</gml:pos>
</gml:Point>
</pos>
<type>標高点（測点）</type>
<alti>363</alti>
</ElevPt>
<ElevPt gml:id="K2_4678811904_1">
<fid>46788-11904-i-735</fid>
<lfSpanFr gml:id="K2_4678811904_1-1">
<gml:timePosition>2023-02-21</gml:timePosition>
</lfSpanFr>
<devDate gml:id="K2_4678811904_1-2">
<gml:timePosition>2025-02-26</gml:timePosition>
</devDate>
<orgGILvl>25000</orgGILvl>
<vis>表示</vis>
<pos>
<gml:Point gml:id="K2_4678811904_1-g" srsName="fguuid:jgd2011.bl">
<gml:pos>33.073702778 129.970026667</gml:pos>
</gml:Point>
</pos>
<type>標高点（測点）</type>
<alti>364</alti>
</ElevPt>
<ElevPt gml:id="K2_4679111880_1">
<fid>46791-11880-i-343</fid>
<lfSpanFr gml:id="K2_4679111880_1-1">
<gml:timePosition>2020-12-08</gml:timePosition>
</lfSpanFr>
<devDate gml:id="K2_4679111880_1-2">
<gml:timePosition>2025-02-26</gml:timePosition>
</devDate>
<orgGILvl>25000</orgGILvl>
<vis>表示</vis>
<pos>
<gml:Point gml:id="K2_4679111880_1-g" srsName="fguuid:jgd2011.bl">
<gml:pos>33.007454722 129.979538056</gml:pos>
</gml:Point>
</pos>
<type>標高点（測点）</type>
<alti>408</alti>
</ElevPt>
<ElevPt gml:id="K2_4679111889_1">
<fid>46791-11889-i-167</fid>
<lfSpanFr gml:id="K2_4679111889_1-1">
<gml:timePosition>2020-12-08</gml:timePosition>
</lfSpanFr>
<devDate gml:id="K2_4679111889_1-2">
<gml:timePosition>2025-02-26</gml:timePosition>
</devDate>
<orgGILvl>25000</orgGILvl>
<vis>表示</vis>
<pos>
<gml:Point gml:id="K2_4679111889_1-g" srsName="fguuid:jgd2011.bl">
<gml:pos>33.029054444 129.981710556</gml:pos>
</gml:Point>
</pos>
<type>標高点（測点）</type>
<alti>408</alti>
</ElevPt>
<ElevPt gml:id="K2_4679111892_1">
<fid>46791-11892-i-164</fid>
<lfSpanFr gml:id="K2_4679111892_1-1">
<gml:timePosition>2014-11-14</gml:timePosition>
</lfSpanFr>
<devDate gml:id="K2_4679111892_1-2">
<gml:timePosition>2025-02-26</gml:timePosition>
</devDate>
<orgGILvl>25000</orgGILvl>
<vis>表示</vis>
<pos>
<gml:Point gml:id="K2_4679111892_1-g" srsName="fguuid:jgd2011.bl">
<gml:pos>33.034359444 129.975406111</gml:pos>
</gml:Point>
</pos>
<type>標高点（測点）</type>
<alti>353</alti>
</ElevPt>
<ElevPt gml:id="K2_4679111895_1">
<fid>46791-11895-i-195</fid>
<lfSpanFr gml:id="K2_4679111895_1-1">
<gml:timePosition>2020-12-08</gml:timePosition>
</lfSpanFr>
<devDate gml:id="K2_4679111895_1-2">
<gml:timePosition>2025-02-26</gml:timePosition>
</devDate>
<orgGILvl>25000</orgGILvl>
<vis>表示</vis>
<pos>
<gml:Point gml:id="K2_4679111895_1-g" srsName="fguuid:jgd2011.bl">
<gml:pos>33.045787778 129.979135000</gml:pos>
</gml:Point>
</pos>
<type>標高点（測点）</type>
<alti>400</alti>
</ElevPt>
<ElevPt gml:id="K2_4679111898_1">
<fid>46791-11898-i-311</fid>
<lfSpanFr gml:id="K2_4679111898_1-1">
<gml:timePosition>2020-12-08</gml:timePosition>
</lfSpanFr>
<devDate gml:id="K2_4679111898_1-2">
<gml:timePosition>2025-02-26</gml:timePosition>
</devDate>
<orgGILvl>25000</orgGILvl>
<vis>表示</vis>
<pos>
<gml:Point gml:id="K2_4679111898_1-g" srsName="fguuid:jgd2011.bl">
<gml:pos>33.052575000 129.981640000</gml:pos>
</gml:Point>
</pos>
<type>標高点（測点）</type>
<alti>322</alti>
</ElevPt>
<ElevPt gml:id="K2_4679111898_2">
<fid>46791-11898-i-312</fid>
<lfSpanFr gml:id="K2_4679111898_2-1">
<gml:timePosition>2020-12-08</gml:timePosition>
</lfSpanFr>
<devDate gml:id="K2_4679111898_2-2">
<gml:timePosition>2025-02-26</gml:timePosition>
</devDate>
<orgGILvl>25000</orgGILvl>
<vis>表示</vis>
<pos>
<gml:Point gml:id="K2_4679111898_2-g" srsName="fguuid:jgd2011.bl">
<gml:pos>33.058152500 129.980003611</gml:pos>
</gml:Point>
</pos>
<type>標高点（測点）</type>
<alti>384</alti>
</ElevPt>
<ElevPt gml:id="K2_4679111904_1">
<fid>46791-11904-i-475</fid>
<lfSpanFr gml:id="K2_4679111904_1-1">
<gml:timePosition>2023-02-21</gml:timePosition>
</lfSpanFr>
<devDate gml:id="K2_4679111904_1-2">
<gml:timePosition>2025-02-26</gml:timePosition>
</devDate>
<orgGILvl>25000</orgGILvl>
<vis>表示</vis>
<pos>
<gml:Point gml:id="K2_4679111904_1-g" srsName="fguuid:jgd2011.bl">
<gml:pos>33.074785553 129.981689325</gml:pos>
</gml:Point>
</pos>
<type>標高点（測点）</type>
<alti>129</alti>
</ElevPt>
<ElevPt gml:id="K2_4679411883_1">
<fid>46794-11883-i-246</fid>
<lfSpanFr gml:id="K2_4679411883_1-1">
<gml:timePosition>2020-12-08</gml:timePosition>
</lfSpanFr>
<devDate gml:id="K2_4679411883_1-2">
<gml:timePosition>2025-02-26</gml:timePosition>
</devDate>
<orgGILvl>25000</orgGILvl>
<vis>表示</vis>
<pos>
<gml:Point gml:id="K2_4679411883_1-g" srsName="fguuid:jgd2011.bl">
<gml:pos>33.016450833 129.984173056</gml:pos>
</gml:Point>
</pos>
<type>標高点（測点）</type>
<alti>419</alti>
</ElevPt>
<ElevPt gml:id="K2_4679411892_1">
<fid>46794-11892-i-204</fid>
<lfSpanFr gml:id="K2_4679411892_1-1">
<gml:timePosition>2020-12-08</gml:timePosition>
</lfSpanFr>
<devDate gml:id="K2_4679411892_1-2">
<gml:timePosition>2025-02-26</gml:timePosition>
</devDate>
<orgGILvl>25000</orgGILvl>
<vis>表示</vis>
<pos>
<gml:Point gml:id="K2_4679411892_1-g" srsName="fguuid:jgd2011.bl">
<gml:pos>33.037131944 129.983700833</gml:pos>
</gml:Point>
</pos>
<type>標高点（測点）</type>
<alti>400</alti>
</ElevPt>
<ElevPt gml:id="K2_4679411892_2">
<fid>46794-11892-i-205</fid>
<lfSpanFr gml:id="K2_4679411892_2-1">
<gml:timePosition>2020-12-08</gml:timePosition>
</lfSpanFr>
<devDate gml:id="K2_4679411892_2-2">
<gml:timePosition>2025-02-26</gml:timePosition>
</devDate>
<orgGILvl>25000</orgGILvl>
<vis>表示</vis>
<pos>
<gml:Point gml:id="K2_4679411892_2-g" srsName="fguuid:jgd2011.bl">
<gml:pos>33.040281667 129.990110556</gml:pos>
</gml:Point>
</pos>
<type>標高点（測点）</type>
<alti>466</alti>
</ElevPt>
<ElevPt gml:id="K2_4679411901_1">
<fid>46794-11901-i-511</fid>
<lfSpanFr gml:id="K2_4679411901_1-1">
<gml:timePosition>2023-02-21</gml:timePosition>
</lfSpanFr>
<devDate gml:id="K2_4679411901_1-2">
<gml:timePosition>2025-02-26</gml:timePosition>
</devDate>
<orgGILvl>25000</orgGILvl>
<vis>表示</vis>
<pos>
<gml:Point gml:id="K2_4679411901_1-g" srsName="fguuid:jgd2011.bl">
<gml:pos>33.059845775 129.985647696</gml:pos>
</gml:Point>
</pos>
<type>標高点（測点）</type>
<alti>240</alti>
</ElevPt>
<ElevPt gml:id="K2_4679411904_1">
<fid>46794-11904-i-414</fid>
<lfSpanFr gml:id="K2_4679411904_1-1">
<gml:timePosition>2023-02-21</gml:timePosition>
</lfSpanFr>
<devDate gml:id="K2_4679411904_1-2">
<gml:timePosition>2025-02-26</gml:timePosition>
</devDate>
<orgGILvl>25000</orgGILvl>
<vis>表示</vis>
<pos>
<gml:Point gml:id="K2_4679411904_1-g" srsName="fguuid:jgd2011.bl">
<gml:pos>33.074031667 129.987941111</gml:pos>
</gml:Point>
</pos>
<type>標高点（測点）</type>
<alti>357</alti>
</ElevPt>
<ElevPt gml:id="K2_4679711886_1">
<fid>46797-11886-i-25</fid>
<lfSpanFr gml:id="K2_4679711886_1-1">
<gml:timePosition>2014-11-14</gml:timePosition>
</lfSpanFr>
<devDate gml:id="K2_4679711886_1-2">
<gml:timePosition>2025-02-26</gml:timePosition>
</devDate>
<orgGILvl>25000</orgGILvl>
<vis>表示</vis>
<pos>
<gml:Point gml:id="K2_4679711886_1-g" srsName="fguuid:jgd2011.bl">
<gml:pos>33.018958056 129.992060278</gml:pos>
</gml:Point>
</pos>
<type>標高点（測点）</type>
<alti>413</alti>
</ElevPt>
<ElevPt gml:id="K2_4679711892_1">
<fid>46797-11892-i-258</fid>
<lfSpanFr gml:id="K2_4679711892_1-1">
<gml:timePosition>2020-12-08</gml:timePosition>
</lfSpanFr>
<devDate gml:id="K2_4679711892_1-2">
<gml:timePosition>2025-02-26</gml:timePosition>
</devDate>
<orgGILvl>25000</orgGILvl>
<vis>表示</vis>
<pos>
<gml:Point gml:id="K2_4679711892_1-g" srsName="fguuid:jgd2011.bl">
<gml:pos>33.034663889 129.992782500</gml:pos>
</gml:Point>
</pos>
<type>標高点（測点）</type>
<alti>439</alti>
</ElevPt>
</Dataset>
