<?xml version="1.0" encoding="utf-8"?>
<Dataset xsi:schemaLocation="http://fgd.gsi.go.jp/spec/2008/FGD_GMLSchema FGD_GMLSchema.xsd"
	xmlns:gml="http://www.opengis.net/gml/3.2"
	xmlns:xsi="http://www.w3.org/2001/XMLSchema-instance"
	xmlns:xlink="http://www.w3.org/1999/xlink"
	xmlns="http://fgd.gsi.go.jp/spec/2008/FGD_GMLSchema"
	gml:id="Dataset1">
  <gml:description>基盤地図情報メタデータ ID=fmdid:25-0331</gml:description>
  <gml:name>基盤地図情報ダウンロードデータ（GML版）</gml:name>
<AdmPt gml:id="K6_4675511904_1">
<fid>46755-11904-i-470</fid>
<lfSpanFr gml:id="K6_4675511904_1-1">
<gml:timePosition>2020-12-08</gml:timePosition>
</lfSpanFr>
<devDate gml:id="K6_4675511904_1-2">
<gml:timePosition>2025-02-26</gml:timePosition>
</devDate>
<orgGILvl>25000</orgGILvl>
<vis>非表示</vis>
<pos>
<gml:Point gml:id="K6_4675511904_1-g" srsName="fguuid:jgd2011.bl">
<gml:pos>33.073953941 129.877201991</gml:pos>
</gml:Point>
</pos>
<type>町村・指定都市の区</type>
<name>川棚町</name>
<admCode>42322</admCode>
</AdmPt>
<AdmPt gml:id="K6_4677911892_1">
<fid>46779-11892-i-563</fid>
<lfSpanFr gml:id="K6_4677911892_1-1">
<gml:timePosition>2020-12-08</gml:timePosition>
</lfSpanFr>
<devDate gml:id="K6_4677911892_1-2">
<gml:timePosition>2025-02-26</gml:timePosition>
</devDate>
<orgGILvl>25000</orgGILvl>
<vis>非表示</vis>
<pos>
<gml:Point gml:id="K6_4677911892_1-g" srsName="fguuid:jgd2011.bl">
<gml:pos>33.041349664 129.948782537</gml:pos>
</gml:Point>
</pos>
<type>町村・指定都市の区</type>
<name>東彼杵町</name>
<admCode>42321</admCode>
</AdmPt>
<AdmPt gml:id="K6_4679711898_1">
<fid>46797-11898-i-542</fid>
<lfSpanFr gml:id="K6_4679711898_1-1">
<gml:timePosition>2023-02-21</gml:timePosition>
</lfSpanFr>
<devDate gml:id="K6_4679711898_1-2">
<gml:timePosition>2025-02-26</gml:timePosition>
</devDate>
<orgGILvl>25000</orgGILvl>
<vis>非表示</vis>
<pos>
<gml:Point gml:id="K6_4679711898_1-g" srsName="fguuid:jgd2011.bl">
<gml:pos>33.055592929 129.992101839</gml:pos>
</gml:Point>
</pos>
<type>郡市・東京都の区</type>
<name>嬉野市</name>
<admCode>41209</admCode>
</AdmPt>
</Dataset>
