<?xml version="1.0" encoding="utf-8"?>
<Dataset xsi:schemaLocation="http://fgd.gsi.go.jp/spec/2008/FGD_GMLSchema FGD_GMLSchema.xsd"
	xmlns:gml="http://www.opengis.net/gml/3.2"
	xmlns:xsi="http://www.w3.org/2001/XMLSchema-instance"
	xmlns:xlink="http://www.w3.org/1999/xlink"
	xmlns="http://fgd.gsi.go.jp/spec/2008/FGD_GMLSchema"
	gml:id="Dataset1">
  <gml:description>基盤地図情報メタデータ ID=fmdid:25-0331</gml:description>
  <gml:name>基盤地図情報ダウンロードデータ（GML版）</gml:name>
<GCP gml:id="K1_492947_1">
<fid>10-00100-0-2402-5824</fid>
<lfSpanFr gml:id="K1_492947_1-1">
<gml:timePosition>2025-02-19</gml:timePosition>
</lfSpanFr>
<devDate gml:id="K1_492947_1-2">
<gml:timePosition>2025-02-26</gml:timePosition>
</devDate>
<orgGILvl>SJ11</orgGILvl>
<vis>表示</vis>
<pos>
<gml:Point gml:id="K1_492947_1-g" srsName="fguuid:jgd2011.bl">
<gml:pos>33.063970167 129.878310694</gml:pos>
</gml:Point>
</pos>
<orgName>国土地理院</orgName>
<type>水準点</type>
<gcpClass>一等水準点</gcpClass>
<gcpCode>L010000003285</gcpCode>
<name>３２８５</name>
<B>119030.2926</B>
<L>467561.9185</L>
<alti>3.4648</alti>
<altiAcc>4</altiAcc>
</GCP>
<GCP gml:id="K1_492947_2">
<fid>10-00100-0-2402-5825</fid>
<lfSpanFr gml:id="K1_492947_2-1">
<gml:timePosition>2025-02-19</gml:timePosition>
</lfSpanFr>
<devDate gml:id="K1_492947_2-2">
<gml:timePosition>2025-02-26</gml:timePosition>
</devDate>
<orgGILvl>SJ11</orgGILvl>
<vis>表示</vis>
<pos>
<gml:Point gml:id="K1_492947_2-g" srsName="fguuid:jgd2011.bl">
<gml:pos>33.054009000 129.895156306</gml:pos>
</gml:Point>
</pos>
<orgName>国土地理院</orgName>
<type>水準点</type>
<gcpClass>一等水準点</gcpClass>
<gcpCode>L010000003286</gcpCode>
<name>３２８６</name>
<B>118994.4324</B>
<L>467622.5627</L>
<alti>4.3747</alti>
<altiAcc>4</altiAcc>
</GCP>
<GCP gml:id="K1_492947_3">
<fid>10-00100-0-2402-5826</fid>
<lfSpanFr gml:id="K1_492947_3-1">
<gml:timePosition>2025-02-19</gml:timePosition>
</lfSpanFr>
<devDate gml:id="K1_492947_3-2">
<gml:timePosition>2025-02-26</gml:timePosition>
</devDate>
<orgGILvl>SJ11</orgGILvl>
<vis>表示</vis>
<pos>
<gml:Point gml:id="K1_492947_3-g" srsName="fguuid:jgd2011.bl">
<gml:pos>33.041343139 129.908119167</gml:pos>
</gml:Point>
</pos>
<orgName>国土地理院</orgName>
<type>水準点</type>
<gcpClass>一等水準点</gcpClass>
<gcpCode>L010000003287</gcpCode>
<name>３２８７</name>
<B>118948.8353</B>
<L>467669.229</L>
<alti>3.2989</alti>
<altiAcc>4</altiAcc>
</GCP>
<GCP gml:id="K1_492947_4">
<fid>10-00100-0-2402-5827</fid>
<lfSpanFr gml:id="K1_492947_4-1">
<gml:timePosition>2025-02-19</gml:timePosition>
</lfSpanFr>
<devDate gml:id="K1_492947_4-2">
<gml:timePosition>2025-02-26</gml:timePosition>
</devDate>
<orgGILvl>SJ11</orgGILvl>
<vis>表示</vis>
<pos>
<gml:Point gml:id="K1_492947_4-g" srsName="fguuid:jgd2011.bl">
<gml:pos>33.031280028 129.925905750</gml:pos>
</gml:Point>
</pos>
<orgName>国土地理院</orgName>
<type>水準点</type>
<gcpClass>一等水準点</gcpClass>
<gcpCode>L010000003288</gcpCode>
<name>３２８８</name>
<B>118912.6081</B>
<L>467733.2607</L>
<alti>4.6725</alti>
<altiAcc>4</altiAcc>
</GCP>
<GCP gml:id="K1_492947_5">
<fid>10-00100-0-2402-5828</fid>
<lfSpanFr gml:id="K1_492947_5-1">
<gml:timePosition>2025-02-19</gml:timePosition>
</lfSpanFr>
<devDate gml:id="K1_492947_5-2">
<gml:timePosition>2025-02-26</gml:timePosition>
</devDate>
<orgGILvl>SJ11</orgGILvl>
<vis>表示</vis>
<pos>
<gml:Point gml:id="K1_492947_5-g" srsName="fguuid:jgd2011.bl">
<gml:pos>33.019589944 129.940775778</gml:pos>
</gml:Point>
</pos>
<orgName>国土地理院</orgName>
<type>水準点</type>
<gcpClass>一等水準点</gcpClass>
<gcpCode>L010000003289</gcpCode>
<name>３２８９</name>
<B>118870.5238</B>
<L>467786.7928</L>
<alti>6.8393</alti>
<altiAcc>4</altiAcc>
</GCP>
<GCP gml:id="K1_492947_6">
<fid>10-00100-0-2402-5829</fid>
<lfSpanFr gml:id="K1_492947_6-1">
<gml:timePosition>2025-02-19</gml:timePosition>
</lfSpanFr>
<devDate gml:id="K1_492947_6-2">
<gml:timePosition>2025-02-26</gml:timePosition>
</devDate>
<orgGILvl>SJ11</orgGILvl>
<vis>表示</vis>
<pos>
<gml:Point gml:id="K1_492947_6-g" srsName="fguuid:jgd2011.bl">
<gml:pos>33.007755167 129.946966139</gml:pos>
</gml:Point>
</pos>
<orgName>国土地理院</orgName>
<type>水準点</type>
<gcpClass>一等水準点</gcpClass>
<gcpCode>L010000003290</gcpCode>
<name>３２９０</name>
<B>118827.9186</B>
<L>467809.0781</L>
<alti>3.8557</alti>
<altiAcc>4</altiAcc>
</GCP>
<GCP gml:id="K1_492947_7">
<fid>10-00100-0-2402-28314</fid>
<lfSpanFr gml:id="K1_492947_7-1">
<gml:timePosition>2025-02-19</gml:timePosition>
</lfSpanFr>
<devDate gml:id="K1_492947_7-2">
<gml:timePosition>2025-02-26</gml:timePosition>
</devDate>
<orgGILvl>KJ13</orgGILvl>
<vis>表示</vis>
<pos>
<gml:Point gml:id="K1_492947_7-g" srsName="fguuid:jgd2011.bl">
<gml:pos>33.015492778 129.975039778</gml:pos>
</gml:Point>
</pos>
<orgName>国土地理院</orgName>
<type>三角点</type>
<gcpClass>三等三角点</gcpClass>
<gcpCode>TR34929471801</gcpCode>
<name>堤ノ表</name>
<B>118855.774</B>
<L>467910.1432</L>
<alti>396.96</alti>
<altiAcc>2</altiAcc>
</GCP>
<GCP gml:id="K1_492947_8">
<fid>10-00100-0-2402-28315</fid>
<lfSpanFr gml:id="K1_492947_8-1">
<gml:timePosition>2025-02-19</gml:timePosition>
</lfSpanFr>
<devDate gml:id="K1_492947_8-2">
<gml:timePosition>2025-02-26</gml:timePosition>
</devDate>
<orgGILvl>KJ13</orgGILvl>
<vis>表示</vis>
<pos>
<gml:Point gml:id="K1_492947_8-g" srsName="fguuid:jgd2011.bl">
<gml:pos>33.028971694 129.993554778</gml:pos>
</gml:Point>
</pos>
<orgName>国土地理院</orgName>
<type>三角点</type>
<gcpClass>三等三角点</gcpClass>
<gcpCode>TR34929473901</gcpCode>
<name>四川内</name>
<B>118904.2981</B>
<L>467976.7972</L>
<alti>492.37</alti>
<altiAcc>2</altiAcc>
</GCP>
<GCP gml:id="K1_492947_9">
<fid>10-00100-0-2402-28316</fid>
<lfSpanFr gml:id="K1_492947_9-1">
<gml:timePosition>2025-02-19</gml:timePosition>
</lfSpanFr>
<devDate gml:id="K1_492947_9-2">
<gml:timePosition>2025-02-26</gml:timePosition>
</devDate>
<orgGILvl>KJ13</orgGILvl>
<vis>表示</vis>
<pos>
<gml:Point gml:id="K1_492947_9-g" srsName="fguuid:jgd2011.bl">
<gml:pos>33.037285333 129.940040833</gml:pos>
</gml:Point>
</pos>
<orgName>国土地理院</orgName>
<type>三角点</type>
<gcpClass>三等三角点</gcpClass>
<gcpCode>TR34929474501</gcpCode>
<name>法音寺</name>
<B>118934.2272</B>
<L>467784.147</L>
<alti>208.75</alti>
<altiAcc>2</altiAcc>
</GCP>
<GCP gml:id="K1_492947_10">
<fid>10-00100-0-2402-28317</fid>
<lfSpanFr gml:id="K1_492947_10-1">
<gml:timePosition>2025-02-19</gml:timePosition>
</lfSpanFr>
<devDate gml:id="K1_492947_10-2">
<gml:timePosition>2025-02-26</gml:timePosition>
</devDate>
<orgGILvl>KJ13</orgGILvl>
<vis>表示</vis>
<pos>
<gml:Point gml:id="K1_492947_10-g" srsName="fguuid:jgd2011.bl">
<gml:pos>33.041584833 129.959264556</gml:pos>
</gml:Point>
</pos>
<orgName>国土地理院</orgName>
<type>三角点</type>
<gcpClass>三等三角点</gcpClass>
<gcpCode>TR34929474601</gcpCode>
<name>平山</name>
<B>118949.7054</B>
<L>467853.3524</L>
<alti>413.07</alti>
<altiAcc>2</altiAcc>
</GCP>
<GCP gml:id="K1_492947_11">
<fid>10-00100-0-2402-28318</fid>
<lfSpanFr gml:id="K1_492947_11-1">
<gml:timePosition>2025-02-19</gml:timePosition>
</lfSpanFr>
<devDate gml:id="K1_492947_11-2">
<gml:timePosition>2025-02-26</gml:timePosition>
</devDate>
<orgGILvl>KJ13</orgGILvl>
<vis>表示</vis>
<pos>
<gml:Point gml:id="K1_492947_11-g" srsName="fguuid:jgd2011.bl">
<gml:pos>33.045252944 129.986649528</gml:pos>
</gml:Point>
</pos>
<orgName>国土地理院</orgName>
<type>三角点</type>
<gcpClass>三等三角点</gcpClass>
<gcpCode>TR34929475801</gcpCode>
<name>広田東</name>
<B>118962.9106</B>
<L>467951.9383</L>
<alti>464.98</alti>
<altiAcc>2</altiAcc>
</GCP>
<GCP gml:id="K1_492947_12">
<fid>10-00100-0-2402-28319</fid>
<lfSpanFr gml:id="K1_492947_12-1">
<gml:timePosition>2025-02-19</gml:timePosition>
</lfSpanFr>
<devDate gml:id="K1_492947_12-2">
<gml:timePosition>2025-02-26</gml:timePosition>
</devDate>
<orgGILvl>KJ13</orgGILvl>
<vis>表示</vis>
<pos>
<gml:Point gml:id="K1_492947_12-g" srsName="fguuid:jgd2011.bl">
<gml:pos>33.053331361 129.908086306</gml:pos>
</gml:Point>
</pos>
<orgName>国土地理院</orgName>
<type>三角点</type>
<gcpClass>三等三角点</gcpClass>
<gcpCode>TR34929476201</gcpCode>
<name>口木田</name>
<B>118991.9929</B>
<L>467669.1107</L>
<alti>270.73</alti>
<altiAcc>2</altiAcc>
</GCP>
<GCP gml:id="K1_492947_13">
<fid>10-00100-0-2402-28320</fid>
<lfSpanFr gml:id="K1_492947_13-1">
<gml:timePosition>2025-02-19</gml:timePosition>
</lfSpanFr>
<devDate gml:id="K1_492947_13-2">
<gml:timePosition>2025-02-26</gml:timePosition>
</devDate>
<orgGILvl>KJ13</orgGILvl>
<vis>表示</vis>
<pos>
<gml:Point gml:id="K1_492947_13-g" srsName="fguuid:jgd2011.bl">
<gml:pos>33.072690722 129.909888639</gml:pos>
</gml:Point>
</pos>
<orgName>国土地理院</orgName>
<type>三角点</type>
<gcpClass>三等三角点</gcpClass>
<gcpCode>TR34929478201</gcpCode>
<name>屋敷平</name>
<B>119061.6866</B>
<L>467675.5991</L>
<alti>500.28</alti>
<altiAcc>2</altiAcc>
</GCP>
<GCP gml:id="K1_492947_14">
<fid>10-00100-0-2402-28321</fid>
<lfSpanFr gml:id="K1_492947_14-1">
<gml:timePosition>2025-02-19</gml:timePosition>
</lfSpanFr>
<devDate gml:id="K1_492947_14-2">
<gml:timePosition>2025-02-26</gml:timePosition>
</devDate>
<orgGILvl>KJ13</orgGILvl>
<vis>表示</vis>
<pos>
<gml:Point gml:id="K1_492947_14-g" srsName="fguuid:jgd2011.bl">
<gml:pos>33.072219806 129.941448083</gml:pos>
</gml:Point>
</pos>
<orgName>国土地理院</orgName>
<type>三角点</type>
<gcpClass>三等三角点</gcpClass>
<gcpCode>TR34929478501</gcpCode>
<name>掛林</name>
<B>119059.9913</B>
<L>467789.2131</L>
<alti>471.57</alti>
<altiAcc>2</altiAcc>
</GCP>
<GCP gml:id="K1_492947_15">
<fid>10-00100-0-2402-64412</fid>
<lfSpanFr gml:id="K1_492947_15-1">
<gml:timePosition>2025-02-19</gml:timePosition>
</lfSpanFr>
<devDate gml:id="K1_492947_15-2">
<gml:timePosition>2025-02-26</gml:timePosition>
</devDate>
<orgGILvl>KJ14</orgGILvl>
<vis>表示</vis>
<pos>
<gml:Point gml:id="K1_492947_15-g" srsName="fguuid:jgd2011.bl">
<gml:pos>33.004822778 129.960997472</gml:pos>
</gml:Point>
</pos>
<orgName>国土地理院</orgName>
<type>三角点</type>
<gcpClass>四等三角点</gcpClass>
<gcpCode>TR44929470601</gcpCode>
<name>木場</name>
<B>118817.362</B>
<L>467859.5909</L>
<alti>163.7</alti>
<altiAcc>2</altiAcc>
</GCP>
<GCP gml:id="K1_492947_16">
<fid>10-00100-0-2402-64413</fid>
<lfSpanFr gml:id="K1_492947_16-1">
<gml:timePosition>2025-02-19</gml:timePosition>
</lfSpanFr>
<devDate gml:id="K1_492947_16-2">
<gml:timePosition>2025-02-26</gml:timePosition>
</devDate>
<orgGILvl>KJ14</orgGILvl>
<vis>表示</vis>
<pos>
<gml:Point gml:id="K1_492947_16-g" srsName="fguuid:jgd2011.bl">
<gml:pos>33.001969694 129.975222500</gml:pos>
</gml:Point>
</pos>
<orgName>国土地理院</orgName>
<type>三角点</type>
<gcpClass>四等三角点</gcpClass>
<gcpCode>TR44929470801</gcpCode>
<name>蕪</name>
<B>118807.0909</B>
<L>467910.801</L>
<alti>312.14</alti>
<altiAcc>2</altiAcc>
</GCP>
<GCP gml:id="K1_492947_17">
<fid>10-00100-0-2402-64414</fid>
<lfSpanFr gml:id="K1_492947_17-1">
<gml:timePosition>2025-02-19</gml:timePosition>
</lfSpanFr>
<devDate gml:id="K1_492947_17-2">
<gml:timePosition>2025-02-26</gml:timePosition>
</devDate>
<orgGILvl>KJ14</orgGILvl>
<vis>表示</vis>
<pos>
<gml:Point gml:id="K1_492947_17-g" srsName="fguuid:jgd2011.bl">
<gml:pos>33.014123250 129.957395833</gml:pos>
</gml:Point>
</pos>
<orgName>国土地理院</orgName>
<type>三角点</type>
<gcpClass>四等三角点</gcpClass>
<gcpCode>TR44929471601</gcpCode>
<name>駄地</name>
<B>118850.8437</B>
<L>467846.625</L>
<alti>150.08</alti>
<altiAcc>2</altiAcc>
</GCP>
<GCP gml:id="K1_492947_18">
<fid>10-00100-0-2402-64415</fid>
<lfSpanFr gml:id="K1_492947_18-1">
<gml:timePosition>2025-02-19</gml:timePosition>
</lfSpanFr>
<devDate gml:id="K1_492947_18-2">
<gml:timePosition>2025-02-26</gml:timePosition>
</devDate>
<orgGILvl>KJ14</orgGILvl>
<vis>表示</vis>
<pos>
<gml:Point gml:id="K1_492947_18-g" srsName="fguuid:jgd2011.bl">
<gml:pos>33.009310472 129.989746972</gml:pos>
</gml:Point>
</pos>
<orgName>国土地理院</orgName>
<type>三角点</type>
<gcpClass>四等三角点</gcpClass>
<gcpCode>TR44929471901</gcpCode>
<name>古屋敷</name>
<B>118833.5177</B>
<L>467963.0891</L>
<alti>400.6</alti>
<altiAcc>2</altiAcc>
</GCP>
<GCP gml:id="K1_492947_19">
<fid>10-00100-0-2402-64416</fid>
<lfSpanFr gml:id="K1_492947_19-1">
<gml:timePosition>2025-02-19</gml:timePosition>
</lfSpanFr>
<devDate gml:id="K1_492947_19-2">
<gml:timePosition>2025-02-26</gml:timePosition>
</devDate>
<orgGILvl>KJ14</orgGILvl>
<vis>表示</vis>
<pos>
<gml:Point gml:id="K1_492947_19-g" srsName="fguuid:jgd2011.bl">
<gml:pos>33.020219056 129.938846889</gml:pos>
</gml:Point>
</pos>
<orgName>国土地理院</orgName>
<type>三角点</type>
<gcpClass>四等三角点</gcpClass>
<gcpCode>TR44929472501</gcpCode>
<name>瀬戸</name>
<B>118872.7886</B>
<L>467779.8488</L>
<alti>2.2</alti>
<altiAcc>2</altiAcc>
</GCP>
<GCP gml:id="K1_492947_20">
<fid>10-00100-0-2402-64417</fid>
<lfSpanFr gml:id="K1_492947_20-1">
<gml:timePosition>2025-02-19</gml:timePosition>
</lfSpanFr>
<devDate gml:id="K1_492947_20-2">
<gml:timePosition>2025-02-26</gml:timePosition>
</devDate>
<orgGILvl>KJ14</orgGILvl>
<vis>表示</vis>
<pos>
<gml:Point gml:id="K1_492947_20-g" srsName="fguuid:jgd2011.bl">
<gml:pos>33.024347139 129.971144861</gml:pos>
</gml:Point>
</pos>
<orgName>国土地理院</orgName>
<type>三角点</type>
<gcpClass>四等三角点</gcpClass>
<gcpCode>TR44929472701</gcpCode>
<name>高尾</name>
<B>118887.6497</B>
<L>467896.1215</L>
<alti>354.92</alti>
<altiAcc>2</altiAcc>
</GCP>
<GCP gml:id="K1_492947_21">
<fid>10-00100-0-2402-64418</fid>
<lfSpanFr gml:id="K1_492947_21-1">
<gml:timePosition>2025-02-19</gml:timePosition>
</lfSpanFr>
<devDate gml:id="K1_492947_21-2">
<gml:timePosition>2025-02-26</gml:timePosition>
</devDate>
<orgGILvl>KJ14</orgGILvl>
<vis>表示</vis>
<pos>
<gml:Point gml:id="K1_492947_21-g" srsName="fguuid:jgd2011.bl">
<gml:pos>33.019875028 129.996487972</gml:pos>
</gml:Point>
</pos>
<orgName>国土地理院</orgName>
<type>三角点</type>
<gcpClass>四等三角点</gcpClass>
<gcpCode>TR44929472901</gcpCode>
<name>琵琶ノ首</name>
<B>118871.5501</B>
<L>467987.3567</L>
<alti>473.58</alti>
<altiAcc>2</altiAcc>
</GCP>
<GCP gml:id="K1_492947_22">
<fid>10-00100-0-2402-64419</fid>
<lfSpanFr gml:id="K1_492947_22-1">
<gml:timePosition>2025-02-19</gml:timePosition>
</lfSpanFr>
<devDate gml:id="K1_492947_22-2">
<gml:timePosition>2025-02-26</gml:timePosition>
</devDate>
<orgGILvl>KJ14</orgGILvl>
<vis>表示</vis>
<pos>
<gml:Point gml:id="K1_492947_22-g" srsName="fguuid:jgd2011.bl">
<gml:pos>33.027137611 129.948869722</gml:pos>
</gml:Point>
</pos>
<orgName>国土地理院</orgName>
<type>三角点</type>
<gcpClass>四等三角点</gcpClass>
<gcpCode>TR44929473501</gcpCode>
<name>赤木</name>
<B>118897.6954</B>
<L>467815.931</L>
<alti>177.46</alti>
<altiAcc>2</altiAcc>
</GCP>
<GCP gml:id="K1_492947_23">
<fid>10-00100-0-2402-64420</fid>
<lfSpanFr gml:id="K1_492947_23-1">
<gml:timePosition>2025-02-19</gml:timePosition>
</lfSpanFr>
<devDate gml:id="K1_492947_23-2">
<gml:timePosition>2025-02-26</gml:timePosition>
</devDate>
<orgGILvl>KJ14</orgGILvl>
<vis>表示</vis>
<pos>
<gml:Point gml:id="K1_492947_23-g" srsName="fguuid:jgd2011.bl">
<gml:pos>33.033608333 129.962776000</gml:pos>
</gml:Point>
</pos>
<orgName>国土地理院</orgName>
<type>三角点</type>
<gcpClass>四等三角点</gcpClass>
<gcpCode>TR44929474701</gcpCode>
<name>丸尾平</name>
<B>118920.99</B>
<L>467865.9936</L>
<alti>275.02</alti>
<altiAcc>2</altiAcc>
</GCP>
<GCP gml:id="K1_492947_24">
<fid>10-00100-0-2402-64421</fid>
<lfSpanFr gml:id="K1_492947_24-1">
<gml:timePosition>2025-02-19</gml:timePosition>
</lfSpanFr>
<devDate gml:id="K1_492947_24-2">
<gml:timePosition>2025-02-26</gml:timePosition>
</devDate>
<orgGILvl>KJ14</orgGILvl>
<vis>表示</vis>
<pos>
<gml:Point gml:id="K1_492947_24-g" srsName="fguuid:jgd2011.bl">
<gml:pos>33.038155000 129.977312056</gml:pos>
</gml:Point>
</pos>
<orgName>国土地理院</orgName>
<type>三角点</type>
<gcpClass>四等三角点</gcpClass>
<gcpCode>TR44929474801</gcpCode>
<name>太浦</name>
<B>118937.358</B>
<L>467918.3234</L>
<alti>427.09</alti>
<altiAcc>2</altiAcc>
</GCP>
<GCP gml:id="K1_492947_25">
<fid>10-00100-0-2402-64422</fid>
<lfSpanFr gml:id="K1_492947_25-1">
<gml:timePosition>2025-02-19</gml:timePosition>
</lfSpanFr>
<devDate gml:id="K1_492947_25-2">
<gml:timePosition>2025-02-26</gml:timePosition>
</devDate>
<orgGILvl>KJ14</orgGILvl>
<vis>表示</vis>
<pos>
<gml:Point gml:id="K1_492947_25-g" srsName="fguuid:jgd2011.bl">
<gml:pos>33.042575583 129.905297028</gml:pos>
</gml:Point>
</pos>
<orgName>国土地理院</orgName>
<type>三角点</type>
<gcpClass>四等三角点</gcpClass>
<gcpCode>TR44929475201</gcpCode>
<name>妙見</name>
<B>118953.2721</B>
<L>467659.0693</L>
<alti>82.47</alti>
<altiAcc>2</altiAcc>
</GCP>
<GCP gml:id="K1_492947_26">
<fid>10-00100-0-2402-64423</fid>
<lfSpanFr gml:id="K1_492947_26-1">
<gml:timePosition>2025-02-19</gml:timePosition>
</lfSpanFr>
<devDate gml:id="K1_492947_26-2">
<gml:timePosition>2025-02-26</gml:timePosition>
</devDate>
<orgGILvl>KJ14</orgGILvl>
<vis>表示</vis>
<pos>
<gml:Point gml:id="K1_492947_26-g" srsName="fguuid:jgd2011.bl">
<gml:pos>33.045767389 129.930891056</gml:pos>
</gml:Point>
</pos>
<orgName>国土地理院</orgName>
<type>三角点</type>
<gcpClass>四等三角点</gcpClass>
<gcpCode>TR44929475401</gcpCode>
<name>地楽</name>
<B>118964.7626</B>
<L>467751.2078</L>
<alti>159.12</alti>
<altiAcc>2</altiAcc>
</GCP>
<GCP gml:id="K1_492947_27">
<fid>10-00100-0-2402-64424</fid>
<lfSpanFr gml:id="K1_492947_27-1">
<gml:timePosition>2025-02-19</gml:timePosition>
</lfSpanFr>
<devDate gml:id="K1_492947_27-2">
<gml:timePosition>2025-02-26</gml:timePosition>
</devDate>
<orgGILvl>KJ14</orgGILvl>
<vis>表示</vis>
<pos>
<gml:Point gml:id="K1_492947_27-g" srsName="fguuid:jgd2011.bl">
<gml:pos>33.048671556 129.949627583</gml:pos>
</gml:Point>
</pos>
<orgName>国土地理院</orgName>
<type>三角点</type>
<gcpClass>四等三角点</gcpClass>
<gcpCode>TR44929475501</gcpCode>
<name>恵美寿丸</name>
<B>118975.2176</B>
<L>467818.6593</L>
<alti>231.6</alti>
<altiAcc>2</altiAcc>
</GCP>
<GCP gml:id="K1_492947_28">
<fid>10-00100-0-2402-64425</fid>
<lfSpanFr gml:id="K1_492947_28-1">
<gml:timePosition>2025-02-19</gml:timePosition>
</lfSpanFr>
<devDate gml:id="K1_492947_28-2">
<gml:timePosition>2025-02-26</gml:timePosition>
</devDate>
<orgGILvl>KJ14</orgGILvl>
<vis>表示</vis>
<pos>
<gml:Point gml:id="K1_492947_28-g" srsName="fguuid:jgd2011.bl">
<gml:pos>33.057584111 129.897532806</gml:pos>
</gml:Point>
</pos>
<orgName>国土地理院</orgName>
<type>三角点</type>
<gcpClass>四等三角点</gcpClass>
<gcpCode>TR44929476101</gcpCode>
<name>野田</name>
<B>119007.3028</B>
<L>467631.1181</L>
<alti>137.69</alti>
<altiAcc>2</altiAcc>
</GCP>
<GCP gml:id="K1_492947_29">
<fid>10-00100-0-2402-64426</fid>
<lfSpanFr gml:id="K1_492947_29-1">
<gml:timePosition>2025-02-19</gml:timePosition>
</lfSpanFr>
<devDate gml:id="K1_492947_29-2">
<gml:timePosition>2025-02-26</gml:timePosition>
</devDate>
<orgGILvl>KJ14</orgGILvl>
<vis>表示</vis>
<pos>
<gml:Point gml:id="K1_492947_29-g" srsName="fguuid:jgd2011.bl">
<gml:pos>33.055776917 129.923178972</gml:pos>
</gml:Point>
</pos>
<orgName>国土地理院</orgName>
<type>三角点</type>
<gcpClass>四等三角点</gcpClass>
<gcpCode>TR44929476301</gcpCode>
<name>樋口</name>
<B>119000.7969</B>
<L>467723.4443</L>
<alti>224.14</alti>
<altiAcc>2</altiAcc>
</GCP>
<GCP gml:id="K1_492947_30">
<fid>10-00100-0-2402-64427</fid>
<lfSpanFr gml:id="K1_492947_30-1">
<gml:timePosition>2025-02-19</gml:timePosition>
</lfSpanFr>
<devDate gml:id="K1_492947_30-2">
<gml:timePosition>2025-02-26</gml:timePosition>
</devDate>
<orgGILvl>KJ14</orgGILvl>
<vis>表示</vis>
<pos>
<gml:Point gml:id="K1_492947_30-g" srsName="fguuid:jgd2011.bl">
<gml:pos>33.052978167 129.958807111</gml:pos>
</gml:Point>
</pos>
<orgName>国土地理院</orgName>
<type>三角点</type>
<gcpClass>四等三角点</gcpClass>
<gcpCode>TR44929476601</gcpCode>
<name>三ノ瀬</name>
<B>118990.7214</B>
<L>467851.7056</L>
<alti>257.68</alti>
<altiAcc>2</altiAcc>
</GCP>
<GCP gml:id="K1_492947_31">
<fid>10-00100-0-2402-64428</fid>
<lfSpanFr gml:id="K1_492947_31-1">
<gml:timePosition>2025-02-19</gml:timePosition>
</lfSpanFr>
<devDate gml:id="K1_492947_31-2">
<gml:timePosition>2025-02-26</gml:timePosition>
</devDate>
<orgGILvl>KJ14</orgGILvl>
<vis>表示</vis>
<pos>
<gml:Point gml:id="K1_492947_31-g" srsName="fguuid:jgd2011.bl">
<gml:pos>33.052119722 129.972363972</gml:pos>
</gml:Point>
</pos>
<orgName>国土地理院</orgName>
<type>三角点</type>
<gcpClass>四等三角点</gcpClass>
<gcpCode>TR44929476701</gcpCode>
<name>中尾</name>
<B>118987.631</B>
<L>467900.5103</L>
<alti>358.83</alti>
<altiAcc>2</altiAcc>
</GCP>
<GCP gml:id="K1_492947_32">
<fid>10-00100-0-2402-64429</fid>
<lfSpanFr gml:id="K1_492947_32-1">
<gml:timePosition>2025-02-19</gml:timePosition>
</lfSpanFr>
<devDate gml:id="K1_492947_32-2">
<gml:timePosition>2025-02-26</gml:timePosition>
</devDate>
<orgGILvl>KJ14</orgGILvl>
<vis>表示</vis>
<pos>
<gml:Point gml:id="K1_492947_32-g" srsName="fguuid:jgd2011.bl">
<gml:pos>33.063725861 129.901873194</gml:pos>
</gml:Point>
</pos>
<orgName>国土地理院</orgName>
<type>三角点</type>
<gcpClass>四等三角点</gcpClass>
<gcpCode>TR44929477201</gcpCode>
<name>牛焼</name>
<B>119029.4131</B>
<L>467646.7435</L>
<alti>304.93</alti>
<altiAcc>2</altiAcc>
</GCP>
<GCP gml:id="K1_492947_33">
<fid>10-00100-0-2402-64430</fid>
<lfSpanFr gml:id="K1_492947_33-1">
<gml:timePosition>2025-02-19</gml:timePosition>
</lfSpanFr>
<devDate gml:id="K1_492947_33-2">
<gml:timePosition>2025-02-26</gml:timePosition>
</devDate>
<orgGILvl>KJ14</orgGILvl>
<vis>表示</vis>
<pos>
<gml:Point gml:id="K1_492947_33-g" srsName="fguuid:jgd2011.bl">
<gml:pos>33.064378000 129.915676861</gml:pos>
</gml:Point>
</pos>
<orgName>国土地理院</orgName>
<type>三角点</type>
<gcpClass>四等三角点</gcpClass>
<gcpCode>TR44929477301</gcpCode>
<name>泓</name>
<B>119031.7608</B>
<L>467696.4367</L>
<alti>338.91</alti>
<altiAcc>2</altiAcc>
</GCP>
<GCP gml:id="K1_492947_34">
<fid>10-00100-0-2402-64431</fid>
<lfSpanFr gml:id="K1_492947_34-1">
<gml:timePosition>2025-02-19</gml:timePosition>
</lfSpanFr>
<devDate gml:id="K1_492947_34-2">
<gml:timePosition>2025-02-26</gml:timePosition>
</devDate>
<orgGILvl>KJ14</orgGILvl>
<vis>表示</vis>
<pos>
<gml:Point gml:id="K1_492947_34-g" srsName="fguuid:jgd2011.bl">
<gml:pos>33.059380806 129.942488056</gml:pos>
</gml:Point>
</pos>
<orgName>国土地理院</orgName>
<type>三角点</type>
<gcpClass>四等三角点</gcpClass>
<gcpCode>TR44929477501</gcpCode>
<name>菅無田</name>
<B>119013.7709</B>
<L>467792.957</L>
<alti>268.33</alti>
<altiAcc>2</altiAcc>
</GCP>
<GCP gml:id="K1_492947_35">
<fid>10-00100-0-2402-64432</fid>
<lfSpanFr gml:id="K1_492947_35-1">
<gml:timePosition>2025-02-19</gml:timePosition>
</lfSpanFr>
<devDate gml:id="K1_492947_35-2">
<gml:timePosition>2025-02-26</gml:timePosition>
</devDate>
<orgGILvl>KJ14</orgGILvl>
<vis>表示</vis>
<pos>
<gml:Point gml:id="K1_492947_35-g" srsName="fguuid:jgd2011.bl">
<gml:pos>33.065712306 129.955904389</gml:pos>
</gml:Point>
</pos>
<orgName>国土地理院</orgName>
<type>三角点</type>
<gcpClass>四等三角点</gcpClass>
<gcpCode>TR44929477601</gcpCode>
<name>俵坂</name>
<B>119036.5643</B>
<L>467841.2558</L>
<alti>317.01</alti>
<altiAcc>2</altiAcc>
</GCP>
<GCP gml:id="K1_492947_36">
<fid>10-00100-0-2402-64433</fid>
<lfSpanFr gml:id="K1_492947_36-1">
<gml:timePosition>2025-02-19</gml:timePosition>
</lfSpanFr>
<devDate gml:id="K1_492947_36-2">
<gml:timePosition>2025-02-26</gml:timePosition>
</devDate>
<orgGILvl>KJ14</orgGILvl>
<vis>表示</vis>
<pos>
<gml:Point gml:id="K1_492947_36-g" srsName="fguuid:jgd2011.bl">
<gml:pos>33.066375556 129.989581778</gml:pos>
</gml:Point>
</pos>
<orgName>国土地理院</orgName>
<type>三角点</type>
<gcpClass>四等三角点</gcpClass>
<gcpCode>TR44929477901</gcpCode>
<name>金松</name>
<B>119038.952</B>
<L>467962.4944</L>
<alti>398.38</alti>
<altiAcc>2</altiAcc>
</GCP>
<GCP gml:id="K1_492947_37">
<fid>10-00100-0-2402-64434</fid>
<lfSpanFr gml:id="K1_492947_37-1">
<gml:timePosition>2025-02-19</gml:timePosition>
</lfSpanFr>
<devDate gml:id="K1_492947_37-2">
<gml:timePosition>2025-02-26</gml:timePosition>
</devDate>
<orgGILvl>KJ14</orgGILvl>
<vis>表示</vis>
<pos>
<gml:Point gml:id="K1_492947_37-g" srsName="fguuid:jgd2011.bl">
<gml:pos>33.072874722 129.879387333</gml:pos>
</gml:Point>
</pos>
<orgName>国土地理院</orgName>
<type>三角点</type>
<gcpClass>四等三角点</gcpClass>
<gcpCode>TR44929478001</gcpCode>
<name>大迫頭</name>
<B>119062.349</B>
<L>467565.7944</L>
<alti>135.65</alti>
<altiAcc>2</altiAcc>
</GCP>
<GCP gml:id="K1_492947_38">
<fid>10-00100-0-2402-64435</fid>
<lfSpanFr gml:id="K1_492947_38-1">
<gml:timePosition>2025-02-19</gml:timePosition>
</lfSpanFr>
<devDate gml:id="K1_492947_38-2">
<gml:timePosition>2025-02-26</gml:timePosition>
</devDate>
<orgGILvl>KJ14</orgGILvl>
<vis>表示</vis>
<pos>
<gml:Point gml:id="K1_492947_38-g" srsName="fguuid:jgd2011.bl">
<gml:pos>33.071201639 129.894157111</gml:pos>
</gml:Point>
</pos>
<orgName>国土地理院</orgName>
<type>三角点</type>
<gcpClass>四等三角点</gcpClass>
<gcpCode>TR44929478101</gcpCode>
<name>廣川原</name>
<B>119056.3259</B>
<L>467618.9656</L>
<alti>194.84</alti>
<altiAcc>2</altiAcc>
</GCP>
<GCP gml:id="K1_492947_39">
<fid>10-00100-0-2402-64436</fid>
<lfSpanFr gml:id="K1_492947_39-1">
<gml:timePosition>2025-02-19</gml:timePosition>
</lfSpanFr>
<devDate gml:id="K1_492947_39-2">
<gml:timePosition>2025-02-26</gml:timePosition>
</devDate>
<orgGILvl>KJ14</orgGILvl>
<vis>表示</vis>
<pos>
<gml:Point gml:id="K1_492947_39-g" srsName="fguuid:jgd2011.bl">
<gml:pos>33.066931278 129.931308389</gml:pos>
</gml:Point>
</pos>
<orgName>国土地理院</orgName>
<type>三角点</type>
<gcpClass>四等三角点</gcpClass>
<gcpCode>TR44929478401</gcpCode>
<name>飯盛岳</name>
<B>119040.9526</B>
<L>467752.7102</L>
<alti>362.03</alti>
<altiAcc>2</altiAcc>
</GCP>
<GCP gml:id="K1_492947_40">
<fid>10-00100-0-2402-64437</fid>
<lfSpanFr gml:id="K1_492947_40-1">
<gml:timePosition>2025-02-19</gml:timePosition>
</lfSpanFr>
<devDate gml:id="K1_492947_40-2">
<gml:timePosition>2025-02-26</gml:timePosition>
</devDate>
<orgGILvl>KJ14</orgGILvl>
<vis>表示</vis>
<pos>
<gml:Point gml:id="K1_492947_40-g" srsName="fguuid:jgd2011.bl">
<gml:pos>33.079754694 129.892471333</gml:pos>
</gml:Point>
</pos>
<orgName>国土地理院</orgName>
<type>三角点</type>
<gcpClass>四等三角点</gcpClass>
<gcpCode>TR44929479101</gcpCode>
<name>浦の谷</name>
<B>119087.1169</B>
<L>467612.8968</L>
<alti>155.17</alti>
<altiAcc>2</altiAcc>
</GCP>
<GCP gml:id="K1_492947_41">
<fid>10-00100-0-2402-64438</fid>
<lfSpanFr gml:id="K1_492947_41-1">
<gml:timePosition>2025-02-19</gml:timePosition>
</lfSpanFr>
<devDate gml:id="K1_492947_41-2">
<gml:timePosition>2025-02-26</gml:timePosition>
</devDate>
<orgGILvl>KJ14</orgGILvl>
<vis>表示</vis>
<pos>
<gml:Point gml:id="K1_492947_41-g" srsName="fguuid:jgd2011.bl">
<gml:pos>33.078025528 129.919346611</gml:pos>
</gml:Point>
</pos>
<orgName>国土地理院</orgName>
<type>三角点</type>
<gcpClass>四等三角点</gcpClass>
<gcpCode>TR44929479301</gcpCode>
<name>高見岳</name>
<B>119080.8919</B>
<L>467709.6478</L>
<alti>537.77</alti>
<altiAcc>2</altiAcc>
</GCP>
<GCP gml:id="K1_492947_42">
<fid>10-00100-0-2402-64439</fid>
<lfSpanFr gml:id="K1_492947_42-1">
<gml:timePosition>2025-02-19</gml:timePosition>
</lfSpanFr>
<devDate gml:id="K1_492947_42-2">
<gml:timePosition>2025-02-26</gml:timePosition>
</devDate>
<orgGILvl>KJ14</orgGILvl>
<vis>表示</vis>
<pos>
<gml:Point gml:id="K1_492947_42-g" srsName="fguuid:jgd2011.bl">
<gml:pos>33.080426167 129.935871333</gml:pos>
</gml:Point>
</pos>
<orgName>国土地理院</orgName>
<type>三角点</type>
<gcpClass>四等三角点</gcpClass>
<gcpCode>TR44929479401</gcpCode>
<name>木場</name>
<B>119089.5342</B>
<L>467769.1368</L>
<alti>445.67</alti>
<altiAcc>2</altiAcc>
</GCP>
<GCP gml:id="K1_492947_43">
<fid>10-00100-0-2402-64440</fid>
<lfSpanFr gml:id="K1_492947_43-1">
<gml:timePosition>2025-02-19</gml:timePosition>
</lfSpanFr>
<devDate gml:id="K1_492947_43-2">
<gml:timePosition>2025-02-26</gml:timePosition>
</devDate>
<orgGILvl>KJ14</orgGILvl>
<vis>表示</vis>
<pos>
<gml:Point gml:id="K1_492947_43-g" srsName="fguuid:jgd2011.bl">
<gml:pos>33.077658889 129.949511861</gml:pos>
</gml:Point>
</pos>
<orgName>国土地理院</orgName>
<type>三角点</type>
<gcpClass>四等三角点</gcpClass>
<gcpCode>TR44929479501</gcpCode>
<name>上北向</name>
<B>119079.572</B>
<L>467818.2427</L>
<alti>325.51</alti>
<altiAcc>2</altiAcc>
</GCP>
<GCP gml:id="K1_492947_44">
<fid>10-00100-0-2402-64441</fid>
<lfSpanFr gml:id="K1_492947_44-1">
<gml:timePosition>2025-02-19</gml:timePosition>
</lfSpanFr>
<devDate gml:id="K1_492947_44-2">
<gml:timePosition>2025-02-26</gml:timePosition>
</devDate>
<orgGILvl>KJ14</orgGILvl>
<vis>表示</vis>
<pos>
<gml:Point gml:id="K1_492947_44-g" srsName="fguuid:jgd2011.bl">
<gml:pos>33.082660889 129.976167500</gml:pos>
</gml:Point>
</pos>
<orgName>国土地理院</orgName>
<type>三角点</type>
<gcpClass>四等三角点</gcpClass>
<gcpCode>TR44929479801</gcpCode>
<name>加杭</name>
<B>119097.5792</B>
<L>467914.203</L>
<alti>205.88</alti>
<altiAcc>2</altiAcc>
</GCP>
<GCP gml:id="K1_492947_45">
<fid>10-00100-0-2402-64442</fid>
<lfSpanFr gml:id="K1_492947_45-1">
<gml:timePosition>2025-02-19</gml:timePosition>
</lfSpanFr>
<devDate gml:id="K1_492947_45-2">
<gml:timePosition>2025-02-26</gml:timePosition>
</devDate>
<orgGILvl>KJ14</orgGILvl>
<vis>表示</vis>
<pos>
<gml:Point gml:id="K1_492947_45-g" srsName="fguuid:jgd2011.bl">
<gml:pos>33.076869889 129.985702028</gml:pos>
</gml:Point>
</pos>
<orgName>国土地理院</orgName>
<type>三角点</type>
<gcpClass>四等三角点</gcpClass>
<gcpCode>TR44929479802</gcpCode>
<name>藤ノ川</name>
<B>119076.7316</B>
<L>467948.5273</L>
<alti>308.42</alti>
<altiAcc>2</altiAcc>
</GCP>
</Dataset>
