<?xml version="1.0" encoding="utf-8"?>
<Dataset xsi:schemaLocation="http://fgd.gsi.go.jp/spec/2008/FGD_GMLSchema FGD_GMLSchema.xsd"
	xmlns:gml="http://www.opengis.net/gml/3.2"
	xmlns:xsi="http://www.w3.org/2001/XMLSchema-instance"
	xmlns:xlink="http://www.w3.org/1999/xlink"
	xmlns="http://fgd.gsi.go.jp/spec/2008/FGD_GMLSchema"
	gml:id="Dataset1">
  <gml:description>基盤地図情報メタデータ ID=fmdid:24-0701</gml:description>
  <gml:name>基盤地図情報ダウンロードデータ（GML版）</gml:name>
<WStrA gml:id="K28_4635011760_1">
<fid>20240607-46386-11769-s-604</fid>
<lfSpanFr gml:id="K28_4635011760_1-1">
<gml:timePosition>2024-06-07</gml:timePosition>
</lfSpanFr>
<devDate gml:id="K28_4635011760_1-2">
<gml:timePosition>2024-06-07</gml:timePosition>
</devDate>
<orgGILvl>2500</orgGILvl>
<vis>表示</vis>
<area>
<gml:Surface gml:id="K28_4635011760_1-g" srsName="fguuid:jgd2011.bl">
<gml:patches>
<gml:PolygonPatch>
<gml:exterior>
<gml:Ring>
<gml:curveMember>
<gml:Curve gml:id="K28_4635011760_1-3">
<gml:segments>
<gml:LineStringSegment>
<gml:posList>
32.7 128.855936506
32.701074349 128.856155865
32.701087731 128.85607149
32.70014398 128.85588276
32.700149377 128.85584504
32.7 128.855815172
32.697942467 128.855403764
32.697445146 128.855555658
32.697449456 128.855576616
32.696135566 128.855954968
32.696138616 128.85596945
32.695750658 128.856083545
32.69576676 128.85616011
32.697950215 128.855517985
32.7 128.855936506
</gml:posList>
</gml:LineStringSegment>
</gml:segments>
</gml:Curve>
</gml:curveMember>
</gml:Ring>
</gml:exterior>
</gml:PolygonPatch>
</gml:patches>
</gml:Surface>
</area>
<type>防波堤</type>
</WStrA>
<WStrA gml:id="K28_4635011760_2">
<fid>20240607-46386-11772-s-117</fid>
<lfSpanFr gml:id="K28_4635011760_2-1">
<gml:timePosition>2024-06-07</gml:timePosition>
</lfSpanFr>
<devDate gml:id="K28_4635011760_2-2">
<gml:timePosition>2024-06-07</gml:timePosition>
</devDate>
<orgGILvl>2500</orgGILvl>
<vis>表示</vis>
<area>
<gml:Surface gml:id="K28_4635011760_2-g" srsName="fguuid:jgd2011.bl">
<gml:patches>
<gml:PolygonPatch>
<gml:exterior>
<gml:Ring>
<gml:curveMember>
<gml:Curve gml:id="K28_4635011760_2-3">
<gml:segments>
<gml:LineStringSegment>
<gml:posList>
32.703163469 128.85
32.70158585 128.85191489
32.700474271 128.853999986
32.700523019 128.854036345
32.701636046 128.851948561
32.703243213 128.85
32.703513953 128.849671749
32.703475519 128.849621238
32.703163469 128.85
</gml:posList>
</gml:LineStringSegment>
</gml:segments>
</gml:Curve>
</gml:curveMember>
</gml:Ring>
</gml:exterior>
</gml:PolygonPatch>
</gml:patches>
</gml:Surface>
</area>
<type>防波堤</type>
</WStrA>
<WStrA gml:id="K28_4635011760_3">
<fid>20240607-46386-11769-s-600</fid>
<lfSpanFr gml:id="K28_4635011760_3-1">
<gml:timePosition>2024-06-07</gml:timePosition>
</lfSpanFr>
<devDate gml:id="K28_4635011760_3-2">
<gml:timePosition>2024-06-07</gml:timePosition>
</devDate>
<orgGILvl>2500</orgGILvl>
<vis>表示</vis>
<area>
<gml:Surface gml:id="K28_4635011760_3-g" srsName="fguuid:jgd2011.bl">
<gml:patches>
<gml:PolygonPatch>
<gml:exterior>
<gml:Ring>
<gml:curveMember>
<gml:Curve gml:id="K28_4635011760_3-3">
<gml:segments>
<gml:LineStringSegment>
<gml:posList>
32.692373755 128.857063411
32.692391344 128.857155575
32.695032755 128.856377118
32.695013437 128.856285444
32.692373755 128.857063411
</gml:posList>
</gml:LineStringSegment>
</gml:segments>
</gml:Curve>
</gml:curveMember>
</gml:Ring>
</gml:exterior>
</gml:PolygonPatch>
</gml:patches>
</gml:Surface>
</area>
<type>防波堤</type>
</WStrA>
<WStrA gml:id="K28_4635011760_4">
<fid>20240607-46383-11772-s-2870</fid>
<lfSpanFr gml:id="K28_4635011760_4-1">
<gml:timePosition>2024-06-07</gml:timePosition>
</lfSpanFr>
<devDate gml:id="K28_4635011760_4-2">
<gml:timePosition>2024-06-07</gml:timePosition>
</devDate>
<orgGILvl>2500</orgGILvl>
<vis>表示</vis>
<area>
<gml:Surface gml:id="K28_4635011760_4-g" srsName="fguuid:jgd2011.bl">
<gml:patches>
<gml:PolygonPatch>
<gml:exterior>
<gml:Ring>
<gml:curveMember>
<gml:Curve gml:id="K28_4635011760_4-3">
<gml:segments>
<gml:LineStringSegment>
<gml:posList>
32.705956522 128.846561283
32.705953753 128.846581974
32.705908679 128.846919739
32.705907163 128.846931094
32.705935838 128.846939354
32.705948891 128.846849294
32.705991115 128.84655797
32.706425071 128.845129662
32.706842946 128.844737155
32.706917778 128.844445933
32.706881914 128.844432084
32.706853224 128.844421009
32.706778283 128.844689651
32.706346123 128.84509072
32.705947562 128.846442582
32.705988218 128.846460631
32.705956522 128.846561283
</gml:posList>
</gml:LineStringSegment>
</gml:segments>
</gml:Curve>
</gml:curveMember>
</gml:Ring>
</gml:exterior>
</gml:PolygonPatch>
</gml:patches>
</gml:Surface>
</area>
<type>防波堤</type>
</WStrA>
<WStrA gml:id="K28_4635011760_5">
<fid>20240607-46386-11769-s-602</fid>
<lfSpanFr gml:id="K28_4635011760_5-1">
<gml:timePosition>2024-06-07</gml:timePosition>
</lfSpanFr>
<devDate gml:id="K28_4635011760_5-2">
<gml:timePosition>2024-06-07</gml:timePosition>
</devDate>
<orgGILvl>2500</orgGILvl>
<vis>表示</vis>
<area>
<gml:Surface gml:id="K28_4635011760_5-g" srsName="fguuid:jgd2011.bl">
<gml:patches>
<gml:PolygonPatch>
<gml:exterior>
<gml:Ring>
<gml:curveMember>
<gml:Curve gml:id="K28_4635011760_5-3">
<gml:segments>
<gml:LineStringSegment>
<gml:posList>
32.697672236 128.852273494
32.697673962 128.852607865
32.698148211 128.851575893
32.698026135 128.851500584
32.697672236 128.852273494
</gml:posList>
</gml:LineStringSegment>
</gml:segments>
</gml:Curve>
</gml:curveMember>
</gml:Ring>
</gml:exterior>
</gml:PolygonPatch>
</gml:patches>
</gml:Surface>
</area>
<type>防波堤</type>
</WStrA>
<WStrA gml:id="K28_4635011760_6">
<fid>20240607-46386-11769-s-601</fid>
<lfSpanFr gml:id="K28_4635011760_6-1">
<gml:timePosition>2024-06-07</gml:timePosition>
</lfSpanFr>
<devDate gml:id="K28_4635011760_6-2">
<gml:timePosition>2024-06-07</gml:timePosition>
</devDate>
<orgGILvl>2500</orgGILvl>
<vis>表示</vis>
<area>
<gml:Surface gml:id="K28_4635011760_6-g" srsName="fguuid:jgd2011.bl">
<gml:patches>
<gml:PolygonPatch>
<gml:exterior>
<gml:Ring>
<gml:curveMember>
<gml:Curve gml:id="K28_4635011760_6-3">
<gml:segments>
<gml:LineStringSegment>
<gml:posList>
32.696092009 128.857152151
32.696068322 128.857038334
32.695024816 128.857342093
32.695048503 128.857455919
32.696092009 128.857152151
</gml:posList>
</gml:LineStringSegment>
</gml:segments>
</gml:Curve>
</gml:curveMember>
</gml:Ring>
</gml:exterior>
</gml:PolygonPatch>
</gml:patches>
</gml:Surface>
</area>
<type>防波堤</type>
</WStrA>
<WStrA gml:id="K28_4635011760_7">
<fid>20240607-46383-11772-s-2865</fid>
<lfSpanFr gml:id="K28_4635011760_7-1">
<gml:timePosition>2024-06-07</gml:timePosition>
</lfSpanFr>
<devDate gml:id="K28_4635011760_7-2">
<gml:timePosition>2024-06-07</gml:timePosition>
</devDate>
<orgGILvl>2500</orgGILvl>
<vis>表示</vis>
<area>
<gml:Surface gml:id="K28_4635011760_7-g" srsName="fguuid:jgd2011.bl">
<gml:patches>
<gml:PolygonPatch>
<gml:exterior>
<gml:Ring>
<gml:curveMember>
<gml:Curve gml:id="K28_4635011760_7-3">
<gml:segments>
<gml:LineStringSegment>
<gml:posList>
32.70268044 128.847637928
32.702865265 128.84900989
32.702935479 128.8489996
32.702759235 128.84769111
32.702750339 128.847624514
32.70268044 128.847637928
</gml:posList>
</gml:LineStringSegment>
</gml:segments>
</gml:Curve>
</gml:curveMember>
</gml:Ring>
</gml:exterior>
</gml:PolygonPatch>
</gml:patches>
</gml:Surface>
</area>
<type>防波堤</type>
</WStrA>
<WStrA gml:id="K28_4635011760_8">
<fid>20240607-46374-11763-s-1666</fid>
<lfSpanFr gml:id="K28_4635011760_8-1">
<gml:timePosition>2024-06-07</gml:timePosition>
</lfSpanFr>
<devDate gml:id="K28_4635011760_8-2">
<gml:timePosition>2024-06-07</gml:timePosition>
</devDate>
<orgGILvl>2500</orgGILvl>
<vis>表示</vis>
<area>
<gml:Surface gml:id="K28_4635011760_8-g" srsName="fguuid:jgd2011.bl">
<gml:patches>
<gml:PolygonPatch>
<gml:exterior>
<gml:Ring>
<gml:curveMember>
<gml:Curve gml:id="K28_4635011760_8-3">
<gml:segments>
<gml:LineStringSegment>
<gml:posList>
32.6819368 128.817931958
32.681922608 128.817933634
32.68188951 128.817937543
32.681863947 128.817940562
32.681844768 128.81798898
32.681889869 128.818779686
32.681960946 128.818980287
32.681965112 128.818980255
32.681989855 128.818980067
32.681994969 128.818980029
32.6819368 128.817931958
</gml:posList>
</gml:LineStringSegment>
</gml:segments>
</gml:Curve>
</gml:curveMember>
</gml:Ring>
</gml:exterior>
</gml:PolygonPatch>
</gml:patches>
</gml:Surface>
</area>
<type>ダム</type>
<name>福江ダム</name>
</WStrA>
<WStrA gml:id="K28_4635011760_9">
<fid>20240607-46383-11769-s-6089</fid>
<lfSpanFr gml:id="K28_4635011760_9-1">
<gml:timePosition>2024-06-07</gml:timePosition>
</lfSpanFr>
<devDate gml:id="K28_4635011760_9-2">
<gml:timePosition>2024-06-07</gml:timePosition>
</devDate>
<orgGILvl>2500</orgGILvl>
<vis>表示</vis>
<area>
<gml:Surface gml:id="K28_4635011760_9-g" srsName="fguuid:jgd2011.bl">
<gml:patches>
<gml:PolygonPatch>
<gml:exterior>
<gml:Ring>
<gml:curveMember>
<gml:Curve gml:id="K28_4635011760_9-3">
<gml:segments>
<gml:LineStringSegment>
<gml:posList>
32.697121495 128.847717232
32.696910973 128.848060748
32.696671976 128.848429339
32.696559885 128.848632596
32.696741838 128.848769738
32.696832447 128.84859572
32.696694146 128.848490843
32.696940809 128.848082415
32.697141055 128.847734602
32.697121495 128.847717232
</gml:posList>
</gml:LineStringSegment>
</gml:segments>
</gml:Curve>
</gml:curveMember>
</gml:Ring>
</gml:exterior>
</gml:PolygonPatch>
</gml:patches>
</gml:Surface>
</area>
<type>防波堤</type>
</WStrA>
<WStrA gml:id="K28_4635011760_10">
<fid>20240607-46386-11769-s-603</fid>
<lfSpanFr gml:id="K28_4635011760_10-1">
<gml:timePosition>2024-06-07</gml:timePosition>
</lfSpanFr>
<devDate gml:id="K28_4635011760_10-2">
<gml:timePosition>2024-06-07</gml:timePosition>
</devDate>
<orgGILvl>2500</orgGILvl>
<vis>表示</vis>
<area>
<gml:Surface gml:id="K28_4635011760_10-g" srsName="fguuid:jgd2011.bl">
<gml:patches>
<gml:PolygonPatch>
<gml:exterior>
<gml:Ring>
<gml:curveMember>
<gml:Curve gml:id="K28_4635011760_10-3">
<gml:segments>
<gml:LineStringSegment>
<gml:posList>
32.69867568 128.85
32.698556725 128.850268052
32.698600926 128.850291622
32.698729184 128.85
32.699055907 128.849257122
32.699017823 128.849229018
32.69867568 128.85
</gml:posList>
</gml:LineStringSegment>
</gml:segments>
</gml:Curve>
</gml:curveMember>
</gml:Ring>
</gml:exterior>
</gml:PolygonPatch>
</gml:patches>
</gml:Surface>
</area>
<type>防波堤</type>
</WStrA>
<WStrA gml:id="K28_4635011760_11">
<fid>20240607-46386-11772-s-114</fid>
<lfSpanFr gml:id="K28_4635011760_11-1">
<gml:timePosition>2024-06-07</gml:timePosition>
</lfSpanFr>
<devDate gml:id="K28_4635011760_11-2">
<gml:timePosition>2024-06-07</gml:timePosition>
</devDate>
<orgGILvl>2500</orgGILvl>
<vis>表示</vis>
<area>
<gml:Surface gml:id="K28_4635011760_11-g" srsName="fguuid:jgd2011.bl">
<gml:patches>
<gml:PolygonPatch>
<gml:exterior>
<gml:Ring>
<gml:curveMember>
<gml:Curve gml:id="K28_4635011760_11-3">
<gml:segments>
<gml:LineStringSegment>
<gml:posList>
32.700699409 128.850955167
32.700928927 128.851142476
32.701354987 128.851488007
32.701385042 128.85143892
32.701113928 128.851222579
32.701113827 128.85120303
32.700731218 128.850896458
32.700708864 128.850937717
32.700699409 128.850955167
</gml:posList>
</gml:LineStringSegment>
</gml:segments>
</gml:Curve>
</gml:curveMember>
</gml:Ring>
</gml:exterior>
</gml:PolygonPatch>
</gml:patches>
</gml:Surface>
</area>
<type>防波堤</type>
</WStrA>
<WStrA gml:id="K28_4635011760_12">
<fid>20240607-46392-11763-s-1889</fid>
<lfSpanFr gml:id="K28_4635011760_12-1">
<gml:timePosition>2024-06-07</gml:timePosition>
</lfSpanFr>
<devDate gml:id="K28_4635011760_12-2">
<gml:timePosition>2024-06-07</gml:timePosition>
</devDate>
<orgGILvl>2500</orgGILvl>
<vis>表示</vis>
<area>
<gml:Surface gml:id="K28_4635011760_12-g" srsName="fguuid:jgd2011.bl">
<gml:patches>
<gml:PolygonPatch>
<gml:exterior>
<gml:Ring>
<gml:curveMember>
<gml:Curve gml:id="K28_4635011760_12-3">
<gml:segments>
<gml:LineStringSegment>
<gml:posList>
32.676582231 128.875
32.676751862 128.875
32.677028988 128.874850106
32.6772078 128.874878311
32.677216946 128.874797253
32.677019948 128.874766179
32.676582231 128.875
</gml:posList>
</gml:LineStringSegment>
</gml:segments>
</gml:Curve>
</gml:curveMember>
</gml:Ring>
</gml:exterior>
</gml:PolygonPatch>
</gml:patches>
</gml:Surface>
</area>
<type>防波堤</type>
</WStrA>
<WStrA gml:id="K28_4635011760_13">
<fid>20240607-46383-11772-s-2869</fid>
<lfSpanFr gml:id="K28_4635011760_13-1">
<gml:timePosition>2024-06-07</gml:timePosition>
</lfSpanFr>
<devDate gml:id="K28_4635011760_13-2">
<gml:timePosition>2024-06-07</gml:timePosition>
</devDate>
<orgGILvl>2500</orgGILvl>
<vis>表示</vis>
<area>
<gml:Surface gml:id="K28_4635011760_13-g" srsName="fguuid:jgd2011.bl">
<gml:patches>
<gml:PolygonPatch>
<gml:exterior>
<gml:Ring>
<gml:curveMember>
<gml:Curve gml:id="K28_4635011760_13-3">
<gml:segments>
<gml:LineStringSegment>
<gml:posList>
32.705604392 128.843323892
32.705580614 128.843338177
32.705698623 128.84349164
32.706366165 128.844359656
32.706392267 128.844331253
32.705718948 128.843470359
32.705604392 128.843323892
</gml:posList>
</gml:LineStringSegment>
</gml:segments>
</gml:Curve>
</gml:curveMember>
</gml:Ring>
</gml:exterior>
</gml:PolygonPatch>
</gml:patches>
</gml:Surface>
</area>
<type>防波堤</type>
</WStrA>
<WStrA gml:id="K28_4635011760_14">
<fid>20240607-46392-11763-s-1892</fid>
<lfSpanFr gml:id="K28_4635011760_14-1">
<gml:timePosition>2024-06-07</gml:timePosition>
</lfSpanFr>
<devDate gml:id="K28_4635011760_14-2">
<gml:timePosition>2024-06-07</gml:timePosition>
</devDate>
<orgGILvl>2500</orgGILvl>
<vis>表示</vis>
<area>
<gml:Surface gml:id="K28_4635011760_14-g" srsName="fguuid:jgd2011.bl">
<gml:patches>
<gml:PolygonPatch>
<gml:exterior>
<gml:Ring>
<gml:curveMember>
<gml:Curve gml:id="K28_4635011760_14-3">
<gml:segments>
<gml:LineStringSegment>
<gml:posList>
32.677670323 128.874327184
32.677614235 128.874340435
32.677702743 128.874864553
32.677758831 128.874851313
32.677670323 128.874327184
</gml:posList>
</gml:LineStringSegment>
</gml:segments>
</gml:Curve>
</gml:curveMember>
</gml:Ring>
</gml:exterior>
</gml:PolygonPatch>
</gml:patches>
</gml:Surface>
</area>
<type>防波堤</type>
</WStrA>
<WStrA gml:id="K28_4635011760_15">
<fid>20240607-46383-11772-s-2868</fid>
<lfSpanFr gml:id="K28_4635011760_15-1">
<gml:timePosition>2024-06-07</gml:timePosition>
</lfSpanFr>
<devDate gml:id="K28_4635011760_15-2">
<gml:timePosition>2024-06-07</gml:timePosition>
</devDate>
<orgGILvl>2500</orgGILvl>
<vis>表示</vis>
<area>
<gml:Surface gml:id="K28_4635011760_15-g" srsName="fguuid:jgd2011.bl">
<gml:patches>
<gml:PolygonPatch>
<gml:exterior>
<gml:Ring>
<gml:curveMember>
<gml:Curve gml:id="K28_4635011760_15-3">
<gml:segments>
<gml:LineStringSegment>
<gml:posList>
32.703825026 128.848997706
32.703879064 128.84903987
32.704127053 128.848622741
32.704089612 128.84859173
32.70394293 128.848831742
32.703928443 128.848820467
32.703825026 128.848997706
</gml:posList>
</gml:LineStringSegment>
</gml:segments>
</gml:Curve>
</gml:curveMember>
</gml:Ring>
</gml:exterior>
</gml:PolygonPatch>
</gml:patches>
</gml:Surface>
</area>
<type>防波堤</type>
</WStrA>
<WStrA gml:id="K28_4635011760_16">
<fid>20240607-46392-11763-s-1890</fid>
<lfSpanFr gml:id="K28_4635011760_16-1">
<gml:timePosition>2024-06-07</gml:timePosition>
</lfSpanFr>
<devDate gml:id="K28_4635011760_16-2">
<gml:timePosition>2024-06-07</gml:timePosition>
</devDate>
<orgGILvl>2500</orgGILvl>
<vis>表示</vis>
<area>
<gml:Surface gml:id="K28_4635011760_16-g" srsName="fguuid:jgd2011.bl">
<gml:patches>
<gml:PolygonPatch>
<gml:exterior>
<gml:Ring>
<gml:curveMember>
<gml:Curve gml:id="K28_4635011760_16-3">
<gml:segments>
<gml:LineStringSegment>
<gml:posList>
32.67623214 128.874441597
32.676183418 128.874480023
32.676217948 128.874573758
32.676306272 128.874813524
32.676359126 128.874786297
32.676251785 128.874494911
32.67623214 128.874441597
</gml:posList>
</gml:LineStringSegment>
</gml:segments>
</gml:Curve>
</gml:curveMember>
</gml:Ring>
</gml:exterior>
</gml:PolygonPatch>
</gml:patches>
</gml:Surface>
</area>
<type>防波堤</type>
</WStrA>
<WStrA gml:id="K28_4635011760_17">
<fid>20240607-46389-11766-s-477</fid>
<lfSpanFr gml:id="K28_4635011760_17-1">
<gml:timePosition>2024-06-07</gml:timePosition>
</lfSpanFr>
<devDate gml:id="K28_4635011760_17-2">
<gml:timePosition>2024-06-07</gml:timePosition>
</devDate>
<orgGILvl>2500</orgGILvl>
<vis>表示</vis>
<area>
<gml:Surface gml:id="K28_4635011760_17-g" srsName="fguuid:jgd2011.bl">
<gml:patches>
<gml:PolygonPatch>
<gml:exterior>
<gml:Ring>
<gml:curveMember>
<gml:Curve gml:id="K28_4635011760_17-3">
<gml:segments>
<gml:LineStringSegment>
<gml:posList>
32.686013733 128.860635036
32.686068061 128.860190238
32.686054202 128.860102052
32.686021724 128.860113609
32.686035549 128.860195002
32.685976611 128.860641315
32.686013733 128.860635036
</gml:posList>
</gml:LineStringSegment>
</gml:segments>
</gml:Curve>
</gml:curveMember>
</gml:Ring>
</gml:exterior>
</gml:PolygonPatch>
</gml:patches>
</gml:Surface>
</area>
<type>防波堤</type>
</WStrA>
<WStrA gml:id="K28_4635011760_18">
<fid>20240607-46377-11766-s-1505</fid>
<lfSpanFr gml:id="K28_4635011760_18-1">
<gml:timePosition>2024-06-07</gml:timePosition>
</lfSpanFr>
<devDate gml:id="K28_4635011760_18-2">
<gml:timePosition>2024-06-07</gml:timePosition>
</devDate>
<orgGILvl>2500</orgGILvl>
<vis>表示</vis>
<area>
<gml:Surface gml:id="K28_4635011760_18-g" srsName="fguuid:jgd2011.bl">
<gml:patches>
<gml:PolygonPatch>
<gml:exterior>
<gml:Ring>
<gml:curveMember>
<gml:Curve gml:id="K28_4635011760_18-3">
<gml:segments>
<gml:LineStringSegment>
<gml:posList>
32.690096125 128.830889665
32.690071561 128.830889848
32.69006976 128.830922398
32.690062328 128.830921437
32.689950768 128.830907012
32.689954349 128.830839588
32.689921922 128.83083983
32.689916307 128.830894493
32.689816066 128.830876943
32.689795319 128.83087331
32.689789737 128.830932613
32.689829318 128.830936622
32.690049525 128.830958927
32.690089022 128.830962928
32.690096125 128.830889665
</gml:posList>
</gml:LineStringSegment>
</gml:segments>
</gml:Curve>
</gml:curveMember>
</gml:Ring>
</gml:exterior>
</gml:PolygonPatch>
</gml:patches>
</gml:Surface>
</area>
<type>せき</type>
</WStrA>
<WStrA gml:id="K28_4635011760_19">
<fid>20240607-46392-11763-s-1891</fid>
<lfSpanFr gml:id="K28_4635011760_19-1">
<gml:timePosition>2024-06-07</gml:timePosition>
</lfSpanFr>
<devDate gml:id="K28_4635011760_19-2">
<gml:timePosition>2024-06-07</gml:timePosition>
</devDate>
<orgGILvl>2500</orgGILvl>
<vis>表示</vis>
<area>
<gml:Surface gml:id="K28_4635011760_19-g" srsName="fguuid:jgd2011.bl">
<gml:patches>
<gml:PolygonPatch>
<gml:exterior>
<gml:Ring>
<gml:curveMember>
<gml:Curve gml:id="K28_4635011760_19-3">
<gml:segments>
<gml:LineStringSegment>
<gml:posList>
32.676768393 128.874082388
32.676737973 128.874108873
32.676930444 128.874467438
32.676962267 128.874443556
32.676768393 128.874082388
</gml:posList>
</gml:LineStringSegment>
</gml:segments>
</gml:Curve>
</gml:curveMember>
</gml:Ring>
</gml:exterior>
</gml:PolygonPatch>
</gml:patches>
</gml:Surface>
</area>
<type>防波堤</type>
</WStrA>
<WStrA gml:id="K28_4635011760_20">
<fid>20240607-46374-11763-s-952</fid>
<lfSpanFr gml:id="K28_4635011760_20-1">
<gml:timePosition>2024-06-07</gml:timePosition>
</lfSpanFr>
<devDate gml:id="K28_4635011760_20-2">
<gml:timePosition>2024-06-07</gml:timePosition>
</devDate>
<orgGILvl>2500</orgGILvl>
<vis>表示</vis>
<area>
<gml:Surface gml:id="K28_4635011760_20-g" srsName="fguuid:jgd2011.bl">
<gml:patches>
<gml:PolygonPatch>
<gml:exterior>
<gml:Ring>
<gml:curveMember>
<gml:Curve gml:id="K28_4635011760_20-3">
<gml:segments>
<gml:LineStringSegment>
<gml:posList>
32.681178721 128.818751475
32.681168895 128.818777205
32.681200959 128.818796379
32.681155934 128.81892776
32.681205323 128.818952337
32.681244243 128.81882933
32.681289638 128.818851894
32.681309492 128.818861763
32.681321328 128.818827689
32.681276092 128.818803513
32.681178721 128.818751475
</gml:posList>
</gml:LineStringSegment>
</gml:segments>
</gml:Curve>
</gml:curveMember>
</gml:Ring>
</gml:exterior>
</gml:PolygonPatch>
</gml:patches>
</gml:Surface>
</area>
<type>せき</type>
</WStrA>
<WStrA gml:id="K28_4635011760_21">
<fid>20240607-46386-11766-s-4836</fid>
<lfSpanFr gml:id="K28_4635011760_21-1">
<gml:timePosition>2024-06-07</gml:timePosition>
</lfSpanFr>
<devDate gml:id="K28_4635011760_21-2">
<gml:timePosition>2024-06-07</gml:timePosition>
</devDate>
<orgGILvl>2500</orgGILvl>
<vis>表示</vis>
<area>
<gml:Surface gml:id="K28_4635011760_21-g" srsName="fguuid:jgd2011.bl">
<gml:patches>
<gml:PolygonPatch>
<gml:exterior>
<gml:Ring>
<gml:curveMember>
<gml:Curve gml:id="K28_4635011760_21-3">
<gml:segments>
<gml:LineStringSegment>
<gml:posList>
32.691666667 128.852738309
32.691684074 128.852785695
32.691715591 128.852769791
32.691666667 128.852640078
32.691588787 128.852433595
32.691559976 128.85244788
32.691666667 128.852738309
</gml:posList>
</gml:LineStringSegment>
</gml:segments>
</gml:Curve>
</gml:curveMember>
</gml:Ring>
</gml:exterior>
</gml:PolygonPatch>
</gml:patches>
</gml:Surface>
</area>
<type>防波堤</type>
</WStrA>
<WStrA gml:id="K28_4635011760_22">
<fid>20240607-46380-11775-s-688</fid>
<lfSpanFr gml:id="K28_4635011760_22-1">
<gml:timePosition>2024-06-07</gml:timePosition>
</lfSpanFr>
<devDate gml:id="K28_4635011760_22-2">
<gml:timePosition>2024-06-07</gml:timePosition>
</devDate>
<orgGILvl>2500</orgGILvl>
<vis>表示</vis>
<area>
<gml:Surface gml:id="K28_4635011760_22-g" srsName="fguuid:jgd2011.bl">
<gml:patches>
<gml:PolygonPatch>
<gml:exterior>
<gml:Ring>
<gml:curveMember>
<gml:Curve gml:id="K28_4635011760_22-3">
<gml:segments>
<gml:LineStringSegment>
<gml:posList>
32.71444038 128.839344153
32.71447205 128.839676306
32.714506137 128.83967102
32.714472518 128.839342295
32.71444038 128.839344153
</gml:posList>
</gml:LineStringSegment>
</gml:segments>
</gml:Curve>
</gml:curveMember>
</gml:Ring>
</gml:exterior>
</gml:PolygonPatch>
</gml:patches>
</gml:Surface>
</area>
<type>防波堤</type>
</WStrA>
<WStrA gml:id="K28_4635011760_23">
<fid>20240607-46383-11766-s-4464</fid>
<lfSpanFr gml:id="K28_4635011760_23-1">
<gml:timePosition>2024-06-07</gml:timePosition>
</lfSpanFr>
<devDate gml:id="K28_4635011760_23-2">
<gml:timePosition>2024-06-07</gml:timePosition>
</devDate>
<orgGILvl>2500</orgGILvl>
<vis>表示</vis>
<area>
<gml:Surface gml:id="K28_4635011760_23-g" srsName="fguuid:jgd2011.bl">
<gml:patches>
<gml:PolygonPatch>
<gml:exterior>
<gml:Ring>
<gml:curveMember>
<gml:Curve gml:id="K28_4635011760_23-3">
<gml:segments>
<gml:LineStringSegment>
<gml:posList>
32.68905985 128.849013519
32.688932902 128.849197094
32.688962564 128.849223635
32.689083727 128.849063381
32.68905985 128.849013519
</gml:posList>
</gml:LineStringSegment>
</gml:segments>
</gml:Curve>
</gml:curveMember>
</gml:Ring>
</gml:exterior>
</gml:PolygonPatch>
</gml:patches>
</gml:Surface>
</area>
<type>防波堤</type>
</WStrA>
<WStrA gml:id="K28_4635011760_24">
<fid>20240607-46374-11763-s-953</fid>
<lfSpanFr gml:id="K28_4635011760_24-1">
<gml:timePosition>2024-06-07</gml:timePosition>
</lfSpanFr>
<devDate gml:id="K28_4635011760_24-2">
<gml:timePosition>2024-06-07</gml:timePosition>
</devDate>
<orgGILvl>2500</orgGILvl>
<vis>表示</vis>
<area>
<gml:Surface gml:id="K28_4635011760_24-g" srsName="fguuid:jgd2011.bl">
<gml:patches>
<gml:PolygonPatch>
<gml:exterior>
<gml:Ring>
<gml:curveMember>
<gml:Curve gml:id="K28_4635011760_24-3">
<gml:segments>
<gml:LineStringSegment>
<gml:posList>
32.681518676 128.818401148
32.681519005 128.818416074
32.681522314 128.818566132
32.681563735 128.81856489
32.681563667 128.818562033
32.681560081 128.818410281
32.681559683 128.818393447
32.681518676 128.818401148
</gml:posList>
</gml:LineStringSegment>
</gml:segments>
</gml:Curve>
</gml:curveMember>
</gml:Ring>
</gml:exterior>
</gml:PolygonPatch>
</gml:patches>
</gml:Surface>
</area>
<type>せき</type>
</WStrA>
<WStrA gml:id="K28_4635011760_25">
<fid>20240607-46380-11766-s-3102</fid>
<lfSpanFr gml:id="K28_4635011760_25-1">
<gml:timePosition>2024-06-07</gml:timePosition>
</lfSpanFr>
<devDate gml:id="K28_4635011760_25-2">
<gml:timePosition>2024-06-07</gml:timePosition>
</devDate>
<orgGILvl>2500</orgGILvl>
<vis>表示</vis>
<area>
<gml:Surface gml:id="K28_4635011760_25-g" srsName="fguuid:jgd2011.bl">
<gml:patches>
<gml:PolygonPatch>
<gml:exterior>
<gml:Ring>
<gml:curveMember>
<gml:Curve gml:id="K28_4635011760_25-3">
<gml:segments>
<gml:LineStringSegment>
<gml:posList>
32.689666409 128.834610034
32.689567427 128.834772906
32.689591606 128.834795484
32.689601452 128.834779193
32.689691773 128.834629756
32.689666409 128.834610034
</gml:posList>
</gml:LineStringSegment>
</gml:segments>
</gml:Curve>
</gml:curveMember>
</gml:Ring>
</gml:exterior>
</gml:PolygonPatch>
</gml:patches>
</gml:Surface>
</area>
<type>せき</type>
</WStrA>
<WStrA gml:id="K28_4635011760_26">
<fid>20240607-46368-11769-s-1373</fid>
<lfSpanFr gml:id="K28_4635011760_26-1">
<gml:timePosition>2024-06-07</gml:timePosition>
</lfSpanFr>
<devDate gml:id="K28_4635011760_26-2">
<gml:timePosition>2024-06-07</gml:timePosition>
</devDate>
<orgGILvl>2500</orgGILvl>
<vis>表示</vis>
<area>
<gml:Surface gml:id="K28_4635011760_26-g" srsName="fguuid:jgd2011.bl">
<gml:patches>
<gml:PolygonPatch>
<gml:exterior>
<gml:Ring>
<gml:curveMember>
<gml:Curve gml:id="K28_4635011760_26-3">
<gml:segments>
<gml:LineStringSegment>
<gml:posList>
32.697342084 128.80257871
32.697310926 128.802584935
32.697311544 128.802588167
32.697339487 128.802734194
32.697340451 128.802739231
32.697369059 128.80273005
32.697367504 128.802721325
32.697343201 128.802584977
32.697342084 128.80257871
</gml:posList>
</gml:LineStringSegment>
</gml:segments>
</gml:Curve>
</gml:curveMember>
</gml:Ring>
</gml:exterior>
</gml:PolygonPatch>
</gml:patches>
</gml:Surface>
</area>
<type>せき</type>
</WStrA>
<WStrA gml:id="K28_4635011760_27">
<fid>20240607-46380-11769-s-5841</fid>
<lfSpanFr gml:id="K28_4635011760_27-1">
<gml:timePosition>2024-06-07</gml:timePosition>
</lfSpanFr>
<devDate gml:id="K28_4635011760_27-2">
<gml:timePosition>2024-06-07</gml:timePosition>
</devDate>
<orgGILvl>2500</orgGILvl>
<vis>表示</vis>
<area>
<gml:Surface gml:id="K28_4635011760_27-g" srsName="fguuid:jgd2011.bl">
<gml:patches>
<gml:PolygonPatch>
<gml:exterior>
<gml:Ring>
<gml:curveMember>
<gml:Curve gml:id="K28_4635011760_27-3">
<gml:segments>
<gml:LineStringSegment>
<gml:posList>
32.691684714 128.83791116
32.691696009 128.837956411
32.691705532 128.83795296
32.69171331 128.837982891
32.691702646 128.837985455
32.691713174 128.83803069
32.691735142 128.838023327
32.691755825 128.838016394
32.691743206 128.837974768
32.691734266 128.837977554
32.691725716 128.8379483
32.691734647 128.837942145
32.691723924 128.837897583
32.691684714 128.83791116
</gml:posList>
</gml:LineStringSegment>
</gml:segments>
</gml:Curve>
</gml:curveMember>
</gml:Ring>
</gml:exterior>
</gml:PolygonPatch>
</gml:patches>
</gml:Surface>
</area>
<type>水門</type>
</WStrA>
<WStrA gml:id="K28_4635011760_28">
<fid>20240607-46371-11766-s-1248</fid>
<lfSpanFr gml:id="K28_4635011760_28-1">
<gml:timePosition>2024-06-07</gml:timePosition>
</lfSpanFr>
<devDate gml:id="K28_4635011760_28-2">
<gml:timePosition>2024-06-07</gml:timePosition>
</devDate>
<orgGILvl>2500</orgGILvl>
<vis>表示</vis>
<area>
<gml:Surface gml:id="K28_4635011760_28-g" srsName="fguuid:jgd2011.bl">
<gml:patches>
<gml:PolygonPatch>
<gml:exterior>
<gml:Ring>
<gml:curveMember>
<gml:Curve gml:id="K28_4635011760_28-3">
<gml:segments>
<gml:LineStringSegment>
<gml:posList>
32.687146816 128.808670327
32.687137454 128.808679302
32.687046437 128.808766555
32.687040956 128.808771809
32.687052169 128.808805293
32.687058646 128.808798879
32.687142156 128.808716178
32.687147042 128.808711339
32.687146816 128.808670327
</gml:posList>
</gml:LineStringSegment>
</gml:segments>
</gml:Curve>
</gml:curveMember>
</gml:Ring>
</gml:exterior>
</gml:PolygonPatch>
</gml:patches>
</gml:Surface>
</area>
<type>せき</type>
</WStrA>
<WStrA gml:id="K28_4635011760_29">
<fid>20240607-46374-11763-s-951</fid>
<lfSpanFr gml:id="K28_4635011760_29-1">
<gml:timePosition>2024-06-07</gml:timePosition>
</lfSpanFr>
<devDate gml:id="K28_4635011760_29-2">
<gml:timePosition>2024-06-07</gml:timePosition>
</devDate>
<orgGILvl>2500</orgGILvl>
<vis>表示</vis>
<area>
<gml:Surface gml:id="K28_4635011760_29-g" srsName="fguuid:jgd2011.bl">
<gml:patches>
<gml:PolygonPatch>
<gml:exterior>
<gml:Ring>
<gml:curveMember>
<gml:Curve gml:id="K28_4635011760_29-3">
<gml:segments>
<gml:LineStringSegment>
<gml:posList>
32.681127342 128.81961821
32.681131417 128.819589858
32.681029901 128.819569462
32.681025825 128.819597824
32.681127342 128.81961821
</gml:posList>
</gml:LineStringSegment>
</gml:segments>
</gml:Curve>
</gml:curveMember>
</gml:Ring>
</gml:exterior>
</gml:PolygonPatch>
</gml:patches>
</gml:Surface>
</area>
<type>せき</type>
</WStrA>
<WStrA gml:id="K28_4635011760_30">
<fid>20240607-46380-11766-s-3103</fid>
<lfSpanFr gml:id="K28_4635011760_30-1">
<gml:timePosition>2024-06-07</gml:timePosition>
</lfSpanFr>
<devDate gml:id="K28_4635011760_30-2">
<gml:timePosition>2024-06-07</gml:timePosition>
</devDate>
<orgGILvl>2500</orgGILvl>
<vis>表示</vis>
<area>
<gml:Surface gml:id="K28_4635011760_30-g" srsName="fguuid:jgd2011.bl">
<gml:patches>
<gml:PolygonPatch>
<gml:exterior>
<gml:Ring>
<gml:curveMember>
<gml:Curve gml:id="K28_4635011760_30-3">
<gml:segments>
<gml:LineStringSegment>
<gml:posList>
32.689955695 128.834988023
32.68991851 128.834961639
32.689913411 128.834971029
32.689922602 128.83497818
32.689910153 128.834999675
32.689906338 128.835006262
32.689898307 128.835001811
32.68988474 128.835031675
32.689919209 128.835059381
32.689938837 128.835022999
32.689931175 128.8350151
32.689934891 128.835006691
32.689940977 128.834992921
32.68994901 128.834997681
32.689955695 128.834988023
</gml:posList>
</gml:LineStringSegment>
</gml:segments>
</gml:Curve>
</gml:curveMember>
</gml:Ring>
</gml:exterior>
</gml:PolygonPatch>
</gml:patches>
</gml:Surface>
</area>
<type>せき</type>
</WStrA>
<WStrA gml:id="K28_4635011760_31">
<fid>20240607-46368-11772-s-852</fid>
<lfSpanFr gml:id="K28_4635011760_31-1">
<gml:timePosition>2024-06-07</gml:timePosition>
</lfSpanFr>
<devDate gml:id="K28_4635011760_31-2">
<gml:timePosition>2024-06-07</gml:timePosition>
</devDate>
<orgGILvl>2500</orgGILvl>
<vis>表示</vis>
<area>
<gml:Surface gml:id="K28_4635011760_31-g" srsName="fguuid:jgd2011.bl">
<gml:patches>
<gml:PolygonPatch>
<gml:exterior>
<gml:Ring>
<gml:curveMember>
<gml:Curve gml:id="K28_4635011760_31-3">
<gml:segments>
<gml:LineStringSegment>
<gml:posList>
32.701063091 128.802620908
32.701057039 128.802625094
32.700973264 128.802683045
32.700967456 128.802687063
32.700979003 128.802705776
32.700988623 128.802699696
32.701071416 128.802647373
32.701076567 128.802644117
32.701063091 128.802620908
</gml:posList>
</gml:LineStringSegment>
</gml:segments>
</gml:Curve>
</gml:curveMember>
</gml:Ring>
</gml:exterior>
</gml:PolygonPatch>
</gml:patches>
</gml:Surface>
</area>
<type>せき</type>
</WStrA>
<WStrA gml:id="K28_4635011760_32">
<fid>20240607-46368-11772-s-853</fid>
<lfSpanFr gml:id="K28_4635011760_32-1">
<gml:timePosition>2024-06-07</gml:timePosition>
</lfSpanFr>
<devDate gml:id="K28_4635011760_32-2">
<gml:timePosition>2024-06-07</gml:timePosition>
</devDate>
<orgGILvl>2500</orgGILvl>
<vis>表示</vis>
<area>
<gml:Surface gml:id="K28_4635011760_32-g" srsName="fguuid:jgd2011.bl">
<gml:patches>
<gml:PolygonPatch>
<gml:exterior>
<gml:Ring>
<gml:curveMember>
<gml:Curve gml:id="K28_4635011760_32-3">
<gml:segments>
<gml:LineStringSegment>
<gml:posList>
32.705209791 128.806310313
32.705207612 128.806393775
32.705206904 128.806420909
32.705232828 128.806422085
32.705232815 128.806417711
32.705232506 128.806310137
32.705209791 128.806310313
</gml:posList>
</gml:LineStringSegment>
</gml:segments>
</gml:Curve>
</gml:curveMember>
</gml:Ring>
</gml:exterior>
</gml:PolygonPatch>
</gml:patches>
</gml:Surface>
</area>
<type>せき</type>
</WStrA>
<WStrA gml:id="K28_4635011760_33">
<fid>20240607-46377-11787-s-756</fid>
<lfSpanFr gml:id="K28_4635011760_33-1">
<gml:timePosition>2024-06-07</gml:timePosition>
</lfSpanFr>
<devDate gml:id="K28_4635011760_33-2">
<gml:timePosition>2024-06-07</gml:timePosition>
</devDate>
<orgGILvl>2500</orgGILvl>
<vis>表示</vis>
<area>
<gml:Surface gml:id="K28_4635011760_33-g" srsName="fguuid:jgd2011.bl">
<gml:patches>
<gml:PolygonPatch>
<gml:exterior>
<gml:Ring>
<gml:curveMember>
<gml:Curve gml:id="K28_4635011760_33-3">
<gml:segments>
<gml:LineStringSegment>
<gml:posList>
32.745170954 128.826226323
32.745164738 128.826209856
32.745033784 128.826272183
32.745039468 128.826288903
32.745170954 128.826226323
</gml:posList>
</gml:LineStringSegment>
</gml:segments>
</gml:Curve>
</gml:curveMember>
</gml:Ring>
</gml:exterior>
</gml:PolygonPatch>
</gml:patches>
</gml:Surface>
</area>
<type>桟橋（鉄，コンクリート）</type>
</WStrA>
<WStrA gml:id="K28_4635011760_34">
<fid>20240607-46374-11763-s-950</fid>
<lfSpanFr gml:id="K28_4635011760_34-1">
<gml:timePosition>2024-06-07</gml:timePosition>
</lfSpanFr>
<devDate gml:id="K28_4635011760_34-2">
<gml:timePosition>2024-06-07</gml:timePosition>
</devDate>
<orgGILvl>2500</orgGILvl>
<vis>表示</vis>
<area>
<gml:Surface gml:id="K28_4635011760_34-g" srsName="fguuid:jgd2011.bl">
<gml:patches>
<gml:PolygonPatch>
<gml:exterior>
<gml:Ring>
<gml:curveMember>
<gml:Curve gml:id="K28_4635011760_34-3">
<gml:segments>
<gml:LineStringSegment>
<gml:posList>
32.680552681 128.821693873
32.680559967 128.82168051
32.680452745 128.8215988
32.680445468 128.821612162
32.680552681 128.821693873
</gml:posList>
</gml:LineStringSegment>
</gml:segments>
</gml:Curve>
</gml:curveMember>
</gml:Ring>
</gml:exterior>
</gml:PolygonPatch>
</gml:patches>
</gml:Surface>
</area>
<type>せき</type>
</WStrA>
<WStrA gml:id="K28_4635011760_35">
<fid>20240607-46374-11763-s-949</fid>
<lfSpanFr gml:id="K28_4635011760_35-1">
<gml:timePosition>2024-06-07</gml:timePosition>
</lfSpanFr>
<devDate gml:id="K28_4635011760_35-2">
<gml:timePosition>2024-06-07</gml:timePosition>
</devDate>
<orgGILvl>2500</orgGILvl>
<vis>表示</vis>
<area>
<gml:Surface gml:id="K28_4635011760_35-g" srsName="fguuid:jgd2011.bl">
<gml:patches>
<gml:PolygonPatch>
<gml:exterior>
<gml:Ring>
<gml:curveMember>
<gml:Curve gml:id="K28_4635011760_35-3">
<gml:segments>
<gml:LineStringSegment>
<gml:posList>
32.680463568 128.821834296
32.680470649 128.821821298
32.680363436 128.821739587
32.680356355 128.821752585
32.680463568 128.821834296
</gml:posList>
</gml:LineStringSegment>
</gml:segments>
</gml:Curve>
</gml:curveMember>
</gml:Ring>
</gml:exterior>
</gml:PolygonPatch>
</gml:patches>
</gml:Surface>
</area>
<type>せき</type>
</WStrA>
<WStrA gml:id="K28_4635011760_36">
<fid>20240607-46377-11787-s-758</fid>
<lfSpanFr gml:id="K28_4635011760_36-1">
<gml:timePosition>2024-06-07</gml:timePosition>
</lfSpanFr>
<devDate gml:id="K28_4635011760_36-2">
<gml:timePosition>2024-06-07</gml:timePosition>
</devDate>
<orgGILvl>2500</orgGILvl>
<vis>表示</vis>
<area>
<gml:Surface gml:id="K28_4635011760_36-g" srsName="fguuid:jgd2011.bl">
<gml:patches>
<gml:PolygonPatch>
<gml:exterior>
<gml:Ring>
<gml:curveMember>
<gml:Curve gml:id="K28_4635011760_36-3">
<gml:segments>
<gml:LineStringSegment>
<gml:posList>
32.745002328 128.826175638
32.744961591 128.826195077
32.744981573 128.826208553
32.745004390 128.826279658
32.745018134 128.826273117
32.744995187 128.826202056
32.745002328 128.826175638
</gml:posList>
</gml:LineStringSegment>
</gml:segments>
</gml:Curve>
</gml:curveMember>
</gml:Ring>
</gml:exterior>
</gml:PolygonPatch>
</gml:patches>
</gml:Surface>
</area>
<type>桟橋（鉄，コンクリート）</type>
</WStrA>
<WStrA gml:id="K28_4635011760_37">
<fid>20240607-46380-11775-s-690</fid>
<lfSpanFr gml:id="K28_4635011760_37-1">
<gml:timePosition>2024-06-07</gml:timePosition>
</lfSpanFr>
<devDate gml:id="K28_4635011760_37-2">
<gml:timePosition>2024-06-07</gml:timePosition>
</devDate>
<orgGILvl>2500</orgGILvl>
<vis>表示</vis>
<area>
<gml:Surface gml:id="K28_4635011760_37-g" srsName="fguuid:jgd2011.bl">
<gml:patches>
<gml:PolygonPatch>
<gml:exterior>
<gml:Ring>
<gml:curveMember>
<gml:Curve gml:id="K28_4635011760_37-3">
<gml:segments>
<gml:LineStringSegment>
<gml:posList>
32.71650248 128.837730676
32.716488157 128.837742121
32.716505351 128.837770657
32.71651159 128.837766995
32.716517101 128.837777355
32.716511262 128.837781793
32.716527299 128.837816503
32.716540461 128.837808939
32.716524534 128.837772809
32.716520605 128.837775067
32.716514367 128.837763433
32.716518189 128.837759682
32.71650248 128.837730676
</gml:posList>
</gml:LineStringSegment>
</gml:segments>
</gml:Curve>
</gml:curveMember>
</gml:Ring>
</gml:exterior>
</gml:PolygonPatch>
</gml:patches>
</gml:Surface>
</area>
<type>水門</type>
</WStrA>
<WStrA gml:id="K28_4635011760_38">
<fid>20240607-46380-11775-s-689</fid>
<lfSpanFr gml:id="K28_4635011760_38-1">
<gml:timePosition>2024-06-07</gml:timePosition>
</lfSpanFr>
<devDate gml:id="K28_4635011760_38-2">
<gml:timePosition>2024-06-07</gml:timePosition>
</devDate>
<orgGILvl>2500</orgGILvl>
<vis>表示</vis>
<area>
<gml:Surface gml:id="K28_4635011760_38-g" srsName="fguuid:jgd2011.bl">
<gml:patches>
<gml:PolygonPatch>
<gml:exterior>
<gml:Ring>
<gml:curveMember>
<gml:Curve gml:id="K28_4635011760_38-3">
<gml:segments>
<gml:LineStringSegment>
<gml:posList>
32.714929053 128.838519095
32.714920147 128.838530116
32.714938874 128.838549958
32.714941997 128.838547193
32.714956029 128.838559133
32.714954642 128.838561266
32.714981334 128.838586574
32.714988674 128.838578018
32.714961766 128.838550898
32.714959203 128.838553914
32.714945168 128.838543159
32.714948602 128.838539261
32.714929053 128.838519095
</gml:posList>
</gml:LineStringSegment>
</gml:segments>
</gml:Curve>
</gml:curveMember>
</gml:Ring>
</gml:exterior>
</gml:PolygonPatch>
</gml:patches>
</gml:Surface>
</area>
<type>水門</type>
</WStrA>
</Dataset>
