<?xml version="1.0" encoding="utf-8"?>
<Dataset xsi:schemaLocation="http://fgd.gsi.go.jp/spec/2008/FGD_GMLSchema FGD_GMLSchema.xsd"
	xmlns:gml="http://www.opengis.net/gml/3.2"
	xmlns:xsi="http://www.w3.org/2001/XMLSchema-instance"
	xmlns:xlink="http://www.w3.org/1999/xlink"
	xmlns="http://fgd.gsi.go.jp/spec/2008/FGD_GMLSchema"
	gml:id="Dataset1">
  <gml:description>基盤地図情報メタデータ ID=fmdid:24-0701</gml:description>
  <gml:name>基盤地図情報ダウンロードデータ（GML版）</gml:name>
<AdmPt gml:id="K6_4636511775_1">
<fid>46365-11775-i-19</fid>
<lfSpanFr gml:id="K6_4636511775_1-1">
<gml:timePosition>2015-11-17</gml:timePosition>
</lfSpanFr>
<devDate gml:id="K6_4636511775_1-2">
<gml:timePosition>2024-06-07</gml:timePosition>
</devDate>
<orgGILvl>25000</orgGILvl>
<vis>非表示</vis>
<pos>
<gml:Point gml:id="K6_4636511775_1-g" srsName="fguuid:jgd2011.bl">
<gml:pos>32.711752832 128.795183818</gml:pos>
</gml:Point>
</pos>
<type>郡市・東京都の区</type>
<name>五島市</name>
<admCode>42211</admCode>
</AdmPt>
<AdmPt gml:id="K6_4638311787_1">
<fid>46383-11787-i-399</fid>
<lfSpanFr gml:id="K6_4638311787_1-1">
<gml:timePosition>2021-05-12</gml:timePosition>
</lfSpanFr>
<devDate gml:id="K6_4638311787_1-2">
<gml:timePosition>2024-06-07</gml:timePosition>
</devDate>
<orgGILvl>25000</orgGILvl>
<vis>非表示</vis>
<pos>
<gml:Point gml:id="K6_4638311787_1-g" srsName="fguuid:jgd2011.bl">
<gml:pos>32.749879404 128.842040871</gml:pos>
</gml:Point>
</pos>
<type>郡市・東京都の区</type>
<name>五島市</name>
<admCode>42211</admCode>
</AdmPt>
<AdmPt gml:id="K6_4639211763_1">
<fid>46392-11763-i-605</fid>
<lfSpanFr gml:id="K6_4639211763_1-1">
<gml:timePosition>2015-11-17</gml:timePosition>
</lfSpanFr>
<devDate gml:id="K6_4639211763_1-2">
<gml:timePosition>2024-06-07</gml:timePosition>
</devDate>
<orgGILvl>25000</orgGILvl>
<vis>非表示</vis>
<pos>
<gml:Point gml:id="K6_4639211763_1-g" srsName="fguuid:jgd2011.bl">
<gml:pos>32.677065895 128.874956134</gml:pos>
</gml:Point>
</pos>
<type>郡市・東京都の区</type>
<name>五島市</name>
<admCode>42211</admCode>
</AdmPt>
</Dataset>
