<?xml version="1.0" encoding="utf-8"?>
<Dataset xsi:schemaLocation="http://fgd.gsi.go.jp/spec/2008/FGD_GMLSchema FGD_GMLSchema.xsd"
	xmlns:gml="http://www.opengis.net/gml/3.2"
	xmlns:xsi="http://www.w3.org/2001/XMLSchema-instance"
	xmlns:xlink="http://www.w3.org/1999/xlink"
	xmlns="http://fgd.gsi.go.jp/spec/2008/FGD_GMLSchema"
	gml:id="Dataset1">
  <gml:description>基盤地図情報メタデータ ID=fmdid:24-0701</gml:description>
  <gml:name>基盤地図情報ダウンロードデータ（GML版）</gml:name>
<WStrL gml:id="K27_4636811769_1">
<fid>46368-11769-s-1374</fid>
<lfSpanFr gml:id="K27_4636811769_1-1">
<gml:timePosition>2015-11-17</gml:timePosition>
</lfSpanFr>
<devDate gml:id="K27_4636811769_1-2">
<gml:timePosition>2024-06-07</gml:timePosition>
</devDate>
<orgGILvl>2500</orgGILvl>
<vis>表示</vis>
<loc>
<gml:Curve gml:id="K27_4636811769_1-g" srsName="fguuid:jgd2011.bl">
<gml:segments>
<gml:LineStringSegment>
<gml:posList>
32.697342084 128.802578710
32.697343201 128.802584977
32.697367504 128.802721325
32.697369059 128.802730050
32.697340451 128.802739231
32.697339487 128.802734194
32.697311544 128.802588167
32.697310926 128.802584935
32.697342084 128.802578710
</gml:posList>
</gml:LineStringSegment>
</gml:segments>
</gml:Curve>
</loc>
<type>せき</type>
</WStrL>
<WStrL gml:id="K27_4636811772_1">
<fid>46368-11772-s-854</fid>
<lfSpanFr gml:id="K27_4636811772_1-1">
<gml:timePosition>2015-11-17</gml:timePosition>
</lfSpanFr>
<devDate gml:id="K27_4636811772_1-2">
<gml:timePosition>2024-06-07</gml:timePosition>
</devDate>
<orgGILvl>2500</orgGILvl>
<vis>表示</vis>
<loc>
<gml:Curve gml:id="K27_4636811772_1-g" srsName="fguuid:jgd2011.bl">
<gml:segments>
<gml:LineStringSegment>
<gml:posList>
32.701063091 128.802620908
32.701076567 128.802644117
32.701071416 128.802647373
32.700988623 128.802699696
32.700979003 128.802705776
32.700967456 128.802687063
32.700973264 128.802683045
32.701057039 128.802625094
32.701063091 128.802620908
</gml:posList>
</gml:LineStringSegment>
</gml:segments>
</gml:Curve>
</loc>
<type>せき</type>
</WStrL>
<WStrL gml:id="K27_4636811772_2">
<fid>46368-11772-s-855</fid>
<lfSpanFr gml:id="K27_4636811772_2-1">
<gml:timePosition>2015-11-17</gml:timePosition>
</lfSpanFr>
<devDate gml:id="K27_4636811772_2-2">
<gml:timePosition>2024-06-07</gml:timePosition>
</devDate>
<orgGILvl>2500</orgGILvl>
<vis>表示</vis>
<loc>
<gml:Curve gml:id="K27_4636811772_2-g" srsName="fguuid:jgd2011.bl">
<gml:segments>
<gml:LineStringSegment>
<gml:posList>
32.705209791 128.806310313
32.705207612 128.806393775
32.705206904 128.806420909
32.705232828 128.806422085
32.705232815 128.806417711
32.705232506 128.806310137
32.705209791 128.806310313
</gml:posList>
</gml:LineStringSegment>
</gml:segments>
</gml:Curve>
</loc>
<type>せき</type>
</WStrL>
<WStrL gml:id="K27_4637111766_1">
<fid>46371-11766-s-1249</fid>
<lfSpanFr gml:id="K27_4637111766_1-1">
<gml:timePosition>2015-11-17</gml:timePosition>
</lfSpanFr>
<devDate gml:id="K27_4637111766_1-2">
<gml:timePosition>2024-06-07</gml:timePosition>
</devDate>
<orgGILvl>2500</orgGILvl>
<vis>表示</vis>
<loc>
<gml:Curve gml:id="K27_4637111766_1-g" srsName="fguuid:jgd2011.bl">
<gml:segments>
<gml:LineStringSegment>
<gml:posList>
32.687146816 128.808670327
32.687147042 128.808711339
32.687142156 128.808716178
32.687058646 128.808798879
32.687052169 128.808805293
32.687040956 128.808771809
32.687046437 128.808766555
32.687137454 128.808679302
32.687146816 128.808670327
</gml:posList>
</gml:LineStringSegment>
</gml:segments>
</gml:Curve>
</loc>
<type>せき</type>
</WStrL>
<WStrL gml:id="K27_4637411763_1">
<fid>46374-11763-s-955</fid>
<lfSpanFr gml:id="K27_4637411763_1-1">
<gml:timePosition>2013-12-10</gml:timePosition>
</lfSpanFr>
<devDate gml:id="K27_4637411763_1-2">
<gml:timePosition>2024-06-07</gml:timePosition>
</devDate>
<orgGILvl>2500</orgGILvl>
<vis>表示</vis>
<loc>
<gml:Curve gml:id="K27_4637411763_1-g" srsName="fguuid:jgd2011.bl">
<gml:segments>
<gml:LineStringSegment>
<gml:posList>
32.680463568 128.821834296
32.680356355 128.821752585
32.680363436 128.821739587
32.680470649 128.821821298
32.680463568 128.821834296
</gml:posList>
</gml:LineStringSegment>
</gml:segments>
</gml:Curve>
</loc>
<type>せき</type>
</WStrL>
<WStrL gml:id="K27_4637411763_2">
<fid>46374-11763-s-956</fid>
<lfSpanFr gml:id="K27_4637411763_2-1">
<gml:timePosition>2013-12-10</gml:timePosition>
</lfSpanFr>
<devDate gml:id="K27_4637411763_2-2">
<gml:timePosition>2024-06-07</gml:timePosition>
</devDate>
<orgGILvl>2500</orgGILvl>
<vis>表示</vis>
<loc>
<gml:Curve gml:id="K27_4637411763_2-g" srsName="fguuid:jgd2011.bl">
<gml:segments>
<gml:LineStringSegment>
<gml:posList>
32.680552681 128.821693873
32.680445468 128.821612162
32.680452745 128.821598800
32.680559967 128.821680510
32.680552681 128.821693873
</gml:posList>
</gml:LineStringSegment>
</gml:segments>
</gml:Curve>
</loc>
<type>せき</type>
</WStrL>
<WStrL gml:id="K27_4637411763_3">
<fid>46374-11763-s-957</fid>
<lfSpanFr gml:id="K27_4637411763_3-1">
<gml:timePosition>2013-12-10</gml:timePosition>
</lfSpanFr>
<devDate gml:id="K27_4637411763_3-2">
<gml:timePosition>2024-06-07</gml:timePosition>
</devDate>
<orgGILvl>2500</orgGILvl>
<vis>表示</vis>
<loc>
<gml:Curve gml:id="K27_4637411763_3-g" srsName="fguuid:jgd2011.bl">
<gml:segments>
<gml:LineStringSegment>
<gml:posList>
32.681127342 128.819618210
32.681025825 128.819597824
32.681029901 128.819569462
32.681131417 128.819589858
32.681127342 128.819618210
</gml:posList>
</gml:LineStringSegment>
</gml:segments>
</gml:Curve>
</loc>
<type>せき</type>
</WStrL>
<WStrL gml:id="K27_4637411763_4">
<fid>46374-11763-s-958</fid>
<lfSpanFr gml:id="K27_4637411763_4-1">
<gml:timePosition>2013-12-10</gml:timePosition>
</lfSpanFr>
<devDate gml:id="K27_4637411763_4-2">
<gml:timePosition>2024-06-07</gml:timePosition>
</devDate>
<orgGILvl>2500</orgGILvl>
<vis>表示</vis>
<loc>
<gml:Curve gml:id="K27_4637411763_4-g" srsName="fguuid:jgd2011.bl">
<gml:segments>
<gml:LineStringSegment>
<gml:posList>
32.681178721 128.818751475
32.681276092 128.818803513
32.681321328 128.818827689
32.681309492 128.818861763
32.681289638 128.818851894
32.681244243 128.818829330
32.681205323 128.818952337
32.681155934 128.818927760
32.681200959 128.818796379
32.681168895 128.818777205
32.681178721 128.818751475
</gml:posList>
</gml:LineStringSegment>
</gml:segments>
</gml:Curve>
</loc>
<type>せき</type>
</WStrL>
<WStrL gml:id="K27_4637411763_5">
<fid>46374-11763-s-959</fid>
<lfSpanFr gml:id="K27_4637411763_5-1">
<gml:timePosition>2013-12-10</gml:timePosition>
</lfSpanFr>
<devDate gml:id="K27_4637411763_5-2">
<gml:timePosition>2024-06-07</gml:timePosition>
</devDate>
<orgGILvl>2500</orgGILvl>
<vis>表示</vis>
<loc>
<gml:Curve gml:id="K27_4637411763_5-g" srsName="fguuid:jgd2011.bl">
<gml:segments>
<gml:LineStringSegment>
<gml:posList>
32.681518676 128.818401148
32.681559683 128.818393447
32.681560081 128.818410281
32.681563667 128.818562033
32.681563735 128.818564890
32.681522314 128.818566132
32.681519005 128.818416074
32.681518676 128.818401148
</gml:posList>
</gml:LineStringSegment>
</gml:segments>
</gml:Curve>
</loc>
<type>せき</type>
</WStrL>
<WStrL gml:id="K27_4637411763_6">
<fid>46374-11763-s-1181</fid>
<lfSpanFr gml:id="K27_4637411763_6-1">
<gml:timePosition>2013-12-10</gml:timePosition>
</lfSpanFr>
<devDate gml:id="K27_4637411763_6-2">
<gml:timePosition>2024-06-07</gml:timePosition>
</devDate>
<orgGILvl>2500</orgGILvl>
<vis>表示</vis>
<loc>
<gml:Curve gml:id="K27_4637411763_6-g" srsName="fguuid:jgd2011.bl">
<gml:segments>
<gml:LineStringSegment>
<gml:posList>
32.681936800 128.817931958
32.681922608 128.817933634
32.681889510 128.817937543
32.681863947 128.817940562
32.681844768 128.817988980
32.681889869 128.818779686
32.681960946 128.818980287
32.681965112 128.818980255
32.681989855 128.818980067
32.681994969 128.818980029
32.681936800 128.817931958
</gml:posList>
</gml:LineStringSegment>
</gml:segments>
</gml:Curve>
</loc>
<type>ダム</type>
<name>福江ダム</name>
</WStrL>
<WStrL gml:id="K27_4637711766_1">
<fid>46377-11766-s-1506</fid>
<lfSpanFr gml:id="K27_4637711766_1-1">
<gml:timePosition>2013-12-10</gml:timePosition>
</lfSpanFr>
<devDate gml:id="K27_4637711766_1-2">
<gml:timePosition>2024-06-07</gml:timePosition>
</devDate>
<orgGILvl>2500</orgGILvl>
<vis>表示</vis>
<loc>
<gml:Curve gml:id="K27_4637711766_1-g" srsName="fguuid:jgd2011.bl">
<gml:segments>
<gml:LineStringSegment>
<gml:posList>
32.690096125 128.830889665
32.690071561 128.830889848
32.690069760 128.830922398
32.690062328 128.830921437
32.689950768 128.830907012
32.689954349 128.830839588
32.689921922 128.830839830
32.689916307 128.830894493
32.689816066 128.830876943
32.689795319 128.830873310
32.689789737 128.830932613
32.689829318 128.830936622
32.690049525 128.830958927
32.690089022 128.830962928
32.690096125 128.830889665
</gml:posList>
</gml:LineStringSegment>
</gml:segments>
</gml:Curve>
</loc>
<type>せき</type>
</WStrL>
<WStrL gml:id="K27_4638011766_1">
<fid>46380-11766-s-3104</fid>
<lfSpanFr gml:id="K27_4638011766_1-1">
<gml:timePosition>2014-08-11</gml:timePosition>
</lfSpanFr>
<devDate gml:id="K27_4638011766_1-2">
<gml:timePosition>2024-06-07</gml:timePosition>
</devDate>
<orgGILvl>2500</orgGILvl>
<vis>表示</vis>
<loc>
<gml:Curve gml:id="K27_4638011766_1-g" srsName="fguuid:jgd2011.bl">
<gml:segments>
<gml:LineStringSegment>
<gml:posList>
32.689666409 128.834610034
32.689691773 128.834629756
32.689601452 128.834779193
32.689591606 128.834795484
32.689567427 128.834772906
32.689666409 128.834610034
</gml:posList>
</gml:LineStringSegment>
</gml:segments>
</gml:Curve>
</loc>
<type>せき</type>
</WStrL>
<WStrL gml:id="K27_4638011766_2">
<fid>46380-11766-s-3105</fid>
<lfSpanFr gml:id="K27_4638011766_2-1">
<gml:timePosition>2014-08-11</gml:timePosition>
</lfSpanFr>
<devDate gml:id="K27_4638011766_2-2">
<gml:timePosition>2024-06-07</gml:timePosition>
</devDate>
<orgGILvl>2500</orgGILvl>
<vis>表示</vis>
<loc>
<gml:Curve gml:id="K27_4638011766_2-g" srsName="fguuid:jgd2011.bl">
<gml:segments>
<gml:LineStringSegment>
<gml:posList>
32.689955695 128.834988023
32.689918510 128.834961639
32.689913411 128.834971029
32.689922602 128.834978180
32.689910153 128.834999675
32.689906338 128.835006262
32.689898307 128.835001811
32.689884740 128.835031675
32.689919209 128.835059381
32.689938837 128.835022999
32.689931175 128.835015100
32.689934891 128.835006691
32.689940977 128.834992921
32.689949010 128.834997681
32.689955695 128.834988023
</gml:posList>
</gml:LineStringSegment>
</gml:segments>
</gml:Curve>
</loc>
<type>せき</type>
</WStrL>
<WStrL gml:id="K27_4638011769_1">
<fid>46380-11769-s-5842</fid>
<lfSpanFr gml:id="K27_4638011769_1-1">
<gml:timePosition>2014-08-11</gml:timePosition>
</lfSpanFr>
<devDate gml:id="K27_4638011769_1-2">
<gml:timePosition>2024-06-07</gml:timePosition>
</devDate>
<orgGILvl>2500</orgGILvl>
<vis>表示</vis>
<loc>
<gml:Curve gml:id="K27_4638011769_1-g" srsName="fguuid:jgd2011.bl">
<gml:segments>
<gml:LineStringSegment>
<gml:posList>
32.691684714 128.837911160
32.691723924 128.837897583
32.691734647 128.837942145
32.691725716 128.837948300
32.691734266 128.837977554
32.691743206 128.837974768
32.691755825 128.838016394
32.691735142 128.838023327
32.691713174 128.838030690
32.691702646 128.837985455
32.691713310 128.837982891
32.691705532 128.837952960
32.691696009 128.837956411
32.691684714 128.837911160
</gml:posList>
</gml:LineStringSegment>
</gml:segments>
</gml:Curve>
</loc>
<type>水門</type>
</WStrL>
<WStrL gml:id="K27_4638011775_1">
<fid>46380-11775-s-691</fid>
<lfSpanFr gml:id="K27_4638011775_1-1">
<gml:timePosition>2015-11-17</gml:timePosition>
</lfSpanFr>
<devDate gml:id="K27_4638011775_1-2">
<gml:timePosition>2024-06-07</gml:timePosition>
</devDate>
<orgGILvl>2500</orgGILvl>
<vis>表示</vis>
<loc>
<gml:Curve gml:id="K27_4638011775_1-g" srsName="fguuid:jgd2011.bl">
<gml:segments>
<gml:LineStringSegment>
<gml:posList>
32.714929053 128.838519095
32.714920147 128.838530116
32.714938874 128.838549958
32.714941997 128.838547193
32.714956029 128.838559133
32.714954642 128.838561266
32.714981334 128.838586574
32.714988674 128.838578018
32.714961766 128.838550898
32.714959203 128.838553914
32.714945168 128.838543159
32.714948602 128.838539261
32.714929053 128.838519095
</gml:posList>
</gml:LineStringSegment>
</gml:segments>
</gml:Curve>
</loc>
<type>水門</type>
</WStrL>
<WStrL gml:id="K27_4638011775_2">
<fid>46380-11775-s-692</fid>
<lfSpanFr gml:id="K27_4638011775_2-1">
<gml:timePosition>2015-11-17</gml:timePosition>
</lfSpanFr>
<devDate gml:id="K27_4638011775_2-2">
<gml:timePosition>2024-06-07</gml:timePosition>
</devDate>
<orgGILvl>2500</orgGILvl>
<vis>表示</vis>
<loc>
<gml:Curve gml:id="K27_4638011775_2-g" srsName="fguuid:jgd2011.bl">
<gml:segments>
<gml:LineStringSegment>
<gml:posList>
32.716502480 128.837730676
32.716488157 128.837742121
32.716505351 128.837770657
32.716511590 128.837766995
32.716517101 128.837777355
32.716511262 128.837781793
32.716527299 128.837816503
32.716540461 128.837808939
32.716524534 128.837772809
32.716520605 128.837775067
32.716514367 128.837763433
32.716518189 128.837759682
32.716502480 128.837730676
</gml:posList>
</gml:LineStringSegment>
</gml:segments>
</gml:Curve>
</loc>
<type>水門</type>
</WStrL>
<WStrL gml:id="K27_4638011775_3">
<fid>46380-11775-s-693</fid>
<lfSpanFr gml:id="K27_4638011775_3-1">
<gml:timePosition>2015-11-17</gml:timePosition>
</lfSpanFr>
<devDate gml:id="K27_4638011775_3-2">
<gml:timePosition>2024-06-07</gml:timePosition>
</devDate>
<orgGILvl>2500</orgGILvl>
<vis>表示</vis>
<loc>
<gml:Curve gml:id="K27_4638011775_3-g" srsName="fguuid:jgd2011.bl">
<gml:segments>
<gml:LineStringSegment>
<gml:posList>
32.714440380 128.839344153
32.714472518 128.839342295
32.714506137 128.839671020
32.714472050 128.839676306
32.714440380 128.839344153
</gml:posList>
</gml:LineStringSegment>
</gml:segments>
</gml:Curve>
</loc>
<type>防波堤</type>
</WStrL>
<WStrL gml:id="K27_4638311766_1">
<fid>46383-11766-s-4465</fid>
<lfSpanFr gml:id="K27_4638311766_1-1">
<gml:timePosition>2014-08-11</gml:timePosition>
</lfSpanFr>
<devDate gml:id="K27_4638311766_1-2">
<gml:timePosition>2024-06-07</gml:timePosition>
</devDate>
<orgGILvl>2500</orgGILvl>
<vis>表示</vis>
<loc>
<gml:Curve gml:id="K27_4638311766_1-g" srsName="fguuid:jgd2011.bl">
<gml:segments>
<gml:LineStringSegment>
<gml:posList>
32.689059850 128.849013519
32.689083727 128.849063381
32.688962564 128.849223635
32.688932902 128.849197094
32.689059850 128.849013519
</gml:posList>
</gml:LineStringSegment>
</gml:segments>
</gml:Curve>
</loc>
<type>防波堤</type>
</WStrL>
<WStrL gml:id="K27_4638311769_1">
<fid>46383-11769-s-6092</fid>
<lfSpanFr gml:id="K27_4638311769_1-1">
<gml:timePosition>2014-08-11</gml:timePosition>
</lfSpanFr>
<devDate gml:id="K27_4638311769_1-2">
<gml:timePosition>2024-06-07</gml:timePosition>
</devDate>
<orgGILvl>2500</orgGILvl>
<vis>表示</vis>
<loc>
<gml:Curve gml:id="K27_4638311769_1-g" srsName="fguuid:jgd2011.bl">
<gml:segments>
<gml:LineStringSegment>
<gml:posList>
32.697121495 128.847717232
32.697141055 128.847734602
32.696940809 128.848082415
32.696694146 128.848490843
32.696832447 128.848595720
32.696741838 128.848769738
32.696559885 128.848632596
32.696671976 128.848429339
32.696910973 128.848060748
32.697121495 128.847717232
</gml:posList>
</gml:LineStringSegment>
</gml:segments>
</gml:Curve>
</loc>
<type>防波堤</type>
</WStrL>
<WStrL gml:id="K27_4638311769_2">
<fid>46383-11769-s-6093</fid>
<lfSpanFr gml:id="K27_4638311769_2-1">
<gml:timePosition>2014-08-11</gml:timePosition>
</lfSpanFr>
<devDate gml:id="K27_4638311769_2-2">
<gml:timePosition>2024-06-07</gml:timePosition>
</devDate>
<orgGILvl>2500</orgGILvl>
<vis>表示</vis>
<loc>
<gml:Curve gml:id="K27_4638311769_2-g" srsName="fguuid:jgd2011.bl">
<gml:segments>
<gml:LineStringSegment>
<gml:posList>
32.699017823 128.849229018
32.699055907 128.849257122
32.698729184 128.850000000
</gml:posList>
</gml:LineStringSegment>
</gml:segments>
</gml:Curve>
</loc>
<type>防波堤</type>
</WStrL>
<WStrL gml:id="K27_4638311769_3">
<fid>46383-11769-s-6094</fid>
<lfSpanFr gml:id="K27_4638311769_3-1">
<gml:timePosition>2014-08-11</gml:timePosition>
</lfSpanFr>
<devDate gml:id="K27_4638311769_3-2">
<gml:timePosition>2024-06-07</gml:timePosition>
</devDate>
<orgGILvl>2500</orgGILvl>
<vis>表示</vis>
<loc>
<gml:Curve gml:id="K27_4638311769_3-g" srsName="fguuid:jgd2011.bl">
<gml:segments>
<gml:LineStringSegment>
<gml:posList>
32.698675680 128.850000000
32.699017823 128.849229018
</gml:posList>
</gml:LineStringSegment>
</gml:segments>
</gml:Curve>
</loc>
<type>防波堤</type>
</WStrL>
<WStrL gml:id="K27_4638311772_1">
<fid>46383-11772-s-2871</fid>
<lfSpanFr gml:id="K27_4638311772_1-1">
<gml:timePosition>2014-08-11</gml:timePosition>
</lfSpanFr>
<devDate gml:id="K27_4638311772_1-2">
<gml:timePosition>2024-06-07</gml:timePosition>
</devDate>
<orgGILvl>2500</orgGILvl>
<vis>表示</vis>
<loc>
<gml:Curve gml:id="K27_4638311772_1-g" srsName="fguuid:jgd2011.bl">
<gml:segments>
<gml:LineStringSegment>
<gml:posList>
32.702680440 128.847637928
32.702750339 128.847624514
32.702759235 128.847691110
32.702935479 128.848999600
32.702865265 128.849009890
32.702680440 128.847637928
</gml:posList>
</gml:LineStringSegment>
</gml:segments>
</gml:Curve>
</loc>
<type>防波堤</type>
</WStrL>
<WStrL gml:id="K27_4638311772_2">
<fid>46383-11772-s-2872</fid>
<lfSpanFr gml:id="K27_4638311772_2-1">
<gml:timePosition>2014-08-11</gml:timePosition>
</lfSpanFr>
<devDate gml:id="K27_4638311772_2-2">
<gml:timePosition>2024-06-07</gml:timePosition>
</devDate>
<orgGILvl>2500</orgGILvl>
<vis>表示</vis>
<loc>
<gml:Curve gml:id="K27_4638311772_2-g" srsName="fguuid:jgd2011.bl">
<gml:segments>
<gml:LineStringSegment>
<gml:posList>
32.703513953 128.849671749
32.703243213 128.850000000
</gml:posList>
</gml:LineStringSegment>
</gml:segments>
</gml:Curve>
</loc>
<type>防波堤</type>
</WStrL>
<WStrL gml:id="K27_4638311772_3">
<fid>46383-11772-s-2873</fid>
<lfSpanFr gml:id="K27_4638311772_3-1">
<gml:timePosition>2014-08-11</gml:timePosition>
</lfSpanFr>
<devDate gml:id="K27_4638311772_3-2">
<gml:timePosition>2024-06-07</gml:timePosition>
</devDate>
<orgGILvl>2500</orgGILvl>
<vis>表示</vis>
<loc>
<gml:Curve gml:id="K27_4638311772_3-g" srsName="fguuid:jgd2011.bl">
<gml:segments>
<gml:LineStringSegment>
<gml:posList>
32.703163469 128.850000000
32.703475519 128.849621238
32.703513953 128.849671749
</gml:posList>
</gml:LineStringSegment>
</gml:segments>
</gml:Curve>
</loc>
<type>防波堤</type>
</WStrL>
<WStrL gml:id="K27_4638311772_4">
<fid>46383-11772-s-2874</fid>
<lfSpanFr gml:id="K27_4638311772_4-1">
<gml:timePosition>2014-08-11</gml:timePosition>
</lfSpanFr>
<devDate gml:id="K27_4638311772_4-2">
<gml:timePosition>2024-06-07</gml:timePosition>
</devDate>
<orgGILvl>2500</orgGILvl>
<vis>表示</vis>
<loc>
<gml:Curve gml:id="K27_4638311772_4-g" srsName="fguuid:jgd2011.bl">
<gml:segments>
<gml:LineStringSegment>
<gml:posList>
32.703825026 128.848997706
32.703928443 128.848820467
32.703942930 128.848831742
32.704089612 128.848591730
32.704127053 128.848622741
32.703879064 128.849039870
32.703825026 128.848997706
</gml:posList>
</gml:LineStringSegment>
</gml:segments>
</gml:Curve>
</loc>
<type>防波堤</type>
</WStrL>
<WStrL gml:id="K27_4638311772_5">
<fid>46383-11772-s-2897</fid>
<lfSpanFr gml:id="K27_4638311772_5-1">
<gml:timePosition>2014-08-11</gml:timePosition>
</lfSpanFr>
<devDate gml:id="K27_4638311772_5-2">
<gml:timePosition>2024-06-07</gml:timePosition>
</devDate>
<orgGILvl>2500</orgGILvl>
<vis>表示</vis>
<loc>
<gml:Curve gml:id="K27_4638311772_5-g" srsName="fguuid:jgd2011.bl">
<gml:segments>
<gml:LineStringSegment>
<gml:posList>
32.705604392 128.843323892
32.705718948 128.843470359
32.706392267 128.844331253
32.706366165 128.844359656
32.705698623 128.843491640
32.705580614 128.843338177
</gml:posList>
</gml:LineStringSegment>
</gml:segments>
</gml:Curve>
</loc>
<type>防波堤</type>
</WStrL>
<WStrL gml:id="K27_4638311772_6">
<fid>46383-11772-s-2898</fid>
<lfSpanFr gml:id="K27_4638311772_6-1">
<gml:timePosition>2014-08-11</gml:timePosition>
</lfSpanFr>
<devDate gml:id="K27_4638311772_6-2">
<gml:timePosition>2024-06-07</gml:timePosition>
</devDate>
<orgGILvl>2500</orgGILvl>
<vis>表示</vis>
<loc>
<gml:Curve gml:id="K27_4638311772_6-g" srsName="fguuid:jgd2011.bl">
<gml:segments>
<gml:LineStringSegment>
<gml:posList>
32.705953753 128.846581974
32.705908679 128.846919739
32.705907163 128.846931094
</gml:posList>
</gml:LineStringSegment>
</gml:segments>
</gml:Curve>
</loc>
<type>防波堤</type>
</WStrL>
<WStrL gml:id="K27_4638311772_7">
<fid>46383-11772-s-2899</fid>
<lfSpanFr gml:id="K27_4638311772_7-1">
<gml:timePosition>2014-08-11</gml:timePosition>
</lfSpanFr>
<devDate gml:id="K27_4638311772_7-2">
<gml:timePosition>2024-06-07</gml:timePosition>
</devDate>
<orgGILvl>2500</orgGILvl>
<vis>表示</vis>
<loc>
<gml:Curve gml:id="K27_4638311772_7-g" srsName="fguuid:jgd2011.bl">
<gml:segments>
<gml:LineStringSegment>
<gml:posList>
32.705956522 128.846561283
32.705988218 128.846460631
32.705947562 128.846442582
32.706346123 128.845090720
32.706778283 128.844689651
32.706853224 128.844421009
32.706881914 128.844432084
32.706917778 128.844445933
32.706842946 128.844737155
32.706425071 128.845129662
32.705991115 128.846557970
32.705948891 128.846849294
32.705935838 128.846939354
</gml:posList>
</gml:LineStringSegment>
</gml:segments>
</gml:Curve>
</loc>
<type>防波堤</type>
</WStrL>
<WStrL gml:id="K27_4638311772_8">
<fid>46383-11772-s-3311</fid>
<lfSpanFr gml:id="K27_4638311772_8-1">
<gml:timePosition>2015-11-17</gml:timePosition>
</lfSpanFr>
<devDate gml:id="K27_4638311772_8-2">
<gml:timePosition>2024-06-07</gml:timePosition>
</devDate>
<orgGILvl>2500</orgGILvl>
<vis>表示</vis>
<loc>
<gml:Curve gml:id="K27_4638311772_8-g" srsName="fguuid:jgd2011.bl">
<gml:segments>
<gml:LineStringSegment>
<gml:posList>
32.701270861 128.849934139
32.701344917 128.849993000
32.701353722 128.850000000
</gml:posList>
</gml:LineStringSegment>
</gml:segments>
</gml:Curve>
</loc>
<type>桟橋（鉄，コンクリート）</type>
</WStrL>
<WStrL gml:id="K27_4638311772_9">
<fid>46383-11772-s-3312</fid>
<lfSpanFr gml:id="K27_4638311772_9-1">
<gml:timePosition>2015-11-17</gml:timePosition>
</lfSpanFr>
<devDate gml:id="K27_4638311772_9-2">
<gml:timePosition>2024-06-07</gml:timePosition>
</devDate>
<orgGILvl>2500</orgGILvl>
<vis>表示</vis>
<loc>
<gml:Curve gml:id="K27_4638311772_9-g" srsName="fguuid:jgd2011.bl">
<gml:segments>
<gml:LineStringSegment>
<gml:posList>
32.701510556 128.850000000
32.701455139 128.849956167
32.701431500 128.849997278
32.701344583 128.849929667
32.701295667 128.849891611
</gml:posList>
</gml:LineStringSegment>
</gml:segments>
</gml:Curve>
</loc>
<type>桟橋（鉄，コンクリート）</type>
</WStrL>
<WStrL gml:id="K27_4638611766_1">
<fid>46386-11766-s-4837</fid>
<lfSpanFr gml:id="K27_4638611766_1-1">
<gml:timePosition>2015-11-17</gml:timePosition>
</lfSpanFr>
<devDate gml:id="K27_4638611766_1-2">
<gml:timePosition>2024-06-07</gml:timePosition>
</devDate>
<orgGILvl>2500</orgGILvl>
<vis>表示</vis>
<loc>
<gml:Curve gml:id="K27_4638611766_1-g" srsName="fguuid:jgd2011.bl">
<gml:segments>
<gml:LineStringSegment>
<gml:posList>
32.691559976 128.852447880
32.691588787 128.852433595
32.691666667 128.852640078
</gml:posList>
</gml:LineStringSegment>
</gml:segments>
</gml:Curve>
</loc>
<type>防波堤</type>
</WStrL>
<WStrL gml:id="K27_4638611766_2">
<fid>46386-11766-s-4838</fid>
<lfSpanFr gml:id="K27_4638611766_2-1">
<gml:timePosition>2015-11-17</gml:timePosition>
</lfSpanFr>
<devDate gml:id="K27_4638611766_2-2">
<gml:timePosition>2024-06-07</gml:timePosition>
</devDate>
<orgGILvl>2500</orgGILvl>
<vis>表示</vis>
<loc>
<gml:Curve gml:id="K27_4638611766_2-g" srsName="fguuid:jgd2011.bl">
<gml:segments>
<gml:LineStringSegment>
<gml:posList>
32.691666667 128.852738309
32.691559976 128.852447880
</gml:posList>
</gml:LineStringSegment>
</gml:segments>
</gml:Curve>
</loc>
<type>防波堤</type>
</WStrL>
<WStrL gml:id="K27_4638611769_1">
<fid>46386-11769-s-605</fid>
<lfSpanFr gml:id="K27_4638611769_1-1">
<gml:timePosition>2015-11-17</gml:timePosition>
</lfSpanFr>
<devDate gml:id="K27_4638611769_1-2">
<gml:timePosition>2024-06-07</gml:timePosition>
</devDate>
<orgGILvl>2500</orgGILvl>
<vis>表示</vis>
<loc>
<gml:Curve gml:id="K27_4638611769_1-g" srsName="fguuid:jgd2011.bl">
<gml:segments>
<gml:LineStringSegment>
<gml:posList>
32.691666667 128.852640078
32.691715591 128.852769791
32.691684074 128.852785695
32.691666667 128.852738309
</gml:posList>
</gml:LineStringSegment>
</gml:segments>
</gml:Curve>
</loc>
<type>防波堤</type>
</WStrL>
<WStrL gml:id="K27_4638611769_2">
<fid>46386-11769-s-606</fid>
<lfSpanFr gml:id="K27_4638611769_2-1">
<gml:timePosition>2015-11-17</gml:timePosition>
</lfSpanFr>
<devDate gml:id="K27_4638611769_2-2">
<gml:timePosition>2024-06-07</gml:timePosition>
</devDate>
<orgGILvl>2500</orgGILvl>
<vis>表示</vis>
<loc>
<gml:Curve gml:id="K27_4638611769_2-g" srsName="fguuid:jgd2011.bl">
<gml:segments>
<gml:LineStringSegment>
<gml:posList>
32.696092009 128.857152151
32.695048503 128.857455919
32.695024816 128.857342093
32.696068322 128.857038334
32.696092009 128.857152151
</gml:posList>
</gml:LineStringSegment>
</gml:segments>
</gml:Curve>
</loc>
<type>防波堤</type>
</WStrL>
<WStrL gml:id="K27_4638611769_3">
<fid>46386-11769-s-607</fid>
<lfSpanFr gml:id="K27_4638611769_3-1">
<gml:timePosition>2015-11-17</gml:timePosition>
</lfSpanFr>
<devDate gml:id="K27_4638611769_3-2">
<gml:timePosition>2024-06-07</gml:timePosition>
</devDate>
<orgGILvl>2500</orgGILvl>
<vis>表示</vis>
<loc>
<gml:Curve gml:id="K27_4638611769_3-g" srsName="fguuid:jgd2011.bl">
<gml:segments>
<gml:LineStringSegment>
<gml:posList>
32.698729184 128.850000000
32.698600926 128.850291622
32.698556725 128.850268052
32.698675680 128.850000000
</gml:posList>
</gml:LineStringSegment>
</gml:segments>
</gml:Curve>
</loc>
<type>防波堤</type>
</WStrL>
<WStrL gml:id="K27_4638611769_4">
<fid>46386-11769-s-608</fid>
<lfSpanFr gml:id="K27_4638611769_4-1">
<gml:timePosition>2015-11-17</gml:timePosition>
</lfSpanFr>
<devDate gml:id="K27_4638611769_4-2">
<gml:timePosition>2024-06-07</gml:timePosition>
</devDate>
<orgGILvl>2500</orgGILvl>
<vis>表示</vis>
<loc>
<gml:Curve gml:id="K27_4638611769_4-g" srsName="fguuid:jgd2011.bl">
<gml:segments>
<gml:LineStringSegment>
<gml:posList>
32.700000000 128.855936506
32.697950215 128.855517985
32.695766760 128.856160110
32.695750658 128.856083545
32.696138616 128.855969450
32.696135566 128.855954968
32.697449456 128.855576616
32.697445146 128.855555658
32.697942467 128.855403764
32.700000000 128.855815172
</gml:posList>
</gml:LineStringSegment>
</gml:segments>
</gml:Curve>
</loc>
<type>防波堤</type>
</WStrL>
<WStrL gml:id="K27_4638611769_5">
<fid>46386-11769-s-628</fid>
<lfSpanFr gml:id="K27_4638611769_5-1">
<gml:timePosition>2015-11-17</gml:timePosition>
</lfSpanFr>
<devDate gml:id="K27_4638611769_5-2">
<gml:timePosition>2024-06-07</gml:timePosition>
</devDate>
<orgGILvl>2500</orgGILvl>
<vis>表示</vis>
<loc>
<gml:Curve gml:id="K27_4638611769_5-g" srsName="fguuid:jgd2011.bl">
<gml:segments>
<gml:LineStringSegment>
<gml:posList>
32.692373755 128.857063411
32.695013437 128.856285444
32.695032755 128.856377118
32.692391344 128.857155575
</gml:posList>
</gml:LineStringSegment>
</gml:segments>
</gml:Curve>
</loc>
<type>防波堤</type>
</WStrL>
<WStrL gml:id="K27_4638611769_6">
<fid>46386-11769-s-629</fid>
<lfSpanFr gml:id="K27_4638611769_6-1">
<gml:timePosition>2015-11-17</gml:timePosition>
</lfSpanFr>
<devDate gml:id="K27_4638611769_6-2">
<gml:timePosition>2024-06-07</gml:timePosition>
</devDate>
<orgGILvl>2500</orgGILvl>
<vis>表示</vis>
<loc>
<gml:Curve gml:id="K27_4638611769_6-g" srsName="fguuid:jgd2011.bl">
<gml:segments>
<gml:LineStringSegment>
<gml:posList>
32.697672236 128.852273494
32.698026135 128.851500584
32.698148211 128.851575893
32.697673962 128.852607865
</gml:posList>
</gml:LineStringSegment>
</gml:segments>
</gml:Curve>
</loc>
<type>防波堤</type>
</WStrL>
<WStrL gml:id="K27_4638611772_1">
<fid>46386-11772-s-118</fid>
<lfSpanFr gml:id="K27_4638611772_1-1">
<gml:timePosition>2015-11-17</gml:timePosition>
</lfSpanFr>
<devDate gml:id="K27_4638611772_1-2">
<gml:timePosition>2024-06-07</gml:timePosition>
</devDate>
<orgGILvl>2500</orgGILvl>
<vis>表示</vis>
<loc>
<gml:Curve gml:id="K27_4638611772_1-g" srsName="fguuid:jgd2011.bl">
<gml:segments>
<gml:LineStringSegment>
<gml:posList>
32.700699409 128.850955167
32.700708864 128.850937717
32.700731218 128.850896458
32.701113827 128.851203030
32.701113928 128.851222579
32.701385042 128.851438920
32.701354987 128.851488007
32.700928927 128.851142476
32.700699409 128.850955167
</gml:posList>
</gml:LineStringSegment>
</gml:segments>
</gml:Curve>
</loc>
<type>防波堤</type>
</WStrL>
<WStrL gml:id="K27_4638611772_2">
<fid>46386-11772-s-119</fid>
<lfSpanFr gml:id="K27_4638611772_2-1">
<gml:timePosition>2015-11-17</gml:timePosition>
</lfSpanFr>
<devDate gml:id="K27_4638611772_2-2">
<gml:timePosition>2024-06-07</gml:timePosition>
</devDate>
<orgGILvl>2500</orgGILvl>
<vis>表示</vis>
<loc>
<gml:Curve gml:id="K27_4638611772_2-g" srsName="fguuid:jgd2011.bl">
<gml:segments>
<gml:LineStringSegment>
<gml:posList>
32.701074349 128.856155865
32.700000000 128.855936506
</gml:posList>
</gml:LineStringSegment>
</gml:segments>
</gml:Curve>
</loc>
<type>防波堤</type>
</WStrL>
<WStrL gml:id="K27_4638611772_3">
<fid>46386-11772-s-120</fid>
<lfSpanFr gml:id="K27_4638611772_3-1">
<gml:timePosition>2015-11-17</gml:timePosition>
</lfSpanFr>
<devDate gml:id="K27_4638611772_3-2">
<gml:timePosition>2024-06-07</gml:timePosition>
</devDate>
<orgGILvl>2500</orgGILvl>
<vis>表示</vis>
<loc>
<gml:Curve gml:id="K27_4638611772_3-g" srsName="fguuid:jgd2011.bl">
<gml:segments>
<gml:LineStringSegment>
<gml:posList>
32.700000000 128.855815172
32.700149377 128.855845040
32.700143980 128.855882760
32.701087731 128.856071490
32.701074349 128.856155865
</gml:posList>
</gml:LineStringSegment>
</gml:segments>
</gml:Curve>
</loc>
<type>防波堤</type>
</WStrL>
<WStrL gml:id="K27_4638611772_4">
<fid>46386-11772-s-121</fid>
<lfSpanFr gml:id="K27_4638611772_4-1">
<gml:timePosition>2015-11-17</gml:timePosition>
</lfSpanFr>
<devDate gml:id="K27_4638611772_4-2">
<gml:timePosition>2024-06-07</gml:timePosition>
</devDate>
<orgGILvl>2500</orgGILvl>
<vis>表示</vis>
<loc>
<gml:Curve gml:id="K27_4638611772_4-g" srsName="fguuid:jgd2011.bl">
<gml:segments>
<gml:LineStringSegment>
<gml:posList>
32.703243213 128.850000000
32.701636046 128.851948561
32.700523019 128.854036345
32.700474271 128.853999986
32.701585850 128.851914890
32.703163469 128.850000000
</gml:posList>
</gml:LineStringSegment>
</gml:segments>
</gml:Curve>
</loc>
<type>防波堤</type>
</WStrL>
<WStrL gml:id="K27_4638611772_5">
<fid>46386-11772-s-128</fid>
<lfSpanFr gml:id="K27_4638611772_5-1">
<gml:timePosition>2015-11-17</gml:timePosition>
</lfSpanFr>
<devDate gml:id="K27_4638611772_5-2">
<gml:timePosition>2024-06-07</gml:timePosition>
</devDate>
<orgGILvl>2500</orgGILvl>
<vis>表示</vis>
<loc>
<gml:Curve gml:id="K27_4638611772_5-g" srsName="fguuid:jgd2011.bl">
<gml:segments>
<gml:LineStringSegment>
<gml:posList>
32.701353722 128.850000000
32.701409056 128.850044000
32.701383083 128.850092167
32.701707694 128.850348000
32.701785750 128.850217639
32.701510556 128.850000000
</gml:posList>
</gml:LineStringSegment>
</gml:segments>
</gml:Curve>
</loc>
<type>桟橋（鉄，コンクリート）</type>
</WStrL>
<WStrL gml:id="K27_4638911766_1">
<fid>46389-11766-s-478</fid>
<lfSpanFr gml:id="K27_4638911766_1-1">
<gml:timePosition>2014-08-11</gml:timePosition>
</lfSpanFr>
<devDate gml:id="K27_4638911766_1-2">
<gml:timePosition>2024-06-07</gml:timePosition>
</devDate>
<orgGILvl>2500</orgGILvl>
<vis>表示</vis>
<loc>
<gml:Curve gml:id="K27_4638911766_1-g" srsName="fguuid:jgd2011.bl">
<gml:segments>
<gml:LineStringSegment>
<gml:posList>
32.686013733 128.860635036
32.685976611 128.860641315
32.686035549 128.860195002
32.686021724 128.860113609
32.686054202 128.860102052
32.686068061 128.860190238
32.686013733 128.860635036
</gml:posList>
</gml:LineStringSegment>
</gml:segments>
</gml:Curve>
</loc>
<type>防波堤</type>
</WStrL>
<WStrL gml:id="K27_4639211763_1">
<fid>46392-11763-s-1893</fid>
<lfSpanFr gml:id="K27_4639211763_1-1">
<gml:timePosition>2015-11-17</gml:timePosition>
</lfSpanFr>
<devDate gml:id="K27_4639211763_1-2">
<gml:timePosition>2024-06-07</gml:timePosition>
</devDate>
<orgGILvl>2500</orgGILvl>
<vis>表示</vis>
<loc>
<gml:Curve gml:id="K27_4639211763_1-g" srsName="fguuid:jgd2011.bl">
<gml:segments>
<gml:LineStringSegment>
<gml:posList>
32.676582231 128.875000000
32.677019948 128.874766179
32.677216946 128.874797253
32.677207800 128.874878311
32.677028988 128.874850106
32.676751862 128.875000000
</gml:posList>
</gml:LineStringSegment>
</gml:segments>
</gml:Curve>
</loc>
<type>防波堤</type>
</WStrL>
<WStrL gml:id="K27_4639211763_2">
<fid>46392-11763-s-1894</fid>
<lfSpanFr gml:id="K27_4639211763_2-1">
<gml:timePosition>2015-11-17</gml:timePosition>
</lfSpanFr>
<devDate gml:id="K27_4639211763_2-2">
<gml:timePosition>2024-06-07</gml:timePosition>
</devDate>
<orgGILvl>2500</orgGILvl>
<vis>表示</vis>
<loc>
<gml:Curve gml:id="K27_4639211763_2-g" srsName="fguuid:jgd2011.bl">
<gml:segments>
<gml:LineStringSegment>
<gml:posList>
32.677670323 128.874327184
32.677758831 128.874851313
32.677702743 128.874864553
32.677614235 128.874340435
32.677670323 128.874327184
</gml:posList>
</gml:LineStringSegment>
</gml:segments>
</gml:Curve>
</loc>
<type>防波堤</type>
</WStrL>
<WStrL gml:id="K27_4639211763_3">
<fid>46392-11763-s-1901</fid>
<lfSpanFr gml:id="K27_4639211763_3-1">
<gml:timePosition>2015-11-17</gml:timePosition>
</lfSpanFr>
<devDate gml:id="K27_4639211763_3-2">
<gml:timePosition>2024-06-07</gml:timePosition>
</devDate>
<orgGILvl>2500</orgGILvl>
<vis>表示</vis>
<loc>
<gml:Curve gml:id="K27_4639211763_3-g" srsName="fguuid:jgd2011.bl">
<gml:segments>
<gml:LineStringSegment>
<gml:posList>
32.676232140 128.874441597
32.676251785 128.874494911
32.676359126 128.874786297
32.676306272 128.874813524
32.676217948 128.874573758
32.676183418 128.874480023
</gml:posList>
</gml:LineStringSegment>
</gml:segments>
</gml:Curve>
</loc>
<type>防波堤</type>
</WStrL>
<WStrL gml:id="K27_4639211763_4">
<fid>46392-11763-s-1902</fid>
<lfSpanFr gml:id="K27_4639211763_4-1">
<gml:timePosition>2015-11-17</gml:timePosition>
</lfSpanFr>
<devDate gml:id="K27_4639211763_4-2">
<gml:timePosition>2024-06-07</gml:timePosition>
</devDate>
<orgGILvl>2500</orgGILvl>
<vis>表示</vis>
<loc>
<gml:Curve gml:id="K27_4639211763_4-g" srsName="fguuid:jgd2011.bl">
<gml:segments>
<gml:LineStringSegment>
<gml:posList>
32.676768393 128.874082388
32.676962267 128.874443556
32.676930444 128.874467438
32.676737973 128.874108873
</gml:posList>
</gml:LineStringSegment>
</gml:segments>
</gml:Curve>
</loc>
<type>防波堤</type>
</WStrL>
</Dataset>
