<?xml version="1.0" encoding="utf-8"?>
<Dataset xsi:schemaLocation="http://fgd.gsi.go.jp/spec/2008/FGD_GMLSchema FGD_GMLSchema.xsd"
	xmlns:gml="http://www.opengis.net/gml/3.2"
	xmlns:xsi="http://www.w3.org/2001/XMLSchema-instance"
	xmlns:xlink="http://www.w3.org/1999/xlink"
	xmlns="http://fgd.gsi.go.jp/spec/2008/FGD_GMLSchema"
	gml:id="Dataset1">
  <gml:description>基盤地図情報メタデータ ID=fmdid:24-0701</gml:description>
  <gml:name>基盤地図情報ダウンロードデータ（GML版）</gml:name>
<GCP gml:id="K1_492806_1">
<fid>10-00100-0-2405-128</fid>
<lfSpanFr gml:id="K1_492806_1-1">
<gml:timePosition>2024-05-15</gml:timePosition>
</lfSpanFr>
<devDate gml:id="K1_492806_1-2">
<gml:timePosition>2024-06-07</gml:timePosition>
</devDate>
<orgGILvl>KJ10</orgGILvl>
<vis>表示</vis>
<pos>
<gml:Point gml:id="K1_492806_1-g" srsName="fguuid:jgd2011.bl">
<gml:pos>32.669386250 128.843112417</gml:pos>
</gml:Point>
</pos>
<orgName>国土地理院</orgName>
<type>電子基準点</type>
<gcpClass>電子基準点</gcpClass>
<gcpCode>EL04928060701</gcpCode>
<name>福江</name>
<B>117609.7905</B>
<L>463835.2047</L>
<alti>119.783</alti>
<altiAcc>3</altiAcc>
</GCP>
<GCP gml:id="K1_492806_2">
<fid>10-00100-0-2405-1433</fid>
<lfSpanFr gml:id="K1_492806_2-1">
<gml:timePosition>2024-05-15</gml:timePosition>
</lfSpanFr>
<devDate gml:id="K1_492806_2-2">
<gml:timePosition>2024-06-07</gml:timePosition>
</devDate>
<orgGILvl>KJ10</orgGILvl>
<vis>表示</vis>
<pos>
<gml:Point gml:id="K1_492806_2-g" srsName="fguuid:jgd2011.bl">
<gml:pos>32.669383111 128.843119639</gml:pos>
</gml:Point>
</pos>
<orgName>国土地理院</orgName>
<type>電子基準点</type>
<gcpClass>電子基準点</gcpClass>
<gcpCode>EL14928060702</gcpCode>
<name>福江（付）</name>
<B>117609.7792</B>
<L>463835.2307</L>
<alti>114.769</alti>
<altiAcc>3</altiAcc>
</GCP>
<GCP gml:id="K1_492806_3">
<fid>10-00100-0-2405-14591</fid>
<lfSpanFr gml:id="K1_492806_3-1">
<gml:timePosition>2024-05-15</gml:timePosition>
</lfSpanFr>
<devDate gml:id="K1_492806_3-2">
<gml:timePosition>2024-06-07</gml:timePosition>
</devDate>
<orgGILvl>SJ12</orgGILvl>
<vis>表示</vis>
<pos>
<gml:Point gml:id="K1_492806_3-g" srsName="fguuid:jgd2011.bl">
<gml:pos>32.734617472 128.778399389</gml:pos>
</gml:Point>
</pos>
<orgName>国土地理院</orgName>
<type>水準点</type>
<gcpClass>二等水準点</gcpClass>
<gcpCode>L020000010546</gcpCode>
<name>１０５４６</name>
<B>117844.6229</B>
<L>463602.2378</L>
<alti>2.962</alti>
<altiAcc>3</altiAcc>
</GCP>
<GCP gml:id="K1_492806_4">
<fid>10-00100-0-2405-14593</fid>
<lfSpanFr gml:id="K1_492806_4-1">
<gml:timePosition>2024-05-15</gml:timePosition>
</lfSpanFr>
<devDate gml:id="K1_492806_4-2">
<gml:timePosition>2024-06-07</gml:timePosition>
</devDate>
<orgGILvl>SJ12</orgGILvl>
<vis>表示</vis>
<pos>
<gml:Point gml:id="K1_492806_4-g" srsName="fguuid:jgd2011.bl">
<gml:pos>32.706357694 128.839264139</gml:pos>
</gml:Point>
</pos>
<orgName>国土地理院</orgName>
<type>水準点</type>
<gcpClass>二等水準点</gcpClass>
<gcpCode>L020000010548</gcpCode>
<name>１０５４８</name>
<B>117742.8877</B>
<L>463821.3509</L>
<alti>12.705</alti>
<altiAcc>3</altiAcc>
</GCP>
<GCP gml:id="K1_492806_5">
<fid>10-00100-0-2405-14595</fid>
<lfSpanFr gml:id="K1_492806_5-1">
<gml:timePosition>2024-05-15</gml:timePosition>
</lfSpanFr>
<devDate gml:id="K1_492806_5-2">
<gml:timePosition>2024-06-07</gml:timePosition>
</devDate>
<orgGILvl>SJ12</orgGILvl>
<vis>表示</vis>
<pos>
<gml:Point gml:id="K1_492806_5-g" srsName="fguuid:jgd2011.bl">
<gml:pos>32.708591667 128.780077778</gml:pos>
</gml:Point>
</pos>
<orgName>国土地理院</orgName>
<type>水準点</type>
<gcpClass>二等水準点</gcpClass>
<gcpCode>L020000010550</gcpCode>
<name>１０５５０</name>
<B>117750.93</B>
<L>463608.28</L>
<alti>25.71</alti>
<altiAcc>3</altiAcc>
</GCP>
<GCP gml:id="K1_492806_6">
<fid>10-00100-0-2405-19641</fid>
<lfSpanFr gml:id="K1_492806_6-1">
<gml:timePosition>2024-05-15</gml:timePosition>
</lfSpanFr>
<devDate gml:id="K1_492806_6-2">
<gml:timePosition>2024-06-07</gml:timePosition>
</devDate>
<orgGILvl>SJ12</orgGILvl>
<vis>表示</vis>
<pos>
<gml:Point gml:id="K1_492806_6-g" srsName="fguuid:jgd2011.bl">
<gml:pos>32.669383111 128.843119639</gml:pos>
</gml:Point>
</pos>
<orgName>国土地理院</orgName>
<type>水準点</type>
<gcpClass>二等水準点</gcpClass>
<gcpCode>L0E000950462A</gcpCode>
<name>９５０４６２Ａ</name>
<B>117609.7792</B>
<L>463835.2307</L>
<alti>114.769</alti>
<altiAcc>3</altiAcc>
</GCP>
<GCP gml:id="K1_492806_7">
<fid>10-00100-0-2405-20479</fid>
<lfSpanFr gml:id="K1_492806_7-1">
<gml:timePosition>2024-05-15</gml:timePosition>
</lfSpanFr>
<devDate gml:id="K1_492806_7-2">
<gml:timePosition>2024-06-07</gml:timePosition>
</devDate>
<orgGILvl>KJ11</orgGILvl>
<vis>表示</vis>
<pos>
<gml:Point gml:id="K1_492806_7-g" srsName="fguuid:jgd2011.bl">
<gml:pos>32.670692444 128.785505472</gml:pos>
</gml:Point>
</pos>
<orgName>国土地理院</orgName>
<type>三角点</type>
<gcpClass>一等三角点</gcpClass>
<gcpCode>TR14928060201</gcpCode>
<name>大戸山</name>
<B>117614.4928</B>
<L>463627.8197</L>
<alti>428.83</alti>
<altiAcc>2</altiAcc>
</GCP>
<GCP gml:id="K1_492806_8">
<fid>10-00100-0-2405-28153</fid>
<lfSpanFr gml:id="K1_492806_8-1">
<gml:timePosition>2024-05-15</gml:timePosition>
</lfSpanFr>
<devDate gml:id="K1_492806_8-2">
<gml:timePosition>2024-06-07</gml:timePosition>
</devDate>
<orgGILvl>KJ13</orgGILvl>
<vis>表示</vis>
<pos>
<gml:Point gml:id="K1_492806_8-g" srsName="fguuid:jgd2011.bl">
<gml:pos>32.667399417 128.826811639</gml:pos>
</gml:Point>
</pos>
<orgName>国土地理院</orgName>
<type>三角点</type>
<gcpClass>三等三角点</gcpClass>
<gcpCode>TR34928060601</gcpCode>
<name>堤</name>
<B>117602.6379</B>
<L>463776.5219</L>
<alti>82.67</alti>
<altiAcc>2</altiAcc>
</GCP>
<GCP gml:id="K1_492806_9">
<fid>10-00100-0-2405-28154</fid>
<lfSpanFr gml:id="K1_492806_9-1">
<gml:timePosition>2024-05-15</gml:timePosition>
</lfSpanFr>
<devDate gml:id="K1_492806_9-2">
<gml:timePosition>2024-06-07</gml:timePosition>
</devDate>
<orgGILvl>KJ13</orgGILvl>
<vis>表示</vis>
<pos>
<gml:Point gml:id="K1_492806_9-g" srsName="fguuid:jgd2011.bl">
<gml:pos>32.683526583 128.821611917</gml:pos>
</gml:Point>
</pos>
<orgName>国土地理院</orgName>
<type>三角点</type>
<gcpClass>三等三角点</gcpClass>
<gcpCode>TR34928062501</gcpCode>
<name>釘山</name>
<B>117660.6957</B>
<L>463757.8029</L>
<alti>64.68</alti>
<altiAcc>2</altiAcc>
</GCP>
<GCP gml:id="K1_492806_10">
<fid>10-00100-0-2405-28155</fid>
<lfSpanFr gml:id="K1_492806_10-1">
<gml:timePosition>2024-05-15</gml:timePosition>
</lfSpanFr>
<devDate gml:id="K1_492806_10-2">
<gml:timePosition>2024-06-07</gml:timePosition>
</devDate>
<orgGILvl>KJ13</orgGILvl>
<vis>表示</vis>
<pos>
<gml:Point gml:id="K1_492806_10-g" srsName="fguuid:jgd2011.bl">
<gml:pos>32.693792444 128.757292278</gml:pos>
</gml:Point>
</pos>
<orgName>国土地理院</orgName>
<type>三角点</type>
<gcpClass>三等三角点</gcpClass>
<gcpCode>TR34928063001</gcpCode>
<name>仏阪</name>
<B>117697.6528</B>
<L>463526.2522</L>
<alti>418.37</alti>
<altiAcc>2</altiAcc>
</GCP>
<GCP gml:id="K1_492806_11">
<fid>10-00100-0-2405-28156</fid>
<lfSpanFr gml:id="K1_492806_11-1">
<gml:timePosition>2024-05-15</gml:timePosition>
</lfSpanFr>
<devDate gml:id="K1_492806_11-2">
<gml:timePosition>2024-06-07</gml:timePosition>
</devDate>
<orgGILvl>KJ13</orgGILvl>
<vis>表示</vis>
<pos>
<gml:Point gml:id="K1_492806_11-g" srsName="fguuid:jgd2011.bl">
<gml:pos>32.695417167 128.791550667</gml:pos>
</gml:Point>
</pos>
<orgName>国土地理院</orgName>
<type>三角点</type>
<gcpClass>三等三角点</gcpClass>
<gcpCode>TR34928063301</gcpCode>
<name>向田</name>
<B>117703.5018</B>
<L>463649.5824</L>
<alti>258.49</alti>
<altiAcc>2</altiAcc>
</GCP>
<GCP gml:id="K1_492806_12">
<fid>10-00100-0-2405-28157</fid>
<lfSpanFr gml:id="K1_492806_12-1">
<gml:timePosition>2024-05-15</gml:timePosition>
</lfSpanFr>
<devDate gml:id="K1_492806_12-2">
<gml:timePosition>2024-06-07</gml:timePosition>
</devDate>
<orgGILvl>KJ13</orgGILvl>
<vis>表示</vis>
<pos>
<gml:Point gml:id="K1_492806_12-g" srsName="fguuid:jgd2011.bl">
<gml:pos>32.714859028 128.768413361</gml:pos>
</gml:Point>
</pos>
<orgName>国土地理院</orgName>
<type>三角点</type>
<gcpClass>三等三角点</gcpClass>
<gcpCode>TR34928065101</gcpCode>
<name>観音</name>
<B>117773.4925</B>
<L>463566.2881</L>
<alti>346.94</alti>
<altiAcc>2</altiAcc>
</GCP>
<GCP gml:id="K1_492806_13">
<fid>10-00100-0-2405-28158</fid>
<lfSpanFr gml:id="K1_492806_13-1">
<gml:timePosition>2024-05-15</gml:timePosition>
</lfSpanFr>
<devDate gml:id="K1_492806_13-2">
<gml:timePosition>2024-06-07</gml:timePosition>
</devDate>
<orgGILvl>KJ13</orgGILvl>
<vis>表示</vis>
<pos>
<gml:Point gml:id="K1_492806_13-g" srsName="fguuid:jgd2011.bl">
<gml:pos>32.709373611 128.838961278</gml:pos>
</gml:Point>
</pos>
<orgName>国土地理院</orgName>
<type>三角点</type>
<gcpClass>三等三角点</gcpClass>
<gcpCode>TR34928065701</gcpCode>
<name>大日山</name>
<B>117753.745</B>
<L>463820.2606</L>
<alti>75.37</alti>
<altiAcc>2</altiAcc>
</GCP>
<GCP gml:id="K1_492806_14">
<fid>10-00100-0-2405-28159</fid>
<lfSpanFr gml:id="K1_492806_14-1">
<gml:timePosition>2024-05-15</gml:timePosition>
</lfSpanFr>
<devDate gml:id="K1_492806_14-2">
<gml:timePosition>2024-06-07</gml:timePosition>
</devDate>
<orgGILvl>KJ13</orgGILvl>
<vis>表示</vis>
<pos>
<gml:Point gml:id="K1_492806_14-g" srsName="fguuid:jgd2011.bl">
<gml:pos>32.721444528 128.809836944</gml:pos>
</gml:Point>
</pos>
<orgName>国土地理院</orgName>
<type>三角点</type>
<gcpClass>三等三角点</gcpClass>
<gcpCode>TR34928066401</gcpCode>
<name>笹野岳</name>
<B>117797.2003</B>
<L>463715.413</L>
<alti>389.06</alti>
<altiAcc>2</altiAcc>
</GCP>
<GCP gml:id="K1_492806_15">
<fid>10-00100-0-2405-28160</fid>
<lfSpanFr gml:id="K1_492806_15-1">
<gml:timePosition>2024-05-15</gml:timePosition>
</lfSpanFr>
<devDate gml:id="K1_492806_15-2">
<gml:timePosition>2024-06-07</gml:timePosition>
</devDate>
<orgGILvl>KJ13</orgGILvl>
<vis>表示</vis>
<pos>
<gml:Point gml:id="K1_492806_15-g" srsName="fguuid:jgd2011.bl">
<gml:pos>32.724086222 128.863887278</gml:pos>
</gml:Point>
</pos>
<orgName>国土地理院</orgName>
<type>三角点</type>
<gcpClass>三等三角点</gcpClass>
<gcpCode>TR34928066901</gcpCode>
<name>屋根尾</name>
<B>117806.7104</B>
<L>463909.9942</L>
<alti>133.66</alti>
<altiAcc>2</altiAcc>
</GCP>
<GCP gml:id="K1_492806_16">
<fid>10-00100-0-2405-28161</fid>
<lfSpanFr gml:id="K1_492806_16-1">
<gml:timePosition>2024-05-15</gml:timePosition>
</lfSpanFr>
<devDate gml:id="K1_492806_16-2">
<gml:timePosition>2024-06-07</gml:timePosition>
</devDate>
<orgGILvl>KJ13</orgGILvl>
<vis>表示</vis>
<pos>
<gml:Point gml:id="K1_492806_16-g" srsName="fguuid:jgd2011.bl">
<gml:pos>32.735492500 128.837696583</gml:pos>
</gml:Point>
</pos>
<orgName>国土地理院</orgName>
<type>三角点</type>
<gcpClass>三等三角点</gcpClass>
<gcpCode>TR34928068701</gcpCode>
<name>梼木</name>
<B>117847.773</B>
<L>463815.7077</L>
<alti>162.52</alti>
<altiAcc>2</altiAcc>
</GCP>
<GCP gml:id="K1_492806_17">
<fid>10-00100-0-2405-64080</fid>
<lfSpanFr gml:id="K1_492806_17-1">
<gml:timePosition>2024-05-15</gml:timePosition>
</lfSpanFr>
<devDate gml:id="K1_492806_17-2">
<gml:timePosition>2024-06-07</gml:timePosition>
</devDate>
<orgGILvl>KJ14</orgGILvl>
<vis>表示</vis>
<pos>
<gml:Point gml:id="K1_492806_17-g" srsName="fguuid:jgd2011.bl">
<gml:pos>32.669101083 128.760857694</gml:pos>
</gml:Point>
</pos>
<orgName>国土地理院</orgName>
<type>三角点</type>
<gcpClass>四等三角点</gcpClass>
<gcpCode>TR44928060001</gcpCode>
<name>二里木場</name>
<B>117608.7639</B>
<L>463539.0877</L>
<alti>217.07</alti>
<altiAcc>2</altiAcc>
</GCP>
<GCP gml:id="K1_492806_18">
<fid>10-00100-0-2405-64081</fid>
<lfSpanFr gml:id="K1_492806_18-1">
<gml:timePosition>2024-05-15</gml:timePosition>
</lfSpanFr>
<devDate gml:id="K1_492806_18-2">
<gml:timePosition>2024-06-07</gml:timePosition>
</devDate>
<orgGILvl>KJ14</orgGILvl>
<vis>表示</vis>
<pos>
<gml:Point gml:id="K1_492806_18-g" srsName="fguuid:jgd2011.bl">
<gml:pos>32.670587806 128.871379611</gml:pos>
</gml:Point>
</pos>
<orgName>国土地理院</orgName>
<type>三角点</type>
<gcpClass>四等三角点</gcpClass>
<gcpCode>TR44928060901</gcpCode>
<name>赤窄</name>
<B>117614.1161</B>
<L>463936.9666</L>
<alti>95.63</alti>
<altiAcc>2</altiAcc>
</GCP>
<GCP gml:id="K1_492806_19">
<fid>10-00100-0-2405-64082</fid>
<lfSpanFr gml:id="K1_492806_19-1">
<gml:timePosition>2024-05-15</gml:timePosition>
</lfSpanFr>
<devDate gml:id="K1_492806_19-2">
<gml:timePosition>2024-06-07</gml:timePosition>
</devDate>
<orgGILvl>KJ14</orgGILvl>
<vis>表示</vis>
<pos>
<gml:Point gml:id="K1_492806_19-g" srsName="fguuid:jgd2011.bl">
<gml:pos>32.677880056 128.808984056</gml:pos>
</gml:Point>
</pos>
<orgName>国土地理院</orgName>
<type>三角点</type>
<gcpClass>四等三角点</gcpClass>
<gcpCode>TR44928061401</gcpCode>
<name>鎌田</name>
<B>117640.3682</B>
<L>463712.3426</L>
<alti>52.2</alti>
<altiAcc>2</altiAcc>
</GCP>
<GCP gml:id="K1_492806_20">
<fid>10-00100-0-2405-64083</fid>
<lfSpanFr gml:id="K1_492806_20-1">
<gml:timePosition>2024-05-15</gml:timePosition>
</lfSpanFr>
<devDate gml:id="K1_492806_20-2">
<gml:timePosition>2024-06-07</gml:timePosition>
</devDate>
<orgGILvl>KJ14</orgGILvl>
<vis>表示</vis>
<pos>
<gml:Point gml:id="K1_492806_20-g" srsName="fguuid:jgd2011.bl">
<gml:pos>32.677058861 128.847783722</gml:pos>
</gml:Point>
</pos>
<orgName>国土地理院</orgName>
<type>三角点</type>
<gcpClass>四等三角点</gcpClass>
<gcpCode>TR44928061701</gcpCode>
<name>晦日出</name>
<B>117637.4119</B>
<L>463852.0214</L>
<alti>68.08</alti>
<altiAcc>2</altiAcc>
</GCP>
<GCP gml:id="K1_492806_21">
<fid>10-00100-0-2405-64084</fid>
<lfSpanFr gml:id="K1_492806_21-1">
<gml:timePosition>2024-05-15</gml:timePosition>
</lfSpanFr>
<devDate gml:id="K1_492806_21-2">
<gml:timePosition>2024-06-07</gml:timePosition>
</devDate>
<orgGILvl>KJ14</orgGILvl>
<vis>表示</vis>
<pos>
<gml:Point gml:id="K1_492806_21-g" srsName="fguuid:jgd2011.bl">
<gml:pos>32.688763667 128.802333917</gml:pos>
</gml:Point>
</pos>
<orgName>国土地理院</orgName>
<type>三角点</type>
<gcpClass>四等三角点</gcpClass>
<gcpCode>TR44928062401</gcpCode>
<name>飛松</name>
<B>117679.5492</B>
<L>463688.4021</L>
<alti>46.51</alti>
<altiAcc>2</altiAcc>
</GCP>
<GCP gml:id="K1_492806_22">
<fid>10-00100-0-2405-64085</fid>
<lfSpanFr gml:id="K1_492806_22-1">
<gml:timePosition>2024-05-15</gml:timePosition>
</lfSpanFr>
<devDate gml:id="K1_492806_22-2">
<gml:timePosition>2024-06-07</gml:timePosition>
</devDate>
<orgGILvl>KJ14</orgGILvl>
<vis>表示</vis>
<pos>
<gml:Point gml:id="K1_492806_22-g" srsName="fguuid:jgd2011.bl">
<gml:pos>32.685851611 128.831776694</gml:pos>
</gml:Point>
</pos>
<orgName>国土地理院</orgName>
<type>三角点</type>
<gcpClass>四等三角点</gcpClass>
<gcpCode>TR44928062601</gcpCode>
<name>三尾野</name>
<B>117669.0658</B>
<L>463794.3961</L>
<alti>49.49</alti>
<altiAcc>2</altiAcc>
</GCP>
<GCP gml:id="K1_492806_23">
<fid>10-00100-0-2405-64086</fid>
<lfSpanFr gml:id="K1_492806_23-1">
<gml:timePosition>2024-05-15</gml:timePosition>
</lfSpanFr>
<devDate gml:id="K1_492806_23-2">
<gml:timePosition>2024-06-07</gml:timePosition>
</devDate>
<orgGILvl>KJ14</orgGILvl>
<vis>表示</vis>
<pos>
<gml:Point gml:id="K1_492806_23-g" srsName="fguuid:jgd2011.bl">
<gml:pos>32.685423750 128.859031556</gml:pos>
</gml:Point>
</pos>
<orgName>国土地理院</orgName>
<type>三角点</type>
<gcpClass>四等三角点</gcpClass>
<gcpCode>TR44928062801</gcpCode>
<name>和布崎</name>
<B>117667.5255</B>
<L>463892.5136</L>
<alti>8.01</alti>
<altiAcc>2</altiAcc>
</GCP>
<GCP gml:id="K1_492806_24">
<fid>10-00100-0-2405-64087</fid>
<lfSpanFr gml:id="K1_492806_24-1">
<gml:timePosition>2024-05-15</gml:timePosition>
</lfSpanFr>
<devDate gml:id="K1_492806_24-2">
<gml:timePosition>2024-06-07</gml:timePosition>
</devDate>
<orgGILvl>KJ14</orgGILvl>
<vis>表示</vis>
<pos>
<gml:Point gml:id="K1_492806_24-g" srsName="fguuid:jgd2011.bl">
<gml:pos>32.699294500 128.817463694</gml:pos>
</gml:Point>
</pos>
<orgName>国土地理院</orgName>
<type>三角点</type>
<gcpClass>四等三角点</gcpClass>
<gcpCode>TR44928063501</gcpCode>
<name>吉久木</name>
<B>117717.4602</B>
<L>463742.8693</L>
<alti>57.74</alti>
<altiAcc>2</altiAcc>
</GCP>
<GCP gml:id="K1_492806_25">
<fid>10-00100-0-2405-64088</fid>
<lfSpanFr gml:id="K1_492806_25-1">
<gml:timePosition>2024-05-15</gml:timePosition>
</lfSpanFr>
<devDate gml:id="K1_492806_25-2">
<gml:timePosition>2024-06-07</gml:timePosition>
</devDate>
<orgGILvl>KJ14</orgGILvl>
<vis>表示</vis>
<pos>
<gml:Point gml:id="K1_492806_25-g" srsName="fguuid:jgd2011.bl">
<gml:pos>32.692408222 128.826448083</gml:pos>
</gml:Point>
</pos>
<orgName>国土地理院</orgName>
<type>三角点</type>
<gcpClass>四等三角点</gcpClass>
<gcpCode>TR44928063601</gcpCode>
<name>馬責馬場</name>
<B>117692.6696</B>
<L>463775.2131</L>
<alti>33.06</alti>
<altiAcc>2</altiAcc>
</GCP>
<GCP gml:id="K1_492806_26">
<fid>10-00100-0-2405-64089</fid>
<lfSpanFr gml:id="K1_492806_26-1">
<gml:timePosition>2024-05-15</gml:timePosition>
</lfSpanFr>
<devDate gml:id="K1_492806_26-2">
<gml:timePosition>2024-06-07</gml:timePosition>
</devDate>
<orgGILvl>KJ14</orgGILvl>
<vis>表示</vis>
<pos>
<gml:Point gml:id="K1_492806_26-g" srsName="fguuid:jgd2011.bl">
<gml:pos>32.707590889 128.758033528</gml:pos>
</gml:Point>
</pos>
<orgName>国土地理院</orgName>
<type>三角点</type>
<gcpClass>四等三角点</gcpClass>
<gcpCode>TR44928064001</gcpCode>
<name>広野</name>
<B>117747.3272</B>
<L>463528.9207</L>
<alti>286.39</alti>
<altiAcc>2</altiAcc>
</GCP>
<GCP gml:id="K1_492806_27">
<fid>10-00100-0-2405-64090</fid>
<lfSpanFr gml:id="K1_492806_27-1">
<gml:timePosition>2024-05-15</gml:timePosition>
</lfSpanFr>
<devDate gml:id="K1_492806_27-2">
<gml:timePosition>2024-06-07</gml:timePosition>
</devDate>
<orgGILvl>KJ14</orgGILvl>
<vis>表示</vis>
<pos>
<gml:Point gml:id="K1_492806_27-g" srsName="fguuid:jgd2011.bl">
<gml:pos>32.706341000 128.785886222</gml:pos>
</gml:Point>
</pos>
<orgName>国土地理院</orgName>
<type>三角点</type>
<gcpClass>四等三角点</gcpClass>
<gcpCode>TR44928064201</gcpCode>
<name>大曲</name>
<B>117742.8276</B>
<L>463629.1904</L>
<alti>74.79</alti>
<altiAcc>2</altiAcc>
</GCP>
<GCP gml:id="K1_492806_28">
<fid>10-00100-0-2405-64091</fid>
<lfSpanFr gml:id="K1_492806_28-1">
<gml:timePosition>2024-05-15</gml:timePosition>
</lfSpanFr>
<devDate gml:id="K1_492806_28-2">
<gml:timePosition>2024-06-07</gml:timePosition>
</devDate>
<orgGILvl>KJ14</orgGILvl>
<vis>表示</vis>
<pos>
<gml:Point gml:id="K1_492806_28-g" srsName="fguuid:jgd2011.bl">
<gml:pos>32.705787306 128.775334250</gml:pos>
</gml:Point>
</pos>
<orgName>国土地理院</orgName>
<type>三角点</type>
<gcpClass>四等三角点</gcpClass>
<gcpCode>TR44928064202</gcpCode>
<name>金山渕</name>
<B>117740.8343</B>
<L>463591.2033</L>
<alti>277.26</alti>
<altiAcc>2</altiAcc>
</GCP>
<GCP gml:id="K1_492806_29">
<fid>10-00100-0-2405-64092</fid>
<lfSpanFr gml:id="K1_492806_29-1">
<gml:timePosition>2024-05-15</gml:timePosition>
</lfSpanFr>
<devDate gml:id="K1_492806_29-2">
<gml:timePosition>2024-06-07</gml:timePosition>
</devDate>
<orgGILvl>KJ14</orgGILvl>
<vis>表示</vis>
<pos>
<gml:Point gml:id="K1_492806_29-g" srsName="fguuid:jgd2011.bl">
<gml:pos>32.707546917 128.807014222</gml:pos>
</gml:Point>
</pos>
<orgName>国土地理院</orgName>
<type>三角点</type>
<gcpClass>四等三角点</gcpClass>
<gcpCode>TR44928064401</gcpCode>
<name>西来院</name>
<B>117747.1689</B>
<L>463705.2512</L>
<alti>65.9</alti>
<altiAcc>2</altiAcc>
</GCP>
<GCP gml:id="K1_492806_30">
<fid>10-00100-0-2405-64093</fid>
<lfSpanFr gml:id="K1_492806_30-1">
<gml:timePosition>2024-05-15</gml:timePosition>
</lfSpanFr>
<devDate gml:id="K1_492806_30-2">
<gml:timePosition>2024-06-07</gml:timePosition>
</devDate>
<orgGILvl>KJ14</orgGILvl>
<vis>表示</vis>
<pos>
<gml:Point gml:id="K1_492806_30-g" srsName="fguuid:jgd2011.bl">
<gml:pos>32.704391750 128.828606889</gml:pos>
</gml:Point>
</pos>
<orgName>国土地理院</orgName>
<type>三角点</type>
<gcpClass>四等三角点</gcpClass>
<gcpCode>TR44928064601</gcpCode>
<name>垣内</name>
<B>117735.8103</B>
<L>463782.9848</L>
<alti>15.7</alti>
<altiAcc>2</altiAcc>
</GCP>
<GCP gml:id="K1_492806_31">
<fid>10-00100-0-2405-64094</fid>
<lfSpanFr gml:id="K1_492806_31-1">
<gml:timePosition>2024-05-15</gml:timePosition>
</lfSpanFr>
<devDate gml:id="K1_492806_31-2">
<gml:timePosition>2024-06-07</gml:timePosition>
</devDate>
<orgGILvl>KJ14</orgGILvl>
<vis>表示</vis>
<pos>
<gml:Point gml:id="K1_492806_31-g" srsName="fguuid:jgd2011.bl">
<gml:pos>32.700732111 128.849963056</gml:pos>
</gml:Point>
</pos>
<orgName>国土地理院</orgName>
<type>三角点</type>
<gcpClass>四等三角点</gcpClass>
<gcpCode>TR44928064701</gcpCode>
<name>丸木</name>
<B>117722.6356</B>
<L>463859.867</L>
<alti>3.51</alti>
<altiAcc>2</altiAcc>
</GCP>
<GCP gml:id="K1_492806_32">
<fid>10-00100-0-2405-64095</fid>
<lfSpanFr gml:id="K1_492806_32-1">
<gml:timePosition>2024-05-15</gml:timePosition>
</lfSpanFr>
<devDate gml:id="K1_492806_32-2">
<gml:timePosition>2024-06-07</gml:timePosition>
</devDate>
<orgGILvl>KJ14</orgGILvl>
<vis>表示</vis>
<pos>
<gml:Point gml:id="K1_492806_32-g" srsName="fguuid:jgd2011.bl">
<gml:pos>32.719658472 128.787448222</gml:pos>
</gml:Point>
</pos>
<orgName>国土地理院</orgName>
<type>三角点</type>
<gcpClass>四等三角点</gcpClass>
<gcpCode>TR44928066201</gcpCode>
<name>唐嶽</name>
<B>117790.7705</B>
<L>463634.8136</L>
<alti>365.2</alti>
<altiAcc>2</altiAcc>
</GCP>
<GCP gml:id="K1_492806_33">
<fid>10-00100-0-2405-64096</fid>
<lfSpanFr gml:id="K1_492806_33-1">
<gml:timePosition>2024-05-15</gml:timePosition>
</lfSpanFr>
<devDate gml:id="K1_492806_33-2">
<gml:timePosition>2024-06-07</gml:timePosition>
</devDate>
<orgGILvl>KJ14</orgGILvl>
<vis>表示</vis>
<pos>
<gml:Point gml:id="K1_492806_33-g" srsName="fguuid:jgd2011.bl">
<gml:pos>32.722533417 128.797357667</gml:pos>
</gml:Point>
</pos>
<orgName>国土地理院</orgName>
<type>三角点</type>
<gcpClass>四等三角点</gcpClass>
<gcpCode>TR44928066301</gcpCode>
<name>来り口</name>
<B>117801.1203</B>
<L>463670.4876</L>
<alti>144.12</alti>
<altiAcc>2</altiAcc>
</GCP>
<GCP gml:id="K1_492806_34">
<fid>10-00100-0-2405-64097</fid>
<lfSpanFr gml:id="K1_492806_34-1">
<gml:timePosition>2024-05-15</gml:timePosition>
</lfSpanFr>
<devDate gml:id="K1_492806_34-2">
<gml:timePosition>2024-06-07</gml:timePosition>
</devDate>
<orgGILvl>KJ14</orgGILvl>
<vis>表示</vis>
<pos>
<gml:Point gml:id="K1_492806_34-g" srsName="fguuid:jgd2011.bl">
<gml:pos>32.725062639 128.756615528</gml:pos>
</gml:Point>
</pos>
<orgName>国土地理院</orgName>
<type>三角点</type>
<gcpClass>四等三角点</gcpClass>
<gcpCode>TR44928067001</gcpCode>
<name>赤江河内</name>
<B>117810.2255</B>
<L>463523.8159</L>
<alti>281.79</alti>
<altiAcc>2</altiAcc>
</GCP>
<GCP gml:id="K1_492806_35">
<fid>10-00100-0-2405-64098</fid>
<lfSpanFr gml:id="K1_492806_35-1">
<gml:timePosition>2024-05-15</gml:timePosition>
</lfSpanFr>
<devDate gml:id="K1_492806_35-2">
<gml:timePosition>2024-06-07</gml:timePosition>
</devDate>
<orgGILvl>KJ14</orgGILvl>
<vis>表示</vis>
<pos>
<gml:Point gml:id="K1_492806_35-g" srsName="fguuid:jgd2011.bl">
<gml:pos>32.726063306 128.773323944</gml:pos>
</gml:Point>
</pos>
<orgName>国土地理院</orgName>
<type>三角点</type>
<gcpClass>四等三角点</gcpClass>
<gcpCode>TR44928067101</gcpCode>
<name>薬研</name>
<B>117813.8279</B>
<L>463583.9662</L>
<alti>288.95</alti>
<altiAcc>2</altiAcc>
</GCP>
<GCP gml:id="K1_492806_36">
<fid>10-00100-0-2405-64099</fid>
<lfSpanFr gml:id="K1_492806_36-1">
<gml:timePosition>2024-05-15</gml:timePosition>
</lfSpanFr>
<devDate gml:id="K1_492806_36-2">
<gml:timePosition>2024-06-07</gml:timePosition>
</devDate>
<orgGILvl>KJ14</orgGILvl>
<vis>表示</vis>
<pos>
<gml:Point gml:id="K1_492806_36-g" srsName="fguuid:jgd2011.bl">
<gml:pos>32.735737639 128.766051472</gml:pos>
</gml:Point>
</pos>
<orgName>国土地理院</orgName>
<type>三角点</type>
<gcpClass>四等三角点</gcpClass>
<gcpCode>TR44928068101</gcpCode>
<name>笠外</name>
<B>117848.6555</B>
<L>463557.7853</L>
<alti>150.69</alti>
<altiAcc>2</altiAcc>
</GCP>
<GCP gml:id="K1_492806_37">
<fid>10-00100-0-2405-64100</fid>
<lfSpanFr gml:id="K1_492806_37-1">
<gml:timePosition>2024-05-15</gml:timePosition>
</lfSpanFr>
<devDate gml:id="K1_492806_37-2">
<gml:timePosition>2024-06-07</gml:timePosition>
</devDate>
<orgGILvl>KJ14</orgGILvl>
<vis>表示</vis>
<pos>
<gml:Point gml:id="K1_492806_37-g" srsName="fguuid:jgd2011.bl">
<gml:pos>32.737782722 128.783603806</gml:pos>
</gml:Point>
</pos>
<orgName>国土地理院</orgName>
<type>三角点</type>
<gcpClass>四等三角点</gcpClass>
<gcpCode>TR44928068201</gcpCode>
<name>畳平</name>
<B>117856.0178</B>
<L>463620.9737</L>
<alti>227.9</alti>
<altiAcc>2</altiAcc>
</GCP>
<GCP gml:id="K1_492806_38">
<fid>10-00100-0-2405-64101</fid>
<lfSpanFr gml:id="K1_492806_38-1">
<gml:timePosition>2024-05-15</gml:timePosition>
</lfSpanFr>
<devDate gml:id="K1_492806_38-2">
<gml:timePosition>2024-06-07</gml:timePosition>
</devDate>
<orgGILvl>KJ14</orgGILvl>
<vis>表示</vis>
<pos>
<gml:Point gml:id="K1_492806_38-g" srsName="fguuid:jgd2011.bl">
<gml:pos>32.736224000 128.799258694</gml:pos>
</gml:Point>
</pos>
<orgName>国土地理院</orgName>
<type>三角点</type>
<gcpClass>四等三角点</gcpClass>
<gcpCode>TR44928068301</gcpCode>
<name>十之進</name>
<B>117850.4064</B>
<L>463677.3313</L>
<alti>282.69</alti>
<altiAcc>2</altiAcc>
</GCP>
<GCP gml:id="K1_492806_39">
<fid>10-00100-0-2405-64102</fid>
<lfSpanFr gml:id="K1_492806_39-1">
<gml:timePosition>2024-05-15</gml:timePosition>
</lfSpanFr>
<devDate gml:id="K1_492806_39-2">
<gml:timePosition>2024-06-07</gml:timePosition>
</devDate>
<orgGILvl>KJ14</orgGILvl>
<vis>表示</vis>
<pos>
<gml:Point gml:id="K1_492806_39-g" srsName="fguuid:jgd2011.bl">
<gml:pos>32.744328167 128.805874583</gml:pos>
</gml:Point>
</pos>
<orgName>国土地理院</orgName>
<type>三角点</type>
<gcpClass>四等三角点</gcpClass>
<gcpCode>TR44928069401</gcpCode>
<name>鳩山</name>
<B>117879.5814</B>
<L>463701.1485</L>
<alti>279.96</alti>
<altiAcc>2</altiAcc>
</GCP>
</Dataset>
