<?xml version="1.0" encoding="utf-8"?>
<Dataset xsi:schemaLocation="http://fgd.gsi.go.jp/spec/2008/FGD_GMLSchema FGD_GMLSchema.xsd"
	xmlns:gml="http://www.opengis.net/gml/3.2"
	xmlns:xsi="http://www.w3.org/2001/XMLSchema-instance"
	xmlns:xlink="http://www.w3.org/1999/xlink"
	xmlns="http://fgd.gsi.go.jp/spec/2008/FGD_GMLSchema"
	gml:id="Dataset1">
  <gml:description>基盤地図情報メタデータ ID=fmdid:24-0701</gml:description>
  <gml:name>基盤地図情報ダウンロードデータ（GML版）</gml:name>
<ElevPt gml:id="K2_4635011760_1">
<fid>46350-11760-i-103</fid>
<lfSpanFr gml:id="K2_4635011760_1-1">
<gml:timePosition>2015-11-17</gml:timePosition>
</lfSpanFr>
<devDate gml:id="K2_4635011760_1-2">
<gml:timePosition>2024-06-07</gml:timePosition>
</devDate>
<orgGILvl>25000</orgGILvl>
<vis>表示</vis>
<pos>
<gml:Point gml:id="K2_4635011760_1-g" srsName="fguuid:jgd2011.bl">
<gml:pos>32.666726944 128.756680278</gml:pos>
</gml:Point>
</pos>
<type>標高点（測点）</type>
<alti>153</alti>
</ElevPt>
<ElevPt gml:id="K2_4635011763_1">
<fid>46350-11763-i-13</fid>
<lfSpanFr gml:id="K2_4635011763_1-1">
<gml:timePosition>2015-11-17</gml:timePosition>
</lfSpanFr>
<devDate gml:id="K2_4635011763_1-2">
<gml:timePosition>2024-06-07</gml:timePosition>
</devDate>
<orgGILvl>25000</orgGILvl>
<vis>表示</vis>
<pos>
<gml:Point gml:id="K2_4635011763_1-g" srsName="fguuid:jgd2011.bl">
<gml:pos>32.677633333 128.754379167</gml:pos>
</gml:Point>
</pos>
<type>標高点（測点）</type>
<alti>306</alti>
</ElevPt>
<ElevPt gml:id="K2_4635011766_1">
<fid>46350-11766-i-13</fid>
<lfSpanFr gml:id="K2_4635011766_1-1">
<gml:timePosition>2015-11-17</gml:timePosition>
</lfSpanFr>
<devDate gml:id="K2_4635011766_1-2">
<gml:timePosition>2024-06-07</gml:timePosition>
</devDate>
<orgGILvl>25000</orgGILvl>
<vis>表示</vis>
<pos>
<gml:Point gml:id="K2_4635011766_1-g" srsName="fguuid:jgd2011.bl">
<gml:pos>32.686550000 128.752601111</gml:pos>
</gml:Point>
</pos>
<type>標高点（測点）</type>
<alti>380</alti>
</ElevPt>
<ElevPt gml:id="K2_4635011772_1">
<fid>46350-11772-i-34</fid>
<lfSpanFr gml:id="K2_4635011772_1-1">
<gml:timePosition>2015-11-17</gml:timePosition>
</lfSpanFr>
<devDate gml:id="K2_4635011772_1-2">
<gml:timePosition>2024-06-07</gml:timePosition>
</devDate>
<orgGILvl>25000</orgGILvl>
<vis>表示</vis>
<pos>
<gml:Point gml:id="K2_4635011772_1-g" srsName="fguuid:jgd2011.bl">
<gml:pos>32.705382778 128.755133056</gml:pos>
</gml:Point>
</pos>
<type>標高点（測点）</type>
<alti>126</alti>
</ElevPt>
<ElevPt gml:id="K2_4635011775_1">
<fid>46350-11775-i-40</fid>
<lfSpanFr gml:id="K2_4635011775_1-1">
<gml:timePosition>2015-11-17</gml:timePosition>
</lfSpanFr>
<devDate gml:id="K2_4635011775_1-2">
<gml:timePosition>2024-06-07</gml:timePosition>
</devDate>
<orgGILvl>25000</orgGILvl>
<vis>表示</vis>
<pos>
<gml:Point gml:id="K2_4635011775_1-g" srsName="fguuid:jgd2011.bl">
<gml:pos>32.713099722 128.750307500</gml:pos>
</gml:Point>
</pos>
<type>標高点（測点）</type>
<alti>196</alti>
</ElevPt>
<ElevPt gml:id="K2_4635011778_1">
<fid>46350-11778-i-47</fid>
<lfSpanFr gml:id="K2_4635011778_1-1">
<gml:timePosition>2015-11-17</gml:timePosition>
</lfSpanFr>
<devDate gml:id="K2_4635011778_1-2">
<gml:timePosition>2024-06-07</gml:timePosition>
</devDate>
<orgGILvl>25000</orgGILvl>
<vis>表示</vis>
<pos>
<gml:Point gml:id="K2_4635011778_1-g" srsName="fguuid:jgd2011.bl">
<gml:pos>32.719882500 128.751337778</gml:pos>
</gml:Point>
</pos>
<type>標高点（測点）</type>
<alti>240</alti>
</ElevPt>
<ElevPt gml:id="K2_4635011781_1">
<fid>46350-11781-i-44</fid>
<lfSpanFr gml:id="K2_4635011781_1-1">
<gml:timePosition>2021-05-12</gml:timePosition>
</lfSpanFr>
<devDate gml:id="K2_4635011781_1-2">
<gml:timePosition>2024-06-07</gml:timePosition>
</devDate>
<orgGILvl>25000</orgGILvl>
<vis>表示</vis>
<pos>
<gml:Point gml:id="K2_4635011781_1-g" srsName="fguuid:jgd2011.bl">
<gml:pos>32.732159722 128.750198889</gml:pos>
</gml:Point>
</pos>
<type>標高点（測点）</type>
<alti>89</alti>
</ElevPt>
<ElevPt gml:id="K2_4635311760_1">
<fid>46353-11760-i-51</fid>
<lfSpanFr gml:id="K2_4635311760_1-1">
<gml:timePosition>2017-02-08</gml:timePosition>
</lfSpanFr>
<devDate gml:id="K2_4635311760_1-2">
<gml:timePosition>2024-06-07</gml:timePosition>
</devDate>
<orgGILvl>25000</orgGILvl>
<vis>非表示</vis>
<pos>
<gml:Point gml:id="K2_4635311760_1-g" srsName="fguuid:jgd2011.bl">
<gml:pos>32.671705556 128.759099444</gml:pos>
</gml:Point>
</pos>
<type>標高点（測点）</type>
<alti>76</alti>
</ElevPt>
<ElevPt gml:id="K2_4635311763_1">
<fid>46353-11763-i-63</fid>
<lfSpanFr gml:id="K2_4635311763_1-1">
<gml:timePosition>2015-11-17</gml:timePosition>
</lfSpanFr>
<devDate gml:id="K2_4635311763_1-2">
<gml:timePosition>2024-06-07</gml:timePosition>
</devDate>
<orgGILvl>25000</orgGILvl>
<vis>表示</vis>
<pos>
<gml:Point gml:id="K2_4635311763_1-g" srsName="fguuid:jgd2011.bl">
<gml:pos>32.681461667 128.760638333</gml:pos>
</gml:Point>
</pos>
<type>標高点（測点）</type>
<alti>248</alti>
</ElevPt>
<ElevPt gml:id="K2_4635311766_1">
<fid>46353-11766-i-18</fid>
<lfSpanFr gml:id="K2_4635311766_1-1">
<gml:timePosition>2015-11-17</gml:timePosition>
</lfSpanFr>
<devDate gml:id="K2_4635311766_1-2">
<gml:timePosition>2024-06-07</gml:timePosition>
</devDate>
<orgGILvl>25000</orgGILvl>
<vis>表示</vis>
<pos>
<gml:Point gml:id="K2_4635311766_1-g" srsName="fguuid:jgd2011.bl">
<gml:pos>32.689015833 128.761954444</gml:pos>
</gml:Point>
</pos>
<type>標高点（測点）</type>
<alti>377</alti>
</ElevPt>
<ElevPt gml:id="K2_4635311769_1">
<fid>46353-11769-i-33</fid>
<lfSpanFr gml:id="K2_4635311769_1-1">
<gml:timePosition>2015-11-17</gml:timePosition>
</lfSpanFr>
<devDate gml:id="K2_4635311769_1-2">
<gml:timePosition>2024-06-07</gml:timePosition>
</devDate>
<orgGILvl>25000</orgGILvl>
<vis>表示</vis>
<pos>
<gml:Point gml:id="K2_4635311769_1-g" srsName="fguuid:jgd2011.bl">
<gml:pos>32.698549722 128.762396111</gml:pos>
</gml:Point>
</pos>
<type>標高点（測点）</type>
<alti>290</alti>
</ElevPt>
<ElevPt gml:id="K2_4635311772_1">
<fid>46353-11772-i-19</fid>
<lfSpanFr gml:id="K2_4635311772_1-1">
<gml:timePosition>2015-11-17</gml:timePosition>
</lfSpanFr>
<devDate gml:id="K2_4635311772_1-2">
<gml:timePosition>2024-06-07</gml:timePosition>
</devDate>
<orgGILvl>25000</orgGILvl>
<vis>表示</vis>
<pos>
<gml:Point gml:id="K2_4635311772_1-g" srsName="fguuid:jgd2011.bl">
<gml:pos>32.703693333 128.762877500</gml:pos>
</gml:Point>
</pos>
<type>標高点（測点）</type>
<alti>298</alti>
</ElevPt>
<ElevPt gml:id="K2_4635311775_1">
<fid>46353-11775-i-19</fid>
<lfSpanFr gml:id="K2_4635311775_1-1">
<gml:timePosition>2015-11-17</gml:timePosition>
</lfSpanFr>
<devDate gml:id="K2_4635311775_1-2">
<gml:timePosition>2024-06-07</gml:timePosition>
</devDate>
<orgGILvl>25000</orgGILvl>
<vis>表示</vis>
<pos>
<gml:Point gml:id="K2_4635311775_1-g" srsName="fguuid:jgd2011.bl">
<gml:pos>32.715798056 128.759997222</gml:pos>
</gml:Point>
</pos>
<type>標高点（測点）</type>
<alti>235</alti>
</ElevPt>
<ElevPt gml:id="K2_4635311778_1">
<fid>46353-11778-i-83</fid>
<lfSpanFr gml:id="K2_4635311778_1-1">
<gml:timePosition>2021-05-12</gml:timePosition>
</lfSpanFr>
<devDate gml:id="K2_4635311778_1-2">
<gml:timePosition>2024-06-07</gml:timePosition>
</devDate>
<orgGILvl>25000</orgGILvl>
<vis>表示</vis>
<pos>
<gml:Point gml:id="K2_4635311778_1-g" srsName="fguuid:jgd2011.bl">
<gml:pos>32.720450000 128.762663889</gml:pos>
</gml:Point>
</pos>
<type>標高点（測点）</type>
<alti>49</alti>
</ElevPt>
<ElevPt gml:id="K2_4635311781_1">
<fid>46353-11781-i-49</fid>
<lfSpanFr gml:id="K2_4635311781_1-1">
<gml:timePosition>2015-11-17</gml:timePosition>
</lfSpanFr>
<devDate gml:id="K2_4635311781_1-2">
<gml:timePosition>2024-06-07</gml:timePosition>
</devDate>
<orgGILvl>25000</orgGILvl>
<vis>表示</vis>
<pos>
<gml:Point gml:id="K2_4635311781_1-g" srsName="fguuid:jgd2011.bl">
<gml:pos>32.730617778 128.759202222</gml:pos>
</gml:Point>
</pos>
<type>標高点（測点）</type>
<alti>239</alti>
</ElevPt>
<ElevPt gml:id="K2_4635311784_1">
<fid>46353-11784-i-120</fid>
<lfSpanFr gml:id="K2_4635311784_1-1">
<gml:timePosition>2015-11-17</gml:timePosition>
</lfSpanFr>
<devDate gml:id="K2_4635311784_1-2">
<gml:timePosition>2024-06-07</gml:timePosition>
</devDate>
<orgGILvl>25000</orgGILvl>
<vis>表示</vis>
<pos>
<gml:Point gml:id="K2_4635311784_1-g" srsName="fguuid:jgd2011.bl">
<gml:pos>32.738613184 128.759749133</gml:pos>
</gml:Point>
</pos>
<type>標高点（測点）</type>
<alti>18</alti>
</ElevPt>
<ElevPt gml:id="K2_4635311787_1">
<fid>46353-11787-i-230</fid>
<lfSpanFr gml:id="K2_4635311787_1-1">
<gml:timePosition>2015-11-17</gml:timePosition>
</lfSpanFr>
<devDate gml:id="K2_4635311787_1-2">
<gml:timePosition>2024-06-07</gml:timePosition>
</devDate>
<orgGILvl>25000</orgGILvl>
<vis>表示</vis>
<pos>
<gml:Point gml:id="K2_4635311787_1-g" srsName="fguuid:jgd2011.bl">
<gml:pos>32.747870000 128.758492222</gml:pos>
</gml:Point>
</pos>
<type>標高点（測点）</type>
<alti>22</alti>
</ElevPt>
<ElevPt gml:id="K2_4635611763_1">
<fid>46356-11763-i-237</fid>
<lfSpanFr gml:id="K2_4635611763_1-1">
<gml:timePosition>2021-05-12</gml:timePosition>
</lfSpanFr>
<devDate gml:id="K2_4635611763_1-2">
<gml:timePosition>2024-06-07</gml:timePosition>
</devDate>
<orgGILvl>25000</orgGILvl>
<vis>表示</vis>
<pos>
<gml:Point gml:id="K2_4635611763_1-g" srsName="fguuid:jgd2011.bl">
<gml:pos>32.682707222 128.769075556</gml:pos>
</gml:Point>
</pos>
<type>標高点（測点）</type>
<alti>135</alti>
</ElevPt>
<ElevPt gml:id="K2_4635611769_1">
<fid>46356-11769-i-159</fid>
<lfSpanFr gml:id="K2_4635611769_1-1">
<gml:timePosition>2021-05-12</gml:timePosition>
</lfSpanFr>
<devDate gml:id="K2_4635611769_1-2">
<gml:timePosition>2024-06-07</gml:timePosition>
</devDate>
<orgGILvl>25000</orgGILvl>
<vis>表示</vis>
<pos>
<gml:Point gml:id="K2_4635611769_1-g" srsName="fguuid:jgd2011.bl">
<gml:pos>32.696041111 128.773918056</gml:pos>
</gml:Point>
</pos>
<type>標高点（測点）</type>
<alti>75</alti>
</ElevPt>
<ElevPt gml:id="K2_4635611769_2">
<fid>46356-11769-i-160</fid>
<lfSpanFr gml:id="K2_4635611769_2-1">
<gml:timePosition>2021-05-12</gml:timePosition>
</lfSpanFr>
<devDate gml:id="K2_4635611769_2-2">
<gml:timePosition>2024-06-07</gml:timePosition>
</devDate>
<orgGILvl>25000</orgGILvl>
<vis>表示</vis>
<pos>
<gml:Point gml:id="K2_4635611769_2-g" srsName="fguuid:jgd2011.bl">
<gml:pos>32.692966944 128.768662778</gml:pos>
</gml:Point>
</pos>
<type>標高点（測点）</type>
<alti>238</alti>
</ElevPt>
<ElevPt gml:id="K2_4635611772_1">
<fid>46356-11772-i-11</fid>
<lfSpanFr gml:id="K2_4635611772_1-1">
<gml:timePosition>2015-11-17</gml:timePosition>
</lfSpanFr>
<devDate gml:id="K2_4635611772_1-2">
<gml:timePosition>2024-06-07</gml:timePosition>
</devDate>
<orgGILvl>25000</orgGILvl>
<vis>表示</vis>
<pos>
<gml:Point gml:id="K2_4635611772_1-g" srsName="fguuid:jgd2011.bl">
<gml:pos>32.703511389 128.771950000</gml:pos>
</gml:Point>
</pos>
<type>標高点（測点）</type>
<alti>347</alti>
</ElevPt>
<ElevPt gml:id="K2_4635611775_1">
<fid>46356-11775-i-4</fid>
<lfSpanFr gml:id="K2_4635611775_1-1">
<gml:timePosition>2015-11-17</gml:timePosition>
</lfSpanFr>
<devDate gml:id="K2_4635611775_1-2">
<gml:timePosition>2024-06-07</gml:timePosition>
</devDate>
<orgGILvl>25000</orgGILvl>
<vis>表示</vis>
<pos>
<gml:Point gml:id="K2_4635611775_1-g" srsName="fguuid:jgd2011.bl">
<gml:pos>32.710355833 128.768033889</gml:pos>
</gml:Point>
</pos>
<type>標高点（測点）</type>
<alti>387</alti>
</ElevPt>
<ElevPt gml:id="K2_4635611784_1">
<fid>46356-11784-i-420</fid>
<lfSpanFr gml:id="K2_4635611784_1-1">
<gml:timePosition>2021-05-12</gml:timePosition>
</lfSpanFr>
<devDate gml:id="K2_4635611784_1-2">
<gml:timePosition>2024-06-07</gml:timePosition>
</devDate>
<orgGILvl>25000</orgGILvl>
<vis>表示</vis>
<pos>
<gml:Point gml:id="K2_4635611784_1-g" srsName="fguuid:jgd2011.bl">
<gml:pos>32.741412222 128.773528889</gml:pos>
</gml:Point>
</pos>
<type>標高点（測点）</type>
<alti>98</alti>
</ElevPt>
<ElevPt gml:id="K2_4635611787_1">
<fid>46356-11787-i-27</fid>
<lfSpanFr gml:id="K2_4635611787_1-1">
<gml:timePosition>2015-11-17</gml:timePosition>
</lfSpanFr>
<devDate gml:id="K2_4635611787_1-2">
<gml:timePosition>2024-06-07</gml:timePosition>
</devDate>
<orgGILvl>25000</orgGILvl>
<vis>表示</vis>
<pos>
<gml:Point gml:id="K2_4635611787_1-g" srsName="fguuid:jgd2011.bl">
<gml:pos>32.749707222 128.774041944</gml:pos>
</gml:Point>
</pos>
<type>標高点（測点）</type>
<alti>62</alti>
</ElevPt>
<ElevPt gml:id="K2_4635611787_2">
<fid>46356-11787-i-28</fid>
<lfSpanFr gml:id="K2_4635611787_2-1">
<gml:timePosition>2015-11-17</gml:timePosition>
</lfSpanFr>
<devDate gml:id="K2_4635611787_2-2">
<gml:timePosition>2024-06-07</gml:timePosition>
</devDate>
<orgGILvl>25000</orgGILvl>
<vis>表示</vis>
<pos>
<gml:Point gml:id="K2_4635611787_2-g" srsName="fguuid:jgd2011.bl">
<gml:pos>32.745269167 128.768459167</gml:pos>
</gml:Point>
</pos>
<type>標高点（測点）</type>
<alti>54</alti>
</ElevPt>
<ElevPt gml:id="K2_4635911760_1">
<fid>46359-11760-i-21</fid>
<lfSpanFr gml:id="K2_4635911760_1-1">
<gml:timePosition>2015-11-17</gml:timePosition>
</lfSpanFr>
<devDate gml:id="K2_4635911760_1-2">
<gml:timePosition>2024-06-07</gml:timePosition>
</devDate>
<orgGILvl>25000</orgGILvl>
<vis>表示</vis>
<pos>
<gml:Point gml:id="K2_4635911760_1-g" srsName="fguuid:jgd2011.bl">
<gml:pos>32.667597222 128.783276389</gml:pos>
</gml:Point>
</pos>
<type>標高点（測点）</type>
<alti>422</alti>
</ElevPt>
<ElevPt gml:id="K2_4635911763_1">
<fid>46359-11763-i-22</fid>
<lfSpanFr gml:id="K2_4635911763_1-1">
<gml:timePosition>2015-11-17</gml:timePosition>
</lfSpanFr>
<devDate gml:id="K2_4635911763_1-2">
<gml:timePosition>2024-06-07</gml:timePosition>
</devDate>
<orgGILvl>25000</orgGILvl>
<vis>表示</vis>
<pos>
<gml:Point gml:id="K2_4635911763_1-g" srsName="fguuid:jgd2011.bl">
<gml:pos>32.676339167 128.776050556</gml:pos>
</gml:Point>
</pos>
<type>標高点（測点）</type>
<alti>252</alti>
</ElevPt>
<ElevPt gml:id="K2_4635911766_1">
<fid>46359-11766-i-111</fid>
<lfSpanFr gml:id="K2_4635911766_1-1">
<gml:timePosition>2015-11-17</gml:timePosition>
</lfSpanFr>
<devDate gml:id="K2_4635911766_1-2">
<gml:timePosition>2024-06-07</gml:timePosition>
</devDate>
<orgGILvl>25000</orgGILvl>
<vis>表示</vis>
<pos>
<gml:Point gml:id="K2_4635911766_1-g" srsName="fguuid:jgd2011.bl">
<gml:pos>32.685753611 128.780121389</gml:pos>
</gml:Point>
</pos>
<type>標高点（測点）</type>
<alti>198</alti>
</ElevPt>
<ElevPt gml:id="K2_4635911769_1">
<fid>46359-11769-i-48</fid>
<lfSpanFr gml:id="K2_4635911769_1-1">
<gml:timePosition>2015-11-17</gml:timePosition>
</lfSpanFr>
<devDate gml:id="K2_4635911769_1-2">
<gml:timePosition>2024-06-07</gml:timePosition>
</devDate>
<orgGILvl>25000</orgGILvl>
<vis>表示</vis>
<pos>
<gml:Point gml:id="K2_4635911769_1-g" srsName="fguuid:jgd2011.bl">
<gml:pos>32.692091667 128.780086944</gml:pos>
</gml:Point>
</pos>
<type>標高点（測点）</type>
<alti>120</alti>
</ElevPt>
<ElevPt gml:id="K2_4635911772_1">
<fid>46359-11772-i-159</fid>
<lfSpanFr gml:id="K2_4635911772_1-1">
<gml:timePosition>2021-05-12</gml:timePosition>
</lfSpanFr>
<devDate gml:id="K2_4635911772_1-2">
<gml:timePosition>2024-06-07</gml:timePosition>
</devDate>
<orgGILvl>25000</orgGILvl>
<vis>表示</vis>
<pos>
<gml:Point gml:id="K2_4635911772_1-g" srsName="fguuid:jgd2011.bl">
<gml:pos>32.701314167 128.781602222</gml:pos>
</gml:Point>
</pos>
<type>標高点（測点）</type>
<alti>89</alti>
</ElevPt>
<ElevPt gml:id="K2_4635911778_1">
<fid>46359-11778-i-25</fid>
<lfSpanFr gml:id="K2_4635911778_1-1">
<gml:timePosition>2015-11-17</gml:timePosition>
</lfSpanFr>
<devDate gml:id="K2_4635911778_1-2">
<gml:timePosition>2024-06-07</gml:timePosition>
</devDate>
<orgGILvl>25000</orgGILvl>
<vis>表示</vis>
<pos>
<gml:Point gml:id="K2_4635911778_1-g" srsName="fguuid:jgd2011.bl">
<gml:pos>32.720908056 128.779557222</gml:pos>
</gml:Point>
</pos>
<type>標高点（測点）</type>
<alti>13</alti>
</ElevPt>
<ElevPt gml:id="K2_4635911781_1">
<fid>46359-11781-i-87</fid>
<lfSpanFr gml:id="K2_4635911781_1-1">
<gml:timePosition>2015-11-17</gml:timePosition>
</lfSpanFr>
<devDate gml:id="K2_4635911781_1-2">
<gml:timePosition>2024-06-07</gml:timePosition>
</devDate>
<orgGILvl>25000</orgGILvl>
<vis>表示</vis>
<pos>
<gml:Point gml:id="K2_4635911781_1-g" srsName="fguuid:jgd2011.bl">
<gml:pos>32.729265833 128.781575556</gml:pos>
</gml:Point>
</pos>
<type>標高点（測点）</type>
<alti>61</alti>
</ElevPt>
<ElevPt gml:id="K2_4635911784_1">
<fid>46359-11784-i-112</fid>
<lfSpanFr gml:id="K2_4635911784_1-1">
<gml:timePosition>2015-11-17</gml:timePosition>
</lfSpanFr>
<devDate gml:id="K2_4635911784_1-2">
<gml:timePosition>2024-06-07</gml:timePosition>
</devDate>
<orgGILvl>25000</orgGILvl>
<vis>表示</vis>
<pos>
<gml:Point gml:id="K2_4635911784_1-g" srsName="fguuid:jgd2011.bl">
<gml:pos>32.735801111 128.775314167</gml:pos>
</gml:Point>
</pos>
<type>標高点（測点）</type>
<alti>27</alti>
</ElevPt>
<ElevPt gml:id="K2_4635911787_1">
<fid>46359-11787-i-27</fid>
<lfSpanFr gml:id="K2_4635911787_1-1">
<gml:timePosition>2015-11-17</gml:timePosition>
</lfSpanFr>
<devDate gml:id="K2_4635911787_1-2">
<gml:timePosition>2024-06-07</gml:timePosition>
</devDate>
<orgGILvl>25000</orgGILvl>
<vis>表示</vis>
<pos>
<gml:Point gml:id="K2_4635911787_1-g" srsName="fguuid:jgd2011.bl">
<gml:pos>32.748105000 128.782535278</gml:pos>
</gml:Point>
</pos>
<type>標高点（測点）</type>
<alti>292</alti>
</ElevPt>
<ElevPt gml:id="K2_4636211763_1">
<fid>46362-11763-i-13</fid>
<lfSpanFr gml:id="K2_4636211763_1-1">
<gml:timePosition>2015-11-17</gml:timePosition>
</lfSpanFr>
<devDate gml:id="K2_4636211763_1-2">
<gml:timePosition>2024-06-07</gml:timePosition>
</devDate>
<orgGILvl>25000</orgGILvl>
<vis>表示</vis>
<pos>
<gml:Point gml:id="K2_4636211763_1-g" srsName="fguuid:jgd2011.bl">
<gml:pos>32.677715000 128.786822500</gml:pos>
</gml:Point>
</pos>
<type>標高点（測点）</type>
<alti>316</alti>
</ElevPt>
<ElevPt gml:id="K2_4636211766_1">
<fid>46362-11766-i-65</fid>
<lfSpanFr gml:id="K2_4636211766_1-1">
<gml:timePosition>2015-11-17</gml:timePosition>
</lfSpanFr>
<devDate gml:id="K2_4636211766_1-2">
<gml:timePosition>2024-06-07</gml:timePosition>
</devDate>
<orgGILvl>25000</orgGILvl>
<vis>表示</vis>
<pos>
<gml:Point gml:id="K2_4636211766_1-g" srsName="fguuid:jgd2011.bl">
<gml:pos>32.684507778 128.789909167</gml:pos>
</gml:Point>
</pos>
<type>標高点（測点）</type>
<alti>239</alti>
</ElevPt>
<ElevPt gml:id="K2_4636211766_2">
<fid>46362-11766-i-66</fid>
<lfSpanFr gml:id="K2_4636211766_2-1">
<gml:timePosition>2015-11-17</gml:timePosition>
</lfSpanFr>
<devDate gml:id="K2_4636211766_2-2">
<gml:timePosition>2024-06-07</gml:timePosition>
</devDate>
<orgGILvl>25000</orgGILvl>
<vis>表示</vis>
<pos>
<gml:Point gml:id="K2_4636211766_2-g" srsName="fguuid:jgd2011.bl">
<gml:pos>32.689433611 128.790555000</gml:pos>
</gml:Point>
</pos>
<type>標高点（測点）</type>
<alti>229</alti>
</ElevPt>
<ElevPt gml:id="K2_4636211772_1">
<fid>46362-11772-i-75</fid>
<lfSpanFr gml:id="K2_4636211772_1-1">
<gml:timePosition>2015-11-17</gml:timePosition>
</lfSpanFr>
<devDate gml:id="K2_4636211772_1-2">
<gml:timePosition>2024-06-07</gml:timePosition>
</devDate>
<orgGILvl>25000</orgGILvl>
<vis>表示</vis>
<pos>
<gml:Point gml:id="K2_4636211772_1-g" srsName="fguuid:jgd2011.bl">
<gml:pos>32.702072778 128.791281667</gml:pos>
</gml:Point>
</pos>
<type>標高点（測点）</type>
<alti>234</alti>
</ElevPt>
<ElevPt gml:id="K2_4636211775_1">
<fid>46362-11775-i-42</fid>
<lfSpanFr gml:id="K2_4636211775_1-1">
<gml:timePosition>2015-11-17</gml:timePosition>
</lfSpanFr>
<devDate gml:id="K2_4636211775_1-2">
<gml:timePosition>2024-06-07</gml:timePosition>
</devDate>
<orgGILvl>25000</orgGILvl>
<vis>表示</vis>
<pos>
<gml:Point gml:id="K2_4636211775_1-g" srsName="fguuid:jgd2011.bl">
<gml:pos>32.712131944 128.790823889</gml:pos>
</gml:Point>
</pos>
<type>標高点（測点）</type>
<alti>123</alti>
</ElevPt>
<ElevPt gml:id="K2_4636211781_1">
<fid>46362-11781-i-17</fid>
<lfSpanFr gml:id="K2_4636211781_1-1">
<gml:timePosition>2015-11-17</gml:timePosition>
</lfSpanFr>
<devDate gml:id="K2_4636211781_1-2">
<gml:timePosition>2024-06-07</gml:timePosition>
</devDate>
<orgGILvl>25000</orgGILvl>
<vis>表示</vis>
<pos>
<gml:Point gml:id="K2_4636211781_1-g" srsName="fguuid:jgd2011.bl">
<gml:pos>32.732925556 128.787549167</gml:pos>
</gml:Point>
</pos>
<type>標高点（測点）</type>
<alti>254</alti>
</ElevPt>
<ElevPt gml:id="K2_4636211787_1">
<fid>46362-11787-i-2083</fid>
<lfSpanFr gml:id="K2_4636211787_1-1">
<gml:timePosition>2021-05-12</gml:timePosition>
</lfSpanFr>
<devDate gml:id="K2_4636211787_1-2">
<gml:timePosition>2024-06-07</gml:timePosition>
</devDate>
<orgGILvl>25000</orgGILvl>
<vis>表示</vis>
<pos>
<gml:Point gml:id="K2_4636211787_1-g" srsName="fguuid:jgd2011.bl">
<gml:pos>32.742357500 128.784638611</gml:pos>
</gml:Point>
</pos>
<type>標高点（測点）</type>
<alti>12</alti>
</ElevPt>
<ElevPt gml:id="K2_4636511760_1">
<fid>46365-11760-i-42</fid>
<lfSpanFr gml:id="K2_4636511760_1-1">
<gml:timePosition>2015-11-17</gml:timePosition>
</lfSpanFr>
<devDate gml:id="K2_4636511760_1-2">
<gml:timePosition>2024-06-07</gml:timePosition>
</devDate>
<orgGILvl>25000</orgGILvl>
<vis>表示</vis>
<pos>
<gml:Point gml:id="K2_4636511760_1-g" srsName="fguuid:jgd2011.bl">
<gml:pos>32.671415278 128.797066667</gml:pos>
</gml:Point>
</pos>
<type>標高点（測点）</type>
<alti>257</alti>
</ElevPt>
<ElevPt gml:id="K2_4636511766_1">
<fid>46365-11766-i-121</fid>
<lfSpanFr gml:id="K2_4636511766_1-1">
<gml:timePosition>2021-05-12</gml:timePosition>
</lfSpanFr>
<devDate gml:id="K2_4636511766_1-2">
<gml:timePosition>2024-06-07</gml:timePosition>
</devDate>
<orgGILvl>25000</orgGILvl>
<vis>表示</vis>
<pos>
<gml:Point gml:id="K2_4636511766_1-g" srsName="fguuid:jgd2011.bl">
<gml:pos>32.690787222 128.796458889</gml:pos>
</gml:Point>
</pos>
<type>標高点（測点）</type>
<alti>177</alti>
</ElevPt>
<ElevPt gml:id="K2_4636511766_2">
<fid>46365-11766-i-122</fid>
<lfSpanFr gml:id="K2_4636511766_2-1">
<gml:timePosition>2021-05-12</gml:timePosition>
</lfSpanFr>
<devDate gml:id="K2_4636511766_2-2">
<gml:timePosition>2024-06-07</gml:timePosition>
</devDate>
<orgGILvl>25000</orgGILvl>
<vis>表示</vis>
<pos>
<gml:Point gml:id="K2_4636511766_2-g" srsName="fguuid:jgd2011.bl">
<gml:pos>32.684816111 128.799050000</gml:pos>
</gml:Point>
</pos>
<type>標高点（測点）</type>
<alti>59</alti>
</ElevPt>
<ElevPt gml:id="K2_4636511772_1">
<fid>46365-11772-i-159</fid>
<lfSpanFr gml:id="K2_4636511772_1-1">
<gml:timePosition>2021-05-12</gml:timePosition>
</lfSpanFr>
<devDate gml:id="K2_4636511772_1-2">
<gml:timePosition>2024-06-07</gml:timePosition>
</devDate>
<orgGILvl>25000</orgGILvl>
<vis>表示</vis>
<pos>
<gml:Point gml:id="K2_4636511772_1-g" srsName="fguuid:jgd2011.bl">
<gml:pos>32.707061944 128.797876667</gml:pos>
</gml:Point>
</pos>
<type>標高点（測点）</type>
<alti>196</alti>
</ElevPt>
<ElevPt gml:id="K2_4636511775_1">
<fid>46365-11775-i-15</fid>
<lfSpanFr gml:id="K2_4636511775_1-1">
<gml:timePosition>2015-11-17</gml:timePosition>
</lfSpanFr>
<devDate gml:id="K2_4636511775_1-2">
<gml:timePosition>2024-06-07</gml:timePosition>
</devDate>
<orgGILvl>25000</orgGILvl>
<vis>表示</vis>
<pos>
<gml:Point gml:id="K2_4636511775_1-g" srsName="fguuid:jgd2011.bl">
<gml:pos>32.713711944 128.799334444</gml:pos>
</gml:Point>
</pos>
<type>標高点（測点）</type>
<alti>321</alti>
</ElevPt>
<ElevPt gml:id="K2_4636511778_1">
<fid>46365-11778-i-29</fid>
<lfSpanFr gml:id="K2_4636511778_1-1">
<gml:timePosition>2015-11-17</gml:timePosition>
</lfSpanFr>
<devDate gml:id="K2_4636511778_1-2">
<gml:timePosition>2024-06-07</gml:timePosition>
</devDate>
<orgGILvl>25000</orgGILvl>
<vis>表示</vis>
<pos>
<gml:Point gml:id="K2_4636511778_1-g" srsName="fguuid:jgd2011.bl">
<gml:pos>32.719490833 128.797263611</gml:pos>
</gml:Point>
</pos>
<type>標高点（測点）</type>
<alti>131</alti>
</ElevPt>
<ElevPt gml:id="K2_4636511781_1">
<fid>46365-11781-i-8</fid>
<lfSpanFr gml:id="K2_4636511781_1-1">
<gml:timePosition>2015-11-17</gml:timePosition>
</lfSpanFr>
<devDate gml:id="K2_4636511781_1-2">
<gml:timePosition>2024-06-07</gml:timePosition>
</devDate>
<orgGILvl>25000</orgGILvl>
<vis>表示</vis>
<pos>
<gml:Point gml:id="K2_4636511781_1-g" srsName="fguuid:jgd2011.bl">
<gml:pos>32.725965833 128.799888333</gml:pos>
</gml:Point>
</pos>
<type>標高点（測点）</type>
<alti>296</alti>
</ElevPt>
<ElevPt gml:id="K2_4636511781_2">
<fid>46365-11781-i-9</fid>
<lfSpanFr gml:id="K2_4636511781_2-1">
<gml:timePosition>2015-11-17</gml:timePosition>
</lfSpanFr>
<devDate gml:id="K2_4636511781_2-2">
<gml:timePosition>2024-06-07</gml:timePosition>
</devDate>
<orgGILvl>25000</orgGILvl>
<vis>表示</vis>
<pos>
<gml:Point gml:id="K2_4636511781_2-g" srsName="fguuid:jgd2011.bl">
<gml:pos>32.729192222 128.797578056</gml:pos>
</gml:Point>
</pos>
<type>標高点（測点）</type>
<alti>331</alti>
</ElevPt>
<ElevPt gml:id="K2_4636511784_1">
<fid>46365-11784-i-11</fid>
<lfSpanFr gml:id="K2_4636511784_1-1">
<gml:timePosition>2015-11-17</gml:timePosition>
</lfSpanFr>
<devDate gml:id="K2_4636511784_1-2">
<gml:timePosition>2024-06-07</gml:timePosition>
</devDate>
<orgGILvl>25000</orgGILvl>
<vis>表示</vis>
<pos>
<gml:Point gml:id="K2_4636511784_1-g" srsName="fguuid:jgd2011.bl">
<gml:pos>32.738082222 128.792559722</gml:pos>
</gml:Point>
</pos>
<type>標高点（測点）</type>
<alti>249</alti>
</ElevPt>
<ElevPt gml:id="K2_4636511787_1">
<fid>46365-11787-i-48</fid>
<lfSpanFr gml:id="K2_4636511787_1-1">
<gml:timePosition>2015-11-17</gml:timePosition>
</lfSpanFr>
<devDate gml:id="K2_4636511787_1-2">
<gml:timePosition>2024-06-07</gml:timePosition>
</devDate>
<orgGILvl>25000</orgGILvl>
<vis>表示</vis>
<pos>
<gml:Point gml:id="K2_4636511787_1-g" srsName="fguuid:jgd2011.bl">
<gml:pos>32.744526389 128.797265000</gml:pos>
</gml:Point>
</pos>
<type>標高点（測点）</type>
<alti>163</alti>
</ElevPt>
<ElevPt gml:id="K2_4636511787_2">
<fid>46365-11787-i-49</fid>
<lfSpanFr gml:id="K2_4636511787_2-1">
<gml:timePosition>2015-11-17</gml:timePosition>
</lfSpanFr>
<devDate gml:id="K2_4636511787_2-2">
<gml:timePosition>2024-06-07</gml:timePosition>
</devDate>
<orgGILvl>25000</orgGILvl>
<vis>表示</vis>
<pos>
<gml:Point gml:id="K2_4636511787_2-g" srsName="fguuid:jgd2011.bl">
<gml:pos>32.745900556 128.791807222</gml:pos>
</gml:Point>
</pos>
<type>標高点（測点）</type>
<alti>182</alti>
</ElevPt>
<ElevPt gml:id="K2_4636811763_1">
<fid>46368-11763-i-364</fid>
<lfSpanFr gml:id="K2_4636811763_1-1">
<gml:timePosition>2021-05-12</gml:timePosition>
</lfSpanFr>
<devDate gml:id="K2_4636811763_1-2">
<gml:timePosition>2024-06-07</gml:timePosition>
</devDate>
<orgGILvl>25000</orgGILvl>
<vis>表示</vis>
<pos>
<gml:Point gml:id="K2_4636811763_1-g" srsName="fguuid:jgd2011.bl">
<gml:pos>32.677261944 128.800612778</gml:pos>
</gml:Point>
</pos>
<type>標高点（測点）</type>
<alti>84</alti>
</ElevPt>
<ElevPt gml:id="K2_4636811763_2">
<fid>46368-11763-i-365</fid>
<lfSpanFr gml:id="K2_4636811763_2-1">
<gml:timePosition>2021-05-12</gml:timePosition>
</lfSpanFr>
<devDate gml:id="K2_4636811763_2-2">
<gml:timePosition>2024-06-07</gml:timePosition>
</devDate>
<orgGILvl>25000</orgGILvl>
<vis>表示</vis>
<pos>
<gml:Point gml:id="K2_4636811763_2-g" srsName="fguuid:jgd2011.bl">
<gml:pos>32.676355000 128.807396111</gml:pos>
</gml:Point>
</pos>
<type>標高点（測点）</type>
<alti>57</alti>
</ElevPt>
<ElevPt gml:id="K2_4636811763_3">
<fid>46368-11763-i-366</fid>
<lfSpanFr gml:id="K2_4636811763_3-1">
<gml:timePosition>2021-05-12</gml:timePosition>
</lfSpanFr>
<devDate gml:id="K2_4636811763_3-2">
<gml:timePosition>2024-06-07</gml:timePosition>
</devDate>
<orgGILvl>25000</orgGILvl>
<vis>表示</vis>
<pos>
<gml:Point gml:id="K2_4636811763_3-g" srsName="fguuid:jgd2011.bl">
<gml:pos>32.683087778 128.808048611</gml:pos>
</gml:Point>
</pos>
<type>標高点（測点）</type>
<alti>49</alti>
</ElevPt>
<ElevPt gml:id="K2_4636811766_1">
<fid>46368-11766-i-419</fid>
<lfSpanFr gml:id="K2_4636811766_1-1">
<gml:timePosition>2021-05-12</gml:timePosition>
</lfSpanFr>
<devDate gml:id="K2_4636811766_1-2">
<gml:timePosition>2024-06-07</gml:timePosition>
</devDate>
<orgGILvl>25000</orgGILvl>
<vis>表示</vis>
<pos>
<gml:Point gml:id="K2_4636811766_1-g" srsName="fguuid:jgd2011.bl">
<gml:pos>32.686896667 128.807985000</gml:pos>
</gml:Point>
</pos>
<type>標高点（測点）</type>
<alti>40</alti>
</ElevPt>
<ElevPt gml:id="K2_4636811769_1">
<fid>46368-11769-i-631</fid>
<lfSpanFr gml:id="K2_4636811769_1-1">
<gml:timePosition>2021-05-12</gml:timePosition>
</lfSpanFr>
<devDate gml:id="K2_4636811769_1-2">
<gml:timePosition>2024-06-07</gml:timePosition>
</devDate>
<orgGILvl>25000</orgGILvl>
<vis>表示</vis>
<pos>
<gml:Point gml:id="K2_4636811769_1-g" srsName="fguuid:jgd2011.bl">
<gml:pos>32.694609722 128.804518889</gml:pos>
</gml:Point>
</pos>
<type>標高点（測点）</type>
<alti>44</alti>
</ElevPt>
<ElevPt gml:id="K2_4636811772_1">
<fid>46368-11772-i-420</fid>
<lfSpanFr gml:id="K2_4636811772_1-1">
<gml:timePosition>2021-05-12</gml:timePosition>
</lfSpanFr>
<devDate gml:id="K2_4636811772_1-2">
<gml:timePosition>2024-06-07</gml:timePosition>
</devDate>
<orgGILvl>25000</orgGILvl>
<vis>表示</vis>
<pos>
<gml:Point gml:id="K2_4636811772_1-g" srsName="fguuid:jgd2011.bl">
<gml:pos>32.700641111 128.802248889</gml:pos>
</gml:Point>
</pos>
<type>標高点（測点）</type>
<alti>52</alti>
</ElevPt>
<ElevPt gml:id="K2_4636811775_1">
<fid>46368-11775-i-35</fid>
<lfSpanFr gml:id="K2_4636811775_1-1">
<gml:timePosition>2015-11-17</gml:timePosition>
</lfSpanFr>
<devDate gml:id="K2_4636811775_1-2">
<gml:timePosition>2024-06-07</gml:timePosition>
</devDate>
<orgGILvl>25000</orgGILvl>
<vis>表示</vis>
<pos>
<gml:Point gml:id="K2_4636811775_1-g" srsName="fguuid:jgd2011.bl">
<gml:pos>32.709893611 128.807941111</gml:pos>
</gml:Point>
</pos>
<type>標高点（測点）</type>
<alti>84</alti>
</ElevPt>
<ElevPt gml:id="K2_4636811778_1">
<fid>46368-11778-i-9</fid>
<lfSpanFr gml:id="K2_4636811778_1-1">
<gml:timePosition>2015-11-17</gml:timePosition>
</lfSpanFr>
<devDate gml:id="K2_4636811778_1-2">
<gml:timePosition>2024-06-07</gml:timePosition>
</devDate>
<orgGILvl>25000</orgGILvl>
<vis>表示</vis>
<pos>
<gml:Point gml:id="K2_4636811778_1-g" srsName="fguuid:jgd2011.bl">
<gml:pos>32.718149167 128.806555833</gml:pos>
</gml:Point>
</pos>
<type>標高点（測点）</type>
<alti>321</alti>
</ElevPt>
<ElevPt gml:id="K2_4636811784_1">
<fid>46368-11784-i-72</fid>
<lfSpanFr gml:id="K2_4636811784_1-1">
<gml:timePosition>2021-05-12</gml:timePosition>
</lfSpanFr>
<devDate gml:id="K2_4636811784_1-2">
<gml:timePosition>2024-06-07</gml:timePosition>
</devDate>
<orgGILvl>25000</orgGILvl>
<vis>表示</vis>
<pos>
<gml:Point gml:id="K2_4636811784_1-g" srsName="fguuid:jgd2011.bl">
<gml:pos>32.734303889 128.808244444</gml:pos>
</gml:Point>
</pos>
<type>標高点（測点）</type>
<alti>200</alti>
</ElevPt>
<ElevPt gml:id="K2_4637111760_1">
<fid>46371-11760-i-253</fid>
<lfSpanFr gml:id="K2_4637111760_1-1">
<gml:timePosition>2015-11-17</gml:timePosition>
</lfSpanFr>
<devDate gml:id="K2_4637111760_1-2">
<gml:timePosition>2024-06-07</gml:timePosition>
</devDate>
<orgGILvl>25000</orgGILvl>
<vis>表示</vis>
<pos>
<gml:Point gml:id="K2_4637111760_1-g" srsName="fguuid:jgd2011.bl">
<gml:pos>32.667684167 128.808587500</gml:pos>
</gml:Point>
</pos>
<type>標高点（測点）</type>
<alti>45</alti>
</ElevPt>
<ElevPt gml:id="K2_4637111763_1">
<fid>46371-11763-i-389</fid>
<lfSpanFr gml:id="K2_4637111763_1-1">
<gml:timePosition>2021-05-12</gml:timePosition>
</lfSpanFr>
<devDate gml:id="K2_4637111763_1-2">
<gml:timePosition>2024-06-07</gml:timePosition>
</devDate>
<orgGILvl>25000</orgGILvl>
<vis>表示</vis>
<pos>
<gml:Point gml:id="K2_4637111763_1-g" srsName="fguuid:jgd2011.bl">
<gml:pos>32.675236944 128.815470000</gml:pos>
</gml:Point>
</pos>
<type>標高点（測点）</type>
<alti>45</alti>
</ElevPt>
<ElevPt gml:id="K2_4637111769_1">
<fid>46371-11769-i-749</fid>
<lfSpanFr gml:id="K2_4637111769_1-1">
<gml:timePosition>2021-05-12</gml:timePosition>
</lfSpanFr>
<devDate gml:id="K2_4637111769_1-2">
<gml:timePosition>2024-06-07</gml:timePosition>
</devDate>
<orgGILvl>25000</orgGILvl>
<vis>表示</vis>
<pos>
<gml:Point gml:id="K2_4637111769_1-g" srsName="fguuid:jgd2011.bl">
<gml:pos>32.694475833 128.814353889</gml:pos>
</gml:Point>
</pos>
<type>標高点（測点）</type>
<alti>53</alti>
</ElevPt>
<ElevPt gml:id="K2_4637111772_1">
<fid>46371-11772-i-96</fid>
<lfSpanFr gml:id="K2_4637111772_1-1">
<gml:timePosition>2015-11-17</gml:timePosition>
</lfSpanFr>
<devDate gml:id="K2_4637111772_1-2">
<gml:timePosition>2024-06-07</gml:timePosition>
</devDate>
<orgGILvl>25000</orgGILvl>
<vis>表示</vis>
<pos>
<gml:Point gml:id="K2_4637111772_1-g" srsName="fguuid:jgd2011.bl">
<gml:pos>32.701586389 128.809725000</gml:pos>
</gml:Point>
</pos>
<type>標高点（測点）</type>
<alti>186</alti>
</ElevPt>
<ElevPt gml:id="K2_4637111775_1">
<fid>46371-11775-i-29</fid>
<lfSpanFr gml:id="K2_4637111775_1-1">
<gml:timePosition>2015-11-17</gml:timePosition>
</lfSpanFr>
<devDate gml:id="K2_4637111775_1-2">
<gml:timePosition>2024-06-07</gml:timePosition>
</devDate>
<orgGILvl>25000</orgGILvl>
<vis>表示</vis>
<pos>
<gml:Point gml:id="K2_4637111775_1-g" srsName="fguuid:jgd2011.bl">
<gml:pos>32.714788611 128.813638056</gml:pos>
</gml:Point>
</pos>
<type>標高点（測点）</type>
<alti>267</alti>
</ElevPt>
<ElevPt gml:id="K2_4637111781_1">
<fid>46371-11781-i-9</fid>
<lfSpanFr gml:id="K2_4637111781_1-1">
<gml:timePosition>2015-11-17</gml:timePosition>
</lfSpanFr>
<devDate gml:id="K2_4637111781_1-2">
<gml:timePosition>2024-06-07</gml:timePosition>
</devDate>
<orgGILvl>25000</orgGILvl>
<vis>表示</vis>
<pos>
<gml:Point gml:id="K2_4637111781_1-g" srsName="fguuid:jgd2011.bl">
<gml:pos>32.725824722 128.810482222</gml:pos>
</gml:Point>
</pos>
<type>標高点（測点）</type>
<alti>325</alti>
</ElevPt>
<ElevPt gml:id="K2_4637411760_1">
<fid>46374-11760-i-832</fid>
<lfSpanFr gml:id="K2_4637411760_1-1">
<gml:timePosition>2021-05-12</gml:timePosition>
</lfSpanFr>
<devDate gml:id="K2_4637411760_1-2">
<gml:timePosition>2024-06-07</gml:timePosition>
</devDate>
<orgGILvl>25000</orgGILvl>
<vis>表示</vis>
<pos>
<gml:Point gml:id="K2_4637411760_1-g" srsName="fguuid:jgd2011.bl">
<gml:pos>32.667007778 128.819181111</gml:pos>
</gml:Point>
</pos>
<type>標高点（測点）</type>
<alti>38</alti>
</ElevPt>
<ElevPt gml:id="K2_4637411763_1">
<fid>46374-11763-i-717</fid>
<lfSpanFr gml:id="K2_4637411763_1-1">
<gml:timePosition>2021-05-12</gml:timePosition>
</lfSpanFr>
<devDate gml:id="K2_4637411763_1-2">
<gml:timePosition>2024-06-07</gml:timePosition>
</devDate>
<orgGILvl>25000</orgGILvl>
<vis>表示</vis>
<pos>
<gml:Point gml:id="K2_4637411763_1-g" srsName="fguuid:jgd2011.bl">
<gml:pos>32.675135556 128.823115000</gml:pos>
</gml:Point>
</pos>
<type>標高点（測点）</type>
<alti>35</alti>
</ElevPt>
<ElevPt gml:id="K2_4637411769_1">
<fid>46374-11769-i-887</fid>
<lfSpanFr gml:id="K2_4637411769_1-1">
<gml:timePosition>2021-05-12</gml:timePosition>
</lfSpanFr>
<devDate gml:id="K2_4637411769_1-2">
<gml:timePosition>2024-06-07</gml:timePosition>
</devDate>
<orgGILvl>25000</orgGILvl>
<vis>表示</vis>
<pos>
<gml:Point gml:id="K2_4637411769_1-g" srsName="fguuid:jgd2011.bl">
<gml:pos>32.692127500 128.820009722</gml:pos>
</gml:Point>
</pos>
<type>標高点（測点）</type>
<alti>72</alti>
</ElevPt>
<ElevPt gml:id="K2_4637411772_1">
<fid>46374-11772-i-368</fid>
<lfSpanFr gml:id="K2_4637411772_1-1">
<gml:timePosition>2021-05-12</gml:timePosition>
</lfSpanFr>
<devDate gml:id="K2_4637411772_1-2">
<gml:timePosition>2024-06-07</gml:timePosition>
</devDate>
<orgGILvl>25000</orgGILvl>
<vis>表示</vis>
<pos>
<gml:Point gml:id="K2_4637411772_1-g" srsName="fguuid:jgd2011.bl">
<gml:pos>32.700749444 128.823962778</gml:pos>
</gml:Point>
</pos>
<type>標高点（測点）</type>
<alti>75</alti>
</ElevPt>
<ElevPt gml:id="K2_4637411772_2">
<fid>46374-11772-i-369</fid>
<lfSpanFr gml:id="K2_4637411772_2-1">
<gml:timePosition>2021-05-12</gml:timePosition>
</lfSpanFr>
<devDate gml:id="K2_4637411772_2-2">
<gml:timePosition>2024-06-07</gml:timePosition>
</devDate>
<orgGILvl>25000</orgGILvl>
<vis>表示</vis>
<pos>
<gml:Point gml:id="K2_4637411772_2-g" srsName="fguuid:jgd2011.bl">
<gml:pos>32.705775278 128.818201667</gml:pos>
</gml:Point>
</pos>
<type>標高点（測点）</type>
<alti>215</alti>
</ElevPt>
<ElevPt gml:id="K2_4637411775_1">
<fid>46374-11775-i-13</fid>
<lfSpanFr gml:id="K2_4637411775_1-1">
<gml:timePosition>2015-11-17</gml:timePosition>
</lfSpanFr>
<devDate gml:id="K2_4637411775_1-2">
<gml:timePosition>2024-06-07</gml:timePosition>
</devDate>
<orgGILvl>25000</orgGILvl>
<vis>表示</vis>
<pos>
<gml:Point gml:id="K2_4637411775_1-g" srsName="fguuid:jgd2011.bl">
<gml:pos>32.710388056 128.819993611</gml:pos>
</gml:Point>
</pos>
<type>標高点（測点）</type>
<alti>213</alti>
</ElevPt>
<ElevPt gml:id="K2_4637411778_1">
<fid>46374-11778-i-29</fid>
<lfSpanFr gml:id="K2_4637411778_1-1">
<gml:timePosition>2015-11-17</gml:timePosition>
</lfSpanFr>
<devDate gml:id="K2_4637411778_1-2">
<gml:timePosition>2024-06-07</gml:timePosition>
</devDate>
<orgGILvl>25000</orgGILvl>
<vis>表示</vis>
<pos>
<gml:Point gml:id="K2_4637411778_1-g" srsName="fguuid:jgd2011.bl">
<gml:pos>32.719999722 128.823933889</gml:pos>
</gml:Point>
</pos>
<type>標高点（測点）</type>
<alti>166</alti>
</ElevPt>
<ElevPt gml:id="K2_4637411781_1">
<fid>46374-11781-i-73</fid>
<lfSpanFr gml:id="K2_4637411781_1-1">
<gml:timePosition>2015-11-17</gml:timePosition>
</lfSpanFr>
<devDate gml:id="K2_4637411781_1-2">
<gml:timePosition>2024-06-07</gml:timePosition>
</devDate>
<orgGILvl>25000</orgGILvl>
<vis>表示</vis>
<pos>
<gml:Point gml:id="K2_4637411781_1-g" srsName="fguuid:jgd2011.bl">
<gml:pos>32.727890833 128.816892500</gml:pos>
</gml:Point>
</pos>
<type>標高点（測点）</type>
<alti>175</alti>
</ElevPt>
<ElevPt gml:id="K2_4637411784_1">
<fid>46374-11784-i-73</fid>
<lfSpanFr gml:id="K2_4637411784_1-1">
<gml:timePosition>2015-11-17</gml:timePosition>
</lfSpanFr>
<devDate gml:id="K2_4637411784_1-2">
<gml:timePosition>2024-06-07</gml:timePosition>
</devDate>
<orgGILvl>25000</orgGILvl>
<vis>表示</vis>
<pos>
<gml:Point gml:id="K2_4637411784_1-g" srsName="fguuid:jgd2011.bl">
<gml:pos>32.736134722 128.817847500</gml:pos>
</gml:Point>
</pos>
<type>標高点（測点）</type>
<alti>293</alti>
</ElevPt>
<ElevPt gml:id="K2_4637411787_1">
<fid>46374-11787-i-197</fid>
<lfSpanFr gml:id="K2_4637411787_1-1">
<gml:timePosition>2021-05-12</gml:timePosition>
</lfSpanFr>
<devDate gml:id="K2_4637411787_1-2">
<gml:timePosition>2024-06-07</gml:timePosition>
</devDate>
<orgGILvl>25000</orgGILvl>
<vis>表示</vis>
<pos>
<gml:Point gml:id="K2_4637411787_1-g" srsName="fguuid:jgd2011.bl">
<gml:pos>32.742366944 128.817676944</gml:pos>
</gml:Point>
</pos>
<type>標高点（測点）</type>
<alti>171</alti>
</ElevPt>
<ElevPt gml:id="K2_4637411787_2">
<fid>46374-11787-i-198</fid>
<lfSpanFr gml:id="K2_4637411787_2-1">
<gml:timePosition>2021-05-12</gml:timePosition>
</lfSpanFr>
<devDate gml:id="K2_4637411787_2-2">
<gml:timePosition>2024-06-07</gml:timePosition>
</devDate>
<orgGILvl>25000</orgGILvl>
<vis>表示</vis>
<pos>
<gml:Point gml:id="K2_4637411787_2-g" srsName="fguuid:jgd2011.bl">
<gml:pos>32.748409722 128.822511667</gml:pos>
</gml:Point>
</pos>
<type>標高点（測点）</type>
<alti>122</alti>
</ElevPt>
<ElevPt gml:id="K2_4637711760_1">
<fid>46377-11760-i-156</fid>
<lfSpanFr gml:id="K2_4637711760_1-1">
<gml:timePosition>2015-11-17</gml:timePosition>
</lfSpanFr>
<devDate gml:id="K2_4637711760_1-2">
<gml:timePosition>2024-06-07</gml:timePosition>
</devDate>
<orgGILvl>25000</orgGILvl>
<vis>表示</vis>
<pos>
<gml:Point gml:id="K2_4637711760_1-g" srsName="fguuid:jgd2011.bl">
<gml:pos>32.671779167 128.827658056</gml:pos>
</gml:Point>
</pos>
<type>標高点（測点）</type>
<alti>83</alti>
</ElevPt>
<ElevPt gml:id="K2_4637711763_1">
<fid>46377-11763-i-480</fid>
<lfSpanFr gml:id="K2_4637711763_1-1">
<gml:timePosition>2015-11-17</gml:timePosition>
</lfSpanFr>
<devDate gml:id="K2_4637711763_1-2">
<gml:timePosition>2024-06-07</gml:timePosition>
</devDate>
<orgGILvl>25000</orgGILvl>
<vis>表示</vis>
<pos>
<gml:Point gml:id="K2_4637711763_1-g" srsName="fguuid:jgd2011.bl">
<gml:pos>32.676096389 128.833293889</gml:pos>
</gml:Point>
</pos>
<type>標高点（測点）</type>
<alti>78</alti>
</ElevPt>
<ElevPt gml:id="K2_4637711766_1">
<fid>46377-11766-i-1125</fid>
<lfSpanFr gml:id="K2_4637711766_1-1">
<gml:timePosition>2021-05-12</gml:timePosition>
</lfSpanFr>
<devDate gml:id="K2_4637711766_1-2">
<gml:timePosition>2024-06-07</gml:timePosition>
</devDate>
<orgGILvl>25000</orgGILvl>
<vis>表示</vis>
<pos>
<gml:Point gml:id="K2_4637711766_1-g" srsName="fguuid:jgd2011.bl">
<gml:pos>32.689256944 128.825866111</gml:pos>
</gml:Point>
</pos>
<type>標高点（測点）</type>
<alti>17</alti>
</ElevPt>
<ElevPt gml:id="K2_4637711772_1">
<fid>46377-11772-i-434</fid>
<lfSpanFr gml:id="K2_4637711772_1-1">
<gml:timePosition>2021-05-12</gml:timePosition>
</lfSpanFr>
<devDate gml:id="K2_4637711772_1-2">
<gml:timePosition>2024-06-07</gml:timePosition>
</devDate>
<orgGILvl>25000</orgGILvl>
<vis>表示</vis>
<pos>
<gml:Point gml:id="K2_4637711772_1-g" srsName="fguuid:jgd2011.bl">
<gml:pos>32.705333611 128.832640278</gml:pos>
</gml:Point>
</pos>
<type>標高点（測点）</type>
<alti>104</alti>
</ElevPt>
<ElevPt gml:id="K2_4637711775_1">
<fid>46377-11775-i-101</fid>
<lfSpanFr gml:id="K2_4637711775_1-1">
<gml:timePosition>2015-11-17</gml:timePosition>
</lfSpanFr>
<devDate gml:id="K2_4637711775_1-2">
<gml:timePosition>2024-06-07</gml:timePosition>
</devDate>
<orgGILvl>25000</orgGILvl>
<vis>表示</vis>
<pos>
<gml:Point gml:id="K2_4637711775_1-g" srsName="fguuid:jgd2011.bl">
<gml:pos>32.712934444 128.830596944</gml:pos>
</gml:Point>
</pos>
<type>標高点（測点）</type>
<alti>96</alti>
</ElevPt>
<ElevPt gml:id="K2_4637711778_1">
<fid>46377-11778-i-84</fid>
<lfSpanFr gml:id="K2_4637711778_1-1">
<gml:timePosition>2015-11-17</gml:timePosition>
</lfSpanFr>
<devDate gml:id="K2_4637711778_1-2">
<gml:timePosition>2024-06-07</gml:timePosition>
</devDate>
<orgGILvl>25000</orgGILvl>
<vis>表示</vis>
<pos>
<gml:Point gml:id="K2_4637711778_1-g" srsName="fguuid:jgd2011.bl">
<gml:pos>32.720125000 128.832759167</gml:pos>
</gml:Point>
</pos>
<type>標高点（測点）</type>
<alti>74</alti>
</ElevPt>
<ElevPt gml:id="K2_4637711781_1">
<fid>46377-11781-i-310</fid>
<lfSpanFr gml:id="K2_4637711781_1-1">
<gml:timePosition>2021-05-12</gml:timePosition>
</lfSpanFr>
<devDate gml:id="K2_4637711781_1-2">
<gml:timePosition>2024-06-07</gml:timePosition>
</devDate>
<orgGILvl>25000</orgGILvl>
<vis>表示</vis>
<pos>
<gml:Point gml:id="K2_4637711781_1-g" srsName="fguuid:jgd2011.bl">
<gml:pos>32.730729722 128.825585556</gml:pos>
</gml:Point>
</pos>
<type>標高点（測点）</type>
<alti>81</alti>
</ElevPt>
<ElevPt gml:id="K2_4637711781_2">
<fid>46377-11781-i-311</fid>
<lfSpanFr gml:id="K2_4637711781_2-1">
<gml:timePosition>2021-05-12</gml:timePosition>
</lfSpanFr>
<devDate gml:id="K2_4637711781_2-2">
<gml:timePosition>2024-06-07</gml:timePosition>
</devDate>
<orgGILvl>25000</orgGILvl>
<vis>表示</vis>
<pos>
<gml:Point gml:id="K2_4637711781_2-g" srsName="fguuid:jgd2011.bl">
<gml:pos>32.726188611 128.830817222</gml:pos>
</gml:Point>
</pos>
<type>標高点（測点）</type>
<alti>26</alti>
</ElevPt>
<ElevPt gml:id="K2_4637711784_1">
<fid>46377-11784-i-185</fid>
<lfSpanFr gml:id="K2_4637711784_1-1">
<gml:timePosition>2015-11-17</gml:timePosition>
</lfSpanFr>
<devDate gml:id="K2_4637711784_1-2">
<gml:timePosition>2024-06-07</gml:timePosition>
</devDate>
<orgGILvl>25000</orgGILvl>
<vis>表示</vis>
<pos>
<gml:Point gml:id="K2_4637711784_1-g" srsName="fguuid:jgd2011.bl">
<gml:pos>32.735045278 128.830824722</gml:pos>
</gml:Point>
</pos>
<type>標高点（測点）</type>
<alti>3</alti>
</ElevPt>
<ElevPt gml:id="K2_4637711787_1">
<fid>46377-11787-i-162</fid>
<lfSpanFr gml:id="K2_4637711787_1-1">
<gml:timePosition>2021-05-12</gml:timePosition>
</lfSpanFr>
<devDate gml:id="K2_4637711787_1-2">
<gml:timePosition>2024-06-07</gml:timePosition>
</devDate>
<orgGILvl>25000</orgGILvl>
<vis>表示</vis>
<pos>
<gml:Point gml:id="K2_4637711787_1-g" srsName="fguuid:jgd2011.bl">
<gml:pos>32.741900556 128.828772222</gml:pos>
</gml:Point>
</pos>
<type>標高点（測点）</type>
<alti>78</alti>
</ElevPt>
<ElevPt gml:id="K2_4637711787_2">
<fid>46377-11787-i-163</fid>
<lfSpanFr gml:id="K2_4637711787_2-1">
<gml:timePosition>2021-05-12</gml:timePosition>
</lfSpanFr>
<devDate gml:id="K2_4637711787_2-2">
<gml:timePosition>2024-06-07</gml:timePosition>
</devDate>
<orgGILvl>25000</orgGILvl>
<vis>表示</vis>
<pos>
<gml:Point gml:id="K2_4637711787_2-g" srsName="fguuid:jgd2011.bl">
<gml:pos>32.748280556 128.831854722</gml:pos>
</gml:Point>
</pos>
<type>標高点（測点）</type>
<alti>115</alti>
</ElevPt>
<ElevPt gml:id="K2_4638011760_1">
<fid>46380-11760-i-235</fid>
<lfSpanFr gml:id="K2_4638011760_1-1">
<gml:timePosition>2015-11-17</gml:timePosition>
</lfSpanFr>
<devDate gml:id="K2_4638011760_1-2">
<gml:timePosition>2024-06-07</gml:timePosition>
</devDate>
<orgGILvl>25000</orgGILvl>
<vis>表示</vis>
<pos>
<gml:Point gml:id="K2_4638011760_1-g" srsName="fguuid:jgd2011.bl">
<gml:pos>32.669228889 128.838485278</gml:pos>
</gml:Point>
</pos>
<type>標高点（測点）</type>
<alti>114</alti>
</ElevPt>
<ElevPt gml:id="K2_4638011760_2">
<fid>46380-11760-i-236</fid>
<lfSpanFr gml:id="K2_4638011760_2-1">
<gml:timePosition>2015-11-17</gml:timePosition>
</lfSpanFr>
<devDate gml:id="K2_4638011760_2-2">
<gml:timePosition>2024-06-07</gml:timePosition>
</devDate>
<orgGILvl>25000</orgGILvl>
<vis>表示</vis>
<pos>
<gml:Point gml:id="K2_4638011760_2-g" srsName="fguuid:jgd2011.bl">
<gml:pos>32.674404722 128.840330000</gml:pos>
</gml:Point>
</pos>
<type>標高点（測点）</type>
<alti>80</alti>
</ElevPt>
<ElevPt gml:id="K2_4638011763_1">
<fid>46380-11763-i-506</fid>
<lfSpanFr gml:id="K2_4638011763_1-1">
<gml:timePosition>2015-11-17</gml:timePosition>
</lfSpanFr>
<devDate gml:id="K2_4638011763_1-2">
<gml:timePosition>2024-06-07</gml:timePosition>
</devDate>
<orgGILvl>25000</orgGILvl>
<vis>表示</vis>
<pos>
<gml:Point gml:id="K2_4638011763_1-g" srsName="fguuid:jgd2011.bl">
<gml:pos>32.682872778 128.836903889</gml:pos>
</gml:Point>
</pos>
<type>標高点（測点）</type>
<alti>57</alti>
</ElevPt>
<ElevPt gml:id="K2_4638011769_1">
<fid>46380-11769-i-2452</fid>
<lfSpanFr gml:id="K2_4638011769_1-1">
<gml:timePosition>2021-05-12</gml:timePosition>
</lfSpanFr>
<devDate gml:id="K2_4638011769_1-2">
<gml:timePosition>2024-06-07</gml:timePosition>
</devDate>
<orgGILvl>25000</orgGILvl>
<vis>表示</vis>
<pos>
<gml:Point gml:id="K2_4638011769_1-g" srsName="fguuid:jgd2011.bl">
<gml:pos>32.694691111 128.837503611</gml:pos>
</gml:Point>
</pos>
<type>標高点（測点）</type>
<alti>5</alti>
</ElevPt>
<ElevPt gml:id="K2_4638011772_1">
<fid>46380-11772-i-1786</fid>
<lfSpanFr gml:id="K2_4638011772_1-1">
<gml:timePosition>2021-05-12</gml:timePosition>
</lfSpanFr>
<devDate gml:id="K2_4638011772_1-2">
<gml:timePosition>2024-06-07</gml:timePosition>
</devDate>
<orgGILvl>25000</orgGILvl>
<vis>表示</vis>
<pos>
<gml:Point gml:id="K2_4638011772_1-g" srsName="fguuid:jgd2011.bl">
<gml:pos>32.703141944 128.839924167</gml:pos>
</gml:Point>
</pos>
<type>標高点（測点）</type>
<alti>9</alti>
</ElevPt>
<ElevPt gml:id="K2_4638011778_1">
<fid>46380-11778-i-298</fid>
<lfSpanFr gml:id="K2_4638011778_1-1">
<gml:timePosition>2021-05-12</gml:timePosition>
</lfSpanFr>
<devDate gml:id="K2_4638011778_1-2">
<gml:timePosition>2024-06-07</gml:timePosition>
</devDate>
<orgGILvl>25000</orgGILvl>
<vis>表示</vis>
<pos>
<gml:Point gml:id="K2_4638011778_1-g" srsName="fguuid:jgd2011.bl">
<gml:pos>32.718166667 128.839201111</gml:pos>
</gml:Point>
</pos>
<type>標高点（測点）</type>
<alti>71</alti>
</ElevPt>
<ElevPt gml:id="K2_4638011781_1">
<fid>46380-11781-i-229</fid>
<lfSpanFr gml:id="K2_4638011781_1-1">
<gml:timePosition>2021-05-12</gml:timePosition>
</lfSpanFr>
<devDate gml:id="K2_4638011781_1-2">
<gml:timePosition>2024-06-07</gml:timePosition>
</devDate>
<orgGILvl>25000</orgGILvl>
<vis>表示</vis>
<pos>
<gml:Point gml:id="K2_4638011781_1-g" srsName="fguuid:jgd2011.bl">
<gml:pos>32.728150000 128.836184722</gml:pos>
</gml:Point>
</pos>
<type>標高点（測点）</type>
<alti>140</alti>
</ElevPt>
<ElevPt gml:id="K2_4638011784_1">
<fid>46380-11784-i-175</fid>
<lfSpanFr gml:id="K2_4638011784_1-1">
<gml:timePosition>2021-05-12</gml:timePosition>
</lfSpanFr>
<devDate gml:id="K2_4638011784_1-2">
<gml:timePosition>2024-06-07</gml:timePosition>
</devDate>
<orgGILvl>25000</orgGILvl>
<vis>表示</vis>
<pos>
<gml:Point gml:id="K2_4638011784_1-g" srsName="fguuid:jgd2011.bl">
<gml:pos>32.739893889 128.838179167</gml:pos>
</gml:Point>
</pos>
<type>標高点（測点）</type>
<alti>65</alti>
</ElevPt>
<ElevPt gml:id="K2_4638011787_1">
<fid>46380-11787-i-205</fid>
<lfSpanFr gml:id="K2_4638011787_1-1">
<gml:timePosition>2021-05-12</gml:timePosition>
</lfSpanFr>
<devDate gml:id="K2_4638011787_1-2">
<gml:timePosition>2024-06-07</gml:timePosition>
</devDate>
<orgGILvl>25000</orgGILvl>
<vis>表示</vis>
<pos>
<gml:Point gml:id="K2_4638011787_1-g" srsName="fguuid:jgd2011.bl">
<gml:pos>32.743634528 128.840413778</gml:pos>
</gml:Point>
</pos>
<type>標高点（測点）</type>
<alti>131</alti>
</ElevPt>
<ElevPt gml:id="K2_4638311763_1">
<fid>46383-11763-i-847</fid>
<lfSpanFr gml:id="K2_4638311763_1-1">
<gml:timePosition>2015-11-17</gml:timePosition>
</lfSpanFr>
<devDate gml:id="K2_4638311763_1-2">
<gml:timePosition>2024-06-07</gml:timePosition>
</devDate>
<orgGILvl>25000</orgGILvl>
<vis>表示</vis>
<pos>
<gml:Point gml:id="K2_4638311763_1-g" srsName="fguuid:jgd2011.bl">
<gml:pos>32.676619444 128.848964722</gml:pos>
</gml:Point>
</pos>
<type>標高点（測点）</type>
<alti>66</alti>
</ElevPt>
<ElevPt gml:id="K2_4638311766_1">
<fid>46383-11766-i-2180</fid>
<lfSpanFr gml:id="K2_4638311766_1-1">
<gml:timePosition>2021-05-12</gml:timePosition>
</lfSpanFr>
<devDate gml:id="K2_4638311766_1-2">
<gml:timePosition>2024-06-07</gml:timePosition>
</devDate>
<orgGILvl>25000</orgGILvl>
<vis>表示</vis>
<pos>
<gml:Point gml:id="K2_4638311766_1-g" srsName="fguuid:jgd2011.bl">
<gml:pos>32.689572222 128.842004444</gml:pos>
</gml:Point>
</pos>
<type>標高点（測点）</type>
<alti>22</alti>
</ElevPt>
<ElevPt gml:id="K2_4638311769_1">
<fid>46383-11769-i-2888</fid>
<lfSpanFr gml:id="K2_4638311769_1-1">
<gml:timePosition>2021-05-12</gml:timePosition>
</lfSpanFr>
<devDate gml:id="K2_4638311769_1-2">
<gml:timePosition>2024-06-07</gml:timePosition>
</devDate>
<orgGILvl>25000</orgGILvl>
<vis>表示</vis>
<pos>
<gml:Point gml:id="K2_4638311769_1-g" srsName="fguuid:jgd2011.bl">
<gml:pos>32.695591389 128.849080278</gml:pos>
</gml:Point>
</pos>
<type>標高点（測点）</type>
<alti>2</alti>
</ElevPt>
<ElevPt gml:id="K2_4638311772_1">
<fid>46383-11772-i-1428</fid>
<lfSpanFr gml:id="K2_4638311772_1-1">
<gml:timePosition>2021-05-12</gml:timePosition>
</lfSpanFr>
<devDate gml:id="K2_4638311772_1-2">
<gml:timePosition>2024-06-07</gml:timePosition>
</devDate>
<orgGILvl>25000</orgGILvl>
<vis>表示</vis>
<pos>
<gml:Point gml:id="K2_4638311772_1-g" srsName="fguuid:jgd2011.bl">
<gml:pos>32.704464444 128.848258889</gml:pos>
</gml:Point>
</pos>
<type>標高点（測点）</type>
<alti>48</alti>
</ElevPt>
<ElevPt gml:id="K2_4638311787_1">
<fid>46383-11787-i-345</fid>
<lfSpanFr gml:id="K2_4638311787_1-1">
<gml:timePosition>2021-05-12</gml:timePosition>
</lfSpanFr>
<devDate gml:id="K2_4638311787_1-2">
<gml:timePosition>2024-06-07</gml:timePosition>
</devDate>
<orgGILvl>25000</orgGILvl>
<vis>表示</vis>
<pos>
<gml:Point gml:id="K2_4638311787_1-g" srsName="fguuid:jgd2011.bl">
<gml:pos>32.745606389 128.849757500</gml:pos>
</gml:Point>
</pos>
<type>標高点（測点）</type>
<alti>122</alti>
</ElevPt>
<ElevPt gml:id="K2_4638311787_2">
<fid>46383-11787-i-346</fid>
<lfSpanFr gml:id="K2_4638311787_2-1">
<gml:timePosition>2021-05-12</gml:timePosition>
</lfSpanFr>
<devDate gml:id="K2_4638311787_2-2">
<gml:timePosition>2024-06-07</gml:timePosition>
</devDate>
<orgGILvl>25000</orgGILvl>
<vis>表示</vis>
<pos>
<gml:Point gml:id="K2_4638311787_2-g" srsName="fguuid:jgd2011.bl">
<gml:pos>32.746930556 128.845379722</gml:pos>
</gml:Point>
</pos>
<type>標高点（測点）</type>
<alti>13</alti>
</ElevPt>
<ElevPt gml:id="K2_4638611763_1">
<fid>46386-11763-i-608</fid>
<lfSpanFr gml:id="K2_4638611763_1-1">
<gml:timePosition>2015-11-17</gml:timePosition>
</lfSpanFr>
<devDate gml:id="K2_4638611763_1-2">
<gml:timePosition>2024-06-07</gml:timePosition>
</devDate>
<orgGILvl>25000</orgGILvl>
<vis>表示</vis>
<pos>
<gml:Point gml:id="K2_4638611763_1-g" srsName="fguuid:jgd2011.bl">
<gml:pos>32.682489167 128.854380278</gml:pos>
</gml:Point>
</pos>
<type>標高点（測点）</type>
<alti>33</alti>
</ElevPt>
<ElevPt gml:id="K2_4638611775_1">
<fid>46386-11775-i-13</fid>
<lfSpanFr gml:id="K2_4638611775_1-1">
<gml:timePosition>2021-05-12</gml:timePosition>
</lfSpanFr>
<devDate gml:id="K2_4638611775_1-2">
<gml:timePosition>2024-06-07</gml:timePosition>
</devDate>
<orgGILvl>25000</orgGILvl>
<vis>表示</vis>
<pos>
<gml:Point gml:id="K2_4638611775_1-g" srsName="fguuid:jgd2011.bl">
<gml:pos>32.716139444 128.857532500</gml:pos>
</gml:Point>
</pos>
<type>標高点（測点）</type>
<alti>33</alti>
</ElevPt>
<ElevPt gml:id="K2_4638611778_1">
<fid>46386-11778-i-46</fid>
<lfSpanFr gml:id="K2_4638611778_1-1">
<gml:timePosition>2021-05-12</gml:timePosition>
</lfSpanFr>
<devDate gml:id="K2_4638611778_1-2">
<gml:timePosition>2024-06-07</gml:timePosition>
</devDate>
<orgGILvl>25000</orgGILvl>
<vis>表示</vis>
<pos>
<gml:Point gml:id="K2_4638611778_1-g" srsName="fguuid:jgd2011.bl">
<gml:pos>32.720370278 128.853480000</gml:pos>
</gml:Point>
</pos>
<type>標高点（測点）</type>
<alti>62</alti>
</ElevPt>
<ElevPt gml:id="K2_4638611787_1">
<fid>46386-11787-i-49</fid>
<lfSpanFr gml:id="K2_4638611787_1-1">
<gml:timePosition>2021-05-12</gml:timePosition>
</lfSpanFr>
<devDate gml:id="K2_4638611787_1-2">
<gml:timePosition>2024-06-07</gml:timePosition>
</devDate>
<orgGILvl>25000</orgGILvl>
<vis>表示</vis>
<pos>
<gml:Point gml:id="K2_4638611787_1-g" srsName="fguuid:jgd2011.bl">
<gml:pos>32.743051944 128.858096111</gml:pos>
</gml:Point>
</pos>
<type>標高点（測点）</type>
<alti>20</alti>
</ElevPt>
<ElevPt gml:id="K2_4638911763_1">
<fid>46389-11763-i-723</fid>
<lfSpanFr gml:id="K2_4638911763_1-1">
<gml:timePosition>2015-11-17</gml:timePosition>
</lfSpanFr>
<devDate gml:id="K2_4638911763_1-2">
<gml:timePosition>2024-06-07</gml:timePosition>
</devDate>
<orgGILvl>25000</orgGILvl>
<vis>表示</vis>
<pos>
<gml:Point gml:id="K2_4638911763_1-g" srsName="fguuid:jgd2011.bl">
<gml:pos>32.679008333 128.864436111</gml:pos>
</gml:Point>
</pos>
<type>標高点（測点）</type>
<alti>57</alti>
</ElevPt>
<ElevPt gml:id="K2_4638911763_2">
<fid>46389-11763-i-724</fid>
<lfSpanFr gml:id="K2_4638911763_2-1">
<gml:timePosition>2015-11-17</gml:timePosition>
</lfSpanFr>
<devDate gml:id="K2_4638911763_2-2">
<gml:timePosition>2024-06-07</gml:timePosition>
</devDate>
<orgGILvl>25000</orgGILvl>
<vis>表示</vis>
<pos>
<gml:Point gml:id="K2_4638911763_2-g" srsName="fguuid:jgd2011.bl">
<gml:pos>32.675688611 128.858780278</gml:pos>
</gml:Point>
</pos>
<type>標高点（測点）</type>
<alti>110</alti>
</ElevPt>
<ElevPt gml:id="K2_4638911778_1">
<fid>46389-11778-i-153</fid>
<lfSpanFr gml:id="K2_4638911778_1-1">
<gml:timePosition>2021-05-12</gml:timePosition>
</lfSpanFr>
<devDate gml:id="K2_4638911778_1-2">
<gml:timePosition>2024-06-07</gml:timePosition>
</devDate>
<orgGILvl>25000</orgGILvl>
<vis>表示</vis>
<pos>
<gml:Point gml:id="K2_4638911778_1-g" srsName="fguuid:jgd2011.bl">
<gml:pos>32.720631111 128.862387500</gml:pos>
</gml:Point>
</pos>
<type>標高点（測点）</type>
<alti>38</alti>
</ElevPt>
<ElevPt gml:id="K2_4638911781_1">
<fid>46389-11781-i-92</fid>
<lfSpanFr gml:id="K2_4638911781_1-1">
<gml:timePosition>2021-05-12</gml:timePosition>
</lfSpanFr>
<devDate gml:id="K2_4638911781_1-2">
<gml:timePosition>2024-06-07</gml:timePosition>
</devDate>
<orgGILvl>25000</orgGILvl>
<vis>表示</vis>
<pos>
<gml:Point gml:id="K2_4638911781_1-g" srsName="fguuid:jgd2011.bl">
<gml:pos>32.730995556 128.862895833</gml:pos>
</gml:Point>
</pos>
<type>標高点（測点）</type>
<alti>42</alti>
</ElevPt>
<ElevPt gml:id="K2_4638911781_2">
<fid>46389-11781-i-93</fid>
<lfSpanFr gml:id="K2_4638911781_2-1">
<gml:timePosition>2021-05-12</gml:timePosition>
</lfSpanFr>
<devDate gml:id="K2_4638911781_2-2">
<gml:timePosition>2024-06-07</gml:timePosition>
</devDate>
<orgGILvl>25000</orgGILvl>
<vis>表示</vis>
<pos>
<gml:Point gml:id="K2_4638911781_2-g" srsName="fguuid:jgd2011.bl">
<gml:pos>32.727776667 128.858380833</gml:pos>
</gml:Point>
</pos>
<type>標高点（測点）</type>
<alti>58</alti>
</ElevPt>
<ElevPt gml:id="K2_4639211760_1">
<fid>46392-11760-i-645</fid>
<lfSpanFr gml:id="K2_4639211760_1-1">
<gml:timePosition>2015-11-17</gml:timePosition>
</lfSpanFr>
<devDate gml:id="K2_4639211760_1-2">
<gml:timePosition>2024-06-07</gml:timePosition>
</devDate>
<orgGILvl>25000</orgGILvl>
<vis>表示</vis>
<pos>
<gml:Point gml:id="K2_4639211760_1-g" srsName="fguuid:jgd2011.bl">
<gml:pos>32.667773333 128.869459722</gml:pos>
</gml:Point>
</pos>
<type>標高点（測点）</type>
<alti>131</alti>
</ElevPt>
<ElevPt gml:id="K2_4639211760_2">
<fid>46392-11760-i-646</fid>
<lfSpanFr gml:id="K2_4639211760_2-1">
<gml:timePosition>2015-11-17</gml:timePosition>
</lfSpanFr>
<devDate gml:id="K2_4639211760_2-2">
<gml:timePosition>2024-06-07</gml:timePosition>
</devDate>
<orgGILvl>25000</orgGILvl>
<vis>表示</vis>
<pos>
<gml:Point gml:id="K2_4639211760_2-g" srsName="fguuid:jgd2011.bl">
<gml:pos>32.673756111 128.869581667</gml:pos>
</gml:Point>
</pos>
<type>標高点（測点）</type>
<alti>80</alti>
</ElevPt>
<ElevPt gml:id="K2_4639211784_1">
<fid>46392-11784-i-84</fid>
<lfSpanFr gml:id="K2_4639211784_1-1">
<gml:timePosition>2015-11-17</gml:timePosition>
</lfSpanFr>
<devDate gml:id="K2_4639211784_1-2">
<gml:timePosition>2024-06-07</gml:timePosition>
</devDate>
<orgGILvl>25000</orgGILvl>
<vis>表示</vis>
<pos>
<gml:Point gml:id="K2_4639211784_1-g" srsName="fguuid:jgd2011.bl">
<gml:pos>32.741025833 128.871292500</gml:pos>
</gml:Point>
</pos>
<type>標高点（測点）</type>
<alti>111</alti>
</ElevPt>
<ElevPt gml:id="K2_4639211787_1">
<fid>46392-11787-i-146</fid>
<lfSpanFr gml:id="K2_4639211787_1-1">
<gml:timePosition>2021-05-12</gml:timePosition>
</lfSpanFr>
<devDate gml:id="K2_4639211787_1-2">
<gml:timePosition>2024-06-07</gml:timePosition>
</devDate>
<orgGILvl>25000</orgGILvl>
<vis>表示</vis>
<pos>
<gml:Point gml:id="K2_4639211787_1-g" srsName="fguuid:jgd2011.bl">
<gml:pos>32.745664444 128.870246944</gml:pos>
</gml:Point>
</pos>
<type>標高点（測点）</type>
<alti>35</alti>
</ElevPt>
<ElevPt gml:id="K2_4639211787_2">
<fid>46392-11787-i-147</fid>
<lfSpanFr gml:id="K2_4639211787_2-1">
<gml:timePosition>2021-05-12</gml:timePosition>
</lfSpanFr>
<devDate gml:id="K2_4639211787_2-2">
<gml:timePosition>2024-06-07</gml:timePosition>
</devDate>
<orgGILvl>25000</orgGILvl>
<vis>表示</vis>
<pos>
<gml:Point gml:id="K2_4639211787_2-g" srsName="fguuid:jgd2011.bl">
<gml:pos>32.748191389 128.874365556</gml:pos>
</gml:Point>
</pos>
<type>標高点（測点）</type>
<alti>51</alti>
</ElevPt>
</Dataset>
