<?xml version="1.0" encoding="utf-8"?>
<Dataset xsi:schemaLocation="http://fgd.gsi.go.jp/spec/2008/FGD_GMLSchema FGD_GMLSchema.xsd"
	xmlns:gml="http://www.opengis.net/gml/3.2"
	xmlns:xsi="http://www.w3.org/2001/XMLSchema-instance"
	xmlns:xlink="http://www.w3.org/1999/xlink"
	xmlns="http://fgd.gsi.go.jp/spec/2008/FGD_GMLSchema"
	gml:id="Dataset1">
  <gml:description>基盤地図情報メタデータ ID=fmdid:25-0101</gml:description>
  <gml:name>基盤地図情報ダウンロードデータ（GML版）</gml:name>
<GCP gml:id="K1_492926_1">
<fid>10-00100-0-2412-15340</fid>
<lfSpanFr gml:id="K1_492926_1-1">
<gml:timePosition>2024-12-03</gml:timePosition>
</lfSpanFr>
<devDate gml:id="K1_492926_1-2">
<gml:timePosition>2024-12-12</gml:timePosition>
</devDate>
<orgGILvl>SJ12</orgGILvl>
<vis>表示</vis>
<pos>
<gml:Point gml:id="K1_492926_1-g" srsName="fguuid:jgd2011.bl">
<gml:pos>32.848702778 129.826761111</gml:pos>
</gml:Point>
</pos>
<orgName>国土地理院</orgName>
<type>水準点</type>
<gcpClass>二等水準点</gcpClass>
<gcpCode>L02000206-013</gcpCode>
<name>２０６－０１３</name>
<B>118255.33</B>
<L>467376.34</L>
<alti>3.108</alti>
<altiAcc>3</altiAcc>
</GCP>
<GCP gml:id="K1_492926_2">
<fid>10-00100-0-2412-15341</fid>
<lfSpanFr gml:id="K1_492926_2-1">
<gml:timePosition>2024-12-03</gml:timePosition>
</lfSpanFr>
<devDate gml:id="K1_492926_2-2">
<gml:timePosition>2024-12-12</gml:timePosition>
</devDate>
<orgGILvl>SJ12</orgGILvl>
<vis>表示</vis>
<pos>
<gml:Point gml:id="K1_492926_2-g" srsName="fguuid:jgd2011.bl">
<gml:pos>32.869841667 129.789155556</gml:pos>
</gml:Point>
</pos>
<orgName>国土地理院</orgName>
<type>水準点</type>
<gcpClass>二等水準点</gcpClass>
<gcpCode>L02000206-019</gcpCode>
<name>２０６－０１９</name>
<B>118331.43</B>
<L>467240.96</L>
<alti>8.004</alti>
<altiAcc>3</altiAcc>
</GCP>
<GCP gml:id="K1_492926_3">
<fid>10-00100-0-2412-15342</fid>
<lfSpanFr gml:id="K1_492926_3-1">
<gml:timePosition>2024-12-03</gml:timePosition>
</lfSpanFr>
<devDate gml:id="K1_492926_3-2">
<gml:timePosition>2024-12-12</gml:timePosition>
</devDate>
<orgGILvl>SJ12</orgGILvl>
<vis>表示</vis>
<pos>
<gml:Point gml:id="K1_492926_3-g" srsName="fguuid:jgd2011.bl">
<gml:pos>32.899791667 129.780711111</gml:pos>
</gml:Point>
</pos>
<orgName>国土地理院</orgName>
<type>水準点</type>
<gcpClass>二等水準点</gcpClass>
<gcpCode>L02000206-023</gcpCode>
<name>２０６－０２３</name>
<B>118439.25</B>
<L>467210.56</L>
<alti>17.173</alti>
<altiAcc>3</altiAcc>
</GCP>
<GCP gml:id="K1_492926_4">
<fid>10-00100-0-2412-21687</fid>
<lfSpanFr gml:id="K1_492926_4-1">
<gml:timePosition>2024-12-03</gml:timePosition>
</lfSpanFr>
<devDate gml:id="K1_492926_4-2">
<gml:timePosition>2024-12-12</gml:timePosition>
</devDate>
<orgGILvl>KJ12</orgGILvl>
<vis>表示</vis>
<pos>
<gml:Point gml:id="K1_492926_4-g" srsName="fguuid:jgd2011.bl">
<gml:pos>32.864682389 129.792369944</gml:pos>
</gml:Point>
</pos>
<orgName>国土地理院</orgName>
<type>三角点</type>
<gcpClass>二等三角点</gcpClass>
<gcpCode>TR24929263301</gcpCode>
<name>村松村</name>
<B>118312.8566</B>
<L>467252.5318</L>
<alti>76.81</alti>
<altiAcc>2</altiAcc>
</GCP>
<GCP gml:id="K1_492926_5">
<fid>10-00100-0-2412-28255</fid>
<lfSpanFr gml:id="K1_492926_5-1">
<gml:timePosition>2024-12-03</gml:timePosition>
</lfSpanFr>
<devDate gml:id="K1_492926_5-2">
<gml:timePosition>2024-12-12</gml:timePosition>
</devDate>
<orgGILvl>KJ13</orgGILvl>
<vis>表示</vis>
<pos>
<gml:Point gml:id="K1_492926_5-g" srsName="fguuid:jgd2011.bl">
<gml:pos>32.836118528 129.769315694</gml:pos>
</gml:Point>
</pos>
<orgName>国土地理院</orgName>
<type>三角点</type>
<gcpClass>三等三角点</gcpClass>
<gcpCode>TR34929260101</gcpCode>
<name>亀ノ松</name>
<B>118210.0267</B>
<L>467169.5365</L>
<alti>103.59</alti>
<altiAcc>2</altiAcc>
</GCP>
<GCP gml:id="K1_492926_6">
<fid>10-00100-0-2412-28256</fid>
<lfSpanFr gml:id="K1_492926_6-1">
<gml:timePosition>2024-12-03</gml:timePosition>
</lfSpanFr>
<devDate gml:id="K1_492926_6-2">
<gml:timePosition>2024-12-12</gml:timePosition>
</devDate>
<orgGILvl>KJ13</orgGILvl>
<vis>表示</vis>
<pos>
<gml:Point gml:id="K1_492926_6-g" srsName="fguuid:jgd2011.bl">
<gml:pos>32.854828111 129.853580194</gml:pos>
</gml:Point>
</pos>
<orgName>国土地理院</orgName>
<type>三角点</type>
<gcpClass>三等三角点</gcpClass>
<gcpCode>TR34929262801</gcpCode>
<name>崎野</name>
<B>118277.3812</B>
<L>467472.8887</L>
<alti>68.72</alti>
<altiAcc>2</altiAcc>
</GCP>
<GCP gml:id="K1_492926_7">
<fid>10-00100-0-2412-28257</fid>
<lfSpanFr gml:id="K1_492926_7-1">
<gml:timePosition>2024-12-03</gml:timePosition>
</lfSpanFr>
<devDate gml:id="K1_492926_7-2">
<gml:timePosition>2024-12-12</gml:timePosition>
</devDate>
<orgGILvl>KJ13</orgGILvl>
<vis>表示</vis>
<pos>
<gml:Point gml:id="K1_492926_7-g" srsName="fguuid:jgd2011.bl">
<gml:pos>32.862574639 129.751124972</gml:pos>
</gml:Point>
</pos>
<orgName>国土地理院</orgName>
<type>三角点</type>
<gcpClass>三等三角点</gcpClass>
<gcpCode>TR34929263001</gcpCode>
<name>松崎</name>
<B>118305.2687</B>
<L>467104.0499</L>
<alti>312.08</alti>
<altiAcc>2</altiAcc>
</GCP>
<GCP gml:id="K1_492926_8">
<fid>10-00100-0-2412-28258</fid>
<lfSpanFr gml:id="K1_492926_8-1">
<gml:timePosition>2024-12-03</gml:timePosition>
</lfSpanFr>
<devDate gml:id="K1_492926_8-2">
<gml:timePosition>2024-12-12</gml:timePosition>
</devDate>
<orgGILvl>KJ13</orgGILvl>
<vis>表示</vis>
<pos>
<gml:Point gml:id="K1_492926_8-g" srsName="fguuid:jgd2011.bl">
<gml:pos>32.867302722 129.822693361</gml:pos>
</gml:Point>
</pos>
<orgName>国土地理院</orgName>
<type>三角点</type>
<gcpClass>三等三角点</gcpClass>
<gcpCode>TR34929264501</gcpCode>
<name>綱代</name>
<B>118322.2898</B>
<L>467361.6961</L>
<alti>41.26</alti>
<altiAcc>2</altiAcc>
</GCP>
<GCP gml:id="K1_492926_9">
<fid>10-00100-0-2412-28259</fid>
<lfSpanFr gml:id="K1_492926_9-1">
<gml:timePosition>2024-12-03</gml:timePosition>
</lfSpanFr>
<devDate gml:id="K1_492926_9-2">
<gml:timePosition>2024-12-12</gml:timePosition>
</devDate>
<orgGILvl>KJ13</orgGILvl>
<vis>表示</vis>
<pos>
<gml:Point gml:id="K1_492926_9-g" srsName="fguuid:jgd2011.bl">
<gml:pos>32.882215389 129.784003500</gml:pos>
</gml:Point>
</pos>
<orgName>国土地理院</orgName>
<type>三角点</type>
<gcpClass>三等三角点</gcpClass>
<gcpCode>TR34929265201</gcpCode>
<name>大石</name>
<B>118375.9754</B>
<L>467222.4126</L>
<alti>103.13</alti>
<altiAcc>2</altiAcc>
</GCP>
<GCP gml:id="K1_492926_10">
<fid>10-00100-0-2412-28260</fid>
<lfSpanFr gml:id="K1_492926_10-1">
<gml:timePosition>2024-12-03</gml:timePosition>
</lfSpanFr>
<devDate gml:id="K1_492926_10-2">
<gml:timePosition>2024-12-12</gml:timePosition>
</devDate>
<orgGILvl>KJ13</orgGILvl>
<vis>表示</vis>
<pos>
<gml:Point gml:id="K1_492926_10-g" srsName="fguuid:jgd2011.bl">
<gml:pos>32.886714306 129.754066611</gml:pos>
</gml:Point>
</pos>
<orgName>国土地理院</orgName>
<type>三角点</type>
<gcpClass>三等三角点</gcpClass>
<gcpCode>TR34929266001</gcpCode>
<name>戸根</name>
<B>118392.1715</B>
<L>467114.6398</L>
<alti>410.27</alti>
<altiAcc>2</altiAcc>
</GCP>
<GCP gml:id="K1_492926_11">
<fid>10-00100-0-2412-28261</fid>
<lfSpanFr gml:id="K1_492926_11-1">
<gml:timePosition>2024-12-03</gml:timePosition>
</lfSpanFr>
<devDate gml:id="K1_492926_11-2">
<gml:timePosition>2024-12-12</gml:timePosition>
</devDate>
<orgGILvl>KJ13</orgGILvl>
<vis>表示</vis>
<pos>
<gml:Point gml:id="K1_492926_11-g" srsName="fguuid:jgd2011.bl">
<gml:pos>32.912808389 129.779355194</gml:pos>
</gml:Point>
</pos>
<orgName>国土地理院</orgName>
<type>三角点</type>
<gcpClass>三等三角点</gcpClass>
<gcpCode>TR34929269201</gcpCode>
<name>城ノ辻</name>
<B>118486.1102</B>
<L>467205.6787</L>
<alti>102.35</alti>
<altiAcc>2</altiAcc>
</GCP>
<GCP gml:id="K1_492926_12">
<fid>10-00100-0-2412-64244</fid>
<lfSpanFr gml:id="K1_492926_12-1">
<gml:timePosition>2024-12-03</gml:timePosition>
</lfSpanFr>
<devDate gml:id="K1_492926_12-2">
<gml:timePosition>2024-12-12</gml:timePosition>
</devDate>
<orgGILvl>KJ14</orgGILvl>
<vis>表示</vis>
<pos>
<gml:Point gml:id="K1_492926_12-g" srsName="fguuid:jgd2011.bl">
<gml:pos>32.840573417 129.810413389</gml:pos>
</gml:Point>
</pos>
<orgName>国土地理院</orgName>
<type>三角点</type>
<gcpClass>四等三角点</gcpClass>
<gcpCode>TR44929260401</gcpCode>
<name>貝ノ川内</name>
<B>118226.0643</B>
<L>467317.4882</L>
<alti>239.07</alti>
<altiAcc>2</altiAcc>
</GCP>
<GCP gml:id="K1_492926_13">
<fid>10-00100-0-2412-64245</fid>
<lfSpanFr gml:id="K1_492926_13-1">
<gml:timePosition>2024-12-03</gml:timePosition>
</lfSpanFr>
<devDate gml:id="K1_492926_13-2">
<gml:timePosition>2024-12-12</gml:timePosition>
</devDate>
<orgGILvl>KJ14</orgGILvl>
<vis>表示</vis>
<pos>
<gml:Point gml:id="K1_492926_13-g" srsName="fguuid:jgd2011.bl">
<gml:pos>32.840022833 129.829114750</gml:pos>
</gml:Point>
</pos>
<orgName>国土地理院</orgName>
<type>三角点</type>
<gcpClass>四等三角点</gcpClass>
<gcpCode>TR44929260601</gcpCode>
<name>五郎次</name>
<B>118224.0822</B>
<L>467384.8131</L>
<alti>130.67</alti>
<altiAcc>2</altiAcc>
</GCP>
<GCP gml:id="K1_492926_14">
<fid>10-00100-0-2412-64246</fid>
<lfSpanFr gml:id="K1_492926_14-1">
<gml:timePosition>2024-12-03</gml:timePosition>
</lfSpanFr>
<devDate gml:id="K1_492926_14-2">
<gml:timePosition>2024-12-12</gml:timePosition>
</devDate>
<orgGILvl>KJ14</orgGILvl>
<vis>表示</vis>
<pos>
<gml:Point gml:id="K1_492926_14-g" srsName="fguuid:jgd2011.bl">
<gml:pos>32.834533278 129.867599000</gml:pos>
</gml:Point>
</pos>
<orgName>国土地理院</orgName>
<type>三角点</type>
<gcpClass>四等三角点</gcpClass>
<gcpCode>TR44929260901</gcpCode>
<name>登道</name>
<B>118204.3198</B>
<L>467523.3564</L>
<alti>116.86</alti>
<altiAcc>2</altiAcc>
</GCP>
<GCP gml:id="K1_492926_15">
<fid>10-00100-0-2412-64247</fid>
<lfSpanFr gml:id="K1_492926_15-1">
<gml:timePosition>2024-12-03</gml:timePosition>
</lfSpanFr>
<devDate gml:id="K1_492926_15-2">
<gml:timePosition>2024-12-12</gml:timePosition>
</devDate>
<orgGILvl>KJ14</orgGILvl>
<vis>表示</vis>
<pos>
<gml:Point gml:id="K1_492926_15-g" srsName="fguuid:jgd2011.bl">
<gml:pos>32.848849222 129.774841056</gml:pos>
</gml:Point>
</pos>
<orgName>国土地理院</orgName>
<type>三角点</type>
<gcpClass>四等三角点</gcpClass>
<gcpCode>TR44929261101</gcpCode>
<name>大平</name>
<B>118255.8572</B>
<L>467189.4278</L>
<alti>151.15</alti>
<altiAcc>2</altiAcc>
</GCP>
<GCP gml:id="K1_492926_16">
<fid>10-00100-0-2412-64248</fid>
<lfSpanFr gml:id="K1_492926_16-1">
<gml:timePosition>2024-12-03</gml:timePosition>
</lfSpanFr>
<devDate gml:id="K1_492926_16-2">
<gml:timePosition>2024-12-12</gml:timePosition>
</devDate>
<orgGILvl>KJ14</orgGILvl>
<vis>表示</vis>
<pos>
<gml:Point gml:id="K1_492926_16-g" srsName="fguuid:jgd2011.bl">
<gml:pos>32.842199472 129.858253889</gml:pos>
</gml:Point>
</pos>
<orgName>国土地理院</orgName>
<type>三角点</type>
<gcpClass>四等三角点</gcpClass>
<gcpCode>TR44929261801</gcpCode>
<name>長畑</name>
<B>118231.9181</B>
<L>467489.714</L>
<alti>57.06</alti>
<altiAcc>2</altiAcc>
</GCP>
<GCP gml:id="K1_492926_17">
<fid>10-00100-0-2412-64249</fid>
<lfSpanFr gml:id="K1_492926_17-1">
<gml:timePosition>2024-12-03</gml:timePosition>
</lfSpanFr>
<devDate gml:id="K1_492926_17-2">
<gml:timePosition>2024-12-12</gml:timePosition>
</devDate>
<orgGILvl>KJ14</orgGILvl>
<vis>表示</vis>
<pos>
<gml:Point gml:id="K1_492926_17-g" srsName="fguuid:jgd2011.bl">
<gml:pos>32.842349167 129.874628306</gml:pos>
</gml:Point>
</pos>
<orgName>国土地理院</orgName>
<type>三角点</type>
<gcpClass>四等三角点</gcpClass>
<gcpCode>TR44929261901</gcpCode>
<name>火渡</name>
<B>118232.457</B>
<L>467548.6619</L>
<alti>103.22</alti>
<altiAcc>2</altiAcc>
</GCP>
<GCP gml:id="K1_492926_18">
<fid>10-00100-0-2412-64250</fid>
<lfSpanFr gml:id="K1_492926_18-1">
<gml:timePosition>2024-12-03</gml:timePosition>
</lfSpanFr>
<devDate gml:id="K1_492926_18-2">
<gml:timePosition>2024-12-12</gml:timePosition>
</devDate>
<orgGILvl>KJ14</orgGILvl>
<vis>表示</vis>
<pos>
<gml:Point gml:id="K1_492926_18-g" srsName="fguuid:jgd2011.bl">
<gml:pos>32.850473833 129.818302750</gml:pos>
</gml:Point>
</pos>
<orgName>国土地理院</orgName>
<type>三角点</type>
<gcpClass>四等三角点</gcpClass>
<gcpCode>TR44929262501</gcpCode>
<name>中谷</name>
<B>118261.7058</B>
<L>467345.8899</L>
<alti>200.38</alti>
<altiAcc>2</altiAcc>
</GCP>
<GCP gml:id="K1_492926_19">
<fid>10-00100-0-2412-64251</fid>
<lfSpanFr gml:id="K1_492926_19-1">
<gml:timePosition>2024-12-03</gml:timePosition>
</lfSpanFr>
<devDate gml:id="K1_492926_19-2">
<gml:timePosition>2024-12-12</gml:timePosition>
</devDate>
<orgGILvl>KJ14</orgGILvl>
<vis>表示</vis>
<pos>
<gml:Point gml:id="K1_492926_19-g" srsName="fguuid:jgd2011.bl">
<gml:pos>32.859865806 129.771078222</gml:pos>
</gml:Point>
</pos>
<orgName>国土地理院</orgName>
<type>三角点</type>
<gcpClass>四等三角点</gcpClass>
<gcpCode>TR44929263101</gcpCode>
<name>平床</name>
<B>118295.5169</B>
<L>467175.8816</L>
<alti>77.78</alti>
<altiAcc>2</altiAcc>
</GCP>
<GCP gml:id="K1_492926_20">
<fid>10-00100-0-2412-64252</fid>
<lfSpanFr gml:id="K1_492926_20-1">
<gml:timePosition>2024-12-03</gml:timePosition>
</lfSpanFr>
<devDate gml:id="K1_492926_20-2">
<gml:timePosition>2024-12-12</gml:timePosition>
</devDate>
<orgGILvl>KJ14</orgGILvl>
<vis>表示</vis>
<pos>
<gml:Point gml:id="K1_492926_20-g" srsName="fguuid:jgd2011.bl">
<gml:pos>32.864139417 129.812197250</gml:pos>
</gml:Point>
</pos>
<orgName>国土地理院</orgName>
<type>三角点</type>
<gcpClass>四等三角点</gcpClass>
<gcpCode>TR44929263401</gcpCode>
<name>田ノ浦</name>
<B>118310.9019</B>
<L>467323.9101</L>
<alti>39.38</alti>
<altiAcc>2</altiAcc>
</GCP>
<GCP gml:id="K1_492926_21">
<fid>10-00100-0-2412-64253</fid>
<lfSpanFr gml:id="K1_492926_21-1">
<gml:timePosition>2024-12-03</gml:timePosition>
</lfSpanFr>
<devDate gml:id="K1_492926_21-2">
<gml:timePosition>2024-12-12</gml:timePosition>
</devDate>
<orgGILvl>KJ14</orgGILvl>
<vis>表示</vis>
<pos>
<gml:Point gml:id="K1_492926_21-g" srsName="fguuid:jgd2011.bl">
<gml:pos>32.860782694 129.872586333</gml:pos>
</gml:Point>
</pos>
<orgName>国土地理院</orgName>
<type>三角点</type>
<gcpClass>四等三角点</gcpClass>
<gcpCode>TR44929263901</gcpCode>
<name>犬瀬</name>
<B>118298.8177</B>
<L>467541.3108</L>
<alti>56.64</alti>
<altiAcc>2</altiAcc>
</GCP>
<GCP gml:id="K1_492926_22">
<fid>10-00100-0-2412-64254</fid>
<lfSpanFr gml:id="K1_492926_22-1">
<gml:timePosition>2024-12-03</gml:timePosition>
</lfSpanFr>
<devDate gml:id="K1_492926_22-2">
<gml:timePosition>2024-12-12</gml:timePosition>
</devDate>
<orgGILvl>KJ14</orgGILvl>
<vis>表示</vis>
<pos>
<gml:Point gml:id="K1_492926_22-g" srsName="fguuid:jgd2011.bl">
<gml:pos>32.870349972 129.760991028</gml:pos>
</gml:Point>
</pos>
<orgName>国土地理院</orgName>
<type>三角点</type>
<gcpClass>四等三角点</gcpClass>
<gcpCode>TR44929264001</gcpCode>
<name>霞ヶ岳</name>
<B>118333.2599</B>
<L>467139.5677</L>
<alti>313.71</alti>
<altiAcc>2</altiAcc>
</GCP>
<GCP gml:id="K1_492926_23">
<fid>10-00100-0-2412-64255</fid>
<lfSpanFr gml:id="K1_492926_23-1">
<gml:timePosition>2024-12-03</gml:timePosition>
</lfSpanFr>
<devDate gml:id="K1_492926_23-2">
<gml:timePosition>2024-12-12</gml:timePosition>
</devDate>
<orgGILvl>KJ14</orgGILvl>
<vis>表示</vis>
<pos>
<gml:Point gml:id="K1_492926_23-g" srsName="fguuid:jgd2011.bl">
<gml:pos>32.885493500 129.769863528</gml:pos>
</gml:Point>
</pos>
<orgName>国土地理院</orgName>
<type>三角点</type>
<gcpClass>四等三角点</gcpClass>
<gcpCode>TR44929266101</gcpCode>
<name>水ノ出口</name>
<B>118387.7766</B>
<L>467171.5087</L>
<alti>257.23</alti>
<altiAcc>2</altiAcc>
</GCP>
<GCP gml:id="K1_492926_24">
<fid>10-00100-0-2412-64256</fid>
<lfSpanFr gml:id="K1_492926_24-1">
<gml:timePosition>2024-12-03</gml:timePosition>
</lfSpanFr>
<devDate gml:id="K1_492926_24-2">
<gml:timePosition>2024-12-12</gml:timePosition>
</devDate>
<orgGILvl>KJ14</orgGILvl>
<vis>表示</vis>
<pos>
<gml:Point gml:id="K1_492926_24-g" srsName="fguuid:jgd2011.bl">
<gml:pos>32.895424222 129.788352278</gml:pos>
</gml:Point>
</pos>
<orgName>国土地理院</orgName>
<type>三角点</type>
<gcpClass>四等三角点</gcpClass>
<gcpCode>TR44929267301</gcpCode>
<name>大葉山</name>
<B>118423.5272</B>
<L>467238.0682</L>
<alti>86.67</alti>
<altiAcc>2</altiAcc>
</GCP>
<GCP gml:id="K1_492926_25">
<fid>10-00100-0-2412-64257</fid>
<lfSpanFr gml:id="K1_492926_25-1">
<gml:timePosition>2024-12-03</gml:timePosition>
</lfSpanFr>
<devDate gml:id="K1_492926_25-2">
<gml:timePosition>2024-12-12</gml:timePosition>
</devDate>
<orgGILvl>KJ14</orgGILvl>
<vis>表示</vis>
<pos>
<gml:Point gml:id="K1_492926_25-g" srsName="fguuid:jgd2011.bl">
<gml:pos>32.907851722 129.755659417</gml:pos>
</gml:Point>
</pos>
<orgName>国土地理院</orgName>
<type>三角点</type>
<gcpClass>四等三角点</gcpClass>
<gcpCode>TR44929268001</gcpCode>
<name>赤水</name>
<B>118468.2662</B>
<L>467120.3739</L>
<alti>393.16</alti>
<altiAcc>2</altiAcc>
</GCP>
<GCP gml:id="K1_492926_26">
<fid>10-00100-0-2412-64258</fid>
<lfSpanFr gml:id="K1_492926_26-1">
<gml:timePosition>2024-12-03</gml:timePosition>
</lfSpanFr>
<devDate gml:id="K1_492926_26-2">
<gml:timePosition>2024-12-12</gml:timePosition>
</devDate>
<orgGILvl>KJ14</orgGILvl>
<vis>表示</vis>
<pos>
<gml:Point gml:id="K1_492926_26-g" srsName="fguuid:jgd2011.bl">
<gml:pos>32.902398917 129.766421000</gml:pos>
</gml:Point>
</pos>
<orgName>国土地理院</orgName>
<type>三角点</type>
<gcpClass>四等三角点</gcpClass>
<gcpCode>TR44929268101</gcpCode>
<name>奉塔</name>
<B>118448.6361</B>
<L>467159.1156</L>
<alti>216.58</alti>
<altiAcc>2</altiAcc>
</GCP>
</Dataset>
