<?xml version="1.0" encoding="utf-8"?>
<Dataset xsi:schemaLocation="http://fgd.gsi.go.jp/spec/2008/FGD_GMLSchema FGD_GMLSchema.xsd"
	xmlns:gml="http://www.opengis.net/gml/3.2"
	xmlns:xsi="http://www.w3.org/2001/XMLSchema-instance"
	xmlns:xlink="http://www.w3.org/1999/xlink"
	xmlns="http://fgd.gsi.go.jp/spec/2008/FGD_GMLSchema"
	gml:id="Dataset1">
  <gml:description>基盤地図情報メタデータ ID=fmdid:25-0101</gml:description>
  <gml:name>基盤地図情報ダウンロードデータ（GML版）</gml:name>
<RailCL gml:id="K21_4671911829_1">
<fid>46719-11829-s-1088</fid>
<lfSpanFr gml:id="K21_4671911829_1-1">
<gml:timePosition>2023-02-21</gml:timePosition>
</lfSpanFr>
<devDate gml:id="K21_4671911829_1-2">
<gml:timePosition>2024-12-12</gml:timePosition>
</devDate>
<orgGILvl>2500</orgGILvl>
<vis>表示</vis>
<loc>
<gml:Curve gml:id="K21_4671911829_1-g" srsName="fguuid:jgd2011.bl">
<gml:segments>
<gml:LineStringSegment>
<gml:posList>
32.862821750 129.778200944
32.862648500 129.778542222
</gml:posList>
</gml:LineStringSegment>
</gml:segments>
</gml:Curve>
</loc>
<type>索道</type>
</RailCL>
<RailCL gml:id="K21_4672211820_1">
<fid>46722-11820-s-1933</fid>
<lfSpanFr gml:id="K21_4672211820_1-1">
<gml:timePosition>2023-02-21</gml:timePosition>
</lfSpanFr>
<devDate gml:id="K21_4672211820_1-2">
<gml:timePosition>2024-12-12</gml:timePosition>
</devDate>
<orgGILvl>2500</orgGILvl>
<vis>表示</vis>
<loc>
<gml:Curve gml:id="K21_4672211820_1-g" srsName="fguuid:jgd2011.bl">
<gml:segments>
<gml:LineStringSegment>
<gml:posList>
32.838624080 129.790314648
32.838583456 129.791148684
</gml:posList>
</gml:LineStringSegment>
</gml:segments>
</gml:Curve>
</loc>
<type>索道</type>
</RailCL>
<RailCL gml:id="K21_4672211820_2">
<fid>46722-11820-s-1934</fid>
<lfSpanFr gml:id="K21_4672211820_2-1">
<gml:timePosition>2023-02-21</gml:timePosition>
</lfSpanFr>
<devDate gml:id="K21_4672211820_2-2">
<gml:timePosition>2024-12-12</gml:timePosition>
</devDate>
<orgGILvl>2500</orgGILvl>
<vis>表示</vis>
<loc>
<gml:Curve gml:id="K21_4672211820_2-g" srsName="fguuid:jgd2011.bl">
<gml:segments>
<gml:LineStringSegment>
<gml:posList>
32.838514841 129.791182963
32.838508161 129.791185719
32.838292068 129.790886235
</gml:posList>
</gml:LineStringSegment>
</gml:segments>
</gml:Curve>
</loc>
<type>索道</type>
</RailCL>
<RailCL gml:id="K21_4672211820_3">
<fid>46722-11820-s-1935</fid>
<lfSpanFr gml:id="K21_4672211820_3-1">
<gml:timePosition>2023-02-21</gml:timePosition>
</lfSpanFr>
<devDate gml:id="K21_4672211820_3-2">
<gml:timePosition>2024-12-12</gml:timePosition>
</devDate>
<orgGILvl>2500</orgGILvl>
<vis>表示</vis>
<loc>
<gml:Curve gml:id="K21_4672211820_3-g" srsName="fguuid:jgd2011.bl">
<gml:segments>
<gml:LineStringSegment>
<gml:posList>
32.838775361 129.791146319
32.838830213 129.791368901
</gml:posList>
</gml:LineStringSegment>
</gml:segments>
</gml:Curve>
</loc>
<type>索道</type>
</RailCL>
<RailCL gml:id="K21_4672211820_4">
<fid>46722-11820-s-1936</fid>
<lfSpanFr gml:id="K21_4672211820_4-1">
<gml:timePosition>2023-02-21</gml:timePosition>
</lfSpanFr>
<devDate gml:id="K21_4672211820_4-2">
<gml:timePosition>2024-12-12</gml:timePosition>
</devDate>
<orgGILvl>2500</orgGILvl>
<vis>表示</vis>
<loc>
<gml:Curve gml:id="K21_4672211820_4-g" srsName="fguuid:jgd2011.bl">
<gml:segments>
<gml:LineStringSegment>
<gml:posList>
32.838804600 129.791408662
32.838592214 129.791454222
</gml:posList>
</gml:LineStringSegment>
</gml:segments>
</gml:Curve>
</loc>
<type>索道</type>
</RailCL>
<RailCL gml:id="K21_4672211820_5">
<fid>46722-11820-s-1937</fid>
<lfSpanFr gml:id="K21_4672211820_5-1">
<gml:timePosition>2023-02-21</gml:timePosition>
</lfSpanFr>
<devDate gml:id="K21_4672211820_5-2">
<gml:timePosition>2024-12-12</gml:timePosition>
</devDate>
<orgGILvl>2500</orgGILvl>
<vis>表示</vis>
<loc>
<gml:Curve gml:id="K21_4672211820_5-g" srsName="fguuid:jgd2011.bl">
<gml:segments>
<gml:LineStringSegment>
<gml:posList>
32.838292899 129.791226890
32.838343843 129.791441786
</gml:posList>
</gml:LineStringSegment>
</gml:segments>
</gml:Curve>
</loc>
<type>索道</type>
</RailCL>
<RailCL gml:id="K21_4672211820_6">
<fid>46722-11820-s-1938</fid>
<lfSpanFr gml:id="K21_4672211820_6-1">
<gml:timePosition>2023-02-21</gml:timePosition>
</lfSpanFr>
<devDate gml:id="K21_4672211820_6-2">
<gml:timePosition>2024-12-12</gml:timePosition>
</devDate>
<orgGILvl>2500</orgGILvl>
<vis>表示</vis>
<loc>
<gml:Curve gml:id="K21_4672211820_6-g" srsName="fguuid:jgd2011.bl">
<gml:segments>
<gml:LineStringSegment>
<gml:posList>
32.838400381 129.791419031
32.838449690 129.791626807
32.838532276 129.791666667
</gml:posList>
</gml:LineStringSegment>
</gml:segments>
</gml:Curve>
</loc>
<type>索道</type>
</RailCL>
<RailCL gml:id="K21_4672211820_7">
<fid>46722-11820-s-1939</fid>
<lfSpanFr gml:id="K21_4672211820_7-1">
<gml:timePosition>2023-02-21</gml:timePosition>
</lfSpanFr>
<devDate gml:id="K21_4672211820_7-2">
<gml:timePosition>2024-12-12</gml:timePosition>
</devDate>
<orgGILvl>2500</orgGILvl>
<vis>表示</vis>
<loc>
<gml:Curve gml:id="K21_4672211820_7-g" srsName="fguuid:jgd2011.bl">
<gml:segments>
<gml:LineStringSegment>
<gml:posList>
32.838526107 129.791666667
32.838565078 129.791489278
</gml:posList>
</gml:LineStringSegment>
</gml:segments>
</gml:Curve>
</loc>
<type>索道</type>
</RailCL>
<RailCL gml:id="K21_4672211820_8">
<fid>46722-11820-s-1940</fid>
<lfSpanFr gml:id="K21_4672211820_8-1">
<gml:timePosition>2023-02-21</gml:timePosition>
</lfSpanFr>
<devDate gml:id="K21_4672211820_8-2">
<gml:timePosition>2024-12-12</gml:timePosition>
</devDate>
<orgGILvl>2500</orgGILvl>
<vis>表示</vis>
<loc>
<gml:Curve gml:id="K21_4672211820_8-g" srsName="fguuid:jgd2011.bl">
<gml:segments>
<gml:LineStringSegment>
<gml:posList>
32.838549546 129.791459958
32.838346119 129.791451388
</gml:posList>
</gml:LineStringSegment>
</gml:segments>
</gml:Curve>
</loc>
<type>索道</type>
</RailCL>
<RailCL gml:id="K21_4672211820_9">
<fid>46722-11820-s-1941</fid>
<lfSpanFr gml:id="K21_4672211820_9-1">
<gml:timePosition>2023-02-21</gml:timePosition>
</lfSpanFr>
<devDate gml:id="K21_4672211820_9-2">
<gml:timePosition>2024-12-12</gml:timePosition>
</devDate>
<orgGILvl>2500</orgGILvl>
<vis>表示</vis>
<loc>
<gml:Curve gml:id="K21_4672211820_9-g" srsName="fguuid:jgd2011.bl">
<gml:segments>
<gml:LineStringSegment>
<gml:posList>
32.838520807 129.791370561
32.838400381 129.791419031
</gml:posList>
</gml:LineStringSegment>
</gml:segments>
</gml:Curve>
</loc>
<type>索道</type>
</RailCL>
<RailCL gml:id="K21_4672211820_10">
<fid>46722-11820-s-1942</fid>
<lfSpanFr gml:id="K21_4672211820_10-1">
<gml:timePosition>2023-02-21</gml:timePosition>
</lfSpanFr>
<devDate gml:id="K21_4672211820_10-2">
<gml:timePosition>2024-12-12</gml:timePosition>
</devDate>
<orgGILvl>2500</orgGILvl>
<vis>表示</vis>
<loc>
<gml:Curve gml:id="K21_4672211820_10-g" srsName="fguuid:jgd2011.bl">
<gml:segments>
<gml:LineStringSegment>
<gml:posList>
32.839139899 129.791666667
32.839158332 129.791579879
</gml:posList>
</gml:LineStringSegment>
</gml:segments>
</gml:Curve>
</loc>
<type>索道</type>
</RailCL>
<RailCL gml:id="K21_4672211820_11">
<fid>46722-11820-s-1943</fid>
<lfSpanFr gml:id="K21_4672211820_11-1">
<gml:timePosition>2023-02-21</gml:timePosition>
</lfSpanFr>
<devDate gml:id="K21_4672211820_11-2">
<gml:timePosition>2024-12-12</gml:timePosition>
</devDate>
<orgGILvl>2500</orgGILvl>
<vis>表示</vis>
<loc>
<gml:Curve gml:id="K21_4672211820_11-g" srsName="fguuid:jgd2011.bl">
<gml:segments>
<gml:LineStringSegment>
<gml:posList>
32.838553636 129.791213534
32.838762344 129.791353725
</gml:posList>
</gml:LineStringSegment>
</gml:segments>
</gml:Curve>
</loc>
<type>索道</type>
</RailCL>
<RailCL gml:id="K21_4672211820_12">
<fid>46722-11820-s-1944</fid>
<lfSpanFr gml:id="K21_4672211820_12-1">
<gml:timePosition>2023-02-21</gml:timePosition>
</lfSpanFr>
<devDate gml:id="K21_4672211820_12-2">
<gml:timePosition>2024-12-12</gml:timePosition>
</devDate>
<orgGILvl>2500</orgGILvl>
<vis>表示</vis>
<loc>
<gml:Curve gml:id="K21_4672211820_12-g" srsName="fguuid:jgd2011.bl">
<gml:segments>
<gml:LineStringSegment>
<gml:posList>
32.838346119 129.791451388
32.838392649 129.791647664
32.838455434 129.791666667
</gml:posList>
</gml:LineStringSegment>
</gml:segments>
</gml:Curve>
</loc>
<type>索道</type>
</RailCL>
<RailCL gml:id="K21_4672211820_13">
<fid>46722-11820-s-1945</fid>
<lfSpanFr gml:id="K21_4672211820_13-1">
<gml:timePosition>2023-02-21</gml:timePosition>
</lfSpanFr>
<devDate gml:id="K21_4672211820_13-2">
<gml:timePosition>2024-12-12</gml:timePosition>
</devDate>
<orgGILvl>2500</orgGILvl>
<vis>表示</vis>
<loc>
<gml:Curve gml:id="K21_4672211820_13-g" srsName="fguuid:jgd2011.bl">
<gml:segments>
<gml:LineStringSegment>
<gml:posList>
32.838343843 129.791441786
32.838346119 129.791451388
</gml:posList>
</gml:LineStringSegment>
</gml:segments>
</gml:Curve>
</loc>
<type>索道</type>
</RailCL>
<RailCL gml:id="K21_4672211820_14">
<fid>46722-11820-s-1946</fid>
<lfSpanFr gml:id="K21_4672211820_14-1">
<gml:timePosition>2023-02-21</gml:timePosition>
</lfSpanFr>
<devDate gml:id="K21_4672211820_14-2">
<gml:timePosition>2024-12-12</gml:timePosition>
</devDate>
<orgGILvl>2500</orgGILvl>
<vis>表示</vis>
<loc>
<gml:Curve gml:id="K21_4672211820_14-g" srsName="fguuid:jgd2011.bl">
<gml:segments>
<gml:LineStringSegment>
<gml:posList>
32.838400381 129.791419031
32.838343843 129.791441786
</gml:posList>
</gml:LineStringSegment>
</gml:segments>
</gml:Curve>
</loc>
<type>索道</type>
</RailCL>
<RailCL gml:id="K21_4672211820_15">
<fid>46722-11820-s-2107</fid>
<lfSpanFr gml:id="K21_4672211820_15-1">
<gml:timePosition>2023-02-21</gml:timePosition>
</lfSpanFr>
<devDate gml:id="K21_4672211820_15-2">
<gml:timePosition>2024-12-12</gml:timePosition>
</devDate>
<orgGILvl>2500</orgGILvl>
<vis>表示</vis>
<loc>
<gml:Curve gml:id="K21_4672211820_15-g" srsName="fguuid:jgd2011.bl">
<gml:segments>
<gml:LineStringSegment>
<gml:posList>
32.838520807 129.791370561
32.838560679 129.791364709
32.838756851 129.791365703
</gml:posList>
</gml:LineStringSegment>
</gml:segments>
</gml:Curve>
</loc>
<type>索道</type>
</RailCL>
<RailCL gml:id="K21_4672511820_1">
<fid>46725-11820-s-1166</fid>
<lfSpanFr gml:id="K21_4672511820_1-1">
<gml:timePosition>2023-02-21</gml:timePosition>
</lfSpanFr>
<devDate gml:id="K21_4672511820_1-2">
<gml:timePosition>2024-12-12</gml:timePosition>
</devDate>
<orgGILvl>2500</orgGILvl>
<vis>表示</vis>
<loc>
<gml:Curve gml:id="K21_4672511820_1-g" srsName="fguuid:jgd2011.bl">
<gml:segments>
<gml:LineStringSegment>
<gml:posList>
32.838532276 129.791666667
32.838547514 129.791674021
</gml:posList>
</gml:LineStringSegment>
</gml:segments>
</gml:Curve>
</loc>
<type>索道</type>
</RailCL>
<RailCL gml:id="K21_4672511820_2">
<fid>46725-11820-s-1167</fid>
<lfSpanFr gml:id="K21_4672511820_2-1">
<gml:timePosition>2023-02-21</gml:timePosition>
</lfSpanFr>
<devDate gml:id="K21_4672511820_2-2">
<gml:timePosition>2024-12-12</gml:timePosition>
</devDate>
<orgGILvl>2500</orgGILvl>
<vis>表示</vis>
<loc>
<gml:Curve gml:id="K21_4672511820_2-g" srsName="fguuid:jgd2011.bl">
<gml:segments>
<gml:LineStringSegment>
<gml:posList>
32.838521701 129.791686723
32.838526107 129.791666667
</gml:posList>
</gml:LineStringSegment>
</gml:segments>
</gml:Curve>
</loc>
<type>索道</type>
</RailCL>
<RailCL gml:id="K21_4672511820_3">
<fid>46725-11820-s-1168</fid>
<lfSpanFr gml:id="K21_4672511820_3-1">
<gml:timePosition>2023-02-21</gml:timePosition>
</lfSpanFr>
<devDate gml:id="K21_4672511820_3-2">
<gml:timePosition>2024-12-12</gml:timePosition>
</devDate>
<orgGILvl>2500</orgGILvl>
<vis>表示</vis>
<loc>
<gml:Curve gml:id="K21_4672511820_3-g" srsName="fguuid:jgd2011.bl">
<gml:segments>
<gml:LineStringSegment>
<gml:posList>
32.838682090 129.791738661
32.838964797 129.791819266
</gml:posList>
</gml:LineStringSegment>
</gml:segments>
</gml:Curve>
</loc>
<type>索道</type>
</RailCL>
<RailCL gml:id="K21_4672511820_4">
<fid>46725-11820-s-1169</fid>
<lfSpanFr gml:id="K21_4672511820_4-1">
<gml:timePosition>2023-02-21</gml:timePosition>
</lfSpanFr>
<devDate gml:id="K21_4672511820_4-2">
<gml:timePosition>2024-12-12</gml:timePosition>
</devDate>
<orgGILvl>2500</orgGILvl>
<vis>表示</vis>
<loc>
<gml:Curve gml:id="K21_4672511820_4-g" srsName="fguuid:jgd2011.bl">
<gml:segments>
<gml:LineStringSegment>
<gml:posList>
32.839018601 129.792179334
32.838848703 129.792064158
32.838964797 129.791819266
</gml:posList>
</gml:LineStringSegment>
</gml:segments>
</gml:Curve>
</loc>
<type>索道</type>
</RailCL>
<RailCL gml:id="K21_4672511820_5">
<fid>46725-11820-s-1170</fid>
<lfSpanFr gml:id="K21_4672511820_5-1">
<gml:timePosition>2023-02-21</gml:timePosition>
</lfSpanFr>
<devDate gml:id="K21_4672511820_5-2">
<gml:timePosition>2024-12-12</gml:timePosition>
</devDate>
<orgGILvl>2500</orgGILvl>
<vis>表示</vis>
<loc>
<gml:Curve gml:id="K21_4672511820_5-g" srsName="fguuid:jgd2011.bl">
<gml:segments>
<gml:LineStringSegment>
<gml:posList>
32.839099342 129.791857627
32.839139899 129.791666667
</gml:posList>
</gml:LineStringSegment>
</gml:segments>
</gml:Curve>
</loc>
<type>索道</type>
</RailCL>
<RailCL gml:id="K21_4672511820_6">
<fid>46725-11820-s-1171</fid>
<lfSpanFr gml:id="K21_4672511820_6-1">
<gml:timePosition>2023-02-21</gml:timePosition>
</lfSpanFr>
<devDate gml:id="K21_4672511820_6-2">
<gml:timePosition>2024-12-12</gml:timePosition>
</devDate>
<orgGILvl>2500</orgGILvl>
<vis>表示</vis>
<loc>
<gml:Curve gml:id="K21_4672511820_6-g" srsName="fguuid:jgd2011.bl">
<gml:segments>
<gml:LineStringSegment>
<gml:posList>
32.839039308 129.791840510
32.839130141 129.792221894
</gml:posList>
</gml:LineStringSegment>
</gml:segments>
</gml:Curve>
</loc>
<type>索道</type>
</RailCL>
<RailCL gml:id="K21_4672511820_7">
<fid>46725-11820-s-1172</fid>
<lfSpanFr gml:id="K21_4672511820_7-1">
<gml:timePosition>2023-02-21</gml:timePosition>
</lfSpanFr>
<devDate gml:id="K21_4672511820_7-2">
<gml:timePosition>2024-12-12</gml:timePosition>
</devDate>
<orgGILvl>2500</orgGILvl>
<vis>表示</vis>
<loc>
<gml:Curve gml:id="K21_4672511820_7-g" srsName="fguuid:jgd2011.bl">
<gml:segments>
<gml:LineStringSegment>
<gml:posList>
32.839481861 129.792096569
32.839355090 129.792242393
</gml:posList>
</gml:LineStringSegment>
</gml:segments>
</gml:Curve>
</loc>
<type>索道</type>
</RailCL>
<RailCL gml:id="K21_4672511820_8">
<fid>46725-11820-s-1173</fid>
<lfSpanFr gml:id="K21_4672511820_8-1">
<gml:timePosition>2023-02-21</gml:timePosition>
</lfSpanFr>
<devDate gml:id="K21_4672511820_8-2">
<gml:timePosition>2024-12-12</gml:timePosition>
</devDate>
<orgGILvl>2500</orgGILvl>
<vis>表示</vis>
<loc>
<gml:Curve gml:id="K21_4672511820_8-g" srsName="fguuid:jgd2011.bl">
<gml:segments>
<gml:LineStringSegment>
<gml:posList>
32.839339671 129.792241488
32.839130141 129.792221894
</gml:posList>
</gml:LineStringSegment>
</gml:segments>
</gml:Curve>
</loc>
<type>索道</type>
</RailCL>
<RailCL gml:id="K21_4672511820_9">
<fid>46725-11820-s-1174</fid>
<lfSpanFr gml:id="K21_4672511820_9-1">
<gml:timePosition>2023-02-21</gml:timePosition>
</lfSpanFr>
<devDate gml:id="K21_4672511820_9-2">
<gml:timePosition>2024-12-12</gml:timePosition>
</devDate>
<orgGILvl>2500</orgGILvl>
<vis>表示</vis>
<loc>
<gml:Curve gml:id="K21_4672511820_9-g" srsName="fguuid:jgd2011.bl">
<gml:segments>
<gml:LineStringSegment>
<gml:posList>
32.839190114 129.792336177
32.839301132 129.792294026
</gml:posList>
</gml:LineStringSegment>
</gml:segments>
</gml:Curve>
</loc>
<type>索道</type>
</RailCL>
<RailCL gml:id="K21_4672511820_10">
<fid>46725-11820-s-1175</fid>
<lfSpanFr gml:id="K21_4672511820_10-1">
<gml:timePosition>2023-02-21</gml:timePosition>
</lfSpanFr>
<devDate gml:id="K21_4672511820_10-2">
<gml:timePosition>2024-12-12</gml:timePosition>
</devDate>
<orgGILvl>2500</orgGILvl>
<vis>表示</vis>
<loc>
<gml:Curve gml:id="K21_4672511820_10-g" srsName="fguuid:jgd2011.bl">
<gml:segments>
<gml:LineStringSegment>
<gml:posList>
32.839039308 129.791840510
32.839099342 129.791857627
</gml:posList>
</gml:LineStringSegment>
</gml:segments>
</gml:Curve>
</loc>
<type>索道</type>
</RailCL>
<RailCL gml:id="K21_4672511820_11">
<fid>46725-11820-s-1176</fid>
<lfSpanFr gml:id="K21_4672511820_11-1">
<gml:timePosition>2023-02-21</gml:timePosition>
</lfSpanFr>
<devDate gml:id="K21_4672511820_11-2">
<gml:timePosition>2024-12-12</gml:timePosition>
</devDate>
<orgGILvl>2500</orgGILvl>
<vis>表示</vis>
<loc>
<gml:Curve gml:id="K21_4672511820_11-g" srsName="fguuid:jgd2011.bl">
<gml:segments>
<gml:LineStringSegment>
<gml:posList>
32.838964797 129.791819266
32.839039308 129.791840510
</gml:posList>
</gml:LineStringSegment>
</gml:segments>
</gml:Curve>
</loc>
<type>索道</type>
</RailCL>
<RailCL gml:id="K21_4672511820_12">
<fid>46725-11820-s-1177</fid>
<lfSpanFr gml:id="K21_4672511820_12-1">
<gml:timePosition>2023-02-21</gml:timePosition>
</lfSpanFr>
<devDate gml:id="K21_4672511820_12-2">
<gml:timePosition>2024-12-12</gml:timePosition>
</devDate>
<orgGILvl>2500</orgGILvl>
<vis>表示</vis>
<loc>
<gml:Curve gml:id="K21_4672511820_12-g" srsName="fguuid:jgd2011.bl">
<gml:segments>
<gml:LineStringSegment>
<gml:posList>
32.839099342 129.791857627
32.839111506 129.791861095
32.839045099 129.792185296
</gml:posList>
</gml:LineStringSegment>
</gml:segments>
</gml:Curve>
</loc>
<type>索道</type>
</RailCL>
<RailCL gml:id="K21_4672511820_13">
<fid>46725-11820-s-1178</fid>
<lfSpanFr gml:id="K21_4672511820_13-1">
<gml:timePosition>2023-02-21</gml:timePosition>
</lfSpanFr>
<devDate gml:id="K21_4672511820_13-2">
<gml:timePosition>2024-12-12</gml:timePosition>
</devDate>
<orgGILvl>2500</orgGILvl>
<vis>表示</vis>
<loc>
<gml:Curve gml:id="K21_4672511820_13-g" srsName="fguuid:jgd2011.bl">
<gml:segments>
<gml:LineStringSegment>
<gml:posList>
32.839130141 129.792221894
32.839141394 129.792269147
</gml:posList>
</gml:LineStringSegment>
</gml:segments>
</gml:Curve>
</loc>
<type>索道</type>
</RailCL>
<RailCL gml:id="K21_4672511820_14">
<fid>46725-11820-s-1179</fid>
<lfSpanFr gml:id="K21_4672511820_14-1">
<gml:timePosition>2023-02-21</gml:timePosition>
</lfSpanFr>
<devDate gml:id="K21_4672511820_14-2">
<gml:timePosition>2024-12-12</gml:timePosition>
</devDate>
<orgGILvl>2500</orgGILvl>
<vis>表示</vis>
<loc>
<gml:Curve gml:id="K21_4672511820_14-g" srsName="fguuid:jgd2011.bl">
<gml:segments>
<gml:LineStringSegment>
<gml:posList>
32.838521701 129.791686723
32.838577114 129.791703494
</gml:posList>
</gml:LineStringSegment>
</gml:segments>
</gml:Curve>
</loc>
<type>索道</type>
</RailCL>
<RailCL gml:id="K21_4672511820_15">
<fid>46725-11820-s-1180</fid>
<lfSpanFr gml:id="K21_4672511820_15-1">
<gml:timePosition>2023-02-21</gml:timePosition>
</lfSpanFr>
<devDate gml:id="K21_4672511820_15-2">
<gml:timePosition>2024-12-12</gml:timePosition>
</devDate>
<orgGILvl>2500</orgGILvl>
<vis>表示</vis>
<loc>
<gml:Curve gml:id="K21_4672511820_15-g" srsName="fguuid:jgd2011.bl">
<gml:segments>
<gml:LineStringSegment>
<gml:posList>
32.838455434 129.791666667
32.838521701 129.791686723
</gml:posList>
</gml:LineStringSegment>
</gml:segments>
</gml:Curve>
</loc>
<type>索道</type>
</RailCL>
<RailCL gml:id="K21_4672511823_1">
<fid>46725-11823-s-1125</fid>
<lfSpanFr gml:id="K21_4672511823_1-1">
<gml:timePosition>2023-02-21</gml:timePosition>
</lfSpanFr>
<devDate gml:id="K21_4672511823_1-2">
<gml:timePosition>2024-12-12</gml:timePosition>
</devDate>
<orgGILvl>2500</orgGILvl>
<vis>表示</vis>
<loc>
<gml:Curve gml:id="K21_4672511823_1-g" srsName="fguuid:jgd2011.bl">
<gml:segments>
<gml:LineStringSegment>
<gml:posList>
32.842234649 129.791865226
32.842132972 129.791885084
</gml:posList>
</gml:LineStringSegment>
</gml:segments>
</gml:Curve>
</loc>
<type>索道</type>
</RailCL>
<RailCL gml:id="K21_4672511823_2">
<fid>46725-11823-s-1126</fid>
<lfSpanFr gml:id="K21_4672511823_2-1">
<gml:timePosition>2023-02-21</gml:timePosition>
</lfSpanFr>
<devDate gml:id="K21_4672511823_2-2">
<gml:timePosition>2024-12-12</gml:timePosition>
</devDate>
<orgGILvl>2500</orgGILvl>
<vis>表示</vis>
<loc>
<gml:Curve gml:id="K21_4672511823_2-g" srsName="fguuid:jgd2011.bl">
<gml:segments>
<gml:LineStringSegment>
<gml:posList>
32.842114328 129.791875195
32.842097716 129.791767246
</gml:posList>
</gml:LineStringSegment>
</gml:segments>
</gml:Curve>
</loc>
<type>索道</type>
</RailCL>
<RailCL gml:id="K21_4672511823_3">
<fid>46725-11823-s-1127</fid>
<lfSpanFr gml:id="K21_4672511823_3-1">
<gml:timePosition>2023-02-21</gml:timePosition>
</lfSpanFr>
<devDate gml:id="K21_4672511823_3-2">
<gml:timePosition>2024-12-12</gml:timePosition>
</devDate>
<orgGILvl>2500</orgGILvl>
<vis>表示</vis>
<loc>
<gml:Curve gml:id="K21_4672511823_3-g" srsName="fguuid:jgd2011.bl">
<gml:segments>
<gml:LineStringSegment>
<gml:posList>
32.842120872 129.791930338
32.842271248 129.791984882
</gml:posList>
</gml:LineStringSegment>
</gml:segments>
</gml:Curve>
</loc>
<type>索道</type>
</RailCL>
<RailCL gml:id="K21_4672511823_4">
<fid>46725-11823-s-1128</fid>
<lfSpanFr gml:id="K21_4672511823_4-1">
<gml:timePosition>2023-02-21</gml:timePosition>
</lfSpanFr>
<devDate gml:id="K21_4672511823_4-2">
<gml:timePosition>2024-12-12</gml:timePosition>
</devDate>
<orgGILvl>2500</orgGILvl>
<vis>表示</vis>
<loc>
<gml:Curve gml:id="K21_4672511823_4-g" srsName="fguuid:jgd2011.bl">
<gml:segments>
<gml:LineStringSegment>
<gml:posList>
32.842298084 129.792157496
32.842271248 129.791984882
</gml:posList>
</gml:LineStringSegment>
</gml:segments>
</gml:Curve>
</loc>
<type>索道</type>
</RailCL>
<RailCL gml:id="K21_4672511823_5">
<fid>46725-11823-s-1129</fid>
<lfSpanFr gml:id="K21_4672511823_5-1">
<gml:timePosition>2023-02-21</gml:timePosition>
</lfSpanFr>
<devDate gml:id="K21_4672511823_5-2">
<gml:timePosition>2024-12-12</gml:timePosition>
</devDate>
<orgGILvl>2500</orgGILvl>
<vis>表示</vis>
<loc>
<gml:Curve gml:id="K21_4672511823_5-g" srsName="fguuid:jgd2011.bl">
<gml:segments>
<gml:LineStringSegment>
<gml:posList>
32.842271248 129.791984882
32.842258104 129.791900342
</gml:posList>
</gml:LineStringSegment>
</gml:segments>
</gml:Curve>
</loc>
<type>索道</type>
</RailCL>
<RailCL gml:id="K21_4672811826_1">
<fid>46728-11826-s-1613</fid>
<lfSpanFr gml:id="K21_4672811826_1-1">
<gml:timePosition>2023-02-21</gml:timePosition>
</lfSpanFr>
<devDate gml:id="K21_4672811826_1-2">
<gml:timePosition>2024-12-12</gml:timePosition>
</devDate>
<orgGILvl>2500</orgGILvl>
<vis>表示</vis>
<loc>
<gml:Curve gml:id="K21_4672811826_1-g" srsName="fguuid:jgd2011.bl">
<gml:segments>
<gml:LineStringSegment>
<gml:posList>
32.852160111 129.800338639
32.852002750 129.800602889
</gml:posList>
</gml:LineStringSegment>
</gml:segments>
</gml:Curve>
</loc>
<type>索道</type>
</RailCL>
<RailCL gml:id="K21_4672811826_2">
<fid>46728-11826-s-1614</fid>
<lfSpanFr gml:id="K21_4672811826_2-1">
<gml:timePosition>2023-02-21</gml:timePosition>
</lfSpanFr>
<devDate gml:id="K21_4672811826_2-2">
<gml:timePosition>2024-12-12</gml:timePosition>
</devDate>
<orgGILvl>2500</orgGILvl>
<vis>表示</vis>
<loc>
<gml:Curve gml:id="K21_4672811826_2-g" srsName="fguuid:jgd2011.bl">
<gml:segments>
<gml:LineStringSegment>
<gml:posList>
32.852147944 129.800440944
32.852002750 129.800602889
</gml:posList>
</gml:LineStringSegment>
</gml:segments>
</gml:Curve>
</loc>
<type>索道</type>
</RailCL>
<RailCL gml:id="K21_4672811826_3">
<fid>46728-11826-s-1615</fid>
<lfSpanFr gml:id="K21_4672811826_3-1">
<gml:timePosition>2023-02-21</gml:timePosition>
</lfSpanFr>
<devDate gml:id="K21_4672811826_3-2">
<gml:timePosition>2024-12-12</gml:timePosition>
</devDate>
<orgGILvl>2500</orgGILvl>
<vis>表示</vis>
<loc>
<gml:Curve gml:id="K21_4672811826_3-g" srsName="fguuid:jgd2011.bl">
<gml:segments>
<gml:LineStringSegment>
<gml:posList>
32.852176583 129.800435861
32.852105472 129.800621250
</gml:posList>
</gml:LineStringSegment>
</gml:segments>
</gml:Curve>
</loc>
<type>索道</type>
</RailCL>
<RailCL gml:id="K21_4672811826_4">
<fid>46728-11826-s-1616</fid>
<lfSpanFr gml:id="K21_4672811826_4-1">
<gml:timePosition>2023-02-21</gml:timePosition>
</lfSpanFr>
<devDate gml:id="K21_4672811826_4-2">
<gml:timePosition>2024-12-12</gml:timePosition>
</devDate>
<orgGILvl>2500</orgGILvl>
<vis>表示</vis>
<loc>
<gml:Curve gml:id="K21_4672811826_4-g" srsName="fguuid:jgd2011.bl">
<gml:segments>
<gml:LineStringSegment>
<gml:posList>
32.851875861 129.800749111
32.851949583 129.800662194
</gml:posList>
</gml:LineStringSegment>
</gml:segments>
</gml:Curve>
</loc>
<type>索道</type>
</RailCL>
<RailCL gml:id="K21_4672811826_5">
<fid>46728-11826-s-1617</fid>
<lfSpanFr gml:id="K21_4672811826_5-1">
<gml:timePosition>2023-02-21</gml:timePosition>
</lfSpanFr>
<devDate gml:id="K21_4672811826_5-2">
<gml:timePosition>2024-12-12</gml:timePosition>
</devDate>
<orgGILvl>2500</orgGILvl>
<vis>表示</vis>
<loc>
<gml:Curve gml:id="K21_4672811826_5-g" srsName="fguuid:jgd2011.bl">
<gml:segments>
<gml:LineStringSegment>
<gml:posList>
32.852002750 129.800602889
32.851949583 129.800662194
</gml:posList>
</gml:LineStringSegment>
</gml:segments>
</gml:Curve>
</loc>
<type>索道</type>
</RailCL>
<RailCL gml:id="K21_4672811826_6">
<fid>46728-11826-s-1618</fid>
<lfSpanFr gml:id="K21_4672811826_6-1">
<gml:timePosition>2023-02-21</gml:timePosition>
</lfSpanFr>
<devDate gml:id="K21_4672811826_6-2">
<gml:timePosition>2024-12-12</gml:timePosition>
</devDate>
<orgGILvl>2500</orgGILvl>
<vis>表示</vis>
<loc>
<gml:Curve gml:id="K21_4672811826_6-g" srsName="fguuid:jgd2011.bl">
<gml:segments>
<gml:LineStringSegment>
<gml:posList>
32.852105472 129.800621250
32.852091889 129.800656694
32.851954833 129.800684417
</gml:posList>
</gml:LineStringSegment>
</gml:segments>
</gml:Curve>
</loc>
<type>索道</type>
</RailCL>
<RailCL gml:id="K21_4672811826_7">
<fid>46728-11826-s-1619</fid>
<lfSpanFr gml:id="K21_4672811826_7-1">
<gml:timePosition>2023-02-21</gml:timePosition>
</lfSpanFr>
<devDate gml:id="K21_4672811826_7-2">
<gml:timePosition>2024-12-12</gml:timePosition>
</devDate>
<orgGILvl>2500</orgGILvl>
<vis>表示</vis>
<loc>
<gml:Curve gml:id="K21_4672811826_7-g" srsName="fguuid:jgd2011.bl">
<gml:segments>
<gml:LineStringSegment>
<gml:posList>
32.852035139 129.800591222
32.852105472 129.800621250
</gml:posList>
</gml:LineStringSegment>
</gml:segments>
</gml:Curve>
</loc>
<type>索道</type>
</RailCL>
<RailCL gml:id="K21_4672811826_8">
<fid>46728-11826-s-1620</fid>
<lfSpanFr gml:id="K21_4672811826_8-1">
<gml:timePosition>2023-02-21</gml:timePosition>
</lfSpanFr>
<devDate gml:id="K21_4672811826_8-2">
<gml:timePosition>2024-12-12</gml:timePosition>
</devDate>
<orgGILvl>2500</orgGILvl>
<vis>表示</vis>
<loc>
<gml:Curve gml:id="K21_4672811826_8-g" srsName="fguuid:jgd2011.bl">
<gml:segments>
<gml:LineStringSegment>
<gml:posList>
32.852112500 129.800624250
32.852225694 129.800499611
</gml:posList>
</gml:LineStringSegment>
</gml:segments>
</gml:Curve>
</loc>
<type>索道</type>
</RailCL>
<RailCL gml:id="K21_4672811826_9">
<fid>46728-11826-s-1621</fid>
<lfSpanFr gml:id="K21_4672811826_9-1">
<gml:timePosition>2023-02-21</gml:timePosition>
</lfSpanFr>
<devDate gml:id="K21_4672811826_9-2">
<gml:timePosition>2024-12-12</gml:timePosition>
</devDate>
<orgGILvl>2500</orgGILvl>
<vis>表示</vis>
<loc>
<gml:Curve gml:id="K21_4672811826_9-g" srsName="fguuid:jgd2011.bl">
<gml:segments>
<gml:LineStringSegment>
<gml:posList>
32.852105472 129.800621250
32.852112500 129.800624250
</gml:posList>
</gml:LineStringSegment>
</gml:segments>
</gml:Curve>
</loc>
<type>索道</type>
</RailCL>
<RailCL gml:id="K21_4672811826_10">
<fid>46728-11826-s-1622</fid>
<lfSpanFr gml:id="K21_4672811826_10-1">
<gml:timePosition>2023-02-21</gml:timePosition>
</lfSpanFr>
<devDate gml:id="K21_4672811826_10-2">
<gml:timePosition>2024-12-12</gml:timePosition>
</devDate>
<orgGILvl>2500</orgGILvl>
<vis>表示</vis>
<loc>
<gml:Curve gml:id="K21_4672811826_10-g" srsName="fguuid:jgd2011.bl">
<gml:segments>
<gml:LineStringSegment>
<gml:posList>
32.851855444 129.800767111
32.851812778 129.800919306
</gml:posList>
</gml:LineStringSegment>
</gml:segments>
</gml:Curve>
</loc>
<type>索道</type>
</RailCL>
<RailCL gml:id="K21_4672811826_11">
<fid>46728-11826-s-1623</fid>
<lfSpanFr gml:id="K21_4672811826_11-1">
<gml:timePosition>2023-02-21</gml:timePosition>
</lfSpanFr>
<devDate gml:id="K21_4672811826_11-2">
<gml:timePosition>2024-12-12</gml:timePosition>
</devDate>
<orgGILvl>2500</orgGILvl>
<vis>表示</vis>
<loc>
<gml:Curve gml:id="K21_4672811826_11-g" srsName="fguuid:jgd2011.bl">
<gml:segments>
<gml:LineStringSegment>
<gml:posList>
32.851956000 129.800725889
32.851870139 129.800846000
32.851838972 129.801244278
</gml:posList>
</gml:LineStringSegment>
</gml:segments>
</gml:Curve>
</loc>
<type>索道</type>
</RailCL>
<RailCL gml:id="K21_4672811826_12">
<fid>46728-11826-s-1624</fid>
<lfSpanFr gml:id="K21_4672811826_12-1">
<gml:timePosition>2023-02-21</gml:timePosition>
</lfSpanFr>
<devDate gml:id="K21_4672811826_12-2">
<gml:timePosition>2024-12-12</gml:timePosition>
</devDate>
<orgGILvl>2500</orgGILvl>
<vis>表示</vis>
<loc>
<gml:Curve gml:id="K21_4672811826_12-g" srsName="fguuid:jgd2011.bl">
<gml:segments>
<gml:LineStringSegment>
<gml:posList>
32.852197056 129.800383000
32.852279500 129.800562222
</gml:posList>
</gml:LineStringSegment>
</gml:segments>
</gml:Curve>
</loc>
<type>索道</type>
</RailCL>
<RailCL gml:id="K21_4672811826_13">
<fid>46728-11826-s-1625</fid>
<lfSpanFr gml:id="K21_4672811826_13-1">
<gml:timePosition>2023-02-21</gml:timePosition>
</lfSpanFr>
<devDate gml:id="K21_4672811826_13-2">
<gml:timePosition>2024-12-12</gml:timePosition>
</devDate>
<orgGILvl>2500</orgGILvl>
<vis>表示</vis>
<loc>
<gml:Curve gml:id="K21_4672811826_13-g" srsName="fguuid:jgd2011.bl">
<gml:segments>
<gml:LineStringSegment>
<gml:posList>
32.852182083 129.800421528
32.852176583 129.800435861
</gml:posList>
</gml:LineStringSegment>
</gml:segments>
</gml:Curve>
</loc>
<type>索道</type>
</RailCL>
<RailCL gml:id="K21_4672811826_14">
<fid>46728-11826-s-1626</fid>
<lfSpanFr gml:id="K21_4672811826_14-1">
<gml:timePosition>2023-02-21</gml:timePosition>
</lfSpanFr>
<devDate gml:id="K21_4672811826_14-2">
<gml:timePosition>2024-12-12</gml:timePosition>
</devDate>
<orgGILvl>2500</orgGILvl>
<vis>表示</vis>
<loc>
<gml:Curve gml:id="K21_4672811826_14-g" srsName="fguuid:jgd2011.bl">
<gml:segments>
<gml:LineStringSegment>
<gml:posList>
32.852176583 129.800435861
32.852225694 129.800499611
</gml:posList>
</gml:LineStringSegment>
</gml:segments>
</gml:Curve>
</loc>
<type>索道</type>
</RailCL>
<RailCL gml:id="K21_4672811826_15">
<fid>46728-11826-s-1627</fid>
<lfSpanFr gml:id="K21_4672811826_15-1">
<gml:timePosition>2023-02-21</gml:timePosition>
</lfSpanFr>
<devDate gml:id="K21_4672811826_15-2">
<gml:timePosition>2024-12-12</gml:timePosition>
</devDate>
<orgGILvl>2500</orgGILvl>
<vis>表示</vis>
<loc>
<gml:Curve gml:id="K21_4672811826_15-g" srsName="fguuid:jgd2011.bl">
<gml:segments>
<gml:LineStringSegment>
<gml:posList>
32.852225694 129.800499611
32.852276694 129.800565861
</gml:posList>
</gml:LineStringSegment>
</gml:segments>
</gml:Curve>
</loc>
<type>索道</type>
</RailCL>
<RailCL gml:id="K21_4672811826_16">
<fid>46728-11826-s-1628</fid>
<lfSpanFr gml:id="K21_4672811826_16-1">
<gml:timePosition>2023-02-21</gml:timePosition>
</lfSpanFr>
<devDate gml:id="K21_4672811826_16-2">
<gml:timePosition>2024-12-12</gml:timePosition>
</devDate>
<orgGILvl>2500</orgGILvl>
<vis>表示</vis>
<loc>
<gml:Curve gml:id="K21_4672811826_16-g" srsName="fguuid:jgd2011.bl">
<gml:segments>
<gml:LineStringSegment>
<gml:posList>
32.852112500 129.800624250
32.852273167 129.800692861
32.852333778 129.800716056
</gml:posList>
</gml:LineStringSegment>
</gml:segments>
</gml:Curve>
</loc>
<type>索道</type>
</RailCL>
<RailCL gml:id="K21_4672811826_17">
<fid>46728-11826-s-1629</fid>
<lfSpanFr gml:id="K21_4672811826_17-1">
<gml:timePosition>2023-02-21</gml:timePosition>
</lfSpanFr>
<devDate gml:id="K21_4672811826_17-2">
<gml:timePosition>2024-12-12</gml:timePosition>
</devDate>
<orgGILvl>2500</orgGILvl>
<vis>表示</vis>
<loc>
<gml:Curve gml:id="K21_4672811826_17-g" srsName="fguuid:jgd2011.bl">
<gml:segments>
<gml:LineStringSegment>
<gml:posList>
32.852322472 129.800616972
32.852380028 129.800685861
</gml:posList>
</gml:LineStringSegment>
</gml:segments>
</gml:Curve>
</loc>
<type>索道</type>
</RailCL>
<RailCL gml:id="K21_4672811826_18">
<fid>46728-11826-s-1630</fid>
<lfSpanFr gml:id="K21_4672811826_18-1">
<gml:timePosition>2023-02-21</gml:timePosition>
</lfSpanFr>
<devDate gml:id="K21_4672811826_18-2">
<gml:timePosition>2024-12-12</gml:timePosition>
</devDate>
<orgGILvl>2500</orgGILvl>
<vis>表示</vis>
<loc>
<gml:Curve gml:id="K21_4672811826_18-g" srsName="fguuid:jgd2011.bl">
<gml:segments>
<gml:LineStringSegment>
<gml:posList>
32.852384583 129.800700944
32.852399417 129.800685167
32.852411500 129.800683306
</gml:posList>
</gml:LineStringSegment>
</gml:segments>
</gml:Curve>
</loc>
<type>索道</type>
</RailCL>
<RailCL gml:id="K21_4672811826_19">
<fid>46728-11826-s-1631</fid>
<lfSpanFr gml:id="K21_4672811826_19-1">
<gml:timePosition>2023-02-21</gml:timePosition>
</lfSpanFr>
<devDate gml:id="K21_4672811826_19-2">
<gml:timePosition>2024-12-12</gml:timePosition>
</devDate>
<orgGILvl>2500</orgGILvl>
<vis>表示</vis>
<loc>
<gml:Curve gml:id="K21_4672811826_19-g" srsName="fguuid:jgd2011.bl">
<gml:segments>
<gml:LineStringSegment>
<gml:posList>
32.852263556 129.800815472
32.852322722 129.800745611
</gml:posList>
</gml:LineStringSegment>
</gml:segments>
</gml:Curve>
</loc>
<type>索道</type>
</RailCL>
<RailCL gml:id="K21_4672811826_20">
<fid>46728-11826-s-1632</fid>
<lfSpanFr gml:id="K21_4672811826_20-1">
<gml:timePosition>2023-02-21</gml:timePosition>
</lfSpanFr>
<devDate gml:id="K21_4672811826_20-2">
<gml:timePosition>2024-12-12</gml:timePosition>
</devDate>
<orgGILvl>2500</orgGILvl>
<vis>表示</vis>
<loc>
<gml:Curve gml:id="K21_4672811826_20-g" srsName="fguuid:jgd2011.bl">
<gml:segments>
<gml:LineStringSegment>
<gml:posList>
32.852360194 129.800769972
32.852279917 129.800954111
</gml:posList>
</gml:LineStringSegment>
</gml:segments>
</gml:Curve>
</loc>
<type>索道</type>
</RailCL>
<RailCL gml:id="K21_4672811826_21">
<fid>46728-11826-s-1633</fid>
<lfSpanFr gml:id="K21_4672811826_21-1">
<gml:timePosition>2023-02-21</gml:timePosition>
</lfSpanFr>
<devDate gml:id="K21_4672811826_21-2">
<gml:timePosition>2024-12-12</gml:timePosition>
</devDate>
<orgGILvl>2500</orgGILvl>
<vis>表示</vis>
<loc>
<gml:Curve gml:id="K21_4672811826_21-g" srsName="fguuid:jgd2011.bl">
<gml:segments>
<gml:LineStringSegment>
<gml:posList>
32.852342639 129.800748972
32.852360194 129.800769972
</gml:posList>
</gml:LineStringSegment>
</gml:segments>
</gml:Curve>
</loc>
<type>索道</type>
</RailCL>
<RailCL gml:id="K21_4672811826_22">
<fid>46728-11826-s-1634</fid>
<lfSpanFr gml:id="K21_4672811826_22-1">
<gml:timePosition>2023-02-21</gml:timePosition>
</lfSpanFr>
<devDate gml:id="K21_4672811826_22-2">
<gml:timePosition>2024-12-12</gml:timePosition>
</devDate>
<orgGILvl>2500</orgGILvl>
<vis>表示</vis>
<loc>
<gml:Curve gml:id="K21_4672811826_22-g" srsName="fguuid:jgd2011.bl">
<gml:segments>
<gml:LineStringSegment>
<gml:posList>
32.852353389 129.800736722
32.852370417 129.800746500
32.852360194 129.800769972
</gml:posList>
</gml:LineStringSegment>
</gml:segments>
</gml:Curve>
</loc>
<type>索道</type>
</RailCL>
<RailCL gml:id="K21_4672811826_23">
<fid>46728-11826-s-1635</fid>
<lfSpanFr gml:id="K21_4672811826_23-1">
<gml:timePosition>2023-02-21</gml:timePosition>
</lfSpanFr>
<devDate gml:id="K21_4672811826_23-2">
<gml:timePosition>2024-12-12</gml:timePosition>
</devDate>
<orgGILvl>2500</orgGILvl>
<vis>表示</vis>
<loc>
<gml:Curve gml:id="K21_4672811826_23-g" srsName="fguuid:jgd2011.bl">
<gml:segments>
<gml:LineStringSegment>
<gml:posList>
32.852360194 129.800769972
32.852434083 129.800858361
</gml:posList>
</gml:LineStringSegment>
</gml:segments>
</gml:Curve>
</loc>
<type>索道</type>
</RailCL>
<RailCL gml:id="K21_4672811826_24">
<fid>46728-11826-s-1636</fid>
<lfSpanFr gml:id="K21_4672811826_24-1">
<gml:timePosition>2023-02-21</gml:timePosition>
</lfSpanFr>
<devDate gml:id="K21_4672811826_24-2">
<gml:timePosition>2024-12-12</gml:timePosition>
</devDate>
<orgGILvl>2500</orgGILvl>
<vis>表示</vis>
<loc>
<gml:Curve gml:id="K21_4672811826_24-g" srsName="fguuid:jgd2011.bl">
<gml:segments>
<gml:LineStringSegment>
<gml:posList>
32.852528500 129.801305167
32.852434028 129.801370972
</gml:posList>
</gml:LineStringSegment>
</gml:segments>
</gml:Curve>
</loc>
<type>索道</type>
</RailCL>
<RailCL gml:id="K21_4672811826_25">
<fid>46728-11826-s-1637</fid>
<lfSpanFr gml:id="K21_4672811826_25-1">
<gml:timePosition>2023-02-21</gml:timePosition>
</lfSpanFr>
<devDate gml:id="K21_4672811826_25-2">
<gml:timePosition>2024-12-12</gml:timePosition>
</devDate>
<orgGILvl>2500</orgGILvl>
<vis>表示</vis>
<loc>
<gml:Curve gml:id="K21_4672811826_25-g" srsName="fguuid:jgd2011.bl">
<gml:segments>
<gml:LineStringSegment>
<gml:posList>
32.852618083 129.801182083
32.852542833 129.801232250
</gml:posList>
</gml:LineStringSegment>
</gml:segments>
</gml:Curve>
</loc>
<type>索道</type>
</RailCL>
<RailCL gml:id="K21_4672811826_26">
<fid>46728-11826-s-1638</fid>
<lfSpanFr gml:id="K21_4672811826_26-1">
<gml:timePosition>2023-02-21</gml:timePosition>
</lfSpanFr>
<devDate gml:id="K21_4672811826_26-2">
<gml:timePosition>2024-12-12</gml:timePosition>
</devDate>
<orgGILvl>2500</orgGILvl>
<vis>表示</vis>
<loc>
<gml:Curve gml:id="K21_4672811826_26-g" srsName="fguuid:jgd2011.bl">
<gml:segments>
<gml:LineStringSegment>
<gml:posList>
32.852542833 129.801232250
32.852609361 129.801136417
32.852482167 129.800925833
</gml:posList>
</gml:LineStringSegment>
</gml:segments>
</gml:Curve>
</loc>
<type>索道</type>
</RailCL>
<RailCL gml:id="K21_4672811826_27">
<fid>46728-11826-s-1639</fid>
<lfSpanFr gml:id="K21_4672811826_27-1">
<gml:timePosition>2023-02-21</gml:timePosition>
</lfSpanFr>
<devDate gml:id="K21_4672811826_27-2">
<gml:timePosition>2024-12-12</gml:timePosition>
</devDate>
<orgGILvl>2500</orgGILvl>
<vis>表示</vis>
<loc>
<gml:Curve gml:id="K21_4672811826_27-g" srsName="fguuid:jgd2011.bl">
<gml:segments>
<gml:LineStringSegment>
<gml:posList>
32.852640583 129.801237694
32.852528500 129.801305167
</gml:posList>
</gml:LineStringSegment>
</gml:segments>
</gml:Curve>
</loc>
<type>索道</type>
</RailCL>
<RailCL gml:id="K21_4672811826_28">
<fid>46728-11826-s-1640</fid>
<lfSpanFr gml:id="K21_4672811826_28-1">
<gml:timePosition>2023-02-21</gml:timePosition>
</lfSpanFr>
<devDate gml:id="K21_4672811826_28-2">
<gml:timePosition>2024-12-12</gml:timePosition>
</devDate>
<orgGILvl>2500</orgGILvl>
<vis>表示</vis>
<loc>
<gml:Curve gml:id="K21_4672811826_28-g" srsName="fguuid:jgd2011.bl">
<gml:segments>
<gml:LineStringSegment>
<gml:posList>
32.852528500 129.801305167
32.852501389 129.801259889
32.852542833 129.801232250
</gml:posList>
</gml:LineStringSegment>
</gml:segments>
</gml:Curve>
</loc>
<type>索道</type>
</RailCL>
<RailCL gml:id="K21_4672811829_1">
<fid>46728-11829-s-1278</fid>
<lfSpanFr gml:id="K21_4672811829_1-1">
<gml:timePosition>2023-02-21</gml:timePosition>
</lfSpanFr>
<devDate gml:id="K21_4672811829_1-2">
<gml:timePosition>2024-12-12</gml:timePosition>
</devDate>
<orgGILvl>2500</orgGILvl>
<vis>表示</vis>
<loc>
<gml:Curve gml:id="K21_4672811829_1-g" srsName="fguuid:jgd2011.bl">
<gml:segments>
<gml:LineStringSegment>
<gml:posList>
32.863469472 129.805728278
32.863530056 129.805699444
32.863615833 129.805656667
</gml:posList>
</gml:LineStringSegment>
</gml:segments>
</gml:Curve>
</loc>
<type>特殊軌道</type>
</RailCL>
<RailCL gml:id="K21_4672811829_2">
<fid>46728-11829-s-1279</fid>
<lfSpanFr gml:id="K21_4672811829_2-1">
<gml:timePosition>2023-02-21</gml:timePosition>
</lfSpanFr>
<devDate gml:id="K21_4672811829_2-2">
<gml:timePosition>2024-12-12</gml:timePosition>
</devDate>
<orgGILvl>2500</orgGILvl>
<vis>表示</vis>
<loc>
<gml:Curve gml:id="K21_4672811829_2-g" srsName="fguuid:jgd2011.bl">
<gml:segments>
<gml:LineStringSegment>
<gml:posList>
32.863475111 129.805745194
32.863535889 129.805716222
32.863621472 129.805673583
</gml:posList>
</gml:LineStringSegment>
</gml:segments>
</gml:Curve>
</loc>
<type>特殊軌道</type>
</RailCL>
<RailCL gml:id="K21_4673411826_1">
<fid>46734-11826-s-3676</fid>
<lfSpanFr gml:id="K21_4673411826_1-1">
<gml:timePosition>2024-11-28</gml:timePosition>
</lfSpanFr>
<devDate gml:id="K21_4673411826_1-2">
<gml:timePosition>2024-12-12</gml:timePosition>
</devDate>
<orgGILvl>2500</orgGILvl>
<vis>表示</vis>
<loc>
<gml:Curve gml:id="K21_4673411826_1-g" srsName="fguuid:jgd2011.bl">
<gml:segments>
<gml:LineStringSegment>
<gml:posList>
32.854757675 129.823428415
32.854742796 129.823497914
32.854718809 129.823602424
</gml:posList>
</gml:LineStringSegment>
</gml:segments>
</gml:Curve>
</loc>
<type>特殊軌道</type>
</RailCL>
<RailCL gml:id="K21_4673411826_2">
<fid>46734-11826-s-3677</fid>
<lfSpanFr gml:id="K21_4673411826_2-1">
<gml:timePosition>2024-11-28</gml:timePosition>
</lfSpanFr>
<devDate gml:id="K21_4673411826_2-2">
<gml:timePosition>2024-12-12</gml:timePosition>
</devDate>
<orgGILvl>2500</orgGILvl>
<vis>表示</vis>
<loc>
<gml:Curve gml:id="K21_4673411826_2-g" srsName="fguuid:jgd2011.bl">
<gml:segments>
<gml:LineStringSegment>
<gml:posList>
32.854771642 129.823432633
32.854756763 129.823502239
32.854732867 129.823606215
</gml:posList>
</gml:LineStringSegment>
</gml:segments>
</gml:Curve>
</loc>
<type>特殊軌道</type>
</RailCL>
<RailCL gml:id="K21_4674011823_1">
<fid>46740-11823-s-3233</fid>
<lfSpanFr gml:id="K21_4674011823_1-1">
<gml:timePosition>2024-11-28</gml:timePosition>
</lfSpanFr>
<devDate gml:id="K21_4674011823_1-2">
<gml:timePosition>2024-12-12</gml:timePosition>
</devDate>
<orgGILvl>2500</orgGILvl>
<vis>表示</vis>
<loc>
<gml:Curve gml:id="K21_4674011823_1-g" srsName="fguuid:jgd2011.bl">
<gml:segments>
<gml:LineStringSegment>
<gml:posList>
32.845219861 129.837566528
32.845329167 129.837504444
32.845161389 129.837719917
</gml:posList>
</gml:LineStringSegment>
</gml:segments>
</gml:Curve>
</loc>
<type>索道</type>
</RailCL>
<RailCL gml:id="K21_4674011823_2">
<fid>46740-11823-s-3234</fid>
<lfSpanFr gml:id="K21_4674011823_2-1">
<gml:timePosition>2024-11-28</gml:timePosition>
</lfSpanFr>
<devDate gml:id="K21_4674011823_2-2">
<gml:timePosition>2024-12-12</gml:timePosition>
</devDate>
<orgGILvl>2500</orgGILvl>
<vis>表示</vis>
<loc>
<gml:Curve gml:id="K21_4674011823_2-g" srsName="fguuid:jgd2011.bl">
<gml:segments>
<gml:LineStringSegment>
<gml:posList>
32.845597889 129.837842417
32.845331528 129.837396778
</gml:posList>
</gml:LineStringSegment>
</gml:segments>
</gml:Curve>
</loc>
<type>索道</type>
</RailCL>
</Dataset>
