<?xml version="1.0" encoding="utf-8"?>
<Dataset xsi:schemaLocation="http://fgd.gsi.go.jp/spec/2008/FGD_GMLSchema FGD_GMLSchema.xsd"
	xmlns:gml="http://www.opengis.net/gml/3.2"
	xmlns:xsi="http://www.w3.org/2001/XMLSchema-instance"
	xmlns:xlink="http://www.w3.org/1999/xlink"
	xmlns="http://fgd.gsi.go.jp/spec/2008/FGD_GMLSchema"
	gml:id="Dataset1">
  <gml:description>基盤地図情報メタデータ ID=fmdid:25-0101</gml:description>
  <gml:name>基盤地図情報ダウンロードデータ（GML版）</gml:name>
<SBAPt gml:id="K11_4671311820_1">
<fid>46713-11820-i-838</fid>
<lfSpanFr gml:id="K11_4671311820_1-1">
<gml:timePosition>2023-02-21</gml:timePosition>
</lfSpanFr>
<devDate gml:id="K11_4671311820_1-2">
<gml:timePosition>2024-12-12</gml:timePosition>
</devDate>
<orgGILvl>2500</orgGILvl>
<vis>表示</vis>
<pos>
<gml:Point gml:id="K11_4671311820_1-g" srsName="fguuid:jgd2011.bl">
<gml:pos>32.834455367 129.765158251</gml:pos>
</gml:Point>
</pos>
<sbaNo>26</sbaNo>
</SBAPt>
<SBAPt gml:id="K11_4671311820_2">
<fid>46713-11820-i-839</fid>
<lfSpanFr gml:id="K11_4671311820_2-1">
<gml:timePosition>2023-02-21</gml:timePosition>
</lfSpanFr>
<devDate gml:id="K11_4671311820_2-2">
<gml:timePosition>2024-12-12</gml:timePosition>
</devDate>
<orgGILvl>2500</orgGILvl>
<vis>表示</vis>
<pos>
<gml:Point gml:id="K11_4671311820_2-g" srsName="fguuid:jgd2011.bl">
<gml:pos>32.834392374 129.763940440</gml:pos>
</gml:Point>
</pos>
<sbaNo>27</sbaNo>
</SBAPt>
<SBAPt gml:id="K11_4671311820_3">
<fid>46713-11820-i-840</fid>
<lfSpanFr gml:id="K11_4671311820_3-1">
<gml:timePosition>2023-02-21</gml:timePosition>
</lfSpanFr>
<devDate gml:id="K11_4671311820_3-2">
<gml:timePosition>2024-12-12</gml:timePosition>
</devDate>
<orgGILvl>2500</orgGILvl>
<vis>表示</vis>
<pos>
<gml:Point gml:id="K11_4671311820_3-g" srsName="fguuid:jgd2011.bl">
<gml:pos>32.833352996 129.765083691</gml:pos>
</gml:Point>
</pos>
<sbaNo>25</sbaNo>
</SBAPt>
<SBAPt gml:id="K11_4671611820_1">
<fid>46716-11820-i-1647</fid>
<lfSpanFr gml:id="K11_4671611820_1-1">
<gml:timePosition>2023-02-21</gml:timePosition>
</lfSpanFr>
<devDate gml:id="K11_4671611820_1-2">
<gml:timePosition>2024-12-12</gml:timePosition>
</devDate>
<orgGILvl>2500</orgGILvl>
<vis>表示</vis>
<pos>
<gml:Point gml:id="K11_4671611820_1-g" srsName="fguuid:jgd2011.bl">
<gml:pos>32.833530542 129.766937396</gml:pos>
</gml:Point>
</pos>
<sbaNo>1</sbaNo>
</SBAPt>
<SBAPt gml:id="K11_4671611820_2">
<fid>46716-11820-i-1648</fid>
<lfSpanFr gml:id="K11_4671611820_2-1">
<gml:timePosition>2023-02-21</gml:timePosition>
</lfSpanFr>
<devDate gml:id="K11_4671611820_2-2">
<gml:timePosition>2024-12-12</gml:timePosition>
</devDate>
<orgGILvl>2500</orgGILvl>
<vis>表示</vis>
<pos>
<gml:Point gml:id="K11_4671611820_2-g" srsName="fguuid:jgd2011.bl">
<gml:pos>32.834357598 129.772369402</gml:pos>
</gml:Point>
</pos>
<sbaNo>26</sbaNo>
</SBAPt>
<SBAPt gml:id="K11_4671611820_3">
<fid>46716-11820-i-1649</fid>
<lfSpanFr gml:id="K11_4671611820_3-1">
<gml:timePosition>2023-02-21</gml:timePosition>
</lfSpanFr>
<devDate gml:id="K11_4671611820_3-2">
<gml:timePosition>2024-12-12</gml:timePosition>
</devDate>
<orgGILvl>2500</orgGILvl>
<vis>表示</vis>
<pos>
<gml:Point gml:id="K11_4671611820_3-g" srsName="fguuid:jgd2011.bl">
<gml:pos>32.833702499 129.770971912</gml:pos>
</gml:Point>
</pos>
<sbaNo>23</sbaNo>
</SBAPt>
<SBAPt gml:id="K11_4671611820_4">
<fid>46716-11820-i-1650</fid>
<lfSpanFr gml:id="K11_4671611820_4-1">
<gml:timePosition>2023-02-21</gml:timePosition>
</lfSpanFr>
<devDate gml:id="K11_4671611820_4-2">
<gml:timePosition>2024-12-12</gml:timePosition>
</devDate>
<orgGILvl>2500</orgGILvl>
<vis>表示</vis>
<pos>
<gml:Point gml:id="K11_4671611820_4-g" srsName="fguuid:jgd2011.bl">
<gml:pos>32.833622024 129.771390276</gml:pos>
</gml:Point>
</pos>
<sbaNo>24</sbaNo>
</SBAPt>
<SBAPt gml:id="K11_4671611820_5">
<fid>46716-11820-i-1651</fid>
<lfSpanFr gml:id="K11_4671611820_5-1">
<gml:timePosition>2023-02-21</gml:timePosition>
</lfSpanFr>
<devDate gml:id="K11_4671611820_5-2">
<gml:timePosition>2024-12-12</gml:timePosition>
</devDate>
<orgGILvl>2500</orgGILvl>
<vis>表示</vis>
<pos>
<gml:Point gml:id="K11_4671611820_5-g" srsName="fguuid:jgd2011.bl">
<gml:pos>32.833449758 129.769199031</gml:pos>
</gml:Point>
</pos>
<sbaNo>15</sbaNo>
</SBAPt>
<SBAPt gml:id="K11_4671611820_6">
<fid>46716-11820-i-1652</fid>
<lfSpanFr gml:id="K11_4671611820_6-1">
<gml:timePosition>2023-02-21</gml:timePosition>
</lfSpanFr>
<devDate gml:id="K11_4671611820_6-2">
<gml:timePosition>2024-12-12</gml:timePosition>
</devDate>
<orgGILvl>2500</orgGILvl>
<vis>表示</vis>
<pos>
<gml:Point gml:id="K11_4671611820_6-g" srsName="fguuid:jgd2011.bl">
<gml:pos>32.833694546 129.767620960</gml:pos>
</gml:Point>
</pos>
<sbaNo>2</sbaNo>
</SBAPt>
<SBAPt gml:id="K11_4672211820_1">
<fid>46722-11820-i-1400</fid>
<lfSpanFr gml:id="K11_4672211820_1-1">
<gml:timePosition>2023-02-21</gml:timePosition>
</lfSpanFr>
<devDate gml:id="K11_4672211820_1-2">
<gml:timePosition>2024-12-12</gml:timePosition>
</devDate>
<orgGILvl>2500</orgGILvl>
<vis>表示</vis>
<pos>
<gml:Point gml:id="K11_4672211820_1-g" srsName="fguuid:jgd2011.bl">
<gml:pos>32.833547133 129.790227576</gml:pos>
</gml:Point>
</pos>
<sbaNo>9</sbaNo>
</SBAPt>
<SBAPt gml:id="K11_4672211820_2">
<fid>46722-11820-i-1401</fid>
<lfSpanFr gml:id="K11_4672211820_2-1">
<gml:timePosition>2023-02-21</gml:timePosition>
</lfSpanFr>
<devDate gml:id="K11_4672211820_2-2">
<gml:timePosition>2024-12-12</gml:timePosition>
</devDate>
<orgGILvl>2500</orgGILvl>
<vis>表示</vis>
<pos>
<gml:Point gml:id="K11_4672211820_2-g" srsName="fguuid:jgd2011.bl">
<gml:pos>32.834400917 129.790328136</gml:pos>
</gml:Point>
</pos>
<sbaNo>6</sbaNo>
</SBAPt>
<SBAPt gml:id="K11_4672211820_3">
<fid>46722-11820-i-1402</fid>
<lfSpanFr gml:id="K11_4672211820_3-1">
<gml:timePosition>2023-02-21</gml:timePosition>
</lfSpanFr>
<devDate gml:id="K11_4672211820_3-2">
<gml:timePosition>2024-12-12</gml:timePosition>
</devDate>
<orgGILvl>2500</orgGILvl>
<vis>表示</vis>
<pos>
<gml:Point gml:id="K11_4672211820_3-g" srsName="fguuid:jgd2011.bl">
<gml:pos>32.834073668 129.790323169</gml:pos>
</gml:Point>
</pos>
<sbaNo>7</sbaNo>
</SBAPt>
<SBAPt gml:id="K11_4672211820_4">
<fid>46722-11820-i-1403</fid>
<lfSpanFr gml:id="K11_4672211820_4-1">
<gml:timePosition>2023-02-21</gml:timePosition>
</lfSpanFr>
<devDate gml:id="K11_4672211820_4-2">
<gml:timePosition>2024-12-12</gml:timePosition>
</devDate>
<orgGILvl>2500</orgGILvl>
<vis>表示</vis>
<pos>
<gml:Point gml:id="K11_4672211820_4-g" srsName="fguuid:jgd2011.bl">
<gml:pos>32.833767396 129.790288409</gml:pos>
</gml:Point>
</pos>
<sbaNo>8</sbaNo>
</SBAPt>
</Dataset>
