<?xml version="1.0" encoding="utf-8"?>
<Dataset xsi:schemaLocation="http://fgd.gsi.go.jp/spec/2008/FGD_GMLSchema FGD_GMLSchema.xsd"
	xmlns:gml="http://www.opengis.net/gml/3.2"
	xmlns:xsi="http://www.w3.org/2001/XMLSchema-instance"
	xmlns:xlink="http://www.w3.org/1999/xlink"
	xmlns="http://fgd.gsi.go.jp/spec/2008/FGD_GMLSchema"
	gml:id="Dataset1">
  <gml:description>基盤地図情報メタデータ ID=fmdid:25-0101</gml:description>
  <gml:name>基盤地図情報ダウンロードデータ（GML版）</gml:name>
<AdmPt gml:id="K6_4671611838_1">
<fid>46716-11838-i-256</fid>
<lfSpanFr gml:id="K6_4671611838_1-1">
<gml:timePosition>2023-02-21</gml:timePosition>
</lfSpanFr>
<devDate gml:id="K6_4671611838_1-2">
<gml:timePosition>2024-12-12</gml:timePosition>
</devDate>
<orgGILvl>25000</orgGILvl>
<vis>非表示</vis>
<pos>
<gml:Point gml:id="K6_4671611838_1-g" srsName="fguuid:jgd2011.bl">
<gml:pos>32.883565952 129.770242035</gml:pos>
</gml:Point>
</pos>
<type>郡市・東京都の区</type>
<name>長崎市</name>
<admCode>42201</admCode>
</AdmPt>
<AdmPt gml:id="K6_4672811847_1">
<fid>46728-11847-i-790</fid>
<lfSpanFr gml:id="K6_4672811847_1-1">
<gml:timePosition>2023-02-21</gml:timePosition>
</lfSpanFr>
<devDate gml:id="K6_4672811847_1-2">
<gml:timePosition>2024-12-12</gml:timePosition>
</devDate>
<orgGILvl>25000</orgGILvl>
<vis>非表示</vis>
<pos>
<gml:Point gml:id="K6_4672811847_1-g" srsName="fguuid:jgd2011.bl">
<gml:pos>32.914697576 129.804944748</gml:pos>
</gml:Point>
</pos>
<type>郡市・東京都の区</type>
<name>長崎市</name>
<admCode>42201</admCode>
</AdmPt>
<AdmPt gml:id="K6_4673111826_1">
<fid>46731-11826-i-428</fid>
<lfSpanFr gml:id="K6_4673111826_1-1">
<gml:timePosition>2016-04-20</gml:timePosition>
</lfSpanFr>
<devDate gml:id="K6_4673111826_1-2">
<gml:timePosition>2024-12-12</gml:timePosition>
</devDate>
<orgGILvl>25000</orgGILvl>
<vis>非表示</vis>
<pos>
<gml:Point gml:id="K6_4673111826_1-g" srsName="fguuid:jgd2011.bl">
<gml:pos>32.852829147 129.814742404</gml:pos>
</gml:Point>
</pos>
<type>町村・指定都市の区</type>
<name>時津町</name>
<admCode>42308</admCode>
</AdmPt>
<AdmPt gml:id="K6_4674611823_1">
<fid>46746-11823-i-3678</fid>
<lfSpanFr gml:id="K6_4674611823_1-1">
<gml:timePosition>2020-12-08</gml:timePosition>
</lfSpanFr>
<devDate gml:id="K6_4674611823_1-2">
<gml:timePosition>2024-12-12</gml:timePosition>
</devDate>
<orgGILvl>25000</orgGILvl>
<vis>非表示</vis>
<pos>
<gml:Point gml:id="K6_4674611823_1-g" srsName="fguuid:jgd2011.bl">
<gml:pos>32.847223041 129.853696041</gml:pos>
</gml:Point>
</pos>
<type>町村・指定都市の区</type>
<name>時津町</name>
<admCode>42308</admCode>
</AdmPt>
<AdmPt gml:id="K6_4675211823_1">
<fid>46752-11823-i-813</fid>
<lfSpanFr gml:id="K6_4675211823_1-1">
<gml:timePosition>2020-12-08</gml:timePosition>
</lfSpanFr>
<devDate gml:id="K6_4675211823_1-2">
<gml:timePosition>2024-12-12</gml:timePosition>
</devDate>
<orgGILvl>25000</orgGILvl>
<vis>非表示</vis>
<pos>
<gml:Point gml:id="K6_4675211823_1-g" srsName="fguuid:jgd2011.bl">
<gml:pos>32.848796298 129.871140042</gml:pos>
</gml:Point>
</pos>
<type>町村・指定都市の区</type>
<name>長与町</name>
<admCode>42307</admCode>
</AdmPt>
</Dataset>
