<?xml version="1.0" encoding="utf-8"?>
<Dataset xsi:schemaLocation="http://fgd.gsi.go.jp/spec/2008/FGD_GMLSchema FGD_GMLSchema.xsd"
	xmlns:gml="http://www.opengis.net/gml/3.2"
	xmlns:xsi="http://www.w3.org/2001/XMLSchema-instance"
	xmlns:xlink="http://www.w3.org/1999/xlink"
	xmlns="http://fgd.gsi.go.jp/spec/2008/FGD_GMLSchema"
	gml:id="Dataset1">
  <gml:description>基盤地図情報メタデータ ID=fmdid:25-0101</gml:description>
  <gml:name>基盤地図情報ダウンロードデータ（GML版）</gml:name>
<CommPt gml:id="K8_4672811832_1">
<fid>46728-11832-i-1492</fid>
<lfSpanFr gml:id="K8_4672811832_1-1">
<gml:timePosition>2023-02-21</gml:timePosition>
</lfSpanFr>
<devDate gml:id="K8_4672811832_1-2">
<gml:timePosition>2024-12-12</gml:timePosition>
</devDate>
<orgGILvl>2500</orgGILvl>
<vis>表示</vis>
<pos>
<gml:Point gml:id="K8_4672811832_1-g" srsName="fguuid:jgd2011.bl">
<gml:pos>32.869422555 129.808293556</gml:pos>
</gml:Point>
</pos>
<type>大字・町・丁目</type>
<name>子々川郷</name>
<admCode>42308</admCode>
</CommPt>
<CommPt gml:id="K8_4673411832_1">
<fid>46734-11832-i-141</fid>
<lfSpanFr gml:id="K8_4673411832_1-1">
<gml:timePosition>2020-12-08</gml:timePosition>
</lfSpanFr>
<devDate gml:id="K8_4673411832_1-2">
<gml:timePosition>2024-12-12</gml:timePosition>
</devDate>
<orgGILvl>2500</orgGILvl>
<vis>表示</vis>
<pos>
<gml:Point gml:id="K8_4673411832_1-g" srsName="fguuid:jgd2011.bl">
<gml:pos>32.867094502 129.823092407</gml:pos>
</gml:Point>
</pos>
<type>大字・町・丁目</type>
<name>日並郷</name>
<admCode>42308</admCode>
</CommPt>
<CommPt gml:id="K8_4674011820_1">
<fid>46740-11820-i-2204</fid>
<lfSpanFr gml:id="K8_4674011820_1-1">
<gml:timePosition>2024-11-28</gml:timePosition>
</lfSpanFr>
<devDate gml:id="K8_4674011820_1-2">
<gml:timePosition>2024-12-12</gml:timePosition>
</devDate>
<orgGILvl>2500</orgGILvl>
<vis>表示</vis>
<pos>
<gml:Point gml:id="K8_4674011820_1-g" srsName="fguuid:jgd2011.bl">
<gml:pos>32.838905366 129.834106031</gml:pos>
</gml:Point>
</pos>
<type>大字・町・丁目</type>
<name>久留里郷</name>
<admCode>42308</admCode>
</CommPt>
<CommPt gml:id="K8_4674011838_1">
<fid>46740-11838-i-52</fid>
<lfSpanFr gml:id="K8_4674011838_1-1">
<gml:timePosition>2016-04-20</gml:timePosition>
</lfSpanFr>
<devDate gml:id="K8_4674011838_1-2">
<gml:timePosition>2024-12-12</gml:timePosition>
</devDate>
<orgGILvl>2500</orgGILvl>
<vis>表示</vis>
<pos>
<gml:Point gml:id="K8_4674011838_1-g" srsName="fguuid:jgd2011.bl">
<gml:pos>32.890434047 129.838194029</gml:pos>
</gml:Point>
</pos>
<type>大字・町・丁目</type>
<name>浦郷</name>
<admCode>42308</admCode>
</CommPt>
</Dataset>
