<?xml version="1.0" encoding="utf-8"?>
<Dataset xsi:schemaLocation="http://fgd.gsi.go.jp/spec/2008/FGD_GMLSchema FGD_GMLSchema.xsd"
	xmlns:gml="http://www.opengis.net/gml/3.2"
	xmlns:xsi="http://www.w3.org/2001/XMLSchema-instance"
	xmlns:xlink="http://www.w3.org/1999/xlink"
	xmlns="http://fgd.gsi.go.jp/spec/2008/FGD_GMLSchema"
	gml:id="Dataset1">
  <gml:description>基盤地図情報メタデータ ID=fmdid:25-0101</gml:description>
  <gml:name>基盤地図情報ダウンロードデータ（GML版）</gml:name>
<ElevPt gml:id="K2_4671011823_1">
<fid>46710-11823-i-304</fid>
<lfSpanFr gml:id="K2_4671011823_1-1">
<gml:timePosition>2023-02-21</gml:timePosition>
</lfSpanFr>
<devDate gml:id="K2_4671011823_1-2">
<gml:timePosition>2024-12-12</gml:timePosition>
</devDate>
<orgGILvl>25000</orgGILvl>
<vis>表示</vis>
<pos>
<gml:Point gml:id="K2_4671011823_1-g" srsName="fguuid:jgd2011.bl">
<gml:pos>32.842847278 129.758087250</gml:pos>
</gml:Point>
</pos>
<type>標高点（測点）</type>
<alti>45</alti>
</ElevPt>
<ElevPt gml:id="K2_4671011832_1">
<fid>46710-11832-i-317</fid>
<lfSpanFr gml:id="K2_4671011832_1-1">
<gml:timePosition>2023-02-21</gml:timePosition>
</lfSpanFr>
<devDate gml:id="K2_4671011832_1-2">
<gml:timePosition>2024-12-12</gml:timePosition>
</devDate>
<orgGILvl>25000</orgGILvl>
<vis>表示</vis>
<pos>
<gml:Point gml:id="K2_4671011832_1-g" srsName="fguuid:jgd2011.bl">
<gml:pos>32.870233333 129.753696111</gml:pos>
</gml:Point>
</pos>
<type>標高点（測点）</type>
<alti>296</alti>
</ElevPt>
<ElevPt gml:id="K2_4671011835_1">
<fid>46710-11835-i-251</fid>
<lfSpanFr gml:id="K2_4671011835_1-1">
<gml:timePosition>2023-02-21</gml:timePosition>
</lfSpanFr>
<devDate gml:id="K2_4671011835_1-2">
<gml:timePosition>2024-12-12</gml:timePosition>
</devDate>
<orgGILvl>25000</orgGILvl>
<vis>表示</vis>
<pos>
<gml:Point gml:id="K2_4671011835_1-g" srsName="fguuid:jgd2011.bl">
<gml:pos>32.878631111 129.753367500</gml:pos>
</gml:Point>
</pos>
<type>標高点（測点）</type>
<alti>289</alti>
</ElevPt>
<ElevPt gml:id="K2_4671011838_1">
<fid>46710-11838-i-316</fid>
<lfSpanFr gml:id="K2_4671011838_1-1">
<gml:timePosition>2023-02-21</gml:timePosition>
</lfSpanFr>
<devDate gml:id="K2_4671011838_1-2">
<gml:timePosition>2024-12-12</gml:timePosition>
</devDate>
<orgGILvl>25000</orgGILvl>
<vis>表示</vis>
<pos>
<gml:Point gml:id="K2_4671011838_1-g" srsName="fguuid:jgd2011.bl">
<gml:pos>32.890207500 129.750394722</gml:pos>
</gml:Point>
</pos>
<type>標高点（測点）</type>
<alti>426</alti>
</ElevPt>
<ElevPt gml:id="K2_4671311826_1">
<fid>46713-11826-i-554</fid>
<lfSpanFr gml:id="K2_4671311826_1-1">
<gml:timePosition>2023-02-21</gml:timePosition>
</lfSpanFr>
<devDate gml:id="K2_4671311826_1-2">
<gml:timePosition>2024-12-12</gml:timePosition>
</devDate>
<orgGILvl>25000</orgGILvl>
<vis>表示</vis>
<pos>
<gml:Point gml:id="K2_4671311826_1-g" srsName="fguuid:jgd2011.bl">
<gml:pos>32.852284972 129.760274556</gml:pos>
</gml:Point>
</pos>
<type>標高点（測点）</type>
<alti>75</alti>
</ElevPt>
<ElevPt gml:id="K2_4671311829_1">
<fid>46713-11829-i-1234</fid>
<lfSpanFr gml:id="K2_4671311829_1-1">
<gml:timePosition>2023-02-21</gml:timePosition>
</lfSpanFr>
<devDate gml:id="K2_4671311829_1-2">
<gml:timePosition>2024-12-12</gml:timePosition>
</devDate>
<orgGILvl>25000</orgGILvl>
<vis>表示</vis>
<pos>
<gml:Point gml:id="K2_4671311829_1-g" srsName="fguuid:jgd2011.bl">
<gml:pos>32.864093692 129.759650287</gml:pos>
</gml:Point>
</pos>
<type>標高点（測点）</type>
<alti>228</alti>
</ElevPt>
<ElevPt gml:id="K2_4671311835_1">
<fid>46713-11835-i-417</fid>
<lfSpanFr gml:id="K2_4671311835_1-1">
<gml:timePosition>2023-02-21</gml:timePosition>
</lfSpanFr>
<devDate gml:id="K2_4671311835_1-2">
<gml:timePosition>2024-12-12</gml:timePosition>
</devDate>
<orgGILvl>25000</orgGILvl>
<vis>表示</vis>
<pos>
<gml:Point gml:id="K2_4671311835_1-g" srsName="fguuid:jgd2011.bl">
<gml:pos>32.877915000 129.764131944</gml:pos>
</gml:Point>
</pos>
<type>標高点（測点）</type>
<alti>276</alti>
</ElevPt>
<ElevPt gml:id="K2_4671311838_1">
<fid>46713-11838-i-160</fid>
<lfSpanFr gml:id="K2_4671311838_1-1">
<gml:timePosition>2023-02-21</gml:timePosition>
</lfSpanFr>
<devDate gml:id="K2_4671311838_1-2">
<gml:timePosition>2024-12-12</gml:timePosition>
</devDate>
<orgGILvl>25000</orgGILvl>
<vis>表示</vis>
<pos>
<gml:Point gml:id="K2_4671311838_1-g" srsName="fguuid:jgd2011.bl">
<gml:pos>32.883520000 129.759555000</gml:pos>
</gml:Point>
</pos>
<type>標高点（測点）</type>
<alti>306</alti>
</ElevPt>
<ElevPt gml:id="K2_4671611820_1">
<fid>46716-11820-i-1460</fid>
<lfSpanFr gml:id="K2_4671611820_1-1">
<gml:timePosition>2023-02-21</gml:timePosition>
</lfSpanFr>
<devDate gml:id="K2_4671611820_1-2">
<gml:timePosition>2024-12-12</gml:timePosition>
</devDate>
<orgGILvl>25000</orgGILvl>
<vis>表示</vis>
<pos>
<gml:Point gml:id="K2_4671611820_1-g" srsName="fguuid:jgd2011.bl">
<gml:pos>32.834022889 129.773822972</gml:pos>
</gml:Point>
</pos>
<type>標高点（測点）</type>
<alti>97</alti>
</ElevPt>
<ElevPt gml:id="K2_4671611820_2">
<fid>46716-11820-i-1461</fid>
<lfSpanFr gml:id="K2_4671611820_2-1">
<gml:timePosition>2023-02-21</gml:timePosition>
</lfSpanFr>
<devDate gml:id="K2_4671611820_2-2">
<gml:timePosition>2024-12-12</gml:timePosition>
</devDate>
<orgGILvl>25000</orgGILvl>
<vis>表示</vis>
<pos>
<gml:Point gml:id="K2_4671611820_2-g" srsName="fguuid:jgd2011.bl">
<gml:pos>32.839200833 129.771918611</gml:pos>
</gml:Point>
</pos>
<type>標高点（測点）</type>
<alti>144</alti>
</ElevPt>
<ElevPt gml:id="K2_4671611820_3">
<fid>46716-11820-i-1462</fid>
<lfSpanFr gml:id="K2_4671611820_3-1">
<gml:timePosition>2023-02-21</gml:timePosition>
</lfSpanFr>
<devDate gml:id="K2_4671611820_3-2">
<gml:timePosition>2024-12-12</gml:timePosition>
</devDate>
<orgGILvl>25000</orgGILvl>
<vis>表示</vis>
<pos>
<gml:Point gml:id="K2_4671611820_3-g" srsName="fguuid:jgd2011.bl">
<gml:pos>32.835698816 129.767081495</gml:pos>
</gml:Point>
</pos>
<type>標高点（測点）</type>
<alti>97</alti>
</ElevPt>
<ElevPt gml:id="K2_4671611826_1">
<fid>46716-11826-i-1337</fid>
<lfSpanFr gml:id="K2_4671611826_1-1">
<gml:timePosition>2023-02-21</gml:timePosition>
</lfSpanFr>
<devDate gml:id="K2_4671611826_1-2">
<gml:timePosition>2024-12-12</gml:timePosition>
</devDate>
<orgGILvl>25000</orgGILvl>
<vis>表示</vis>
<pos>
<gml:Point gml:id="K2_4671611826_1-g" srsName="fguuid:jgd2011.bl">
<gml:pos>32.852393056 129.769595556</gml:pos>
</gml:Point>
</pos>
<type>標高点（測点）</type>
<alti>153</alti>
</ElevPt>
<ElevPt gml:id="K2_4671611832_1">
<fid>46716-11832-i-631</fid>
<lfSpanFr gml:id="K2_4671611832_1-1">
<gml:timePosition>2023-02-21</gml:timePosition>
</lfSpanFr>
<devDate gml:id="K2_4671611832_1-2">
<gml:timePosition>2024-12-12</gml:timePosition>
</devDate>
<orgGILvl>25000</orgGILvl>
<vis>表示</vis>
<pos>
<gml:Point gml:id="K2_4671611832_1-g" srsName="fguuid:jgd2011.bl">
<gml:pos>32.867650833 129.769056111</gml:pos>
</gml:Point>
</pos>
<type>標高点（測点）</type>
<alti>162</alti>
</ElevPt>
<ElevPt gml:id="K2_4671611841_1">
<fid>46716-11841-i-675</fid>
<lfSpanFr gml:id="K2_4671611841_1-1">
<gml:timePosition>2023-02-21</gml:timePosition>
</lfSpanFr>
<devDate gml:id="K2_4671611841_1-2">
<gml:timePosition>2024-12-12</gml:timePosition>
</devDate>
<orgGILvl>25000</orgGILvl>
<vis>表示</vis>
<pos>
<gml:Point gml:id="K2_4671611841_1-g" srsName="fguuid:jgd2011.bl">
<gml:pos>32.895342750 129.767515202</gml:pos>
</gml:Point>
</pos>
<type>標高点（測点）</type>
<alti>37</alti>
</ElevPt>
<ElevPt gml:id="K2_4671611844_1">
<fid>46716-11844-i-568</fid>
<lfSpanFr gml:id="K2_4671611844_1-1">
<gml:timePosition>2023-02-21</gml:timePosition>
</lfSpanFr>
<devDate gml:id="K2_4671611844_1-2">
<gml:timePosition>2024-12-12</gml:timePosition>
</devDate>
<orgGILvl>25000</orgGILvl>
<vis>表示</vis>
<pos>
<gml:Point gml:id="K2_4671611844_1-g" srsName="fguuid:jgd2011.bl">
<gml:pos>32.900277013 129.773080809</gml:pos>
</gml:Point>
</pos>
<type>標高点（測点）</type>
<alti>114</alti>
</ElevPt>
<ElevPt gml:id="K2_4671911823_1">
<fid>46719-11823-i-634</fid>
<lfSpanFr gml:id="K2_4671911823_1-1">
<gml:timePosition>2023-02-21</gml:timePosition>
</lfSpanFr>
<devDate gml:id="K2_4671911823_1-2">
<gml:timePosition>2024-12-12</gml:timePosition>
</devDate>
<orgGILvl>25000</orgGILvl>
<vis>表示</vis>
<pos>
<gml:Point gml:id="K2_4671911823_1-g" srsName="fguuid:jgd2011.bl">
<gml:pos>32.843901159 129.777782948</gml:pos>
</gml:Point>
</pos>
<type>標高点（測点）</type>
<alti>84</alti>
</ElevPt>
<ElevPt gml:id="K2_4671911832_1">
<fid>46719-11832-i-231</fid>
<lfSpanFr gml:id="K2_4671911832_1-1">
<gml:timePosition>2023-02-21</gml:timePosition>
</lfSpanFr>
<devDate gml:id="K2_4671911832_1-2">
<gml:timePosition>2024-12-12</gml:timePosition>
</devDate>
<orgGILvl>25000</orgGILvl>
<vis>表示</vis>
<pos>
<gml:Point gml:id="K2_4671911832_1-g" srsName="fguuid:jgd2011.bl">
<gml:pos>32.868418889 129.779677222</gml:pos>
</gml:Point>
</pos>
<type>標高点（測点）</type>
<alti>87</alti>
</ElevPt>
<ElevPt gml:id="K2_4671911835_1">
<fid>46719-11835-i-558</fid>
<lfSpanFr gml:id="K2_4671911835_1-1">
<gml:timePosition>2023-02-21</gml:timePosition>
</lfSpanFr>
<devDate gml:id="K2_4671911835_1-2">
<gml:timePosition>2024-12-12</gml:timePosition>
</devDate>
<orgGILvl>25000</orgGILvl>
<vis>表示</vis>
<pos>
<gml:Point gml:id="K2_4671911835_1-g" srsName="fguuid:jgd2011.bl">
<gml:pos>32.877988889 129.782997500</gml:pos>
</gml:Point>
</pos>
<type>標高点（測点）</type>
<alti>85</alti>
</ElevPt>
<ElevPt gml:id="K2_4671911838_1">
<fid>46719-11838-i-584</fid>
<lfSpanFr gml:id="K2_4671911838_1-1">
<gml:timePosition>2023-02-21</gml:timePosition>
</lfSpanFr>
<devDate gml:id="K2_4671911838_1-2">
<gml:timePosition>2024-12-12</gml:timePosition>
</devDate>
<orgGILvl>25000</orgGILvl>
<vis>表示</vis>
<pos>
<gml:Point gml:id="K2_4671911838_1-g" srsName="fguuid:jgd2011.bl">
<gml:pos>32.886020278 129.780154444</gml:pos>
</gml:Point>
</pos>
<type>標高点（測点）</type>
<alti>137</alti>
</ElevPt>
<ElevPt gml:id="K2_4671911841_1">
<fid>46719-11841-i-1114</fid>
<lfSpanFr gml:id="K2_4671911841_1-1">
<gml:timePosition>2023-02-21</gml:timePosition>
</lfSpanFr>
<devDate gml:id="K2_4671911841_1-2">
<gml:timePosition>2024-12-12</gml:timePosition>
</devDate>
<orgGILvl>25000</orgGILvl>
<vis>表示</vis>
<pos>
<gml:Point gml:id="K2_4671911841_1-g" srsName="fguuid:jgd2011.bl">
<gml:pos>32.894280528 129.780504417</gml:pos>
</gml:Point>
</pos>
<type>標高点（測点）</type>
<alti>8</alti>
</ElevPt>
<ElevPt gml:id="K2_4671911844_1">
<fid>46719-11844-i-1123</fid>
<lfSpanFr gml:id="K2_4671911844_1-1">
<gml:timePosition>2023-02-21</gml:timePosition>
</lfSpanFr>
<devDate gml:id="K2_4671911844_1-2">
<gml:timePosition>2024-12-12</gml:timePosition>
</devDate>
<orgGILvl>25000</orgGILvl>
<vis>表示</vis>
<pos>
<gml:Point gml:id="K2_4671911844_1-g" srsName="fguuid:jgd2011.bl">
<gml:pos>32.907044444 129.776029167</gml:pos>
</gml:Point>
</pos>
<type>標高点（測点）</type>
<alti>104</alti>
</ElevPt>
<ElevPt gml:id="K2_4672211826_1">
<fid>46722-11826-i-1970</fid>
<lfSpanFr gml:id="K2_4672211826_1-1">
<gml:timePosition>2023-02-21</gml:timePosition>
</lfSpanFr>
<devDate gml:id="K2_4672211826_1-2">
<gml:timePosition>2024-12-12</gml:timePosition>
</devDate>
<orgGILvl>25000</orgGILvl>
<vis>表示</vis>
<pos>
<gml:Point gml:id="K2_4672211826_1-g" srsName="fguuid:jgd2011.bl">
<gml:pos>32.856722778 129.786956111</gml:pos>
</gml:Point>
</pos>
<type>標高点（測点）</type>
<alti>41</alti>
</ElevPt>
<ElevPt gml:id="K2_4672211838_1">
<fid>46722-11838-i-958</fid>
<lfSpanFr gml:id="K2_4672211838_1-1">
<gml:timePosition>2023-02-21</gml:timePosition>
</lfSpanFr>
<devDate gml:id="K2_4672211838_1-2">
<gml:timePosition>2024-12-12</gml:timePosition>
</devDate>
<orgGILvl>25000</orgGILvl>
<vis>表示</vis>
<pos>
<gml:Point gml:id="K2_4672211838_1-g" srsName="fguuid:jgd2011.bl">
<gml:pos>32.888749643 129.786467666</gml:pos>
</gml:Point>
</pos>
<type>標高点（測点）</type>
<alti>4</alti>
</ElevPt>
<ElevPt gml:id="K2_4672211844_1">
<fid>46722-11844-i-572</fid>
<lfSpanFr gml:id="K2_4672211844_1-1">
<gml:timePosition>2023-02-21</gml:timePosition>
</lfSpanFr>
<devDate gml:id="K2_4672211844_1-2">
<gml:timePosition>2024-12-12</gml:timePosition>
</devDate>
<orgGILvl>25000</orgGILvl>
<vis>表示</vis>
<pos>
<gml:Point gml:id="K2_4672211844_1-g" srsName="fguuid:jgd2011.bl">
<gml:pos>32.901128500 129.785100194</gml:pos>
</gml:Point>
</pos>
<type>標高点（測点）</type>
<alti>6</alti>
</ElevPt>
<ElevPt gml:id="K2_4672511820_1">
<fid>46725-11820-i-397</fid>
<lfSpanFr gml:id="K2_4672511820_1-1">
<gml:timePosition>2023-02-21</gml:timePosition>
</lfSpanFr>
<devDate gml:id="K2_4672511820_1-2">
<gml:timePosition>2024-12-12</gml:timePosition>
</devDate>
<orgGILvl>25000</orgGILvl>
<vis>表示</vis>
<pos>
<gml:Point gml:id="K2_4672511820_1-g" srsName="fguuid:jgd2011.bl">
<gml:pos>32.834148333 129.792797778</gml:pos>
</gml:Point>
</pos>
<type>標高点（測点）</type>
<alti>225</alti>
</ElevPt>
<ElevPt gml:id="K2_4672511823_1">
<fid>46725-11823-i-410</fid>
<lfSpanFr gml:id="K2_4672511823_1-1">
<gml:timePosition>2023-02-21</gml:timePosition>
</lfSpanFr>
<devDate gml:id="K2_4672511823_1-2">
<gml:timePosition>2024-12-12</gml:timePosition>
</devDate>
<orgGILvl>25000</orgGILvl>
<vis>表示</vis>
<pos>
<gml:Point gml:id="K2_4672511823_1-g" srsName="fguuid:jgd2011.bl">
<gml:pos>32.848117500 129.795749972</gml:pos>
</gml:Point>
</pos>
<type>標高点（測点）</type>
<alti>39</alti>
</ElevPt>
<ElevPt gml:id="K2_4672511835_1">
<fid>46725-11835-i-250</fid>
<lfSpanFr gml:id="K2_4672511835_1-1">
<gml:timePosition>2023-02-21</gml:timePosition>
</lfSpanFr>
<devDate gml:id="K2_4672511835_1-2">
<gml:timePosition>2024-12-12</gml:timePosition>
</devDate>
<orgGILvl>25000</orgGILvl>
<vis>表示</vis>
<pos>
<gml:Point gml:id="K2_4672511835_1-g" srsName="fguuid:jgd2011.bl">
<gml:pos>32.883165278 129.797626667</gml:pos>
</gml:Point>
</pos>
<type>標高点（測点）</type>
<alti>31</alti>
</ElevPt>
<ElevPt gml:id="K2_4672511838_1">
<fid>46725-11838-i-1034</fid>
<lfSpanFr gml:id="K2_4672511838_1-1">
<gml:timePosition>2023-02-21</gml:timePosition>
</lfSpanFr>
<devDate gml:id="K2_4672511838_1-2">
<gml:timePosition>2024-12-12</gml:timePosition>
</devDate>
<orgGILvl>25000</orgGILvl>
<vis>表示</vis>
<pos>
<gml:Point gml:id="K2_4672511838_1-g" srsName="fguuid:jgd2011.bl">
<gml:pos>32.891037531 129.798388930</gml:pos>
</gml:Point>
</pos>
<type>標高点（測点）</type>
<alti>24</alti>
</ElevPt>
<ElevPt gml:id="K2_4672511841_1">
<fid>46725-11841-i-609</fid>
<lfSpanFr gml:id="K2_4672511841_1-1">
<gml:timePosition>2023-02-21</gml:timePosition>
</lfSpanFr>
<devDate gml:id="K2_4672511841_1-2">
<gml:timePosition>2024-12-12</gml:timePosition>
</devDate>
<orgGILvl>25000</orgGILvl>
<vis>表示</vis>
<pos>
<gml:Point gml:id="K2_4672511841_1-g" srsName="fguuid:jgd2011.bl">
<gml:pos>32.898516667 129.793878889</gml:pos>
</gml:Point>
</pos>
<type>標高点（測点）</type>
<alti>77</alti>
</ElevPt>
<ElevPt gml:id="K2_4672511844_1">
<fid>46725-11844-i-933</fid>
<lfSpanFr gml:id="K2_4672511844_1-1">
<gml:timePosition>2023-02-21</gml:timePosition>
</lfSpanFr>
<devDate gml:id="K2_4672511844_1-2">
<gml:timePosition>2024-12-12</gml:timePosition>
</devDate>
<orgGILvl>25000</orgGILvl>
<vis>表示</vis>
<pos>
<gml:Point gml:id="K2_4672511844_1-g" srsName="fguuid:jgd2011.bl">
<gml:pos>32.907039444 129.793420278</gml:pos>
</gml:Point>
</pos>
<type>標高点（測点）</type>
<alti>29</alti>
</ElevPt>
<ElevPt gml:id="K2_4672811820_1">
<fid>46728-11820-i-737</fid>
<lfSpanFr gml:id="K2_4672811820_1-1">
<gml:timePosition>2023-02-21</gml:timePosition>
</lfSpanFr>
<devDate gml:id="K2_4672811820_1-2">
<gml:timePosition>2024-12-12</gml:timePosition>
</devDate>
<orgGILvl>25000</orgGILvl>
<vis>表示</vis>
<pos>
<gml:Point gml:id="K2_4672811820_1-g" srsName="fguuid:jgd2011.bl">
<gml:pos>32.834385278 129.801296111</gml:pos>
</gml:Point>
</pos>
<type>標高点（測点）</type>
<alti>205</alti>
</ElevPt>
<ElevPt gml:id="K2_4672811826_1">
<fid>46728-11826-i-831</fid>
<lfSpanFr gml:id="K2_4672811826_1-1">
<gml:timePosition>2023-02-21</gml:timePosition>
</lfSpanFr>
<devDate gml:id="K2_4672811826_1-2">
<gml:timePosition>2024-12-12</gml:timePosition>
</devDate>
<orgGILvl>25000</orgGILvl>
<vis>表示</vis>
<pos>
<gml:Point gml:id="K2_4672811826_1-g" srsName="fguuid:jgd2011.bl">
<gml:pos>32.853642549 129.801387602</gml:pos>
</gml:Point>
</pos>
<type>標高点（測点）</type>
<alti>218</alti>
</ElevPt>
<ElevPt gml:id="K2_4672811832_1">
<fid>46728-11832-i-1176</fid>
<lfSpanFr gml:id="K2_4672811832_1-1">
<gml:timePosition>2023-02-21</gml:timePosition>
</lfSpanFr>
<devDate gml:id="K2_4672811832_1-2">
<gml:timePosition>2024-12-12</gml:timePosition>
</devDate>
<orgGILvl>25000</orgGILvl>
<vis>表示</vis>
<pos>
<gml:Point gml:id="K2_4672811832_1-g" srsName="fguuid:jgd2011.bl">
<gml:pos>32.869753056 129.808316944</gml:pos>
</gml:Point>
</pos>
<type>標高点（測点）</type>
<alti>26</alti>
</ElevPt>
<ElevPt gml:id="K2_4672811835_1">
<fid>46728-11835-i-186</fid>
<lfSpanFr gml:id="K2_4672811835_1-1">
<gml:timePosition>2023-02-21</gml:timePosition>
</lfSpanFr>
<devDate gml:id="K2_4672811835_1-2">
<gml:timePosition>2024-12-12</gml:timePosition>
</devDate>
<orgGILvl>25000</orgGILvl>
<vis>表示</vis>
<pos>
<gml:Point gml:id="K2_4672811835_1-g" srsName="fguuid:jgd2011.bl">
<gml:pos>32.878362500 129.800729722</gml:pos>
</gml:Point>
</pos>
<type>標高点（測点）</type>
<alti>29</alti>
</ElevPt>
<ElevPt gml:id="K2_4672811841_1">
<fid>46728-11841-i-766</fid>
<lfSpanFr gml:id="K2_4672811841_1-1">
<gml:timePosition>2023-02-21</gml:timePosition>
</lfSpanFr>
<devDate gml:id="K2_4672811841_1-2">
<gml:timePosition>2024-12-12</gml:timePosition>
</devDate>
<orgGILvl>25000</orgGILvl>
<vis>表示</vis>
<pos>
<gml:Point gml:id="K2_4672811841_1-g" srsName="fguuid:jgd2011.bl">
<gml:pos>32.899484167 129.803039167</gml:pos>
</gml:Point>
</pos>
<type>標高点（測点）</type>
<alti>31</alti>
</ElevPt>
<ElevPt gml:id="K2_4672811847_1">
<fid>46728-11847-i-645</fid>
<lfSpanFr gml:id="K2_4672811847_1-1">
<gml:timePosition>2023-02-21</gml:timePosition>
</lfSpanFr>
<devDate gml:id="K2_4672811847_1-2">
<gml:timePosition>2024-12-12</gml:timePosition>
</devDate>
<orgGILvl>25000</orgGILvl>
<vis>表示</vis>
<pos>
<gml:Point gml:id="K2_4672811847_1-g" srsName="fguuid:jgd2011.bl">
<gml:pos>32.914296667 129.803794167</gml:pos>
</gml:Point>
</pos>
<type>標高点（測点）</type>
<alti>21</alti>
</ElevPt>
<ElevPt gml:id="K2_4673111820_1">
<fid>46731-11820-i-346</fid>
<lfSpanFr gml:id="K2_4673111820_1-1">
<gml:timePosition>2023-02-21</gml:timePosition>
</lfSpanFr>
<devDate gml:id="K2_4673111820_1-2">
<gml:timePosition>2024-12-12</gml:timePosition>
</devDate>
<orgGILvl>25000</orgGILvl>
<vis>表示</vis>
<pos>
<gml:Point gml:id="K2_4673111820_1-g" srsName="fguuid:jgd2011.bl">
<gml:pos>32.835538611 129.814078056</gml:pos>
</gml:Point>
</pos>
<type>標高点（測点）</type>
<alti>233</alti>
</ElevPt>
<ElevPt gml:id="K2_4673111823_1">
<fid>46731-11823-i-731</fid>
<lfSpanFr gml:id="K2_4673111823_1-1">
<gml:timePosition>2020-12-08</gml:timePosition>
</lfSpanFr>
<devDate gml:id="K2_4673111823_1-2">
<gml:timePosition>2024-12-12</gml:timePosition>
</devDate>
<orgGILvl>25000</orgGILvl>
<vis>表示</vis>
<pos>
<gml:Point gml:id="K2_4673111823_1-g" srsName="fguuid:jgd2011.bl">
<gml:pos>32.845643333 129.814703333</gml:pos>
</gml:Point>
</pos>
<type>標高点（測点）</type>
<alti>47</alti>
</ElevPt>
<ElevPt gml:id="K2_4673111826_1">
<fid>46731-11826-i-300</fid>
<lfSpanFr gml:id="K2_4673111826_1-1">
<gml:timePosition>2016-04-20</gml:timePosition>
</lfSpanFr>
<devDate gml:id="K2_4673111826_1-2">
<gml:timePosition>2024-12-12</gml:timePosition>
</devDate>
<orgGILvl>25000</orgGILvl>
<vis>表示</vis>
<pos>
<gml:Point gml:id="K2_4673111826_1-g" srsName="fguuid:jgd2011.bl">
<gml:pos>32.857434167 129.812417778</gml:pos>
</gml:Point>
</pos>
<type>標高点（測点）</type>
<alti>175</alti>
</ElevPt>
<ElevPt gml:id="K2_4673111826_2">
<fid>46731-11826-i-301</fid>
<lfSpanFr gml:id="K2_4673111826_2-1">
<gml:timePosition>2016-04-20</gml:timePosition>
</lfSpanFr>
<devDate gml:id="K2_4673111826_2-2">
<gml:timePosition>2024-12-12</gml:timePosition>
</devDate>
<orgGILvl>25000</orgGILvl>
<vis>表示</vis>
<pos>
<gml:Point gml:id="K2_4673111826_2-g" srsName="fguuid:jgd2011.bl">
<gml:pos>32.850564028 129.809294861</gml:pos>
</gml:Point>
</pos>
<type>標高点（測点）</type>
<alti>29</alti>
</ElevPt>
<ElevPt gml:id="K2_4673111841_1">
<fid>46731-11841-i-102</fid>
<lfSpanFr gml:id="K2_4673111841_1-1">
<gml:timePosition>2023-02-21</gml:timePosition>
</lfSpanFr>
<devDate gml:id="K2_4673111841_1-2">
<gml:timePosition>2024-12-12</gml:timePosition>
</devDate>
<orgGILvl>25000</orgGILvl>
<vis>表示</vis>
<pos>
<gml:Point gml:id="K2_4673111841_1-g" srsName="fguuid:jgd2011.bl">
<gml:pos>32.892833056 129.808731389</gml:pos>
</gml:Point>
</pos>
<type>標高点（測点）</type>
<alti>27</alti>
</ElevPt>
<ElevPt gml:id="K2_4673411820_1">
<fid>46734-11820-i-593</fid>
<lfSpanFr gml:id="K2_4673411820_1-1">
<gml:timePosition>2024-11-28</gml:timePosition>
</lfSpanFr>
<devDate gml:id="K2_4673411820_1-2">
<gml:timePosition>2024-12-12</gml:timePosition>
</devDate>
<orgGILvl>25000</orgGILvl>
<vis>表示</vis>
<pos>
<gml:Point gml:id="K2_4673411820_1-g" srsName="fguuid:jgd2011.bl">
<gml:pos>32.839016417 129.818521944</gml:pos>
</gml:Point>
</pos>
<type>標高点（測点）</type>
<alti>46</alti>
</ElevPt>
<ElevPt gml:id="K2_4673411823_1">
<fid>46734-11823-i-1692</fid>
<lfSpanFr gml:id="K2_4673411823_1-1">
<gml:timePosition>2024-11-28</gml:timePosition>
</lfSpanFr>
<devDate gml:id="K2_4673411823_1-2">
<gml:timePosition>2024-12-12</gml:timePosition>
</devDate>
<orgGILvl>25000</orgGILvl>
<vis>表示</vis>
<pos>
<gml:Point gml:id="K2_4673411823_1-g" srsName="fguuid:jgd2011.bl">
<gml:pos>32.843387194 129.824261139</gml:pos>
</gml:Point>
</pos>
<type>標高点（測点）</type>
<alti>19</alti>
</ElevPt>
<ElevPt gml:id="K2_4673711820_1">
<fid>46737-11820-i-739</fid>
<lfSpanFr gml:id="K2_4673711820_1-1">
<gml:timePosition>2024-11-28</gml:timePosition>
</lfSpanFr>
<devDate gml:id="K2_4673711820_1-2">
<gml:timePosition>2024-12-12</gml:timePosition>
</devDate>
<orgGILvl>25000</orgGILvl>
<vis>表示</vis>
<pos>
<gml:Point gml:id="K2_4673711820_1-g" srsName="fguuid:jgd2011.bl">
<gml:pos>32.838464722 129.830113333</gml:pos>
</gml:Point>
</pos>
<type>標高点（測点）</type>
<alti>135</alti>
</ElevPt>
<ElevPt gml:id="K2_4674011820_1">
<fid>46740-11820-i-2110</fid>
<lfSpanFr gml:id="K2_4674011820_1-1">
<gml:timePosition>2024-11-28</gml:timePosition>
</lfSpanFr>
<devDate gml:id="K2_4674011820_1-2">
<gml:timePosition>2024-12-12</gml:timePosition>
</devDate>
<orgGILvl>25000</orgGILvl>
<vis>表示</vis>
<pos>
<gml:Point gml:id="K2_4674011820_1-g" srsName="fguuid:jgd2011.bl">
<gml:pos>32.838114444 129.837805833</gml:pos>
</gml:Point>
</pos>
<type>標高点（測点）</type>
<alti>8</alti>
</ElevPt>
<ElevPt gml:id="K2_4674011838_1">
<fid>46740-11838-i-31</fid>
<lfSpanFr gml:id="K2_4674011838_1-1">
<gml:timePosition>2016-04-20</gml:timePosition>
</lfSpanFr>
<devDate gml:id="K2_4674011838_1-2">
<gml:timePosition>2024-12-12</gml:timePosition>
</devDate>
<orgGILvl>25000</orgGILvl>
<vis>表示</vis>
<pos>
<gml:Point gml:id="K2_4674011838_1-g" srsName="fguuid:jgd2011.bl">
<gml:pos>32.890609444 129.838252500</gml:pos>
</gml:Point>
</pos>
<type>標高点（測点）</type>
<alti>34</alti>
</ElevPt>
<ElevPt gml:id="K2_4674611820_1">
<fid>46746-11820-i-1757</fid>
<lfSpanFr gml:id="K2_4674611820_1-1">
<gml:timePosition>2024-11-28</gml:timePosition>
</lfSpanFr>
<devDate gml:id="K2_4674611820_1-2">
<gml:timePosition>2024-12-12</gml:timePosition>
</devDate>
<orgGILvl>25000</orgGILvl>
<vis>表示</vis>
<pos>
<gml:Point gml:id="K2_4674611820_1-g" srsName="fguuid:jgd2011.bl">
<gml:pos>32.838752497 129.856063671</gml:pos>
</gml:Point>
</pos>
<type>標高点（測点）</type>
<alti>10</alti>
</ElevPt>
<ElevPt gml:id="K2_4674611823_1">
<fid>46746-11823-i-2594</fid>
<lfSpanFr gml:id="K2_4674611823_1-1">
<gml:timePosition>2020-12-08</gml:timePosition>
</lfSpanFr>
<devDate gml:id="K2_4674611823_1-2">
<gml:timePosition>2024-12-12</gml:timePosition>
</devDate>
<orgGILvl>25000</orgGILvl>
<vis>表示</vis>
<pos>
<gml:Point gml:id="K2_4674611823_1-g" srsName="fguuid:jgd2011.bl">
<gml:pos>32.846485949 129.855562576</gml:pos>
</gml:Point>
</pos>
<type>標高点（測点）</type>
<alti>29</alti>
</ElevPt>
<ElevPt gml:id="K2_4674611841_1">
<fid>46746-11841-i-35</fid>
<lfSpanFr gml:id="K2_4674611841_1-1">
<gml:timePosition>2020-12-08</gml:timePosition>
</lfSpanFr>
<devDate gml:id="K2_4674611841_1-2">
<gml:timePosition>2024-12-12</gml:timePosition>
</devDate>
<orgGILvl>25000</orgGILvl>
<vis>表示</vis>
<pos>
<gml:Point gml:id="K2_4674611841_1-g" srsName="fguuid:jgd2011.bl">
<gml:pos>32.893530000 129.856537222</gml:pos>
</gml:Point>
</pos>
<type>標高点（測点）</type>
<alti>21</alti>
</ElevPt>
<ElevPt gml:id="K2_4675211823_1">
<fid>46752-11823-i-660</fid>
<lfSpanFr gml:id="K2_4675211823_1-1">
<gml:timePosition>2020-12-08</gml:timePosition>
</lfSpanFr>
<devDate gml:id="K2_4675211823_1-2">
<gml:timePosition>2024-12-12</gml:timePosition>
</devDate>
<orgGILvl>25000</orgGILvl>
<vis>表示</vis>
<pos>
<gml:Point gml:id="K2_4675211823_1-g" srsName="fguuid:jgd2011.bl">
<gml:pos>32.845685560 129.870848021</gml:pos>
</gml:Point>
</pos>
<type>標高点（測点）</type>
<alti>43</alti>
</ElevPt>
</Dataset>
