<?xml version="1.0" encoding="utf-8"?>
<Dataset xsi:schemaLocation="http://fgd.gsi.go.jp/spec/2008/FGD_GMLSchema FGD_GMLSchema.xsd"
	xmlns:gml="http://www.opengis.net/gml/3.2"
	xmlns:xsi="http://www.w3.org/2001/XMLSchema-instance"
	xmlns:xlink="http://www.w3.org/1999/xlink"
	xmlns="http://fgd.gsi.go.jp/spec/2008/FGD_GMLSchema"
	gml:id="Dataset1">
  <gml:description>基盤地図情報メタデータ ID=fmdid:25-0331</gml:description>
  <gml:name>基盤地図情報ダウンロードデータ（GML版）</gml:name>
<CommPt gml:id="K8_4673711817_1">
<fid>46737-11817-i-1590</fid>
<lfSpanFr gml:id="K8_4673711817_1-1">
<gml:timePosition>2024-11-28</gml:timePosition>
</lfSpanFr>
<devDate gml:id="K8_4673711817_1-2">
<gml:timePosition>2025-02-26</gml:timePosition>
</devDate>
<orgGILvl>2500</orgGILvl>
<vis>表示</vis>
<pos>
<gml:Point gml:id="K8_4673711817_1-g" srsName="fguuid:jgd2011.bl">
<gml:pos>32.825639013 129.831710578</gml:pos>
</gml:Point>
</pos>
<type>大字・町・丁目</type>
<name>左底郷</name>
<admCode>42308</admCode>
</CommPt>
<CommPt gml:id="K8_4674011814_1">
<fid>46740-11814-i-2725</fid>
<lfSpanFr gml:id="K8_4674011814_1-1">
<gml:timePosition>2024-11-28</gml:timePosition>
</lfSpanFr>
<devDate gml:id="K8_4674011814_1-2">
<gml:timePosition>2025-02-26</gml:timePosition>
</devDate>
<orgGILvl>2500</orgGILvl>
<vis>表示</vis>
<pos>
<gml:Point gml:id="K8_4674011814_1-g" srsName="fguuid:jgd2011.bl">
<gml:pos>32.822942217 129.840800075</gml:pos>
</gml:Point>
</pos>
<type>大字・町・丁目</type>
<name>野田郷</name>
<admCode>42308</admCode>
</CommPt>
<CommPt gml:id="K8_4674311814_1">
<fid>46743-11814-i-3264</fid>
<lfSpanFr gml:id="K8_4674311814_1-1">
<gml:timePosition>2024-11-28</gml:timePosition>
</lfSpanFr>
<devDate gml:id="K8_4674311814_1-2">
<gml:timePosition>2025-02-26</gml:timePosition>
</devDate>
<orgGILvl>2500</orgGILvl>
<vis>表示</vis>
<pos>
<gml:Point gml:id="K8_4674311814_1-g" srsName="fguuid:jgd2011.bl">
<gml:pos>32.819250808 129.848448709</gml:pos>
</gml:Point>
</pos>
<type>大字・町・丁目</type>
<name>元村郷</name>
<admCode>42308</admCode>
</CommPt>
</Dataset>
