<?xml version="1.0" encoding="utf-8"?>
<Dataset xsi:schemaLocation="http://fgd.gsi.go.jp/spec/2008/FGD_GMLSchema FGD_GMLSchema.xsd"
	xmlns:gml="http://www.opengis.net/gml/3.2"
	xmlns:xsi="http://www.w3.org/2001/XMLSchema-instance"
	xmlns:xlink="http://www.w3.org/1999/xlink"
	xmlns="http://fgd.gsi.go.jp/spec/2008/FGD_GMLSchema"
	gml:id="Dataset1">
  <gml:description>基盤地図情報メタデータ ID=fmdid:25-0331</gml:description>
  <gml:name>基盤地図情報ダウンロードデータ（GML版）</gml:name>
<GCP gml:id="K1_492916_1">
<fid>10-00100-0-2402-15342</fid>
<lfSpanFr gml:id="K1_492916_1-1">
<gml:timePosition>2025-02-19</gml:timePosition>
</lfSpanFr>
<devDate gml:id="K1_492916_1-2">
<gml:timePosition>2025-02-26</gml:timePosition>
</devDate>
<orgGILvl>SJ12</orgGILvl>
<vis>表示</vis>
<pos>
<gml:Point gml:id="K1_492916_1-g" srsName="fguuid:jgd2011.bl">
<gml:pos>32.805272222 129.849736111</gml:pos>
</gml:Point>
</pos>
<orgName>国土地理院</orgName>
<type>水準点</type>
<gcpClass>二等水準点</gcpClass>
<gcpCode>L02000206-007</gcpCode>
<name>２０６－００７</name>
<B>118098.98</B>
<L>467459.05</L>
<alti>55.572</alti>
<altiAcc>3</altiAcc>
</GCP>
<GCP gml:id="K1_492916_2">
<fid>10-00100-0-2402-21670</fid>
<lfSpanFr gml:id="K1_492916_2-1">
<gml:timePosition>2025-02-19</gml:timePosition>
</lfSpanFr>
<devDate gml:id="K1_492916_2-2">
<gml:timePosition>2025-02-26</gml:timePosition>
</devDate>
<orgGILvl>KJ12</orgGILvl>
<vis>表示</vis>
<pos>
<gml:Point gml:id="K1_492916_2-g" srsName="fguuid:jgd2011.bl">
<gml:pos>32.793312694 129.830411500</gml:pos>
</gml:Point>
</pos>
<orgName>国土地理院</orgName>
<type>三角点</type>
<gcpClass>二等三角点</gcpClass>
<gcpCode>TR24929165601</gcpCode>
<name>岩屋岳</name>
<B>118055.9257</B>
<L>467389.4814</L>
<alti>475.15</alti>
<altiAcc>2</altiAcc>
</GCP>
<GCP gml:id="K1_492916_3">
<fid>10-00100-0-2402-28211</fid>
<lfSpanFr gml:id="K1_492916_3-1">
<gml:timePosition>2025-02-19</gml:timePosition>
</lfSpanFr>
<devDate gml:id="K1_492916_3-2">
<gml:timePosition>2025-02-26</gml:timePosition>
</devDate>
<orgGILvl>KJ13</orgGILvl>
<vis>表示</vis>
<pos>
<gml:Point gml:id="K1_492916_3-g" srsName="fguuid:jgd2011.bl">
<gml:pos>32.753374083 129.849352167</gml:pos>
</gml:Point>
</pos>
<orgName>国土地理院</orgName>
<type>三角点</type>
<gcpClass>三等三角点</gcpClass>
<gcpCode>TR34929160701</gcpCode>
<name>稲佐岳</name>
<B>117912.1467</B>
<L>467457.6678</L>
<alti>332.92</alti>
<altiAcc>2</altiAcc>
</GCP>
<GCP gml:id="K1_492916_4">
<fid>10-00100-0-2402-28212</fid>
<lfSpanFr gml:id="K1_492916_4-1">
<gml:timePosition>2025-02-19</gml:timePosition>
</lfSpanFr>
<devDate gml:id="K1_492916_4-2">
<gml:timePosition>2025-02-26</gml:timePosition>
</devDate>
<orgGILvl>KJ13</orgGILvl>
<vis>表示</vis>
<pos>
<gml:Point gml:id="K1_492916_4-g" srsName="fguuid:jgd2011.bl">
<gml:pos>32.766930139 129.860488444</gml:pos>
</gml:Point>
</pos>
<orgName>国土地理院</orgName>
<type>三角点</type>
<gcpClass>三等三角点</gcpClass>
<gcpCode>TR34929162801</gcpCode>
<name>尾上</name>
<B>117960.9485</B>
<L>467497.7584</L>
<alti>20.28</alti>
<altiAcc>2</altiAcc>
</GCP>
<GCP gml:id="K1_492916_5">
<fid>10-00100-0-2402-28213</fid>
<lfSpanFr gml:id="K1_492916_5-1">
<gml:timePosition>2025-02-19</gml:timePosition>
</lfSpanFr>
<devDate gml:id="K1_492916_5-2">
<gml:timePosition>2025-02-26</gml:timePosition>
</devDate>
<orgGILvl>KJ13</orgGILvl>
<vis>表示</vis>
<pos>
<gml:Point gml:id="K1_492916_5-g" srsName="fguuid:jgd2011.bl">
<gml:pos>32.776313611 129.814212778</gml:pos>
</gml:Point>
</pos>
<orgName>国土地理院</orgName>
<type>三角点</type>
<gcpClass>三等三角点</gcpClass>
<gcpCode>TR34929163501</gcpCode>
<name>十郎岳</name>
<B>117994.729</B>
<L>467331.166</L>
<alti>248.03</alti>
<altiAcc>2</altiAcc>
</GCP>
<GCP gml:id="K1_492916_6">
<fid>10-00100-0-2402-28214</fid>
<lfSpanFr gml:id="K1_492916_6-1">
<gml:timePosition>2025-02-19</gml:timePosition>
</lfSpanFr>
<devDate gml:id="K1_492916_6-2">
<gml:timePosition>2025-02-26</gml:timePosition>
</devDate>
<orgGILvl>KJ13</orgGILvl>
<vis>表示</vis>
<pos>
<gml:Point gml:id="K1_492916_6-g" srsName="fguuid:jgd2011.bl">
<gml:pos>32.798942583 129.858891833</gml:pos>
</gml:Point>
</pos>
<orgName>国土地理院</orgName>
<type>三角点</type>
<gcpClass>三等三角点</gcpClass>
<gcpCode>TR34929165801</gcpCode>
<name>赤迫</name>
<B>118076.1933</B>
<L>467492.0106</L>
<alti>152.19</alti>
<altiAcc>2</altiAcc>
</GCP>
<GCP gml:id="K1_492916_7">
<fid>10-00100-0-2402-28215</fid>
<lfSpanFr gml:id="K1_492916_7-1">
<gml:timePosition>2025-02-19</gml:timePosition>
</lfSpanFr>
<devDate gml:id="K1_492916_7-2">
<gml:timePosition>2025-02-26</gml:timePosition>
</devDate>
<orgGILvl>KJ13</orgGILvl>
<vis>表示</vis>
<pos>
<gml:Point gml:id="K1_492916_7-g" srsName="fguuid:jgd2011.bl">
<gml:pos>32.812646778 129.783514889</gml:pos>
</gml:Point>
</pos>
<orgName>国土地理院</orgName>
<type>三角点</type>
<gcpClass>三等三角点</gcpClass>
<gcpCode>TR34929167201</gcpCode>
<name>横道</name>
<B>118125.5284</B>
<L>467220.6536</L>
<alti>222.28</alti>
<altiAcc>2</altiAcc>
</GCP>
<GCP gml:id="K1_492916_8">
<fid>10-00100-0-2402-28216</fid>
<lfSpanFr gml:id="K1_492916_8-1">
<gml:timePosition>2025-02-19</gml:timePosition>
</lfSpanFr>
<devDate gml:id="K1_492916_8-2">
<gml:timePosition>2025-02-26</gml:timePosition>
</devDate>
<orgGILvl>KJ13</orgGILvl>
<vis>表示</vis>
<pos>
<gml:Point gml:id="K1_492916_8-g" srsName="fguuid:jgd2011.bl">
<gml:pos>32.824310389 129.863472528</gml:pos>
</gml:Point>
</pos>
<orgName>国土地理院</orgName>
<type>三角点</type>
<gcpClass>三等三角点</gcpClass>
<gcpCode>TR34929168901</gcpCode>
<name>草住</name>
<B>118167.5174</B>
<L>467508.5011</L>
<alti>147.94</alti>
<altiAcc>2</altiAcc>
</GCP>
<GCP gml:id="K1_492916_9">
<fid>10-00100-0-2402-28217</fid>
<lfSpanFr gml:id="K1_492916_9-1">
<gml:timePosition>2025-02-19</gml:timePosition>
</lfSpanFr>
<devDate gml:id="K1_492916_9-2">
<gml:timePosition>2025-02-26</gml:timePosition>
</devDate>
<orgGILvl>KJ13</orgGILvl>
<vis>表示</vis>
<pos>
<gml:Point gml:id="K1_492916_9-g" srsName="fguuid:jgd2011.bl">
<gml:pos>32.827735750 129.818338250</gml:pos>
</gml:Point>
</pos>
<orgName>国土地理院</orgName>
<type>三角点</type>
<gcpClass>三等三角点</gcpClass>
<gcpCode>TR34929169501</gcpCode>
<name>宇戸山</name>
<B>118179.8487</B>
<L>467346.0177</L>
<alti>383.76</alti>
<altiAcc>2</altiAcc>
</GCP>
<GCP gml:id="K1_492916_10">
<fid>10-00100-0-2402-28218</fid>
<lfSpanFr gml:id="K1_492916_10-1">
<gml:timePosition>2025-02-19</gml:timePosition>
</lfSpanFr>
<devDate gml:id="K1_492916_10-2">
<gml:timePosition>2025-02-26</gml:timePosition>
</devDate>
<orgGILvl>KJ13</orgGILvl>
<vis>表示</vis>
<pos>
<gml:Point gml:id="K1_492916_10-g" srsName="fguuid:jgd2011.bl">
<gml:pos>32.829849750 129.842023444</gml:pos>
</gml:Point>
</pos>
<orgName>国土地理院</orgName>
<type>三角点</type>
<gcpClass>三等三角点</gcpClass>
<gcpCode>TR34929169701</gcpCode>
<name>大平山</name>
<B>118187.4591</B>
<L>467431.2844</L>
<alti>112.67</alti>
<altiAcc>2</altiAcc>
</GCP>
<GCP gml:id="K1_492916_11">
<fid>10-00100-0-2402-64131</fid>
<lfSpanFr gml:id="K1_492916_11-1">
<gml:timePosition>2025-02-19</gml:timePosition>
</lfSpanFr>
<devDate gml:id="K1_492916_11-2">
<gml:timePosition>2025-02-26</gml:timePosition>
</devDate>
<orgGILvl>KJ14</orgGILvl>
<vis>表示</vis>
<pos>
<gml:Point gml:id="K1_492916_11-g" srsName="fguuid:jgd2011.bl">
<gml:pos>32.764169278 129.850747833</gml:pos>
</gml:Point>
</pos>
<orgName>国土地理院</orgName>
<type>三角点</type>
<gcpClass>四等三角点</gcpClass>
<gcpCode>TR44929161801</gcpCode>
<name>竹ノ久保</name>
<B>117951.0094</B>
<L>467462.6922</L>
<alti>235.17</alti>
<altiAcc>2</altiAcc>
</GCP>
<GCP gml:id="K1_492916_12">
<fid>10-00100-0-2402-64132</fid>
<lfSpanFr gml:id="K1_492916_12-1">
<gml:timePosition>2025-02-19</gml:timePosition>
</lfSpanFr>
<devDate gml:id="K1_492916_12-2">
<gml:timePosition>2025-02-26</gml:timePosition>
</devDate>
<orgGILvl>KJ14</orgGILvl>
<vis>表示</vis>
<pos>
<gml:Point gml:id="K1_492916_12-g" srsName="fguuid:jgd2011.bl">
<gml:pos>32.782656917 129.855997639</gml:pos>
</gml:Point>
</pos>
<orgName>国土地理院</orgName>
<type>三角点</type>
<gcpClass>四等三角点</gcpClass>
<gcpCode>TR44929163801</gcpCode>
<name>緑ヶ丘</name>
<B>118017.5649</B>
<L>467481.5915</L>
<alti>84.49</alti>
<altiAcc>2</altiAcc>
</GCP>
<GCP gml:id="K1_492916_13">
<fid>10-00100-0-2402-64133</fid>
<lfSpanFr gml:id="K1_492916_13-1">
<gml:timePosition>2025-02-19</gml:timePosition>
</lfSpanFr>
<devDate gml:id="K1_492916_13-2">
<gml:timePosition>2025-02-26</gml:timePosition>
</devDate>
<orgGILvl>KJ14</orgGILvl>
<vis>表示</vis>
<pos>
<gml:Point gml:id="K1_492916_13-g" srsName="fguuid:jgd2011.bl">
<gml:pos>32.775621139 129.871291944</gml:pos>
</gml:Point>
</pos>
<orgName>国土地理院</orgName>
<type>三角点</type>
<gcpClass>四等三角点</gcpClass>
<gcpCode>TR44929163901</gcpCode>
<name>本尾</name>
<B>117992.2361</B>
<L>467536.651</L>
<alti>95.95</alti>
<altiAcc>2</altiAcc>
</GCP>
<GCP gml:id="K1_492916_14">
<fid>10-00100-0-2402-64134</fid>
<lfSpanFr gml:id="K1_492916_14-1">
<gml:timePosition>2025-02-19</gml:timePosition>
</lfSpanFr>
<devDate gml:id="K1_492916_14-2">
<gml:timePosition>2025-02-26</gml:timePosition>
</devDate>
<orgGILvl>KJ14</orgGILvl>
<vis>表示</vis>
<pos>
<gml:Point gml:id="K1_492916_14-g" srsName="fguuid:jgd2011.bl">
<gml:pos>32.796525556 129.871850278</gml:pos>
</gml:Point>
</pos>
<orgName>国土地理院</orgName>
<type>三角点</type>
<gcpClass>四等三角点</gcpClass>
<gcpCode>TR44929165901</gcpCode>
<name>鹿ノ首</name>
<B>118067.492</B>
<L>467538.661</L>
<alti>51.8</alti>
<altiAcc>2</altiAcc>
</GCP>
<GCP gml:id="K1_492916_15">
<fid>10-00100-0-2402-64135</fid>
<lfSpanFr gml:id="K1_492916_15-1">
<gml:timePosition>2025-02-19</gml:timePosition>
</lfSpanFr>
<devDate gml:id="K1_492916_15-2">
<gml:timePosition>2025-02-26</gml:timePosition>
</devDate>
<orgGILvl>KJ14</orgGILvl>
<vis>表示</vis>
<pos>
<gml:Point gml:id="K1_492916_15-g" srsName="fguuid:jgd2011.bl">
<gml:pos>32.814219222 129.840412111</gml:pos>
</gml:Point>
</pos>
<orgName>国土地理院</orgName>
<type>三角点</type>
<gcpClass>四等三角点</gcpClass>
<gcpCode>TR44929167701</gcpCode>
<name>井手宗</name>
<B>118131.1892</B>
<L>467425.4836</L>
<alti>97.08</alti>
<altiAcc>2</altiAcc>
</GCP>
<GCP gml:id="K1_492916_16">
<fid>10-00100-0-2402-64136</fid>
<lfSpanFr gml:id="K1_492916_16-1">
<gml:timePosition>2025-02-19</gml:timePosition>
</lfSpanFr>
<devDate gml:id="K1_492916_16-2">
<gml:timePosition>2025-02-26</gml:timePosition>
</devDate>
<orgGILvl>KJ14</orgGILvl>
<vis>表示</vis>
<pos>
<gml:Point gml:id="K1_492916_16-g" srsName="fguuid:jgd2011.bl">
<gml:pos>32.816334889 129.874013750</gml:pos>
</gml:Point>
</pos>
<orgName>国土地理院</orgName>
<type>三角点</type>
<gcpClass>四等三角点</gcpClass>
<gcpCode>TR44929167901</gcpCode>
<name>下高田</name>
<B>118138.8056</B>
<L>467546.4495</L>
<alti>123.0</alti>
<altiAcc>2</altiAcc>
</GCP>
<GCP gml:id="K1_492916_17">
<fid>10-00100-0-2402-64137</fid>
<lfSpanFr gml:id="K1_492916_17-1">
<gml:timePosition>2025-02-19</gml:timePosition>
</lfSpanFr>
<devDate gml:id="K1_492916_17-2">
<gml:timePosition>2025-02-26</gml:timePosition>
</devDate>
<orgGILvl>KJ14</orgGILvl>
<vis>表示</vis>
<pos>
<gml:Point gml:id="K1_492916_17-g" srsName="fguuid:jgd2011.bl">
<gml:pos>32.824150806 129.831624167</gml:pos>
</gml:Point>
</pos>
<orgName>国土地理院</orgName>
<type>三角点</type>
<gcpClass>四等三角点</gcpClass>
<gcpCode>TR44929168601</gcpCode>
<name>流球川</name>
<B>118166.9429</B>
<L>467393.847</L>
<alti>136.86</alti>
<altiAcc>2</altiAcc>
</GCP>
</Dataset>
