<?xml version="1.0" encoding="utf-8"?>
<Dataset xsi:schemaLocation="http://fgd.gsi.go.jp/spec/2008/FGD_GMLSchema FGD_GMLSchema.xsd"
	xmlns:gml="http://www.opengis.net/gml/3.2"
	xmlns:xsi="http://www.w3.org/2001/XMLSchema-instance"
	xmlns:xlink="http://www.w3.org/1999/xlink"
	xmlns="http://fgd.gsi.go.jp/spec/2008/FGD_GMLSchema"
	gml:id="Dataset1">
  <gml:description>基盤地図情報メタデータ ID=fmdid:25-0331</gml:description>
  <gml:name>基盤地図情報ダウンロードデータ（GML版）</gml:name>
<ElevPt gml:id="K2_4671011814_1">
<fid>46710-11814-i-1338</fid>
<lfSpanFr gml:id="K2_4671011814_1-1">
<gml:timePosition>2023-02-21</gml:timePosition>
</lfSpanFr>
<devDate gml:id="K2_4671011814_1-2">
<gml:timePosition>2025-02-26</gml:timePosition>
</devDate>
<orgGILvl>25000</orgGILvl>
<vis>表示</vis>
<pos>
<gml:Point gml:id="K2_4671011814_1-g" srsName="fguuid:jgd2011.bl">
<gml:pos>32.822855951 129.755444738</gml:pos>
</gml:Point>
</pos>
<type>標高点（測点）</type>
<alti>45</alti>
</ElevPt>
<ElevPt gml:id="K2_4671011817_1">
<fid>46710-11817-i-1296</fid>
<lfSpanFr gml:id="K2_4671011817_1-1">
<gml:timePosition>2023-02-21</gml:timePosition>
</lfSpanFr>
<devDate gml:id="K2_4671011817_1-2">
<gml:timePosition>2025-02-26</gml:timePosition>
</devDate>
<orgGILvl>25000</orgGILvl>
<vis>非表示</vis>
<pos>
<gml:Point gml:id="K2_4671011817_1-g" srsName="fguuid:jgd2011.bl">
<gml:pos>32.826739726 129.751901468</gml:pos>
</gml:Point>
</pos>
<type>標高点（測点）</type>
<alti>9</alti>
</ElevPt>
<ElevPt gml:id="K2_4671011817_2">
<fid>46710-11817-i-1586</fid>
<lfSpanFr gml:id="K2_4671011817_2-1">
<gml:timePosition>2023-02-21</gml:timePosition>
</lfSpanFr>
<devDate gml:id="K2_4671011817_2-2">
<gml:timePosition>2025-02-26</gml:timePosition>
</devDate>
<orgGILvl>25000</orgGILvl>
<vis>非表示</vis>
<pos>
<gml:Point gml:id="K2_4671011817_2-g" srsName="fguuid:jgd2011.bl">
<gml:pos>32.831892056 129.753592366</gml:pos>
</gml:Point>
</pos>
<type>標高点（測点）</type>
<alti>8</alti>
</ElevPt>
<ElevPt gml:id="K2_4671311805_1">
<fid>46713-11805-i-129</fid>
<lfSpanFr gml:id="K2_4671311805_1-1">
<gml:timePosition>2023-02-21</gml:timePosition>
</lfSpanFr>
<devDate gml:id="K2_4671311805_1-2">
<gml:timePosition>2025-02-26</gml:timePosition>
</devDate>
<orgGILvl>25000</orgGILvl>
<vis>表示</vis>
<pos>
<gml:Point gml:id="K2_4671311805_1-g" srsName="fguuid:jgd2011.bl">
<gml:pos>32.791680000 129.760195833</gml:pos>
</gml:Point>
</pos>
<type>標高点（測点）</type>
<alti>58</alti>
</ElevPt>
<ElevPt gml:id="K2_4671311814_1">
<fid>46713-11814-i-675</fid>
<lfSpanFr gml:id="K2_4671311814_1-1">
<gml:timePosition>2023-02-21</gml:timePosition>
</lfSpanFr>
<devDate gml:id="K2_4671311814_1-2">
<gml:timePosition>2025-02-26</gml:timePosition>
</devDate>
<orgGILvl>25000</orgGILvl>
<vis>表示</vis>
<pos>
<gml:Point gml:id="K2_4671311814_1-g" srsName="fguuid:jgd2011.bl">
<gml:pos>32.823700971 129.762421515</gml:pos>
</gml:Point>
</pos>
<type>標高点（測点）</type>
<alti>5</alti>
</ElevPt>
<ElevPt gml:id="K2_4671311814_2">
<fid>46713-11814-i-676</fid>
<lfSpanFr gml:id="K2_4671311814_2-1">
<gml:timePosition>2023-02-21</gml:timePosition>
</lfSpanFr>
<devDate gml:id="K2_4671311814_2-2">
<gml:timePosition>2025-02-26</gml:timePosition>
</devDate>
<orgGILvl>25000</orgGILvl>
<vis>表示</vis>
<pos>
<gml:Point gml:id="K2_4671311814_2-g" srsName="fguuid:jgd2011.bl">
<gml:pos>32.817612139 129.764354417</gml:pos>
</gml:Point>
</pos>
<type>標高点（測点）</type>
<alti>4</alti>
</ElevPt>
<ElevPt gml:id="K2_4671311817_1">
<fid>46713-11817-i-2117</fid>
<lfSpanFr gml:id="K2_4671311817_1-1">
<gml:timePosition>2023-02-21</gml:timePosition>
</lfSpanFr>
<devDate gml:id="K2_4671311817_1-2">
<gml:timePosition>2025-02-26</gml:timePosition>
</devDate>
<orgGILvl>25000</orgGILvl>
<vis>表示</vis>
<pos>
<gml:Point gml:id="K2_4671311817_1-g" srsName="fguuid:jgd2011.bl">
<gml:pos>32.832492222 129.761004444</gml:pos>
</gml:Point>
</pos>
<type>標高点（測点）</type>
<alti>128</alti>
</ElevPt>
<ElevPt gml:id="K2_4671611808_1">
<fid>46716-11808-i-1179</fid>
<lfSpanFr gml:id="K2_4671611808_1-1">
<gml:timePosition>2023-02-21</gml:timePosition>
</lfSpanFr>
<devDate gml:id="K2_4671611808_1-2">
<gml:timePosition>2025-02-26</gml:timePosition>
</devDate>
<orgGILvl>25000</orgGILvl>
<vis>表示</vis>
<pos>
<gml:Point gml:id="K2_4671611808_1-g" srsName="fguuid:jgd2011.bl">
<gml:pos>32.803836944 129.770788333</gml:pos>
</gml:Point>
</pos>
<type>標高点（測点）</type>
<alti>127</alti>
</ElevPt>
<ElevPt gml:id="K2_4671611814_1">
<fid>46716-11814-i-2666</fid>
<lfSpanFr gml:id="K2_4671611814_1-1">
<gml:timePosition>2023-02-21</gml:timePosition>
</lfSpanFr>
<devDate gml:id="K2_4671611814_1-2">
<gml:timePosition>2025-02-26</gml:timePosition>
</devDate>
<orgGILvl>25000</orgGILvl>
<vis>表示</vis>
<pos>
<gml:Point gml:id="K2_4671611814_1-g" srsName="fguuid:jgd2011.bl">
<gml:pos>32.819190609 129.774016296</gml:pos>
</gml:Point>
</pos>
<type>標高点（測点）</type>
<alti>3</alti>
</ElevPt>
<ElevPt gml:id="K2_4671611817_1">
<fid>46716-11817-i-4269</fid>
<lfSpanFr gml:id="K2_4671611817_1-1">
<gml:timePosition>2023-02-21</gml:timePosition>
</lfSpanFr>
<devDate gml:id="K2_4671611817_1-2">
<gml:timePosition>2025-02-26</gml:timePosition>
</devDate>
<orgGILvl>25000</orgGILvl>
<vis>表示</vis>
<pos>
<gml:Point gml:id="K2_4671611817_1-g" srsName="fguuid:jgd2011.bl">
<gml:pos>32.828652240 129.772490426</gml:pos>
</gml:Point>
</pos>
<type>標高点（測点）</type>
<alti>44</alti>
</ElevPt>
<ElevPt gml:id="K2_4671911802_1">
<fid>46719-11802-i-133</fid>
<lfSpanFr gml:id="K2_4671911802_1-1">
<gml:timePosition>2023-02-21</gml:timePosition>
</lfSpanFr>
<devDate gml:id="K2_4671911802_1-2">
<gml:timePosition>2025-02-26</gml:timePosition>
</devDate>
<orgGILvl>25000</orgGILvl>
<vis>表示</vis>
<pos>
<gml:Point gml:id="K2_4671911802_1-g" srsName="fguuid:jgd2011.bl">
<gml:pos>32.790518889 129.783111111</gml:pos>
</gml:Point>
</pos>
<type>標高点（測点）</type>
<alti>90</alti>
</ElevPt>
<ElevPt gml:id="K2_4671911817_1">
<fid>46719-11817-i-2175</fid>
<lfSpanFr gml:id="K2_4671911817_1-1">
<gml:timePosition>2023-02-21</gml:timePosition>
</lfSpanFr>
<devDate gml:id="K2_4671911817_1-2">
<gml:timePosition>2025-02-26</gml:timePosition>
</devDate>
<orgGILvl>25000</orgGILvl>
<vis>表示</vis>
<pos>
<gml:Point gml:id="K2_4671911817_1-g" srsName="fguuid:jgd2011.bl">
<gml:pos>32.832433333 129.778270833</gml:pos>
</gml:Point>
</pos>
<type>標高点（測点）</type>
<alti>125</alti>
</ElevPt>
<ElevPt gml:id="K2_4672211811_1">
<fid>46722-11811-i-803</fid>
<lfSpanFr gml:id="K2_4672211811_1-1">
<gml:timePosition>2023-02-21</gml:timePosition>
</lfSpanFr>
<devDate gml:id="K2_4672211811_1-2">
<gml:timePosition>2025-02-26</gml:timePosition>
</devDate>
<orgGILvl>25000</orgGILvl>
<vis>表示</vis>
<pos>
<gml:Point gml:id="K2_4672211811_1-g" srsName="fguuid:jgd2011.bl">
<gml:pos>32.814325278 129.787554722</gml:pos>
</gml:Point>
</pos>
<type>標高点（測点）</type>
<alti>246</alti>
</ElevPt>
<ElevPt gml:id="K2_4672211817_1">
<fid>46722-11817-i-2183</fid>
<lfSpanFr gml:id="K2_4672211817_1-1">
<gml:timePosition>2023-02-21</gml:timePosition>
</lfSpanFr>
<devDate gml:id="K2_4672211817_1-2">
<gml:timePosition>2025-02-26</gml:timePosition>
</devDate>
<orgGILvl>25000</orgGILvl>
<vis>表示</vis>
<pos>
<gml:Point gml:id="K2_4672211817_1-g" srsName="fguuid:jgd2011.bl">
<gml:pos>32.831876111 129.787319167</gml:pos>
</gml:Point>
</pos>
<type>標高点（測点）</type>
<alti>128</alti>
</ElevPt>
<ElevPt gml:id="K2_4672511793_1">
<fid>46725-11793-i-258</fid>
<lfSpanFr gml:id="K2_4672511793_1-1">
<gml:timePosition>2023-02-21</gml:timePosition>
</lfSpanFr>
<devDate gml:id="K2_4672511793_1-2">
<gml:timePosition>2025-02-26</gml:timePosition>
</devDate>
<orgGILvl>25000</orgGILvl>
<vis>表示</vis>
<pos>
<gml:Point gml:id="K2_4672511793_1-g" srsName="fguuid:jgd2011.bl">
<gml:pos>32.761411667 129.797173889</gml:pos>
</gml:Point>
</pos>
<type>標高点（測点）</type>
<alti>124</alti>
</ElevPt>
<ElevPt gml:id="K2_4672511799_1">
<fid>46725-11799-i-1209</fid>
<lfSpanFr gml:id="K2_4672511799_1-1">
<gml:timePosition>2023-02-21</gml:timePosition>
</lfSpanFr>
<devDate gml:id="K2_4672511799_1-2">
<gml:timePosition>2025-02-26</gml:timePosition>
</devDate>
<orgGILvl>25000</orgGILvl>
<vis>表示</vis>
<pos>
<gml:Point gml:id="K2_4672511799_1-g" srsName="fguuid:jgd2011.bl">
<gml:pos>32.781019444 129.794248889</gml:pos>
</gml:Point>
</pos>
<type>標高点（測点）</type>
<alti>129</alti>
</ElevPt>
<ElevPt gml:id="K2_4672511802_1">
<fid>46725-11802-i-3732</fid>
<lfSpanFr gml:id="K2_4672511802_1-1">
<gml:timePosition>2023-02-21</gml:timePosition>
</lfSpanFr>
<devDate gml:id="K2_4672511802_1-2">
<gml:timePosition>2025-02-26</gml:timePosition>
</devDate>
<orgGILvl>25000</orgGILvl>
<vis>表示</vis>
<pos>
<gml:Point gml:id="K2_4672511802_1-g" srsName="fguuid:jgd2011.bl">
<gml:pos>32.790932778 129.797233056</gml:pos>
</gml:Point>
</pos>
<type>標高点（測点）</type>
<alti>97</alti>
</ElevPt>
<ElevPt gml:id="K2_4672511811_1">
<fid>46725-11811-i-1059</fid>
<lfSpanFr gml:id="K2_4672511811_1-1">
<gml:timePosition>2023-02-21</gml:timePosition>
</lfSpanFr>
<devDate gml:id="K2_4672511811_1-2">
<gml:timePosition>2025-02-26</gml:timePosition>
</devDate>
<orgGILvl>25000</orgGILvl>
<vis>表示</vis>
<pos>
<gml:Point gml:id="K2_4672511811_1-g" srsName="fguuid:jgd2011.bl">
<gml:pos>32.810181667 129.797842500</gml:pos>
</gml:Point>
</pos>
<type>標高点（測点）</type>
<alti>336</alti>
</ElevPt>
<ElevPt gml:id="K2_4672811802_1">
<fid>46728-11802-i-1598</fid>
<lfSpanFr gml:id="K2_4672811802_1-1">
<gml:timePosition>2023-02-21</gml:timePosition>
</lfSpanFr>
<devDate gml:id="K2_4672811802_1-2">
<gml:timePosition>2025-02-26</gml:timePosition>
</devDate>
<orgGILvl>25000</orgGILvl>
<vis>表示</vis>
<pos>
<gml:Point gml:id="K2_4672811802_1-g" srsName="fguuid:jgd2011.bl">
<gml:pos>32.786417778 129.804401667</gml:pos>
</gml:Point>
</pos>
<type>標高点（測点）</type>
<alti>252</alti>
</ElevPt>
<ElevPt gml:id="K2_4672811805_1">
<fid>46728-11805-i-1677</fid>
<lfSpanFr gml:id="K2_4672811805_1-1">
<gml:timePosition>2023-02-21</gml:timePosition>
</lfSpanFr>
<devDate gml:id="K2_4672811805_1-2">
<gml:timePosition>2025-02-26</gml:timePosition>
</devDate>
<orgGILvl>25000</orgGILvl>
<vis>表示</vis>
<pos>
<gml:Point gml:id="K2_4672811805_1-g" srsName="fguuid:jgd2011.bl">
<gml:pos>32.798654444 129.805540833</gml:pos>
</gml:Point>
</pos>
<type>標高点（測点）</type>
<alti>286</alti>
</ElevPt>
<ElevPt gml:id="K2_4672811808_1">
<fid>46728-11808-i-642</fid>
<lfSpanFr gml:id="K2_4672811808_1-1">
<gml:timePosition>2023-02-21</gml:timePosition>
</lfSpanFr>
<devDate gml:id="K2_4672811808_1-2">
<gml:timePosition>2025-02-26</gml:timePosition>
</devDate>
<orgGILvl>25000</orgGILvl>
<vis>表示</vis>
<pos>
<gml:Point gml:id="K2_4672811808_1-g" srsName="fguuid:jgd2011.bl">
<gml:pos>32.803516389 129.804771111</gml:pos>
</gml:Point>
</pos>
<type>標高点（測点）</type>
<alti>333</alti>
</ElevPt>
<ElevPt gml:id="K2_4672811814_1">
<fid>46728-11814-i-3607</fid>
<lfSpanFr gml:id="K2_4672811814_1-1">
<gml:timePosition>2023-02-21</gml:timePosition>
</lfSpanFr>
<devDate gml:id="K2_4672811814_1-2">
<gml:timePosition>2025-02-26</gml:timePosition>
</devDate>
<orgGILvl>25000</orgGILvl>
<vis>表示</vis>
<pos>
<gml:Point gml:id="K2_4672811814_1-g" srsName="fguuid:jgd2011.bl">
<gml:pos>32.820687935 129.806825643</gml:pos>
</gml:Point>
</pos>
<type>標高点（測点）</type>
<alti>147</alti>
</ElevPt>
<ElevPt gml:id="K2_4672811817_1">
<fid>46728-11817-i-361</fid>
<lfSpanFr gml:id="K2_4672811817_1-1">
<gml:timePosition>2023-02-21</gml:timePosition>
</lfSpanFr>
<devDate gml:id="K2_4672811817_1-2">
<gml:timePosition>2025-02-26</gml:timePosition>
</devDate>
<orgGILvl>25000</orgGILvl>
<vis>表示</vis>
<pos>
<gml:Point gml:id="K2_4672811817_1-g" srsName="fguuid:jgd2011.bl">
<gml:pos>32.825274245 129.803015967</gml:pos>
</gml:Point>
</pos>
<type>標高点（測点）</type>
<alti>112</alti>
</ElevPt>
<ElevPt gml:id="K2_4672811817_2">
<fid>46728-11817-i-362</fid>
<lfSpanFr gml:id="K2_4672811817_2-1">
<gml:timePosition>2023-02-21</gml:timePosition>
</lfSpanFr>
<devDate gml:id="K2_4672811817_2-2">
<gml:timePosition>2025-02-26</gml:timePosition>
</devDate>
<orgGILvl>25000</orgGILvl>
<vis>表示</vis>
<pos>
<gml:Point gml:id="K2_4672811817_2-g" srsName="fguuid:jgd2011.bl">
<gml:pos>32.829523611 129.805270000</gml:pos>
</gml:Point>
</pos>
<type>標高点（測点）</type>
<alti>286</alti>
</ElevPt>
<ElevPt gml:id="K2_4673111796_1">
<fid>46731-11796-i-1671</fid>
<lfSpanFr gml:id="K2_4673111796_1-1">
<gml:timePosition>2023-02-21</gml:timePosition>
</lfSpanFr>
<devDate gml:id="K2_4673111796_1-2">
<gml:timePosition>2025-02-26</gml:timePosition>
</devDate>
<orgGILvl>25000</orgGILvl>
<vis>表示</vis>
<pos>
<gml:Point gml:id="K2_4673111796_1-g" srsName="fguuid:jgd2011.bl">
<gml:pos>32.767282154 129.814209007</gml:pos>
</gml:Point>
</pos>
<type>標高点（測点）</type>
<alti>240</alti>
</ElevPt>
<ElevPt gml:id="K2_4673111796_2">
<fid>46731-11796-i-1672</fid>
<lfSpanFr gml:id="K2_4673111796_2-1">
<gml:timePosition>2023-02-21</gml:timePosition>
</lfSpanFr>
<devDate gml:id="K2_4673111796_2-2">
<gml:timePosition>2025-02-26</gml:timePosition>
</devDate>
<orgGILvl>25000</orgGILvl>
<vis>表示</vis>
<pos>
<gml:Point gml:id="K2_4673111796_2-g" srsName="fguuid:jgd2011.bl">
<gml:pos>32.772220833 129.808626111</gml:pos>
</gml:Point>
</pos>
<type>標高点（測点）</type>
<alti>185</alti>
</ElevPt>
<ElevPt gml:id="K2_4673111802_1">
<fid>46731-11802-i-2147</fid>
<lfSpanFr gml:id="K2_4673111802_1-1">
<gml:timePosition>2023-02-21</gml:timePosition>
</lfSpanFr>
<devDate gml:id="K2_4673111802_1-2">
<gml:timePosition>2025-02-26</gml:timePosition>
</devDate>
<orgGILvl>25000</orgGILvl>
<vis>表示</vis>
<pos>
<gml:Point gml:id="K2_4673111802_1-g" srsName="fguuid:jgd2011.bl">
<gml:pos>32.787862500 129.814544444</gml:pos>
</gml:Point>
</pos>
<type>標高点（測点）</type>
<alti>285</alti>
</ElevPt>
<ElevPt gml:id="K2_4673111808_1">
<fid>46731-11808-i-1512</fid>
<lfSpanFr gml:id="K2_4673111808_1-1">
<gml:timePosition>2023-02-21</gml:timePosition>
</lfSpanFr>
<devDate gml:id="K2_4673111808_1-2">
<gml:timePosition>2025-02-26</gml:timePosition>
</devDate>
<orgGILvl>25000</orgGILvl>
<vis>表示</vis>
<pos>
<gml:Point gml:id="K2_4673111808_1-g" srsName="fguuid:jgd2011.bl">
<gml:pos>32.805932500 129.809754722</gml:pos>
</gml:Point>
</pos>
<type>標高点（測点）</type>
<alti>344</alti>
</ElevPt>
<ElevPt gml:id="K2_4673111811_1">
<fid>46731-11811-i-1091</fid>
<lfSpanFr gml:id="K2_4673111811_1-1">
<gml:timePosition>2023-02-21</gml:timePosition>
</lfSpanFr>
<devDate gml:id="K2_4673111811_1-2">
<gml:timePosition>2025-02-26</gml:timePosition>
</devDate>
<orgGILvl>25000</orgGILvl>
<pos>
<gml:Point gml:id="K2_4673111811_1-g" srsName="fguuid:jgd2011.bl">
<gml:pos>32.809181111 129.816393333</gml:pos>
</gml:Point>
</pos>
<type>標高点（測点）</type>
<alti>249</alti>
</ElevPt>
<ElevPt gml:id="K2_4673111817_1">
<fid>46731-11817-i-416</fid>
<lfSpanFr gml:id="K2_4673111817_1-1">
<gml:timePosition>2023-02-21</gml:timePosition>
</lfSpanFr>
<devDate gml:id="K2_4673111817_1-2">
<gml:timePosition>2025-02-26</gml:timePosition>
</devDate>
<orgGILvl>25000</orgGILvl>
<vis>表示</vis>
<pos>
<gml:Point gml:id="K2_4673111817_1-g" srsName="fguuid:jgd2011.bl">
<gml:pos>32.829859894 129.812756688</gml:pos>
</gml:Point>
</pos>
<type>標高点（測点）</type>
<alti>168</alti>
</ElevPt>
<ElevPt gml:id="K2_4673411802_1">
<fid>46734-11802-i-946</fid>
<lfSpanFr gml:id="K2_4673411802_1-1">
<gml:timePosition>2023-02-21</gml:timePosition>
</lfSpanFr>
<devDate gml:id="K2_4673411802_1-2">
<gml:timePosition>2025-02-26</gml:timePosition>
</devDate>
<orgGILvl>25000</orgGILvl>
<vis>表示</vis>
<pos>
<gml:Point gml:id="K2_4673411802_1-g" srsName="fguuid:jgd2011.bl">
<gml:pos>32.785005833 129.823828611</gml:pos>
</gml:Point>
</pos>
<type>標高点（測点）</type>
<alti>364</alti>
</ElevPt>
<ElevPt gml:id="K2_4673411805_1">
<fid>46734-11805-i-400</fid>
<lfSpanFr gml:id="K2_4673411805_1-1">
<gml:timePosition>2023-02-21</gml:timePosition>
</lfSpanFr>
<devDate gml:id="K2_4673411805_1-2">
<gml:timePosition>2025-02-26</gml:timePosition>
</devDate>
<orgGILvl>25000</orgGILvl>
<vis>表示</vis>
<pos>
<gml:Point gml:id="K2_4673411805_1-g" srsName="fguuid:jgd2011.bl">
<gml:pos>32.798236667 129.823701944</gml:pos>
</gml:Point>
</pos>
<type>標高点（測点）</type>
<alti>277</alti>
</ElevPt>
<ElevPt gml:id="K2_4673411808_1">
<fid>46734-11808-i-1426</fid>
<lfSpanFr gml:id="K2_4673411808_1-1">
<gml:timePosition>2023-02-21</gml:timePosition>
</lfSpanFr>
<devDate gml:id="K2_4673411808_1-2">
<gml:timePosition>2025-02-26</gml:timePosition>
</devDate>
<orgGILvl>25000</orgGILvl>
<vis>表示</vis>
<pos>
<gml:Point gml:id="K2_4673411808_1-g" srsName="fguuid:jgd2011.bl">
<gml:pos>32.808141500 129.823981833</gml:pos>
</gml:Point>
</pos>
<type>標高点（測点）</type>
<alti>166</alti>
</ElevPt>
<ElevPt gml:id="K2_4673411811_1">
<fid>46734-11811-i-2204</fid>
<lfSpanFr gml:id="K2_4673411811_1-1">
<gml:timePosition>2023-02-21</gml:timePosition>
</lfSpanFr>
<devDate gml:id="K2_4673411811_1-2">
<gml:timePosition>2025-02-26</gml:timePosition>
</devDate>
<orgGILvl>25000</orgGILvl>
<vis>表示</vis>
<pos>
<gml:Point gml:id="K2_4673411811_1-g" srsName="fguuid:jgd2011.bl">
<gml:pos>32.814984722 129.818117778</gml:pos>
</gml:Point>
</pos>
<type>標高点（測点）</type>
<alti>413</alti>
</ElevPt>
<ElevPt gml:id="K2_4673411814_1">
<fid>46734-11814-i-817</fid>
<lfSpanFr gml:id="K2_4673411814_1-1">
<gml:timePosition>2024-11-28</gml:timePosition>
</lfSpanFr>
<devDate gml:id="K2_4673411814_1-2">
<gml:timePosition>2025-02-26</gml:timePosition>
</devDate>
<orgGILvl>25000</orgGILvl>
<vis>非表示</vis>
<pos>
<gml:Point gml:id="K2_4673411814_1-g" srsName="fguuid:jgd2011.bl">
<gml:pos>32.820551944 129.819392222</gml:pos>
</gml:Point>
</pos>
<type>標高点（測点）</type>
<alti>392</alti>
</ElevPt>
<ElevPt gml:id="K2_4673411817_1">
<fid>46734-11817-i-249</fid>
<lfSpanFr gml:id="K2_4673411817_1-1">
<gml:timePosition>2024-11-28</gml:timePosition>
</lfSpanFr>
<devDate gml:id="K2_4673411817_1-2">
<gml:timePosition>2025-02-26</gml:timePosition>
</devDate>
<orgGILvl>25000</orgGILvl>
<vis>表示</vis>
<pos>
<gml:Point gml:id="K2_4673411817_1-g" srsName="fguuid:jgd2011.bl">
<gml:pos>32.830756944 129.822731111</gml:pos>
</gml:Point>
</pos>
<type>標高点（測点）</type>
<alti>350</alti>
</ElevPt>
<ElevPt gml:id="K2_4673711793_1">
<fid>46737-11793-i-537</fid>
<lfSpanFr gml:id="K2_4673711793_1-1">
<gml:timePosition>2023-02-21</gml:timePosition>
</lfSpanFr>
<devDate gml:id="K2_4673711793_1-2">
<gml:timePosition>2025-02-26</gml:timePosition>
</devDate>
<orgGILvl>25000</orgGILvl>
<vis>表示</vis>
<pos>
<gml:Point gml:id="K2_4673711793_1-g" srsName="fguuid:jgd2011.bl">
<gml:pos>32.763385000 129.830493889</gml:pos>
</gml:Point>
</pos>
<type>標高点（測点）</type>
<alti>321</alti>
</ElevPt>
<ElevPt gml:id="K2_4673711796_1">
<fid>46737-11796-i-792</fid>
<lfSpanFr gml:id="K2_4673711796_1-1">
<gml:timePosition>2023-02-21</gml:timePosition>
</lfSpanFr>
<devDate gml:id="K2_4673711796_1-2">
<gml:timePosition>2025-02-26</gml:timePosition>
</devDate>
<orgGILvl>25000</orgGILvl>
<vis>表示</vis>
<pos>
<gml:Point gml:id="K2_4673711796_1-g" srsName="fguuid:jgd2011.bl">
<gml:pos>32.768347222 129.831756389</gml:pos>
</gml:Point>
</pos>
<type>標高点（測点）</type>
<alti>296</alti>
</ElevPt>
<ElevPt gml:id="K2_4673711799_1">
<fid>46737-11799-i-12932</fid>
<lfSpanFr gml:id="K2_4673711799_1-1">
<gml:timePosition>2023-02-21</gml:timePosition>
</lfSpanFr>
<devDate gml:id="K2_4673711799_1-2">
<gml:timePosition>2025-02-26</gml:timePosition>
</devDate>
<orgGILvl>25000</orgGILvl>
<vis>表示</vis>
<pos>
<gml:Point gml:id="K2_4673711799_1-g" srsName="fguuid:jgd2011.bl">
<gml:pos>32.782263098 129.831458379</gml:pos>
</gml:Point>
</pos>
<type>標高点（測点）</type>
<alti>184</alti>
</ElevPt>
<ElevPt gml:id="K2_4673711817_1">
<fid>46737-11817-i-1464</fid>
<lfSpanFr gml:id="K2_4673711817_1-1">
<gml:timePosition>2024-11-28</gml:timePosition>
</lfSpanFr>
<devDate gml:id="K2_4673711817_1-2">
<gml:timePosition>2025-02-26</gml:timePosition>
</devDate>
<orgGILvl>25000</orgGILvl>
<vis>表示</vis>
<pos>
<gml:Point gml:id="K2_4673711817_1-g" srsName="fguuid:jgd2011.bl">
<gml:pos>32.830559167 129.832998889</gml:pos>
</gml:Point>
</pos>
<type>標高点（測点）</type>
<alti>128</alti>
</ElevPt>
<ElevPt gml:id="K2_4674011793_1">
<fid>46740-11793-i-165</fid>
<lfSpanFr gml:id="K2_4674011793_1-1">
<gml:timePosition>2023-02-21</gml:timePosition>
</lfSpanFr>
<devDate gml:id="K2_4674011793_1-2">
<gml:timePosition>2025-02-26</gml:timePosition>
</devDate>
<orgGILvl>25000</orgGILvl>
<vis>表示</vis>
<pos>
<gml:Point gml:id="K2_4674011793_1-g" srsName="fguuid:jgd2011.bl">
<gml:pos>32.764002222 129.841013611</gml:pos>
</gml:Point>
</pos>
<type>標高点（測点）</type>
<alti>269</alti>
</ElevPt>
<ElevPt gml:id="K2_4674011796_1">
<fid>46740-11796-i-2580</fid>
<lfSpanFr gml:id="K2_4674011796_1-1">
<gml:timePosition>2023-02-21</gml:timePosition>
</lfSpanFr>
<devDate gml:id="K2_4674011796_1-2">
<gml:timePosition>2025-02-26</gml:timePosition>
</devDate>
<orgGILvl>25000</orgGILvl>
<vis>表示</vis>
<pos>
<gml:Point gml:id="K2_4674011796_1-g" srsName="fguuid:jgd2011.bl">
<gml:pos>32.772833333 129.834355000</gml:pos>
</gml:Point>
</pos>
<type>標高点（測点）</type>
<alti>299</alti>
</ElevPt>
<ElevPt gml:id="K2_4674011802_1">
<fid>46740-11802-i-2137</fid>
<lfSpanFr gml:id="K2_4674011802_1-1">
<gml:timePosition>2023-02-21</gml:timePosition>
</lfSpanFr>
<devDate gml:id="K2_4674011802_1-2">
<gml:timePosition>2025-02-26</gml:timePosition>
</devDate>
<orgGILvl>25000</orgGILvl>
<vis>表示</vis>
<pos>
<gml:Point gml:id="K2_4674011802_1-g" srsName="fguuid:jgd2011.bl">
<gml:pos>32.791265000 129.840022500</gml:pos>
</gml:Point>
</pos>
<type>標高点（測点）</type>
<alti>269</alti>
</ElevPt>
<ElevPt gml:id="K2_4674011808_1">
<fid>46740-11808-i-6196</fid>
<lfSpanFr gml:id="K2_4674011808_1-1">
<gml:timePosition>2023-02-21</gml:timePosition>
</lfSpanFr>
<devDate gml:id="K2_4674011808_1-2">
<gml:timePosition>2025-02-26</gml:timePosition>
</devDate>
<orgGILvl>25000</orgGILvl>
<vis>表示</vis>
<pos>
<gml:Point gml:id="K2_4674011808_1-g" srsName="fguuid:jgd2011.bl">
<gml:pos>32.801975278 129.840983056</gml:pos>
</gml:Point>
</pos>
<type>標高点（測点）</type>
<alti>221</alti>
</ElevPt>
<ElevPt gml:id="K2_4674011814_1">
<fid>46740-11814-i-3021</fid>
<lfSpanFr gml:id="K2_4674011814_1-1">
<gml:timePosition>2024-11-28</gml:timePosition>
</lfSpanFr>
<devDate gml:id="K2_4674011814_1-2">
<gml:timePosition>2025-02-26</gml:timePosition>
</devDate>
<orgGILvl>25000</orgGILvl>
<vis>表示</vis>
<pos>
<gml:Point gml:id="K2_4674011814_1-g" srsName="fguuid:jgd2011.bl">
<gml:pos>32.817618782 129.841183349</gml:pos>
</gml:Point>
</pos>
<type>標高点（測点）</type>
<alti>139</alti>
</ElevPt>
<ElevPt gml:id="K2_4674311793_1">
<fid>46743-11793-i-432</fid>
<lfSpanFr gml:id="K2_4674311793_1-1">
<gml:timePosition>2023-02-21</gml:timePosition>
</lfSpanFr>
<devDate gml:id="K2_4674311793_1-2">
<gml:timePosition>2025-02-26</gml:timePosition>
</devDate>
<orgGILvl>25000</orgGILvl>
<vis>表示</vis>
<pos>
<gml:Point gml:id="K2_4674311793_1-g" srsName="fguuid:jgd2011.bl">
<gml:pos>32.758736667 129.843371667</gml:pos>
</gml:Point>
</pos>
<type>標高点（測点）</type>
<alti>288</alti>
</ElevPt>
<ElevPt gml:id="K2_4674311799_1">
<fid>46743-11799-i-1932</fid>
<lfSpanFr gml:id="K2_4674311799_1-1">
<gml:timePosition>2023-02-21</gml:timePosition>
</lfSpanFr>
<devDate gml:id="K2_4674311799_1-2">
<gml:timePosition>2025-02-26</gml:timePosition>
</devDate>
<orgGILvl>25000</orgGILvl>
<vis>表示</vis>
<pos>
<gml:Point gml:id="K2_4674311799_1-g" srsName="fguuid:jgd2011.bl">
<gml:pos>32.776650833 129.844633056</gml:pos>
</gml:Point>
</pos>
<type>標高点（測点）</type>
<alti>160</alti>
</ElevPt>
<ElevPt gml:id="K2_4674311805_1">
<fid>46743-11805-i-2000</fid>
<lfSpanFr gml:id="K2_4674311805_1-1">
<gml:timePosition>2023-02-21</gml:timePosition>
</lfSpanFr>
<devDate gml:id="K2_4674311805_1-2">
<gml:timePosition>2025-02-26</gml:timePosition>
</devDate>
<orgGILvl>25000</orgGILvl>
<vis>表示</vis>
<pos>
<gml:Point gml:id="K2_4674311805_1-g" srsName="fguuid:jgd2011.bl">
<gml:pos>32.794878056 129.846055556</gml:pos>
</gml:Point>
</pos>
<type>標高点（測点）</type>
<alti>179</alti>
</ElevPt>
<ElevPt gml:id="K2_4674311808_1">
<fid>46743-11808-i-11373</fid>
<lfSpanFr gml:id="K2_4674311808_1-1">
<gml:timePosition>2023-02-21</gml:timePosition>
</lfSpanFr>
<devDate gml:id="K2_4674311808_1-2">
<gml:timePosition>2025-02-26</gml:timePosition>
</devDate>
<orgGILvl>25000</orgGILvl>
<vis>表示</vis>
<pos>
<gml:Point gml:id="K2_4674311808_1-g" srsName="fguuid:jgd2011.bl">
<gml:pos>32.808137292 129.841806035</gml:pos>
</gml:Point>
</pos>
<type>標高点（測点）</type>
<alti>142</alti>
</ElevPt>
<ElevPt gml:id="K2_4674311808_2">
<fid>46743-11808-i-11374</fid>
<lfSpanFr gml:id="K2_4674311808_2-1">
<gml:timePosition>2023-02-21</gml:timePosition>
</lfSpanFr>
<devDate gml:id="K2_4674311808_2-2">
<gml:timePosition>2025-02-26</gml:timePosition>
</devDate>
<orgGILvl>25000</orgGILvl>
<vis>表示</vis>
<pos>
<gml:Point gml:id="K2_4674311808_2-g" srsName="fguuid:jgd2011.bl">
<gml:pos>32.802695447 129.847734853</gml:pos>
</gml:Point>
</pos>
<type>標高点（測点）</type>
<alti>68</alti>
</ElevPt>
<ElevPt gml:id="K2_4674611793_1">
<fid>46746-11793-i-1907</fid>
<lfSpanFr gml:id="K2_4674611793_1-1">
<gml:timePosition>2023-02-21</gml:timePosition>
</lfSpanFr>
<devDate gml:id="K2_4674611793_1-2">
<gml:timePosition>2025-02-26</gml:timePosition>
</devDate>
<orgGILvl>25000</orgGILvl>
<vis>表示</vis>
<pos>
<gml:Point gml:id="K2_4674611793_1-g" srsName="fguuid:jgd2011.bl">
<gml:pos>32.758564722 129.856725278</gml:pos>
</gml:Point>
</pos>
<type>標高点（測点）</type>
<alti>122</alti>
</ElevPt>
<ElevPt gml:id="K2_4674611808_1">
<fid>46746-11808-i-5772</fid>
<lfSpanFr gml:id="K2_4674611808_1-1">
<gml:timePosition>2023-02-21</gml:timePosition>
</lfSpanFr>
<devDate gml:id="K2_4674611808_1-2">
<gml:timePosition>2025-02-26</gml:timePosition>
</devDate>
<orgGILvl>25000</orgGILvl>
<vis>表示</vis>
<pos>
<gml:Point gml:id="K2_4674611808_1-g" srsName="fguuid:jgd2011.bl">
<gml:pos>32.801392983 129.853237897</gml:pos>
</gml:Point>
</pos>
<type>標高点（測点）</type>
<alti>57</alti>
</ElevPt>
<ElevPt gml:id="K2_4674611811_1">
<fid>46746-11811-i-2587</fid>
<lfSpanFr gml:id="K2_4674611811_1-1">
<gml:timePosition>2023-02-21</gml:timePosition>
</lfSpanFr>
<devDate gml:id="K2_4674611811_1-2">
<gml:timePosition>2025-02-26</gml:timePosition>
</devDate>
<orgGILvl>25000</orgGILvl>
<vis>表示</vis>
<pos>
<gml:Point gml:id="K2_4674611811_1-g" srsName="fguuid:jgd2011.bl">
<gml:pos>32.815128889 129.857189167</gml:pos>
</gml:Point>
</pos>
<type>標高点（測点）</type>
<alti>89</alti>
</ElevPt>
<ElevPt gml:id="K2_4674611814_1">
<fid>46746-11814-i-2271</fid>
<lfSpanFr gml:id="K2_4674611814_1-1">
<gml:timePosition>2024-11-28</gml:timePosition>
</lfSpanFr>
<devDate gml:id="K2_4674611814_1-2">
<gml:timePosition>2025-02-26</gml:timePosition>
</devDate>
<orgGILvl>25000</orgGILvl>
<vis>表示</vis>
<pos>
<gml:Point gml:id="K2_4674611814_1-g" srsName="fguuid:jgd2011.bl">
<gml:pos>32.821105833 129.854404444</gml:pos>
</gml:Point>
</pos>
<type>標高点（測点）</type>
<alti>159</alti>
</ElevPt>
<ElevPt gml:id="K2_4674611817_1">
<fid>46746-11817-i-2889</fid>
<lfSpanFr gml:id="K2_4674611817_1-1">
<gml:timePosition>2024-11-28</gml:timePosition>
</lfSpanFr>
<devDate gml:id="K2_4674611817_1-2">
<gml:timePosition>2025-02-26</gml:timePosition>
</devDate>
<orgGILvl>25000</orgGILvl>
<vis>表示</vis>
<pos>
<gml:Point gml:id="K2_4674611817_1-g" srsName="fguuid:jgd2011.bl">
<gml:pos>32.826161944 129.853594722</gml:pos>
</gml:Point>
</pos>
<type>標高点（測点）</type>
<alti>74</alti>
</ElevPt>
<ElevPt gml:id="K2_4674911799_1">
<fid>46749-11799-i-4639</fid>
<lfSpanFr gml:id="K2_4674911799_1-1">
<gml:timePosition>2023-02-21</gml:timePosition>
</lfSpanFr>
<devDate gml:id="K2_4674911799_1-2">
<gml:timePosition>2025-02-26</gml:timePosition>
</devDate>
<orgGILvl>25000</orgGILvl>
<vis>表示</vis>
<pos>
<gml:Point gml:id="K2_4674911799_1-g" srsName="fguuid:jgd2011.bl">
<gml:pos>32.780743259 129.862316249</gml:pos>
</gml:Point>
</pos>
<type>標高点（測点）</type>
<alti>10</alti>
</ElevPt>
<ElevPt gml:id="K2_4674911817_1">
<fid>46749-11817-i-2737</fid>
<lfSpanFr gml:id="K2_4674911817_1-1">
<gml:timePosition>2024-11-28</gml:timePosition>
</lfSpanFr>
<devDate gml:id="K2_4674911817_1-2">
<gml:timePosition>2025-02-26</gml:timePosition>
</devDate>
<orgGILvl>25000</orgGILvl>
<vis>表示</vis>
<pos>
<gml:Point gml:id="K2_4674911817_1-g" srsName="fguuid:jgd2011.bl">
<gml:pos>32.828755833 129.859793056</gml:pos>
</gml:Point>
</pos>
<type>標高点（測点）</type>
<alti>76</alti>
</ElevPt>
<ElevPt gml:id="K2_4675211793_1">
<fid>46752-11793-i-7467</fid>
<lfSpanFr gml:id="K2_4675211793_1-1">
<gml:timePosition>2023-02-21</gml:timePosition>
</lfSpanFr>
<devDate gml:id="K2_4675211793_1-2">
<gml:timePosition>2025-02-26</gml:timePosition>
</devDate>
<orgGILvl>25000</orgGILvl>
<vis>表示</vis>
<pos>
<gml:Point gml:id="K2_4675211793_1-g" srsName="fguuid:jgd2011.bl">
<gml:pos>32.758437220 129.868009807</gml:pos>
</gml:Point>
</pos>
<type>標高点（測点）</type>
<alti>2</alti>
</ElevPt>
<ElevPt gml:id="K2_4675211811_1">
<fid>46752-11811-i-2385</fid>
<lfSpanFr gml:id="K2_4675211811_1-1">
<gml:timePosition>2023-02-21</gml:timePosition>
</lfSpanFr>
<devDate gml:id="K2_4675211811_1-2">
<gml:timePosition>2025-02-26</gml:timePosition>
</devDate>
<orgGILvl>25000</orgGILvl>
<vis>表示</vis>
<pos>
<gml:Point gml:id="K2_4675211811_1-g" srsName="fguuid:jgd2011.bl">
<gml:pos>32.816461465 129.869533892</gml:pos>
</gml:Point>
</pos>
<type>標高点（測点）</type>
<alti>67</alti>
</ElevPt>
</Dataset>
