<?xml version="1.0" encoding="utf-8"?>
<Dataset xsi:schemaLocation="http://fgd.gsi.go.jp/spec/2008/FGD_GMLSchema FGD_GMLSchema.xsd"
	xmlns:gml="http://www.opengis.net/gml/3.2"
	xmlns:xsi="http://www.w3.org/2001/XMLSchema-instance"
	xmlns:xlink="http://www.w3.org/1999/xlink"
	xmlns="http://fgd.gsi.go.jp/spec/2008/FGD_GMLSchema"
	gml:id="Dataset1">
  <gml:description>基盤地図情報メタデータ ID=fmdid:25-0331</gml:description>
  <gml:name>基盤地図情報ダウンロードデータ（GML版）</gml:name>
<AdmPt gml:id="K6_4673711802_1">
<fid>46737-11802-i-1560</fid>
<lfSpanFr gml:id="K6_4673711802_1-1">
<gml:timePosition>2023-02-21</gml:timePosition>
</lfSpanFr>
<devDate gml:id="K6_4673711802_1-2">
<gml:timePosition>2025-02-26</gml:timePosition>
</devDate>
<orgGILvl>25000</orgGILvl>
<vis>非表示</vis>
<pos>
<gml:Point gml:id="K6_4673711802_1-g" srsName="fguuid:jgd2011.bl">
<gml:pos>32.789559371 129.828216553</gml:pos>
</gml:Point>
</pos>
<type>郡市・東京都の区</type>
<name>長崎市</name>
<admCode>42201</admCode>
</AdmPt>
<AdmPt gml:id="K6_4674011814_1">
<fid>46740-11814-i-2841</fid>
<lfSpanFr gml:id="K6_4674011814_1-1">
<gml:timePosition>2024-11-28</gml:timePosition>
</lfSpanFr>
<devDate gml:id="K6_4674011814_1-2">
<gml:timePosition>2025-02-26</gml:timePosition>
</devDate>
<orgGILvl>25000</orgGILvl>
<vis>非表示</vis>
<pos>
<gml:Point gml:id="K6_4674011814_1-g" srsName="fguuid:jgd2011.bl">
<gml:pos>32.821717614 129.837881494</gml:pos>
</gml:Point>
</pos>
<type>町村・指定都市の区</type>
<name>時津町</name>
<admCode>42308</admCode>
</AdmPt>
<AdmPt gml:id="K6_4674311817_1">
<fid>46743-11817-i-3623</fid>
<lfSpanFr gml:id="K6_4674311817_1-1">
<gml:timePosition>2024-11-28</gml:timePosition>
</lfSpanFr>
<devDate gml:id="K6_4674311817_1-2">
<gml:timePosition>2025-02-26</gml:timePosition>
</devDate>
<orgGILvl>2500</orgGILvl>
<vis>表示</vis>
<pos>
<gml:Point gml:id="K6_4674311817_1-g" srsName="fguuid:jgd2011.bl">
<gml:pos>32.829045607 129.848540598</gml:pos>
</gml:Point>
</pos>
<type>町村・指定都市の区</type>
<name>時津町</name>
<admCode>42308</admCode>
</AdmPt>
<AdmPt gml:id="K6_4674911811_1">
<fid>46749-11811-i-2616</fid>
<lfSpanFr gml:id="K6_4674911811_1-1">
<gml:timePosition>2023-02-21</gml:timePosition>
</lfSpanFr>
<devDate gml:id="K6_4674911811_1-2">
<gml:timePosition>2025-02-26</gml:timePosition>
</devDate>
<orgGILvl>25000</orgGILvl>
<vis>非表示</vis>
<pos>
<gml:Point gml:id="K6_4674911811_1-g" srsName="fguuid:jgd2011.bl">
<gml:pos>32.814679807 129.862388970</gml:pos>
</gml:Point>
</pos>
<type>町村・指定都市の区</type>
<name>長与町</name>
<admCode>42307</admCode>
</AdmPt>
</Dataset>
