<?xml version="1.0" encoding="utf-8"?>
<Dataset xsi:schemaLocation="http://fgd.gsi.go.jp/spec/2008/FGD_GMLSchema FGD_GMLSchema.xsd"
	xmlns:gml="http://www.opengis.net/gml/3.2"
	xmlns:xsi="http://www.w3.org/2001/XMLSchema-instance"
	xmlns:xlink="http://www.w3.org/1999/xlink"
	xmlns="http://fgd.gsi.go.jp/spec/2008/FGD_GMLSchema"
	gml:id="Dataset1">
  <gml:description>基盤地図情報メタデータ ID=fmdid:23-0401</gml:description>
  <gml:name>基盤地図情報ダウンロードデータ（GML版）</gml:name>
<WStrA gml:id="K28_4671011850_1">
<fid>20230331-46725-11856-s-3890</fid>
<lfSpanFr gml:id="K28_4671011850_1-1">
<gml:timePosition>2023-03-31</gml:timePosition>
</lfSpanFr>
<devDate gml:id="K28_4671011850_1-2">
<gml:timePosition>2023-03-31</gml:timePosition>
</devDate>
<orgGILvl>2500</orgGILvl>
<vis>表示</vis>
<area>
<gml:Surface gml:id="K28_4671011850_1-g" srsName="fguuid:jgd2011.bl">
<gml:patches>
<gml:PolygonPatch>
<gml:exterior>
<gml:Ring>
<gml:curveMember>
<gml:Curve gml:id="K28_4671011850_1-3">
<gml:segments>
<gml:LineStringSegment>
<gml:posList>
32.936418421 129.799429981
32.936370575 129.799726565
32.936425696 129.799739337
32.936475819 129.799430175
32.936582513 129.798772100
32.936526772 129.798758267
32.936418421 129.799429981
</gml:posList>
</gml:LineStringSegment>
</gml:segments>
</gml:Curve>
</gml:curveMember>
</gml:Ring>
</gml:exterior>
</gml:PolygonPatch>
</gml:patches>
</gml:Surface>
</area>
<type>透過水制</type>
</WStrA>
<WStrA gml:id="K28_4671011850_2">
<fid>20230331-46731-11850-s-3618</fid>
<lfSpanFr gml:id="K28_4671011850_2-1">
<gml:timePosition>2023-03-31</gml:timePosition>
</lfSpanFr>
<devDate gml:id="K28_4671011850_2-2">
<gml:timePosition>2023-03-31</gml:timePosition>
</devDate>
<orgGILvl>2500</orgGILvl>
<vis>表示</vis>
<area>
<gml:Surface gml:id="K28_4671011850_2-g" srsName="fguuid:jgd2011.bl">
<gml:patches>
<gml:PolygonPatch>
<gml:exterior>
<gml:Ring>
<gml:curveMember>
<gml:Curve gml:id="K28_4671011850_2-3">
<gml:segments>
<gml:LineStringSegment>
<gml:posList>
32.920837543 129.813045054
32.920854013 129.813061482
32.920856471 129.813066612
32.920860492 129.813081691
32.920865371 129.81311032
32.920879266 129.813107001
32.920880537 129.813031712
32.920877759 129.812999391
32.919909962 129.813073479
32.919904308 129.813098692
32.919907424 129.813114741
32.91991551 129.813126744
32.919929656 129.813131606
32.919941464 129.813133358
32.919955626 129.813132018
32.919995418 129.813122214
32.92005523 129.813112589
32.920103400 129.813106557
32.920732875 129.813055421
32.920755962 129.813054753
32.920778781 129.813053123
32.920797006 129.813049445
32.920831284 129.813045182
32.920837543 129.813045054
</gml:posList>
</gml:LineStringSegment>
</gml:segments>
</gml:Curve>
</gml:curveMember>
</gml:Ring>
</gml:exterior>
</gml:PolygonPatch>
</gml:patches>
</gml:Surface>
</area>
<type>透過水制</type>
</WStrA>
<WStrA gml:id="K28_4671011850_3">
<fid>20230331-46725-11850-s-3316</fid>
<lfSpanFr gml:id="K28_4671011850_3-1">
<gml:timePosition>2023-03-31</gml:timePosition>
</lfSpanFr>
<devDate gml:id="K28_4671011850_3-2">
<gml:timePosition>2023-03-31</gml:timePosition>
</devDate>
<orgGILvl>2500</orgGILvl>
<vis>表示</vis>
<area>
<gml:Surface gml:id="K28_4671011850_3-g" srsName="fguuid:jgd2011.bl">
<gml:patches>
<gml:PolygonPatch>
<gml:exterior>
<gml:Ring>
<gml:curveMember>
<gml:Curve gml:id="K28_4671011850_3-3">
<gml:segments>
<gml:LineStringSegment>
<gml:posList>
32.922044927 129.799669509
32.922095881 129.799695851
32.922131711 129.799600619
32.922078835 129.799573666
32.922094431 129.799529583
32.921850359 129.799404465
32.921804702 129.799532585
32.922011444 129.799641229
32.922001575 129.799672492
32.922022644 129.799682571
32.921997673 129.799750285
32.922005417 129.799755123
32.922032294 129.799689436
32.922037122 129.799691569
32.922044927 129.799669509
</gml:posList>
</gml:LineStringSegment>
</gml:segments>
</gml:Curve>
</gml:curveMember>
</gml:Ring>
</gml:exterior>
</gml:PolygonPatch>
</gml:patches>
</gml:Surface>
</area>
<type>桟橋（鉄，コンクリート）</type>
</WStrA>
<WStrA gml:id="K28_4671011850_4">
<fid>20230331-46731-11856-s-5556</fid>
<lfSpanFr gml:id="K28_4671011850_4-1">
<gml:timePosition>2023-03-31</gml:timePosition>
</lfSpanFr>
<devDate gml:id="K28_4671011850_4-2">
<gml:timePosition>2023-03-31</gml:timePosition>
</devDate>
<orgGILvl>2500</orgGILvl>
<vis>表示</vis>
<area>
<gml:Surface gml:id="K28_4671011850_4-g" srsName="fguuid:jgd2011.bl">
<gml:patches>
<gml:PolygonPatch>
<gml:exterior>
<gml:Ring>
<gml:curveMember>
<gml:Curve gml:id="K28_4671011850_4-3">
<gml:segments>
<gml:LineStringSegment>
<gml:posList>
32.935628189 129.815984085
32.935668288 129.815996098
32.936125317 129.816133962
32.936161909 129.815963419
32.936052428 129.815930413
32.936038557 129.815995275
32.936092077 129.816013111
32.936096402 129.816014516
32.936086011 129.816058324
32.935645507 129.815911215
32.935628189 129.815984085
</gml:posList>
</gml:LineStringSegment>
</gml:segments>
</gml:Curve>
</gml:curveMember>
</gml:Ring>
</gml:exterior>
</gml:PolygonPatch>
</gml:patches>
</gml:Surface>
</area>
<type>透過水制</type>
</WStrA>
<WStrA gml:id="K28_4671011850_5">
<fid>20230331-46731-11862-s-2770</fid>
<lfSpanFr gml:id="K28_4671011850_5-1">
<gml:timePosition>2023-03-31</gml:timePosition>
</lfSpanFr>
<devDate gml:id="K28_4671011850_5-2">
<gml:timePosition>2023-03-31</gml:timePosition>
</devDate>
<orgGILvl>2500</orgGILvl>
<vis>表示</vis>
<area>
<gml:Surface gml:id="K28_4671011850_5-g" srsName="fguuid:jgd2011.bl">
<gml:patches>
<gml:PolygonPatch>
<gml:exterior>
<gml:Ring>
<gml:curveMember>
<gml:Curve gml:id="K28_4671011850_5-3">
<gml:segments>
<gml:LineStringSegment>
<gml:posList>
32.953064665 129.816360571
32.953040352 129.816346580
32.953030916 129.816369543
32.952868289 129.816666667
32.952827772 129.816740692
32.952897378 129.816798078
32.952967826 129.816666667
32.953118799 129.816385044
32.953078366 129.816362973
32.952915958 129.816666667
32.952876495 129.81674046
32.952865784 129.816732400
32.952900943 129.816666667
32.953064665 129.816360571
</gml:posList>
</gml:LineStringSegment>
</gml:segments>
</gml:Curve>
</gml:curveMember>
</gml:Ring>
</gml:exterior>
</gml:PolygonPatch>
</gml:patches>
</gml:Surface>
</area>
<type>透過水制</type>
</WStrA>
<WStrA gml:id="K28_4671011850_6">
<fid>20230331-46725-11856-s-3891</fid>
<lfSpanFr gml:id="K28_4671011850_6-1">
<gml:timePosition>2023-03-31</gml:timePosition>
</lfSpanFr>
<devDate gml:id="K28_4671011850_6-2">
<gml:timePosition>2023-03-31</gml:timePosition>
</devDate>
<orgGILvl>2500</orgGILvl>
<vis>表示</vis>
<area>
<gml:Surface gml:id="K28_4671011850_6-g" srsName="fguuid:jgd2011.bl">
<gml:patches>
<gml:PolygonPatch>
<gml:exterior>
<gml:Ring>
<gml:curveMember>
<gml:Curve gml:id="K28_4671011850_6-3">
<gml:segments>
<gml:LineStringSegment>
<gml:posList>
32.937078963 129.798523861
32.937076492 129.798539359
32.937038367 129.798530783
32.937122491 129.798006419
32.937102312 129.797997904
32.937088078 129.797991974
32.936996263 129.798564755
32.937069808 129.798581364
32.937106401 129.798589615
32.937115646 129.798532112
32.937078963 129.798523861
</gml:posList>
</gml:LineStringSegment>
</gml:segments>
</gml:Curve>
</gml:curveMember>
</gml:Ring>
</gml:exterior>
</gml:PolygonPatch>
</gml:patches>
</gml:Surface>
</area>
<type>透過水制</type>
</WStrA>
<WStrA gml:id="K28_4671011850_7">
<fid>20230331-46731-11856-s-5557</fid>
<lfSpanFr gml:id="K28_4671011850_7-1">
<gml:timePosition>2023-03-31</gml:timePosition>
</lfSpanFr>
<devDate gml:id="K28_4671011850_7-2">
<gml:timePosition>2023-03-31</gml:timePosition>
</devDate>
<orgGILvl>2500</orgGILvl>
<vis>表示</vis>
<area>
<gml:Surface gml:id="K28_4671011850_7-g" srsName="fguuid:jgd2011.bl">
<gml:patches>
<gml:PolygonPatch>
<gml:exterior>
<gml:Ring>
<gml:curveMember>
<gml:Curve gml:id="K28_4671011850_7-3">
<gml:segments>
<gml:LineStringSegment>
<gml:posList>
32.939231151 129.813215117
32.939195431 129.813110829
32.939082754 129.813165186
32.939165652 129.813406954
32.939187156 129.813426386
32.939193439 129.813437744
32.939208019 129.813485171
32.939233751 129.813472750
32.939157568 129.813250576
32.939140111 129.813199503
32.939178122 129.813180922
32.939184747 129.813200088
32.939190028 129.813215721
32.939195758 129.813232210
32.939231151 129.813215117
</gml:posList>
</gml:LineStringSegment>
</gml:segments>
</gml:Curve>
</gml:curveMember>
</gml:Ring>
</gml:exterior>
</gml:PolygonPatch>
</gml:patches>
</gml:Surface>
</area>
<type>透過水制</type>
</WStrA>
<WStrA gml:id="K28_4671011850_8">
<fid>20230331-46722-11859-s-1534</fid>
<lfSpanFr gml:id="K28_4671011850_8-1">
<gml:timePosition>2023-03-31</gml:timePosition>
</lfSpanFr>
<devDate gml:id="K28_4671011850_8-2">
<gml:timePosition>2023-03-31</gml:timePosition>
</devDate>
<orgGILvl>2500</orgGILvl>
<vis>表示</vis>
<area>
<gml:Surface gml:id="K28_4671011850_8-g" srsName="fguuid:jgd2011.bl">
<gml:patches>
<gml:PolygonPatch>
<gml:exterior>
<gml:Ring>
<gml:curveMember>
<gml:Curve gml:id="K28_4671011850_8-3">
<gml:segments>
<gml:LineStringSegment>
<gml:posList>
32.947483856 129.785401360
32.947280312 129.785301080
32.947055748 129.785192808
32.947044979 129.785225148
32.947466378 129.785429967
32.947483856 129.785401360
</gml:posList>
</gml:LineStringSegment>
</gml:segments>
</gml:Curve>
</gml:curveMember>
</gml:Ring>
</gml:exterior>
</gml:PolygonPatch>
</gml:patches>
</gml:Surface>
</area>
<type>透過水制</type>
</WStrA>
<WStrA gml:id="K28_4671011850_9">
<fid>20230331-46722-11859-s-1533</fid>
<lfSpanFr gml:id="K28_4671011850_9-1">
<gml:timePosition>2023-03-31</gml:timePosition>
</lfSpanFr>
<devDate gml:id="K28_4671011850_9-2">
<gml:timePosition>2023-03-31</gml:timePosition>
</devDate>
<orgGILvl>2500</orgGILvl>
<vis>表示</vis>
<area>
<gml:Surface gml:id="K28_4671011850_9-g" srsName="fguuid:jgd2011.bl">
<gml:patches>
<gml:PolygonPatch>
<gml:exterior>
<gml:Ring>
<gml:curveMember>
<gml:Curve gml:id="K28_4671011850_9-3">
<gml:segments>
<gml:LineStringSegment>
<gml:posList>
32.946948672 129.785177256
32.946953668 129.785153250
32.946575156 129.785095244
32.946575845 129.785125332
32.946578326 129.785128922
32.946916412 129.785186414
32.946932284 129.785186187
32.946944463 129.785183841
32.946948672 129.785177256
</gml:posList>
</gml:LineStringSegment>
</gml:segments>
</gml:Curve>
</gml:curveMember>
</gml:Ring>
</gml:exterior>
</gml:PolygonPatch>
</gml:patches>
</gml:Surface>
</area>
<type>透過水制</type>
</WStrA>
<WStrA gml:id="K28_4671011850_10">
<fid>20230331-46728-11850-s-2517</fid>
<lfSpanFr gml:id="K28_4671011850_10-1">
<gml:timePosition>2023-03-31</gml:timePosition>
</lfSpanFr>
<devDate gml:id="K28_4671011850_10-2">
<gml:timePosition>2023-03-31</gml:timePosition>
</devDate>
<orgGILvl>2500</orgGILvl>
<vis>表示</vis>
<area>
<gml:Surface gml:id="K28_4671011850_10-g" srsName="fguuid:jgd2011.bl">
<gml:patches>
<gml:PolygonPatch>
<gml:exterior>
<gml:Ring>
<gml:curveMember>
<gml:Curve gml:id="K28_4671011850_10-3">
<gml:segments>
<gml:LineStringSegment>
<gml:posList>
32.917301981 129.805727668
32.917312965 129.805709188
32.917300726 129.805698957
32.917350858 129.805616889
32.917328158 129.805595642
32.917371918 129.805519701
32.917352006 129.805505070
32.917196447 129.805768265
32.917215964 129.805781953
32.917307472 129.805628651
32.917317426 129.805636672
32.917273659 129.805704595
32.917301981 129.805727668
</gml:posList>
</gml:LineStringSegment>
</gml:segments>
</gml:Curve>
</gml:curveMember>
</gml:Ring>
</gml:exterior>
</gml:PolygonPatch>
</gml:patches>
</gml:Surface>
</area>
<type>桟橋（鉄，コンクリート）</type>
</WStrA>
<WStrA gml:id="K28_4671011850_11">
<fid>20230331-46716-11859-s-1135</fid>
<lfSpanFr gml:id="K28_4671011850_11-1">
<gml:timePosition>2023-03-31</gml:timePosition>
</lfSpanFr>
<devDate gml:id="K28_4671011850_11-2">
<gml:timePosition>2023-03-31</gml:timePosition>
</devDate>
<orgGILvl>2500</orgGILvl>
<vis>表示</vis>
<area>
<gml:Surface gml:id="K28_4671011850_11-g" srsName="fguuid:jgd2011.bl">
<gml:patches>
<gml:PolygonPatch>
<gml:exterior>
<gml:Ring>
<gml:curveMember>
<gml:Curve gml:id="K28_4671011850_11-3">
<gml:segments>
<gml:LineStringSegment>
<gml:posList>
32.943588932 129.773633050
32.943490891 129.773765042
32.943154848 129.773867103
32.943253869 129.7738642
32.943271556 129.773858800
32.943411603 129.773816346
32.943424869 129.773812216
32.94345591 129.773802793
32.943503014 129.773788501
32.943532589 129.773748700
32.943588932 129.773633050
</gml:posList>
</gml:LineStringSegment>
</gml:segments>
</gml:Curve>
</gml:curveMember>
</gml:Ring>
</gml:exterior>
</gml:PolygonPatch>
</gml:patches>
</gml:Surface>
</area>
<type>砂防ダム</type>
</WStrA>
<WStrA gml:id="K28_4671011850_12">
<fid>20230331-46728-11850-s-2514</fid>
<lfSpanFr gml:id="K28_4671011850_12-1">
<gml:timePosition>2023-03-31</gml:timePosition>
</lfSpanFr>
<devDate gml:id="K28_4671011850_12-2">
<gml:timePosition>2023-03-31</gml:timePosition>
</devDate>
<orgGILvl>2500</orgGILvl>
<vis>表示</vis>
<area>
<gml:Surface gml:id="K28_4671011850_12-g" srsName="fguuid:jgd2011.bl">
<gml:patches>
<gml:PolygonPatch>
<gml:exterior>
<gml:Ring>
<gml:curveMember>
<gml:Curve gml:id="K28_4671011850_12-3">
<gml:segments>
<gml:LineStringSegment>
<gml:posList>
32.917650321 129.803632516
32.917644677 129.803617314
32.917617136 129.803632723
32.917615076 129.803626622
32.917595573 129.803636819
32.917542262 129.80349508
32.917520329 129.803503238
32.917636421 129.803823421
32.91765809 129.803812589
32.917604077 129.803662722
32.917624751 129.803653277
32.917622870 129.803647818
32.917650321 129.803632516
</gml:posList>
</gml:LineStringSegment>
</gml:segments>
</gml:Curve>
</gml:curveMember>
</gml:Ring>
</gml:exterior>
</gml:PolygonPatch>
</gml:patches>
</gml:Surface>
</area>
<type>桟橋（鉄，コンクリート）</type>
</WStrA>
<WStrA gml:id="K28_4671011850_13">
<fid>20230331-46728-11850-s-2516</fid>
<lfSpanFr gml:id="K28_4671011850_13-1">
<gml:timePosition>2023-03-31</gml:timePosition>
</lfSpanFr>
<devDate gml:id="K28_4671011850_13-2">
<gml:timePosition>2023-03-31</gml:timePosition>
</devDate>
<orgGILvl>2500</orgGILvl>
<vis>表示</vis>
<area>
<gml:Surface gml:id="K28_4671011850_13-g" srsName="fguuid:jgd2011.bl">
<gml:patches>
<gml:PolygonPatch>
<gml:exterior>
<gml:Ring>
<gml:curveMember>
<gml:Curve gml:id="K28_4671011850_13-3">
<gml:segments>
<gml:LineStringSegment>
<gml:posList>
32.918038736 129.804513767
32.918043915 129.804497747
32.917976535 129.804468114
32.917989239 129.804435655
32.917903693 129.804385111
32.917873758 129.804457819
32.917958494 129.804507398
32.917968927 129.804481452
32.918038736 129.804513767
</gml:posList>
</gml:LineStringSegment>
</gml:segments>
</gml:Curve>
</gml:curveMember>
</gml:Ring>
</gml:exterior>
</gml:PolygonPatch>
</gml:patches>
</gml:Surface>
</area>
<type>桟橋（鉄，コンクリート）</type>
</WStrA>
<WStrA gml:id="K28_4671011850_14">
<fid>20230331-46716-11853-s-845</fid>
<lfSpanFr gml:id="K28_4671011850_14-1">
<gml:timePosition>2023-03-31</gml:timePosition>
</lfSpanFr>
<devDate gml:id="K28_4671011850_14-2">
<gml:timePosition>2023-03-31</gml:timePosition>
</devDate>
<orgGILvl>2500</orgGILvl>
<vis>表示</vis>
<area>
<gml:Surface gml:id="K28_4671011850_14-g" srsName="fguuid:jgd2011.bl">
<gml:patches>
<gml:PolygonPatch>
<gml:exterior>
<gml:Ring>
<gml:curveMember>
<gml:Curve gml:id="K28_4671011850_14-3">
<gml:segments>
<gml:LineStringSegment>
<gml:posList>
32.925294445 129.772871979
32.925278462 129.772881874
32.925115689 129.772511091
32.925147149 129.772599294
32.925159877 129.772634833
32.925256428 129.772854861
32.925260901 129.772871127
32.925272656 129.772898109
32.925328648 129.773025629
32.925337711 129.773046186
32.925346248 129.773059471
32.925351632 129.773071784
32.925382101 129.77311807
32.925358861 129.773064963
32.925342709 129.773028345
32.925358692 129.773018343
32.925354475 129.773008814
32.925298573 129.772881401
32.925294445 129.772871979
</gml:posList>
</gml:LineStringSegment>
</gml:segments>
</gml:Curve>
</gml:curveMember>
</gml:Ring>
</gml:exterior>
</gml:PolygonPatch>
</gml:patches>
</gml:Surface>
</area>
<type>砂防ダム</type>
</WStrA>
<WStrA gml:id="K28_4671011850_15">
<fid>20230331-46725-11859-s-2815</fid>
<lfSpanFr gml:id="K28_4671011850_15-1">
<gml:timePosition>2023-03-31</gml:timePosition>
</lfSpanFr>
<devDate gml:id="K28_4671011850_15-2">
<gml:timePosition>2023-03-31</gml:timePosition>
</devDate>
<orgGILvl>2500</orgGILvl>
<vis>表示</vis>
<area>
<gml:Surface gml:id="K28_4671011850_15-g" srsName="fguuid:jgd2011.bl">
<gml:patches>
<gml:PolygonPatch>
<gml:exterior>
<gml:Ring>
<gml:curveMember>
<gml:Curve gml:id="K28_4671011850_15-3">
<gml:segments>
<gml:LineStringSegment>
<gml:posList>
32.945877970 129.797587133
32.945880772 129.797603863
32.945894259 129.797600984
32.945884123 129.797540416
32.945892735 129.797521622
32.946004443 129.797492798
32.946001594 129.797477174
32.945891781 129.797505469
32.945876388 129.797494401
32.945858961 129.797390174
32.945867108 129.797377260
32.945982418 129.797350481
32.94597984 129.797334643
32.945864349 129.797361529
32.945852827 129.797353255
32.945851582 129.797345871
32.945836784 129.797349351
32.945877970 129.797587133
</gml:posList>
</gml:LineStringSegment>
</gml:segments>
</gml:Curve>
</gml:curveMember>
</gml:Ring>
</gml:exterior>
</gml:PolygonPatch>
</gml:patches>
</gml:Surface>
</area>
<type>桟橋（鉄，コンクリート）</type>
</WStrA>
<WStrA gml:id="K28_4671011850_16">
<fid>20230331-46731-11850-s-3619</fid>
<lfSpanFr gml:id="K28_4671011850_16-1">
<gml:timePosition>2023-03-31</gml:timePosition>
</lfSpanFr>
<devDate gml:id="K28_4671011850_16-2">
<gml:timePosition>2023-03-31</gml:timePosition>
</devDate>
<orgGILvl>2500</orgGILvl>
<vis>表示</vis>
<area>
<gml:Surface gml:id="K28_4671011850_16-g" srsName="fguuid:jgd2011.bl">
<gml:patches>
<gml:PolygonPatch>
<gml:exterior>
<gml:Ring>
<gml:curveMember>
<gml:Curve gml:id="K28_4671011850_16-3">
<gml:segments>
<gml:LineStringSegment>
<gml:posList>
32.920374988 129.811926480
32.92037274 129.811887981
32.920342164 129.811890440
32.920343289 129.811909369
32.920313344 129.81191183
32.920312309 129.811893008
32.920166462 129.811904792
32.920168621 129.811943184
32.920374988 129.811926480
</gml:posList>
</gml:LineStringSegment>
</gml:segments>
</gml:Curve>
</gml:curveMember>
</gml:Ring>
</gml:exterior>
</gml:PolygonPatch>
</gml:patches>
</gml:Surface>
</area>
<type>透過水制</type>
</WStrA>
<WStrA gml:id="K28_4671011850_17">
<fid>20230331-46722-11850-s-2575</fid>
<lfSpanFr gml:id="K28_4671011850_17-1">
<gml:timePosition>2023-03-31</gml:timePosition>
</lfSpanFr>
<devDate gml:id="K28_4671011850_17-2">
<gml:timePosition>2023-03-31</gml:timePosition>
</devDate>
<orgGILvl>2500</orgGILvl>
<vis>表示</vis>
<area>
<gml:Surface gml:id="K28_4671011850_17-g" srsName="fguuid:jgd2011.bl">
<gml:patches>
<gml:PolygonPatch>
<gml:exterior>
<gml:Ring>
<gml:curveMember>
<gml:Curve gml:id="K28_4671011850_17-3">
<gml:segments>
<gml:LineStringSegment>
<gml:posList>
32.924733431 129.787837015
32.924723676 129.787839913
32.924738279 129.787873706
32.924709203 129.787894559
32.924744671 129.787960518
32.924798609 129.787920125
32.924765106 129.787854343
32.924746563 129.787867253
32.924733431 129.787837015
</gml:posList>
</gml:LineStringSegment>
</gml:segments>
</gml:Curve>
</gml:curveMember>
</gml:Ring>
</gml:exterior>
</gml:PolygonPatch>
</gml:patches>
</gml:Surface>
</area>
<type>桟橋（鉄，コンクリート）</type>
</WStrA>
<WStrA gml:id="K28_4671011850_18">
<fid>20230331-46731-11865-s-1910</fid>
<lfSpanFr gml:id="K28_4671011850_18-1">
<gml:timePosition>2023-03-31</gml:timePosition>
</lfSpanFr>
<devDate gml:id="K28_4671011850_18-2">
<gml:timePosition>2023-03-31</gml:timePosition>
</devDate>
<orgGILvl>2500</orgGILvl>
<vis>表示</vis>
<area>
<gml:Surface gml:id="K28_4671011850_18-g" srsName="fguuid:jgd2011.bl">
<gml:patches>
<gml:PolygonPatch>
<gml:exterior>
<gml:Ring>
<gml:curveMember>
<gml:Curve gml:id="K28_4671011850_18-3">
<gml:segments>
<gml:LineStringSegment>
<gml:posList>
32.959583052 129.811532856
32.959588161 129.81154571
32.959641935 129.811534025
32.959642551 129.811540018
32.959810911 129.811504133
32.959807454 129.81148016
32.959639104 129.811512087
32.959640799 129.811519367
32.959583052 129.811532856
</gml:posList>
</gml:LineStringSegment>
</gml:segments>
</gml:Curve>
</gml:curveMember>
</gml:Ring>
</gml:exterior>
</gml:PolygonPatch>
</gml:patches>
</gml:Surface>
</area>
<type>桟橋（鉄，コンクリート）</type>
</WStrA>
<WStrA gml:id="K28_4671011850_19">
<fid>20230331-46731-11865-s-1911</fid>
<lfSpanFr gml:id="K28_4671011850_19-1">
<gml:timePosition>2023-03-31</gml:timePosition>
</lfSpanFr>
<devDate gml:id="K28_4671011850_19-2">
<gml:timePosition>2023-03-31</gml:timePosition>
</devDate>
<orgGILvl>2500</orgGILvl>
<vis>表示</vis>
<area>
<gml:Surface gml:id="K28_4671011850_19-g" srsName="fguuid:jgd2011.bl">
<gml:patches>
<gml:PolygonPatch>
<gml:exterior>
<gml:Ring>
<gml:curveMember>
<gml:Curve gml:id="K28_4671011850_19-3">
<gml:segments>
<gml:LineStringSegment>
<gml:posList>
32.960293097 129.810147732
32.960287521 129.810156420
32.960310276 129.810180268
32.960304939 129.810194069
32.960294842 129.810189520
32.960280752 129.810241917
32.960328297 129.810266065
32.960360509 129.810182304
32.960319452 129.810160072
32.960315806 129.810168456
32.960293097 129.810147732
</gml:posList>
</gml:LineStringSegment>
</gml:segments>
</gml:Curve>
</gml:curveMember>
</gml:Ring>
</gml:exterior>
</gml:PolygonPatch>
</gml:patches>
</gml:Surface>
</area>
<type>桟橋（鉄，コンクリート）</type>
</WStrA>
<WStrA gml:id="K28_4671011850_20">
<fid>20230331-46722-11853-s-4687</fid>
<lfSpanFr gml:id="K28_4671011850_20-1">
<gml:timePosition>2023-03-31</gml:timePosition>
</lfSpanFr>
<devDate gml:id="K28_4671011850_20-2">
<gml:timePosition>2023-03-31</gml:timePosition>
</devDate>
<orgGILvl>2500</orgGILvl>
<vis>表示</vis>
<area>
<gml:Surface gml:id="K28_4671011850_20-g" srsName="fguuid:jgd2011.bl">
<gml:patches>
<gml:PolygonPatch>
<gml:exterior>
<gml:Ring>
<gml:curveMember>
<gml:Curve gml:id="K28_4671011850_20-3">
<gml:segments>
<gml:LineStringSegment>
<gml:posList>
32.930299299 129.785592826
32.930301307 129.785582321
32.930269196 129.785573685
32.930272038 129.785533980
32.930223636 129.785527858
32.930216223 129.785614459
32.930264289 129.785621852
32.930267872 129.785585090
32.930299299 129.785592826
</gml:posList>
</gml:LineStringSegment>
</gml:segments>
</gml:Curve>
</gml:curveMember>
</gml:Ring>
</gml:exterior>
</gml:PolygonPatch>
</gml:patches>
</gml:Surface>
</area>
<type>桟橋（鉄，コンクリート）</type>
</WStrA>
<WStrA gml:id="K28_4671011850_21">
<fid>20230331-46728-11850-s-2515</fid>
<lfSpanFr gml:id="K28_4671011850_21-1">
<gml:timePosition>2023-03-31</gml:timePosition>
</lfSpanFr>
<devDate gml:id="K28_4671011850_21-2">
<gml:timePosition>2023-03-31</gml:timePosition>
</devDate>
<orgGILvl>2500</orgGILvl>
<vis>表示</vis>
<area>
<gml:Surface gml:id="K28_4671011850_21-g" srsName="fguuid:jgd2011.bl">
<gml:patches>
<gml:PolygonPatch>
<gml:exterior>
<gml:Ring>
<gml:curveMember>
<gml:Curve gml:id="K28_4671011850_21-3">
<gml:segments>
<gml:LineStringSegment>
<gml:posList>
32.917775142 129.803886120
32.917764622 129.803873575
32.917744542 129.803898097
32.917741396 129.803894344
32.917725478 129.803913321
32.917680156 129.803860777
32.917663697 129.803880179
32.917743275 129.803974217
32.917759917 129.803953960
32.917740939 129.803933688
32.917758299 129.803914930
32.917754972 129.803910749
32.917775142 129.803886120
</gml:posList>
</gml:LineStringSegment>
</gml:segments>
</gml:Curve>
</gml:curveMember>
</gml:Ring>
</gml:exterior>
</gml:PolygonPatch>
</gml:patches>
</gml:Surface>
</area>
<type>桟橋（鉄，コンクリート）</type>
</WStrA>
<WStrA gml:id="K28_4671011850_22">
<fid>20230331-46722-11850-s-2576</fid>
<lfSpanFr gml:id="K28_4671011850_22-1">
<gml:timePosition>2023-03-31</gml:timePosition>
</lfSpanFr>
<devDate gml:id="K28_4671011850_22-2">
<gml:timePosition>2023-03-31</gml:timePosition>
</devDate>
<orgGILvl>2500</orgGILvl>
<vis>表示</vis>
<area>
<gml:Surface gml:id="K28_4671011850_22-g" srsName="fguuid:jgd2011.bl">
<gml:patches>
<gml:PolygonPatch>
<gml:exterior>
<gml:Ring>
<gml:curveMember>
<gml:Curve gml:id="K28_4671011850_22-3">
<gml:segments>
<gml:LineStringSegment>
<gml:posList>
32.924925996 129.788016685
32.924906245 129.788045181
32.924898192 129.788037338
32.924862589 129.788088718
32.924893486 129.788118821
32.924928791 129.788067889
32.924915430 129.788054866
32.924934294 129.78802765
32.924925996 129.788016685
</gml:posList>
</gml:LineStringSegment>
</gml:segments>
</gml:Curve>
</gml:curveMember>
</gml:Ring>
</gml:exterior>
</gml:PolygonPatch>
</gml:patches>
</gml:Surface>
</area>
<type>桟橋（鉄，コンクリート）</type>
</WStrA>
<WStrA gml:id="K28_4671011850_23">
<fid>20230331-46722-11853-s-4688</fid>
<lfSpanFr gml:id="K28_4671011850_23-1">
<gml:timePosition>2023-03-31</gml:timePosition>
</lfSpanFr>
<devDate gml:id="K28_4671011850_23-2">
<gml:timePosition>2023-03-31</gml:timePosition>
</devDate>
<orgGILvl>2500</orgGILvl>
<vis>表示</vis>
<area>
<gml:Surface gml:id="K28_4671011850_23-g" srsName="fguuid:jgd2011.bl">
<gml:patches>
<gml:PolygonPatch>
<gml:exterior>
<gml:Ring>
<gml:curveMember>
<gml:Curve gml:id="K28_4671011850_23-3">
<gml:segments>
<gml:LineStringSegment>
<gml:posList>
32.927541567 129.786086732
32.927554484 129.786112874
32.927537838 129.786124444
32.927556993 129.786163192
32.927597863 129.786134785
32.927579282 129.786097204
32.927564379 129.78610756
32.927551139 129.786080764
32.927541567 129.786086732
</gml:posList>
</gml:LineStringSegment>
</gml:segments>
</gml:Curve>
</gml:curveMember>
</gml:Ring>
</gml:exterior>
</gml:PolygonPatch>
</gml:patches>
</gml:Surface>
</area>
<type>桟橋（鉄，コンクリート）</type>
</WStrA>
<WStrA gml:id="K28_4671011850_24">
<fid>20230331-46731-11856-s-5593</fid>
<lfSpanFr gml:id="K28_4671011850_24-1">
<gml:timePosition>2023-03-31</gml:timePosition>
</lfSpanFr>
<devDate gml:id="K28_4671011850_24-2">
<gml:timePosition>2023-03-31</gml:timePosition>
</devDate>
<orgGILvl>2500</orgGILvl>
<vis>表示</vis>
<area>
<gml:Surface gml:id="K28_4671011850_24-g" srsName="fguuid:jgd2011.bl">
<gml:patches>
<gml:PolygonPatch>
<gml:exterior>
<gml:Ring>
<gml:curveMember>
<gml:Curve gml:id="K28_4671011850_24-3">
<gml:segments>
<gml:LineStringSegment>
<gml:posList>
32.936144331 129.814244341
32.936139295 129.814242441
32.936146866 129.814232951
32.936142418 129.814230497
32.936134412 129.814240606
32.936108303 129.814230750
32.936097041 129.814294778
32.936131510 129.81430431
32.936144331 129.814244341
</gml:posList>
</gml:LineStringSegment>
</gml:segments>
</gml:Curve>
</gml:curveMember>
</gml:Ring>
</gml:exterior>
</gml:PolygonPatch>
</gml:patches>
</gml:Surface>
</area>
<type>桟橋（鉄，コンクリート）</type>
</WStrA>
<WStrA gml:id="K28_4671011850_25">
<fid>20230331-46725-11856-s-3912</fid>
<lfSpanFr gml:id="K28_4671011850_25-1">
<gml:timePosition>2023-03-31</gml:timePosition>
</lfSpanFr>
<devDate gml:id="K28_4671011850_25-2">
<gml:timePosition>2023-03-31</gml:timePosition>
</devDate>
<orgGILvl>2500</orgGILvl>
<vis>表示</vis>
<area>
<gml:Surface gml:id="K28_4671011850_25-g" srsName="fguuid:jgd2011.bl">
<gml:patches>
<gml:PolygonPatch>
<gml:exterior>
<gml:Ring>
<gml:curveMember>
<gml:Curve gml:id="K28_4671011850_25-3">
<gml:segments>
<gml:LineStringSegment>
<gml:posList>
32.93830919 129.798020024
32.938307946 129.798012213
32.938263543 129.798027143
32.938261939 129.798019438
32.938182256 129.798042804
32.938186714 129.798064101
32.938266577 129.798040735
32.938265418 129.798034956
32.93830919 129.798020024
</gml:posList>
</gml:LineStringSegment>
</gml:segments>
</gml:Curve>
</gml:curveMember>
</gml:Ring>
</gml:exterior>
</gml:PolygonPatch>
</gml:patches>
</gml:Surface>
</area>
<type>桟橋（鉄，コンクリート）</type>
</WStrA>
<WStrA gml:id="K28_4671011850_26">
<fid>20230331-46728-11856-s-3488</fid>
<lfSpanFr gml:id="K28_4671011850_26-1">
<gml:timePosition>2023-03-31</gml:timePosition>
</lfSpanFr>
<devDate gml:id="K28_4671011850_26-2">
<gml:timePosition>2023-03-31</gml:timePosition>
</devDate>
<orgGILvl>2500</orgGILvl>
<vis>表示</vis>
<area>
<gml:Surface gml:id="K28_4671011850_26-g" srsName="fguuid:jgd2011.bl">
<gml:patches>
<gml:PolygonPatch>
<gml:exterior>
<gml:Ring>
<gml:curveMember>
<gml:Curve gml:id="K28_4671011850_26-3">
<gml:segments>
<gml:LineStringSegment>
<gml:posList>
32.938408922 129.802413399
32.938415605 129.802409251
32.938402243 129.802378513
32.938411454 129.802372877
32.938394146 129.802333250
32.938363350 129.802352074
32.938380658 129.802391808
32.938395559 129.802382661
32.938408922 129.802413399
</gml:posList>
</gml:LineStringSegment>
</gml:segments>
</gml:Curve>
</gml:curveMember>
</gml:Ring>
</gml:exterior>
</gml:PolygonPatch>
</gml:patches>
</gml:Surface>
</area>
<type>桟橋（鉄，コンクリート）</type>
</WStrA>
<WStrA gml:id="K28_4671011850_27">
<fid>20230331-46731-11865-s-1909</fid>
<lfSpanFr gml:id="K28_4671011850_27-1">
<gml:timePosition>2023-03-31</gml:timePosition>
</lfSpanFr>
<devDate gml:id="K28_4671011850_27-2">
<gml:timePosition>2023-03-31</gml:timePosition>
</devDate>
<orgGILvl>2500</orgGILvl>
<vis>表示</vis>
<area>
<gml:Surface gml:id="K28_4671011850_27-g" srsName="fguuid:jgd2011.bl">
<gml:patches>
<gml:PolygonPatch>
<gml:exterior>
<gml:Ring>
<gml:curveMember>
<gml:Curve gml:id="K28_4671011850_27-3">
<gml:segments>
<gml:LineStringSegment>
<gml:posList>
32.959291340 129.811782027
32.959296531 129.811797769
32.959339791 129.811771928
32.959341496 129.811775250
32.959383937 129.811751760
32.959378930 129.811734521
32.959335861 129.811756618
32.959338104 129.811761226
32.959291340 129.811782027
</gml:posList>
</gml:LineStringSegment>
</gml:segments>
</gml:Curve>
</gml:curveMember>
</gml:Ring>
</gml:exterior>
</gml:PolygonPatch>
</gml:patches>
</gml:Surface>
</area>
<type>桟橋（鉄，コンクリート）</type>
</WStrA>
<WStrA gml:id="K28_4671011850_28">
<fid>20230331-46722-11856-s-1376</fid>
<lfSpanFr gml:id="K28_4671011850_28-1">
<gml:timePosition>2023-03-31</gml:timePosition>
</lfSpanFr>
<devDate gml:id="K28_4671011850_28-2">
<gml:timePosition>2023-03-31</gml:timePosition>
</devDate>
<orgGILvl>2500</orgGILvl>
<vis>表示</vis>
<area>
<gml:Surface gml:id="K28_4671011850_28-g" srsName="fguuid:jgd2011.bl">
<gml:patches>
<gml:PolygonPatch>
<gml:exterior>
<gml:Ring>
<gml:curveMember>
<gml:Curve gml:id="K28_4671011850_28-3">
<gml:segments>
<gml:LineStringSegment>
<gml:posList>
32.939473402 129.784201706
32.939439600 129.784197751
32.939435231 129.784240939
32.939468946 129.784245752
32.939473402 129.784201706
</gml:posList>
</gml:LineStringSegment>
</gml:segments>
</gml:Curve>
</gml:curveMember>
</gml:Ring>
</gml:exterior>
</gml:PolygonPatch>
</gml:patches>
</gml:Surface>
</area>
<type>桟橋（鉄，コンクリート）</type>
</WStrA>
<WStrA gml:id="K28_4671011850_29">
<fid>20230331-46728-11850-s-2513</fid>
<lfSpanFr gml:id="K28_4671011850_29-1">
<gml:timePosition>2023-03-31</gml:timePosition>
</lfSpanFr>
<devDate gml:id="K28_4671011850_29-2">
<gml:timePosition>2023-03-31</gml:timePosition>
</devDate>
<orgGILvl>2500</orgGILvl>
<vis>表示</vis>
<area>
<gml:Surface gml:id="K28_4671011850_29-g" srsName="fguuid:jgd2011.bl">
<gml:patches>
<gml:PolygonPatch>
<gml:exterior>
<gml:Ring>
<gml:curveMember>
<gml:Curve gml:id="K28_4671011850_29-3">
<gml:segments>
<gml:LineStringSegment>
<gml:posList>
32.919048998 129.801834761
32.919052530 129.801828358
32.919020702 129.801800569
32.919026463 129.801789779
32.918993318 129.801765717
32.918982111 129.801787426
32.919015508 129.801811553
32.919018348 129.801807874
32.919048998 129.801834761
</gml:posList>
</gml:LineStringSegment>
</gml:segments>
</gml:Curve>
</gml:curveMember>
</gml:Ring>
</gml:exterior>
</gml:PolygonPatch>
</gml:patches>
</gml:Surface>
</area>
<type>桟橋（鉄，コンクリート）</type>
</WStrA>
<WStrA gml:id="K28_4671011850_30">
<fid>20230331-46731-11850-s-3620</fid>
<lfSpanFr gml:id="K28_4671011850_30-1">
<gml:timePosition>2023-03-31</gml:timePosition>
</lfSpanFr>
<devDate gml:id="K28_4671011850_30-2">
<gml:timePosition>2023-03-31</gml:timePosition>
</devDate>
<orgGILvl>2500</orgGILvl>
<vis>表示</vis>
<area>
<gml:Surface gml:id="K28_4671011850_30-g" srsName="fguuid:jgd2011.bl">
<gml:patches>
<gml:PolygonPatch>
<gml:exterior>
<gml:Ring>
<gml:curveMember>
<gml:Curve gml:id="K28_4671011850_30-3">
<gml:segments>
<gml:LineStringSegment>
<gml:posList>
32.920447593 129.811885678
32.920415759 129.811886208
32.920415663 129.811924484
32.920445062 129.811923946
32.920447593 129.811885678
</gml:posList>
</gml:LineStringSegment>
</gml:segments>
</gml:Curve>
</gml:curveMember>
</gml:Ring>
</gml:exterior>
</gml:PolygonPatch>
</gml:patches>
</gml:Surface>
</area>
<type>透過水制</type>
</WStrA>
<WStrA gml:id="K28_4671011850_31">
<fid>20230331-46731-11865-s-1912</fid>
<lfSpanFr gml:id="K28_4671011850_31-1">
<gml:timePosition>2023-03-31</gml:timePosition>
</lfSpanFr>
<devDate gml:id="K28_4671011850_31-2">
<gml:timePosition>2023-03-31</gml:timePosition>
</devDate>
<orgGILvl>2500</orgGILvl>
<vis>表示</vis>
<area>
<gml:Surface gml:id="K28_4671011850_31-g" srsName="fguuid:jgd2011.bl">
<gml:patches>
<gml:PolygonPatch>
<gml:exterior>
<gml:Ring>
<gml:curveMember>
<gml:Curve gml:id="K28_4671011850_31-3">
<gml:segments>
<gml:LineStringSegment>
<gml:posList>
32.960721419 129.808600148
32.960715355 129.808609006
32.960744064 129.808632424
32.960740984 129.808637762
32.960769243 129.808660752
32.960779658 129.808642710
32.960751219 129.808619613
32.960749408 129.808622816
32.960721419 129.808600148
</gml:posList>
</gml:LineStringSegment>
</gml:segments>
</gml:Curve>
</gml:curveMember>
</gml:Ring>
</gml:exterior>
</gml:PolygonPatch>
</gml:patches>
</gml:Surface>
</area>
<type>桟橋（鉄，コンクリート）</type>
</WStrA>
<WStrA gml:id="K28_4671011850_32">
<fid>20230331-46725-11859-s-2814</fid>
<lfSpanFr gml:id="K28_4671011850_32-1">
<gml:timePosition>2023-03-31</gml:timePosition>
</lfSpanFr>
<devDate gml:id="K28_4671011850_32-2">
<gml:timePosition>2023-03-31</gml:timePosition>
</devDate>
<orgGILvl>2500</orgGILvl>
<vis>表示</vis>
<area>
<gml:Surface gml:id="K28_4671011850_32-g" srsName="fguuid:jgd2011.bl">
<gml:patches>
<gml:PolygonPatch>
<gml:exterior>
<gml:Ring>
<gml:curveMember>
<gml:Curve gml:id="K28_4671011850_32-3">
<gml:segments>
<gml:LineStringSegment>
<gml:posList>
32.946098668 129.798102090
32.946105364 129.798092380
32.946084227 129.798069850
32.946088481 129.798063126
32.946074534 129.798050566
32.946059146 129.798074685
32.946074263 129.798088319
32.94607897 129.798080955
32.946098668 129.798102090
</gml:posList>
</gml:LineStringSegment>
</gml:segments>
</gml:Curve>
</gml:curveMember>
</gml:Ring>
</gml:exterior>
</gml:PolygonPatch>
</gml:patches>
</gml:Surface>
</area>
<type>桟橋（鉄，コンクリート）</type>
</WStrA>
<WStrA gml:id="K28_4671011850_33">
<fid>20230331-46725-11856-s-3910</fid>
<lfSpanFr gml:id="K28_4671011850_33-1">
<gml:timePosition>2023-03-31</gml:timePosition>
</lfSpanFr>
<devDate gml:id="K28_4671011850_33-2">
<gml:timePosition>2023-03-31</gml:timePosition>
</devDate>
<orgGILvl>2500</orgGILvl>
<vis>表示</vis>
<area>
<gml:Surface gml:id="K28_4671011850_33-g" srsName="fguuid:jgd2011.bl">
<gml:patches>
<gml:PolygonPatch>
<gml:exterior>
<gml:Ring>
<gml:curveMember>
<gml:Curve gml:id="K28_4671011850_33-3">
<gml:segments>
<gml:LineStringSegment>
<gml:posList>
32.935857787 129.795906617
32.935867884 129.795907934
32.935840319 129.795819297
32.935831834 129.795823012
32.935857787 129.795906617
</gml:posList>
</gml:LineStringSegment>
</gml:segments>
</gml:Curve>
</gml:curveMember>
</gml:Ring>
</gml:exterior>
</gml:PolygonPatch>
</gml:patches>
</gml:Surface>
</area>
<type>桟橋（鉄，コンクリート）</type>
</WStrA>
<WStrA gml:id="K28_4671011850_34">
<fid>20230331-46722-11850-s-2579</fid>
<lfSpanFr gml:id="K28_4671011850_34-1">
<gml:timePosition>2023-03-31</gml:timePosition>
</lfSpanFr>
<devDate gml:id="K28_4671011850_34-2">
<gml:timePosition>2023-03-31</gml:timePosition>
</devDate>
<orgGILvl>2500</orgGILvl>
<vis>表示</vis>
<area>
<gml:Surface gml:id="K28_4671011850_34-g" srsName="fguuid:jgd2011.bl">
<gml:patches>
<gml:PolygonPatch>
<gml:exterior>
<gml:Ring>
<gml:curveMember>
<gml:Curve gml:id="K28_4671011850_34-3">
<gml:segments>
<gml:LineStringSegment>
<gml:posList>
32.922852531 129.788493685
32.922845421 129.788487354
32.922815146 129.788554938
32.922823701 129.788559884
32.922852531 129.788493685
</gml:posList>
</gml:LineStringSegment>
</gml:segments>
</gml:Curve>
</gml:curveMember>
</gml:Ring>
</gml:exterior>
</gml:PolygonPatch>
</gml:patches>
</gml:Surface>
</area>
<type>桟橋（鉄，コンクリート）</type>
</WStrA>
<WStrA gml:id="K28_4671011850_35">
<fid>20230331-46722-11850-s-2578</fid>
<lfSpanFr gml:id="K28_4671011850_35-1">
<gml:timePosition>2023-03-31</gml:timePosition>
</lfSpanFr>
<devDate gml:id="K28_4671011850_35-2">
<gml:timePosition>2023-03-31</gml:timePosition>
</devDate>
<orgGILvl>2500</orgGILvl>
<vis>表示</vis>
<area>
<gml:Surface gml:id="K28_4671011850_35-g" srsName="fguuid:jgd2011.bl">
<gml:patches>
<gml:PolygonPatch>
<gml:exterior>
<gml:Ring>
<gml:curveMember>
<gml:Curve gml:id="K28_4671011850_35-3">
<gml:segments>
<gml:LineStringSegment>
<gml:posList>
32.917705589 129.786798185
32.917759497 129.786806271
32.917760518 129.786793658
32.917706429 129.786785999
32.917705589 129.786798185
</gml:posList>
</gml:LineStringSegment>
</gml:segments>
</gml:Curve>
</gml:curveMember>
</gml:Ring>
</gml:exterior>
</gml:PolygonPatch>
</gml:patches>
</gml:Surface>
</area>
<type>桟橋（鉄，コンクリート）</type>
</WStrA>
<WStrA gml:id="K28_4671011850_36">
<fid>20230331-46722-11856-s-1377</fid>
<lfSpanFr gml:id="K28_4671011850_36-1">
<gml:timePosition>2023-03-31</gml:timePosition>
</lfSpanFr>
<devDate gml:id="K28_4671011850_36-2">
<gml:timePosition>2023-03-31</gml:timePosition>
</devDate>
<orgGILvl>2500</orgGILvl>
<vis>表示</vis>
<area>
<gml:Surface gml:id="K28_4671011850_36-g" srsName="fguuid:jgd2011.bl">
<gml:patches>
<gml:PolygonPatch>
<gml:exterior>
<gml:Ring>
<gml:curveMember>
<gml:Curve gml:id="K28_4671011850_36-3">
<gml:segments>
<gml:LineStringSegment>
<gml:posList>
32.939775204 129.784227033
32.939756368 129.784229456
32.939759650 129.784257698
32.939778414 129.784254656
32.939775204 129.784227033
</gml:posList>
</gml:LineStringSegment>
</gml:segments>
</gml:Curve>
</gml:curveMember>
</gml:Ring>
</gml:exterior>
</gml:PolygonPatch>
</gml:patches>
</gml:Surface>
</area>
<type>桟橋（鉄，コンクリート）</type>
</WStrA>
<WStrA gml:id="K28_4671011850_37">
<fid>20230331-46731-11850-s-3652</fid>
<lfSpanFr gml:id="K28_4671011850_37-1">
<gml:timePosition>2023-03-31</gml:timePosition>
</lfSpanFr>
<devDate gml:id="K28_4671011850_37-2">
<gml:timePosition>2023-03-31</gml:timePosition>
</devDate>
<orgGILvl>2500</orgGILvl>
<vis>表示</vis>
<area>
<gml:Surface gml:id="K28_4671011850_37-g" srsName="fguuid:jgd2011.bl">
<gml:patches>
<gml:PolygonPatch>
<gml:exterior>
<gml:Ring>
<gml:curveMember>
<gml:Curve gml:id="K28_4671011850_37-3">
<gml:segments>
<gml:LineStringSegment>
<gml:posList>
32.920951301 129.813186638
32.920937529 129.8131819
32.920932199 129.813212098
32.920946194 129.813215579
32.920951301 129.813186638
</gml:posList>
</gml:LineStringSegment>
</gml:segments>
</gml:Curve>
</gml:curveMember>
</gml:Ring>
</gml:exterior>
</gml:PolygonPatch>
</gml:patches>
</gml:Surface>
</area>
<type>桟橋（鉄，コンクリート）</type>
</WStrA>
</Dataset>
