<?xml version="1.0" encoding="utf-8"?>
<Dataset xsi:schemaLocation="http://fgd.gsi.go.jp/spec/2008/FGD_GMLSchema FGD_GMLSchema.xsd"
	xmlns:gml="http://www.opengis.net/gml/3.2"
	xmlns:xsi="http://www.w3.org/2001/XMLSchema-instance"
	xmlns:xlink="http://www.w3.org/1999/xlink"
	xmlns="http://fgd.gsi.go.jp/spec/2008/FGD_GMLSchema"
	gml:id="Dataset1">
  <gml:description>基盤地図情報メタデータ ID=fmdid:23-0401</gml:description>
  <gml:name>基盤地図情報ダウンロードデータ（GML版）</gml:name>
<RailCL gml:id="K21_4672211856_1">
<fid>46722-11856-s-1370</fid>
<lfSpanFr gml:id="K21_4672211856_1-1">
<gml:timePosition>2023-02-21</gml:timePosition>
</lfSpanFr>
<devDate gml:id="K21_4672211856_1-2">
<gml:timePosition>2023-03-31</gml:timePosition>
</devDate>
<orgGILvl>2500</orgGILvl>
<vis>表示</vis>
<loc>
<gml:Curve gml:id="K21_4672211856_1-g" srsName="fguuid:jgd2011.bl">
<gml:segments>
<gml:LineStringSegment>
<gml:posList>
32.939689427 129.784167427
32.939713335 129.783924316
</gml:posList>
</gml:LineStringSegment>
</gml:segments>
</gml:Curve>
</loc>
<type>索道</type>
</RailCL>
<RailCL gml:id="K21_4672211856_2">
<fid>46722-11856-s-1371</fid>
<lfSpanFr gml:id="K21_4672211856_2-1">
<gml:timePosition>2023-02-21</gml:timePosition>
</lfSpanFr>
<devDate gml:id="K21_4672211856_2-2">
<gml:timePosition>2023-03-31</gml:timePosition>
</devDate>
<orgGILvl>2500</orgGILvl>
<vis>表示</vis>
<loc>
<gml:Curve gml:id="K21_4672211856_2-g" srsName="fguuid:jgd2011.bl">
<gml:segments>
<gml:LineStringSegment>
<gml:posList>
32.939677710 129.783847310
32.939644534 129.784160760
</gml:posList>
</gml:LineStringSegment>
</gml:segments>
</gml:Curve>
</loc>
<type>索道</type>
</RailCL>
<RailCL gml:id="K21_4672211856_3">
<fid>46722-11856-s-1372</fid>
<lfSpanFr gml:id="K21_4672211856_3-1">
<gml:timePosition>2023-02-21</gml:timePosition>
</lfSpanFr>
<devDate gml:id="K21_4672211856_3-2">
<gml:timePosition>2023-03-31</gml:timePosition>
</devDate>
<orgGILvl>2500</orgGILvl>
<vis>表示</vis>
<loc>
<gml:Curve gml:id="K21_4672211856_3-g" srsName="fguuid:jgd2011.bl">
<gml:segments>
<gml:LineStringSegment>
<gml:posList>
32.939598288 129.784153982
32.939626729 129.783860729
</gml:posList>
</gml:LineStringSegment>
</gml:segments>
</gml:Curve>
</loc>
<type>索道</type>
</RailCL>
<RailCL gml:id="K21_4672211856_4">
<fid>46722-11856-s-1373</fid>
<lfSpanFr gml:id="K21_4672211856_4-1">
<gml:timePosition>2023-02-21</gml:timePosition>
</lfSpanFr>
<devDate gml:id="K21_4672211856_4-2">
<gml:timePosition>2023-03-31</gml:timePosition>
</devDate>
<orgGILvl>2500</orgGILvl>
<vis>表示</vis>
<loc>
<gml:Curve gml:id="K21_4672211856_4-g" srsName="fguuid:jgd2011.bl">
<gml:segments>
<gml:LineStringSegment>
<gml:posList>
32.939584375 129.783848081
32.939554837 129.784147533
</gml:posList>
</gml:LineStringSegment>
</gml:segments>
</gml:Curve>
</loc>
<type>索道</type>
</RailCL>
<RailCL gml:id="K21_4672811853_1">
<fid>46728-11853-s-1912</fid>
<lfSpanFr gml:id="K21_4672811853_1-1">
<gml:timePosition>2023-02-21</gml:timePosition>
</lfSpanFr>
<devDate gml:id="K21_4672811853_1-2">
<gml:timePosition>2023-03-31</gml:timePosition>
</devDate>
<orgGILvl>2500</orgGILvl>
<vis>表示</vis>
<loc>
<gml:Curve gml:id="K21_4672811853_1-g" srsName="fguuid:jgd2011.bl">
<gml:segments>
<gml:LineStringSegment>
<gml:posList>
32.928833106 129.803006248
32.928822239 129.803099240
32.928814674 129.803169574
32.928800078 129.803275812
32.928792828 129.803327969
32.928788418 129.803361423
32.928782251 129.803413156
32.928767109 129.803521317
32.928759565 129.803582669
32.928755065 129.803616443
32.928752318 129.803633436
32.928750034 129.803645404
32.928746383 129.803663890
32.928742193 129.803680878
32.928732288 129.803711961
32.928717044 129.803750831
32.928704984 129.803778164
32.928694926 129.803798125
32.928686227 129.803815418
32.928677173 129.803830464
32.928666309 129.803847856
32.928645499 129.803876442
32.928633104 129.803892867
32.928615202 129.803912160
32.928592966 129.803933791
32.928572904 129.803951366
32.928549685 129.803969250
32.928535594 129.803978826
32.928512472 129.803994037
32.928464691 129.804025739
32.928400386 129.804066473
32.928328226 129.804110923
</gml:posList>
</gml:LineStringSegment>
</gml:segments>
</gml:Curve>
</loc>
<type>索道</type>
</RailCL>
<RailCL gml:id="K21_4673111865_1">
<fid>46731-11865-s-1904</fid>
<lfSpanFr gml:id="K21_4673111865_1-1">
<gml:timePosition>2023-02-21</gml:timePosition>
</lfSpanFr>
<devDate gml:id="K21_4673111865_1-2">
<gml:timePosition>2023-03-31</gml:timePosition>
</devDate>
<orgGILvl>2500</orgGILvl>
<vis>表示</vis>
<loc>
<gml:Curve gml:id="K21_4673111865_1-g" srsName="fguuid:jgd2011.bl">
<gml:segments>
<gml:LineStringSegment>
<gml:posList>
32.959619358 129.812161306
32.959688337 129.811947294
</gml:posList>
</gml:LineStringSegment>
</gml:segments>
</gml:Curve>
</loc>
<type>索道</type>
</RailCL>
</Dataset>
