<?xml version="1.0" encoding="utf-8"?>
<Dataset xsi:schemaLocation="http://fgd.gsi.go.jp/spec/2008/FGD_GMLSchema FGD_GMLSchema.xsd"
	xmlns:gml="http://www.opengis.net/gml/3.2"
	xmlns:xsi="http://www.w3.org/2001/XMLSchema-instance"
	xmlns:xlink="http://www.w3.org/1999/xlink"
	xmlns="http://fgd.gsi.go.jp/spec/2008/FGD_GMLSchema"
	gml:id="Dataset1">
  <gml:description>基盤地図情報メタデータ ID=fmdid:23-0401</gml:description>
  <gml:name>基盤地図情報ダウンロードデータ（GML版）</gml:name>
<WStrL gml:id="K27_4671311853_1">
<fid>46713-11853-s-718</fid>
<lfSpanFr gml:id="K27_4671311853_1-1">
<gml:timePosition>2023-02-21</gml:timePosition>
</lfSpanFr>
<devDate gml:id="K27_4671311853_1-2">
<gml:timePosition>2023-03-31</gml:timePosition>
</devDate>
<orgGILvl>2500</orgGILvl>
<vis>表示</vis>
<loc>
<gml:Curve gml:id="K27_4671311853_1-g" srsName="fguuid:jgd2011.bl">
<gml:segments>
<gml:LineStringSegment>
<gml:posList>
32.926974590 129.763733006
32.927139414 129.763614163
</gml:posList>
</gml:LineStringSegment>
</gml:segments>
</gml:Curve>
</loc>
<type>砂防ダム</type>
</WStrL>
<WStrL gml:id="K27_4671311853_2">
<fid>46713-11853-s-719</fid>
<lfSpanFr gml:id="K27_4671311853_2-1">
<gml:timePosition>2023-02-21</gml:timePosition>
</lfSpanFr>
<devDate gml:id="K27_4671311853_2-2">
<gml:timePosition>2023-03-31</gml:timePosition>
</devDate>
<orgGILvl>2500</orgGILvl>
<vis>表示</vis>
<loc>
<gml:Curve gml:id="K27_4671311853_2-g" srsName="fguuid:jgd2011.bl">
<gml:segments>
<gml:LineStringSegment>
<gml:posList>
32.927134224 129.763595328
32.926964613 129.763717578
</gml:posList>
</gml:LineStringSegment>
</gml:segments>
</gml:Curve>
</loc>
<type>砂防ダム</type>
</WStrL>
<WStrL gml:id="K27_4671611850_1">
<fid>46716-11850-s-675</fid>
<lfSpanFr gml:id="K27_4671611850_1-1">
<gml:timePosition>2023-02-21</gml:timePosition>
</lfSpanFr>
<devDate gml:id="K27_4671611850_1-2">
<gml:timePosition>2023-03-31</gml:timePosition>
</devDate>
<orgGILvl>2500</orgGILvl>
<vis>表示</vis>
<loc>
<gml:Curve gml:id="K27_4671611850_1-g" srsName="fguuid:jgd2011.bl">
<gml:segments>
<gml:LineStringSegment>
<gml:posList>
32.924077257 129.774589614
32.924097796 129.774517290
</gml:posList>
</gml:LineStringSegment>
</gml:segments>
</gml:Curve>
</loc>
<type>せき</type>
</WStrL>
<WStrL gml:id="K27_4671611850_2">
<fid>46716-11850-s-676</fid>
<lfSpanFr gml:id="K27_4671611850_2-1">
<gml:timePosition>2023-02-21</gml:timePosition>
</lfSpanFr>
<devDate gml:id="K27_4671611850_2-2">
<gml:timePosition>2023-03-31</gml:timePosition>
</devDate>
<orgGILvl>2500</orgGILvl>
<vis>表示</vis>
<loc>
<gml:Curve gml:id="K27_4671611850_2-g" srsName="fguuid:jgd2011.bl">
<gml:segments>
<gml:LineStringSegment>
<gml:posList>
32.924588576 129.773720291
32.924652590 129.773725407
</gml:posList>
</gml:LineStringSegment>
</gml:segments>
</gml:Curve>
</loc>
<type>せき</type>
</WStrL>
<WStrL gml:id="K27_4671611850_3">
<fid>46716-11850-s-677</fid>
<lfSpanFr gml:id="K27_4671611850_3-1">
<gml:timePosition>2023-02-21</gml:timePosition>
</lfSpanFr>
<devDate gml:id="K27_4671611850_3-2">
<gml:timePosition>2023-03-31</gml:timePosition>
</devDate>
<orgGILvl>2500</orgGILvl>
<vis>表示</vis>
<loc>
<gml:Curve gml:id="K27_4671611850_3-g" srsName="fguuid:jgd2011.bl">
<gml:segments>
<gml:LineStringSegment>
<gml:posList>
32.924088978 129.774590506
32.924108517 129.774521600
</gml:posList>
</gml:LineStringSegment>
</gml:segments>
</gml:Curve>
</loc>
<type>せき</type>
</WStrL>
<WStrL gml:id="K27_4671611850_4">
<fid>46716-11850-s-678</fid>
<lfSpanFr gml:id="K27_4671611850_4-1">
<gml:timePosition>2023-02-21</gml:timePosition>
</lfSpanFr>
<devDate gml:id="K27_4671611850_4-2">
<gml:timePosition>2023-03-31</gml:timePosition>
</devDate>
<orgGILvl>2500</orgGILvl>
<vis>表示</vis>
<loc>
<gml:Curve gml:id="K27_4671611850_4-g" srsName="fguuid:jgd2011.bl">
<gml:segments>
<gml:LineStringSegment>
<gml:posList>
32.924590138 129.773706931
32.924654512 129.773712368
</gml:posList>
</gml:LineStringSegment>
</gml:segments>
</gml:Curve>
</loc>
<type>せき</type>
</WStrL>
<WStrL gml:id="K27_4671611853_1">
<fid>46716-11853-s-793</fid>
<lfSpanFr gml:id="K27_4671611853_1-1">
<gml:timePosition>2023-02-21</gml:timePosition>
</lfSpanFr>
<devDate gml:id="K27_4671611853_1-2">
<gml:timePosition>2023-03-31</gml:timePosition>
</devDate>
<orgGILvl>2500</orgGILvl>
<vis>表示</vis>
<loc>
<gml:Curve gml:id="K27_4671611853_1-g" srsName="fguuid:jgd2011.bl">
<gml:segments>
<gml:LineStringSegment>
<gml:posList>
32.925211344 129.773100437
32.925156886 129.772972173
</gml:posList>
</gml:LineStringSegment>
</gml:segments>
</gml:Curve>
</loc>
<type>せき</type>
</WStrL>
<WStrL gml:id="K27_4671611853_2">
<fid>46716-11853-s-794</fid>
<lfSpanFr gml:id="K27_4671611853_2-1">
<gml:timePosition>2023-02-21</gml:timePosition>
</lfSpanFr>
<devDate gml:id="K27_4671611853_2-2">
<gml:timePosition>2023-03-31</gml:timePosition>
</devDate>
<orgGILvl>2500</orgGILvl>
<vis>表示</vis>
<loc>
<gml:Curve gml:id="K27_4671611853_2-g" srsName="fguuid:jgd2011.bl">
<gml:segments>
<gml:LineStringSegment>
<gml:posList>
32.925216036 129.773099276
32.925160953 129.772968123
</gml:posList>
</gml:LineStringSegment>
</gml:segments>
</gml:Curve>
</loc>
<type>せき</type>
</WStrL>
<WStrL gml:id="K27_4671611853_3">
<fid>46716-11853-s-807</fid>
<lfSpanFr gml:id="K27_4671611853_3-1">
<gml:timePosition>2023-02-21</gml:timePosition>
</lfSpanFr>
<devDate gml:id="K27_4671611853_3-2">
<gml:timePosition>2023-03-31</gml:timePosition>
</devDate>
<orgGILvl>2500</orgGILvl>
<vis>表示</vis>
<loc>
<gml:Curve gml:id="K27_4671611853_3-g" srsName="fguuid:jgd2011.bl">
<gml:segments>
<gml:LineStringSegment>
<gml:posList>
32.925412585 129.771460601
32.925630528 129.771218651
</gml:posList>
</gml:LineStringSegment>
</gml:segments>
</gml:Curve>
</loc>
<type>砂防ダム</type>
</WStrL>
<WStrL gml:id="K27_4671611853_4">
<fid>46716-11853-s-808</fid>
<lfSpanFr gml:id="K27_4671611853_4-1">
<gml:timePosition>2023-02-21</gml:timePosition>
</lfSpanFr>
<devDate gml:id="K27_4671611853_4-2">
<gml:timePosition>2023-03-31</gml:timePosition>
</devDate>
<orgGILvl>2500</orgGILvl>
<vis>表示</vis>
<loc>
<gml:Curve gml:id="K27_4671611853_4-g" srsName="fguuid:jgd2011.bl">
<gml:segments>
<gml:LineStringSegment>
<gml:posList>
32.925621265 129.771206861
32.925403322 129.771448918
</gml:posList>
</gml:LineStringSegment>
</gml:segments>
</gml:Curve>
</loc>
<type>砂防ダム</type>
</WStrL>
<WStrL gml:id="K27_4671611853_5">
<fid>46716-11853-s-809</fid>
<lfSpanFr gml:id="K27_4671611853_5-1">
<gml:timePosition>2023-02-21</gml:timePosition>
</lfSpanFr>
<devDate gml:id="K27_4671611853_5-2">
<gml:timePosition>2023-03-31</gml:timePosition>
</devDate>
<orgGILvl>2500</orgGILvl>
<vis>表示</vis>
<loc>
<gml:Curve gml:id="K27_4671611853_5-g" srsName="fguuid:jgd2011.bl">
<gml:segments>
<gml:LineStringSegment>
<gml:posList>
32.925294445 129.772871979
32.925298573 129.772881401
</gml:posList>
</gml:LineStringSegment>
</gml:segments>
</gml:Curve>
</loc>
<type>砂防ダム</type>
</WStrL>
<WStrL gml:id="K27_4671611853_6">
<fid>46716-11853-s-810</fid>
<lfSpanFr gml:id="K27_4671611853_6-1">
<gml:timePosition>2023-02-21</gml:timePosition>
</lfSpanFr>
<devDate gml:id="K27_4671611853_6-2">
<gml:timePosition>2023-03-31</gml:timePosition>
</devDate>
<orgGILvl>2500</orgGILvl>
<vis>表示</vis>
<loc>
<gml:Curve gml:id="K27_4671611853_6-g" srsName="fguuid:jgd2011.bl">
<gml:segments>
<gml:LineStringSegment>
<gml:posList>
32.925382101 129.773118070
32.925351632 129.773071784
32.925346248 129.773059471
32.925337711 129.773046186
32.925328648 129.773025629
</gml:posList>
</gml:LineStringSegment>
</gml:segments>
</gml:Curve>
</loc>
<type>砂防ダム</type>
</WStrL>
<WStrL gml:id="K27_4671611853_7">
<fid>46716-11853-s-811</fid>
<lfSpanFr gml:id="K27_4671611853_7-1">
<gml:timePosition>2023-02-21</gml:timePosition>
</lfSpanFr>
<devDate gml:id="K27_4671611853_7-2">
<gml:timePosition>2023-03-31</gml:timePosition>
</devDate>
<orgGILvl>2500</orgGILvl>
<vis>表示</vis>
<loc>
<gml:Curve gml:id="K27_4671611853_7-g" srsName="fguuid:jgd2011.bl">
<gml:segments>
<gml:LineStringSegment>
<gml:posList>
32.925358692 129.773018343
32.925342709 129.773028345
32.925358861 129.773064963
32.925382101 129.773118070
</gml:posList>
</gml:LineStringSegment>
</gml:segments>
</gml:Curve>
</loc>
<type>砂防ダム</type>
</WStrL>
<WStrL gml:id="K27_4671611853_8">
<fid>46716-11853-s-812</fid>
<lfSpanFr gml:id="K27_4671611853_8-1">
<gml:timePosition>2023-02-21</gml:timePosition>
</lfSpanFr>
<devDate gml:id="K27_4671611853_8-2">
<gml:timePosition>2023-03-31</gml:timePosition>
</devDate>
<orgGILvl>2500</orgGILvl>
<vis>表示</vis>
<loc>
<gml:Curve gml:id="K27_4671611853_8-g" srsName="fguuid:jgd2011.bl">
<gml:segments>
<gml:LineStringSegment>
<gml:posList>
32.925115689 129.772511091
32.925278462 129.772881874
32.925294445 129.772871979
</gml:posList>
</gml:LineStringSegment>
</gml:segments>
</gml:Curve>
</loc>
<type>砂防ダム</type>
</WStrL>
<WStrL gml:id="K27_4671611853_9">
<fid>46716-11853-s-813</fid>
<lfSpanFr gml:id="K27_4671611853_9-1">
<gml:timePosition>2023-02-21</gml:timePosition>
</lfSpanFr>
<devDate gml:id="K27_4671611853_9-2">
<gml:timePosition>2023-03-31</gml:timePosition>
</devDate>
<orgGILvl>2500</orgGILvl>
<vis>表示</vis>
<loc>
<gml:Curve gml:id="K27_4671611853_9-g" srsName="fguuid:jgd2011.bl">
<gml:segments>
<gml:LineStringSegment>
<gml:posList>
32.925294445 129.772871979
32.925174295 129.772598201
32.925131314 129.772500340
</gml:posList>
</gml:LineStringSegment>
</gml:segments>
</gml:Curve>
</loc>
<type>砂防ダム</type>
</WStrL>
<WStrL gml:id="K27_4671611853_10">
<fid>46716-11853-s-814</fid>
<lfSpanFr gml:id="K27_4671611853_10-1">
<gml:timePosition>2023-02-21</gml:timePosition>
</lfSpanFr>
<devDate gml:id="K27_4671611853_10-2">
<gml:timePosition>2023-03-31</gml:timePosition>
</devDate>
<orgGILvl>2500</orgGILvl>
<vis>表示</vis>
<loc>
<gml:Curve gml:id="K27_4671611853_10-g" srsName="fguuid:jgd2011.bl">
<gml:segments>
<gml:LineStringSegment>
<gml:posList>
32.925398084 129.773108175
32.925384804 129.773077874
32.925358692 129.773018343
</gml:posList>
</gml:LineStringSegment>
</gml:segments>
</gml:Curve>
</loc>
<type>砂防ダム</type>
</WStrL>
<WStrL gml:id="K27_4671611853_11">
<fid>46716-11853-s-815</fid>
<lfSpanFr gml:id="K27_4671611853_11-1">
<gml:timePosition>2023-02-21</gml:timePosition>
</lfSpanFr>
<devDate gml:id="K27_4671611853_11-2">
<gml:timePosition>2023-03-31</gml:timePosition>
</devDate>
<orgGILvl>2500</orgGILvl>
<vis>表示</vis>
<loc>
<gml:Curve gml:id="K27_4671611853_11-g" srsName="fguuid:jgd2011.bl">
<gml:segments>
<gml:LineStringSegment>
<gml:posList>
32.925272656 129.772898109
32.925328648 129.773025629
</gml:posList>
</gml:LineStringSegment>
</gml:segments>
</gml:Curve>
</loc>
<type>砂防ダム</type>
</WStrL>
<WStrL gml:id="K27_4671611853_12">
<fid>46716-11853-s-816</fid>
<lfSpanFr gml:id="K27_4671611853_12-1">
<gml:timePosition>2023-02-21</gml:timePosition>
</lfSpanFr>
<devDate gml:id="K27_4671611853_12-2">
<gml:timePosition>2023-03-31</gml:timePosition>
</devDate>
<orgGILvl>2500</orgGILvl>
<vis>表示</vis>
<loc>
<gml:Curve gml:id="K27_4671611853_12-g" srsName="fguuid:jgd2011.bl">
<gml:segments>
<gml:LineStringSegment>
<gml:posList>
32.925298573 129.772881401
32.925354475 129.773008814
</gml:posList>
</gml:LineStringSegment>
</gml:segments>
</gml:Curve>
</loc>
<type>砂防ダム</type>
</WStrL>
<WStrL gml:id="K27_4671611853_13">
<fid>46716-11853-s-817</fid>
<lfSpanFr gml:id="K27_4671611853_13-1">
<gml:timePosition>2023-02-21</gml:timePosition>
</lfSpanFr>
<devDate gml:id="K27_4671611853_13-2">
<gml:timePosition>2023-03-31</gml:timePosition>
</devDate>
<orgGILvl>2500</orgGILvl>
<vis>表示</vis>
<loc>
<gml:Curve gml:id="K27_4671611853_13-g" srsName="fguuid:jgd2011.bl">
<gml:segments>
<gml:LineStringSegment>
<gml:posList>
32.925272656 129.772898109
32.925260901 129.772871127
32.925256428 129.772854861
32.925159877 129.772634833
32.925147149 129.772599294
32.925115689 129.772511091
</gml:posList>
</gml:LineStringSegment>
</gml:segments>
</gml:Curve>
</loc>
<type>砂防ダム</type>
</WStrL>
<WStrL gml:id="K27_4671611853_14">
<fid>46716-11853-s-818</fid>
<lfSpanFr gml:id="K27_4671611853_14-1">
<gml:timePosition>2023-02-21</gml:timePosition>
</lfSpanFr>
<devDate gml:id="K27_4671611853_14-2">
<gml:timePosition>2023-03-31</gml:timePosition>
</devDate>
<orgGILvl>2500</orgGILvl>
<vis>表示</vis>
<loc>
<gml:Curve gml:id="K27_4671611853_14-g" srsName="fguuid:jgd2011.bl">
<gml:segments>
<gml:LineStringSegment>
<gml:posList>
32.925328648 129.773025629
32.925338582 129.773018816
32.925354475 129.773008814
</gml:posList>
</gml:LineStringSegment>
</gml:segments>
</gml:Curve>
</loc>
<type>砂防ダム</type>
</WStrL>
<WStrL gml:id="K27_4671611853_15">
<fid>46716-11853-s-819</fid>
<lfSpanFr gml:id="K27_4671611853_15-1">
<gml:timePosition>2023-02-21</gml:timePosition>
</lfSpanFr>
<devDate gml:id="K27_4671611853_15-2">
<gml:timePosition>2023-03-31</gml:timePosition>
</devDate>
<orgGILvl>2500</orgGILvl>
<vis>表示</vis>
<loc>
<gml:Curve gml:id="K27_4671611853_15-g" srsName="fguuid:jgd2011.bl">
<gml:segments>
<gml:LineStringSegment>
<gml:posList>
32.925298573 129.772881401
32.925282590 129.772891403
32.925272656 129.772898109
</gml:posList>
</gml:LineStringSegment>
</gml:segments>
</gml:Curve>
</loc>
<type>砂防ダム</type>
</WStrL>
<WStrL gml:id="K27_4671611853_16">
<fid>46716-11853-s-820</fid>
<lfSpanFr gml:id="K27_4671611853_16-1">
<gml:timePosition>2023-02-21</gml:timePosition>
</lfSpanFr>
<devDate gml:id="K27_4671611853_16-2">
<gml:timePosition>2023-03-31</gml:timePosition>
</devDate>
<orgGILvl>2500</orgGILvl>
<vis>表示</vis>
<loc>
<gml:Curve gml:id="K27_4671611853_16-g" srsName="fguuid:jgd2011.bl">
<gml:segments>
<gml:LineStringSegment>
<gml:posList>
32.925354475 129.773008814
32.925358692 129.773018343
</gml:posList>
</gml:LineStringSegment>
</gml:segments>
</gml:Curve>
</loc>
<type>砂防ダム</type>
</WStrL>
<WStrL gml:id="K27_4671611859_1">
<fid>46716-11859-s-1123</fid>
<lfSpanFr gml:id="K27_4671611859_1-1">
<gml:timePosition>2023-02-21</gml:timePosition>
</lfSpanFr>
<devDate gml:id="K27_4671611859_1-2">
<gml:timePosition>2023-03-31</gml:timePosition>
</devDate>
<orgGILvl>2500</orgGILvl>
<vis>表示</vis>
<loc>
<gml:Curve gml:id="K27_4671611859_1-g" srsName="fguuid:jgd2011.bl">
<gml:segments>
<gml:LineStringSegment>
<gml:posList>
32.943588932 129.773633050
32.943532589 129.773748700
32.943503014 129.773788501
32.943455910 129.773802793
32.943424869 129.773812216
32.943411603 129.773816346
32.943271556 129.773858800
32.943253869 129.773864200
32.943154848 129.773867103
</gml:posList>
</gml:LineStringSegment>
</gml:segments>
</gml:Curve>
</loc>
<type>砂防ダム</type>
</WStrL>
<WStrL gml:id="K27_4671611859_2">
<fid>46716-11859-s-1124</fid>
<lfSpanFr gml:id="K27_4671611859_2-1">
<gml:timePosition>2023-02-21</gml:timePosition>
</lfSpanFr>
<devDate gml:id="K27_4671611859_2-2">
<gml:timePosition>2023-03-31</gml:timePosition>
</devDate>
<orgGILvl>2500</orgGILvl>
<vis>表示</vis>
<loc>
<gml:Curve gml:id="K27_4671611859_2-g" srsName="fguuid:jgd2011.bl">
<gml:segments>
<gml:LineStringSegment>
<gml:posList>
32.943154848 129.773867103
32.943490891 129.773765042
32.943588932 129.773633050
</gml:posList>
</gml:LineStringSegment>
</gml:segments>
</gml:Curve>
</loc>
<type>砂防ダム</type>
</WStrL>
<WStrL gml:id="K27_4671611859_3">
<fid>46716-11859-s-1125</fid>
<lfSpanFr gml:id="K27_4671611859_3-1">
<gml:timePosition>2023-02-21</gml:timePosition>
</lfSpanFr>
<devDate gml:id="K27_4671611859_3-2">
<gml:timePosition>2023-03-31</gml:timePosition>
</devDate>
<orgGILvl>2500</orgGILvl>
<vis>表示</vis>
<loc>
<gml:Curve gml:id="K27_4671611859_3-g" srsName="fguuid:jgd2011.bl">
<gml:segments>
<gml:LineStringSegment>
<gml:posList>
32.943575437 129.773618891
32.943570824 129.773625080
32.943561599 129.773637457
32.943558433 129.773641833
32.943481104 129.773745975
32.943405305 129.773768949
32.943381482 129.773776255
32.943179441 129.773837555
32.943177185 129.773838189
32.943150836 129.773846236
</gml:posList>
</gml:LineStringSegment>
</gml:segments>
</gml:Curve>
</loc>
<type>砂防ダム</type>
</WStrL>
<WStrL gml:id="K27_4671911850_1">
<fid>46719-11850-s-1199</fid>
<lfSpanFr gml:id="K27_4671911850_1-1">
<gml:timePosition>2023-02-21</gml:timePosition>
</lfSpanFr>
<devDate gml:id="K27_4671911850_1-2">
<gml:timePosition>2023-03-31</gml:timePosition>
</devDate>
<orgGILvl>2500</orgGILvl>
<vis>表示</vis>
<loc>
<gml:Curve gml:id="K27_4671911850_1-g" srsName="fguuid:jgd2011.bl">
<gml:segments>
<gml:LineStringSegment>
<gml:posList>
32.917889414 129.777794364
32.917950090 129.777841062
</gml:posList>
</gml:LineStringSegment>
</gml:segments>
</gml:Curve>
</loc>
<type>せき</type>
</WStrL>
<WStrL gml:id="K27_4671911850_2">
<fid>46719-11850-s-1200</fid>
<lfSpanFr gml:id="K27_4671911850_2-1">
<gml:timePosition>2023-02-21</gml:timePosition>
</lfSpanFr>
<devDate gml:id="K27_4671911850_2-2">
<gml:timePosition>2023-03-31</gml:timePosition>
</devDate>
<orgGILvl>2500</orgGILvl>
<vis>表示</vis>
<loc>
<gml:Curve gml:id="K27_4671911850_2-g" srsName="fguuid:jgd2011.bl">
<gml:segments>
<gml:LineStringSegment>
<gml:posList>
32.917895939 129.777780271
32.917956614 129.777826970
</gml:posList>
</gml:LineStringSegment>
</gml:segments>
</gml:Curve>
</loc>
<type>せき</type>
</WStrL>
<WStrL gml:id="K27_4671911850_3">
<fid>46719-11850-s-1201</fid>
<lfSpanFr gml:id="K27_4671911850_3-1">
<gml:timePosition>2023-02-21</gml:timePosition>
</lfSpanFr>
<devDate gml:id="K27_4671911850_3-2">
<gml:timePosition>2023-03-31</gml:timePosition>
</devDate>
<orgGILvl>2500</orgGILvl>
<vis>表示</vis>
<loc>
<gml:Curve gml:id="K27_4671911850_3-g" srsName="fguuid:jgd2011.bl">
<gml:segments>
<gml:LineStringSegment>
<gml:posList>
32.919442674 129.779066564
32.919461969 129.778995311
</gml:posList>
</gml:LineStringSegment>
</gml:segments>
</gml:Curve>
</loc>
<type>せき</type>
</WStrL>
<WStrL gml:id="K27_4671911850_4">
<fid>46719-11850-s-1202</fid>
<lfSpanFr gml:id="K27_4671911850_4-1">
<gml:timePosition>2023-02-21</gml:timePosition>
</lfSpanFr>
<devDate gml:id="K27_4671911850_4-2">
<gml:timePosition>2023-03-31</gml:timePosition>
</devDate>
<orgGILvl>2500</orgGILvl>
<vis>表示</vis>
<loc>
<gml:Curve gml:id="K27_4671911850_4-g" srsName="fguuid:jgd2011.bl">
<gml:segments>
<gml:LineStringSegment>
<gml:posList>
32.919453405 129.779070651
32.919472699 129.778999396
</gml:posList>
</gml:LineStringSegment>
</gml:segments>
</gml:Curve>
</loc>
<type>せき</type>
</WStrL>
<WStrL gml:id="K27_4671911850_5">
<fid>46719-11850-s-1203</fid>
<lfSpanFr gml:id="K27_4671911850_5-1">
<gml:timePosition>2023-02-21</gml:timePosition>
</lfSpanFr>
<devDate gml:id="K27_4671911850_5-2">
<gml:timePosition>2023-03-31</gml:timePosition>
</devDate>
<orgGILvl>2500</orgGILvl>
<vis>表示</vis>
<loc>
<gml:Curve gml:id="K27_4671911850_5-g" srsName="fguuid:jgd2011.bl">
<gml:segments>
<gml:LineStringSegment>
<gml:posList>
32.920886149 129.778219004
32.920830422 129.778177024
</gml:posList>
</gml:LineStringSegment>
</gml:segments>
</gml:Curve>
</loc>
<type>せき</type>
</WStrL>
<WStrL gml:id="K27_4671911850_6">
<fid>46719-11850-s-1204</fid>
<lfSpanFr gml:id="K27_4671911850_6-1">
<gml:timePosition>2023-02-21</gml:timePosition>
</lfSpanFr>
<devDate gml:id="K27_4671911850_6-2">
<gml:timePosition>2023-03-31</gml:timePosition>
</devDate>
<orgGILvl>2500</orgGILvl>
<vis>表示</vis>
<loc>
<gml:Curve gml:id="K27_4671911850_6-g" srsName="fguuid:jgd2011.bl">
<gml:segments>
<gml:LineStringSegment>
<gml:posList>
32.920892396 129.778207904
32.920835499 129.778165065
</gml:posList>
</gml:LineStringSegment>
</gml:segments>
</gml:Curve>
</loc>
<type>せき</type>
</WStrL>
<WStrL gml:id="K27_4671911850_7">
<fid>46719-11850-s-1205</fid>
<lfSpanFr gml:id="K27_4671911850_7-1">
<gml:timePosition>2023-02-21</gml:timePosition>
</lfSpanFr>
<devDate gml:id="K27_4671911850_7-2">
<gml:timePosition>2023-03-31</gml:timePosition>
</devDate>
<orgGILvl>2500</orgGILvl>
<vis>表示</vis>
<loc>
<gml:Curve gml:id="K27_4671911850_7-g" srsName="fguuid:jgd2011.bl">
<gml:segments>
<gml:LineStringSegment>
<gml:posList>
32.923428255 129.777648932
32.923432049 129.777727212
</gml:posList>
</gml:LineStringSegment>
</gml:segments>
</gml:Curve>
</loc>
<type>せき</type>
</WStrL>
<WStrL gml:id="K27_4671911850_8">
<fid>46719-11850-s-1206</fid>
<lfSpanFr gml:id="K27_4671911850_8-1">
<gml:timePosition>2023-02-21</gml:timePosition>
</lfSpanFr>
<devDate gml:id="K27_4671911850_8-2">
<gml:timePosition>2023-03-31</gml:timePosition>
</devDate>
<orgGILvl>2500</orgGILvl>
<vis>表示</vis>
<loc>
<gml:Curve gml:id="K27_4671911850_8-g" srsName="fguuid:jgd2011.bl">
<gml:segments>
<gml:LineStringSegment>
<gml:posList>
32.923430776 129.777650758
32.923434664 129.777727113
</gml:posList>
</gml:LineStringSegment>
</gml:segments>
</gml:Curve>
</loc>
<type>せき</type>
</WStrL>
<WStrL gml:id="K27_4671911850_9">
<fid>46719-11850-s-1207</fid>
<lfSpanFr gml:id="K27_4671911850_9-1">
<gml:timePosition>2023-02-21</gml:timePosition>
</lfSpanFr>
<devDate gml:id="K27_4671911850_9-2">
<gml:timePosition>2023-03-31</gml:timePosition>
</devDate>
<orgGILvl>2500</orgGILvl>
<vis>表示</vis>
<loc>
<gml:Curve gml:id="K27_4671911850_9-g" srsName="fguuid:jgd2011.bl">
<gml:segments>
<gml:LineStringSegment>
<gml:posList>
32.923759648 129.775820074
32.923684823 129.775850743
</gml:posList>
</gml:LineStringSegment>
</gml:segments>
</gml:Curve>
</loc>
<type>せき</type>
</WStrL>
<WStrL gml:id="K27_4671911850_10">
<fid>46719-11850-s-1208</fid>
<lfSpanFr gml:id="K27_4671911850_10-1">
<gml:timePosition>2023-02-21</gml:timePosition>
</lfSpanFr>
<devDate gml:id="K27_4671911850_10-2">
<gml:timePosition>2023-03-31</gml:timePosition>
</devDate>
<orgGILvl>2500</orgGILvl>
<vis>表示</vis>
<loc>
<gml:Curve gml:id="K27_4671911850_10-g" srsName="fguuid:jgd2011.bl">
<gml:segments>
<gml:LineStringSegment>
<gml:posList>
32.923752991 129.775812889
32.923683126 129.775843360
</gml:posList>
</gml:LineStringSegment>
</gml:segments>
</gml:Curve>
</loc>
<type>せき</type>
</WStrL>
<WStrL gml:id="K27_4671911859_1">
<fid>46719-11859-s-2468</fid>
<lfSpanFr gml:id="K27_4671911859_1-1">
<gml:timePosition>2023-02-21</gml:timePosition>
</lfSpanFr>
<devDate gml:id="K27_4671911859_1-2">
<gml:timePosition>2023-03-31</gml:timePosition>
</devDate>
<orgGILvl>2500</orgGILvl>
<vis>表示</vis>
<loc>
<gml:Curve gml:id="K27_4671911859_1-g" srsName="fguuid:jgd2011.bl">
<gml:segments>
<gml:LineStringSegment>
<gml:posList>
32.944672322 129.781066768
32.944754691 129.781170342
</gml:posList>
</gml:LineStringSegment>
</gml:segments>
</gml:Curve>
</loc>
<type>せき</type>
</WStrL>
<WStrL gml:id="K27_4671911859_2">
<fid>46719-11859-s-2469</fid>
<lfSpanFr gml:id="K27_4671911859_2-1">
<gml:timePosition>2023-02-21</gml:timePosition>
</lfSpanFr>
<devDate gml:id="K27_4671911859_2-2">
<gml:timePosition>2023-03-31</gml:timePosition>
</devDate>
<orgGILvl>2500</orgGILvl>
<vis>表示</vis>
<loc>
<gml:Curve gml:id="K27_4671911859_2-g" srsName="fguuid:jgd2011.bl">
<gml:segments>
<gml:LineStringSegment>
<gml:posList>
32.945014786 129.780597810
32.945099547 129.780680856
</gml:posList>
</gml:LineStringSegment>
</gml:segments>
</gml:Curve>
</loc>
<type>せき</type>
</WStrL>
<WStrL gml:id="K27_4671911859_3">
<fid>46719-11859-s-2470</fid>
<lfSpanFr gml:id="K27_4671911859_3-1">
<gml:timePosition>2023-02-21</gml:timePosition>
</lfSpanFr>
<devDate gml:id="K27_4671911859_3-2">
<gml:timePosition>2023-03-31</gml:timePosition>
</devDate>
<orgGILvl>2500</orgGILvl>
<vis>表示</vis>
<loc>
<gml:Curve gml:id="K27_4671911859_3-g" srsName="fguuid:jgd2011.bl">
<gml:segments>
<gml:LineStringSegment>
<gml:posList>
32.945107691 129.780668048
32.945054316 129.780615763
32.945022481 129.780584573
</gml:posList>
</gml:LineStringSegment>
</gml:segments>
</gml:Curve>
</loc>
<type>せき</type>
</WStrL>
<WStrL gml:id="K27_4671911859_4">
<fid>46719-11859-s-2471</fid>
<lfSpanFr gml:id="K27_4671911859_4-1">
<gml:timePosition>2023-02-21</gml:timePosition>
</lfSpanFr>
<devDate gml:id="K27_4671911859_4-2">
<gml:timePosition>2023-03-31</gml:timePosition>
</devDate>
<orgGILvl>2500</orgGILvl>
<vis>表示</vis>
<loc>
<gml:Curve gml:id="K27_4671911859_4-g" srsName="fguuid:jgd2011.bl">
<gml:segments>
<gml:LineStringSegment>
<gml:posList>
32.944684981 129.781051408
32.944768160 129.781156053
</gml:posList>
</gml:LineStringSegment>
</gml:segments>
</gml:Curve>
</loc>
<type>せき</type>
</WStrL>
<WStrL gml:id="K27_4671911859_5">
<fid>46719-11859-s-2472</fid>
<lfSpanFr gml:id="K27_4671911859_5-1">
<gml:timePosition>2023-02-21</gml:timePosition>
</lfSpanFr>
<devDate gml:id="K27_4671911859_5-2">
<gml:timePosition>2023-03-31</gml:timePosition>
</devDate>
<orgGILvl>2500</orgGILvl>
<vis>表示</vis>
<loc>
<gml:Curve gml:id="K27_4671911859_5-g" srsName="fguuid:jgd2011.bl">
<gml:segments>
<gml:LineStringSegment>
<gml:posList>
32.945826049 129.779135154
32.945905461 129.779190804
</gml:posList>
</gml:LineStringSegment>
</gml:segments>
</gml:Curve>
</loc>
<type>せき</type>
</WStrL>
<WStrL gml:id="K27_4671911859_6">
<fid>46719-11859-s-2473</fid>
<lfSpanFr gml:id="K27_4671911859_6-1">
<gml:timePosition>2023-02-21</gml:timePosition>
</lfSpanFr>
<devDate gml:id="K27_4671911859_6-2">
<gml:timePosition>2023-03-31</gml:timePosition>
</devDate>
<orgGILvl>2500</orgGILvl>
<vis>表示</vis>
<loc>
<gml:Curve gml:id="K27_4671911859_6-g" srsName="fguuid:jgd2011.bl">
<gml:segments>
<gml:LineStringSegment>
<gml:posList>
32.946035781 129.778295074
32.946139621 129.778233689
</gml:posList>
</gml:LineStringSegment>
</gml:segments>
</gml:Curve>
</loc>
<type>せき</type>
</WStrL>
<WStrL gml:id="K27_4671911859_7">
<fid>46719-11859-s-2474</fid>
<lfSpanFr gml:id="K27_4671911859_7-1">
<gml:timePosition>2023-02-21</gml:timePosition>
</lfSpanFr>
<devDate gml:id="K27_4671911859_7-2">
<gml:timePosition>2023-03-31</gml:timePosition>
</devDate>
<orgGILvl>2500</orgGILvl>
<vis>表示</vis>
<loc>
<gml:Curve gml:id="K27_4671911859_7-g" srsName="fguuid:jgd2011.bl">
<gml:segments>
<gml:LineStringSegment>
<gml:posList>
32.945862929 129.779055485
32.945958006 129.779122627
</gml:posList>
</gml:LineStringSegment>
</gml:segments>
</gml:Curve>
</loc>
<type>せき</type>
</WStrL>
<WStrL gml:id="K27_4671911859_8">
<fid>46719-11859-s-2475</fid>
<lfSpanFr gml:id="K27_4671911859_8-1">
<gml:timePosition>2023-02-21</gml:timePosition>
</lfSpanFr>
<devDate gml:id="K27_4671911859_8-2">
<gml:timePosition>2023-03-31</gml:timePosition>
</devDate>
<orgGILvl>2500</orgGILvl>
<vis>表示</vis>
<loc>
<gml:Curve gml:id="K27_4671911859_8-g" srsName="fguuid:jgd2011.bl">
<gml:segments>
<gml:LineStringSegment>
<gml:posList>
32.945830399 129.779125756
32.945920434 129.779188926
</gml:posList>
</gml:LineStringSegment>
</gml:segments>
</gml:Curve>
</loc>
<type>せき</type>
</WStrL>
<WStrL gml:id="K27_4671911859_9">
<fid>46719-11859-s-2476</fid>
<lfSpanFr gml:id="K27_4671911859_9-1">
<gml:timePosition>2023-02-21</gml:timePosition>
</lfSpanFr>
<devDate gml:id="K27_4671911859_9-2">
<gml:timePosition>2023-03-31</gml:timePosition>
</devDate>
<orgGILvl>2500</orgGILvl>
<vis>表示</vis>
<loc>
<gml:Curve gml:id="K27_4671911859_9-g" srsName="fguuid:jgd2011.bl">
<gml:segments>
<gml:LineStringSegment>
<gml:posList>
32.946034731 129.778280740
32.946134508 129.778221802
</gml:posList>
</gml:LineStringSegment>
</gml:segments>
</gml:Curve>
</loc>
<type>せき</type>
</WStrL>
<WStrL gml:id="K27_4671911859_10">
<fid>46719-11859-s-2477</fid>
<lfSpanFr gml:id="K27_4671911859_10-1">
<gml:timePosition>2023-02-21</gml:timePosition>
</lfSpanFr>
<devDate gml:id="K27_4671911859_10-2">
<gml:timePosition>2023-03-31</gml:timePosition>
</devDate>
<orgGILvl>2500</orgGILvl>
<vis>表示</vis>
<loc>
<gml:Curve gml:id="K27_4671911859_10-g" srsName="fguuid:jgd2011.bl">
<gml:segments>
<gml:LineStringSegment>
<gml:posList>
32.945871835 129.779036925
32.945968056 129.779104798
</gml:posList>
</gml:LineStringSegment>
</gml:segments>
</gml:Curve>
</loc>
<type>せき</type>
</WStrL>
<WStrL gml:id="K27_4671911862_1">
<fid>46719-11862-s-1359</fid>
<lfSpanFr gml:id="K27_4671911862_1-1">
<gml:timePosition>2023-02-21</gml:timePosition>
</lfSpanFr>
<devDate gml:id="K27_4671911862_1-2">
<gml:timePosition>2023-03-31</gml:timePosition>
</devDate>
<orgGILvl>2500</orgGILvl>
<vis>表示</vis>
<loc>
<gml:Curve gml:id="K27_4671911862_1-g" srsName="fguuid:jgd2011.bl">
<gml:segments>
<gml:LineStringSegment>
<gml:posList>
32.951994058 129.777792047
32.951986305 129.777798868
32.951944282 129.777835883
32.951885024 129.777853250
</gml:posList>
</gml:LineStringSegment>
</gml:segments>
</gml:Curve>
</loc>
<type>せき</type>
</WStrL>
<WStrL gml:id="K27_4671911862_2">
<fid>46719-11862-s-1360</fid>
<lfSpanFr gml:id="K27_4671911862_2-1">
<gml:timePosition>2023-02-21</gml:timePosition>
</lfSpanFr>
<devDate gml:id="K27_4671911862_2-2">
<gml:timePosition>2023-03-31</gml:timePosition>
</devDate>
<orgGILvl>2500</orgGILvl>
<vis>表示</vis>
<loc>
<gml:Curve gml:id="K27_4671911862_2-g" srsName="fguuid:jgd2011.bl">
<gml:segments>
<gml:LineStringSegment>
<gml:posList>
32.952000626 129.777786260
32.951994058 129.777792047
</gml:posList>
</gml:LineStringSegment>
</gml:segments>
</gml:Curve>
</loc>
<type>せき</type>
</WStrL>
<WStrL gml:id="K27_4671911862_3">
<fid>46719-11862-s-1361</fid>
<lfSpanFr gml:id="K27_4671911862_3-1">
<gml:timePosition>2023-02-21</gml:timePosition>
</lfSpanFr>
<devDate gml:id="K27_4671911862_3-2">
<gml:timePosition>2023-03-31</gml:timePosition>
</devDate>
<orgGILvl>2500</orgGILvl>
<vis>表示</vis>
<loc>
<gml:Curve gml:id="K27_4671911862_3-g" srsName="fguuid:jgd2011.bl">
<gml:segments>
<gml:LineStringSegment>
<gml:posList>
32.951990898 129.777806006
32.951947573 129.777844172
32.951937033 129.777847262
32.951883893 129.777862819
</gml:posList>
</gml:LineStringSegment>
</gml:segments>
</gml:Curve>
</loc>
<type>せき</type>
</WStrL>
<WStrL gml:id="K27_4671911862_4">
<fid>46719-11862-s-1362</fid>
<lfSpanFr gml:id="K27_4671911862_4-1">
<gml:timePosition>2023-02-21</gml:timePosition>
</lfSpanFr>
<devDate gml:id="K27_4671911862_4-2">
<gml:timePosition>2023-03-31</gml:timePosition>
</devDate>
<orgGILvl>2500</orgGILvl>
<vis>表示</vis>
<loc>
<gml:Curve gml:id="K27_4671911862_4-g" srsName="fguuid:jgd2011.bl">
<gml:segments>
<gml:LineStringSegment>
<gml:posList>
32.951003203 129.776661583
32.950955898 129.776685181
</gml:posList>
</gml:LineStringSegment>
</gml:segments>
</gml:Curve>
</loc>
<type>せき</type>
</WStrL>
<WStrL gml:id="K27_4671911862_5">
<fid>46719-11862-s-1363</fid>
<lfSpanFr gml:id="K27_4671911862_5-1">
<gml:timePosition>2023-02-21</gml:timePosition>
</lfSpanFr>
<devDate gml:id="K27_4671911862_5-2">
<gml:timePosition>2023-03-31</gml:timePosition>
</devDate>
<orgGILvl>2500</orgGILvl>
<vis>表示</vis>
<loc>
<gml:Curve gml:id="K27_4671911862_5-g" srsName="fguuid:jgd2011.bl">
<gml:segments>
<gml:LineStringSegment>
<gml:posList>
32.951270716 129.777209715
32.951229977 129.777240926
</gml:posList>
</gml:LineStringSegment>
</gml:segments>
</gml:Curve>
</loc>
<type>せき</type>
</WStrL>
<WStrL gml:id="K27_4671911862_6">
<fid>46719-11862-s-1364</fid>
<lfSpanFr gml:id="K27_4671911862_6-1">
<gml:timePosition>2023-02-21</gml:timePosition>
</lfSpanFr>
<devDate gml:id="K27_4671911862_6-2">
<gml:timePosition>2023-03-31</gml:timePosition>
</devDate>
<orgGILvl>2500</orgGILvl>
<vis>表示</vis>
<loc>
<gml:Curve gml:id="K27_4671911862_6-g" srsName="fguuid:jgd2011.bl">
<gml:segments>
<gml:LineStringSegment>
<gml:posList>
32.951224141 129.777229464
32.951264699 129.777198466
</gml:posList>
</gml:LineStringSegment>
</gml:segments>
</gml:Curve>
</loc>
<type>せき</type>
</WStrL>
<WStrL gml:id="K27_4671911862_7">
<fid>46719-11862-s-1365</fid>
<lfSpanFr gml:id="K27_4671911862_7-1">
<gml:timePosition>2023-02-21</gml:timePosition>
</lfSpanFr>
<devDate gml:id="K27_4671911862_7-2">
<gml:timePosition>2023-03-31</gml:timePosition>
</devDate>
<orgGILvl>2500</orgGILvl>
<vis>表示</vis>
<loc>
<gml:Curve gml:id="K27_4671911862_7-g" srsName="fguuid:jgd2011.bl">
<gml:segments>
<gml:LineStringSegment>
<gml:posList>
32.950950514 129.776673291
32.950998451 129.776649483
</gml:posList>
</gml:LineStringSegment>
</gml:segments>
</gml:Curve>
</loc>
<type>せき</type>
</WStrL>
<WStrL gml:id="K27_4672211850_1">
<fid>46722-11850-s-2580</fid>
<lfSpanFr gml:id="K27_4672211850_1-1">
<gml:timePosition>2023-02-21</gml:timePosition>
</lfSpanFr>
<devDate gml:id="K27_4672211850_1-2">
<gml:timePosition>2023-03-31</gml:timePosition>
</devDate>
<orgGILvl>2500</orgGILvl>
<vis>表示</vis>
<loc>
<gml:Curve gml:id="K27_4672211850_1-g" srsName="fguuid:jgd2011.bl">
<gml:segments>
<gml:LineStringSegment>
<gml:posList>
32.924733431 129.787837015
32.924723676 129.787839913
32.924738279 129.787873706
32.924709203 129.787894559
32.924744671 129.787960518
32.924798609 129.787920125
32.924765106 129.787854343
32.924746563 129.787867253
32.924733431 129.787837015
</gml:posList>
</gml:LineStringSegment>
</gml:segments>
</gml:Curve>
</loc>
<type>桟橋（鉄，コンクリート）</type>
</WStrL>
<WStrL gml:id="K27_4672211850_2">
<fid>46722-11850-s-2581</fid>
<lfSpanFr gml:id="K27_4672211850_2-1">
<gml:timePosition>2023-02-21</gml:timePosition>
</lfSpanFr>
<devDate gml:id="K27_4672211850_2-2">
<gml:timePosition>2023-03-31</gml:timePosition>
</devDate>
<orgGILvl>2500</orgGILvl>
<vis>表示</vis>
<loc>
<gml:Curve gml:id="K27_4672211850_2-g" srsName="fguuid:jgd2011.bl">
<gml:segments>
<gml:LineStringSegment>
<gml:posList>
32.924925996 129.788016685
32.924906245 129.788045181
32.924898192 129.788037338
32.924862589 129.788088718
32.924893486 129.788118821
32.924928791 129.788067889
32.924915430 129.788054866
32.924934294 129.788027650
32.924925996 129.788016685
</gml:posList>
</gml:LineStringSegment>
</gml:segments>
</gml:Curve>
</loc>
<type>桟橋（鉄，コンクリート）</type>
</WStrL>
<WStrL gml:id="K27_4672211850_3">
<fid>46722-11850-s-2582</fid>
<lfSpanFr gml:id="K27_4672211850_3-1">
<gml:timePosition>2023-02-21</gml:timePosition>
</lfSpanFr>
<devDate gml:id="K27_4672211850_3-2">
<gml:timePosition>2023-03-31</gml:timePosition>
</devDate>
<orgGILvl>2500</orgGILvl>
<vis>表示</vis>
<loc>
<gml:Curve gml:id="K27_4672211850_3-g" srsName="fguuid:jgd2011.bl">
<gml:segments>
<gml:LineStringSegment>
<gml:posList>
32.922852531 129.788493685
32.922823701 129.788559884
32.922815146 129.788554938
32.922845421 129.788487354
</gml:posList>
</gml:LineStringSegment>
</gml:segments>
</gml:Curve>
</loc>
<type>桟橋（鉄，コンクリート）</type>
</WStrL>
<WStrL gml:id="K27_4672211850_4">
<fid>46722-11850-s-2583</fid>
<lfSpanFr gml:id="K27_4672211850_4-1">
<gml:timePosition>2023-02-21</gml:timePosition>
</lfSpanFr>
<devDate gml:id="K27_4672211850_4-2">
<gml:timePosition>2023-03-31</gml:timePosition>
</devDate>
<orgGILvl>2500</orgGILvl>
<vis>表示</vis>
<loc>
<gml:Curve gml:id="K27_4672211850_4-g" srsName="fguuid:jgd2011.bl">
<gml:segments>
<gml:LineStringSegment>
<gml:posList>
32.917705589 129.786798185
32.917759497 129.786806271
32.917760518 129.786793658
32.917706429 129.786785999
32.917705589 129.786798185
</gml:posList>
</gml:LineStringSegment>
</gml:segments>
</gml:Curve>
</loc>
<type>桟橋（鉄，コンクリート）</type>
</WStrL>
<WStrL gml:id="K27_4672211850_5">
<fid>46722-11850-s-2584</fid>
<lfSpanFr gml:id="K27_4672211850_5-1">
<gml:timePosition>2023-02-21</gml:timePosition>
</lfSpanFr>
<devDate gml:id="K27_4672211850_5-2">
<gml:timePosition>2023-03-31</gml:timePosition>
</devDate>
<orgGILvl>2500</orgGILvl>
<vis>表示</vis>
<loc>
<gml:Curve gml:id="K27_4672211850_5-g" srsName="fguuid:jgd2011.bl">
<gml:segments>
<gml:LineStringSegment>
<gml:posList>
32.922845421 129.788487354
32.922852531 129.788493685
</gml:posList>
</gml:LineStringSegment>
</gml:segments>
</gml:Curve>
</loc>
<type>桟橋（鉄，コンクリート）</type>
</WStrL>
<WStrL gml:id="K27_4672211853_1">
<fid>46722-11853-s-4689</fid>
<lfSpanFr gml:id="K27_4672211853_1-1">
<gml:timePosition>2023-02-21</gml:timePosition>
</lfSpanFr>
<devDate gml:id="K27_4672211853_1-2">
<gml:timePosition>2023-03-31</gml:timePosition>
</devDate>
<orgGILvl>2500</orgGILvl>
<vis>表示</vis>
<loc>
<gml:Curve gml:id="K27_4672211853_1-g" srsName="fguuid:jgd2011.bl">
<gml:segments>
<gml:LineStringSegment>
<gml:posList>
32.930299299 129.785592826
32.930267872 129.785585090
32.930264289 129.785621852
32.930216223 129.785614459
32.930223636 129.785527858
32.930272038 129.785533980
32.930269196 129.785573685
32.930301307 129.785582321
32.930299299 129.785592826
</gml:posList>
</gml:LineStringSegment>
</gml:segments>
</gml:Curve>
</loc>
<type>桟橋（鉄，コンクリート）</type>
</WStrL>
<WStrL gml:id="K27_4672211853_2">
<fid>46722-11853-s-4690</fid>
<lfSpanFr gml:id="K27_4672211853_2-1">
<gml:timePosition>2023-02-21</gml:timePosition>
</lfSpanFr>
<devDate gml:id="K27_4672211853_2-2">
<gml:timePosition>2023-03-31</gml:timePosition>
</devDate>
<orgGILvl>2500</orgGILvl>
<vis>表示</vis>
<loc>
<gml:Curve gml:id="K27_4672211853_2-g" srsName="fguuid:jgd2011.bl">
<gml:segments>
<gml:LineStringSegment>
<gml:posList>
32.927541567 129.786086732
32.927554484 129.786112874
32.927537837 129.786124444
32.927556993 129.786163192
32.927597863 129.786134785
32.927579282 129.786097204
32.927564379 129.786107560
32.927551139 129.786080764
32.927541567 129.786086732
</gml:posList>
</gml:LineStringSegment>
</gml:segments>
</gml:Curve>
</loc>
<type>桟橋（鉄，コンクリート）</type>
</WStrL>
<WStrL gml:id="K27_4672211856_1">
<fid>46722-11856-s-1378</fid>
<lfSpanFr gml:id="K27_4672211856_1-1">
<gml:timePosition>2023-02-21</gml:timePosition>
</lfSpanFr>
<devDate gml:id="K27_4672211856_1-2">
<gml:timePosition>2023-03-31</gml:timePosition>
</devDate>
<orgGILvl>2500</orgGILvl>
<vis>表示</vis>
<loc>
<gml:Curve gml:id="K27_4672211856_1-g" srsName="fguuid:jgd2011.bl">
<gml:segments>
<gml:LineStringSegment>
<gml:posList>
32.939775204 129.784227033
32.939778414 129.784254656
32.939759650 129.784257698
32.939756368 129.784229456
</gml:posList>
</gml:LineStringSegment>
</gml:segments>
</gml:Curve>
</loc>
<type>桟橋（鉄，コンクリート）</type>
</WStrL>
<WStrL gml:id="K27_4672211856_2">
<fid>46722-11856-s-1379</fid>
<lfSpanFr gml:id="K27_4672211856_2-1">
<gml:timePosition>2023-02-21</gml:timePosition>
</lfSpanFr>
<devDate gml:id="K27_4672211856_2-2">
<gml:timePosition>2023-03-31</gml:timePosition>
</devDate>
<orgGILvl>2500</orgGILvl>
<vis>表示</vis>
<loc>
<gml:Curve gml:id="K27_4672211856_2-g" srsName="fguuid:jgd2011.bl">
<gml:segments>
<gml:LineStringSegment>
<gml:posList>
32.939473402 129.784201706
32.939468946 129.784245753
32.939435231 129.784240939
32.939439600 129.784197751
</gml:posList>
</gml:LineStringSegment>
</gml:segments>
</gml:Curve>
</loc>
<type>桟橋（鉄，コンクリート）</type>
</WStrL>
<WStrL gml:id="K27_4672211856_3">
<fid>46722-11856-s-1380</fid>
<lfSpanFr gml:id="K27_4672211856_3-1">
<gml:timePosition>2023-02-21</gml:timePosition>
</lfSpanFr>
<devDate gml:id="K27_4672211856_3-2">
<gml:timePosition>2023-03-31</gml:timePosition>
</devDate>
<orgGILvl>2500</orgGILvl>
<vis>表示</vis>
<loc>
<gml:Curve gml:id="K27_4672211856_3-g" srsName="fguuid:jgd2011.bl">
<gml:segments>
<gml:LineStringSegment>
<gml:posList>
32.939439600 129.784197751
32.939473402 129.784201706
</gml:posList>
</gml:LineStringSegment>
</gml:segments>
</gml:Curve>
</loc>
<type>桟橋（鉄，コンクリート）</type>
</WStrL>
<WStrL gml:id="K27_4672211856_4">
<fid>46722-11856-s-1381</fid>
<lfSpanFr gml:id="K27_4672211856_4-1">
<gml:timePosition>2023-02-21</gml:timePosition>
</lfSpanFr>
<devDate gml:id="K27_4672211856_4-2">
<gml:timePosition>2023-03-31</gml:timePosition>
</devDate>
<orgGILvl>2500</orgGILvl>
<vis>表示</vis>
<loc>
<gml:Curve gml:id="K27_4672211856_4-g" srsName="fguuid:jgd2011.bl">
<gml:segments>
<gml:LineStringSegment>
<gml:posList>
32.939756368 129.784229456
32.939775204 129.784227033
</gml:posList>
</gml:LineStringSegment>
</gml:segments>
</gml:Curve>
</loc>
<type>桟橋（鉄，コンクリート）</type>
</WStrL>
<WStrL gml:id="K27_4672211859_1">
<fid>46722-11859-s-1550</fid>
<lfSpanFr gml:id="K27_4672211859_1-1">
<gml:timePosition>2023-02-21</gml:timePosition>
</lfSpanFr>
<devDate gml:id="K27_4672211859_1-2">
<gml:timePosition>2023-03-31</gml:timePosition>
</devDate>
<orgGILvl>2500</orgGILvl>
<vis>表示</vis>
<loc>
<gml:Curve gml:id="K27_4672211859_1-g" srsName="fguuid:jgd2011.bl">
<gml:segments>
<gml:LineStringSegment>
<gml:posList>
32.946948672 129.785177256
32.946944463 129.785183841
32.946932284 129.785186187
32.946916413 129.785186414
32.946578326 129.785128923
32.946575845 129.785125332
32.946575156 129.785095244
32.946953668 129.785153250
32.946948672 129.785177256
</gml:posList>
</gml:LineStringSegment>
</gml:segments>
</gml:Curve>
</loc>
<type>透過水制</type>
</WStrL>
<WStrL gml:id="K27_4672211859_2">
<fid>46722-11859-s-1551</fid>
<lfSpanFr gml:id="K27_4672211859_2-1">
<gml:timePosition>2023-02-21</gml:timePosition>
</lfSpanFr>
<devDate gml:id="K27_4672211859_2-2">
<gml:timePosition>2023-03-31</gml:timePosition>
</devDate>
<orgGILvl>2500</orgGILvl>
<vis>表示</vis>
<loc>
<gml:Curve gml:id="K27_4672211859_2-g" srsName="fguuid:jgd2011.bl">
<gml:segments>
<gml:LineStringSegment>
<gml:posList>
32.947483856 129.785401360
32.947466378 129.785429967
32.947044979 129.785225148
32.947055748 129.785192808
32.947280312 129.785301080
32.947483856 129.785401360
</gml:posList>
</gml:LineStringSegment>
</gml:segments>
</gml:Curve>
</loc>
<type>透過水制</type>
</WStrL>
<WStrL gml:id="K27_4672211862_1">
<fid>46722-11862-s-3519</fid>
<lfSpanFr gml:id="K27_4672211862_1-1">
<gml:timePosition>2023-02-21</gml:timePosition>
</lfSpanFr>
<devDate gml:id="K27_4672211862_1-2">
<gml:timePosition>2023-03-31</gml:timePosition>
</devDate>
<orgGILvl>2500</orgGILvl>
<vis>表示</vis>
<loc>
<gml:Curve gml:id="K27_4672211862_1-g" srsName="fguuid:jgd2011.bl">
<gml:segments>
<gml:LineStringSegment>
<gml:posList>
32.955977096 129.783935341
32.956055017 129.783931847
</gml:posList>
</gml:LineStringSegment>
</gml:segments>
</gml:Curve>
</loc>
<type>せき</type>
</WStrL>
<WStrL gml:id="K27_4672211862_2">
<fid>46722-11862-s-3520</fid>
<lfSpanFr gml:id="K27_4672211862_2-1">
<gml:timePosition>2023-02-21</gml:timePosition>
</lfSpanFr>
<devDate gml:id="K27_4672211862_2-2">
<gml:timePosition>2023-03-31</gml:timePosition>
</devDate>
<orgGILvl>2500</orgGILvl>
<vis>表示</vis>
<loc>
<gml:Curve gml:id="K27_4672211862_2-g" srsName="fguuid:jgd2011.bl">
<gml:segments>
<gml:LineStringSegment>
<gml:posList>
32.956054512 129.783915801
32.955976591 129.783919295
</gml:posList>
</gml:LineStringSegment>
</gml:segments>
</gml:Curve>
</loc>
<type>せき</type>
</WStrL>
<WStrL gml:id="K27_4672211865_1">
<fid>46722-11865-s-1257</fid>
<lfSpanFr gml:id="K27_4672211865_1-1">
<gml:timePosition>2023-02-21</gml:timePosition>
</lfSpanFr>
<devDate gml:id="K27_4672211865_1-2">
<gml:timePosition>2023-03-31</gml:timePosition>
</devDate>
<orgGILvl>2500</orgGILvl>
<vis>表示</vis>
<loc>
<gml:Curve gml:id="K27_4672211865_1-g" srsName="fguuid:jgd2011.bl">
<gml:segments>
<gml:LineStringSegment>
<gml:posList>
32.958567142 129.786705476
32.958596554 129.786777772
</gml:posList>
</gml:LineStringSegment>
</gml:segments>
</gml:Curve>
</loc>
<type>せき</type>
</WStrL>
<WStrL gml:id="K27_4672211865_2">
<fid>46722-11865-s-1258</fid>
<lfSpanFr gml:id="K27_4672211865_2-1">
<gml:timePosition>2023-02-21</gml:timePosition>
</lfSpanFr>
<devDate gml:id="K27_4672211865_2-2">
<gml:timePosition>2023-03-31</gml:timePosition>
</devDate>
<orgGILvl>2500</orgGILvl>
<vis>表示</vis>
<loc>
<gml:Curve gml:id="K27_4672211865_2-g" srsName="fguuid:jgd2011.bl">
<gml:segments>
<gml:LineStringSegment>
<gml:posList>
32.958579243 129.786698134
32.958608654 129.786770431
</gml:posList>
</gml:LineStringSegment>
</gml:segments>
</gml:Curve>
</loc>
<type>せき</type>
</WStrL>
<WStrL gml:id="K27_4672211865_3">
<fid>46722-11865-s-1259</fid>
<lfSpanFr gml:id="K27_4672211865_3-1">
<gml:timePosition>2023-02-21</gml:timePosition>
</lfSpanFr>
<devDate gml:id="K27_4672211865_3-2">
<gml:timePosition>2023-03-31</gml:timePosition>
</devDate>
<orgGILvl>2500</orgGILvl>
<vis>表示</vis>
<loc>
<gml:Curve gml:id="K27_4672211865_3-g" srsName="fguuid:jgd2011.bl">
<gml:segments>
<gml:LineStringSegment>
<gml:posList>
32.960386631 129.786787833
32.960317313 129.786775629
</gml:posList>
</gml:LineStringSegment>
</gml:segments>
</gml:Curve>
</loc>
<type>せき</type>
</WStrL>
<WStrL gml:id="K27_4672211865_4">
<fid>46722-11865-s-1260</fid>
<lfSpanFr gml:id="K27_4672211865_4-1">
<gml:timePosition>2023-02-21</gml:timePosition>
</lfSpanFr>
<devDate gml:id="K27_4672211865_4-2">
<gml:timePosition>2023-03-31</gml:timePosition>
</devDate>
<orgGILvl>2500</orgGILvl>
<vis>表示</vis>
<loc>
<gml:Curve gml:id="K27_4672211865_4-g" srsName="fguuid:jgd2011.bl">
<gml:segments>
<gml:LineStringSegment>
<gml:posList>
32.960319243 129.786759804
32.960385407 129.786771356
</gml:posList>
</gml:LineStringSegment>
</gml:segments>
</gml:Curve>
</loc>
<type>せき</type>
</WStrL>
<WStrL gml:id="K27_4672511850_1">
<fid>46725-11850-s-3317</fid>
<lfSpanFr gml:id="K27_4672511850_1-1">
<gml:timePosition>2023-02-21</gml:timePosition>
</lfSpanFr>
<devDate gml:id="K27_4672511850_1-2">
<gml:timePosition>2023-03-31</gml:timePosition>
</devDate>
<orgGILvl>2500</orgGILvl>
<vis>表示</vis>
<loc>
<gml:Curve gml:id="K27_4672511850_1-g" srsName="fguuid:jgd2011.bl">
<gml:segments>
<gml:LineStringSegment>
<gml:posList>
32.922005417 129.799755123
32.922032294 129.799689436
32.922037123 129.799691569
32.922044927 129.799669509
</gml:posList>
</gml:LineStringSegment>
</gml:segments>
</gml:Curve>
</loc>
<type>桟橋（鉄，コンクリート）</type>
</WStrL>
<WStrL gml:id="K27_4672511850_2">
<fid>46725-11850-s-3318</fid>
<lfSpanFr gml:id="K27_4672511850_2-1">
<gml:timePosition>2023-02-21</gml:timePosition>
</lfSpanFr>
<devDate gml:id="K27_4672511850_2-2">
<gml:timePosition>2023-03-31</gml:timePosition>
</devDate>
<orgGILvl>2500</orgGILvl>
<vis>表示</vis>
<loc>
<gml:Curve gml:id="K27_4672511850_2-g" srsName="fguuid:jgd2011.bl">
<gml:segments>
<gml:LineStringSegment>
<gml:posList>
32.922131711 129.799600619
32.922078835 129.799573666
</gml:posList>
</gml:LineStringSegment>
</gml:segments>
</gml:Curve>
</loc>
<type>桟橋（鉄，コンクリート）</type>
</WStrL>
<WStrL gml:id="K27_4672511850_3">
<fid>46725-11850-s-3319</fid>
<lfSpanFr gml:id="K27_4672511850_3-1">
<gml:timePosition>2023-02-21</gml:timePosition>
</lfSpanFr>
<devDate gml:id="K27_4672511850_3-2">
<gml:timePosition>2023-03-31</gml:timePosition>
</devDate>
<orgGILvl>2500</orgGILvl>
<vis>表示</vis>
<loc>
<gml:Curve gml:id="K27_4672511850_3-g" srsName="fguuid:jgd2011.bl">
<gml:segments>
<gml:LineStringSegment>
<gml:posList>
32.922044927 129.799669509
32.922095881 129.799695851
32.922131711 129.799600619
</gml:posList>
</gml:LineStringSegment>
</gml:segments>
</gml:Curve>
</loc>
<type>桟橋（鉄，コンクリート）</type>
</WStrL>
<WStrL gml:id="K27_4672511850_4">
<fid>46725-11850-s-3320</fid>
<lfSpanFr gml:id="K27_4672511850_4-1">
<gml:timePosition>2023-02-21</gml:timePosition>
</lfSpanFr>
<devDate gml:id="K27_4672511850_4-2">
<gml:timePosition>2023-03-31</gml:timePosition>
</devDate>
<orgGILvl>2500</orgGILvl>
<vis>表示</vis>
<loc>
<gml:Curve gml:id="K27_4672511850_4-g" srsName="fguuid:jgd2011.bl">
<gml:segments>
<gml:LineStringSegment>
<gml:posList>
32.922078835 129.799573666
32.922094431 129.799529583
32.921850359 129.799404465
32.921804702 129.799532585
32.922011444 129.799641229
32.922001575 129.799672492
32.922022644 129.799682571
32.921997673 129.799750285
32.922005417 129.799755123
</gml:posList>
</gml:LineStringSegment>
</gml:segments>
</gml:Curve>
</loc>
<type>桟橋（鉄，コンクリート）</type>
</WStrL>
<WStrL gml:id="K27_4672511856_1">
<fid>46725-11856-s-3907</fid>
<lfSpanFr gml:id="K27_4672511856_1-1">
<gml:timePosition>2023-02-21</gml:timePosition>
</lfSpanFr>
<devDate gml:id="K27_4672511856_1-2">
<gml:timePosition>2023-03-31</gml:timePosition>
</devDate>
<orgGILvl>2500</orgGILvl>
<vis>表示</vis>
<loc>
<gml:Curve gml:id="K27_4672511856_1-g" srsName="fguuid:jgd2011.bl">
<gml:segments>
<gml:LineStringSegment>
<gml:posList>
32.936418421 129.799429981
32.936526772 129.798758267
32.936582513 129.798772100
32.936475819 129.799430175
</gml:posList>
</gml:LineStringSegment>
</gml:segments>
</gml:Curve>
</loc>
<type>透過水制</type>
</WStrL>
<WStrL gml:id="K27_4672511856_2">
<fid>46725-11856-s-3908</fid>
<lfSpanFr gml:id="K27_4672511856_2-1">
<gml:timePosition>2023-02-21</gml:timePosition>
</lfSpanFr>
<devDate gml:id="K27_4672511856_2-2">
<gml:timePosition>2023-03-31</gml:timePosition>
</devDate>
<orgGILvl>2500</orgGILvl>
<vis>表示</vis>
<loc>
<gml:Curve gml:id="K27_4672511856_2-g" srsName="fguuid:jgd2011.bl">
<gml:segments>
<gml:LineStringSegment>
<gml:posList>
32.936475819 129.799430175
32.936425696 129.799739337
32.936370575 129.799726565
32.936418421 129.799429981
</gml:posList>
</gml:LineStringSegment>
</gml:segments>
</gml:Curve>
</loc>
<type>透過水制</type>
</WStrL>
<WStrL gml:id="K27_4672511856_3">
<fid>46725-11856-s-3909</fid>
<lfSpanFr gml:id="K27_4672511856_3-1">
<gml:timePosition>2023-02-21</gml:timePosition>
</lfSpanFr>
<devDate gml:id="K27_4672511856_3-2">
<gml:timePosition>2023-03-31</gml:timePosition>
</devDate>
<orgGILvl>2500</orgGILvl>
<vis>表示</vis>
<loc>
<gml:Curve gml:id="K27_4672511856_3-g" srsName="fguuid:jgd2011.bl">
<gml:segments>
<gml:LineStringSegment>
<gml:posList>
32.937078963 129.798523861
32.937115646 129.798532112
32.937106401 129.798589615
32.937069808 129.798581364
32.936996263 129.798564755
32.937088078 129.797991974
32.937102312 129.797997904
32.937122491 129.798006419
32.937038367 129.798530783
32.937076492 129.798539359
32.937078963 129.798523861
</gml:posList>
</gml:LineStringSegment>
</gml:segments>
</gml:Curve>
</loc>
<type>透過水制</type>
</WStrL>
<WStrL gml:id="K27_4672511856_4">
<fid>46725-11856-s-3913</fid>
<lfSpanFr gml:id="K27_4672511856_4-1">
<gml:timePosition>2023-02-21</gml:timePosition>
</lfSpanFr>
<devDate gml:id="K27_4672511856_4-2">
<gml:timePosition>2023-03-31</gml:timePosition>
</devDate>
<orgGILvl>2500</orgGILvl>
<vis>表示</vis>
<loc>
<gml:Curve gml:id="K27_4672511856_4-g" srsName="fguuid:jgd2011.bl">
<gml:segments>
<gml:LineStringSegment>
<gml:posList>
32.935857787 129.795906617
32.935831834 129.795823012
32.935840319 129.795819297
32.935867884 129.795907934
32.935857787 129.795906617
</gml:posList>
</gml:LineStringSegment>
</gml:segments>
</gml:Curve>
</loc>
<type>桟橋（鉄，コンクリート）</type>
</WStrL>
<WStrL gml:id="K27_4672511856_5">
<fid>46725-11856-s-3914</fid>
<lfSpanFr gml:id="K27_4672511856_5-1">
<gml:timePosition>2023-02-21</gml:timePosition>
</lfSpanFr>
<devDate gml:id="K27_4672511856_5-2">
<gml:timePosition>2023-03-31</gml:timePosition>
</devDate>
<orgGILvl>2500</orgGILvl>
<vis>表示</vis>
<loc>
<gml:Curve gml:id="K27_4672511856_5-g" srsName="fguuid:jgd2011.bl">
<gml:segments>
<gml:LineStringSegment>
<gml:posList>
32.938309190 129.798020024
32.938265418 129.798034956
32.938266577 129.798040735
32.938186714 129.798064101
32.938182256 129.798042804
32.938261939 129.798019438
32.938263543 129.798027143
32.938307946 129.798012213
</gml:posList>
</gml:LineStringSegment>
</gml:segments>
</gml:Curve>
</loc>
<type>桟橋（鉄，コンクリート）</type>
</WStrL>
<WStrL gml:id="K27_4672511856_6">
<fid>46725-11856-s-3915</fid>
<lfSpanFr gml:id="K27_4672511856_6-1">
<gml:timePosition>2023-02-21</gml:timePosition>
</lfSpanFr>
<devDate gml:id="K27_4672511856_6-2">
<gml:timePosition>2023-03-31</gml:timePosition>
</devDate>
<orgGILvl>2500</orgGILvl>
<vis>表示</vis>
<loc>
<gml:Curve gml:id="K27_4672511856_6-g" srsName="fguuid:jgd2011.bl">
<gml:segments>
<gml:LineStringSegment>
<gml:posList>
32.938307946 129.798012213
32.938309190 129.798020024
</gml:posList>
</gml:LineStringSegment>
</gml:segments>
</gml:Curve>
</loc>
<type>桟橋（鉄，コンクリート）</type>
</WStrL>
<WStrL gml:id="K27_4672511859_1">
<fid>46725-11859-s-2816</fid>
<lfSpanFr gml:id="K27_4672511859_1-1">
<gml:timePosition>2023-02-21</gml:timePosition>
</lfSpanFr>
<devDate gml:id="K27_4672511859_1-2">
<gml:timePosition>2023-03-31</gml:timePosition>
</devDate>
<orgGILvl>2500</orgGILvl>
<vis>表示</vis>
<loc>
<gml:Curve gml:id="K27_4672511859_1-g" srsName="fguuid:jgd2011.bl">
<gml:segments>
<gml:LineStringSegment>
<gml:posList>
32.946098668 129.798102090
32.946078970 129.798080955
32.946074263 129.798088319
32.946059146 129.798074685
32.946074534 129.798050566
32.946088481 129.798063126
32.946084227 129.798069850
32.946105364 129.798092380
</gml:posList>
</gml:LineStringSegment>
</gml:segments>
</gml:Curve>
</loc>
<type>桟橋（鉄，コンクリート）</type>
</WStrL>
<WStrL gml:id="K27_4672511859_2">
<fid>46725-11859-s-2817</fid>
<lfSpanFr gml:id="K27_4672511859_2-1">
<gml:timePosition>2023-02-21</gml:timePosition>
</lfSpanFr>
<devDate gml:id="K27_4672511859_2-2">
<gml:timePosition>2023-03-31</gml:timePosition>
</devDate>
<orgGILvl>2500</orgGILvl>
<vis>表示</vis>
<loc>
<gml:Curve gml:id="K27_4672511859_2-g" srsName="fguuid:jgd2011.bl">
<gml:segments>
<gml:LineStringSegment>
<gml:posList>
32.945836784 129.797349351
32.945877970 129.797587133
</gml:posList>
</gml:LineStringSegment>
</gml:segments>
</gml:Curve>
</loc>
<type>桟橋（鉄，コンクリート）</type>
</WStrL>
<WStrL gml:id="K27_4672511859_3">
<fid>46725-11859-s-2818</fid>
<lfSpanFr gml:id="K27_4672511859_3-1">
<gml:timePosition>2023-02-21</gml:timePosition>
</lfSpanFr>
<devDate gml:id="K27_4672511859_3-2">
<gml:timePosition>2023-03-31</gml:timePosition>
</devDate>
<orgGILvl>2500</orgGILvl>
<vis>表示</vis>
<loc>
<gml:Curve gml:id="K27_4672511859_3-g" srsName="fguuid:jgd2011.bl">
<gml:segments>
<gml:LineStringSegment>
<gml:posList>
32.945880772 129.797603863
32.945894259 129.797600984
32.945884123 129.797540416
32.945892735 129.797521622
32.946004443 129.797492798
32.946001594 129.797477174
32.945891781 129.797505469
32.945876388 129.797494401
32.945858961 129.797390174
32.945867108 129.797377260
32.945982417 129.797350481
32.945979840 129.797334643
32.945864349 129.797361529
32.945852827 129.797353255
32.945851582 129.797345871
32.945836784 129.797349351
</gml:posList>
</gml:LineStringSegment>
</gml:segments>
</gml:Curve>
</loc>
<type>桟橋（鉄，コンクリート）</type>
</WStrL>
<WStrL gml:id="K27_4672511859_4">
<fid>46725-11859-s-2819</fid>
<lfSpanFr gml:id="K27_4672511859_4-1">
<gml:timePosition>2023-02-21</gml:timePosition>
</lfSpanFr>
<devDate gml:id="K27_4672511859_4-2">
<gml:timePosition>2023-03-31</gml:timePosition>
</devDate>
<orgGILvl>2500</orgGILvl>
<vis>表示</vis>
<loc>
<gml:Curve gml:id="K27_4672511859_4-g" srsName="fguuid:jgd2011.bl">
<gml:segments>
<gml:LineStringSegment>
<gml:posList>
32.946105364 129.798092380
32.946098668 129.798102090
</gml:posList>
</gml:LineStringSegment>
</gml:segments>
</gml:Curve>
</loc>
<type>桟橋（鉄，コンクリート）</type>
</WStrL>
<WStrL gml:id="K27_4672511859_5">
<fid>46725-11859-s-2820</fid>
<lfSpanFr gml:id="K27_4672511859_5-1">
<gml:timePosition>2023-02-21</gml:timePosition>
</lfSpanFr>
<devDate gml:id="K27_4672511859_5-2">
<gml:timePosition>2023-03-31</gml:timePosition>
</devDate>
<orgGILvl>2500</orgGILvl>
<vis>表示</vis>
<loc>
<gml:Curve gml:id="K27_4672511859_5-g" srsName="fguuid:jgd2011.bl">
<gml:segments>
<gml:LineStringSegment>
<gml:posList>
32.945877970 129.797587133
32.945880772 129.797603863
</gml:posList>
</gml:LineStringSegment>
</gml:segments>
</gml:Curve>
</loc>
<type>桟橋（鉄，コンクリート）</type>
</WStrL>
<WStrL gml:id="K27_4672811850_1">
<fid>46728-11850-s-2518</fid>
<lfSpanFr gml:id="K27_4672811850_1-1">
<gml:timePosition>2023-02-21</gml:timePosition>
</lfSpanFr>
<devDate gml:id="K27_4672811850_1-2">
<gml:timePosition>2023-03-31</gml:timePosition>
</devDate>
<orgGILvl>2500</orgGILvl>
<vis>表示</vis>
<loc>
<gml:Curve gml:id="K27_4672811850_1-g" srsName="fguuid:jgd2011.bl">
<gml:segments>
<gml:LineStringSegment>
<gml:posList>
32.917312965 129.805709188
32.917300726 129.805698957
32.917350858 129.805616889
32.917328158 129.805595642
32.917371917 129.805519701
32.917352006 129.805505070
32.917196447 129.805768265
32.917215964 129.805781953
32.917307472 129.805628651
32.917317426 129.805636672
32.917273659 129.805704595
32.917301981 129.805727668
</gml:posList>
</gml:LineStringSegment>
</gml:segments>
</gml:Curve>
</loc>
<type>桟橋（鉄，コンクリート）</type>
</WStrL>
<WStrL gml:id="K27_4672811850_2">
<fid>46728-11850-s-2519</fid>
<lfSpanFr gml:id="K27_4672811850_2-1">
<gml:timePosition>2023-02-21</gml:timePosition>
</lfSpanFr>
<devDate gml:id="K27_4672811850_2-2">
<gml:timePosition>2023-03-31</gml:timePosition>
</devDate>
<orgGILvl>2500</orgGILvl>
<vis>表示</vis>
<loc>
<gml:Curve gml:id="K27_4672811850_2-g" srsName="fguuid:jgd2011.bl">
<gml:segments>
<gml:LineStringSegment>
<gml:posList>
32.918043915 129.804497747
32.917976535 129.804468114
32.917989239 129.804435655
32.917903693 129.804385111
32.917873757 129.804457819
32.917958494 129.804507398
32.917968927 129.804481453
32.918038736 129.804513767
</gml:posList>
</gml:LineStringSegment>
</gml:segments>
</gml:Curve>
</loc>
<type>桟橋（鉄，コンクリート）</type>
</WStrL>
<WStrL gml:id="K27_4672811850_3">
<fid>46728-11850-s-2520</fid>
<lfSpanFr gml:id="K27_4672811850_3-1">
<gml:timePosition>2023-02-21</gml:timePosition>
</lfSpanFr>
<devDate gml:id="K27_4672811850_3-2">
<gml:timePosition>2023-03-31</gml:timePosition>
</devDate>
<orgGILvl>2500</orgGILvl>
<vis>表示</vis>
<loc>
<gml:Curve gml:id="K27_4672811850_3-g" srsName="fguuid:jgd2011.bl">
<gml:segments>
<gml:LineStringSegment>
<gml:posList>
32.917764622 129.803873575
32.917744543 129.803898097
32.917741396 129.803894344
32.917725478 129.803913321
32.917680156 129.803860777
32.917663697 129.803880179
32.917743275 129.803974217
32.917759917 129.803953960
32.917740939 129.803933688
32.917758299 129.803914930
32.917754972 129.803910749
32.917775142 129.803886120
</gml:posList>
</gml:LineStringSegment>
</gml:segments>
</gml:Curve>
</loc>
<type>桟橋（鉄，コンクリート）</type>
</WStrL>
<WStrL gml:id="K27_4672811850_4">
<fid>46728-11850-s-2521</fid>
<lfSpanFr gml:id="K27_4672811850_4-1">
<gml:timePosition>2023-02-21</gml:timePosition>
</lfSpanFr>
<devDate gml:id="K27_4672811850_4-2">
<gml:timePosition>2023-03-31</gml:timePosition>
</devDate>
<orgGILvl>2500</orgGILvl>
<vis>表示</vis>
<loc>
<gml:Curve gml:id="K27_4672811850_4-g" srsName="fguuid:jgd2011.bl">
<gml:segments>
<gml:LineStringSegment>
<gml:posList>
32.917644677 129.803617314
32.917617136 129.803632723
32.917615076 129.803626622
32.917595573 129.803636819
32.917542262 129.803495080
32.917520329 129.803503238
32.917636421 129.803823421
32.917658090 129.803812589
32.917604077 129.803662722
32.917624751 129.803653277
32.917622870 129.803647818
32.917650321 129.803632516
</gml:posList>
</gml:LineStringSegment>
</gml:segments>
</gml:Curve>
</loc>
<type>桟橋（鉄，コンクリート）</type>
</WStrL>
<WStrL gml:id="K27_4672811850_5">
<fid>46728-11850-s-2522</fid>
<lfSpanFr gml:id="K27_4672811850_5-1">
<gml:timePosition>2023-02-21</gml:timePosition>
</lfSpanFr>
<devDate gml:id="K27_4672811850_5-2">
<gml:timePosition>2023-03-31</gml:timePosition>
</devDate>
<orgGILvl>2500</orgGILvl>
<vis>表示</vis>
<loc>
<gml:Curve gml:id="K27_4672811850_5-g" srsName="fguuid:jgd2011.bl">
<gml:segments>
<gml:LineStringSegment>
<gml:posList>
32.919048998 129.801834761
32.919018348 129.801807874
32.919015508 129.801811553
32.918982111 129.801787426
32.918993318 129.801765717
32.919026463 129.801789779
32.919020702 129.801800569
32.919052530 129.801828358
32.919048998 129.801834761
</gml:posList>
</gml:LineStringSegment>
</gml:segments>
</gml:Curve>
</loc>
<type>桟橋（鉄，コンクリート）</type>
</WStrL>
<WStrL gml:id="K27_4672811850_6">
<fid>46728-11850-s-2523</fid>
<lfSpanFr gml:id="K27_4672811850_6-1">
<gml:timePosition>2023-02-21</gml:timePosition>
</lfSpanFr>
<devDate gml:id="K27_4672811850_6-2">
<gml:timePosition>2023-03-31</gml:timePosition>
</devDate>
<orgGILvl>2500</orgGILvl>
<vis>表示</vis>
<loc>
<gml:Curve gml:id="K27_4672811850_6-g" srsName="fguuid:jgd2011.bl">
<gml:segments>
<gml:LineStringSegment>
<gml:posList>
32.917644677 129.803617314
32.917650321 129.803632516
</gml:posList>
</gml:LineStringSegment>
</gml:segments>
</gml:Curve>
</loc>
<type>桟橋（鉄，コンクリート）</type>
</WStrL>
<WStrL gml:id="K27_4672811850_7">
<fid>46728-11850-s-2524</fid>
<lfSpanFr gml:id="K27_4672811850_7-1">
<gml:timePosition>2023-02-21</gml:timePosition>
</lfSpanFr>
<devDate gml:id="K27_4672811850_7-2">
<gml:timePosition>2023-03-31</gml:timePosition>
</devDate>
<orgGILvl>2500</orgGILvl>
<vis>表示</vis>
<loc>
<gml:Curve gml:id="K27_4672811850_7-g" srsName="fguuid:jgd2011.bl">
<gml:segments>
<gml:LineStringSegment>
<gml:posList>
32.917764622 129.803873575
32.917775142 129.803886120
</gml:posList>
</gml:LineStringSegment>
</gml:segments>
</gml:Curve>
</loc>
<type>桟橋（鉄，コンクリート）</type>
</WStrL>
<WStrL gml:id="K27_4672811850_8">
<fid>46728-11850-s-2525</fid>
<lfSpanFr gml:id="K27_4672811850_8-1">
<gml:timePosition>2023-02-21</gml:timePosition>
</lfSpanFr>
<devDate gml:id="K27_4672811850_8-2">
<gml:timePosition>2023-03-31</gml:timePosition>
</devDate>
<orgGILvl>2500</orgGILvl>
<vis>表示</vis>
<loc>
<gml:Curve gml:id="K27_4672811850_8-g" srsName="fguuid:jgd2011.bl">
<gml:segments>
<gml:LineStringSegment>
<gml:posList>
32.918043915 129.804497747
32.918038736 129.804513767
</gml:posList>
</gml:LineStringSegment>
</gml:segments>
</gml:Curve>
</loc>
<type>桟橋（鉄，コンクリート）</type>
</WStrL>
<WStrL gml:id="K27_4672811850_9">
<fid>46728-11850-s-2526</fid>
<lfSpanFr gml:id="K27_4672811850_9-1">
<gml:timePosition>2023-02-21</gml:timePosition>
</lfSpanFr>
<devDate gml:id="K27_4672811850_9-2">
<gml:timePosition>2023-03-31</gml:timePosition>
</devDate>
<orgGILvl>2500</orgGILvl>
<vis>表示</vis>
<loc>
<gml:Curve gml:id="K27_4672811850_9-g" srsName="fguuid:jgd2011.bl">
<gml:segments>
<gml:LineStringSegment>
<gml:posList>
32.917312965 129.805709188
32.917301981 129.805727668
</gml:posList>
</gml:LineStringSegment>
</gml:segments>
</gml:Curve>
</loc>
<type>桟橋（鉄，コンクリート）</type>
</WStrL>
<WStrL gml:id="K27_4672811853_1">
<fid>46728-11853-s-1886</fid>
<lfSpanFr gml:id="K27_4672811853_1-1">
<gml:timePosition>2023-02-21</gml:timePosition>
</lfSpanFr>
<devDate gml:id="K27_4672811853_1-2">
<gml:timePosition>2023-03-31</gml:timePosition>
</devDate>
<orgGILvl>2500</orgGILvl>
<vis>表示</vis>
<loc>
<gml:Curve gml:id="K27_4672811853_1-g" srsName="fguuid:jgd2011.bl">
<gml:segments>
<gml:LineStringSegment>
<gml:posList>
32.925170507 129.800299245
32.925163386 129.800373107
</gml:posList>
</gml:LineStringSegment>
</gml:segments>
</gml:Curve>
</loc>
<type>せき</type>
</WStrL>
<WStrL gml:id="K27_4672811853_2">
<fid>46728-11853-s-1887</fid>
<lfSpanFr gml:id="K27_4672811853_2-1">
<gml:timePosition>2023-02-21</gml:timePosition>
</lfSpanFr>
<devDate gml:id="K27_4672811853_2-2">
<gml:timePosition>2023-03-31</gml:timePosition>
</devDate>
<orgGILvl>2500</orgGILvl>
<vis>表示</vis>
<loc>
<gml:Curve gml:id="K27_4672811853_2-g" srsName="fguuid:jgd2011.bl">
<gml:segments>
<gml:LineStringSegment>
<gml:posList>
32.925172401 129.800374313
32.925179522 129.800300452
</gml:posList>
</gml:LineStringSegment>
</gml:segments>
</gml:Curve>
</loc>
<type>せき</type>
</WStrL>
<WStrL gml:id="K27_4672811853_3">
<fid>46728-11853-s-1888</fid>
<lfSpanFr gml:id="K27_4672811853_3-1">
<gml:timePosition>2023-02-21</gml:timePosition>
</lfSpanFr>
<devDate gml:id="K27_4672811853_3-2">
<gml:timePosition>2023-03-31</gml:timePosition>
</devDate>
<orgGILvl>2500</orgGILvl>
<vis>表示</vis>
<loc>
<gml:Curve gml:id="K27_4672811853_3-g" srsName="fguuid:jgd2011.bl">
<gml:segments>
<gml:LineStringSegment>
<gml:posList>
32.925642965 129.800403918
32.925721854 129.800222731
</gml:posList>
</gml:LineStringSegment>
</gml:segments>
</gml:Curve>
</loc>
<type>せき</type>
</WStrL>
<WStrL gml:id="K27_4672811853_4">
<fid>46728-11853-s-1889</fid>
<lfSpanFr gml:id="K27_4672811853_4-1">
<gml:timePosition>2023-02-21</gml:timePosition>
</lfSpanFr>
<devDate gml:id="K27_4672811853_4-2">
<gml:timePosition>2023-03-31</gml:timePosition>
</devDate>
<orgGILvl>2500</orgGILvl>
<vis>表示</vis>
<loc>
<gml:Curve gml:id="K27_4672811853_4-g" srsName="fguuid:jgd2011.bl">
<gml:segments>
<gml:LineStringSegment>
<gml:posList>
32.925709788 129.800215419
32.925630899 129.800396606
</gml:posList>
</gml:LineStringSegment>
</gml:segments>
</gml:Curve>
</loc>
<type>せき</type>
</WStrL>
<WStrL gml:id="K27_4672811853_5">
<fid>46728-11853-s-1890</fid>
<lfSpanFr gml:id="K27_4672811853_5-1">
<gml:timePosition>2023-02-21</gml:timePosition>
</lfSpanFr>
<devDate gml:id="K27_4672811853_5-2">
<gml:timePosition>2023-03-31</gml:timePosition>
</devDate>
<orgGILvl>2500</orgGILvl>
<vis>表示</vis>
<loc>
<gml:Curve gml:id="K27_4672811853_5-g" srsName="fguuid:jgd2011.bl">
<gml:segments>
<gml:LineStringSegment>
<gml:posList>
32.925853476 129.800350631
32.925681543 129.800448957
</gml:posList>
</gml:LineStringSegment>
</gml:segments>
</gml:Curve>
</loc>
<type>せき</type>
</WStrL>
<WStrL gml:id="K27_4672811853_6">
<fid>46728-11853-s-1891</fid>
<lfSpanFr gml:id="K27_4672811853_6-1">
<gml:timePosition>2023-02-21</gml:timePosition>
</lfSpanFr>
<devDate gml:id="K27_4672811853_6-2">
<gml:timePosition>2023-03-31</gml:timePosition>
</devDate>
<orgGILvl>2500</orgGILvl>
<vis>表示</vis>
<loc>
<gml:Curve gml:id="K27_4672811853_6-g" srsName="fguuid:jgd2011.bl">
<gml:segments>
<gml:LineStringSegment>
<gml:posList>
32.925685397 129.800458593
32.925771364 129.800409377
32.925857331 129.800360268
</gml:posList>
</gml:LineStringSegment>
</gml:segments>
</gml:Curve>
</loc>
<type>せき</type>
</WStrL>
<WStrL gml:id="K27_4672811853_7">
<fid>46728-11853-s-1892</fid>
<lfSpanFr gml:id="K27_4672811853_7-1">
<gml:timePosition>2023-02-21</gml:timePosition>
</lfSpanFr>
<devDate gml:id="K27_4672811853_7-2">
<gml:timePosition>2023-03-31</gml:timePosition>
</devDate>
<orgGILvl>2500</orgGILvl>
<vis>表示</vis>
<loc>
<gml:Curve gml:id="K27_4672811853_7-g" srsName="fguuid:jgd2011.bl">
<gml:segments>
<gml:LineStringSegment>
<gml:posList>
32.930038857 129.806706755
32.930083062 129.806662424
32.930100428 129.806641312
32.930121881 129.806608130
32.930133741 129.806589351
</gml:posList>
</gml:LineStringSegment>
</gml:segments>
</gml:Curve>
</loc>
<type>せき</type>
</WStrL>
<WStrL gml:id="K27_4672811853_8">
<fid>46728-11853-s-1893</fid>
<lfSpanFr gml:id="K27_4672811853_8-1">
<gml:timePosition>2023-02-21</gml:timePosition>
</lfSpanFr>
<devDate gml:id="K27_4672811853_8-2">
<gml:timePosition>2023-03-31</gml:timePosition>
</devDate>
<orgGILvl>2500</orgGILvl>
<vis>表示</vis>
<loc>
<gml:Curve gml:id="K27_4672811853_8-g" srsName="fguuid:jgd2011.bl">
<gml:segments>
<gml:LineStringSegment>
<gml:posList>
32.930126542 129.806582911
32.930114683 129.806601690
32.930093592 129.806634231
32.930076949 129.806654598
32.930033015 129.806698608
</gml:posList>
</gml:LineStringSegment>
</gml:segments>
</gml:Curve>
</loc>
<type>せき</type>
</WStrL>
<WStrL gml:id="K27_4672811856_1">
<fid>46728-11856-s-3489</fid>
<lfSpanFr gml:id="K27_4672811856_1-1">
<gml:timePosition>2023-02-21</gml:timePosition>
</lfSpanFr>
<devDate gml:id="K27_4672811856_1-2">
<gml:timePosition>2023-03-31</gml:timePosition>
</devDate>
<orgGILvl>2500</orgGILvl>
<vis>表示</vis>
<loc>
<gml:Curve gml:id="K27_4672811856_1-g" srsName="fguuid:jgd2011.bl">
<gml:segments>
<gml:LineStringSegment>
<gml:posList>
32.938415605 129.802409251
32.938402243 129.802378513
32.938411454 129.802372877
32.938394146 129.802333250
32.938363350 129.802352074
32.938380658 129.802391808
32.938395559 129.802382661
32.938408922 129.802413399
</gml:posList>
</gml:LineStringSegment>
</gml:segments>
</gml:Curve>
</loc>
<type>桟橋（鉄，コンクリート）</type>
</WStrL>
<WStrL gml:id="K27_4672811856_2">
<fid>46728-11856-s-3490</fid>
<lfSpanFr gml:id="K27_4672811856_2-1">
<gml:timePosition>2023-02-21</gml:timePosition>
</lfSpanFr>
<devDate gml:id="K27_4672811856_2-2">
<gml:timePosition>2023-03-31</gml:timePosition>
</devDate>
<orgGILvl>2500</orgGILvl>
<vis>表示</vis>
<loc>
<gml:Curve gml:id="K27_4672811856_2-g" srsName="fguuid:jgd2011.bl">
<gml:segments>
<gml:LineStringSegment>
<gml:posList>
32.938415605 129.802409251
32.938408922 129.802413399
</gml:posList>
</gml:LineStringSegment>
</gml:segments>
</gml:Curve>
</loc>
<type>桟橋（鉄，コンクリート）</type>
</WStrL>
<WStrL gml:id="K27_4673111850_1">
<fid>46731-11850-s-3621</fid>
<lfSpanFr gml:id="K27_4673111850_1-1">
<gml:timePosition>2023-02-21</gml:timePosition>
</lfSpanFr>
<devDate gml:id="K27_4673111850_1-2">
<gml:timePosition>2023-03-31</gml:timePosition>
</devDate>
<orgGILvl>2500</orgGILvl>
<vis>表示</vis>
<loc>
<gml:Curve gml:id="K27_4673111850_1-g" srsName="fguuid:jgd2011.bl">
<gml:segments>
<gml:LineStringSegment>
<gml:posList>
32.917029630 129.809722916
32.916798375 129.809932368
32.916825413 129.809974800
</gml:posList>
</gml:LineStringSegment>
</gml:segments>
</gml:Curve>
</loc>
<type>防波堤</type>
</WStrL>
<WStrL gml:id="K27_4673111850_2">
<fid>46731-11850-s-3622</fid>
<lfSpanFr gml:id="K27_4673111850_2-1">
<gml:timePosition>2023-02-21</gml:timePosition>
</lfSpanFr>
<devDate gml:id="K27_4673111850_2-2">
<gml:timePosition>2023-03-31</gml:timePosition>
</devDate>
<orgGILvl>2500</orgGILvl>
<vis>表示</vis>
<loc>
<gml:Curve gml:id="K27_4673111850_2-g" srsName="fguuid:jgd2011.bl">
<gml:segments>
<gml:LineStringSegment>
<gml:posList>
32.916825413 129.809974800
32.916829276 129.809980694
32.917094257 129.809735469
</gml:posList>
</gml:LineStringSegment>
</gml:segments>
</gml:Curve>
</loc>
<type>防波堤</type>
</WStrL>
<WStrL gml:id="K27_4673111850_3">
<fid>46731-11850-s-3645</fid>
<lfSpanFr gml:id="K27_4673111850_3-1">
<gml:timePosition>2023-02-21</gml:timePosition>
</lfSpanFr>
<devDate gml:id="K27_4673111850_3-2">
<gml:timePosition>2023-03-31</gml:timePosition>
</devDate>
<orgGILvl>2500</orgGILvl>
<vis>表示</vis>
<loc>
<gml:Curve gml:id="K27_4673111850_3-g" srsName="fguuid:jgd2011.bl">
<gml:segments>
<gml:LineStringSegment>
<gml:posList>
32.920837543 129.813045054
32.920831284 129.813045182
32.920797006 129.813049445
32.920778781 129.813053123
32.920755963 129.813054753
32.920732875 129.813055421
32.920103400 129.813106557
32.920055230 129.813112589
32.919995418 129.813122214
32.919955626 129.813132018
32.919941464 129.813133358
32.919929656 129.813131606
32.919915510 129.813126744
32.919907424 129.813114741
32.919904308 129.813098692
32.919909962 129.813073479
32.920877759 129.812999391
32.920880537 129.813031712
32.920879266 129.813107001
32.920865371 129.813110320
32.920860492 129.813081691
32.920856471 129.813066612
32.920854013 129.813061482
32.920837543 129.813045054
</gml:posList>
</gml:LineStringSegment>
</gml:segments>
</gml:Curve>
</loc>
<type>透過水制</type>
</WStrL>
<WStrL gml:id="K27_4673111850_4">
<fid>46731-11850-s-3646</fid>
<lfSpanFr gml:id="K27_4673111850_4-1">
<gml:timePosition>2023-02-21</gml:timePosition>
</lfSpanFr>
<devDate gml:id="K27_4673111850_4-2">
<gml:timePosition>2023-03-31</gml:timePosition>
</devDate>
<orgGILvl>2500</orgGILvl>
<vis>表示</vis>
<loc>
<gml:Curve gml:id="K27_4673111850_4-g" srsName="fguuid:jgd2011.bl">
<gml:segments>
<gml:LineStringSegment>
<gml:posList>
32.920374988 129.811926480
32.920168621 129.811943184
32.920166462 129.811904793
32.920312309 129.811893008
32.920313344 129.811911830
32.920343289 129.811909369
32.920342164 129.811890440
32.920372740 129.811887981
32.920374988 129.811926480
</gml:posList>
</gml:LineStringSegment>
</gml:segments>
</gml:Curve>
</loc>
<type>透過水制</type>
</WStrL>
<WStrL gml:id="K27_4673111850_5">
<fid>46731-11850-s-3647</fid>
<lfSpanFr gml:id="K27_4673111850_5-1">
<gml:timePosition>2023-02-21</gml:timePosition>
</lfSpanFr>
<devDate gml:id="K27_4673111850_5-2">
<gml:timePosition>2023-03-31</gml:timePosition>
</devDate>
<orgGILvl>2500</orgGILvl>
<vis>表示</vis>
<loc>
<gml:Curve gml:id="K27_4673111850_5-g" srsName="fguuid:jgd2011.bl">
<gml:segments>
<gml:LineStringSegment>
<gml:posList>
32.920447593 129.811885678
32.920445063 129.811923946
32.920415663 129.811924484
32.920415759 129.811886208
32.920447593 129.811885678
</gml:posList>
</gml:LineStringSegment>
</gml:segments>
</gml:Curve>
</loc>
<type>透過水制</type>
</WStrL>
<WStrL gml:id="K27_4673111850_6">
<fid>46731-11850-s-3653</fid>
<lfSpanFr gml:id="K27_4673111850_6-1">
<gml:timePosition>2023-02-21</gml:timePosition>
</lfSpanFr>
<devDate gml:id="K27_4673111850_6-2">
<gml:timePosition>2023-03-31</gml:timePosition>
</devDate>
<orgGILvl>2500</orgGILvl>
<vis>表示</vis>
<loc>
<gml:Curve gml:id="K27_4673111850_6-g" srsName="fguuid:jgd2011.bl">
<gml:segments>
<gml:LineStringSegment>
<gml:posList>
32.920937529 129.813181900
32.920932199 129.813212098
32.920946194 129.813215579
32.920951301 129.813186638
</gml:posList>
</gml:LineStringSegment>
</gml:segments>
</gml:Curve>
</loc>
<type>桟橋（鉄，コンクリート）</type>
</WStrL>
<WStrL gml:id="K27_4673111850_7">
<fid>46731-11850-s-3654</fid>
<lfSpanFr gml:id="K27_4673111850_7-1">
<gml:timePosition>2023-02-21</gml:timePosition>
</lfSpanFr>
<devDate gml:id="K27_4673111850_7-2">
<gml:timePosition>2023-03-31</gml:timePosition>
</devDate>
<orgGILvl>2500</orgGILvl>
<vis>表示</vis>
<loc>
<gml:Curve gml:id="K27_4673111850_7-g" srsName="fguuid:jgd2011.bl">
<gml:segments>
<gml:LineStringSegment>
<gml:posList>
32.920951301 129.813186638
32.920937529 129.813181900
</gml:posList>
</gml:LineStringSegment>
</gml:segments>
</gml:Curve>
</loc>
<type>桟橋（鉄，コンクリート）</type>
</WStrL>
<WStrL gml:id="K27_4673111856_1">
<fid>46731-11856-s-5577</fid>
<lfSpanFr gml:id="K27_4673111856_1-1">
<gml:timePosition>2023-02-21</gml:timePosition>
</lfSpanFr>
<devDate gml:id="K27_4673111856_1-2">
<gml:timePosition>2023-03-31</gml:timePosition>
</devDate>
<orgGILvl>2500</orgGILvl>
<vis>表示</vis>
<loc>
<gml:Curve gml:id="K27_4673111856_1-g" srsName="fguuid:jgd2011.bl">
<gml:segments>
<gml:LineStringSegment>
<gml:posList>
32.935628189 129.815984085
32.935645507 129.815911215
32.936086011 129.816058324
32.936096402 129.816014516
32.936092077 129.816013111
32.936038557 129.815995275
32.936052428 129.815930413
32.936161909 129.815963419
32.936125317 129.816133962
32.935668288 129.815996098
32.935628189 129.815984085
</gml:posList>
</gml:LineStringSegment>
</gml:segments>
</gml:Curve>
</loc>
<type>透過水制</type>
</WStrL>
<WStrL gml:id="K27_4673111856_2">
<fid>46731-11856-s-5578</fid>
<lfSpanFr gml:id="K27_4673111856_2-1">
<gml:timePosition>2023-02-21</gml:timePosition>
</lfSpanFr>
<devDate gml:id="K27_4673111856_2-2">
<gml:timePosition>2023-03-31</gml:timePosition>
</devDate>
<orgGILvl>2500</orgGILvl>
<vis>表示</vis>
<loc>
<gml:Curve gml:id="K27_4673111856_2-g" srsName="fguuid:jgd2011.bl">
<gml:segments>
<gml:LineStringSegment>
<gml:posList>
32.939231151 129.813215117
32.939195758 129.813232210
32.939190028 129.813215721
32.939184747 129.813200088
32.939178122 129.813180922
32.939140111 129.813199503
32.939157567 129.813250576
32.939233751 129.813472750
32.939208019 129.813485171
32.939193439 129.813437744
32.939187156 129.813426386
32.939165652 129.813406954
32.939082754 129.813165186
32.939195431 129.813110829
32.939231151 129.813215117
</gml:posList>
</gml:LineStringSegment>
</gml:segments>
</gml:Curve>
</loc>
<type>透過水制</type>
</WStrL>
<WStrL gml:id="K27_4673111856_3">
<fid>46731-11856-s-5594</fid>
<lfSpanFr gml:id="K27_4673111856_3-1">
<gml:timePosition>2023-02-21</gml:timePosition>
</lfSpanFr>
<devDate gml:id="K27_4673111856_3-2">
<gml:timePosition>2023-03-31</gml:timePosition>
</devDate>
<orgGILvl>2500</orgGILvl>
<vis>表示</vis>
<loc>
<gml:Curve gml:id="K27_4673111856_3-g" srsName="fguuid:jgd2011.bl">
<gml:segments>
<gml:LineStringSegment>
<gml:posList>
32.936144331 129.814244341
32.936131510 129.814304310
32.936097041 129.814294778
32.936108303 129.814230750
32.936134412 129.814240606
32.936142418 129.814230497
32.936146866 129.814232951
32.936139295 129.814242441
32.936144331 129.814244341
</gml:posList>
</gml:LineStringSegment>
</gml:segments>
</gml:Curve>
</loc>
<type>桟橋（鉄，コンクリート）</type>
</WStrL>
<WStrL gml:id="K27_4673111862_1">
<fid>46731-11862-s-2779</fid>
<lfSpanFr gml:id="K27_4673111862_1-1">
<gml:timePosition>2023-02-21</gml:timePosition>
</lfSpanFr>
<devDate gml:id="K27_4673111862_1-2">
<gml:timePosition>2023-03-31</gml:timePosition>
</devDate>
<orgGILvl>2500</orgGILvl>
<vis>表示</vis>
<loc>
<gml:Curve gml:id="K27_4673111862_1-g" srsName="fguuid:jgd2011.bl">
<gml:segments>
<gml:LineStringSegment>
<gml:posList>
32.953064665 129.816360571
32.952900943 129.816666667
</gml:posList>
</gml:LineStringSegment>
</gml:segments>
</gml:Curve>
</loc>
<type>透過水制</type>
</WStrL>
<WStrL gml:id="K27_4673111862_2">
<fid>46731-11862-s-2780</fid>
<lfSpanFr gml:id="K27_4673111862_2-1">
<gml:timePosition>2023-02-21</gml:timePosition>
</lfSpanFr>
<devDate gml:id="K27_4673111862_2-2">
<gml:timePosition>2023-03-31</gml:timePosition>
</devDate>
<orgGILvl>2500</orgGILvl>
<vis>表示</vis>
<loc>
<gml:Curve gml:id="K27_4673111862_2-g" srsName="fguuid:jgd2011.bl">
<gml:segments>
<gml:LineStringSegment>
<gml:posList>
32.952915958 129.816666667
32.953078366 129.816362973
32.953118799 129.816385044
32.952967826 129.816666667
</gml:posList>
</gml:LineStringSegment>
</gml:segments>
</gml:Curve>
</loc>
<type>透過水制</type>
</WStrL>
<WStrL gml:id="K27_4673111862_3">
<fid>46731-11862-s-2781</fid>
<lfSpanFr gml:id="K27_4673111862_3-1">
<gml:timePosition>2023-02-21</gml:timePosition>
</lfSpanFr>
<devDate gml:id="K27_4673111862_3-2">
<gml:timePosition>2023-03-31</gml:timePosition>
</devDate>
<orgGILvl>2500</orgGILvl>
<vis>表示</vis>
<loc>
<gml:Curve gml:id="K27_4673111862_3-g" srsName="fguuid:jgd2011.bl">
<gml:segments>
<gml:LineStringSegment>
<gml:posList>
32.952868289 129.816666667
32.953030916 129.816369543
32.953040352 129.816346580
32.953064665 129.816360571
</gml:posList>
</gml:LineStringSegment>
</gml:segments>
</gml:Curve>
</loc>
<type>透過水制</type>
</WStrL>
<WStrL gml:id="K27_4673111865_1">
<fid>46731-11865-s-1913</fid>
<lfSpanFr gml:id="K27_4673111865_1-1">
<gml:timePosition>2023-02-21</gml:timePosition>
</lfSpanFr>
<devDate gml:id="K27_4673111865_1-2">
<gml:timePosition>2023-03-31</gml:timePosition>
</devDate>
<orgGILvl>2500</orgGILvl>
<vis>表示</vis>
<loc>
<gml:Curve gml:id="K27_4673111865_1-g" srsName="fguuid:jgd2011.bl">
<gml:segments>
<gml:LineStringSegment>
<gml:posList>
32.959296531 129.811797769
32.959339791 129.811771928
32.959341496 129.811775250
32.959383937 129.811751760
32.959378930 129.811734521
32.959335861 129.811756618
32.959338104 129.811761226
32.959291340 129.811782027
</gml:posList>
</gml:LineStringSegment>
</gml:segments>
</gml:Curve>
</loc>
<type>桟橋（鉄，コンクリート）</type>
</WStrL>
<WStrL gml:id="K27_4673111865_2">
<fid>46731-11865-s-1914</fid>
<lfSpanFr gml:id="K27_4673111865_2-1">
<gml:timePosition>2023-02-21</gml:timePosition>
</lfSpanFr>
<devDate gml:id="K27_4673111865_2-2">
<gml:timePosition>2023-03-31</gml:timePosition>
</devDate>
<orgGILvl>2500</orgGILvl>
<vis>表示</vis>
<loc>
<gml:Curve gml:id="K27_4673111865_2-g" srsName="fguuid:jgd2011.bl">
<gml:segments>
<gml:LineStringSegment>
<gml:posList>
32.959588161 129.811545710
32.959641935 129.811534025
32.959642551 129.811540018
32.959810911 129.811504133
32.959807454 129.811480160
32.959639104 129.811512087
32.959640799 129.811519367
32.959583053 129.811532856
</gml:posList>
</gml:LineStringSegment>
</gml:segments>
</gml:Curve>
</loc>
<type>桟橋（鉄，コンクリート）</type>
</WStrL>
<WStrL gml:id="K27_4673111865_3">
<fid>46731-11865-s-1915</fid>
<lfSpanFr gml:id="K27_4673111865_3-1">
<gml:timePosition>2023-02-21</gml:timePosition>
</lfSpanFr>
<devDate gml:id="K27_4673111865_3-2">
<gml:timePosition>2023-03-31</gml:timePosition>
</devDate>
<orgGILvl>2500</orgGILvl>
<vis>表示</vis>
<loc>
<gml:Curve gml:id="K27_4673111865_3-g" srsName="fguuid:jgd2011.bl">
<gml:segments>
<gml:LineStringSegment>
<gml:posList>
32.960287521 129.810156420
32.960310276 129.810180267
32.960304939 129.810194069
32.960294842 129.810189520
32.960280752 129.810241917
32.960328297 129.810266065
32.960360509 129.810182304
32.960319452 129.810160072
32.960315806 129.810168456
32.960293097 129.810147732
</gml:posList>
</gml:LineStringSegment>
</gml:segments>
</gml:Curve>
</loc>
<type>桟橋（鉄，コンクリート）</type>
</WStrL>
<WStrL gml:id="K27_4673111865_4">
<fid>46731-11865-s-1916</fid>
<lfSpanFr gml:id="K27_4673111865_4-1">
<gml:timePosition>2023-02-21</gml:timePosition>
</lfSpanFr>
<devDate gml:id="K27_4673111865_4-2">
<gml:timePosition>2023-03-31</gml:timePosition>
</devDate>
<orgGILvl>2500</orgGILvl>
<vis>表示</vis>
<loc>
<gml:Curve gml:id="K27_4673111865_4-g" srsName="fguuid:jgd2011.bl">
<gml:segments>
<gml:LineStringSegment>
<gml:posList>
32.960721419 129.808600148
32.960749408 129.808622816
32.960751219 129.808619613
32.960779658 129.808642710
32.960769243 129.808660752
32.960740984 129.808637762
32.960744064 129.808632424
32.960715355 129.808609006
</gml:posList>
</gml:LineStringSegment>
</gml:segments>
</gml:Curve>
</loc>
<type>桟橋（鉄，コンクリート）</type>
</WStrL>
<WStrL gml:id="K27_4673111865_5">
<fid>46731-11865-s-1917</fid>
<lfSpanFr gml:id="K27_4673111865_5-1">
<gml:timePosition>2023-02-21</gml:timePosition>
</lfSpanFr>
<devDate gml:id="K27_4673111865_5-2">
<gml:timePosition>2023-03-31</gml:timePosition>
</devDate>
<orgGILvl>2500</orgGILvl>
<vis>表示</vis>
<loc>
<gml:Curve gml:id="K27_4673111865_5-g" srsName="fguuid:jgd2011.bl">
<gml:segments>
<gml:LineStringSegment>
<gml:posList>
32.959291340 129.811782027
32.959296531 129.811797769
</gml:posList>
</gml:LineStringSegment>
</gml:segments>
</gml:Curve>
</loc>
<type>桟橋（鉄，コンクリート）</type>
</WStrL>
<WStrL gml:id="K27_4673111865_6">
<fid>46731-11865-s-1918</fid>
<lfSpanFr gml:id="K27_4673111865_6-1">
<gml:timePosition>2023-02-21</gml:timePosition>
</lfSpanFr>
<devDate gml:id="K27_4673111865_6-2">
<gml:timePosition>2023-03-31</gml:timePosition>
</devDate>
<orgGILvl>2500</orgGILvl>
<vis>表示</vis>
<loc>
<gml:Curve gml:id="K27_4673111865_6-g" srsName="fguuid:jgd2011.bl">
<gml:segments>
<gml:LineStringSegment>
<gml:posList>
32.959583053 129.811532856
32.959588161 129.811545710
</gml:posList>
</gml:LineStringSegment>
</gml:segments>
</gml:Curve>
</loc>
<type>桟橋（鉄，コンクリート）</type>
</WStrL>
<WStrL gml:id="K27_4673111865_7">
<fid>46731-11865-s-1919</fid>
<lfSpanFr gml:id="K27_4673111865_7-1">
<gml:timePosition>2023-02-21</gml:timePosition>
</lfSpanFr>
<devDate gml:id="K27_4673111865_7-2">
<gml:timePosition>2023-03-31</gml:timePosition>
</devDate>
<orgGILvl>2500</orgGILvl>
<vis>表示</vis>
<loc>
<gml:Curve gml:id="K27_4673111865_7-g" srsName="fguuid:jgd2011.bl">
<gml:segments>
<gml:LineStringSegment>
<gml:posList>
32.960293097 129.810147732
32.960287521 129.810156420
</gml:posList>
</gml:LineStringSegment>
</gml:segments>
</gml:Curve>
</loc>
<type>桟橋（鉄，コンクリート）</type>
</WStrL>
<WStrL gml:id="K27_4673111865_8">
<fid>46731-11865-s-1920</fid>
<lfSpanFr gml:id="K27_4673111865_8-1">
<gml:timePosition>2023-02-21</gml:timePosition>
</lfSpanFr>
<devDate gml:id="K27_4673111865_8-2">
<gml:timePosition>2023-03-31</gml:timePosition>
</devDate>
<orgGILvl>2500</orgGILvl>
<vis>表示</vis>
<loc>
<gml:Curve gml:id="K27_4673111865_8-g" srsName="fguuid:jgd2011.bl">
<gml:segments>
<gml:LineStringSegment>
<gml:posList>
32.960721419 129.808600148
32.960715355 129.808609006
</gml:posList>
</gml:LineStringSegment>
</gml:segments>
</gml:Curve>
</loc>
<type>桟橋（鉄，コンクリート）</type>
</WStrL>
<WStrL gml:id="K27_4673411862_1">
<fid>46734-11862-s-739</fid>
<lfSpanFr gml:id="K27_4673411862_1-1">
<gml:timePosition>2023-02-21</gml:timePosition>
</lfSpanFr>
<devDate gml:id="K27_4673411862_1-2">
<gml:timePosition>2023-03-31</gml:timePosition>
</devDate>
<orgGILvl>2500</orgGILvl>
<vis>表示</vis>
<loc>
<gml:Curve gml:id="K27_4673411862_1-g" srsName="fguuid:jgd2011.bl">
<gml:segments>
<gml:LineStringSegment>
<gml:posList>
32.952900943 129.816666667
32.952865784 129.816732400
32.952876495 129.816740460
32.952915958 129.816666667
</gml:posList>
</gml:LineStringSegment>
</gml:segments>
</gml:Curve>
</loc>
<type>透過水制</type>
</WStrL>
<WStrL gml:id="K27_4673411862_2">
<fid>46734-11862-s-740</fid>
<lfSpanFr gml:id="K27_4673411862_2-1">
<gml:timePosition>2023-02-21</gml:timePosition>
</lfSpanFr>
<devDate gml:id="K27_4673411862_2-2">
<gml:timePosition>2023-03-31</gml:timePosition>
</devDate>
<orgGILvl>2500</orgGILvl>
<vis>表示</vis>
<loc>
<gml:Curve gml:id="K27_4673411862_2-g" srsName="fguuid:jgd2011.bl">
<gml:segments>
<gml:LineStringSegment>
<gml:posList>
32.952967826 129.816666667
32.952897378 129.816798078
32.952827772 129.816740692
32.952868289 129.816666667
</gml:posList>
</gml:LineStringSegment>
</gml:segments>
</gml:Curve>
</loc>
<type>透過水制</type>
</WStrL>
</Dataset>
