<?xml version="1.0" encoding="utf-8"?>
<Dataset xsi:schemaLocation="http://fgd.gsi.go.jp/spec/2008/FGD_GMLSchema FGD_GMLSchema.xsd"
	xmlns:gml="http://www.opengis.net/gml/3.2"
	xmlns:xsi="http://www.w3.org/2001/XMLSchema-instance"
	xmlns:xlink="http://www.w3.org/1999/xlink"
	xmlns="http://fgd.gsi.go.jp/spec/2008/FGD_GMLSchema"
	gml:id="Dataset1">
  <gml:description>基盤地図情報メタデータ ID=fmdid:23-0401</gml:description>
  <gml:name>基盤地図情報ダウンロードデータ（GML版）</gml:name>
<AdmPt gml:id="K6_4671611856_1">
<fid>46716-11856-i-197</fid>
<lfSpanFr gml:id="K6_4671611856_1-1">
<gml:timePosition>2023-02-21</gml:timePosition>
</lfSpanFr>
<devDate gml:id="K6_4671611856_1-2">
<gml:timePosition>2023-03-31</gml:timePosition>
</devDate>
<orgGILvl>25000</orgGILvl>
<vis>非表示</vis>
<pos>
<gml:Point gml:id="K6_4671611856_1-g" srsName="fguuid:jgd2011.bl">
<gml:pos>32.941274368 129.766677918</gml:pos>
</gml:Point>
</pos>
<type>郡市・東京都の区</type>
<name>長崎市</name>
<admCode>42201</admCode>
</AdmPt>
<AdmPt gml:id="K6_4672211871_1">
<fid>46722-11871-i-496</fid>
<lfSpanFr gml:id="K6_4672211871_1-1">
<gml:timePosition>2023-02-21</gml:timePosition>
</lfSpanFr>
<devDate gml:id="K6_4672211871_1-2">
<gml:timePosition>2023-03-31</gml:timePosition>
</devDate>
<orgGILvl>25000</orgGILvl>
<vis>非表示</vis>
<pos>
<gml:Point gml:id="K6_4672211871_1-g" srsName="fguuid:jgd2011.bl">
<gml:pos>32.976891531 129.785941243</gml:pos>
</gml:Point>
</pos>
<type>郡市・東京都の区</type>
<name>西海市</name>
<admCode>42212</admCode>
</AdmPt>
<AdmPt gml:id="K6_4672511850_1">
<fid>46725-11850-i-164</fid>
<lfSpanFr gml:id="K6_4672511850_1-1">
<gml:timePosition>2023-02-21</gml:timePosition>
</lfSpanFr>
<devDate gml:id="K6_4672511850_1-2">
<gml:timePosition>2023-03-31</gml:timePosition>
</devDate>
<orgGILvl>25000</orgGILvl>
<vis>非表示</vis>
<pos>
<gml:Point gml:id="K6_4672511850_1-g" srsName="fguuid:jgd2011.bl">
<gml:pos>32.916983666 129.792367422</gml:pos>
</gml:Point>
</pos>
<type>郡市・東京都の区</type>
<name>長崎市</name>
<admCode>42201</admCode>
</AdmPt>
<AdmPt gml:id="K6_4672811850_1">
<fid>46728-11850-i-1299</fid>
<lfSpanFr gml:id="K6_4672811850_1-1">
<gml:timePosition>2023-02-21</gml:timePosition>
</lfSpanFr>
<devDate gml:id="K6_4672811850_1-2">
<gml:timePosition>2023-03-31</gml:timePosition>
</devDate>
<orgGILvl>25000</orgGILvl>
<vis>非表示</vis>
<pos>
<gml:Point gml:id="K6_4672811850_1-g" srsName="fguuid:jgd2011.bl">
<gml:pos>32.916777531 129.805557221</gml:pos>
</gml:Point>
</pos>
<type>郡市・東京都の区</type>
<name>長崎市</name>
<admCode>42201</admCode>
</AdmPt>
<AdmPt gml:id="K6_4672811850_2">
<fid>46728-11850-i-1300</fid>
<lfSpanFr gml:id="K6_4672811850_2-1">
<gml:timePosition>2023-02-21</gml:timePosition>
</lfSpanFr>
<devDate gml:id="K6_4672811850_2-2">
<gml:timePosition>2023-03-31</gml:timePosition>
</devDate>
<orgGILvl>25000</orgGILvl>
<vis>非表示</vis>
<pos>
<gml:Point gml:id="K6_4672811850_2-g" srsName="fguuid:jgd2011.bl">
<gml:pos>32.917076484 129.802075944</gml:pos>
</gml:Point>
</pos>
<type>郡市・東京都の区</type>
<name>長崎市</name>
<admCode>42201</admCode>
</AdmPt>
</Dataset>
