<?xml version="1.0" encoding="utf-8"?>
<Dataset xsi:schemaLocation="http://fgd.gsi.go.jp/spec/2008/FGD_GMLSchema FGD_GMLSchema.xsd"
	xmlns:gml="http://www.opengis.net/gml/3.2"
	xmlns:xsi="http://www.w3.org/2001/XMLSchema-instance"
	xmlns:xlink="http://www.w3.org/1999/xlink"
	xmlns="http://fgd.gsi.go.jp/spec/2008/FGD_GMLSchema"
	gml:id="Dataset1">
  <gml:description>基盤地図情報メタデータ ID=fmdid:23-0401</gml:description>
  <gml:name>基盤地図情報ダウンロードデータ（GML版）</gml:name>
<GCP gml:id="K1_492936_1">
<fid>10-00100-0-2203-413507</fid>
<lfSpanFr gml:id="K1_492936_1-1">
<gml:timePosition>2023-03-28</gml:timePosition>
</lfSpanFr>
<devDate gml:id="K1_492936_1-2">
<gml:timePosition>2023-03-31</gml:timePosition>
</devDate>
<orgGILvl>KJ12</orgGILvl>
<vis>表示</vis>
<pos>
<gml:Point gml:id="K1_492936_1-g" srsName="fguuid:jgd2011.bl">
<gml:pos>32.974811278 129.789401500</gml:pos>
</gml:Point>
</pos>
<orgName>国土地理院</orgName>
<type>三角点</type>
<gcpClass>二等三角点</gcpClass>
<gcpCode>TR24929366301</gcpCode>
<name>亀岳村</name>
<B>118709.3206</B>
<L>467241.8454</L>
<alti>165.22</alti>
<altiAcc>2</altiAcc>
</GCP>
<GCP gml:id="K1_492936_2">
<fid>10-00100-0-2203-420117</fid>
<lfSpanFr gml:id="K1_492936_2-1">
<gml:timePosition>2023-03-28</gml:timePosition>
</lfSpanFr>
<devDate gml:id="K1_492936_2-2">
<gml:timePosition>2023-03-31</gml:timePosition>
</devDate>
<orgGILvl>KJ13</orgGILvl>
<vis>表示</vis>
<pos>
<gml:Point gml:id="K1_492936_2-g" srsName="fguuid:jgd2011.bl">
<gml:pos>32.943476944 129.756390806</gml:pos>
</gml:Point>
</pos>
<orgName>国土地理院</orgName>
<type>三角点</type>
<gcpClass>三等三角点</gcpClass>
<gcpCode>TR34929363001</gcpCode>
<name>鶴山</name>
<B>118596.517</B>
<L>467123.0069</L>
<alti>447.0</alti>
<altiAcc>2</altiAcc>
</GCP>
<GCP gml:id="K1_492936_3">
<fid>10-00100-0-2203-420118</fid>
<lfSpanFr gml:id="K1_492936_3-1">
<gml:timePosition>2023-03-28</gml:timePosition>
</lfSpanFr>
<devDate gml:id="K1_492936_3-2">
<gml:timePosition>2023-03-31</gml:timePosition>
</devDate>
<orgGILvl>KJ13</orgGILvl>
<vis>表示</vis>
<pos>
<gml:Point gml:id="K1_492936_3-g" srsName="fguuid:jgd2011.bl">
<gml:pos>32.950391389 129.806159000</gml:pos>
</gml:Point>
</pos>
<orgName>国土地理院</orgName>
<type>三角点</type>
<gcpClass>三等三角点</gcpClass>
<gcpCode>TR34929364402</gcpCode>
<name>張岳</name>
<B>118621.409</B>
<L>467302.1724</L>
<alti>144.25</alti>
<altiAcc>2</altiAcc>
</GCP>
<GCP gml:id="K1_492936_4">
<fid>10-00100-0-2203-420119</fid>
<lfSpanFr gml:id="K1_492936_4-1">
<gml:timePosition>2023-03-28</gml:timePosition>
</lfSpanFr>
<devDate gml:id="K1_492936_4-2">
<gml:timePosition>2023-03-31</gml:timePosition>
</devDate>
<orgGILvl>KJ13</orgGILvl>
<vis>表示</vis>
<pos>
<gml:Point gml:id="K1_492936_4-g" srsName="fguuid:jgd2011.bl">
<gml:pos>32.974314972 129.822226250</gml:pos>
</gml:Point>
</pos>
<orgName>国土地理院</orgName>
<type>三角点</type>
<gcpClass>三等三角点</gcpClass>
<gcpCode>TR34929366501</gcpCode>
<name>高尾</name>
<B>118707.5339</B>
<L>467360.0145</L>
<alti>50.99</alti>
<altiAcc>2</altiAcc>
</GCP>
<GCP gml:id="K1_492936_5">
<fid>10-00100-0-2203-420120</fid>
<lfSpanFr gml:id="K1_492936_5-1">
<gml:timePosition>2023-03-28</gml:timePosition>
</lfSpanFr>
<devDate gml:id="K1_492936_5-2">
<gml:timePosition>2023-03-31</gml:timePosition>
</devDate>
<orgGILvl>KJ13</orgGILvl>
<vis>表示</vis>
<pos>
<gml:Point gml:id="K1_492936_5-g" srsName="fguuid:jgd2011.bl">
<gml:pos>32.990233917 129.757750139</gml:pos>
</gml:Point>
</pos>
<orgName>国土地理院</orgName>
<type>三角点</type>
<gcpClass>三等三角点</gcpClass>
<gcpCode>TR34929368001</gcpCode>
<name>針木辻</name>
<B>118764.8421</B>
<L>467127.9005</L>
<alti>146.84</alti>
<altiAcc>2</altiAcc>
</GCP>
<GCP gml:id="K1_492936_6">
<fid>10-00100-0-2203-456184</fid>
<lfSpanFr gml:id="K1_492936_6-1">
<gml:timePosition>2023-03-28</gml:timePosition>
</lfSpanFr>
<devDate gml:id="K1_492936_6-2">
<gml:timePosition>2023-03-31</gml:timePosition>
</devDate>
<orgGILvl>KJ14</orgGILvl>
<vis>表示</vis>
<pos>
<gml:Point gml:id="K1_492936_6-g" srsName="fguuid:jgd2011.bl">
<gml:pos>32.918446889 129.758453139</gml:pos>
</gml:Point>
</pos>
<orgName>国土地理院</orgName>
<type>三角点</type>
<gcpClass>四等三角点</gcpClass>
<gcpCode>TR44929360001</gcpCode>
<name>千々道</name>
<B>118506.4088</B>
<L>467130.4313</L>
<alti>462.74</alti>
<altiAcc>2</altiAcc>
</GCP>
<GCP gml:id="K1_492936_7">
<fid>10-00100-0-2203-456185</fid>
<lfSpanFr gml:id="K1_492936_7-1">
<gml:timePosition>2023-03-28</gml:timePosition>
</lfSpanFr>
<devDate gml:id="K1_492936_7-2">
<gml:timePosition>2023-03-31</gml:timePosition>
</devDate>
<orgGILvl>KJ14</orgGILvl>
<vis>表示</vis>
<pos>
<gml:Point gml:id="K1_492936_7-g" srsName="fguuid:jgd2011.bl">
<gml:pos>32.923912694 129.781190750</gml:pos>
</gml:Point>
</pos>
<orgName>国土地理院</orgName>
<type>三角点</type>
<gcpClass>四等三角点</gcpClass>
<gcpCode>TR44929360201</gcpCode>
<name>萩原ノ辻</name>
<B>118526.0857</B>
<L>467212.2867</L>
<alti>125.93</alti>
<altiAcc>2</altiAcc>
</GCP>
<GCP gml:id="K1_492936_8">
<fid>10-00100-0-2203-456186</fid>
<lfSpanFr gml:id="K1_492936_8-1">
<gml:timePosition>2023-03-28</gml:timePosition>
</lfSpanFr>
<devDate gml:id="K1_492936_8-2">
<gml:timePosition>2023-03-31</gml:timePosition>
</devDate>
<orgGILvl>KJ14</orgGILvl>
<vis>表示</vis>
<pos>
<gml:Point gml:id="K1_492936_8-g" srsName="fguuid:jgd2011.bl">
<gml:pos>32.930936444 129.750474722</gml:pos>
</gml:Point>
</pos>
<orgName>国土地理院</orgName>
<type>三角点</type>
<gcpClass>四等三角点</gcpClass>
<gcpCode>TR44929361001</gcpCode>
<name>楠原</name>
<B>118551.3712</B>
<L>467101.709</L>
<alti>458.58</alti>
<altiAcc>2</altiAcc>
</GCP>
<GCP gml:id="K1_492936_9">
<fid>10-00100-0-2203-456187</fid>
<lfSpanFr gml:id="K1_492936_9-1">
<gml:timePosition>2023-03-28</gml:timePosition>
</lfSpanFr>
<devDate gml:id="K1_492936_9-2">
<gml:timePosition>2023-03-31</gml:timePosition>
</devDate>
<orgGILvl>KJ14</orgGILvl>
<vis>表示</vis>
<pos>
<gml:Point gml:id="K1_492936_9-g" srsName="fguuid:jgd2011.bl">
<gml:pos>32.939980667 129.772981556</gml:pos>
</gml:Point>
</pos>
<orgName>国土地理院</orgName>
<type>三角点</type>
<gcpClass>四等三角点</gcpClass>
<gcpCode>TR44929362101</gcpCode>
<name>北川内</name>
<B>118583.9304</B>
<L>467182.7336</L>
<alti>186.87</alti>
<altiAcc>2</altiAcc>
</GCP>
<GCP gml:id="K1_492936_10">
<fid>10-00100-0-2203-456188</fid>
<lfSpanFr gml:id="K1_492936_10-1">
<gml:timePosition>2023-03-28</gml:timePosition>
</lfSpanFr>
<devDate gml:id="K1_492936_10-2">
<gml:timePosition>2023-03-31</gml:timePosition>
</devDate>
<orgGILvl>KJ14</orgGILvl>
<vis>表示</vis>
<pos>
<gml:Point gml:id="K1_492936_10-g" srsName="fguuid:jgd2011.bl">
<gml:pos>32.938211778 129.806827778</gml:pos>
</gml:Point>
</pos>
<orgName>国土地理院</orgName>
<type>三角点</type>
<gcpClass>四等三角点</gcpClass>
<gcpCode>TR44929362401</gcpCode>
<name>瀬ノ浦頭</name>
<B>118577.5624</B>
<L>467304.58</L>
<alti>85.1</alti>
<altiAcc>2</altiAcc>
</GCP>
<GCP gml:id="K1_492936_11">
<fid>10-00100-0-2203-456189</fid>
<lfSpanFr gml:id="K1_492936_11-1">
<gml:timePosition>2023-03-28</gml:timePosition>
</lfSpanFr>
<devDate gml:id="K1_492936_11-2">
<gml:timePosition>2023-03-31</gml:timePosition>
</devDate>
<orgGILvl>KJ14</orgGILvl>
<vis>表示</vis>
<pos>
<gml:Point gml:id="K1_492936_11-g" srsName="fguuid:jgd2011.bl">
<gml:pos>32.951252389 129.759720000</gml:pos>
</gml:Point>
</pos>
<orgName>国土地理院</orgName>
<type>三角点</type>
<gcpClass>四等三角点</gcpClass>
<gcpCode>TR44929364001</gcpCode>
<name>大江岳</name>
<B>118624.5086</B>
<L>467134.992</L>
<alti>397.78</alti>
<altiAcc>2</altiAcc>
</GCP>
<GCP gml:id="K1_492936_12">
<fid>10-00100-0-2203-456190</fid>
<lfSpanFr gml:id="K1_492936_12-1">
<gml:timePosition>2023-03-28</gml:timePosition>
</lfSpanFr>
<devDate gml:id="K1_492936_12-2">
<gml:timePosition>2023-03-31</gml:timePosition>
</devDate>
<orgGILvl>KJ14</orgGILvl>
<vis>表示</vis>
<pos>
<gml:Point gml:id="K1_492936_12-g" srsName="fguuid:jgd2011.bl">
<gml:pos>32.952484611 129.786638194</gml:pos>
</gml:Point>
</pos>
<orgName>国土地理院</orgName>
<type>三角点</type>
<gcpClass>四等三角点</gcpClass>
<gcpCode>TR44929364201</gcpCode>
<name>瀉頭</name>
<B>118628.9446</B>
<L>467231.8975</L>
<alti>50.88</alti>
<altiAcc>2</altiAcc>
</GCP>
<GCP gml:id="K1_492936_13">
<fid>10-00100-0-2203-456191</fid>
<lfSpanFr gml:id="K1_492936_13-1">
<gml:timePosition>2023-03-28</gml:timePosition>
</lfSpanFr>
<devDate gml:id="K1_492936_13-2">
<gml:timePosition>2023-03-31</gml:timePosition>
</devDate>
<orgGILvl>KJ14</orgGILvl>
<vis>表示</vis>
<pos>
<gml:Point gml:id="K1_492936_13-g" srsName="fguuid:jgd2011.bl">
<gml:pos>32.963568500 129.761124722</gml:pos>
</gml:Point>
</pos>
<orgName>国土地理院</orgName>
<type>三角点</type>
<gcpClass>四等三角点</gcpClass>
<gcpCode>TR44929365001</gcpCode>
<name>平原</name>
<B>118668.8466</B>
<L>467140.049</L>
<alti>217.49</alti>
<altiAcc>2</altiAcc>
</GCP>
<GCP gml:id="K1_492936_14">
<fid>10-00100-0-2203-456192</fid>
<lfSpanFr gml:id="K1_492936_14-1">
<gml:timePosition>2023-03-28</gml:timePosition>
</lfSpanFr>
<devDate gml:id="K1_492936_14-2">
<gml:timePosition>2023-03-31</gml:timePosition>
</devDate>
<orgGILvl>KJ14</orgGILvl>
<vis>表示</vis>
<pos>
<gml:Point gml:id="K1_492936_14-g" srsName="fguuid:jgd2011.bl">
<gml:pos>32.962362639 129.794044500</gml:pos>
</gml:Point>
</pos>
<orgName>国土地理院</orgName>
<type>三角点</type>
<gcpClass>四等三角点</gcpClass>
<gcpCode>TR44929365301</gcpCode>
<name>遠見岳</name>
<B>118664.5055</B>
<L>467258.5602</L>
<alti>144.91</alti>
<altiAcc>2</altiAcc>
</GCP>
<GCP gml:id="K1_492936_15">
<fid>10-00100-0-2203-456193</fid>
<lfSpanFr gml:id="K1_492936_15-1">
<gml:timePosition>2023-03-28</gml:timePosition>
</lfSpanFr>
<devDate gml:id="K1_492936_15-2">
<gml:timePosition>2023-03-31</gml:timePosition>
</devDate>
<orgGILvl>KJ14</orgGILvl>
<vis>表示</vis>
<pos>
<gml:Point gml:id="K1_492936_15-g" srsName="fguuid:jgd2011.bl">
<gml:pos>32.974421306 129.760521944</gml:pos>
</gml:Point>
</pos>
<orgName>国土地理院</orgName>
<type>三角点</type>
<gcpClass>四等三角点</gcpClass>
<gcpCode>TR44929366001</gcpCode>
<name>観音松</name>
<B>118707.9167</B>
<L>467137.879</L>
<alti>181.96</alti>
<altiAcc>2</altiAcc>
</GCP>
<GCP gml:id="K1_492936_16">
<fid>10-00100-0-2203-456194</fid>
<lfSpanFr gml:id="K1_492936_16-1">
<gml:timePosition>2023-03-28</gml:timePosition>
</lfSpanFr>
<devDate gml:id="K1_492936_16-2">
<gml:timePosition>2023-03-31</gml:timePosition>
</devDate>
<orgGILvl>KJ14</orgGILvl>
<vis>表示</vis>
<pos>
<gml:Point gml:id="K1_492936_16-g" srsName="fguuid:jgd2011.bl">
<gml:pos>32.967433917 129.779316083</gml:pos>
</gml:Point>
</pos>
<orgName>国土地理院</orgName>
<type>三角点</type>
<gcpClass>四等三角点</gcpClass>
<gcpCode>TR44929366201</gcpCode>
<name>宮ノ脇</name>
<B>118682.7621</B>
<L>467205.5379</L>
<alti>69.33</alti>
<altiAcc>2</altiAcc>
</GCP>
<GCP gml:id="K1_492936_17">
<fid>10-00100-0-2203-456195</fid>
<lfSpanFr gml:id="K1_492936_17-1">
<gml:timePosition>2023-03-28</gml:timePosition>
</lfSpanFr>
<devDate gml:id="K1_492936_17-2">
<gml:timePosition>2023-03-31</gml:timePosition>
</devDate>
<orgGILvl>KJ14</orgGILvl>
<vis>表示</vis>
<pos>
<gml:Point gml:id="K1_492936_17-g" srsName="fguuid:jgd2011.bl">
<gml:pos>32.970090611 129.802822500</gml:pos>
</gml:Point>
</pos>
<orgName>国土地理院</orgName>
<type>三角点</type>
<gcpClass>四等三角点</gcpClass>
<gcpCode>TR44929366401</gcpCode>
<name>元越</name>
<B>118692.3262</B>
<L>467290.161</L>
<alti>137.78</alti>
<altiAcc>2</altiAcc>
</GCP>
<GCP gml:id="K1_492936_18">
<fid>10-00100-0-2203-456196</fid>
<lfSpanFr gml:id="K1_492936_18-1">
<gml:timePosition>2023-03-28</gml:timePosition>
</lfSpanFr>
<devDate gml:id="K1_492936_18-2">
<gml:timePosition>2023-03-31</gml:timePosition>
</devDate>
<orgGILvl>KJ14</orgGILvl>
<vis>表示</vis>
<pos>
<gml:Point gml:id="K1_492936_18-g" srsName="fguuid:jgd2011.bl">
<gml:pos>32.983313056 129.796913556</gml:pos>
</gml:Point>
</pos>
<orgName>国土地理院</orgName>
<type>三角点</type>
<gcpClass>四等三角点</gcpClass>
<gcpCode>TR44929367301</gcpCode>
<name>峰道</name>
<B>118739.927</B>
<L>467268.8888</L>
<alti>50.68</alti>
<altiAcc>2</altiAcc>
</GCP>
<GCP gml:id="K1_492936_19">
<fid>10-00100-0-2203-456197</fid>
<lfSpanFr gml:id="K1_492936_19-1">
<gml:timePosition>2023-03-28</gml:timePosition>
</lfSpanFr>
<devDate gml:id="K1_492936_19-2">
<gml:timePosition>2023-03-31</gml:timePosition>
</devDate>
<orgGILvl>KJ14</orgGILvl>
<vis>表示</vis>
<pos>
<gml:Point gml:id="K1_492936_19-g" srsName="fguuid:jgd2011.bl">
<gml:pos>32.978384556 129.810553472</gml:pos>
</gml:Point>
</pos>
<orgName>国土地理院</orgName>
<type>三角点</type>
<gcpClass>四等三角点</gcpClass>
<gcpCode>TR44929367401</gcpCode>
<name>風早</name>
<B>118722.1844</B>
<L>467317.9925</L>
<alti>109.45</alti>
<altiAcc>2</altiAcc>
</GCP>
<GCP gml:id="K1_492936_20">
<fid>10-00100-0-2203-456198</fid>
<lfSpanFr gml:id="K1_492936_20-1">
<gml:timePosition>2023-03-28</gml:timePosition>
</lfSpanFr>
<devDate gml:id="K1_492936_20-2">
<gml:timePosition>2023-03-31</gml:timePosition>
</devDate>
<orgGILvl>KJ14</orgGILvl>
<vis>表示</vis>
<pos>
<gml:Point gml:id="K1_492936_20-g" srsName="fguuid:jgd2011.bl">
<gml:pos>32.993702417 129.781215861</gml:pos>
</gml:Point>
</pos>
<orgName>国土地理院</orgName>
<type>三角点</type>
<gcpClass>四等三角点</gcpClass>
<gcpCode>TR44929369201</gcpCode>
<name>鳥越</name>
<B>118777.3287</B>
<L>467212.3771</L>
<alti>127.2</alti>
<altiAcc>2</altiAcc>
</GCP>
<GCP gml:id="K1_492936_21">
<fid>10-00100-0-2203-456199</fid>
<lfSpanFr gml:id="K1_492936_21-1">
<gml:timePosition>2023-03-28</gml:timePosition>
</lfSpanFr>
<devDate gml:id="K1_492936_21-2">
<gml:timePosition>2023-03-31</gml:timePosition>
</devDate>
<orgGILvl>KJ14</orgGILvl>
<vis>表示</vis>
<pos>
<gml:Point gml:id="K1_492936_21-g" srsName="fguuid:jgd2011.bl">
<gml:pos>32.992535167 129.804660028</gml:pos>
</gml:Point>
</pos>
<orgName>国土地理院</orgName>
<type>三角点</type>
<gcpClass>四等三角点</gcpClass>
<gcpCode>TR44929369401</gcpCode>
<name>階尾</name>
<B>118773.1266</B>
<L>467296.7761</L>
<alti>153.23</alti>
<altiAcc>2</altiAcc>
</GCP>
</Dataset>
