<?xml version="1.0" encoding="utf-8"?>
<Dataset xsi:schemaLocation="http://fgd.gsi.go.jp/spec/2008/FGD_GMLSchema FGD_GMLSchema.xsd"
	xmlns:gml="http://www.opengis.net/gml/3.2"
	xmlns:xsi="http://www.w3.org/2001/XMLSchema-instance"
	xmlns:xlink="http://www.w3.org/1999/xlink"
	xmlns="http://fgd.gsi.go.jp/spec/2008/FGD_GMLSchema"
	gml:id="Dataset1">
  <gml:description>基盤地図情報メタデータ ID=fmdid:23-0401</gml:description>
  <gml:name>基盤地図情報ダウンロードデータ（GML版）</gml:name>
<ElevPt gml:id="K2_4671011850_1">
<fid>46710-11850-i-100</fid>
<lfSpanFr gml:id="K2_4671011850_1-1">
<gml:timePosition>2023-02-21</gml:timePosition>
</lfSpanFr>
<devDate gml:id="K2_4671011850_1-2">
<gml:timePosition>2023-03-31</gml:timePosition>
</devDate>
<orgGILvl>25000</orgGILvl>
<vis>表示</vis>
<pos>
<gml:Point gml:id="K2_4671011850_1-g" srsName="fguuid:jgd2011.bl">
<gml:pos>32.917109167 129.753986389</gml:pos>
</gml:Point>
</pos>
<type>標高点（測点）</type>
<alti>481</alti>
</ElevPt>
<ElevPt gml:id="K2_4671011850_2">
<fid>46710-11850-i-101</fid>
<lfSpanFr gml:id="K2_4671011850_2-1">
<gml:timePosition>2023-02-21</gml:timePosition>
</lfSpanFr>
<devDate gml:id="K2_4671011850_2-2">
<gml:timePosition>2023-03-31</gml:timePosition>
</devDate>
<orgGILvl>25000</orgGILvl>
<vis>表示</vis>
<pos>
<gml:Point gml:id="K2_4671011850_2-g" srsName="fguuid:jgd2011.bl">
<gml:pos>32.922931389 129.754881667</gml:pos>
</gml:Point>
</pos>
<type>標高点（測点）</type>
<alti>410</alti>
</ElevPt>
<ElevPt gml:id="K2_4671011859_1">
<fid>46710-11859-i-183</fid>
<lfSpanFr gml:id="K2_4671011859_1-1">
<gml:timePosition>2023-02-21</gml:timePosition>
</lfSpanFr>
<devDate gml:id="K2_4671011859_1-2">
<gml:timePosition>2023-03-31</gml:timePosition>
</devDate>
<orgGILvl>25000</orgGILvl>
<vis>表示</vis>
<pos>
<gml:Point gml:id="K2_4671011859_1-g" srsName="fguuid:jgd2011.bl">
<gml:pos>32.946606389 129.753146389</gml:pos>
</gml:Point>
</pos>
<type>標高点（測点）</type>
<alti>433</alti>
</ElevPt>
<ElevPt gml:id="K2_4671011865_1">
<fid>46710-11865-i-29</fid>
<lfSpanFr gml:id="K2_4671011865_1-1">
<gml:timePosition>2023-02-21</gml:timePosition>
</lfSpanFr>
<devDate gml:id="K2_4671011865_1-2">
<gml:timePosition>2023-03-31</gml:timePosition>
</devDate>
<orgGILvl>25000</orgGILvl>
<vis>表示</vis>
<pos>
<gml:Point gml:id="K2_4671011865_1-g" srsName="fguuid:jgd2011.bl">
<gml:pos>32.958667222 129.756053889</gml:pos>
</gml:Point>
</pos>
<type>標高点（測点）</type>
<alti>250</alti>
</ElevPt>
<ElevPt gml:id="K2_4671011868_1">
<fid>46710-11868-i-18</fid>
<lfSpanFr gml:id="K2_4671011868_1-1">
<gml:timePosition>2023-02-21</gml:timePosition>
</lfSpanFr>
<devDate gml:id="K2_4671011868_1-2">
<gml:timePosition>2023-03-31</gml:timePosition>
</devDate>
<orgGILvl>25000</orgGILvl>
<vis>表示</vis>
<pos>
<gml:Point gml:id="K2_4671011868_1-g" srsName="fguuid:jgd2011.bl">
<gml:pos>32.971196111 129.751813611</gml:pos>
</gml:Point>
</pos>
<type>標高点（測点）</type>
<alti>290</alti>
</ElevPt>
<ElevPt gml:id="K2_4671011871_1">
<fid>46710-11871-i-14</fid>
<lfSpanFr gml:id="K2_4671011871_1-1">
<gml:timePosition>2023-02-21</gml:timePosition>
</lfSpanFr>
<devDate gml:id="K2_4671011871_1-2">
<gml:timePosition>2023-03-31</gml:timePosition>
</devDate>
<orgGILvl>25000</orgGILvl>
<vis>表示</vis>
<pos>
<gml:Point gml:id="K2_4671011871_1-g" srsName="fguuid:jgd2011.bl">
<gml:pos>32.982017222 129.752643333</gml:pos>
</gml:Point>
</pos>
<type>標高点（測点）</type>
<alti>150</alti>
</ElevPt>
<ElevPt gml:id="K2_4671011874_1">
<fid>46710-11874-i-19</fid>
<lfSpanFr gml:id="K2_4671011874_1-1">
<gml:timePosition>2023-02-21</gml:timePosition>
</lfSpanFr>
<devDate gml:id="K2_4671011874_1-2">
<gml:timePosition>2023-03-31</gml:timePosition>
</devDate>
<orgGILvl>25000</orgGILvl>
<vis>表示</vis>
<pos>
<gml:Point gml:id="K2_4671011874_1-g" srsName="fguuid:jgd2011.bl">
<gml:pos>32.990386667 129.752309722</gml:pos>
</gml:Point>
</pos>
<type>標高点（測点）</type>
<alti>98</alti>
</ElevPt>
<ElevPt gml:id="K2_4671011874_2">
<fid>46710-11874-i-20</fid>
<lfSpanFr gml:id="K2_4671011874_2-1">
<gml:timePosition>2023-02-21</gml:timePosition>
</lfSpanFr>
<devDate gml:id="K2_4671011874_2-2">
<gml:timePosition>2023-03-31</gml:timePosition>
</devDate>
<orgGILvl>25000</orgGILvl>
<vis>表示</vis>
<pos>
<gml:Point gml:id="K2_4671011874_2-g" srsName="fguuid:jgd2011.bl">
<gml:pos>32.985346667 129.754747500</gml:pos>
</gml:Point>
</pos>
<type>標高点（測点）</type>
<alti>157</alti>
</ElevPt>
<ElevPt gml:id="K2_4671011877_1">
<fid>46710-11877-i-123</fid>
<lfSpanFr gml:id="K2_4671011877_1-1">
<gml:timePosition>2023-02-21</gml:timePosition>
</lfSpanFr>
<devDate gml:id="K2_4671011877_1-2">
<gml:timePosition>2023-03-31</gml:timePosition>
</devDate>
<orgGILvl>25000</orgGILvl>
<vis>表示</vis>
<pos>
<gml:Point gml:id="K2_4671011877_1-g" srsName="fguuid:jgd2011.bl">
<gml:pos>32.997542529 129.752179489</gml:pos>
</gml:Point>
</pos>
<type>標高点（測点）</type>
<alti>26</alti>
</ElevPt>
<ElevPt gml:id="K2_4671311853_1">
<fid>46713-11853-i-96</fid>
<lfSpanFr gml:id="K2_4671311853_1-1">
<gml:timePosition>2023-02-21</gml:timePosition>
</lfSpanFr>
<devDate gml:id="K2_4671311853_1-2">
<gml:timePosition>2023-03-31</gml:timePosition>
</devDate>
<orgGILvl>25000</orgGILvl>
<vis>表示</vis>
<pos>
<gml:Point gml:id="K2_4671311853_1-g" srsName="fguuid:jgd2011.bl">
<gml:pos>32.930858611 129.766080278</gml:pos>
</gml:Point>
</pos>
<type>標高点（測点）</type>
<alti>262</alti>
</ElevPt>
<ElevPt gml:id="K2_4671311856_1">
<fid>46713-11856-i-385</fid>
<lfSpanFr gml:id="K2_4671311856_1-1">
<gml:timePosition>2023-02-21</gml:timePosition>
</lfSpanFr>
<devDate gml:id="K2_4671311856_1-2">
<gml:timePosition>2023-03-31</gml:timePosition>
</devDate>
<orgGILvl>25000</orgGILvl>
<vis>表示</vis>
<pos>
<gml:Point gml:id="K2_4671311856_1-g" srsName="fguuid:jgd2011.bl">
<gml:pos>32.935424444 129.760051667</gml:pos>
</gml:Point>
</pos>
<type>標高点（測点）</type>
<alti>368</alti>
</ElevPt>
<ElevPt gml:id="K2_4671311859_1">
<fid>46713-11859-i-331</fid>
<lfSpanFr gml:id="K2_4671311859_1-1">
<gml:timePosition>2023-02-21</gml:timePosition>
</lfSpanFr>
<devDate gml:id="K2_4671311859_1-2">
<gml:timePosition>2023-03-31</gml:timePosition>
</devDate>
<orgGILvl>25000</orgGILvl>
<vis>表示</vis>
<pos>
<gml:Point gml:id="K2_4671311859_1-g" srsName="fguuid:jgd2011.bl">
<gml:pos>32.943656972 129.765579583</gml:pos>
</gml:Point>
</pos>
<type>標高点（測点）</type>
<alti>271</alti>
</ElevPt>
<ElevPt gml:id="K2_4671311868_1">
<fid>46713-11868-i-24</fid>
<lfSpanFr gml:id="K2_4671311868_1-1">
<gml:timePosition>2023-02-21</gml:timePosition>
</lfSpanFr>
<devDate gml:id="K2_4671311868_1-2">
<gml:timePosition>2023-03-31</gml:timePosition>
</devDate>
<orgGILvl>25000</orgGILvl>
<vis>表示</vis>
<pos>
<gml:Point gml:id="K2_4671311868_1-g" srsName="fguuid:jgd2011.bl">
<gml:pos>32.967056111 129.766157222</gml:pos>
</gml:Point>
</pos>
<type>標高点（測点）</type>
<alti>172</alti>
</ElevPt>
<ElevPt gml:id="K2_4671311871_1">
<fid>46713-11871-i-12</fid>
<lfSpanFr gml:id="K2_4671311871_1-1">
<gml:timePosition>2023-02-21</gml:timePosition>
</lfSpanFr>
<devDate gml:id="K2_4671311871_1-2">
<gml:timePosition>2023-03-31</gml:timePosition>
</devDate>
<orgGILvl>25000</orgGILvl>
<vis>表示</vis>
<pos>
<gml:Point gml:id="K2_4671311871_1-g" srsName="fguuid:jgd2011.bl">
<gml:pos>32.979593889 129.759312222</gml:pos>
</gml:Point>
</pos>
<type>標高点（測点）</type>
<alti>154</alti>
</ElevPt>
<ElevPt gml:id="K2_4671311874_1">
<fid>46713-11874-i-87</fid>
<lfSpanFr gml:id="K2_4671311874_1-1">
<gml:timePosition>2023-02-21</gml:timePosition>
</lfSpanFr>
<devDate gml:id="K2_4671311874_1-2">
<gml:timePosition>2023-03-31</gml:timePosition>
</devDate>
<orgGILvl>25000</orgGILvl>
<vis>表示</vis>
<pos>
<gml:Point gml:id="K2_4671311874_1-g" srsName="fguuid:jgd2011.bl">
<gml:pos>32.990310000 129.766502222</gml:pos>
</gml:Point>
</pos>
<type>標高点（測点）</type>
<alti>31</alti>
</ElevPt>
<ElevPt gml:id="K2_4671311874_2">
<fid>46713-11874-i-88</fid>
<lfSpanFr gml:id="K2_4671311874_2-1">
<gml:timePosition>2023-02-21</gml:timePosition>
</lfSpanFr>
<devDate gml:id="K2_4671311874_2-2">
<gml:timePosition>2023-03-31</gml:timePosition>
</devDate>
<orgGILvl>25000</orgGILvl>
<vis>表示</vis>
<pos>
<gml:Point gml:id="K2_4671311874_2-g" srsName="fguuid:jgd2011.bl">
<gml:pos>32.984573056 129.763485556</gml:pos>
</gml:Point>
</pos>
<type>標高点（測点）</type>
<alti>74</alti>
</ElevPt>
<ElevPt gml:id="K2_4671611850_1">
<fid>46716-11850-i-292</fid>
<lfSpanFr gml:id="K2_4671611850_1-1">
<gml:timePosition>2023-02-21</gml:timePosition>
</lfSpanFr>
<devDate gml:id="K2_4671611850_1-2">
<gml:timePosition>2023-03-31</gml:timePosition>
</devDate>
<orgGILvl>25000</orgGILvl>
<vis>表示</vis>
<pos>
<gml:Point gml:id="K2_4671611850_1-g" srsName="fguuid:jgd2011.bl">
<gml:pos>32.917253583 129.768880278</gml:pos>
</gml:Point>
</pos>
<type>標高点（測点）</type>
<alti>202</alti>
</ElevPt>
<ElevPt gml:id="K2_4671611853_1">
<fid>46716-11853-i-381</fid>
<lfSpanFr gml:id="K2_4671611853_1-1">
<gml:timePosition>2023-02-21</gml:timePosition>
</lfSpanFr>
<devDate gml:id="K2_4671611853_1-2">
<gml:timePosition>2023-03-31</gml:timePosition>
</devDate>
<orgGILvl>25000</orgGILvl>
<vis>表示</vis>
<pos>
<gml:Point gml:id="K2_4671611853_1-g" srsName="fguuid:jgd2011.bl">
<gml:pos>32.926601944 129.774915833</gml:pos>
</gml:Point>
</pos>
<type>標高点（測点）</type>
<alti>122</alti>
</ElevPt>
<ElevPt gml:id="K2_4671611859_1">
<fid>46716-11859-i-458</fid>
<lfSpanFr gml:id="K2_4671611859_1-1">
<gml:timePosition>2023-02-21</gml:timePosition>
</lfSpanFr>
<devDate gml:id="K2_4671611859_1-2">
<gml:timePosition>2023-03-31</gml:timePosition>
</devDate>
<orgGILvl>25000</orgGILvl>
<vis>表示</vis>
<pos>
<gml:Point gml:id="K2_4671611859_1-g" srsName="fguuid:jgd2011.bl">
<gml:pos>32.947572535 129.769491943</gml:pos>
</gml:Point>
</pos>
<type>標高点（測点）</type>
<alti>229</alti>
</ElevPt>
<ElevPt gml:id="K2_4671611862_1">
<fid>46716-11862-i-94</fid>
<lfSpanFr gml:id="K2_4671611862_1-1">
<gml:timePosition>2023-02-21</gml:timePosition>
</lfSpanFr>
<devDate gml:id="K2_4671611862_1-2">
<gml:timePosition>2023-03-31</gml:timePosition>
</devDate>
<orgGILvl>25000</orgGILvl>
<vis>表示</vis>
<pos>
<gml:Point gml:id="K2_4671611862_1-g" srsName="fguuid:jgd2011.bl">
<gml:pos>32.955138333 129.766861667</gml:pos>
</gml:Point>
</pos>
<type>標高点（測点）</type>
<alti>264</alti>
</ElevPt>
<ElevPt gml:id="K2_4671611865_1">
<fid>46716-11865-i-484</fid>
<lfSpanFr gml:id="K2_4671611865_1-1">
<gml:timePosition>2023-02-21</gml:timePosition>
</lfSpanFr>
<devDate gml:id="K2_4671611865_1-2">
<gml:timePosition>2023-03-31</gml:timePosition>
</devDate>
<orgGILvl>25000</orgGILvl>
<vis>表示</vis>
<pos>
<gml:Point gml:id="K2_4671611865_1-g" srsName="fguuid:jgd2011.bl">
<gml:pos>32.965887096 129.772901289</gml:pos>
</gml:Point>
</pos>
<type>標高点（測点）</type>
<alti>15</alti>
</ElevPt>
<ElevPt gml:id="K2_4671611868_1">
<fid>46716-11868-i-211</fid>
<lfSpanFr gml:id="K2_4671611868_1-1">
<gml:timePosition>2023-02-21</gml:timePosition>
</lfSpanFr>
<devDate gml:id="K2_4671611868_1-2">
<gml:timePosition>2023-03-31</gml:timePosition>
</devDate>
<orgGILvl>25000</orgGILvl>
<vis>表示</vis>
<pos>
<gml:Point gml:id="K2_4671611868_1-g" srsName="fguuid:jgd2011.bl">
<gml:pos>32.972832778 129.771007500</gml:pos>
</gml:Point>
</pos>
<type>標高点（測点）</type>
<alti>46</alti>
</ElevPt>
<ElevPt gml:id="K2_4671911853_1">
<fid>46719-11853-i-682</fid>
<lfSpanFr gml:id="K2_4671911853_1-1">
<gml:timePosition>2023-02-21</gml:timePosition>
</lfSpanFr>
<devDate gml:id="K2_4671911853_1-2">
<gml:timePosition>2023-03-31</gml:timePosition>
</devDate>
<orgGILvl>25000</orgGILvl>
<vis>表示</vis>
<pos>
<gml:Point gml:id="K2_4671911853_1-g" srsName="fguuid:jgd2011.bl">
<gml:pos>32.932116875 129.775217771</gml:pos>
</gml:Point>
</pos>
<type>標高点（測点）</type>
<alti>99</alti>
</ElevPt>
<ElevPt gml:id="K2_4671911859_1">
<fid>46719-11859-i-870</fid>
<lfSpanFr gml:id="K2_4671911859_1-1">
<gml:timePosition>2023-02-21</gml:timePosition>
</lfSpanFr>
<devDate gml:id="K2_4671911859_1-2">
<gml:timePosition>2023-03-31</gml:timePosition>
</devDate>
<orgGILvl>25000</orgGILvl>
<vis>表示</vis>
<pos>
<gml:Point gml:id="K2_4671911859_1-g" srsName="fguuid:jgd2011.bl">
<gml:pos>32.945991318 129.782701594</gml:pos>
</gml:Point>
</pos>
<type>標高点（測点）</type>
<alti>4</alti>
</ElevPt>
<ElevPt gml:id="K2_4671911862_1">
<fid>46719-11862-i-304</fid>
<lfSpanFr gml:id="K2_4671911862_1-1">
<gml:timePosition>2023-02-21</gml:timePosition>
</lfSpanFr>
<devDate gml:id="K2_4671911862_1-2">
<gml:timePosition>2023-03-31</gml:timePosition>
</devDate>
<orgGILvl>25000</orgGILvl>
<vis>表示</vis>
<pos>
<gml:Point gml:id="K2_4671911862_1-g" srsName="fguuid:jgd2011.bl">
<gml:pos>32.951291667 129.779915000</gml:pos>
</gml:Point>
</pos>
<type>標高点（測点）</type>
<alti>126</alti>
</ElevPt>
<ElevPt gml:id="K2_4671911868_1">
<fid>46719-11868-i-263</fid>
<lfSpanFr gml:id="K2_4671911868_1-1">
<gml:timePosition>2023-02-21</gml:timePosition>
</lfSpanFr>
<devDate gml:id="K2_4671911868_1-2">
<gml:timePosition>2023-03-31</gml:timePosition>
</devDate>
<orgGILvl>25000</orgGILvl>
<vis>表示</vis>
<pos>
<gml:Point gml:id="K2_4671911868_1-g" srsName="fguuid:jgd2011.bl">
<gml:pos>32.973967778 129.782800000</gml:pos>
</gml:Point>
</pos>
<type>標高点（測点）</type>
<alti>66</alti>
</ElevPt>
<ElevPt gml:id="K2_4671911871_1">
<fid>46719-11871-i-144</fid>
<lfSpanFr gml:id="K2_4671911871_1-1">
<gml:timePosition>2023-02-21</gml:timePosition>
</lfSpanFr>
<devDate gml:id="K2_4671911871_1-2">
<gml:timePosition>2023-03-31</gml:timePosition>
</devDate>
<orgGILvl>25000</orgGILvl>
<vis>表示</vis>
<pos>
<gml:Point gml:id="K2_4671911871_1-g" srsName="fguuid:jgd2011.bl">
<gml:pos>32.980594722 129.775901389</gml:pos>
</gml:Point>
</pos>
<type>標高点（測点）</type>
<alti>62</alti>
</ElevPt>
<ElevPt gml:id="K2_4671911874_1">
<fid>46719-11874-i-315</fid>
<lfSpanFr gml:id="K2_4671911874_1-1">
<gml:timePosition>2023-02-21</gml:timePosition>
</lfSpanFr>
<devDate gml:id="K2_4671911874_1-2">
<gml:timePosition>2023-03-31</gml:timePosition>
</devDate>
<orgGILvl>25000</orgGILvl>
<vis>表示</vis>
<pos>
<gml:Point gml:id="K2_4671911874_1-g" srsName="fguuid:jgd2011.bl">
<gml:pos>32.989348889 129.775928611</gml:pos>
</gml:Point>
</pos>
<type>標高点（測点）</type>
<alti>17</alti>
</ElevPt>
<ElevPt gml:id="K2_4672211850_1">
<fid>46722-11850-i-550</fid>
<lfSpanFr gml:id="K2_4672211850_1-1">
<gml:timePosition>2023-02-21</gml:timePosition>
</lfSpanFr>
<devDate gml:id="K2_4672211850_1-2">
<gml:timePosition>2023-03-31</gml:timePosition>
</devDate>
<orgGILvl>25000</orgGILvl>
<vis>表示</vis>
<pos>
<gml:Point gml:id="K2_4672211850_1-g" srsName="fguuid:jgd2011.bl">
<gml:pos>32.916961288 129.786184472</gml:pos>
</gml:Point>
</pos>
<type>標高点（測点）</type>
<alti>7</alti>
</ElevPt>
<ElevPt gml:id="K2_4672211871_1">
<fid>46722-11871-i-499</fid>
<lfSpanFr gml:id="K2_4672211871_1-1">
<gml:timePosition>2023-02-21</gml:timePosition>
</lfSpanFr>
<devDate gml:id="K2_4672211871_1-2">
<gml:timePosition>2023-03-31</gml:timePosition>
</devDate>
<orgGILvl>25000</orgGILvl>
<vis>表示</vis>
<pos>
<gml:Point gml:id="K2_4672211871_1-g" srsName="fguuid:jgd2011.bl">
<gml:pos>32.980532079 129.786193586</gml:pos>
</gml:Point>
</pos>
<type>標高点（測点）</type>
<alti>58</alti>
</ElevPt>
<ElevPt gml:id="K2_4672211874_1">
<fid>46722-11874-i-193</fid>
<lfSpanFr gml:id="K2_4672211874_1-1">
<gml:timePosition>2023-02-21</gml:timePosition>
</lfSpanFr>
<devDate gml:id="K2_4672211874_1-2">
<gml:timePosition>2023-03-31</gml:timePosition>
</devDate>
<orgGILvl>25000</orgGILvl>
<vis>表示</vis>
<pos>
<gml:Point gml:id="K2_4672211874_1-g" srsName="fguuid:jgd2011.bl">
<gml:pos>32.988411667 129.788260000</gml:pos>
</gml:Point>
</pos>
<type>標高点（測点）</type>
<alti>62</alti>
</ElevPt>
<ElevPt gml:id="K2_4672211877_1">
<fid>46722-11877-i-540</fid>
<lfSpanFr gml:id="K2_4672211877_1-1">
<gml:timePosition>2023-02-21</gml:timePosition>
</lfSpanFr>
<devDate gml:id="K2_4672211877_1-2">
<gml:timePosition>2023-03-31</gml:timePosition>
</devDate>
<orgGILvl>25000</orgGILvl>
<vis>表示</vis>
<pos>
<gml:Point gml:id="K2_4672211877_1-g" srsName="fguuid:jgd2011.bl">
<gml:pos>32.993839325 129.787104496</gml:pos>
</gml:Point>
</pos>
<type>標高点（測点）</type>
<alti>13</alti>
</ElevPt>
<ElevPt gml:id="K2_4672211877_2">
<fid>46722-11877-i-541</fid>
<lfSpanFr gml:id="K2_4672211877_2-1">
<gml:timePosition>2023-02-21</gml:timePosition>
</lfSpanFr>
<devDate gml:id="K2_4672211877_2-2">
<gml:timePosition>2023-03-31</gml:timePosition>
</devDate>
<orgGILvl>25000</orgGILvl>
<vis>表示</vis>
<pos>
<gml:Point gml:id="K2_4672211877_2-g" srsName="fguuid:jgd2011.bl">
<gml:pos>32.999838582 129.786806455</gml:pos>
</gml:Point>
</pos>
<type>標高点（測点）</type>
<alti>41</alti>
</ElevPt>
<ElevPt gml:id="K2_4672511853_1">
<fid>46725-11853-i-114</fid>
<lfSpanFr gml:id="K2_4672511853_1-1">
<gml:timePosition>2023-02-21</gml:timePosition>
</lfSpanFr>
<devDate gml:id="K2_4672511853_1-2">
<gml:timePosition>2023-03-31</gml:timePosition>
</devDate>
<orgGILvl>25000</orgGILvl>
<vis>表示</vis>
<pos>
<gml:Point gml:id="K2_4672511853_1-g" srsName="fguuid:jgd2011.bl">
<gml:pos>32.925728056 129.798826944</gml:pos>
</gml:Point>
</pos>
<type>標高点（測点）</type>
<alti>34</alti>
</ElevPt>
<ElevPt gml:id="K2_4672511856_1">
<fid>46725-11856-i-343</fid>
<lfSpanFr gml:id="K2_4672511856_1-1">
<gml:timePosition>2023-02-21</gml:timePosition>
</lfSpanFr>
<devDate gml:id="K2_4672511856_1-2">
<gml:timePosition>2023-03-31</gml:timePosition>
</devDate>
<orgGILvl>25000</orgGILvl>
<vis>表示</vis>
<pos>
<gml:Point gml:id="K2_4672511856_1-g" srsName="fguuid:jgd2011.bl">
<gml:pos>32.939643889 129.797820278</gml:pos>
</gml:Point>
</pos>
<type>標高点（測点）</type>
<alti>38</alti>
</ElevPt>
<ElevPt gml:id="K2_4672511856_2">
<fid>46725-11856-i-344</fid>
<lfSpanFr gml:id="K2_4672511856_2-1">
<gml:timePosition>2023-02-21</gml:timePosition>
</lfSpanFr>
<devDate gml:id="K2_4672511856_2-2">
<gml:timePosition>2023-03-31</gml:timePosition>
</devDate>
<orgGILvl>25000</orgGILvl>
<vis>表示</vis>
<pos>
<gml:Point gml:id="K2_4672511856_2-g" srsName="fguuid:jgd2011.bl">
<gml:pos>32.933683889 129.795871667</gml:pos>
</gml:Point>
</pos>
<type>標高点（測点）</type>
<alti>31</alti>
</ElevPt>
<ElevPt gml:id="K2_4672511862_1">
<fid>46725-11862-i-555</fid>
<lfSpanFr gml:id="K2_4672511862_1-1">
<gml:timePosition>2023-02-21</gml:timePosition>
</lfSpanFr>
<devDate gml:id="K2_4672511862_1-2">
<gml:timePosition>2023-03-31</gml:timePosition>
</devDate>
<orgGILvl>25000</orgGILvl>
<vis>表示</vis>
<pos>
<gml:Point gml:id="K2_4672511862_1-g" srsName="fguuid:jgd2011.bl">
<gml:pos>32.954660528 129.798564556</gml:pos>
</gml:Point>
</pos>
<type>標高点（測点）</type>
<alti>3</alti>
</ElevPt>
<ElevPt gml:id="K2_4672511871_1">
<fid>46725-11871-i-275</fid>
<lfSpanFr gml:id="K2_4672511871_1-1">
<gml:timePosition>2023-02-21</gml:timePosition>
</lfSpanFr>
<devDate gml:id="K2_4672511871_1-2">
<gml:timePosition>2023-03-31</gml:timePosition>
</devDate>
<orgGILvl>25000</orgGILvl>
<vis>表示</vis>
<pos>
<gml:Point gml:id="K2_4672511871_1-g" srsName="fguuid:jgd2011.bl">
<gml:pos>32.978216111 129.799500833</gml:pos>
</gml:Point>
</pos>
<type>標高点（測点）</type>
<alti>46</alti>
</ElevPt>
<ElevPt gml:id="K2_4672811850_1">
<fid>46728-11850-i-1103</fid>
<lfSpanFr gml:id="K2_4672811850_1-1">
<gml:timePosition>2023-02-21</gml:timePosition>
</lfSpanFr>
<devDate gml:id="K2_4672811850_1-2">
<gml:timePosition>2023-03-31</gml:timePosition>
</devDate>
<orgGILvl>25000</orgGILvl>
<vis>表示</vis>
<pos>
<gml:Point gml:id="K2_4672811850_1-g" srsName="fguuid:jgd2011.bl">
<gml:pos>32.918035278 129.807225556</gml:pos>
</gml:Point>
</pos>
<type>標高点（測点）</type>
<alti>32</alti>
</ElevPt>
<ElevPt gml:id="K2_4672811853_1">
<fid>46728-11853-i-423</fid>
<lfSpanFr gml:id="K2_4672811853_1-1">
<gml:timePosition>2023-02-21</gml:timePosition>
</lfSpanFr>
<devDate gml:id="K2_4672811853_1-2">
<gml:timePosition>2023-03-31</gml:timePosition>
</devDate>
<orgGILvl>25000</orgGILvl>
<vis>表示</vis>
<pos>
<gml:Point gml:id="K2_4672811853_1-g" srsName="fguuid:jgd2011.bl">
<gml:pos>32.932583889 129.802461667</gml:pos>
</gml:Point>
</pos>
<type>標高点（測点）</type>
<alti>51</alti>
</ElevPt>
<ElevPt gml:id="K2_4672811853_2">
<fid>46728-11853-i-424</fid>
<lfSpanFr gml:id="K2_4672811853_2-1">
<gml:timePosition>2023-02-21</gml:timePosition>
</lfSpanFr>
<devDate gml:id="K2_4672811853_2-2">
<gml:timePosition>2023-03-31</gml:timePosition>
</devDate>
<orgGILvl>25000</orgGILvl>
<vis>表示</vis>
<pos>
<gml:Point gml:id="K2_4672811853_2-g" srsName="fguuid:jgd2011.bl">
<gml:pos>32.927978333 129.807384167</gml:pos>
</gml:Point>
</pos>
<type>標高点（測点）</type>
<alti>122</alti>
</ElevPt>
<ElevPt gml:id="K2_4672811859_1">
<fid>46728-11859-i-961</fid>
<lfSpanFr gml:id="K2_4672811859_1-1">
<gml:timePosition>2023-02-21</gml:timePosition>
</lfSpanFr>
<devDate gml:id="K2_4672811859_1-2">
<gml:timePosition>2023-03-31</gml:timePosition>
</devDate>
<orgGILvl>25000</orgGILvl>
<vis>表示</vis>
<pos>
<gml:Point gml:id="K2_4672811859_1-g" srsName="fguuid:jgd2011.bl">
<gml:pos>32.944020000 129.803061944</gml:pos>
</gml:Point>
</pos>
<type>標高点（測点）</type>
<alti>89</alti>
</ElevPt>
<ElevPt gml:id="K2_4672811865_1">
<fid>46728-11865-i-773</fid>
<lfSpanFr gml:id="K2_4672811865_1-1">
<gml:timePosition>2023-02-21</gml:timePosition>
</lfSpanFr>
<devDate gml:id="K2_4672811865_1-2">
<gml:timePosition>2023-03-31</gml:timePosition>
</devDate>
<orgGILvl>25000</orgGILvl>
<vis>表示</vis>
<pos>
<gml:Point gml:id="K2_4672811865_1-g" srsName="fguuid:jgd2011.bl">
<gml:pos>32.965088132 129.802541412</gml:pos>
</gml:Point>
</pos>
<type>標高点（測点）</type>
<alti>85</alti>
</ElevPt>
<ElevPt gml:id="K2_4672811877_1">
<fid>46728-11877-i-423</fid>
<lfSpanFr gml:id="K2_4672811877_1-1">
<gml:timePosition>2023-02-21</gml:timePosition>
</lfSpanFr>
<devDate gml:id="K2_4672811877_1-2">
<gml:timePosition>2023-03-31</gml:timePosition>
</devDate>
<orgGILvl>25000</orgGILvl>
<vis>表示</vis>
<pos>
<gml:Point gml:id="K2_4672811877_1-g" srsName="fguuid:jgd2011.bl">
<gml:pos>32.998164102 129.801550158</gml:pos>
</gml:Point>
</pos>
<type>標高点（測点）</type>
<alti>77</alti>
</ElevPt>
<ElevPt gml:id="K2_4673111850_1">
<fid>46731-11850-i-726</fid>
<lfSpanFr gml:id="K2_4673111850_1-1">
<gml:timePosition>2023-02-21</gml:timePosition>
</lfSpanFr>
<devDate gml:id="K2_4673111850_1-2">
<gml:timePosition>2023-03-31</gml:timePosition>
</devDate>
<orgGILvl>25000</orgGILvl>
<vis>表示</vis>
<pos>
<gml:Point gml:id="K2_4673111850_1-g" srsName="fguuid:jgd2011.bl">
<gml:pos>32.922603714 129.809815712</gml:pos>
</gml:Point>
</pos>
<type>標高点（測点）</type>
<alti>56</alti>
</ElevPt>
<ElevPt gml:id="K2_4673111856_1">
<fid>46731-11856-i-1337</fid>
<lfSpanFr gml:id="K2_4673111856_1-1">
<gml:timePosition>2023-02-21</gml:timePosition>
</lfSpanFr>
<devDate gml:id="K2_4673111856_1-2">
<gml:timePosition>2023-03-31</gml:timePosition>
</devDate>
<orgGILvl>25000</orgGILvl>
<vis>表示</vis>
<pos>
<gml:Point gml:id="K2_4673111856_1-g" srsName="fguuid:jgd2011.bl">
<gml:pos>32.934292500 129.815433611</gml:pos>
</gml:Point>
</pos>
<type>標高点（測点）</type>
<alti>43</alti>
</ElevPt>
<ElevPt gml:id="K2_4673111856_2">
<fid>46731-11856-i-1338</fid>
<lfSpanFr gml:id="K2_4673111856_2-1">
<gml:timePosition>2023-02-21</gml:timePosition>
</lfSpanFr>
<devDate gml:id="K2_4673111856_2-2">
<gml:timePosition>2023-03-31</gml:timePosition>
</devDate>
<orgGILvl>25000</orgGILvl>
<vis>表示</vis>
<pos>
<gml:Point gml:id="K2_4673111856_2-g" srsName="fguuid:jgd2011.bl">
<gml:pos>32.940724722 129.814601667</gml:pos>
</gml:Point>
</pos>
<type>標高点（測点）</type>
<alti>80</alti>
</ElevPt>
<ElevPt gml:id="K2_4673111859_1">
<fid>46731-11859-i-1434</fid>
<lfSpanFr gml:id="K2_4673111859_1-1">
<gml:timePosition>2023-02-21</gml:timePosition>
</lfSpanFr>
<devDate gml:id="K2_4673111859_1-2">
<gml:timePosition>2023-03-31</gml:timePosition>
</devDate>
<orgGILvl>25000</orgGILvl>
<vis>表示</vis>
<pos>
<gml:Point gml:id="K2_4673111859_1-g" srsName="fguuid:jgd2011.bl">
<gml:pos>32.945563334 129.808411232</gml:pos>
</gml:Point>
</pos>
<type>標高点（測点）</type>
<alti>59</alti>
</ElevPt>
<ElevPt gml:id="K2_4673111862_1">
<fid>46731-11862-i-1134</fid>
<lfSpanFr gml:id="K2_4673111862_1-1">
<gml:timePosition>2023-02-21</gml:timePosition>
</lfSpanFr>
<devDate gml:id="K2_4673111862_1-2">
<gml:timePosition>2023-03-31</gml:timePosition>
</devDate>
<orgGILvl>25000</orgGILvl>
<vis>表示</vis>
<pos>
<gml:Point gml:id="K2_4673111862_1-g" srsName="fguuid:jgd2011.bl">
<gml:pos>32.953700556 129.816013333</gml:pos>
</gml:Point>
</pos>
<type>標高点（測点）</type>
<alti>31</alti>
</ElevPt>
<ElevPt gml:id="K2_4673111865_1">
<fid>46731-11865-i-233</fid>
<lfSpanFr gml:id="K2_4673111865_1-1">
<gml:timePosition>2023-02-21</gml:timePosition>
</lfSpanFr>
<devDate gml:id="K2_4673111865_1-2">
<gml:timePosition>2023-03-31</gml:timePosition>
</devDate>
<orgGILvl>25000</orgGILvl>
<vis>表示</vis>
<pos>
<gml:Point gml:id="K2_4673111865_1-g" srsName="fguuid:jgd2011.bl">
<gml:pos>32.960353611 129.815551667</gml:pos>
</gml:Point>
</pos>
<type>標高点（測点）</type>
<alti>33</alti>
</ElevPt>
<ElevPt gml:id="K2_4673111865_2">
<fid>46731-11865-i-234</fid>
<lfSpanFr gml:id="K2_4673111865_2-1">
<gml:timePosition>2023-02-21</gml:timePosition>
</lfSpanFr>
<devDate gml:id="K2_4673111865_2-2">
<gml:timePosition>2023-03-31</gml:timePosition>
</devDate>
<orgGILvl>25000</orgGILvl>
<vis>表示</vis>
<pos>
<gml:Point gml:id="K2_4673111865_2-g" srsName="fguuid:jgd2011.bl">
<gml:pos>32.964554444 129.811599444</gml:pos>
</gml:Point>
</pos>
<type>標高点（測点）</type>
<alti>24</alti>
</ElevPt>
<ElevPt gml:id="K2_4673111868_1">
<fid>46731-11868-i-248</fid>
<lfSpanFr gml:id="K2_4673111868_1-1">
<gml:timePosition>2023-02-21</gml:timePosition>
</lfSpanFr>
<devDate gml:id="K2_4673111868_1-2">
<gml:timePosition>2023-03-31</gml:timePosition>
</devDate>
<orgGILvl>25000</orgGILvl>
<vis>表示</vis>
<pos>
<gml:Point gml:id="K2_4673111868_1-g" srsName="fguuid:jgd2011.bl">
<gml:pos>32.970726111 129.815561667</gml:pos>
</gml:Point>
</pos>
<type>標高点（測点）</type>
<alti>33</alti>
</ElevPt>
<ElevPt gml:id="K2_4673111874_1">
<fid>46731-11874-i-212</fid>
<lfSpanFr gml:id="K2_4673111874_1-1">
<gml:timePosition>2023-02-21</gml:timePosition>
</lfSpanFr>
<devDate gml:id="K2_4673111874_1-2">
<gml:timePosition>2023-03-31</gml:timePosition>
</devDate>
<orgGILvl>25000</orgGILvl>
<vis>表示</vis>
<pos>
<gml:Point gml:id="K2_4673111874_1-g" srsName="fguuid:jgd2011.bl">
<gml:pos>32.983851083 129.810875139</gml:pos>
</gml:Point>
</pos>
<type>標高点（測点）</type>
<alti>3</alti>
</ElevPt>
<ElevPt gml:id="K2_4673111877_1">
<fid>46731-11877-i-166</fid>
<lfSpanFr gml:id="K2_4673111877_1-1">
<gml:timePosition>2023-02-21</gml:timePosition>
</lfSpanFr>
<devDate gml:id="K2_4673111877_1-2">
<gml:timePosition>2023-03-31</gml:timePosition>
</devDate>
<orgGILvl>25000</orgGILvl>
<vis>表示</vis>
<pos>
<gml:Point gml:id="K2_4673111877_1-g" srsName="fguuid:jgd2011.bl">
<gml:pos>32.994038333 129.811584167</gml:pos>
</gml:Point>
</pos>
<type>標高点（測点）</type>
<alti>35</alti>
</ElevPt>
<ElevPt gml:id="K2_4673111877_2">
<fid>46731-11877-i-167</fid>
<lfSpanFr gml:id="K2_4673111877_2-1">
<gml:timePosition>2023-02-21</gml:timePosition>
</lfSpanFr>
<devDate gml:id="K2_4673111877_2-2">
<gml:timePosition>2023-03-31</gml:timePosition>
</devDate>
<orgGILvl>25000</orgGILvl>
<vis>表示</vis>
<pos>
<gml:Point gml:id="K2_4673111877_2-g" srsName="fguuid:jgd2011.bl">
<gml:pos>32.998595000 129.810731389</gml:pos>
</gml:Point>
</pos>
<type>標高点（測点）</type>
<alti>45</alti>
</ElevPt>
<ElevPt gml:id="K2_4673411871_1">
<fid>46734-11871-i-233</fid>
<lfSpanFr gml:id="K2_4673411871_1-1">
<gml:timePosition>2023-02-21</gml:timePosition>
</lfSpanFr>
<devDate gml:id="K2_4673411871_1-2">
<gml:timePosition>2023-03-31</gml:timePosition>
</devDate>
<orgGILvl>25000</orgGILvl>
<vis>表示</vis>
<pos>
<gml:Point gml:id="K2_4673411871_1-g" srsName="fguuid:jgd2011.bl">
<gml:pos>32.982413889 129.821145833</gml:pos>
</gml:Point>
</pos>
<type>標高点（測点）</type>
<alti>65</alti>
</ElevPt>
<ElevPt gml:id="K2_4673411877_1">
<fid>46734-11877-i-121</fid>
<lfSpanFr gml:id="K2_4673411877_1-1">
<gml:timePosition>2023-02-21</gml:timePosition>
</lfSpanFr>
<devDate gml:id="K2_4673411877_1-2">
<gml:timePosition>2023-03-31</gml:timePosition>
</devDate>
<orgGILvl>25000</orgGILvl>
<vis>表示</vis>
<pos>
<gml:Point gml:id="K2_4673411877_1-g" srsName="fguuid:jgd2011.bl">
<gml:pos>32.993579444 129.818340556</gml:pos>
</gml:Point>
</pos>
<type>標高点（測点）</type>
<alti>39</alti>
</ElevPt>
</Dataset>
