<?xml version="1.0" encoding="utf-8"?>
<Dataset xsi:schemaLocation="http://fgd.gsi.go.jp/spec/2008/FGD_GMLSchema FGD_GMLSchema.xsd"
	xmlns:gml="http://www.opengis.net/gml/3.2"
	xmlns:xsi="http://www.w3.org/2001/XMLSchema-instance"
	xmlns:xlink="http://www.w3.org/1999/xlink"
	xmlns="http://fgd.gsi.go.jp/spec/2008/FGD_GMLSchema"
	gml:id="Dataset1">
  <gml:description>基盤地図情報メタデータ ID=fmdid:24-0701</gml:description>
  <gml:name>基盤地図情報ダウンロードデータ（GML版）</gml:name>
<GCP gml:id="K1_482876_1">
<fid>10-00100-0-2405-14582</fid>
<lfSpanFr gml:id="K1_482876_1-1">
<gml:timePosition>2024-05-15</gml:timePosition>
</lfSpanFr>
<devDate gml:id="K1_482876_1-2">
<gml:timePosition>2024-06-07</gml:timePosition>
</devDate>
<orgGILvl>SJ12</orgGILvl>
<vis>表示</vis>
<pos>
<gml:Point gml:id="K1_482876_1-g" srsName="fguuid:jgd2011.bl">
<gml:pos>32.657947833 128.803146472</gml:pos>
</gml:Point>
</pos>
<orgName>国土地理院</orgName>
<type>水準点</type>
<gcpClass>二等水準点</gcpClass>
<gcpCode>L020000010537</gcpCode>
<name>１０５３７</name>
<B>117568.6122</B>
<L>463691.3273</L>
<alti>59.688</alti>
<altiAcc>3</altiAcc>
</GCP>
<GCP gml:id="K1_482876_2">
<fid>10-00100-0-2405-14583</fid>
<lfSpanFr gml:id="K1_482876_2-1">
<gml:timePosition>2024-05-15</gml:timePosition>
</lfSpanFr>
<devDate gml:id="K1_482876_2-2">
<gml:timePosition>2024-06-07</gml:timePosition>
</devDate>
<orgGILvl>SJ12</orgGILvl>
<vis>表示</vis>
<pos>
<gml:Point gml:id="K1_482876_2-g" srsName="fguuid:jgd2011.bl">
<gml:pos>32.614109639 128.763809167</gml:pos>
</gml:Point>
</pos>
<orgName>国土地理院</orgName>
<type>水準点</type>
<gcpClass>二等水準点</gcpClass>
<gcpCode>L020000010538</gcpCode>
<name>１０５３８</name>
<B>117410.7947</B>
<L>463549.713</L>
<alti>17.751</alti>
<altiAcc>3</altiAcc>
</GCP>
<GCP gml:id="K1_482876_3">
<fid>10-00100-0-2405-21500</fid>
<lfSpanFr gml:id="K1_482876_3-1">
<gml:timePosition>2024-05-15</gml:timePosition>
</lfSpanFr>
<devDate gml:id="K1_482876_3-2">
<gml:timePosition>2024-06-07</gml:timePosition>
</devDate>
<orgGILvl>KJ12</orgGILvl>
<vis>表示</vis>
<pos>
<gml:Point gml:id="K1_482876_3-g" srsName="fguuid:jgd2011.bl">
<gml:pos>32.586527917 128.763234361</gml:pos>
</gml:Point>
</pos>
<orgName>国土地理院</orgName>
<type>三角点</type>
<gcpClass>二等三角点</gcpClass>
<gcpCode>TR24828760101</gcpCode>
<name>山下</name>
<B>117311.5005</B>
<L>463547.6437</L>
<alti>64.72</alti>
<altiAcc>2</altiAcc>
</GCP>
<GCP gml:id="K1_482876_4">
<fid>10-00100-0-2405-21501</fid>
<lfSpanFr gml:id="K1_482876_4-1">
<gml:timePosition>2024-05-15</gml:timePosition>
</lfSpanFr>
<devDate gml:id="K1_482876_4-2">
<gml:timePosition>2024-06-07</gml:timePosition>
</devDate>
<orgGILvl>KJ12</orgGILvl>
<vis>表示</vis>
<pos>
<gml:Point gml:id="K1_482876_4-g" srsName="fguuid:jgd2011.bl">
<gml:pos>32.601776889 128.835909056</gml:pos>
</gml:Point>
</pos>
<orgName>国土地理院</orgName>
<type>三角点</type>
<gcpClass>二等三角点</gcpClass>
<gcpCode>TR24828762601</gcpCode>
<name>黒島</name>
<B>117366.3968</B>
<L>463809.2726</L>
<alti>98.42</alti>
<altiAcc>2</altiAcc>
</GCP>
<GCP gml:id="K1_482876_5">
<fid>10-00100-0-2405-21502</fid>
<lfSpanFr gml:id="K1_482876_5-1">
<gml:timePosition>2024-05-15</gml:timePosition>
</lfSpanFr>
<devDate gml:id="K1_482876_5-2">
<gml:timePosition>2024-06-07</gml:timePosition>
</devDate>
<orgGILvl>KJ12</orgGILvl>
<vis>表示</vis>
<pos>
<gml:Point gml:id="K1_482876_5-g" srsName="fguuid:jgd2011.bl">
<gml:pos>32.660392389 128.865163306</gml:pos>
</gml:Point>
</pos>
<orgName>国土地理院</orgName>
<type>三角点</type>
<gcpClass>二等三角点</gcpClass>
<gcpCode>TR24828769901</gcpCode>
<name>火岳</name>
<B>117577.4126</B>
<L>463914.5879</L>
<alti>314.23</alti>
<altiAcc>2</altiAcc>
</GCP>
<GCP gml:id="K1_482876_6">
<fid>10-00100-0-2405-27268</fid>
<lfSpanFr gml:id="K1_482876_6-1">
<gml:timePosition>2024-05-15</gml:timePosition>
</lfSpanFr>
<devDate gml:id="K1_482876_6-2">
<gml:timePosition>2024-06-07</gml:timePosition>
</devDate>
<orgGILvl>KJ13</orgGILvl>
<vis>表示</vis>
<pos>
<gml:Point gml:id="K1_482876_6-g" srsName="fguuid:jgd2011.bl">
<gml:pos>32.615924028 128.778006750</gml:pos>
</gml:Point>
</pos>
<orgName>国土地理院</orgName>
<type>三角点</type>
<gcpClass>三等三角点</gcpClass>
<gcpCode>TR34828763201</gcpCode>
<name>多郎島</name>
<B>117417.3265</B>
<L>463600.8243</L>
<alti>7.67</alti>
<altiAcc>2</altiAcc>
</GCP>
<GCP gml:id="K1_482876_7">
<fid>10-00100-0-2405-27269</fid>
<lfSpanFr gml:id="K1_482876_7-1">
<gml:timePosition>2024-05-15</gml:timePosition>
</lfSpanFr>
<devDate gml:id="K1_482876_7-2">
<gml:timePosition>2024-06-07</gml:timePosition>
</devDate>
<orgGILvl>KJ13</orgGILvl>
<vis>表示</vis>
<pos>
<gml:Point gml:id="K1_482876_7-g" srsName="fguuid:jgd2011.bl">
<gml:pos>32.620939944 128.753722944</gml:pos>
</gml:Point>
</pos>
<orgName>国土地理院</orgName>
<type>三角点</type>
<gcpClass>三等三角点</gcpClass>
<gcpCode>TR34828764001</gcpCode>
<name>小作</name>
<B>117435.3838</B>
<L>463513.4026</L>
<alti>201.27</alti>
<altiAcc>2</altiAcc>
</GCP>
<GCP gml:id="K1_482876_8">
<fid>10-00100-0-2405-27270</fid>
<lfSpanFr gml:id="K1_482876_8-1">
<gml:timePosition>2024-05-15</gml:timePosition>
</lfSpanFr>
<devDate gml:id="K1_482876_8-2">
<gml:timePosition>2024-06-07</gml:timePosition>
</devDate>
<orgGILvl>KJ13</orgGILvl>
<vis>表示</vis>
<pos>
<gml:Point gml:id="K1_482876_8-g" srsName="fguuid:jgd2011.bl">
<gml:pos>32.642676833 128.825112083</gml:pos>
</gml:Point>
</pos>
<orgName>国土地理院</orgName>
<type>三角点</type>
<gcpClass>三等三角点</gcpClass>
<gcpCode>TR34828767601</gcpCode>
<name>小泊</name>
<B>117513.6366</B>
<L>463770.4035</L>
<alti>37.66</alti>
<altiAcc>2</altiAcc>
</GCP>
<GCP gml:id="K1_482876_9">
<fid>10-00100-0-2405-27271</fid>
<lfSpanFr gml:id="K1_482876_9-1">
<gml:timePosition>2024-05-15</gml:timePosition>
</lfSpanFr>
<devDate gml:id="K1_482876_9-2">
<gml:timePosition>2024-06-07</gml:timePosition>
</devDate>
<orgGILvl>KJ13</orgGILvl>
<vis>表示</vis>
<pos>
<gml:Point gml:id="K1_482876_9-g" srsName="fguuid:jgd2011.bl">
<gml:pos>32.652462083 128.766930500</gml:pos>
</gml:Point>
</pos>
<orgName>国土地理院</orgName>
<type>三角点</type>
<gcpClass>三等三角点</gcpClass>
<gcpCode>TR34828768101</gcpCode>
<name>吹岳</name>
<B>117548.8635</B>
<L>463560.9498</L>
<alti>378.73</alti>
<altiAcc>2</altiAcc>
</GCP>
<GCP gml:id="K1_482876_10">
<fid>10-00100-0-2405-61579</fid>
<lfSpanFr gml:id="K1_482876_10-1">
<gml:timePosition>2024-05-15</gml:timePosition>
</lfSpanFr>
<devDate gml:id="K1_482876_10-2">
<gml:timePosition>2024-06-07</gml:timePosition>
</devDate>
<orgGILvl>KJ14</orgGILvl>
<vis>表示</vis>
<pos>
<gml:Point gml:id="K1_482876_10-g" srsName="fguuid:jgd2011.bl">
<gml:pos>32.607405556 128.767604028</gml:pos>
</gml:Point>
</pos>
<orgName>国土地理院</orgName>
<type>三角点</type>
<gcpClass>四等三角点</gcpClass>
<gcpCode>TR44828762101</gcpCode>
<name>只狩山</name>
<B>117386.66</B>
<L>463563.3745</L>
<alti>79.04</alti>
<altiAcc>2</altiAcc>
</GCP>
<GCP gml:id="K1_482876_11">
<fid>10-00100-0-2405-61580</fid>
<lfSpanFr gml:id="K1_482876_11-1">
<gml:timePosition>2024-05-15</gml:timePosition>
</lfSpanFr>
<devDate gml:id="K1_482876_11-2">
<gml:timePosition>2024-06-07</gml:timePosition>
</devDate>
<orgGILvl>KJ14</orgGILvl>
<vis>表示</vis>
<pos>
<gml:Point gml:id="K1_482876_11-g" srsName="fguuid:jgd2011.bl">
<gml:pos>32.607041306 128.788671083</gml:pos>
</gml:Point>
</pos>
<orgName>国土地理院</orgName>
<type>三角点</type>
<gcpClass>四等三角点</gcpClass>
<gcpCode>TR44828762301</gcpCode>
<name>女亀</name>
<B>117385.3487</B>
<L>463639.2159</L>
<alti>2.71</alti>
<altiAcc>2</altiAcc>
</GCP>
<GCP gml:id="K1_482876_12">
<fid>10-00100-0-2405-61581</fid>
<lfSpanFr gml:id="K1_482876_12-1">
<gml:timePosition>2024-05-15</gml:timePosition>
</lfSpanFr>
<devDate gml:id="K1_482876_12-2">
<gml:timePosition>2024-06-07</gml:timePosition>
</devDate>
<orgGILvl>KJ14</orgGILvl>
<vis>表示</vis>
<pos>
<gml:Point gml:id="K1_482876_12-g" srsName="fguuid:jgd2011.bl">
<gml:pos>32.600990944 128.828855917</gml:pos>
</gml:Point>
</pos>
<orgName>国土地理院</orgName>
<type>三角点</type>
<gcpClass>四等三角点</gcpClass>
<gcpCode>TR44828762602</gcpCode>
<name>汐池</name>
<B>117363.5674</B>
<L>463783.8813</L>
<alti>5.26</alti>
<altiAcc>2</altiAcc>
</GCP>
<GCP gml:id="K1_482876_13">
<fid>10-00100-0-2405-61582</fid>
<lfSpanFr gml:id="K1_482876_13-1">
<gml:timePosition>2024-05-15</gml:timePosition>
</lfSpanFr>
<devDate gml:id="K1_482876_13-2">
<gml:timePosition>2024-06-07</gml:timePosition>
</devDate>
<orgGILvl>KJ14</orgGILvl>
<vis>表示</vis>
<pos>
<gml:Point gml:id="K1_482876_13-g" srsName="fguuid:jgd2011.bl">
<gml:pos>32.609537417 128.750179778</gml:pos>
</gml:Point>
</pos>
<orgName>国土地理院</orgName>
<type>三角点</type>
<gcpClass>四等三角点</gcpClass>
<gcpCode>TR44828763001</gcpCode>
<name>横ヶ倉</name>
<B>117394.3347</B>
<L>463500.6472</L>
<alti>45.52</alti>
<altiAcc>2</altiAcc>
</GCP>
<GCP gml:id="K1_482876_14">
<fid>10-00100-0-2405-61583</fid>
<lfSpanFr gml:id="K1_482876_14-1">
<gml:timePosition>2024-05-15</gml:timePosition>
</lfSpanFr>
<devDate gml:id="K1_482876_14-2">
<gml:timePosition>2024-06-07</gml:timePosition>
</devDate>
<orgGILvl>KJ14</orgGILvl>
<vis>表示</vis>
<pos>
<gml:Point gml:id="K1_482876_14-g" srsName="fguuid:jgd2011.bl">
<gml:pos>32.614116444 128.763820528</gml:pos>
</gml:Point>
</pos>
<orgName>国土地理院</orgName>
<type>三角点</type>
<gcpClass>四等三角点</gcpClass>
<gcpCode>TR44828763101</gcpCode>
<name>富江中学校</name>
<B>117410.8192</B>
<L>463549.7539</L>
<alti>17.85</alti>
<altiAcc>2</altiAcc>
</GCP>
<GCP gml:id="K1_482876_15">
<fid>10-00100-0-2405-61584</fid>
<lfSpanFr gml:id="K1_482876_15-1">
<gml:timePosition>2024-05-15</gml:timePosition>
</lfSpanFr>
<devDate gml:id="K1_482876_15-2">
<gml:timePosition>2024-06-07</gml:timePosition>
</devDate>
<orgGILvl>KJ14</orgGILvl>
<vis>表示</vis>
<pos>
<gml:Point gml:id="K1_482876_15-g" srsName="fguuid:jgd2011.bl">
<gml:pos>32.629322000 128.763632111</gml:pos>
</gml:Point>
</pos>
<orgName>国土地理院</orgName>
<type>三角点</type>
<gcpClass>四等三角点</gcpClass>
<gcpCode>TR44828765101</gcpCode>
<name>福瀬山</name>
<B>117465.5592</B>
<L>463549.0756</L>
<alti>102.05</alti>
<altiAcc>2</altiAcc>
</GCP>
<GCP gml:id="K1_482876_16">
<fid>10-00100-0-2405-61585</fid>
<lfSpanFr gml:id="K1_482876_16-1">
<gml:timePosition>2024-05-15</gml:timePosition>
</lfSpanFr>
<devDate gml:id="K1_482876_16-2">
<gml:timePosition>2024-06-07</gml:timePosition>
</devDate>
<orgGILvl>KJ14</orgGILvl>
<vis>表示</vis>
<pos>
<gml:Point gml:id="K1_482876_16-g" srsName="fguuid:jgd2011.bl">
<gml:pos>32.644044389 128.760310528</gml:pos>
</gml:Point>
</pos>
<orgName>国土地理院</orgName>
<type>三角点</type>
<gcpClass>四等三角点</gcpClass>
<gcpCode>TR44828767001</gcpCode>
<name>樋ノ本</name>
<B>117518.5598</B>
<L>463537.1179</L>
<alti>61.66</alti>
<altiAcc>2</altiAcc>
</GCP>
<GCP gml:id="K1_482876_17">
<fid>10-00100-0-2405-61586</fid>
<lfSpanFr gml:id="K1_482876_17-1">
<gml:timePosition>2024-05-15</gml:timePosition>
</lfSpanFr>
<devDate gml:id="K1_482876_17-2">
<gml:timePosition>2024-06-07</gml:timePosition>
</devDate>
<orgGILvl>KJ14</orgGILvl>
<vis>表示</vis>
<pos>
<gml:Point gml:id="K1_482876_17-g" srsName="fguuid:jgd2011.bl">
<gml:pos>32.647507111 128.778354083</gml:pos>
</gml:Point>
</pos>
<orgName>国土地理院</orgName>
<type>三角点</type>
<gcpClass>四等三角点</gcpClass>
<gcpCode>TR44828767201</gcpCode>
<name>部田山</name>
<B>117531.0256</B>
<L>463602.0747</L>
<alti>95.8</alti>
<altiAcc>2</altiAcc>
</GCP>
<GCP gml:id="K1_482876_18">
<fid>10-00100-0-2405-61587</fid>
<lfSpanFr gml:id="K1_482876_18-1">
<gml:timePosition>2024-05-15</gml:timePosition>
</lfSpanFr>
<devDate gml:id="K1_482876_18-2">
<gml:timePosition>2024-06-07</gml:timePosition>
</devDate>
<orgGILvl>KJ14</orgGILvl>
<vis>表示</vis>
<pos>
<gml:Point gml:id="K1_482876_18-g" srsName="fguuid:jgd2011.bl">
<gml:pos>32.646458528 128.811598028</gml:pos>
</gml:Point>
</pos>
<orgName>国土地理院</orgName>
<type>三角点</type>
<gcpClass>四等三角点</gcpClass>
<gcpCode>TR44828767401</gcpCode>
<name>九郎次</name>
<B>117527.2507</B>
<L>463721.7529</L>
<alti>3.49</alti>
<altiAcc>2</altiAcc>
</GCP>
<GCP gml:id="K1_482876_19">
<fid>10-00100-0-2405-61588</fid>
<lfSpanFr gml:id="K1_482876_19-1">
<gml:timePosition>2024-05-15</gml:timePosition>
</lfSpanFr>
<devDate gml:id="K1_482876_19-2">
<gml:timePosition>2024-06-07</gml:timePosition>
</devDate>
<orgGILvl>KJ14</orgGILvl>
<vis>表示</vis>
<pos>
<gml:Point gml:id="K1_482876_19-g" srsName="fguuid:jgd2011.bl">
<gml:pos>32.652150167 128.754270111</gml:pos>
</gml:Point>
</pos>
<orgName>国土地理院</orgName>
<type>三角点</type>
<gcpClass>四等三角点</gcpClass>
<gcpCode>TR44828768001</gcpCode>
<name>小豆田</name>
<B>117547.7406</B>
<L>463515.3724</L>
<alti>276.76</alti>
<altiAcc>2</altiAcc>
</GCP>
<GCP gml:id="K1_482876_20">
<fid>10-00100-0-2405-61589</fid>
<lfSpanFr gml:id="K1_482876_20-1">
<gml:timePosition>2024-05-15</gml:timePosition>
</lfSpanFr>
<devDate gml:id="K1_482876_20-2">
<gml:timePosition>2024-06-07</gml:timePosition>
</devDate>
<orgGILvl>KJ14</orgGILvl>
<vis>表示</vis>
<pos>
<gml:Point gml:id="K1_482876_20-g" srsName="fguuid:jgd2011.bl">
<gml:pos>32.653487167 128.801161167</gml:pos>
</gml:Point>
</pos>
<orgName>国土地理院</orgName>
<type>三角点</type>
<gcpClass>四等三角点</gcpClass>
<gcpCode>TR44828768401</gcpCode>
<name>ヒエタ</name>
<B>117552.5538</B>
<L>463684.1802</L>
<alti>43.27</alti>
<altiAcc>2</altiAcc>
</GCP>
<GCP gml:id="K1_482876_21">
<fid>10-00100-0-2405-61590</fid>
<lfSpanFr gml:id="K1_482876_21-1">
<gml:timePosition>2024-05-15</gml:timePosition>
</lfSpanFr>
<devDate gml:id="K1_482876_21-2">
<gml:timePosition>2024-06-07</gml:timePosition>
</devDate>
<orgGILvl>KJ14</orgGILvl>
<vis>表示</vis>
<pos>
<gml:Point gml:id="K1_482876_21-g" srsName="fguuid:jgd2011.bl">
<gml:pos>32.654379139 128.826174361</gml:pos>
</gml:Point>
</pos>
<orgName>国土地理院</orgName>
<type>三角点</type>
<gcpClass>四等三角点</gcpClass>
<gcpCode>TR44828768601</gcpCode>
<name>山中</name>
<B>117555.7649</B>
<L>463774.2277</L>
<alti>42.34</alti>
<altiAcc>2</altiAcc>
</GCP>
<GCP gml:id="K1_482876_22">
<fid>10-00100-0-2405-61591</fid>
<lfSpanFr gml:id="K1_482876_22-1">
<gml:timePosition>2024-05-15</gml:timePosition>
</lfSpanFr>
<devDate gml:id="K1_482876_22-2">
<gml:timePosition>2024-06-07</gml:timePosition>
</devDate>
<orgGILvl>KJ14</orgGILvl>
<vis>表示</vis>
<pos>
<gml:Point gml:id="K1_482876_22-g" srsName="fguuid:jgd2011.bl">
<gml:pos>32.660176083 128.757261944</gml:pos>
</gml:Point>
</pos>
<orgName>国土地理院</orgName>
<type>三角点</type>
<gcpClass>四等三角点</gcpClass>
<gcpCode>TR44828769001</gcpCode>
<name>銀屋々敷</name>
<B>117576.6339</B>
<L>463526.143</L>
<alti>321.76</alti>
<altiAcc>2</altiAcc>
</GCP>
<GCP gml:id="K1_482876_23">
<fid>10-00100-0-2405-61592</fid>
<lfSpanFr gml:id="K1_482876_23-1">
<gml:timePosition>2024-05-15</gml:timePosition>
</lfSpanFr>
<devDate gml:id="K1_482876_23-2">
<gml:timePosition>2024-06-07</gml:timePosition>
</devDate>
<orgGILvl>KJ14</orgGILvl>
<vis>表示</vis>
<pos>
<gml:Point gml:id="K1_482876_23-g" srsName="fguuid:jgd2011.bl">
<gml:pos>32.660154028 128.772084889</gml:pos>
</gml:Point>
</pos>
<orgName>国土地理院</orgName>
<type>三角点</type>
<gcpClass>四等三角点</gcpClass>
<gcpCode>TR44828769101</gcpCode>
<name>荒河内</name>
<B>117576.5545</B>
<L>463579.5056</L>
<alti>405.95</alti>
<altiAcc>2</altiAcc>
</GCP>
<GCP gml:id="K1_482876_24">
<fid>10-00100-0-2405-61593</fid>
<lfSpanFr gml:id="K1_482876_24-1">
<gml:timePosition>2024-05-15</gml:timePosition>
</lfSpanFr>
<devDate gml:id="K1_482876_24-2">
<gml:timePosition>2024-06-07</gml:timePosition>
</devDate>
<orgGILvl>KJ14</orgGILvl>
<vis>表示</vis>
<pos>
<gml:Point gml:id="K1_482876_24-g" srsName="fguuid:jgd2011.bl">
<gml:pos>32.659128250 128.788538028</gml:pos>
</gml:Point>
</pos>
<orgName>国土地理院</orgName>
<type>三角点</type>
<gcpClass>四等三角点</gcpClass>
<gcpCode>TR44828769301</gcpCode>
<name>古牧の平</name>
<B>117572.8617</B>
<L>463638.7369</L>
<alti>151.51</alti>
<altiAcc>2</altiAcc>
</GCP>
</Dataset>
