<?xml version="1.0" encoding="utf-8"?>
<Dataset xsi:schemaLocation="http://fgd.gsi.go.jp/spec/2008/FGD_GMLSchema FGD_GMLSchema.xsd"
	xmlns:gml="http://www.opengis.net/gml/3.2"
	xmlns:xsi="http://www.w3.org/2001/XMLSchema-instance"
	xmlns:xlink="http://www.w3.org/1999/xlink"
	xmlns="http://fgd.gsi.go.jp/spec/2008/FGD_GMLSchema"
	gml:id="Dataset1">
  <gml:description>基盤地図情報メタデータ ID=fmdid:24-0701</gml:description>
  <gml:name>基盤地図情報ダウンロードデータ（GML版）</gml:name>
<WStrL gml:id="K27_4637111751_1">
<fid>46371-11751-s-1360</fid>
<lfSpanFr gml:id="K27_4637111751_1-1">
<gml:timePosition>2015-11-17</gml:timePosition>
</lfSpanFr>
<devDate gml:id="K27_4637111751_1-2">
<gml:timePosition>2024-06-07</gml:timePosition>
</devDate>
<orgGILvl>2500</orgGILvl>
<vis>表示</vis>
<loc>
<gml:Curve gml:id="K27_4637111751_1-g" srsName="fguuid:jgd2011.bl">
<gml:segments>
<gml:LineStringSegment>
<gml:posList>
32.644850570 128.812659249
32.643965921 128.813196200
32.643993210 128.813259016
32.644155310 128.813160634
32.644150305 128.813149118
32.644872303 128.812707026
32.644850570 128.812659249
</gml:posList>
</gml:LineStringSegment>
</gml:segments>
</gml:Curve>
</loc>
<type>防波堤</type>
</WStrL>
<WStrL gml:id="K27_4637111751_2">
<fid>46371-11751-s-1364</fid>
<lfSpanFr gml:id="K27_4637111751_2-1">
<gml:timePosition>2015-11-17</gml:timePosition>
</lfSpanFr>
<devDate gml:id="K27_4637111751_2-2">
<gml:timePosition>2024-06-07</gml:timePosition>
</devDate>
<orgGILvl>2500</orgGILvl>
<vis>表示</vis>
<loc>
<gml:Curve gml:id="K27_4637111751_2-g" srsName="fguuid:jgd2011.bl">
<gml:segments>
<gml:LineStringSegment>
<gml:posList>
32.643774442 128.816364640
32.643819389 128.816293802
32.643807366 128.816276967
32.644346578 128.815395608
32.644430526 128.815258388
32.644462156 128.814824560
32.644325047 128.814074740
32.644364328 128.814059635
32.644502076 128.814751339
32.644513870 128.814810565
32.644478258 128.814823733
32.644459393 128.815083322
32.644449600 128.815255429
32.644472085 128.815222823
32.644486474 128.815235408
32.644459426 128.815279806
32.644346953 128.815464429
32.643842003 128.816293310
32.643790028 128.816378623
</gml:posList>
</gml:LineStringSegment>
</gml:segments>
</gml:Curve>
</loc>
<type>防波堤</type>
</WStrL>
<WStrL gml:id="K27_4637111751_3">
<fid>46371-11751-s-1365</fid>
<lfSpanFr gml:id="K27_4637111751_3-1">
<gml:timePosition>2015-11-17</gml:timePosition>
</lfSpanFr>
<devDate gml:id="K27_4637111751_3-2">
<gml:timePosition>2024-06-07</gml:timePosition>
</devDate>
<orgGILvl>2500</orgGILvl>
<vis>表示</vis>
<loc>
<gml:Curve gml:id="K27_4637111751_3-g" srsName="fguuid:jgd2011.bl">
<gml:segments>
<gml:LineStringSegment>
<gml:posList>
32.646186145 128.815718800
32.646173347 128.815998098
32.646195002 128.816031775
32.646194404 128.816249638
32.646142508 128.816250033
32.646157492 128.815714797
</gml:posList>
</gml:LineStringSegment>
</gml:segments>
</gml:Curve>
</loc>
<type>防波堤</type>
</WStrL>
<WStrL gml:id="K27_4637111751_4">
<fid>46371-11751-s-1366</fid>
<lfSpanFr gml:id="K27_4637111751_4-1">
<gml:timePosition>2015-11-17</gml:timePosition>
</lfSpanFr>
<devDate gml:id="K27_4637111751_4-2">
<gml:timePosition>2024-06-07</gml:timePosition>
</devDate>
<orgGILvl>2500</orgGILvl>
<vis>表示</vis>
<loc>
<gml:Curve gml:id="K27_4637111751_4-g" srsName="fguuid:jgd2011.bl">
<gml:segments>
<gml:LineStringSegment>
<gml:posList>
32.646395071 128.814571989
32.646243072 128.814673490
32.645787244 128.814952383
32.645517389 128.815117488
32.645534692 128.815158318
32.645802823 128.814986734
</gml:posList>
</gml:LineStringSegment>
</gml:segments>
</gml:Curve>
</loc>
<type>防波堤</type>
</WStrL>
<WStrL gml:id="K27_4637111751_5">
<fid>46371-11751-s-1367</fid>
<lfSpanFr gml:id="K27_4637111751_5-1">
<gml:timePosition>2015-11-17</gml:timePosition>
</lfSpanFr>
<devDate gml:id="K27_4637111751_5-2">
<gml:timePosition>2024-06-07</gml:timePosition>
</devDate>
<orgGILvl>2500</orgGILvl>
<vis>表示</vis>
<loc>
<gml:Curve gml:id="K27_4637111751_5-g" srsName="fguuid:jgd2011.bl">
<gml:segments>
<gml:LineStringSegment>
<gml:posList>
32.646911372 128.816464867
32.646532060 128.816476215
32.646532382 128.816535434
32.646902170 128.816526983
</gml:posList>
</gml:LineStringSegment>
</gml:segments>
</gml:Curve>
</loc>
<type>防波堤</type>
</WStrL>
<WStrL gml:id="K27_4637111751_6">
<fid>46371-11751-s-1368</fid>
<lfSpanFr gml:id="K27_4637111751_6-1">
<gml:timePosition>2015-11-17</gml:timePosition>
</lfSpanFr>
<devDate gml:id="K27_4637111751_6-2">
<gml:timePosition>2024-06-07</gml:timePosition>
</devDate>
<orgGILvl>2500</orgGILvl>
<vis>表示</vis>
<loc>
<gml:Curve gml:id="K27_4637111751_6-g" srsName="fguuid:jgd2011.bl">
<gml:segments>
<gml:LineStringSegment>
<gml:posList>
32.649930225 128.810571452
32.650000000 128.810461676
</gml:posList>
</gml:LineStringSegment>
</gml:segments>
</gml:Curve>
</loc>
<type>防波堤</type>
</WStrL>
<WStrL gml:id="K27_4637111751_7">
<fid>46371-11751-s-1369</fid>
<lfSpanFr gml:id="K27_4637111751_7-1">
<gml:timePosition>2015-11-17</gml:timePosition>
</lfSpanFr>
<devDate gml:id="K27_4637111751_7-2">
<gml:timePosition>2024-06-07</gml:timePosition>
</devDate>
<orgGILvl>2500</orgGILvl>
<vis>表示</vis>
<loc>
<gml:Curve gml:id="K27_4637111751_7-g" srsName="fguuid:jgd2011.bl">
<gml:segments>
<gml:LineStringSegment>
<gml:posList>
32.650000000 128.810550211
32.649964407 128.810605034
</gml:posList>
</gml:LineStringSegment>
</gml:segments>
</gml:Curve>
</loc>
<type>防波堤</type>
</WStrL>
<WStrL gml:id="K27_4637111754_1">
<fid>46371-11754-s-1417</fid>
<lfSpanFr gml:id="K27_4637111754_1-1">
<gml:timePosition>2015-11-17</gml:timePosition>
</lfSpanFr>
<devDate gml:id="K27_4637111754_1-2">
<gml:timePosition>2024-06-07</gml:timePosition>
</devDate>
<orgGILvl>2500</orgGILvl>
<vis>表示</vis>
<loc>
<gml:Curve gml:id="K27_4637111754_1-g" srsName="fguuid:jgd2011.bl">
<gml:segments>
<gml:LineStringSegment>
<gml:posList>
32.650000000 128.810461676
32.650199337 128.810148064
32.650887670 128.809065102
32.650965623 128.809139236
32.650879255 128.809269637
32.650856499 128.809254302
32.650257451 128.810200892
32.650237682 128.810184117
32.650000000 128.810550211
</gml:posList>
</gml:LineStringSegment>
</gml:segments>
</gml:Curve>
</loc>
<type>防波堤</type>
</WStrL>
<WStrL gml:id="K27_4637111754_2">
<fid>46371-11754-s-1423</fid>
<lfSpanFr gml:id="K27_4637111754_2-1">
<gml:timePosition>2015-11-17</gml:timePosition>
</lfSpanFr>
<devDate gml:id="K27_4637111754_2-2">
<gml:timePosition>2024-06-07</gml:timePosition>
</devDate>
<orgGILvl>2500</orgGILvl>
<vis>表示</vis>
<loc>
<gml:Curve gml:id="K27_4637111754_2-g" srsName="fguuid:jgd2011.bl">
<gml:segments>
<gml:LineStringSegment>
<gml:posList>
32.650295548 128.811598062
32.650448109 128.811355755
32.650470764 128.811352757
32.650470655 128.811333016
32.650432484 128.811333309
32.650268038 128.811585578
</gml:posList>
</gml:LineStringSegment>
</gml:segments>
</gml:Curve>
</loc>
<type>防波堤</type>
</WStrL>
<WStrL gml:id="K27_4637111754_3">
<fid>46371-11754-s-1424</fid>
<lfSpanFr gml:id="K27_4637111754_3-1">
<gml:timePosition>2015-11-17</gml:timePosition>
</lfSpanFr>
<devDate gml:id="K27_4637111754_3-2">
<gml:timePosition>2024-06-07</gml:timePosition>
</devDate>
<orgGILvl>2500</orgGILvl>
<vis>表示</vis>
<loc>
<gml:Curve gml:id="K27_4637111754_3-g" srsName="fguuid:jgd2011.bl">
<gml:segments>
<gml:LineStringSegment>
<gml:posList>
32.651731095 128.811515142
32.651737356 128.811438515
32.651799672 128.811445510
32.651808427 128.811346543
32.651815390 128.811267790
32.651819890 128.811216909
32.651830049 128.811111066
32.651843989 128.811043271
32.651866929 128.810983870
32.651900542 128.810913813
32.651934224 128.810856440
32.651961554 128.810829443
32.652062370 128.810728544
32.652055001 128.810690524
32.651926299 128.810715485
32.651800413 128.810167886
32.651757540 128.810182318
32.651837630 128.810645652
32.651791163 128.810655879
32.651793706 128.810685472
32.651840237 128.810685115
32.651818225 128.810805151
32.651790043 128.810887159
32.651760578 128.810952248
32.651711661 128.811168385
32.651700296 128.811271412
32.651686374 128.811508353
</gml:posList>
</gml:LineStringSegment>
</gml:segments>
</gml:Curve>
</loc>
<type>防波堤</type>
</WStrL>
<WStrL gml:id="K27_4637411751_1">
<fid>46374-11751-s-737</fid>
<lfSpanFr gml:id="K27_4637411751_1-1">
<gml:timePosition>2015-11-17</gml:timePosition>
</lfSpanFr>
<devDate gml:id="K27_4637411751_1-2">
<gml:timePosition>2024-06-07</gml:timePosition>
</devDate>
<orgGILvl>2500</orgGILvl>
<vis>表示</vis>
<loc>
<gml:Curve gml:id="K27_4637411751_1-g" srsName="fguuid:jgd2011.bl">
<gml:segments>
<gml:LineStringSegment>
<gml:posList>
32.646232733 128.818032409
32.646317554 128.816957277
32.646286512 128.816951874
32.646194547 128.818029874
</gml:posList>
</gml:LineStringSegment>
</gml:segments>
</gml:Curve>
</loc>
<type>防波堤</type>
</WStrL>
<WStrL gml:id="K27_4639211751_1">
<fid>46392-11751-s-1049</fid>
<lfSpanFr gml:id="K27_4639211751_1-1">
<gml:timePosition>2015-11-17</gml:timePosition>
</lfSpanFr>
<devDate gml:id="K27_4639211751_1-2">
<gml:timePosition>2024-06-07</gml:timePosition>
</devDate>
<orgGILvl>2500</orgGILvl>
<vis>表示</vis>
<loc>
<gml:Curve gml:id="K27_4639211751_1-g" srsName="fguuid:jgd2011.bl">
<gml:segments>
<gml:LineStringSegment>
<gml:posList>
32.643860194 128.867544831
32.643847632 128.867657721
32.643812234 128.867734115
32.643794181 128.867759344
32.643506584 128.868161398
32.643395270 128.868443484
32.642941087 128.869225021
32.642989584 128.869260632
32.643143915 128.868990941
32.643160084 128.869003511
32.643484807 128.868455549
32.643548390 128.868290128
32.643563899 128.868171568
32.643871303 128.867737931
32.644001217 128.867645203
</gml:posList>
</gml:LineStringSegment>
</gml:segments>
</gml:Curve>
</loc>
<type>防波堤</type>
</WStrL>
<WStrL gml:id="K27_4639211751_2">
<fid>46392-11751-s-1050</fid>
<lfSpanFr gml:id="K27_4639211751_2-1">
<gml:timePosition>2015-11-17</gml:timePosition>
</lfSpanFr>
<devDate gml:id="K27_4639211751_2-2">
<gml:timePosition>2024-06-07</gml:timePosition>
</devDate>
<orgGILvl>2500</orgGILvl>
<vis>表示</vis>
<loc>
<gml:Curve gml:id="K27_4639211751_2-g" srsName="fguuid:jgd2011.bl">
<gml:segments>
<gml:LineStringSegment>
<gml:posList>
32.643956622 128.869401906
32.643913104 128.869366310
32.643536145 128.869057980
32.643511286 128.869096227
32.643885021 128.869409411
32.643931805 128.869448616
</gml:posList>
</gml:LineStringSegment>
</gml:segments>
</gml:Curve>
</loc>
<type>防波堤</type>
</WStrL>
</Dataset>
