<?xml version="1.0" encoding="utf-8"?>
<Dataset xsi:schemaLocation="http://fgd.gsi.go.jp/spec/2008/FGD_GMLSchema FGD_GMLSchema.xsd"
	xmlns:gml="http://www.opengis.net/gml/3.2"
	xmlns:xsi="http://www.w3.org/2001/XMLSchema-instance"
	xmlns:xlink="http://www.w3.org/1999/xlink"
	xmlns="http://fgd.gsi.go.jp/spec/2008/FGD_GMLSchema"
	gml:id="Dataset1">
  <gml:description>基盤地図情報メタデータ ID=fmdid:24-0701</gml:description>
  <gml:name>基盤地図情報ダウンロードデータ（GML版）</gml:name>
<ElevPt gml:id="K2_4635011730_1">
<fid>46350-11730-i-189</fid>
<lfSpanFr gml:id="K2_4635011730_1-1">
<gml:timePosition>2015-11-17</gml:timePosition>
</lfSpanFr>
<devDate gml:id="K2_4635011730_1-2">
<gml:timePosition>2024-06-07</gml:timePosition>
</devDate>
<orgGILvl>25000</orgGILvl>
<vis>表示</vis>
<pos>
<gml:Point gml:id="K2_4635011730_1-g" srsName="fguuid:jgd2011.bl">
<gml:pos>32.586005278 128.756916111</gml:pos>
</gml:Point>
</pos>
<type>標高点（測点）</type>
<alti>16</alti>
</ElevPt>
<ElevPt gml:id="K2_4635011730_2">
<fid>46350-11730-i-343</fid>
<lfSpanFr gml:id="K2_4635011730_2-1">
<gml:timePosition>2017-02-08</gml:timePosition>
</lfSpanFr>
<devDate gml:id="K2_4635011730_2-2">
<gml:timePosition>2024-06-07</gml:timePosition>
</devDate>
<orgGILvl>25000</orgGILvl>
<vis>非表示</vis>
<pos>
<gml:Point gml:id="K2_4635011730_2-g" srsName="fguuid:jgd2011.bl">
<gml:pos>32.590922500 128.756773889</gml:pos>
</gml:Point>
</pos>
<type>標高点（測点）</type>
<alti>15</alti>
</ElevPt>
<ElevPt gml:id="K2_4635011736_1">
<fid>46350-11736-i-169</fid>
<lfSpanFr gml:id="K2_4635011736_1-1">
<gml:timePosition>2015-11-17</gml:timePosition>
</lfSpanFr>
<devDate gml:id="K2_4635011736_1-2">
<gml:timePosition>2024-06-07</gml:timePosition>
</devDate>
<orgGILvl>25000</orgGILvl>
<vis>表示</vis>
<pos>
<gml:Point gml:id="K2_4635011736_1-g" srsName="fguuid:jgd2011.bl">
<gml:pos>32.604947222 128.757048611</gml:pos>
</gml:Point>
</pos>
<type>標高点（測点）</type>
<alti>32</alti>
</ElevPt>
<ElevPt gml:id="K2_4635011736_2">
<fid>46350-11736-i-170</fid>
<lfSpanFr gml:id="K2_4635011736_2-1">
<gml:timePosition>2015-11-17</gml:timePosition>
</lfSpanFr>
<devDate gml:id="K2_4635011736_2-2">
<gml:timePosition>2024-06-07</gml:timePosition>
</devDate>
<orgGILvl>25000</orgGILvl>
<vis>表示</vis>
<pos>
<gml:Point gml:id="K2_4635011736_2-g" srsName="fguuid:jgd2011.bl">
<gml:pos>32.606188889 128.751020278</gml:pos>
</gml:Point>
</pos>
<type>標高点（測点）</type>
<alti>26</alti>
</ElevPt>
<ElevPt gml:id="K2_4635011736_3">
<fid>46350-11736-i-171</fid>
<lfSpanFr gml:id="K2_4635011736_3-1">
<gml:timePosition>2015-11-17</gml:timePosition>
</lfSpanFr>
<devDate gml:id="K2_4635011736_3-2">
<gml:timePosition>2024-06-07</gml:timePosition>
</devDate>
<orgGILvl>25000</orgGILvl>
<vis>表示</vis>
<pos>
<gml:Point gml:id="K2_4635011736_3-g" srsName="fguuid:jgd2011.bl">
<gml:pos>32.601084167 128.752050833</gml:pos>
</gml:Point>
</pos>
<type>標高点（測点）</type>
<alti>23</alti>
</ElevPt>
<ElevPt gml:id="K2_4635011739_1">
<fid>46350-11739-i-309</fid>
<lfSpanFr gml:id="K2_4635011739_1-1">
<gml:timePosition>2021-02-10</gml:timePosition>
</lfSpanFr>
<devDate gml:id="K2_4635011739_1-2">
<gml:timePosition>2024-06-07</gml:timePosition>
</devDate>
<orgGILvl>25000</orgGILvl>
<vis>表示</vis>
<pos>
<gml:Point gml:id="K2_4635011739_1-g" srsName="fguuid:jgd2011.bl">
<gml:pos>32.614723611 128.755680000</gml:pos>
</gml:Point>
</pos>
<type>標高点（測点）</type>
<alti>23</alti>
</ElevPt>
<ElevPt gml:id="K2_4635011748_1">
<fid>46350-11748-i-36</fid>
<lfSpanFr gml:id="K2_4635011748_1-1">
<gml:timePosition>2015-11-17</gml:timePosition>
</lfSpanFr>
<devDate gml:id="K2_4635011748_1-2">
<gml:timePosition>2024-06-07</gml:timePosition>
</devDate>
<orgGILvl>25000</orgGILvl>
<vis>表示</vis>
<pos>
<gml:Point gml:id="K2_4635011748_1-g" srsName="fguuid:jgd2011.bl">
<gml:pos>32.633525556 128.757943611</gml:pos>
</gml:Point>
</pos>
<type>標高点（測点）</type>
<alti>126</alti>
</ElevPt>
<ElevPt gml:id="K2_4635011751_1">
<fid>46350-11751-i-50</fid>
<lfSpanFr gml:id="K2_4635011751_1-1">
<gml:timePosition>2015-11-17</gml:timePosition>
</lfSpanFr>
<devDate gml:id="K2_4635011751_1-2">
<gml:timePosition>2024-06-07</gml:timePosition>
</devDate>
<orgGILvl>25000</orgGILvl>
<vis>表示</vis>
<pos>
<gml:Point gml:id="K2_4635011751_1-g" srsName="fguuid:jgd2011.bl">
<gml:pos>32.643969167 128.757291389</gml:pos>
</gml:Point>
</pos>
<type>標高点（測点）</type>
<alti>17</alti>
</ElevPt>
<ElevPt gml:id="K2_4635311733_1">
<fid>46353-11733-i-147</fid>
<lfSpanFr gml:id="K2_4635311733_1-1">
<gml:timePosition>2015-11-17</gml:timePosition>
</lfSpanFr>
<devDate gml:id="K2_4635311733_1-2">
<gml:timePosition>2024-06-07</gml:timePosition>
</devDate>
<orgGILvl>25000</orgGILvl>
<vis>表示</vis>
<pos>
<gml:Point gml:id="K2_4635311733_1-g" srsName="fguuid:jgd2011.bl">
<gml:pos>32.592120278 128.765253333</gml:pos>
</gml:Point>
</pos>
<type>標高点（測点）</type>
<alti>34</alti>
</ElevPt>
<ElevPt gml:id="K2_4635311733_2">
<fid>46353-11733-i-148</fid>
<lfSpanFr gml:id="K2_4635311733_2-1">
<gml:timePosition>2015-11-17</gml:timePosition>
</lfSpanFr>
<devDate gml:id="K2_4635311733_2-2">
<gml:timePosition>2024-06-07</gml:timePosition>
</devDate>
<orgGILvl>25000</orgGILvl>
<vis>表示</vis>
<pos>
<gml:Point gml:id="K2_4635311733_2-g" srsName="fguuid:jgd2011.bl">
<gml:pos>32.596145833 128.759306111</gml:pos>
</gml:Point>
</pos>
<type>標高点（測点）</type>
<alti>29</alti>
</ElevPt>
<ElevPt gml:id="K2_4635311736_1">
<fid>46353-11736-i-157</fid>
<lfSpanFr gml:id="K2_4635311736_1-1">
<gml:timePosition>2015-11-17</gml:timePosition>
</lfSpanFr>
<devDate gml:id="K2_4635311736_1-2">
<gml:timePosition>2024-06-07</gml:timePosition>
</devDate>
<orgGILvl>25000</orgGILvl>
<vis>表示</vis>
<pos>
<gml:Point gml:id="K2_4635311736_1-g" srsName="fguuid:jgd2011.bl">
<gml:pos>32.605396111 128.760579167</gml:pos>
</gml:Point>
</pos>
<type>標高点（測点）</type>
<alti>24</alti>
</ElevPt>
<ElevPt gml:id="K2_4635311736_2">
<fid>46353-11736-i-158</fid>
<lfSpanFr gml:id="K2_4635311736_2-1">
<gml:timePosition>2015-11-17</gml:timePosition>
</lfSpanFr>
<devDate gml:id="K2_4635311736_2-2">
<gml:timePosition>2024-06-07</gml:timePosition>
</devDate>
<orgGILvl>25000</orgGILvl>
<vis>表示</vis>
<pos>
<gml:Point gml:id="K2_4635311736_2-g" srsName="fguuid:jgd2011.bl">
<gml:pos>32.604394167 128.766656667</gml:pos>
</gml:Point>
</pos>
<type>標高点（測点）</type>
<alti>53</alti>
</ElevPt>
<ElevPt gml:id="K2_4635311736_3">
<fid>46353-11736-i-159</fid>
<lfSpanFr gml:id="K2_4635311736_3-1">
<gml:timePosition>2015-11-17</gml:timePosition>
</lfSpanFr>
<devDate gml:id="K2_4635311736_3-2">
<gml:timePosition>2024-06-07</gml:timePosition>
</devDate>
<orgGILvl>25000</orgGILvl>
<vis>表示</vis>
<pos>
<gml:Point gml:id="K2_4635311736_3-g" srsName="fguuid:jgd2011.bl">
<gml:pos>32.602885639 128.765049278</gml:pos>
</gml:Point>
</pos>
<type>標高点（測点）</type>
<alti>35</alti>
</ElevPt>
<ElevPt gml:id="K2_4635311739_1">
<fid>46353-11739-i-621</fid>
<lfSpanFr gml:id="K2_4635311739_1-1">
<gml:timePosition>2021-02-10</gml:timePosition>
</lfSpanFr>
<devDate gml:id="K2_4635311739_1-2">
<gml:timePosition>2024-06-07</gml:timePosition>
</devDate>
<orgGILvl>25000</orgGILvl>
<vis>非表示</vis>
<pos>
<gml:Point gml:id="K2_4635311739_1-g" srsName="fguuid:jgd2011.bl">
<gml:pos>32.608396389 128.765731389</gml:pos>
</gml:Point>
</pos>
<type>標高点（測点）</type>
<alti>84</alti>
</ElevPt>
<ElevPt gml:id="K2_4635311748_1">
<fid>46353-11748-i-477</fid>
<lfSpanFr gml:id="K2_4635311748_1-1">
<gml:timePosition>2021-02-10</gml:timePosition>
</lfSpanFr>
<devDate gml:id="K2_4635311748_1-2">
<gml:timePosition>2024-06-07</gml:timePosition>
</devDate>
<orgGILvl>25000</orgGILvl>
<vis>表示</vis>
<pos>
<gml:Point gml:id="K2_4635311748_1-g" srsName="fguuid:jgd2011.bl">
<gml:pos>32.636672500 128.766247222</gml:pos>
</gml:Point>
</pos>
<type>標高点（測点）</type>
<alti>77</alti>
</ElevPt>
<ElevPt gml:id="K2_4635311751_1">
<fid>46353-11751-i-48</fid>
<lfSpanFr gml:id="K2_4635311751_1-1">
<gml:timePosition>2021-02-10</gml:timePosition>
</lfSpanFr>
<devDate gml:id="K2_4635311751_1-2">
<gml:timePosition>2024-06-07</gml:timePosition>
</devDate>
<orgGILvl>25000</orgGILvl>
<vis>表示</vis>
<pos>
<gml:Point gml:id="K2_4635311751_1-g" srsName="fguuid:jgd2011.bl">
<gml:pos>32.644605278 128.765996667</gml:pos>
</gml:Point>
</pos>
<type>標高点（測点）</type>
<alti>186</alti>
</ElevPt>
<ElevPt gml:id="K2_4635311757_1">
<fid>46353-11757-i-50</fid>
<lfSpanFr gml:id="K2_4635311757_1-1">
<gml:timePosition>2015-11-17</gml:timePosition>
</lfSpanFr>
<devDate gml:id="K2_4635311757_1-2">
<gml:timePosition>2024-06-07</gml:timePosition>
</devDate>
<orgGILvl>25000</orgGILvl>
<vis>表示</vis>
<pos>
<gml:Point gml:id="K2_4635311757_1-g" srsName="fguuid:jgd2011.bl">
<gml:pos>32.664816389 128.765885833</gml:pos>
</gml:Point>
</pos>
<type>標高点（測点）</type>
<alti>244</alti>
</ElevPt>
<ElevPt gml:id="K2_4635611730_1">
<fid>46356-11730-i-448</fid>
<lfSpanFr gml:id="K2_4635611730_1-1">
<gml:timePosition>2021-02-10</gml:timePosition>
</lfSpanFr>
<devDate gml:id="K2_4635611730_1-2">
<gml:timePosition>2024-06-07</gml:timePosition>
</devDate>
<orgGILvl>25000</orgGILvl>
<vis>表示</vis>
<pos>
<gml:Point gml:id="K2_4635611730_1-g" srsName="fguuid:jgd2011.bl">
<gml:pos>32.584686389 128.773530833</gml:pos>
</gml:Point>
</pos>
<type>標高点（測点）</type>
<alti>25</alti>
</ElevPt>
<ElevPt gml:id="K2_4635611730_2">
<fid>46356-11730-i-449</fid>
<lfSpanFr gml:id="K2_4635611730_2-1">
<gml:timePosition>2021-02-10</gml:timePosition>
</lfSpanFr>
<devDate gml:id="K2_4635611730_2-2">
<gml:timePosition>2024-06-07</gml:timePosition>
</devDate>
<orgGILvl>25000</orgGILvl>
<vis>表示</vis>
<pos>
<gml:Point gml:id="K2_4635611730_2-g" srsName="fguuid:jgd2011.bl">
<gml:pos>32.590660278 128.773196667</gml:pos>
</gml:Point>
</pos>
<type>標高点（測点）</type>
<alti>29</alti>
</ElevPt>
<ElevPt gml:id="K2_4635611733_1">
<fid>46356-11733-i-199</fid>
<lfSpanFr gml:id="K2_4635611733_1-1">
<gml:timePosition>2015-11-17</gml:timePosition>
</lfSpanFr>
<devDate gml:id="K2_4635611733_1-2">
<gml:timePosition>2024-06-07</gml:timePosition>
</devDate>
<orgGILvl>25000</orgGILvl>
<vis>表示</vis>
<pos>
<gml:Point gml:id="K2_4635611733_1-g" srsName="fguuid:jgd2011.bl">
<gml:pos>32.596377500 128.769593889</gml:pos>
</gml:Point>
</pos>
<type>標高点（測点）</type>
<alti>25</alti>
</ElevPt>
<ElevPt gml:id="K2_4635611736_1">
<fid>46356-11736-i-125</fid>
<lfSpanFr gml:id="K2_4635611736_1-1">
<gml:timePosition>2015-11-17</gml:timePosition>
</lfSpanFr>
<devDate gml:id="K2_4635611736_1-2">
<gml:timePosition>2024-06-07</gml:timePosition>
</devDate>
<orgGILvl>25000</orgGILvl>
<vis>表示</vis>
<pos>
<gml:Point gml:id="K2_4635611736_1-g" srsName="fguuid:jgd2011.bl">
<gml:pos>32.605048056 128.773139167</gml:pos>
</gml:Point>
</pos>
<type>標高点（測点）</type>
<alti>23</alti>
</ElevPt>
<ElevPt gml:id="K2_4635911730_1">
<fid>46359-11730-i-124</fid>
<lfSpanFr gml:id="K2_4635911730_1-1">
<gml:timePosition>2015-11-17</gml:timePosition>
</lfSpanFr>
<devDate gml:id="K2_4635911730_1-2">
<gml:timePosition>2024-06-07</gml:timePosition>
</devDate>
<orgGILvl>25000</orgGILvl>
<vis>表示</vis>
<pos>
<gml:Point gml:id="K2_4635911730_1-g" srsName="fguuid:jgd2011.bl">
<gml:pos>32.589927500 128.780133611</gml:pos>
</gml:Point>
</pos>
<type>標高点（測点）</type>
<alti>8</alti>
</ElevPt>
<ElevPt gml:id="K2_4635911733_1">
<fid>46359-11733-i-336</fid>
<lfSpanFr gml:id="K2_4635911733_1-1">
<gml:timePosition>2021-02-10</gml:timePosition>
</lfSpanFr>
<devDate gml:id="K2_4635911733_1-2">
<gml:timePosition>2024-06-07</gml:timePosition>
</devDate>
<orgGILvl>25000</orgGILvl>
<vis>表示</vis>
<pos>
<gml:Point gml:id="K2_4635911733_1-g" srsName="fguuid:jgd2011.bl">
<gml:pos>32.598080000 128.778902778</gml:pos>
</gml:Point>
</pos>
<type>標高点（測点）</type>
<alti>16</alti>
</ElevPt>
<ElevPt gml:id="K2_4635911736_1">
<fid>46359-11736-i-169</fid>
<lfSpanFr gml:id="K2_4635911736_1-1">
<gml:timePosition>2015-11-17</gml:timePosition>
</lfSpanFr>
<devDate gml:id="K2_4635911736_1-2">
<gml:timePosition>2024-06-07</gml:timePosition>
</devDate>
<orgGILvl>25000</orgGILvl>
<vis>表示</vis>
<pos>
<gml:Point gml:id="K2_4635911736_1-g" srsName="fguuid:jgd2011.bl">
<gml:pos>32.604870833 128.779438333</gml:pos>
</gml:Point>
</pos>
<type>標高点（測点）</type>
<alti>20</alti>
</ElevPt>
<ElevPt gml:id="K2_4635911751_1">
<fid>46359-11751-i-37</fid>
<lfSpanFr gml:id="K2_4635911751_1-1">
<gml:timePosition>2015-11-17</gml:timePosition>
</lfSpanFr>
<devDate gml:id="K2_4635911751_1-2">
<gml:timePosition>2024-06-07</gml:timePosition>
</devDate>
<orgGILvl>25000</orgGILvl>
<vis>表示</vis>
<pos>
<gml:Point gml:id="K2_4635911751_1-g" srsName="fguuid:jgd2011.bl">
<gml:pos>32.647886667 128.776886389</gml:pos>
</gml:Point>
</pos>
<type>標高点（測点）</type>
<alti>111</alti>
</ElevPt>
<ElevPt gml:id="K2_4635911754_1">
<fid>46359-11754-i-33</fid>
<lfSpanFr gml:id="K2_4635911754_1-1">
<gml:timePosition>2015-11-17</gml:timePosition>
</lfSpanFr>
<devDate gml:id="K2_4635911754_1-2">
<gml:timePosition>2024-06-07</gml:timePosition>
</devDate>
<orgGILvl>25000</orgGILvl>
<vis>表示</vis>
<pos>
<gml:Point gml:id="K2_4635911754_1-g" srsName="fguuid:jgd2011.bl">
<gml:pos>32.656806389 128.778241667</gml:pos>
</gml:Point>
</pos>
<type>標高点（測点）</type>
<alti>188</alti>
</ElevPt>
<ElevPt gml:id="K2_4636211733_1">
<fid>46362-11733-i-152</fid>
<lfSpanFr gml:id="K2_4636211733_1-1">
<gml:timePosition>2015-11-17</gml:timePosition>
</lfSpanFr>
<devDate gml:id="K2_4636211733_1-2">
<gml:timePosition>2024-06-07</gml:timePosition>
</devDate>
<orgGILvl>25000</orgGILvl>
<vis>表示</vis>
<pos>
<gml:Point gml:id="K2_4636211733_1-g" srsName="fguuid:jgd2011.bl">
<gml:pos>32.593109167 128.788453889</gml:pos>
</gml:Point>
</pos>
<type>標高点（測点）</type>
<alti>8</alti>
</ElevPt>
<ElevPt gml:id="K2_4636211736_1">
<fid>46362-11736-i-320</fid>
<lfSpanFr gml:id="K2_4636211736_1-1">
<gml:timePosition>2021-02-10</gml:timePosition>
</lfSpanFr>
<devDate gml:id="K2_4636211736_1-2">
<gml:timePosition>2024-06-07</gml:timePosition>
</devDate>
<orgGILvl>25000</orgGILvl>
<vis>非表示</vis>
<pos>
<gml:Point gml:id="K2_4636211736_1-g" srsName="fguuid:jgd2011.bl">
<gml:pos>32.604230000 128.787072222</gml:pos>
</gml:Point>
</pos>
<type>標高点（測点）</type>
<alti>5</alti>
</ElevPt>
<ElevPt gml:id="K2_4636211757_1">
<fid>46362-11757-i-37</fid>
<lfSpanFr gml:id="K2_4636211757_1-1">
<gml:timePosition>2015-11-17</gml:timePosition>
</lfSpanFr>
<devDate gml:id="K2_4636211757_1-2">
<gml:timePosition>2024-06-07</gml:timePosition>
</devDate>
<orgGILvl>25000</orgGILvl>
<vis>表示</vis>
<pos>
<gml:Point gml:id="K2_4636211757_1-g" srsName="fguuid:jgd2011.bl">
<gml:pos>32.664839444 128.791294722</gml:pos>
</gml:Point>
</pos>
<type>標高点（測点）</type>
<alti>167</alti>
</ElevPt>
<ElevPt gml:id="K2_4636511748_1">
<fid>46365-11748-i-12</fid>
<lfSpanFr gml:id="K2_4636511748_1-1">
<gml:timePosition>2021-02-10</gml:timePosition>
</lfSpanFr>
<devDate gml:id="K2_4636511748_1-2">
<gml:timePosition>2024-06-07</gml:timePosition>
</devDate>
<orgGILvl>25000</orgGILvl>
<vis>表示</vis>
<pos>
<gml:Point gml:id="K2_4636511748_1-g" srsName="fguuid:jgd2011.bl">
<gml:pos>32.636771111 128.792496111</gml:pos>
</gml:Point>
</pos>
<type>標高点（測点）</type>
<alti>10</alti>
</ElevPt>
<ElevPt gml:id="K2_4636511754_1">
<fid>46365-11754-i-498</fid>
<lfSpanFr gml:id="K2_4636511754_1-1">
<gml:timePosition>2021-02-10</gml:timePosition>
</lfSpanFr>
<devDate gml:id="K2_4636511754_1-2">
<gml:timePosition>2024-06-07</gml:timePosition>
</devDate>
<orgGILvl>25000</orgGILvl>
<vis>表示</vis>
<pos>
<gml:Point gml:id="K2_4636511754_1-g" srsName="fguuid:jgd2011.bl">
<gml:pos>32.651478056 128.791956111</gml:pos>
</gml:Point>
</pos>
<type>標高点（測点）</type>
<alti>23</alti>
</ElevPt>
<ElevPt gml:id="K2_4636511757_1">
<fid>46365-11757-i-198</fid>
<lfSpanFr gml:id="K2_4636511757_1-1">
<gml:timePosition>2021-02-10</gml:timePosition>
</lfSpanFr>
<devDate gml:id="K2_4636511757_1-2">
<gml:timePosition>2024-06-07</gml:timePosition>
</devDate>
<orgGILvl>25000</orgGILvl>
<vis>表示</vis>
<pos>
<gml:Point gml:id="K2_4636511757_1-g" srsName="fguuid:jgd2011.bl">
<gml:pos>32.658920833 128.797101111</gml:pos>
</gml:Point>
</pos>
<type>標高点（測点）</type>
<alti>46</alti>
</ElevPt>
<ElevPt gml:id="K2_4636811754_1">
<fid>46368-11754-i-176</fid>
<lfSpanFr gml:id="K2_4636811754_1-1">
<gml:timePosition>2021-02-10</gml:timePosition>
</lfSpanFr>
<devDate gml:id="K2_4636811754_1-2">
<gml:timePosition>2024-06-07</gml:timePosition>
</devDate>
<orgGILvl>25000</orgGILvl>
<vis>表示</vis>
<pos>
<gml:Point gml:id="K2_4636811754_1-g" srsName="fguuid:jgd2011.bl">
<gml:pos>32.654926111 128.800673056</gml:pos>
</gml:Point>
</pos>
<type>標高点（測点）</type>
<alti>58</alti>
</ElevPt>
<ElevPt gml:id="K2_4636811757_1">
<fid>46368-11757-i-300</fid>
<lfSpanFr gml:id="K2_4636811757_1-1">
<gml:timePosition>2021-02-10</gml:timePosition>
</lfSpanFr>
<devDate gml:id="K2_4636811757_1-2">
<gml:timePosition>2024-06-07</gml:timePosition>
</devDate>
<orgGILvl>25000</orgGILvl>
<vis>表示</vis>
<pos>
<gml:Point gml:id="K2_4636811757_1-g" srsName="fguuid:jgd2011.bl">
<gml:pos>32.665513889 128.801093611</gml:pos>
</gml:Point>
</pos>
<type>標高点（測点）</type>
<alti>72</alti>
</ElevPt>
<ElevPt gml:id="K2_4637111751_1">
<fid>46371-11751-i-352</fid>
<lfSpanFr gml:id="K2_4637111751_1-1">
<gml:timePosition>2021-02-10</gml:timePosition>
</lfSpanFr>
<devDate gml:id="K2_4637111751_1-2">
<gml:timePosition>2024-06-07</gml:timePosition>
</devDate>
<orgGILvl>25000</orgGILvl>
<vis>表示</vis>
<pos>
<gml:Point gml:id="K2_4637111751_1-g" srsName="fguuid:jgd2011.bl">
<gml:pos>32.646794167 128.813313056</gml:pos>
</gml:Point>
</pos>
<type>標高点（測点）</type>
<alti>4</alti>
</ElevPt>
<ElevPt gml:id="K2_4637111754_1">
<fid>46371-11754-i-483</fid>
<lfSpanFr gml:id="K2_4637111754_1-1">
<gml:timePosition>2021-02-10</gml:timePosition>
</lfSpanFr>
<devDate gml:id="K2_4637111754_1-2">
<gml:timePosition>2024-06-07</gml:timePosition>
</devDate>
<orgGILvl>25000</orgGILvl>
<vis>表示</vis>
<pos>
<gml:Point gml:id="K2_4637111754_1-g" srsName="fguuid:jgd2011.bl">
<gml:pos>32.657745000 128.815290278</gml:pos>
</gml:Point>
</pos>
<type>標高点（測点）</type>
<alti>63</alti>
</ElevPt>
<ElevPt gml:id="K2_4637111754_2">
<fid>46371-11754-i-484</fid>
<lfSpanFr gml:id="K2_4637111754_2-1">
<gml:timePosition>2021-02-10</gml:timePosition>
</lfSpanFr>
<devDate gml:id="K2_4637111754_2-2">
<gml:timePosition>2024-06-07</gml:timePosition>
</devDate>
<orgGILvl>25000</orgGILvl>
<vis>表示</vis>
<pos>
<gml:Point gml:id="K2_4637111754_2-g" srsName="fguuid:jgd2011.bl">
<gml:pos>32.653468667 128.812047917</gml:pos>
</gml:Point>
</pos>
<type>標高点（測点）</type>
<alti>2</alti>
</ElevPt>
<ElevPt gml:id="K2_4637111757_1">
<fid>46371-11757-i-87</fid>
<lfSpanFr gml:id="K2_4637111757_1-1">
<gml:timePosition>2015-11-17</gml:timePosition>
</lfSpanFr>
<devDate gml:id="K2_4637111757_1-2">
<gml:timePosition>2024-06-07</gml:timePosition>
</devDate>
<orgGILvl>25000</orgGILvl>
<vis>表示</vis>
<pos>
<gml:Point gml:id="K2_4637111757_1-g" srsName="fguuid:jgd2011.bl">
<gml:pos>32.664012500 128.810131389</gml:pos>
</gml:Point>
</pos>
<type>標高点（測点）</type>
<alti>52</alti>
</ElevPt>
<ElevPt gml:id="K2_4637411748_1">
<fid>46374-11748-i-53</fid>
<lfSpanFr gml:id="K2_4637411748_1-1">
<gml:timePosition>2015-11-17</gml:timePosition>
</lfSpanFr>
<devDate gml:id="K2_4637411748_1-2">
<gml:timePosition>2024-06-07</gml:timePosition>
</devDate>
<orgGILvl>25000</orgGILvl>
<vis>表示</vis>
<pos>
<gml:Point gml:id="K2_4637411748_1-g" srsName="fguuid:jgd2011.bl">
<gml:pos>32.640535000 128.819949444</gml:pos>
</gml:Point>
</pos>
<type>標高点（測点）</type>
<alti>13</alti>
</ElevPt>
<ElevPt gml:id="K2_4637411751_1">
<fid>46374-11751-i-313</fid>
<lfSpanFr gml:id="K2_4637411751_1-1">
<gml:timePosition>2021-02-10</gml:timePosition>
</lfSpanFr>
<devDate gml:id="K2_4637411751_1-2">
<gml:timePosition>2024-06-07</gml:timePosition>
</devDate>
<orgGILvl>25000</orgGILvl>
<vis>表示</vis>
<pos>
<gml:Point gml:id="K2_4637411751_1-g" srsName="fguuid:jgd2011.bl">
<gml:pos>32.647863056 128.817988333</gml:pos>
</gml:Point>
</pos>
<type>標高点（測点）</type>
<alti>18</alti>
</ElevPt>
<ElevPt gml:id="K2_4637411754_1">
<fid>46374-11754-i-499</fid>
<lfSpanFr gml:id="K2_4637411754_1-1">
<gml:timePosition>2021-02-10</gml:timePosition>
</lfSpanFr>
<devDate gml:id="K2_4637411754_1-2">
<gml:timePosition>2024-06-07</gml:timePosition>
</devDate>
<orgGILvl>25000</orgGILvl>
<vis>表示</vis>
<pos>
<gml:Point gml:id="K2_4637411754_1-g" srsName="fguuid:jgd2011.bl">
<gml:pos>32.652126667 128.819279444</gml:pos>
</gml:Point>
</pos>
<type>標高点（測点）</type>
<alti>34</alti>
</ElevPt>
<ElevPt gml:id="K2_4637411757_1">
<fid>46374-11757-i-528</fid>
<lfSpanFr gml:id="K2_4637411757_1-1">
<gml:timePosition>2021-02-10</gml:timePosition>
</lfSpanFr>
<devDate gml:id="K2_4637411757_1-2">
<gml:timePosition>2024-06-07</gml:timePosition>
</devDate>
<orgGILvl>25000</orgGILvl>
<vis>表示</vis>
<pos>
<gml:Point gml:id="K2_4637411757_1-g" srsName="fguuid:jgd2011.bl">
<gml:pos>32.662378056 128.817652500</gml:pos>
</gml:Point>
</pos>
<type>標高点（測点）</type>
<alti>32</alti>
</ElevPt>
<ElevPt gml:id="K2_4637711736_1">
<fid>46377-11736-i-94</fid>
<lfSpanFr gml:id="K2_4637711736_1-1">
<gml:timePosition>2021-02-10</gml:timePosition>
</lfSpanFr>
<devDate gml:id="K2_4637711736_1-2">
<gml:timePosition>2024-06-07</gml:timePosition>
</devDate>
<orgGILvl>25000</orgGILvl>
<vis>表示</vis>
<pos>
<gml:Point gml:id="K2_4637711736_1-g" srsName="fguuid:jgd2011.bl">
<gml:pos>32.601439444 128.830116111</gml:pos>
</gml:Point>
</pos>
<type>標高点（測点）</type>
<alti>6</alti>
</ElevPt>
<ElevPt gml:id="K2_4637711754_1">
<fid>46377-11754-i-505</fid>
<lfSpanFr gml:id="K2_4637711754_1-1">
<gml:timePosition>2021-02-10</gml:timePosition>
</lfSpanFr>
<devDate gml:id="K2_4637711754_1-2">
<gml:timePosition>2024-06-07</gml:timePosition>
</devDate>
<orgGILvl>25000</orgGILvl>
<pos>
<gml:Point gml:id="K2_4637711754_1-g" srsName="fguuid:jgd2011.bl">
<gml:pos>32.652938611 128.827571111</gml:pos>
</gml:Point>
</pos>
<type>標高点（測点）</type>
<alti>43</alti>
</ElevPt>
<ElevPt gml:id="K2_4638011733_1">
<fid>46380-11733-i-35</fid>
<lfSpanFr gml:id="K2_4638011733_1-1">
<gml:timePosition>2021-02-10</gml:timePosition>
</lfSpanFr>
<devDate gml:id="K2_4638011733_1-2">
<gml:timePosition>2024-06-07</gml:timePosition>
</devDate>
<orgGILvl>25000</orgGILvl>
<vis>表示</vis>
<pos>
<gml:Point gml:id="K2_4638011733_1-g" srsName="fguuid:jgd2011.bl">
<gml:pos>32.596761389 128.837831389</gml:pos>
</gml:Point>
</pos>
<type>標高点（測点）</type>
<alti>35</alti>
</ElevPt>
<ElevPt gml:id="K2_4638011748_1">
<fid>46380-11748-i-134</fid>
<lfSpanFr gml:id="K2_4638011748_1-1">
<gml:timePosition>2021-02-10</gml:timePosition>
</lfSpanFr>
<devDate gml:id="K2_4638011748_1-2">
<gml:timePosition>2024-06-07</gml:timePosition>
</devDate>
<orgGILvl>25000</orgGILvl>
<vis>表示</vis>
<pos>
<gml:Point gml:id="K2_4638011748_1-g" srsName="fguuid:jgd2011.bl">
<gml:pos>32.640999444 128.833738056</gml:pos>
</gml:Point>
</pos>
<type>標高点（測点）</type>
<alti>24</alti>
</ElevPt>
<ElevPt gml:id="K2_4638011751_1">
<fid>46380-11751-i-149</fid>
<lfSpanFr gml:id="K2_4638011751_1-1">
<gml:timePosition>2015-11-17</gml:timePosition>
</lfSpanFr>
<devDate gml:id="K2_4638011751_1-2">
<gml:timePosition>2024-06-07</gml:timePosition>
</devDate>
<orgGILvl>25000</orgGILvl>
<vis>表示</vis>
<pos>
<gml:Point gml:id="K2_4638011751_1-g" srsName="fguuid:jgd2011.bl">
<gml:pos>32.641706944 128.839712222</gml:pos>
</gml:Point>
</pos>
<type>標高点（測点）</type>
<alti>21</alti>
</ElevPt>
<ElevPt gml:id="K2_4638011751_2">
<fid>46380-11751-i-150</fid>
<lfSpanFr gml:id="K2_4638011751_2-1">
<gml:timePosition>2015-11-17</gml:timePosition>
</lfSpanFr>
<devDate gml:id="K2_4638011751_2-2">
<gml:timePosition>2024-06-07</gml:timePosition>
</devDate>
<orgGILvl>25000</orgGILvl>
<vis>表示</vis>
<pos>
<gml:Point gml:id="K2_4638011751_2-g" srsName="fguuid:jgd2011.bl">
<gml:pos>32.647949722 128.834313889</gml:pos>
</gml:Point>
</pos>
<type>標高点（測点）</type>
<alti>41</alti>
</ElevPt>
<ElevPt gml:id="K2_4638011754_1">
<fid>46380-11754-i-345</fid>
<lfSpanFr gml:id="K2_4638011754_1-1">
<gml:timePosition>2021-02-10</gml:timePosition>
</lfSpanFr>
<devDate gml:id="K2_4638011754_1-2">
<gml:timePosition>2024-06-07</gml:timePosition>
</devDate>
<orgGILvl>25000</orgGILvl>
<vis>表示</vis>
<pos>
<gml:Point gml:id="K2_4638011754_1-g" srsName="fguuid:jgd2011.bl">
<gml:pos>32.656632222 128.837241944</gml:pos>
</gml:Point>
</pos>
<type>標高点（測点）</type>
<alti>93</alti>
</ElevPt>
<ElevPt gml:id="K2_4638311751_1">
<fid>46383-11751-i-131</fid>
<lfSpanFr gml:id="K2_4638311751_1-1">
<gml:timePosition>2015-11-17</gml:timePosition>
</lfSpanFr>
<devDate gml:id="K2_4638311751_1-2">
<gml:timePosition>2024-06-07</gml:timePosition>
</devDate>
<orgGILvl>25000</orgGILvl>
<vis>表示</vis>
<pos>
<gml:Point gml:id="K2_4638311751_1-g" srsName="fguuid:jgd2011.bl">
<gml:pos>32.649535000 128.848423611</gml:pos>
</gml:Point>
</pos>
<type>標高点（測点）</type>
<alti>87</alti>
</ElevPt>
<ElevPt gml:id="K2_4638311751_2">
<fid>46383-11751-i-132</fid>
<lfSpanFr gml:id="K2_4638311751_2-1">
<gml:timePosition>2015-11-17</gml:timePosition>
</lfSpanFr>
<devDate gml:id="K2_4638311751_2-2">
<gml:timePosition>2024-06-07</gml:timePosition>
</devDate>
<orgGILvl>25000</orgGILvl>
<vis>表示</vis>
<pos>
<gml:Point gml:id="K2_4638311751_2-g" srsName="fguuid:jgd2011.bl">
<gml:pos>32.644116389 128.849152222</gml:pos>
</gml:Point>
</pos>
<type>標高点（測点）</type>
<alti>33</alti>
</ElevPt>
<ElevPt gml:id="K2_4638311754_1">
<fid>46383-11754-i-159</fid>
<lfSpanFr gml:id="K2_4638311754_1-1">
<gml:timePosition>2021-02-10</gml:timePosition>
</lfSpanFr>
<devDate gml:id="K2_4638311754_1-2">
<gml:timePosition>2024-06-07</gml:timePosition>
</devDate>
<orgGILvl>25000</orgGILvl>
<vis>表示</vis>
<pos>
<gml:Point gml:id="K2_4638311754_1-g" srsName="fguuid:jgd2011.bl">
<gml:pos>32.656595278 128.848873889</gml:pos>
</gml:Point>
</pos>
<type>標高点（測点）</type>
<alti>315</alti>
</ElevPt>
<ElevPt gml:id="K2_4638311754_2">
<fid>46383-11754-i-160</fid>
<lfSpanFr gml:id="K2_4638311754_2-1">
<gml:timePosition>2021-02-10</gml:timePosition>
</lfSpanFr>
<devDate gml:id="K2_4638311754_2-2">
<gml:timePosition>2024-06-07</gml:timePosition>
</devDate>
<orgGILvl>25000</orgGILvl>
<vis>表示</vis>
<pos>
<gml:Point gml:id="K2_4638311754_2-g" srsName="fguuid:jgd2011.bl">
<gml:pos>32.650991944 128.843221944</gml:pos>
</gml:Point>
</pos>
<type>標高点（測点）</type>
<alti>112</alti>
</ElevPt>
<ElevPt gml:id="K2_4638311757_1">
<fid>46383-11757-i-111</fid>
<lfSpanFr gml:id="K2_4638311757_1-1">
<gml:timePosition>2015-11-17</gml:timePosition>
</lfSpanFr>
<devDate gml:id="K2_4638311757_1-2">
<gml:timePosition>2024-06-07</gml:timePosition>
</devDate>
<orgGILvl>25000</orgGILvl>
<vis>表示</vis>
<pos>
<gml:Point gml:id="K2_4638311757_1-g" srsName="fguuid:jgd2011.bl">
<gml:pos>32.663056111 128.843593333</gml:pos>
</gml:Point>
</pos>
<type>標高点（測点）</type>
<alti>170</alti>
</ElevPt>
<ElevPt gml:id="K2_4638611754_1">
<fid>46386-11754-i-214</fid>
<lfSpanFr gml:id="K2_4638611754_1-1">
<gml:timePosition>2017-06-15</gml:timePosition>
</lfSpanFr>
<devDate gml:id="K2_4638611754_1-2">
<gml:timePosition>2024-06-07</gml:timePosition>
</devDate>
<orgGILvl>25000</orgGILvl>
<pos>
<gml:Point gml:id="K2_4638611754_1-g" srsName="fguuid:jgd2011.bl">
<gml:pos>32.651089111 128.858143694</gml:pos>
</gml:Point>
</pos>
<type>標高点（測点）</type>
<alti>73</alti>
</ElevPt>
<ElevPt gml:id="K2_4638611757_1">
<fid>46386-11757-i-157</fid>
<lfSpanFr gml:id="K2_4638611757_1-1">
<gml:timePosition>2015-11-17</gml:timePosition>
</lfSpanFr>
<devDate gml:id="K2_4638611757_1-2">
<gml:timePosition>2024-06-07</gml:timePosition>
</devDate>
<orgGILvl>25000</orgGILvl>
<vis>表示</vis>
<pos>
<gml:Point gml:id="K2_4638611757_1-g" srsName="fguuid:jgd2011.bl">
<gml:pos>32.665290000 128.856307778</gml:pos>
</gml:Point>
</pos>
<type>標高点（測点）</type>
<alti>251</alti>
</ElevPt>
<ElevPt gml:id="K2_4638611757_2">
<fid>46386-11757-i-159</fid>
<lfSpanFr gml:id="K2_4638611757_2-1">
<gml:timePosition>2015-11-17</gml:timePosition>
</lfSpanFr>
<devDate gml:id="K2_4638611757_2-2">
<gml:timePosition>2024-06-07</gml:timePosition>
</devDate>
<orgGILvl>25000</orgGILvl>
<vis>非表示</vis>
<pos>
<gml:Point gml:id="K2_4638611757_2-g" srsName="fguuid:jgd2011.bl">
<gml:pos>32.663404167 128.850598611</gml:pos>
</gml:Point>
</pos>
<type>標高点（測点）</type>
<alti>238</alti>
</ElevPt>
<ElevPt gml:id="K2_4638611757_3">
<fid>46386-11757-i-247</fid>
<lfSpanFr gml:id="K2_4638611757_3-1">
<gml:timePosition>2017-06-15</gml:timePosition>
</lfSpanFr>
<devDate gml:id="K2_4638611757_3-2">
<gml:timePosition>2024-06-07</gml:timePosition>
</devDate>
<orgGILvl>25000</orgGILvl>
<vis>非表示</vis>
<pos>
<gml:Point gml:id="K2_4638611757_3-g" srsName="fguuid:jgd2011.bl">
<gml:pos>32.659394444 128.857016833</gml:pos>
</gml:Point>
</pos>
<type>標高点（測点）</type>
<alti>178</alti>
</ElevPt>
<ElevPt gml:id="K2_4638911751_1">
<fid>46389-11751-i-73</fid>
<lfSpanFr gml:id="K2_4638911751_1-1">
<gml:timePosition>2015-11-17</gml:timePosition>
</lfSpanFr>
<devDate gml:id="K2_4638911751_1-2">
<gml:timePosition>2024-06-07</gml:timePosition>
</devDate>
<orgGILvl>25000</orgGILvl>
<vis>表示</vis>
<pos>
<gml:Point gml:id="K2_4638911751_1-g" srsName="fguuid:jgd2011.bl">
<gml:pos>32.644910000 128.859308056</gml:pos>
</gml:Point>
</pos>
<type>標高点（測点）</type>
<alti>34</alti>
</ElevPt>
<ElevPt gml:id="K2_4638911754_1">
<fid>46389-11754-i-93</fid>
<lfSpanFr gml:id="K2_4638911754_1-1">
<gml:timePosition>2015-11-17</gml:timePosition>
</lfSpanFr>
<devDate gml:id="K2_4638911754_1-2">
<gml:timePosition>2024-06-07</gml:timePosition>
</devDate>
<orgGILvl>25000</orgGILvl>
<vis>表示</vis>
<pos>
<gml:Point gml:id="K2_4638911754_1-g" srsName="fguuid:jgd2011.bl">
<gml:pos>32.650819583 128.866154083</gml:pos>
</gml:Point>
</pos>
<type>標高点（測点）</type>
<alti>59</alti>
</ElevPt>
<ElevPt gml:id="K2_4639211751_1">
<fid>46392-11751-i-273</fid>
<lfSpanFr gml:id="K2_4639211751_1-1">
<gml:timePosition>2021-02-10</gml:timePosition>
</lfSpanFr>
<devDate gml:id="K2_4639211751_1-2">
<gml:timePosition>2024-06-07</gml:timePosition>
</devDate>
<orgGILvl>25000</orgGILvl>
<vis>表示</vis>
<pos>
<gml:Point gml:id="K2_4639211751_1-g" srsName="fguuid:jgd2011.bl">
<gml:pos>32.645038889 128.866728611</gml:pos>
</gml:Point>
</pos>
<type>標高点（測点）</type>
<alti>15</alti>
</ElevPt>
<ElevPt gml:id="K2_4639211751_2">
<fid>46392-11751-i-274</fid>
<lfSpanFr gml:id="K2_4639211751_2-1">
<gml:timePosition>2021-02-10</gml:timePosition>
</lfSpanFr>
<devDate gml:id="K2_4639211751_2-2">
<gml:timePosition>2024-06-07</gml:timePosition>
</devDate>
<orgGILvl>25000</orgGILvl>
<vis>表示</vis>
<pos>
<gml:Point gml:id="K2_4639211751_2-g" srsName="fguuid:jgd2011.bl">
<gml:pos>32.648957500 128.873320833</gml:pos>
</gml:Point>
</pos>
<type>標高点（測点）</type>
<alti>12</alti>
</ElevPt>
</Dataset>
