<?xml version="1.0" encoding="utf-8"?>
<Dataset xsi:schemaLocation="http://fgd.gsi.go.jp/spec/2008/FGD_GMLSchema FGD_GMLSchema.xsd"
	xmlns:gml="http://www.opengis.net/gml/3.2"
	xmlns:xsi="http://www.w3.org/2001/XMLSchema-instance"
	xmlns:xlink="http://www.w3.org/1999/xlink"
	xmlns="http://fgd.gsi.go.jp/spec/2008/FGD_GMLSchema"
	gml:id="Dataset1">
  <gml:description>基盤地図情報メタデータ ID=fmdid:25-0101</gml:description>
  <gml:name>基盤地図情報ダウンロードデータ（GML版）</gml:name>
<AdmPt gml:id="K6_4678511862_1">
<fid>46785-11862-i-740</fid>
<lfSpanFr gml:id="K6_4678511862_1-1">
<gml:timePosition>2020-12-08</gml:timePosition>
</lfSpanFr>
<devDate gml:id="K6_4678511862_1-2">
<gml:timePosition>2024-12-12</gml:timePosition>
</devDate>
<orgGILvl>25000</orgGILvl>
<vis>非表示</vis>
<pos>
<gml:Point gml:id="K6_4678511862_1-g" srsName="fguuid:jgd2011.bl">
<gml:pos>32.955847881 129.965991381</gml:pos>
</gml:Point>
</pos>
<type>郡市・東京都の区</type>
<name>大村市</name>
<admCode>42205</admCode>
</AdmPt>
<AdmPt gml:id="K6_4679111874_1">
<fid>46791-11874-i-390</fid>
<lfSpanFr gml:id="K6_4679111874_1-1">
<gml:timePosition>2020-12-08</gml:timePosition>
</lfSpanFr>
<devDate gml:id="K6_4679111874_1-2">
<gml:timePosition>2024-12-12</gml:timePosition>
</devDate>
<orgGILvl>25000</orgGILvl>
<vis>非表示</vis>
<pos>
<gml:Point gml:id="K6_4679111874_1-g" srsName="fguuid:jgd2011.bl">
<gml:pos>32.991565004 129.975038816</gml:pos>
</gml:Point>
</pos>
<type>町村・指定都市の区</type>
<name>東彼杵町</name>
<admCode>42321</admCode>
</AdmPt>
</Dataset>
