<?xml version="1.0" encoding="utf-8"?>
<Dataset xsi:schemaLocation="http://fgd.gsi.go.jp/spec/2008/FGD_GMLSchema FGD_GMLSchema.xsd"
	xmlns:gml="http://www.opengis.net/gml/3.2"
	xmlns:xsi="http://www.w3.org/2001/XMLSchema-instance"
	xmlns:xlink="http://www.w3.org/1999/xlink"
	xmlns="http://fgd.gsi.go.jp/spec/2008/FGD_GMLSchema"
	gml:id="Dataset1">
  <gml:description>基盤地図情報メタデータ ID=fmdid:25-0101</gml:description>
  <gml:name>基盤地図情報ダウンロードデータ（GML版）</gml:name>
<GCP gml:id="K1_492937_1">
<fid>10-00100-0-2412-134</fid>
<lfSpanFr gml:id="K1_492937_1-1">
<gml:timePosition>2024-12-03</gml:timePosition>
</lfSpanFr>
<devDate gml:id="K1_492937_1-2">
<gml:timePosition>2024-12-12</gml:timePosition>
</devDate>
<orgGILvl>KJ10</orgGILvl>
<vis>表示</vis>
<pos>
<gml:Point gml:id="K1_492937_1-g" srsName="fguuid:jgd2011.bl">
<gml:pos>32.945588306 129.989682778</gml:pos>
</gml:Point>
</pos>
<orgName>国土地理院</orgName>
<type>電子基準点</type>
<gcpClass>電子基準点</gcpClass>
<gcpCode>EL04929373903</gcpCode>
<name>大村</name>
<B>118604.1179</B>
<L>467962.858</L>
<alti>329.784</alti>
<altiAcc>3</altiAcc>
</GCP>
<GCP gml:id="K1_492937_2">
<fid>10-00100-0-2412-1438</fid>
<lfSpanFr gml:id="K1_492937_2-1">
<gml:timePosition>2024-12-03</gml:timePosition>
</lfSpanFr>
<devDate gml:id="K1_492937_2-2">
<gml:timePosition>2024-12-12</gml:timePosition>
</devDate>
<orgGILvl>KJ10</orgGILvl>
<vis>表示</vis>
<pos>
<gml:Point gml:id="K1_492937_2-g" srsName="fguuid:jgd2011.bl">
<gml:pos>32.945588750 129.989688611</gml:pos>
</gml:Point>
</pos>
<orgName>国土地理院</orgName>
<type>電子基準点</type>
<gcpClass>電子基準点</gcpClass>
<gcpCode>EL14929373902</gcpCode>
<name>大村（付）</name>
<B>118604.1195</B>
<L>467962.879</L>
<alti>324.744</alti>
<altiAcc>3</altiAcc>
</GCP>
<GCP gml:id="K1_492937_3">
<fid>10-00100-0-2412-5821</fid>
<lfSpanFr gml:id="K1_492937_3-1">
<gml:timePosition>2024-12-03</gml:timePosition>
</lfSpanFr>
<devDate gml:id="K1_492937_3-2">
<gml:timePosition>2024-12-12</gml:timePosition>
</devDate>
<orgGILvl>SJ11</orgGILvl>
<vis>表示</vis>
<pos>
<gml:Point gml:id="K1_492937_3-g" srsName="fguuid:jgd2011.bl">
<gml:pos>32.994358778 129.948695417</gml:pos>
</gml:Point>
</pos>
<orgName>国土地理院</orgName>
<type>水準点</type>
<gcpClass>一等水準点</gcpClass>
<gcpCode>L010000003291</gcpCode>
<name>３２９１</name>
<B>118779.6916</B>
<L>467815.3035</L>
<alti>18.9909</alti>
<altiAcc>4</altiAcc>
</GCP>
<GCP gml:id="K1_492937_4">
<fid>10-00100-0-2412-5822</fid>
<lfSpanFr gml:id="K1_492937_4-1">
<gml:timePosition>2024-12-03</gml:timePosition>
</lfSpanFr>
<devDate gml:id="K1_492937_4-2">
<gml:timePosition>2024-12-12</gml:timePosition>
</devDate>
<orgGILvl>SJ11</orgGILvl>
<vis>表示</vis>
<pos>
<gml:Point gml:id="K1_492937_4-g" srsName="fguuid:jgd2011.bl">
<gml:pos>32.982077222 129.946566722</gml:pos>
</gml:Point>
</pos>
<orgName>国土地理院</orgName>
<type>水準点</type>
<gcpClass>一等水準点</gcpClass>
<gcpCode>L010000003292</gcpCode>
<name>３２９２</name>
<B>118735.478</B>
<L>467807.6402</L>
<alti>4.273</alti>
<altiAcc>4</altiAcc>
</GCP>
<GCP gml:id="K1_492937_5">
<fid>10-00100-0-2412-5823</fid>
<lfSpanFr gml:id="K1_492937_5-1">
<gml:timePosition>2024-12-03</gml:timePosition>
</lfSpanFr>
<devDate gml:id="K1_492937_5-2">
<gml:timePosition>2024-12-12</gml:timePosition>
</devDate>
<orgGILvl>SJ11</orgGILvl>
<vis>表示</vis>
<pos>
<gml:Point gml:id="K1_492937_5-g" srsName="fguuid:jgd2011.bl">
<gml:pos>32.963423722 129.942690028</gml:pos>
</gml:Point>
</pos>
<orgName>国土地理院</orgName>
<type>水準点</type>
<gcpClass>一等水準点</gcpClass>
<gcpCode>L010000003293</gcpCode>
<name>３２９３</name>
<B>118668.3254</B>
<L>467793.6841</L>
<alti>5.3362</alti>
<altiAcc>4</altiAcc>
</GCP>
<GCP gml:id="K1_492937_6">
<fid>10-00100-0-2412-5824</fid>
<lfSpanFr gml:id="K1_492937_6-1">
<gml:timePosition>2024-12-03</gml:timePosition>
</lfSpanFr>
<devDate gml:id="K1_492937_6-2">
<gml:timePosition>2024-12-12</gml:timePosition>
</devDate>
<orgGILvl>SJ11</orgGILvl>
<vis>表示</vis>
<pos>
<gml:Point gml:id="K1_492937_6-g" srsName="fguuid:jgd2011.bl">
<gml:pos>32.945728167 129.945784583</gml:pos>
</gml:Point>
</pos>
<orgName>国土地理院</orgName>
<type>水準点</type>
<gcpClass>一等水準点</gcpClass>
<gcpCode>L010000003294</gcpCode>
<name>３２９４</name>
<B>118604.6214</B>
<L>467804.8245</L>
<alti>18.7585</alti>
<altiAcc>4</altiAcc>
</GCP>
<GCP gml:id="K1_492937_7">
<fid>10-00100-0-2412-5825</fid>
<lfSpanFr gml:id="K1_492937_7-1">
<gml:timePosition>2024-12-03</gml:timePosition>
</lfSpanFr>
<devDate gml:id="K1_492937_7-2">
<gml:timePosition>2024-12-12</gml:timePosition>
</devDate>
<orgGILvl>SJ11</orgGILvl>
<vis>表示</vis>
<pos>
<gml:Point gml:id="K1_492937_7-g" srsName="fguuid:jgd2011.bl">
<gml:pos>32.928092361 129.951485722</gml:pos>
</gml:Point>
</pos>
<orgName>国土地理院</orgName>
<type>水準点</type>
<gcpClass>一等水準点</gcpClass>
<gcpCode>L010000003295</gcpCode>
<name>３２９５</name>
<B>118541.1325</B>
<L>467825.3486</L>
<alti>19.4238</alti>
<altiAcc>4</altiAcc>
</GCP>
<GCP gml:id="K1_492937_8">
<fid>10-00100-0-2412-18682</fid>
<lfSpanFr gml:id="K1_492937_8-1">
<gml:timePosition>2024-12-03</gml:timePosition>
</lfSpanFr>
<devDate gml:id="K1_492937_8-2">
<gml:timePosition>2024-12-12</gml:timePosition>
</devDate>
<orgGILvl>SJ11</orgGILvl>
<vis>表示</vis>
<pos>
<gml:Point gml:id="K1_492937_8-g" srsName="fguuid:jgd2011.bl">
<gml:pos>32.949733833 129.945132694</gml:pos>
</gml:Point>
</pos>
<orgName>国土地理院</orgName>
<type>水準点</type>
<gcpClass>一等水準点</gcpClass>
<gcpCode>L050000002268</gcpCode>
<name>準基２２６８</name>
<B>118619.0418</B>
<L>467802.4777</L>
<alti>16.0718</alti>
<altiAcc>4</altiAcc>
</GCP>
<GCP gml:id="K1_492937_9">
<fid>10-00100-0-2412-19876</fid>
<lfSpanFr gml:id="K1_492937_9-1">
<gml:timePosition>2024-12-03</gml:timePosition>
</lfSpanFr>
<devDate gml:id="K1_492937_9-2">
<gml:timePosition>2024-12-12</gml:timePosition>
</devDate>
<orgGILvl>SJ12</orgGILvl>
<vis>表示</vis>
<pos>
<gml:Point gml:id="K1_492937_9-g" srsName="fguuid:jgd2011.bl">
<gml:pos>32.945588750 129.989688611</gml:pos>
</gml:Point>
</pos>
<orgName>国土地理院</orgName>
<type>水準点</type>
<gcpClass>二等水準点</gcpClass>
<gcpCode>L0E000960772A</gcpCode>
<name>９６０７７２Ａ</name>
<B>118604.1195</B>
<L>467962.879</L>
<alti>324.744</alti>
<altiAcc>3</altiAcc>
</GCP>
<GCP gml:id="K1_492937_10">
<fid>10-00100-0-2412-21695</fid>
<lfSpanFr gml:id="K1_492937_10-1">
<gml:timePosition>2024-12-03</gml:timePosition>
</lfSpanFr>
<devDate gml:id="K1_492937_10-2">
<gml:timePosition>2024-12-12</gml:timePosition>
</devDate>
<orgGILvl>KJ12</orgGILvl>
<vis>表示</vis>
<pos>
<gml:Point gml:id="K1_492937_10-g" srsName="fguuid:jgd2011.bl">
<gml:pos>32.965995583 129.933539833</gml:pos>
</gml:Point>
</pos>
<orgName>国土地理院</orgName>
<type>三角点</type>
<gcpClass>二等三角点</gcpClass>
<gcpCode>TR24929375401</gcpCode>
<name>中嶋</name>
<B>118677.5841</B>
<L>467760.7434</L>
<alti>3.28</alti>
<altiAcc>2</altiAcc>
</GCP>
<GCP gml:id="K1_492937_11">
<fid>10-00100-0-2412-28303</fid>
<lfSpanFr gml:id="K1_492937_11-1">
<gml:timePosition>2024-12-03</gml:timePosition>
</lfSpanFr>
<devDate gml:id="K1_492937_11-2">
<gml:timePosition>2024-12-12</gml:timePosition>
</devDate>
<orgGILvl>KJ13</orgGILvl>
<vis>表示</vis>
<pos>
<gml:Point gml:id="K1_492937_11-g" srsName="fguuid:jgd2011.bl">
<gml:pos>32.947021722 129.990075278</gml:pos>
</gml:Point>
</pos>
<orgName>国土地理院</orgName>
<type>三角点</type>
<gcpClass>三等三角点</gcpClass>
<gcpCode>TR34929373901</gcpCode>
<name>琴平山</name>
<B>118609.2782</B>
<L>467964.271</L>
<alti>334.16</alti>
<altiAcc>2</altiAcc>
</GCP>
<GCP gml:id="K1_492937_12">
<fid>10-00100-0-2412-28304</fid>
<lfSpanFr gml:id="K1_492937_12-1">
<gml:timePosition>2024-12-03</gml:timePosition>
</lfSpanFr>
<devDate gml:id="K1_492937_12-2">
<gml:timePosition>2024-12-12</gml:timePosition>
</devDate>
<orgGILvl>KJ13</orgGILvl>
<vis>表示</vis>
<pos>
<gml:Point gml:id="K1_492937_12-g" srsName="fguuid:jgd2011.bl">
<gml:pos>32.961604722 129.983217444</gml:pos>
</gml:Point>
</pos>
<orgName>国土地理院</orgName>
<type>三角点</type>
<gcpClass>三等三角点</gcpClass>
<gcpCode>TR34929375801</gcpCode>
<name>大樫</name>
<B>118661.777</B>
<L>467939.5828</L>
<alti>269.77</alti>
<altiAcc>2</altiAcc>
</GCP>
<GCP gml:id="K1_492937_13">
<fid>10-00100-0-2412-28305</fid>
<lfSpanFr gml:id="K1_492937_13-1">
<gml:timePosition>2024-12-03</gml:timePosition>
</lfSpanFr>
<devDate gml:id="K1_492937_13-2">
<gml:timePosition>2024-12-12</gml:timePosition>
</devDate>
<orgGILvl>KJ13</orgGILvl>
<vis>表示</vis>
<pos>
<gml:Point gml:id="K1_492937_13-g" srsName="fguuid:jgd2011.bl">
<gml:pos>32.976950222 129.972038889</gml:pos>
</gml:Point>
</pos>
<orgName>国土地理院</orgName>
<type>三角点</type>
<gcpClass>三等三角点</gcpClass>
<gcpCode>TR34929377701</gcpCode>
<name>鉢巻山</name>
<B>118717.0208</B>
<L>467899.34</L>
<alti>334.5</alti>
<altiAcc>2</altiAcc>
</GCP>
<GCP gml:id="K1_492937_14">
<fid>10-00100-0-2412-64362</fid>
<lfSpanFr gml:id="K1_492937_14-1">
<gml:timePosition>2024-12-03</gml:timePosition>
</lfSpanFr>
<devDate gml:id="K1_492937_14-2">
<gml:timePosition>2024-12-12</gml:timePosition>
</devDate>
<orgGILvl>KJ14</orgGILvl>
<vis>表示</vis>
<pos>
<gml:Point gml:id="K1_492937_14-g" srsName="fguuid:jgd2011.bl">
<gml:pos>32.923729944 129.935454639</gml:pos>
</gml:Point>
</pos>
<orgName>国土地理院</orgName>
<type>三角点</type>
<gcpClass>四等三角点</gcpClass>
<gcpCode>TR44929370401</gcpCode>
<name>飛行場</name>
<B>118525.4278</B>
<L>467767.6367</L>
<alti>3.4</alti>
<altiAcc>2</altiAcc>
</GCP>
<GCP gml:id="K1_492937_15">
<fid>10-00100-0-2412-64363</fid>
<lfSpanFr gml:id="K1_492937_15-1">
<gml:timePosition>2024-12-03</gml:timePosition>
</lfSpanFr>
<devDate gml:id="K1_492937_15-2">
<gml:timePosition>2024-12-12</gml:timePosition>
</devDate>
<orgGILvl>KJ14</orgGILvl>
<vis>表示</vis>
<pos>
<gml:Point gml:id="K1_492937_15-g" srsName="fguuid:jgd2011.bl">
<gml:pos>32.923171389 129.970892167</gml:pos>
</gml:Point>
</pos>
<orgName>国土地理院</orgName>
<type>三角点</type>
<gcpClass>四等三角点</gcpClass>
<gcpCode>TR44929370701</gcpCode>
<name>諏訪</name>
<B>118523.417</B>
<L>467895.2118</L>
<alti>73.01</alti>
<altiAcc>2</altiAcc>
</GCP>
<GCP gml:id="K1_492937_16">
<fid>10-00100-0-2412-64364</fid>
<lfSpanFr gml:id="K1_492937_16-1">
<gml:timePosition>2024-12-03</gml:timePosition>
</lfSpanFr>
<devDate gml:id="K1_492937_16-2">
<gml:timePosition>2024-12-12</gml:timePosition>
</devDate>
<orgGILvl>KJ14</orgGILvl>
<vis>表示</vis>
<pos>
<gml:Point gml:id="K1_492937_16-g" srsName="fguuid:jgd2011.bl">
<gml:pos>32.923229944 129.986593917</gml:pos>
</gml:Point>
</pos>
<orgName>国土地理院</orgName>
<type>三角点</type>
<gcpClass>四等三角点</gcpClass>
<gcpCode>TR44929370801</gcpCode>
<name>荒平</name>
<B>118523.6278</B>
<L>467951.7381</L>
<alti>171.37</alti>
<altiAcc>2</altiAcc>
</GCP>
<GCP gml:id="K1_492937_17">
<fid>10-00100-0-2412-64365</fid>
<lfSpanFr gml:id="K1_492937_17-1">
<gml:timePosition>2024-12-03</gml:timePosition>
</lfSpanFr>
<devDate gml:id="K1_492937_17-2">
<gml:timePosition>2024-12-12</gml:timePosition>
</devDate>
<orgGILvl>KJ14</orgGILvl>
<vis>表示</vis>
<pos>
<gml:Point gml:id="K1_492937_17-g" srsName="fguuid:jgd2011.bl">
<gml:pos>32.924526028 129.997710806</gml:pos>
</gml:Point>
</pos>
<orgName>国土地理院</orgName>
<type>三角点</type>
<gcpClass>四等三角点</gcpClass>
<gcpCode>TR44929370901</gcpCode>
<name>古田</name>
<B>118528.2937</B>
<L>467991.7589</L>
<alti>245.93</alti>
<altiAcc>2</altiAcc>
</GCP>
<GCP gml:id="K1_492937_18">
<fid>10-00100-0-2412-64366</fid>
<lfSpanFr gml:id="K1_492937_18-1">
<gml:timePosition>2024-12-03</gml:timePosition>
</lfSpanFr>
<devDate gml:id="K1_492937_18-2">
<gml:timePosition>2024-12-12</gml:timePosition>
</devDate>
<orgGILvl>KJ14</orgGILvl>
<vis>表示</vis>
<pos>
<gml:Point gml:id="K1_492937_18-g" srsName="fguuid:jgd2011.bl">
<gml:pos>32.929068361 129.903982361</gml:pos>
</gml:Point>
</pos>
<orgName>国土地理院</orgName>
<type>三角点</type>
<gcpClass>四等三角点</gcpClass>
<gcpCode>TR44929371201</gcpCode>
<name>長崎空港</name>
<B>118544.6461</B>
<L>467654.3365</L>
<alti>2.85</alti>
<altiAcc>2</altiAcc>
</GCP>
<GCP gml:id="K1_492937_19">
<fid>10-00100-0-2412-64367</fid>
<lfSpanFr gml:id="K1_492937_19-1">
<gml:timePosition>2024-12-03</gml:timePosition>
</lfSpanFr>
<devDate gml:id="K1_492937_19-2">
<gml:timePosition>2024-12-12</gml:timePosition>
</devDate>
<orgGILvl>KJ14</orgGILvl>
<vis>表示</vis>
<pos>
<gml:Point gml:id="K1_492937_19-g" srsName="fguuid:jgd2011.bl">
<gml:pos>32.935792194 129.934372056</gml:pos>
</gml:Point>
</pos>
<orgName>国土地理院</orgName>
<type>三角点</type>
<gcpClass>四等三角点</gcpClass>
<gcpCode>TR44929372401</gcpCode>
<name>今津</name>
<B>118568.8519</B>
<L>467763.7394</L>
<alti>6.2</alti>
<altiAcc>2</altiAcc>
</GCP>
<GCP gml:id="K1_492937_20">
<fid>10-00100-0-2412-64368</fid>
<lfSpanFr gml:id="K1_492937_20-1">
<gml:timePosition>2024-12-03</gml:timePosition>
</lfSpanFr>
<devDate gml:id="K1_492937_20-2">
<gml:timePosition>2024-12-12</gml:timePosition>
</devDate>
<orgGILvl>KJ14</orgGILvl>
<vis>表示</vis>
<pos>
<gml:Point gml:id="K1_492937_20-g" srsName="fguuid:jgd2011.bl">
<gml:pos>32.937774333 129.966625778</gml:pos>
</gml:Point>
</pos>
<orgName>国土地理院</orgName>
<type>三角点</type>
<gcpClass>四等三角点</gcpClass>
<gcpCode>TR44929372701</gcpCode>
<name>坂口浄水場</name>
<B>118575.9876</B>
<L>467879.8528</L>
<alti>79.79</alti>
<altiAcc>2</altiAcc>
</GCP>
<GCP gml:id="K1_492937_21">
<fid>10-00100-0-2412-64369</fid>
<lfSpanFr gml:id="K1_492937_21-1">
<gml:timePosition>2024-12-03</gml:timePosition>
</lfSpanFr>
<devDate gml:id="K1_492937_21-2">
<gml:timePosition>2024-12-12</gml:timePosition>
</devDate>
<orgGILvl>KJ14</orgGILvl>
<vis>表示</vis>
<pos>
<gml:Point gml:id="K1_492937_21-g" srsName="fguuid:jgd2011.bl">
<gml:pos>32.934066111 129.982410556</gml:pos>
</gml:Point>
</pos>
<orgName>国土地理院</orgName>
<type>三角点</type>
<gcpClass>四等三角点</gcpClass>
<gcpCode>TR44929372801</gcpCode>
<name>雄ケ原</name>
<B>118562.638</B>
<L>467936.678</L>
<alti>222.4</alti>
<altiAcc>2</altiAcc>
</GCP>
<GCP gml:id="K1_492937_22">
<fid>10-00100-0-2412-64370</fid>
<lfSpanFr gml:id="K1_492937_22-1">
<gml:timePosition>2024-12-03</gml:timePosition>
</lfSpanFr>
<devDate gml:id="K1_492937_22-2">
<gml:timePosition>2024-12-12</gml:timePosition>
</devDate>
<orgGILvl>KJ14</orgGILvl>
<vis>表示</vis>
<pos>
<gml:Point gml:id="K1_492937_22-g" srsName="fguuid:jgd2011.bl">
<gml:pos>32.946521333 129.957025917</gml:pos>
</gml:Point>
</pos>
<orgName>国土地理院</orgName>
<type>三角点</type>
<gcpClass>四等三角点</gcpClass>
<gcpCode>TR44929373601</gcpCode>
<name>葛城池</name>
<B>118607.4768</B>
<L>467845.2933</L>
<alti>38.14</alti>
<altiAcc>2</altiAcc>
</GCP>
<GCP gml:id="K1_492937_23">
<fid>10-00100-0-2412-64371</fid>
<lfSpanFr gml:id="K1_492937_23-1">
<gml:timePosition>2024-12-03</gml:timePosition>
</lfSpanFr>
<devDate gml:id="K1_492937_23-2">
<gml:timePosition>2024-12-12</gml:timePosition>
</devDate>
<orgGILvl>KJ14</orgGILvl>
<vis>表示</vis>
<pos>
<gml:Point gml:id="K1_492937_23-g" srsName="fguuid:jgd2011.bl">
<gml:pos>32.947354500 129.971646806</gml:pos>
</gml:Point>
</pos>
<orgName>国土地理院</orgName>
<type>三角点</type>
<gcpClass>四等三角点</gcpClass>
<gcpCode>TR44929373701</gcpCode>
<name>岸道</name>
<B>118610.4762</B>
<L>467897.9285</L>
<alti>145.95</alti>
<altiAcc>2</altiAcc>
</GCP>
<GCP gml:id="K1_492937_24">
<fid>10-00100-0-2412-64372</fid>
<lfSpanFr gml:id="K1_492937_24-1">
<gml:timePosition>2024-12-03</gml:timePosition>
</lfSpanFr>
<devDate gml:id="K1_492937_24-2">
<gml:timePosition>2024-12-12</gml:timePosition>
</devDate>
<orgGILvl>KJ14</orgGILvl>
<vis>表示</vis>
<pos>
<gml:Point gml:id="K1_492937_24-g" srsName="fguuid:jgd2011.bl">
<gml:pos>32.952330528 129.931426306</gml:pos>
</gml:Point>
</pos>
<orgName>国土地理院</orgName>
<type>三角点</type>
<gcpClass>四等三角点</gcpClass>
<gcpCode>TR44929374401</gcpCode>
<name>黒丸</name>
<B>118628.3899</B>
<L>467753.1347</L>
<alti>1.6</alti>
<altiAcc>2</altiAcc>
</GCP>
<GCP gml:id="K1_492937_25">
<fid>10-00100-0-2412-64373</fid>
<lfSpanFr gml:id="K1_492937_25-1">
<gml:timePosition>2024-12-03</gml:timePosition>
</lfSpanFr>
<devDate gml:id="K1_492937_25-2">
<gml:timePosition>2024-12-12</gml:timePosition>
</devDate>
<orgGILvl>KJ14</orgGILvl>
<vis>表示</vis>
<pos>
<gml:Point gml:id="K1_492937_25-g" srsName="fguuid:jgd2011.bl">
<gml:pos>32.957960194 129.956325000</gml:pos>
</gml:Point>
</pos>
<orgName>国土地理院</orgName>
<type>三角点</type>
<gcpClass>四等三角点</gcpClass>
<gcpCode>TR44929374601</gcpCode>
<name>鳥越</name>
<B>118648.6567</B>
<L>467842.77</L>
<alti>56.76</alti>
<altiAcc>2</altiAcc>
</GCP>
<GCP gml:id="K1_492937_26">
<fid>10-00100-0-2412-64374</fid>
<lfSpanFr gml:id="K1_492937_26-1">
<gml:timePosition>2024-12-03</gml:timePosition>
</lfSpanFr>
<devDate gml:id="K1_492937_26-2">
<gml:timePosition>2024-12-12</gml:timePosition>
</devDate>
<orgGILvl>KJ14</orgGILvl>
<vis>表示</vis>
<pos>
<gml:Point gml:id="K1_492937_26-g" srsName="fguuid:jgd2011.bl">
<gml:pos>32.954953500 129.993750417</gml:pos>
</gml:Point>
</pos>
<orgName>国土地理院</orgName>
<type>三角点</type>
<gcpClass>四等三角点</gcpClass>
<gcpCode>TR44929374901</gcpCode>
<name>宮代郷</name>
<B>118637.8326</B>
<L>467977.5015</L>
<alti>180.78</alti>
<altiAcc>2</altiAcc>
</GCP>
<GCP gml:id="K1_492937_27">
<fid>10-00100-0-2412-64375</fid>
<lfSpanFr gml:id="K1_492937_27-1">
<gml:timePosition>2024-12-03</gml:timePosition>
</lfSpanFr>
<devDate gml:id="K1_492937_27-2">
<gml:timePosition>2024-12-12</gml:timePosition>
</devDate>
<orgGILvl>KJ14</orgGILvl>
<vis>表示</vis>
<pos>
<gml:Point gml:id="K1_492937_27-g" srsName="fguuid:jgd2011.bl">
<gml:pos>32.959262306 129.968920500</gml:pos>
</gml:Point>
</pos>
<orgName>国土地理院</orgName>
<type>三角点</type>
<gcpClass>四等三角点</gcpClass>
<gcpCode>TR44929375701</gcpCode>
<name>野田郷</name>
<B>118653.3443</B>
<L>467888.1138</L>
<alti>114.09</alti>
<altiAcc>2</altiAcc>
</GCP>
<GCP gml:id="K1_492937_28">
<fid>10-00100-0-2412-64376</fid>
<lfSpanFr gml:id="K1_492937_28-1">
<gml:timePosition>2024-12-03</gml:timePosition>
</lfSpanFr>
<devDate gml:id="K1_492937_28-2">
<gml:timePosition>2024-12-12</gml:timePosition>
</devDate>
<orgGILvl>KJ14</orgGILvl>
<vis>表示</vis>
<pos>
<gml:Point gml:id="K1_492937_28-g" srsName="fguuid:jgd2011.bl">
<gml:pos>32.976420889 129.993524556</gml:pos>
</gml:Point>
</pos>
<orgName>国土地理院</orgName>
<type>三角点</type>
<gcpClass>四等三角点</gcpClass>
<gcpCode>TR44929377901</gcpCode>
<name>平原</name>
<B>118715.1152</B>
<L>467976.6884</L>
<alti>339.05</alti>
<altiAcc>2</altiAcc>
</GCP>
<GCP gml:id="K1_492937_29">
<fid>10-00100-0-2412-64377</fid>
<lfSpanFr gml:id="K1_492937_29-1">
<gml:timePosition>2024-12-03</gml:timePosition>
</lfSpanFr>
<devDate gml:id="K1_492937_29-2">
<gml:timePosition>2024-12-12</gml:timePosition>
</devDate>
<orgGILvl>KJ14</orgGILvl>
<vis>表示</vis>
<pos>
<gml:Point gml:id="K1_492937_29-g" srsName="fguuid:jgd2011.bl">
<gml:pos>32.986812306 129.964624694</gml:pos>
</gml:Point>
</pos>
<orgName>国土地理院</orgName>
<type>三角点</type>
<gcpClass>四等三角点</gcpClass>
<gcpCode>TR44929378701</gcpCode>
<name>武留路山</name>
<B>118752.5243</B>
<L>467872.6489</L>
<alti>341.28</alti>
<altiAcc>2</altiAcc>
</GCP>
<GCP gml:id="K1_492937_30">
<fid>10-00100-0-2412-64378</fid>
<lfSpanFr gml:id="K1_492937_30-1">
<gml:timePosition>2024-12-03</gml:timePosition>
</lfSpanFr>
<devDate gml:id="K1_492937_30-2">
<gml:timePosition>2024-12-12</gml:timePosition>
</devDate>
<orgGILvl>KJ14</orgGILvl>
<vis>表示</vis>
<pos>
<gml:Point gml:id="K1_492937_30-g" srsName="fguuid:jgd2011.bl">
<gml:pos>32.987525556 129.977750000</gml:pos>
</gml:Point>
</pos>
<orgName>国土地理院</orgName>
<type>三角点</type>
<gcpClass>四等三角点</gcpClass>
<gcpCode>TR44929378801</gcpCode>
<name>飯盛山</name>
<B>118755.092</B>
<L>467919.9</L>
<alti>335.14</alti>
<altiAcc>2</altiAcc>
</GCP>
<GCP gml:id="K1_492937_31">
<fid>10-00100-0-2412-64379</fid>
<lfSpanFr gml:id="K1_492937_31-1">
<gml:timePosition>2024-12-03</gml:timePosition>
</lfSpanFr>
<devDate gml:id="K1_492937_31-2">
<gml:timePosition>2024-12-12</gml:timePosition>
</devDate>
<orgGILvl>KJ14</orgGILvl>
<vis>表示</vis>
<pos>
<gml:Point gml:id="K1_492937_31-g" srsName="fguuid:jgd2011.bl">
<gml:pos>32.997740944 129.988759556</gml:pos>
</gml:Point>
</pos>
<orgName>国土地理院</orgName>
<type>三角点</type>
<gcpClass>四等三角点</gcpClass>
<gcpCode>TR44929379901</gcpCode>
<name>倉坂</name>
<B>118791.8674</B>
<L>467959.5344</L>
<alti>391.29</alti>
<altiAcc>2</altiAcc>
</GCP>
</Dataset>
