<?xml version="1.0" encoding="utf-8"?>
<Dataset xsi:schemaLocation="http://fgd.gsi.go.jp/spec/2008/FGD_GMLSchema FGD_GMLSchema.xsd"
	xmlns:gml="http://www.opengis.net/gml/3.2"
	xmlns:xsi="http://www.w3.org/2001/XMLSchema-instance"
	xmlns:xlink="http://www.w3.org/1999/xlink"
	xmlns="http://fgd.gsi.go.jp/spec/2008/FGD_GMLSchema"
	gml:id="Dataset1">
  <gml:description>基盤地図情報メタデータ ID=fmdid:25-0101</gml:description>
  <gml:name>基盤地図情報ダウンロードデータ（GML版）</gml:name>
<ElevPt gml:id="K2_4676411850_1">
<fid>46764-11850-i-8</fid>
<lfSpanFr gml:id="K2_4676411850_1-1">
<gml:timePosition>2015-09-29</gml:timePosition>
</lfSpanFr>
<devDate gml:id="K2_4676411850_1-2">
<gml:timePosition>2024-12-12</gml:timePosition>
</devDate>
<orgGILvl>25000</orgGILvl>
<vis>表示</vis>
<pos>
<gml:Point gml:id="K2_4676411850_1-g" srsName="fguuid:jgd2011.bl">
<gml:pos>32.923654722 129.906537778</gml:pos>
</gml:Point>
</pos>
<type>標高点（測点）</type>
<alti>3</alti>
</ElevPt>
<ElevPt gml:id="K2_4677611853_1">
<fid>46776-11853-i-4378</fid>
<lfSpanFr gml:id="K2_4677611853_1-1">
<gml:timePosition>2020-12-08</gml:timePosition>
</lfSpanFr>
<devDate gml:id="K2_4677611853_1-2">
<gml:timePosition>2024-12-12</gml:timePosition>
</devDate>
<orgGILvl>25000</orgGILvl>
<vis>表示</vis>
<pos>
<gml:Point gml:id="K2_4677611853_1-g" srsName="fguuid:jgd2011.bl">
<gml:pos>32.931816500 129.937063361</gml:pos>
</gml:Point>
</pos>
<type>標高点（測点）</type>
<alti>7</alti>
</ElevPt>
<ElevPt gml:id="K2_4677611856_1">
<fid>46776-11856-i-2045</fid>
<lfSpanFr gml:id="K2_4677611856_1-1">
<gml:timePosition>2020-12-08</gml:timePosition>
</lfSpanFr>
<devDate gml:id="K2_4677611856_1-2">
<gml:timePosition>2024-12-12</gml:timePosition>
</devDate>
<orgGILvl>25000</orgGILvl>
<vis>表示</vis>
<pos>
<gml:Point gml:id="K2_4677611856_1-g" srsName="fguuid:jgd2011.bl">
<gml:pos>32.941652778 129.937167778</gml:pos>
</gml:Point>
</pos>
<type>標高点（測点）</type>
<alti>9</alti>
</ElevPt>
<ElevPt gml:id="K2_4677611859_1">
<fid>46776-11859-i-3540</fid>
<lfSpanFr gml:id="K2_4677611859_1-1">
<gml:timePosition>2020-12-08</gml:timePosition>
</lfSpanFr>
<devDate gml:id="K2_4677611859_1-2">
<gml:timePosition>2024-12-12</gml:timePosition>
</devDate>
<orgGILvl>25000</orgGILvl>
<vis>表示</vis>
<pos>
<gml:Point gml:id="K2_4677611859_1-g" srsName="fguuid:jgd2011.bl">
<gml:pos>32.949378417 129.935946056</gml:pos>
</gml:Point>
</pos>
<type>標高点（測点）</type>
<alti>6</alti>
</ElevPt>
<ElevPt gml:id="K2_4677911850_1">
<fid>46779-11850-i-2269</fid>
<lfSpanFr gml:id="K2_4677911850_1-1">
<gml:timePosition>2020-12-08</gml:timePosition>
</lfSpanFr>
<devDate gml:id="K2_4677911850_1-2">
<gml:timePosition>2024-12-12</gml:timePosition>
</devDate>
<orgGILvl>25000</orgGILvl>
<vis>表示</vis>
<pos>
<gml:Point gml:id="K2_4677911850_1-g" srsName="fguuid:jgd2011.bl">
<gml:pos>32.924254722 129.942200278</gml:pos>
</gml:Point>
</pos>
<type>標高点（測点）</type>
<alti>8</alti>
</ElevPt>
<ElevPt gml:id="K2_4677911856_1">
<fid>46779-11856-i-4779</fid>
<lfSpanFr gml:id="K2_4677911856_1-1">
<gml:timePosition>2020-12-08</gml:timePosition>
</lfSpanFr>
<devDate gml:id="K2_4677911856_1-2">
<gml:timePosition>2024-12-12</gml:timePosition>
</devDate>
<orgGILvl>25000</orgGILvl>
<vis>表示</vis>
<pos>
<gml:Point gml:id="K2_4677911856_1-g" srsName="fguuid:jgd2011.bl">
<gml:pos>32.937516948 129.947341874</gml:pos>
</gml:Point>
</pos>
<type>標高点（測点）</type>
<alti>19</alti>
</ElevPt>
<ElevPt gml:id="K2_4677911868_1">
<fid>46779-11868-i-1026</fid>
<lfSpanFr gml:id="K2_4677911868_1-1">
<gml:timePosition>2020-12-08</gml:timePosition>
</lfSpanFr>
<devDate gml:id="K2_4677911868_1-2">
<gml:timePosition>2024-12-12</gml:timePosition>
</devDate>
<orgGILvl>25000</orgGILvl>
<vis>表示</vis>
<pos>
<gml:Point gml:id="K2_4677911868_1-g" srsName="fguuid:jgd2011.bl">
<gml:pos>32.969231389 129.943248333</gml:pos>
</gml:Point>
</pos>
<type>標高点（測点）</type>
<alti>5</alti>
</ElevPt>
<ElevPt gml:id="K2_4678211853_1">
<fid>46782-11853-i-3753</fid>
<lfSpanFr gml:id="K2_4678211853_1-1">
<gml:timePosition>2020-12-08</gml:timePosition>
</lfSpanFr>
<devDate gml:id="K2_4678211853_1-2">
<gml:timePosition>2024-12-12</gml:timePosition>
</devDate>
<orgGILvl>25000</orgGILvl>
<vis>表示</vis>
<pos>
<gml:Point gml:id="K2_4678211853_1-g" srsName="fguuid:jgd2011.bl">
<gml:pos>32.929948611 129.950720278</gml:pos>
</gml:Point>
</pos>
<type>標高点（測点）</type>
<alti>20</alti>
</ElevPt>
<ElevPt gml:id="K2_4678211859_1">
<fid>46782-11859-i-1538</fid>
<lfSpanFr gml:id="K2_4678211859_1-1">
<gml:timePosition>2020-12-08</gml:timePosition>
</lfSpanFr>
<devDate gml:id="K2_4678211859_1-2">
<gml:timePosition>2024-12-12</gml:timePosition>
</devDate>
<orgGILvl>25000</orgGILvl>
<vis>表示</vis>
<pos>
<gml:Point gml:id="K2_4678211859_1-g" srsName="fguuid:jgd2011.bl">
<gml:pos>32.946129444 129.952201389</gml:pos>
</gml:Point>
</pos>
<type>標高点（測点）</type>
<alti>25</alti>
</ElevPt>
<ElevPt gml:id="K2_4678211865_1">
<fid>46782-11865-i-962</fid>
<lfSpanFr gml:id="K2_4678211865_1-1">
<gml:timePosition>2020-12-08</gml:timePosition>
</lfSpanFr>
<devDate gml:id="K2_4678211865_1-2">
<gml:timePosition>2024-12-12</gml:timePosition>
</devDate>
<orgGILvl>25000</orgGILvl>
<vis>表示</vis>
<pos>
<gml:Point gml:id="K2_4678211865_1-g" srsName="fguuid:jgd2011.bl">
<gml:pos>32.964741389 129.951389167</gml:pos>
</gml:Point>
</pos>
<type>標高点（測点）</type>
<alti>17</alti>
</ElevPt>
<ElevPt gml:id="K2_4678211871_1">
<fid>46782-11871-i-808</fid>
<lfSpanFr gml:id="K2_4678211871_1-1">
<gml:timePosition>2020-12-08</gml:timePosition>
</lfSpanFr>
<devDate gml:id="K2_4678211871_1-2">
<gml:timePosition>2024-12-12</gml:timePosition>
</devDate>
<orgGILvl>25000</orgGILvl>
<vis>表示</vis>
<pos>
<gml:Point gml:id="K2_4678211871_1-g" srsName="fguuid:jgd2011.bl">
<gml:pos>32.981255833 129.955493889</gml:pos>
</gml:Point>
</pos>
<type>標高点（測点）</type>
<alti>90</alti>
</ElevPt>
<ElevPt gml:id="K2_4678511850_1">
<fid>46785-11850-i-4167</fid>
<lfSpanFr gml:id="K2_4678511850_1-1">
<gml:timePosition>2020-12-08</gml:timePosition>
</lfSpanFr>
<devDate gml:id="K2_4678511850_1-2">
<gml:timePosition>2024-12-12</gml:timePosition>
</devDate>
<orgGILvl>25000</orgGILvl>
<vis>表示</vis>
<pos>
<gml:Point gml:id="K2_4678511850_1-g" srsName="fguuid:jgd2011.bl">
<gml:pos>32.917113889 129.960750556</gml:pos>
</gml:Point>
</pos>
<type>標高点（測点）</type>
<alti>13</alti>
</ElevPt>
<ElevPt gml:id="K2_4678511850_2">
<fid>46785-11850-i-4168</fid>
<lfSpanFr gml:id="K2_4678511850_2-1">
<gml:timePosition>2020-12-08</gml:timePosition>
</lfSpanFr>
<devDate gml:id="K2_4678511850_2-2">
<gml:timePosition>2024-12-12</gml:timePosition>
</devDate>
<orgGILvl>25000</orgGILvl>
<vis>表示</vis>
<pos>
<gml:Point gml:id="K2_4678511850_2-g" srsName="fguuid:jgd2011.bl">
<gml:pos>32.923307222 129.961338611</gml:pos>
</gml:Point>
</pos>
<type>標高点（測点）</type>
<alti>20</alti>
</ElevPt>
<ElevPt gml:id="K2_4678511853_1">
<fid>46785-11853-i-2302</fid>
<lfSpanFr gml:id="K2_4678511853_1-1">
<gml:timePosition>2020-12-08</gml:timePosition>
</lfSpanFr>
<devDate gml:id="K2_4678511853_1-2">
<gml:timePosition>2024-12-12</gml:timePosition>
</devDate>
<orgGILvl>25000</orgGILvl>
<vis>表示</vis>
<pos>
<gml:Point gml:id="K2_4678511853_1-g" srsName="fguuid:jgd2011.bl">
<gml:pos>32.931082778 129.964825833</gml:pos>
</gml:Point>
</pos>
<type>標高点（測点）</type>
<alti>32</alti>
</ElevPt>
<ElevPt gml:id="K2_4678511856_1">
<fid>46785-11856-i-1628</fid>
<lfSpanFr gml:id="K2_4678511856_1-1">
<gml:timePosition>2020-12-08</gml:timePosition>
</lfSpanFr>
<devDate gml:id="K2_4678511856_1-2">
<gml:timePosition>2024-12-12</gml:timePosition>
</devDate>
<orgGILvl>25000</orgGILvl>
<vis>表示</vis>
<pos>
<gml:Point gml:id="K2_4678511856_1-g" srsName="fguuid:jgd2011.bl">
<gml:pos>32.939064444 129.959077500</gml:pos>
</gml:Point>
</pos>
<type>標高点（測点）</type>
<alti>37</alti>
</ElevPt>
<ElevPt gml:id="K2_4678511859_1">
<fid>46785-11859-i-1369</fid>
<lfSpanFr gml:id="K2_4678511859_1-1">
<gml:timePosition>2020-12-08</gml:timePosition>
</lfSpanFr>
<devDate gml:id="K2_4678511859_1-2">
<gml:timePosition>2024-12-12</gml:timePosition>
</devDate>
<orgGILvl>25000</orgGILvl>
<vis>表示</vis>
<pos>
<gml:Point gml:id="K2_4678511859_1-g" srsName="fguuid:jgd2011.bl">
<gml:pos>32.949696111 129.965984722</gml:pos>
</gml:Point>
</pos>
<type>標高点（測点）</type>
<alti>76</alti>
</ElevPt>
<ElevPt gml:id="K2_4678511862_1">
<fid>46785-11862-i-719</fid>
<lfSpanFr gml:id="K2_4678511862_1-1">
<gml:timePosition>2020-12-08</gml:timePosition>
</lfSpanFr>
<devDate gml:id="K2_4678511862_1-2">
<gml:timePosition>2024-12-12</gml:timePosition>
</devDate>
<orgGILvl>25000</orgGILvl>
<vis>表示</vis>
<pos>
<gml:Point gml:id="K2_4678511862_1-g" srsName="fguuid:jgd2011.bl">
<gml:pos>32.951901667 129.959009722</gml:pos>
</gml:Point>
</pos>
<type>標高点（測点）</type>
<alti>25</alti>
</ElevPt>
<ElevPt gml:id="K2_4678511871_1">
<fid>46785-11871-i-753</fid>
<lfSpanFr gml:id="K2_4678511871_1-1">
<gml:timePosition>2020-12-08</gml:timePosition>
</lfSpanFr>
<devDate gml:id="K2_4678511871_1-2">
<gml:timePosition>2024-12-12</gml:timePosition>
</devDate>
<orgGILvl>25000</orgGILvl>
<vis>表示</vis>
<pos>
<gml:Point gml:id="K2_4678511871_1-g" srsName="fguuid:jgd2011.bl">
<gml:pos>32.976639167 129.962380556</gml:pos>
</gml:Point>
</pos>
<type>標高点（測点）</type>
<alti>162</alti>
</ElevPt>
<ElevPt gml:id="K2_4678511874_1">
<fid>46785-11874-i-333</fid>
<lfSpanFr gml:id="K2_4678511874_1-1">
<gml:timePosition>2020-12-08</gml:timePosition>
</lfSpanFr>
<devDate gml:id="K2_4678511874_1-2">
<gml:timePosition>2024-12-12</gml:timePosition>
</devDate>
<orgGILvl>25000</orgGILvl>
<vis>表示</vis>
<pos>
<gml:Point gml:id="K2_4678511874_1-g" srsName="fguuid:jgd2011.bl">
<gml:pos>32.985156667 129.959247500</gml:pos>
</gml:Point>
</pos>
<type>標高点（測点）</type>
<alti>107</alti>
</ElevPt>
<ElevPt gml:id="K2_4678811859_1">
<fid>46788-11859-i-953</fid>
<lfSpanFr gml:id="K2_4678811859_1-1">
<gml:timePosition>2020-12-08</gml:timePosition>
</lfSpanFr>
<devDate gml:id="K2_4678811859_1-2">
<gml:timePosition>2024-12-12</gml:timePosition>
</devDate>
<orgGILvl>25000</orgGILvl>
<vis>表示</vis>
<pos>
<gml:Point gml:id="K2_4678811859_1-g" srsName="fguuid:jgd2011.bl">
<gml:pos>32.942288444 129.973394306</gml:pos>
</gml:Point>
</pos>
<type>標高点（測点）</type>
<alti>55</alti>
</ElevPt>
<ElevPt gml:id="K2_4678811862_1">
<fid>46788-11862-i-484</fid>
<lfSpanFr gml:id="K2_4678811862_1-1">
<gml:timePosition>2015-09-29</gml:timePosition>
</lfSpanFr>
<devDate gml:id="K2_4678811862_1-2">
<gml:timePosition>2024-12-12</gml:timePosition>
</devDate>
<orgGILvl>25000</orgGILvl>
<vis>表示</vis>
<pos>
<gml:Point gml:id="K2_4678811862_1-g" srsName="fguuid:jgd2011.bl">
<gml:pos>32.952942833 129.974165500</gml:pos>
</gml:Point>
</pos>
<type>標高点（測点）</type>
<alti>133</alti>
</ElevPt>
<ElevPt gml:id="K2_4678811865_1">
<fid>46788-11865-i-502</fid>
<lfSpanFr gml:id="K2_4678811865_1-1">
<gml:timePosition>2020-12-08</gml:timePosition>
</lfSpanFr>
<devDate gml:id="K2_4678811865_1-2">
<gml:timePosition>2024-12-12</gml:timePosition>
</devDate>
<orgGILvl>25000</orgGILvl>
<vis>表示</vis>
<pos>
<gml:Point gml:id="K2_4678811865_1-g" srsName="fguuid:jgd2011.bl">
<gml:pos>32.961983889 129.974731389</gml:pos>
</gml:Point>
</pos>
<type>標高点（測点）</type>
<alti>166</alti>
</ElevPt>
<ElevPt gml:id="K2_4678811868_1">
<fid>46788-11868-i-697</fid>
<lfSpanFr gml:id="K2_4678811868_1-1">
<gml:timePosition>2020-12-08</gml:timePosition>
</lfSpanFr>
<devDate gml:id="K2_4678811868_1-2">
<gml:timePosition>2024-12-12</gml:timePosition>
</devDate>
<orgGILvl>25000</orgGILvl>
<vis>表示</vis>
<pos>
<gml:Point gml:id="K2_4678811868_1-g" srsName="fguuid:jgd2011.bl">
<gml:pos>32.968788333 129.971905833</gml:pos>
</gml:Point>
</pos>
<type>標高点（測点）</type>
<alti>215</alti>
</ElevPt>
<ElevPt gml:id="K2_4678811877_1">
<fid>46788-11877-i-269</fid>
<lfSpanFr gml:id="K2_4678811877_1-1">
<gml:timePosition>2020-12-08</gml:timePosition>
</lfSpanFr>
<devDate gml:id="K2_4678811877_1-2">
<gml:timePosition>2024-12-12</gml:timePosition>
</devDate>
<orgGILvl>25000</orgGILvl>
<vis>表示</vis>
<pos>
<gml:Point gml:id="K2_4678811877_1-g" srsName="fguuid:jgd2011.bl">
<gml:pos>32.998883333 129.973790556</gml:pos>
</gml:Point>
</pos>
<type>標高点（測点）</type>
<alti>254</alti>
</ElevPt>
<ElevPt gml:id="K2_4678811877_2">
<fid>46788-11877-i-270</fid>
<lfSpanFr gml:id="K2_4678811877_2-1">
<gml:timePosition>2020-12-08</gml:timePosition>
</lfSpanFr>
<devDate gml:id="K2_4678811877_2-2">
<gml:timePosition>2024-12-12</gml:timePosition>
</devDate>
<orgGILvl>25000</orgGILvl>
<vis>表示</vis>
<pos>
<gml:Point gml:id="K2_4678811877_2-g" srsName="fguuid:jgd2011.bl">
<gml:pos>32.992111389 129.969215000</gml:pos>
</gml:Point>
</pos>
<type>標高点（測点）</type>
<alti>209</alti>
</ElevPt>
<ElevPt gml:id="K2_4679111853_1">
<fid>46791-11853-i-719</fid>
<lfSpanFr gml:id="K2_4679111853_1-1">
<gml:timePosition>2020-12-08</gml:timePosition>
</lfSpanFr>
<devDate gml:id="K2_4679111853_1-2">
<gml:timePosition>2024-12-12</gml:timePosition>
</devDate>
<orgGILvl>25000</orgGILvl>
<vis>表示</vis>
<pos>
<gml:Point gml:id="K2_4679111853_1-g" srsName="fguuid:jgd2011.bl">
<gml:pos>32.928735278 129.981011111</gml:pos>
</gml:Point>
</pos>
<type>標高点（測点）</type>
<alti>168</alti>
</ElevPt>
<ElevPt gml:id="K2_4679111856_1">
<fid>46791-11856-i-227</fid>
<lfSpanFr gml:id="K2_4679111856_1-1">
<gml:timePosition>2020-12-08</gml:timePosition>
</lfSpanFr>
<devDate gml:id="K2_4679111856_1-2">
<gml:timePosition>2024-12-12</gml:timePosition>
</devDate>
<orgGILvl>25000</orgGILvl>
<vis>表示</vis>
<pos>
<gml:Point gml:id="K2_4679111856_1-g" srsName="fguuid:jgd2011.bl">
<gml:pos>32.938937500 129.977948056</gml:pos>
</gml:Point>
</pos>
<type>標高点（測点）</type>
<alti>174</alti>
</ElevPt>
<ElevPt gml:id="K2_4679111871_1">
<fid>46791-11871-i-253</fid>
<lfSpanFr gml:id="K2_4679111871_1-1">
<gml:timePosition>2020-12-08</gml:timePosition>
</lfSpanFr>
<devDate gml:id="K2_4679111871_1-2">
<gml:timePosition>2024-12-12</gml:timePosition>
</devDate>
<orgGILvl>25000</orgGILvl>
<vis>表示</vis>
<pos>
<gml:Point gml:id="K2_4679111871_1-g" srsName="fguuid:jgd2011.bl">
<gml:pos>32.983145278 129.980965556</gml:pos>
</gml:Point>
</pos>
<type>標高点（測点）</type>
<alti>288</alti>
</ElevPt>
<ElevPt gml:id="K2_4679411856_1">
<fid>46794-11856-i-611</fid>
<lfSpanFr gml:id="K2_4679411856_1-1">
<gml:timePosition>2020-12-08</gml:timePosition>
</lfSpanFr>
<devDate gml:id="K2_4679411856_1-2">
<gml:timePosition>2024-12-12</gml:timePosition>
</devDate>
<orgGILvl>25000</orgGILvl>
<vis>表示</vis>
<pos>
<gml:Point gml:id="K2_4679411856_1-g" srsName="fguuid:jgd2011.bl">
<gml:pos>32.934859573 129.986452020</gml:pos>
</gml:Point>
</pos>
<type>標高点（測点）</type>
<alti>216</alti>
</ElevPt>
<ElevPt gml:id="K2_4679411856_2">
<fid>46794-11856-i-612</fid>
<lfSpanFr gml:id="K2_4679411856_2-1">
<gml:timePosition>2020-12-08</gml:timePosition>
</lfSpanFr>
<devDate gml:id="K2_4679411856_2-2">
<gml:timePosition>2024-12-12</gml:timePosition>
</devDate>
<orgGILvl>25000</orgGILvl>
<vis>表示</vis>
<pos>
<gml:Point gml:id="K2_4679411856_2-g" srsName="fguuid:jgd2011.bl">
<gml:pos>32.939577500 129.988651111</gml:pos>
</gml:Point>
</pos>
<type>標高点（測点）</type>
<alti>224</alti>
</ElevPt>
<ElevPt gml:id="K2_4679411859_1">
<fid>46794-11859-i-283</fid>
<lfSpanFr gml:id="K2_4679411859_1-1">
<gml:timePosition>2020-12-08</gml:timePosition>
</lfSpanFr>
<devDate gml:id="K2_4679411859_1-2">
<gml:timePosition>2024-12-12</gml:timePosition>
</devDate>
<orgGILvl>25000</orgGILvl>
<vis>表示</vis>
<pos>
<gml:Point gml:id="K2_4679411859_1-g" srsName="fguuid:jgd2011.bl">
<gml:pos>32.945819444 129.985590556</gml:pos>
</gml:Point>
</pos>
<type>標高点（測点）</type>
<alti>170</alti>
</ElevPt>
<ElevPt gml:id="K2_4679411868_1">
<fid>46794-11868-i-120</fid>
<lfSpanFr gml:id="K2_4679411868_1-1">
<gml:timePosition>2020-12-08</gml:timePosition>
</lfSpanFr>
<devDate gml:id="K2_4679411868_1-2">
<gml:timePosition>2024-12-12</gml:timePosition>
</devDate>
<orgGILvl>25000</orgGILvl>
<vis>表示</vis>
<pos>
<gml:Point gml:id="K2_4679411868_1-g" srsName="fguuid:jgd2011.bl">
<gml:pos>32.974981111 129.988716667</gml:pos>
</gml:Point>
</pos>
<type>標高点（測点）</type>
<alti>335</alti>
</ElevPt>
<ElevPt gml:id="K2_4679411874_1">
<fid>46794-11874-i-187</fid>
<lfSpanFr gml:id="K2_4679411874_1-1">
<gml:timePosition>2020-12-08</gml:timePosition>
</lfSpanFr>
<devDate gml:id="K2_4679411874_1-2">
<gml:timePosition>2024-12-12</gml:timePosition>
</devDate>
<orgGILvl>25000</orgGILvl>
<vis>表示</vis>
<pos>
<gml:Point gml:id="K2_4679411874_1-g" srsName="fguuid:jgd2011.bl">
<gml:pos>32.984124167 129.986452778</gml:pos>
</gml:Point>
</pos>
<type>標高点（測点）</type>
<alti>318</alti>
</ElevPt>
<ElevPt gml:id="K2_4679411877_1">
<fid>46794-11877-i-6</fid>
<lfSpanFr gml:id="K2_4679411877_1-1">
<gml:timePosition>2013-12-10</gml:timePosition>
</lfSpanFr>
<devDate gml:id="K2_4679411877_1-2">
<gml:timePosition>2024-12-12</gml:timePosition>
</devDate>
<orgGILvl>25000</orgGILvl>
<vis>表示</vis>
<pos>
<gml:Point gml:id="K2_4679411877_1-g" srsName="fguuid:jgd2011.bl">
<gml:pos>32.992689722 129.983743889</gml:pos>
</gml:Point>
</pos>
<type>標高点（測点）</type>
<alti>292</alti>
</ElevPt>
<ElevPt gml:id="K2_4679711865_1">
<fid>46797-11865-i-97</fid>
<lfSpanFr gml:id="K2_4679711865_1-1">
<gml:timePosition>2020-12-08</gml:timePosition>
</lfSpanFr>
<devDate gml:id="K2_4679711865_1-2">
<gml:timePosition>2024-12-12</gml:timePosition>
</devDate>
<orgGILvl>25000</orgGILvl>
<vis>表示</vis>
<pos>
<gml:Point gml:id="K2_4679711865_1-g" srsName="fguuid:jgd2011.bl">
<gml:pos>32.965738611 129.996092500</gml:pos>
</gml:Point>
</pos>
<type>標高点（測点）</type>
<alti>379</alti>
</ElevPt>
</Dataset>
