<?xml version="1.0" encoding="utf-8"?>
<Dataset xsi:schemaLocation="http://fgd.gsi.go.jp/spec/2008/FGD_GMLSchema FGD_GMLSchema.xsd"
	xmlns:gml="http://www.opengis.net/gml/3.2"
	xmlns:xsi="http://www.w3.org/2001/XMLSchema-instance"
	xmlns:xlink="http://www.w3.org/1999/xlink"
	xmlns="http://fgd.gsi.go.jp/spec/2008/FGD_GMLSchema"
	gml:id="Dataset1">
  <gml:description>基盤地図情報メタデータ ID=fmdid:17-0401</gml:description>
  <gml:name>基盤地図情報ダウンロードデータ（GML版）</gml:name>
<GCP gml:id="K1_492943_1">
<fid>10-00100-0-1602-1350092</fid>
<lfSpanFr gml:id="K1_492943_1-1">
<gml:timePosition>2017-02-28</gml:timePosition>
</lfSpanFr>
<devDate gml:id="K1_492943_1-2">
<gml:timePosition>2017-03-03</gml:timePosition>
</devDate>
<orgGILvl>KJ12</orgGILvl>
<vis>表示</vis>
<pos>
<gml:Point gml:id="K1_492943_1-g" srsName="fguuid:jgd2011.bl">
<gml:pos>33.019619111 129.433063806</gml:pos>
</gml:Point>
</pos>
<orgName>国土地理院</orgName>
<type>三角点</type>
<gcpClass>二等三角点</gcpClass>
<gcpCode>TR24929432401</gcpCode>
<name>大立島</name>
<B>118870.6288</B>
<L>465959.0297</L>
<alti>76.71</alti>
<altiAcc>2</altiAcc>
</GCP>
<GCP gml:id="K1_492943_2">
<fid>10-00100-0-1602-1356788</fid>
<lfSpanFr gml:id="K1_492943_2-1">
<gml:timePosition>2017-02-28</gml:timePosition>
</lfSpanFr>
<devDate gml:id="K1_492943_2-2">
<gml:timePosition>2017-03-03</gml:timePosition>
</devDate>
<orgGILvl>KJ13</orgGILvl>
<vis>表示</vis>
<pos>
<gml:Point gml:id="K1_492943_2-g" srsName="fguuid:jgd2011.bl">
<gml:pos>33.004358639 129.451161750</gml:pos>
</gml:Point>
</pos>
<orgName>国土地理院</orgName>
<type>三角点</type>
<gcpClass>三等三角点</gcpClass>
<gcpCode>TR34929430601</gcpCode>
<name>小建島</name>
<B>118815.6911</B>
<L>466024.1823</L>
<alti>52.81</alti>
<altiAcc>2</altiAcc>
</GCP>
</Dataset>
