<?xml version="1.0" encoding="utf-8"?>
<Dataset xsi:schemaLocation="http://fgd.gsi.go.jp/spec/2008/FGD_GMLSchema FGD_GMLSchema.xsd"
	xmlns:gml="http://www.opengis.net/gml/3.2"
	xmlns:xsi="http://www.w3.org/2001/XMLSchema-instance"
	xmlns:xlink="http://www.w3.org/1999/xlink"
	xmlns="http://fgd.gsi.go.jp/spec/2008/FGD_GMLSchema"
	gml:id="Dataset1">
  <gml:description>基盤地図情報メタデータ ID=fmdid:25-0101</gml:description>
  <gml:name>基盤地図情報ダウンロードデータ（GML版）</gml:name>
<WStrL gml:id="K27_4645511871_1">
<fid>46455-11871-s-296</fid>
<lfSpanFr gml:id="K27_4645511871_1-1">
<gml:timePosition>2015-11-17</gml:timePosition>
</lfSpanFr>
<devDate gml:id="K27_4645511871_1-2">
<gml:timePosition>2024-11-29</gml:timePosition>
</devDate>
<orgGILvl>2500</orgGILvl>
<vis>表示</vis>
<loc>
<gml:Curve gml:id="K27_4645511871_1-g" srsName="fguuid:jgd2011.bl">
<gml:segments>
<gml:LineStringSegment>
<gml:posList>
32.982750071 129.048715447
32.982640721 129.048709530
32.982492131 129.048705107
32.982487441 129.048705003
32.982158011 129.048689956
32.981387791 129.048654769
32.981390914 129.048735457
32.981822081 129.048750447
32.981826410 129.048750596
32.982572952 129.048776532
</gml:posList>
</gml:LineStringSegment>
</gml:segments>
</gml:Curve>
</loc>
<type>防波堤</type>
</WStrL>
<WStrL gml:id="K27_4645511871_2">
<fid>46455-11871-s-297</fid>
<lfSpanFr gml:id="K27_4645511871_2-1">
<gml:timePosition>2015-11-17</gml:timePosition>
</lfSpanFr>
<devDate gml:id="K27_4645511871_2-2">
<gml:timePosition>2024-11-29</gml:timePosition>
</devDate>
<orgGILvl>2500</orgGILvl>
<vis>表示</vis>
<loc>
<gml:Curve gml:id="K27_4645511871_2-g" srsName="fguuid:jgd2011.bl">
<gml:segments>
<gml:LineStringSegment>
<gml:posList>
32.982572952 129.048776532
32.983207912 129.048800200
32.983296413 129.048711105
32.983320270 129.048685316
32.983333333 129.048671195
</gml:posList>
</gml:LineStringSegment>
</gml:segments>
</gml:Curve>
</loc>
<type>防波堤</type>
</WStrL>
<WStrL gml:id="K27_4645511871_3">
<fid>46455-11871-s-298</fid>
<lfSpanFr gml:id="K27_4645511871_3-1">
<gml:timePosition>2015-11-17</gml:timePosition>
</lfSpanFr>
<devDate gml:id="K27_4645511871_3-2">
<gml:timePosition>2024-11-29</gml:timePosition>
</devDate>
<orgGILvl>2500</orgGILvl>
<vis>表示</vis>
<loc>
<gml:Curve gml:id="K27_4645511871_3-g" srsName="fguuid:jgd2011.bl">
<gml:segments>
<gml:LineStringSegment>
<gml:posList>
32.983333333 129.048586860
32.983253087 129.048669683
32.983199399 129.048725444
32.983195860 129.048726756
32.983192318 129.048727095
32.983187683 129.048727119
32.983169135 129.048727545
32.983037698 129.048723356
32.982970364 129.048721109
32.982898926 129.048718242
32.982824224 129.048715711
32.982750071 129.048715447
</gml:posList>
</gml:LineStringSegment>
</gml:segments>
</gml:Curve>
</loc>
<type>防波堤</type>
</WStrL>
<WStrL gml:id="K27_4645511874_1">
<fid>46455-11874-s-1562</fid>
<lfSpanFr gml:id="K27_4645511874_1-1">
<gml:timePosition>2015-11-17</gml:timePosition>
</lfSpanFr>
<devDate gml:id="K27_4645511874_1-2">
<gml:timePosition>2024-11-29</gml:timePosition>
</devDate>
<orgGILvl>2500</orgGILvl>
<vis>表示</vis>
<loc>
<gml:Curve gml:id="K27_4645511874_1-g" srsName="fguuid:jgd2011.bl">
<gml:segments>
<gml:LineStringSegment>
<gml:posList>
32.983333333 129.048671195
32.983426803 129.048570161
32.983530258 129.048459654
32.983681775 129.048305987
32.983734695 129.048252530
</gml:posList>
</gml:LineStringSegment>
</gml:segments>
</gml:Curve>
</loc>
<type>防波堤</type>
</WStrL>
<WStrL gml:id="K27_4645511874_2">
<fid>46455-11874-s-1563</fid>
<lfSpanFr gml:id="K27_4645511874_2-1">
<gml:timePosition>2015-11-17</gml:timePosition>
</lfSpanFr>
<devDate gml:id="K27_4645511874_2-2">
<gml:timePosition>2024-11-29</gml:timePosition>
</devDate>
<orgGILvl>2500</orgGILvl>
<vis>表示</vis>
<loc>
<gml:Curve gml:id="K27_4645511874_2-g" srsName="fguuid:jgd2011.bl">
<gml:segments>
<gml:LineStringSegment>
<gml:posList>
32.983869050 129.048021346
32.983829734 129.048066217
32.983754428 129.048146034
32.983662092 129.048244137
32.983573553 129.048335202
32.983410721 129.048506987
32.983333333 129.048586860
</gml:posList>
</gml:LineStringSegment>
</gml:segments>
</gml:Curve>
</loc>
<type>防波堤</type>
</WStrL>
<WStrL gml:id="K27_4645811868_1">
<fid>46458-11868-s-1223</fid>
<lfSpanFr gml:id="K27_4645811868_1-1">
<gml:timePosition>2015-11-17</gml:timePosition>
</lfSpanFr>
<devDate gml:id="K27_4645811868_1-2">
<gml:timePosition>2024-11-29</gml:timePosition>
</devDate>
<orgGILvl>2500</orgGILvl>
<vis>表示</vis>
<loc>
<gml:Curve gml:id="K27_4645811868_1-g" srsName="fguuid:jgd2011.bl">
<gml:segments>
<gml:LineStringSegment>
<gml:posList>
32.972059689 129.051430579
32.972049345 129.051397820
32.971955050 129.051099798
32.971910779 129.051116198
32.971972133 129.051319087
32.971991446 129.051315844
32.972031707 129.051445558
</gml:posList>
</gml:LineStringSegment>
</gml:segments>
</gml:Curve>
</loc>
<type>防波堤</type>
</WStrL>
<WStrL gml:id="K27_4645811868_2">
<fid>46458-11868-s-1224</fid>
<lfSpanFr gml:id="K27_4645811868_2-1">
<gml:timePosition>2015-11-17</gml:timePosition>
</lfSpanFr>
<devDate gml:id="K27_4645811868_2-2">
<gml:timePosition>2024-11-29</gml:timePosition>
</devDate>
<orgGILvl>2500</orgGILvl>
<vis>表示</vis>
<loc>
<gml:Curve gml:id="K27_4645811868_2-g" srsName="fguuid:jgd2011.bl">
<gml:segments>
<gml:LineStringSegment>
<gml:posList>
32.972059689 129.051430579
32.972031707 129.051445558
</gml:posList>
</gml:LineStringSegment>
</gml:segments>
</gml:Curve>
</loc>
<type>防波堤</type>
</WStrL>
<WStrL gml:id="K27_4645811871_1">
<fid>46458-11871-s-357</fid>
<lfSpanFr gml:id="K27_4645811871_1-1">
<gml:timePosition>2013-12-10</gml:timePosition>
</lfSpanFr>
<devDate gml:id="K27_4645811871_1-2">
<gml:timePosition>2024-11-29</gml:timePosition>
</devDate>
<orgGILvl>2500</orgGILvl>
<vis>表示</vis>
<loc>
<gml:Curve gml:id="K27_4645811871_1-g" srsName="fguuid:jgd2011.bl">
<gml:segments>
<gml:LineStringSegment>
<gml:posList>
32.977172943 129.056606673
32.977236921 129.056667100
32.977261114 129.056636338
32.977436379 129.056801261
32.977421828 129.056822346
32.977378953 129.056884442
32.977378220 129.056883761
32.977211328 129.056730297
32.977221863 129.056703209
32.977156339 129.056644073
</gml:posList>
</gml:LineStringSegment>
</gml:segments>
</gml:Curve>
</loc>
<type>防波堤</type>
</WStrL>
<WStrL gml:id="K27_4645811871_2">
<fid>46458-11871-s-358</fid>
<lfSpanFr gml:id="K27_4645811871_2-1">
<gml:timePosition>2013-12-10</gml:timePosition>
</lfSpanFr>
<devDate gml:id="K27_4645811871_2-2">
<gml:timePosition>2024-11-29</gml:timePosition>
</devDate>
<orgGILvl>2500</orgGILvl>
<vis>表示</vis>
<loc>
<gml:Curve gml:id="K27_4645811871_2-g" srsName="fguuid:jgd2011.bl">
<gml:segments>
<gml:LineStringSegment>
<gml:posList>
32.977172943 129.056606673
32.977156339 129.056644073
</gml:posList>
</gml:LineStringSegment>
</gml:segments>
</gml:Curve>
</loc>
<type>防波堤</type>
</WStrL>
<WStrL gml:id="K27_4645811871_3">
<fid>46458-11871-s-360</fid>
<lfSpanFr gml:id="K27_4645811871_3-1">
<gml:timePosition>2013-12-10</gml:timePosition>
</lfSpanFr>
<devDate gml:id="K27_4645811871_3-2">
<gml:timePosition>2024-11-29</gml:timePosition>
</devDate>
<orgGILvl>2500</orgGILvl>
<vis>表示</vis>
<loc>
<gml:Curve gml:id="K27_4645811871_3-g" srsName="fguuid:jgd2011.bl">
<gml:segments>
<gml:LineStringSegment>
<gml:posList>
32.981502068 129.053893779
32.980535146 129.055461078
32.980582068 129.055504977
32.981550058 129.053941459
32.981502068 129.053893779
</gml:posList>
</gml:LineStringSegment>
</gml:segments>
</gml:Curve>
</loc>
<type>防波堤</type>
</WStrL>
<WStrL gml:id="K27_4645811871_4">
<fid>46458-11871-s-367</fid>
<lfSpanFr gml:id="K27_4645811871_4-1">
<gml:timePosition>2013-12-10</gml:timePosition>
</lfSpanFr>
<devDate gml:id="K27_4645811871_4-2">
<gml:timePosition>2024-11-29</gml:timePosition>
</devDate>
<orgGILvl>2500</orgGILvl>
<vis>表示</vis>
<loc>
<gml:Curve gml:id="K27_4645811871_4-g" srsName="fguuid:jgd2011.bl">
<gml:segments>
<gml:LineStringSegment>
<gml:posList>
32.975996257 129.052559352
32.975941741 129.052555540
32.975941708 129.052546372
32.975901610 129.052542220
32.975891227 129.052621677
32.975916981 129.052624157
32.975922283 129.052566102
32.975995536 129.052572023
</gml:posList>
</gml:LineStringSegment>
</gml:segments>
</gml:Curve>
</loc>
<type>防波堤</type>
</WStrL>
<WStrL gml:id="K27_4645811871_5">
<fid>46458-11871-s-368</fid>
<lfSpanFr gml:id="K27_4645811871_5-1">
<gml:timePosition>2013-12-10</gml:timePosition>
</lfSpanFr>
<devDate gml:id="K27_4645811871_5-2">
<gml:timePosition>2024-11-29</gml:timePosition>
</devDate>
<orgGILvl>2500</orgGILvl>
<vis>表示</vis>
<loc>
<gml:Curve gml:id="K27_4645811871_5-g" srsName="fguuid:jgd2011.bl">
<gml:segments>
<gml:LineStringSegment>
<gml:posList>
32.975998566 129.052519199
32.975961613 129.052509361
32.975960809 129.052458558
32.975933608 129.052457582
32.975933167 129.052510617
32.975998023 129.052528617
</gml:posList>
</gml:LineStringSegment>
</gml:segments>
</gml:Curve>
</loc>
<type>防波堤</type>
</WStrL>
<WStrL gml:id="K27_4645811871_6">
<fid>46458-11871-s-369</fid>
<lfSpanFr gml:id="K27_4645811871_6-1">
<gml:timePosition>2013-12-10</gml:timePosition>
</lfSpanFr>
<devDate gml:id="K27_4645811871_6-2">
<gml:timePosition>2024-11-29</gml:timePosition>
</devDate>
<orgGILvl>2500</orgGILvl>
<vis>表示</vis>
<loc>
<gml:Curve gml:id="K27_4645811871_6-g" srsName="fguuid:jgd2011.bl">
<gml:segments>
<gml:LineStringSegment>
<gml:posList>
32.977491178 129.057691231
32.977297881 129.057580457
32.977278293 129.057625608
32.977293419 129.057634262
32.977439638 129.057717904
</gml:posList>
</gml:LineStringSegment>
</gml:segments>
</gml:Curve>
</loc>
<type>防波堤</type>
</WStrL>
<WStrL gml:id="K27_4645811874_1">
<fid>46458-11874-s-964</fid>
<lfSpanFr gml:id="K27_4645811874_1-1">
<gml:timePosition>2015-11-17</gml:timePosition>
</lfSpanFr>
<devDate gml:id="K27_4645811874_1-2">
<gml:timePosition>2024-11-29</gml:timePosition>
</devDate>
<orgGILvl>2500</orgGILvl>
<vis>表示</vis>
<loc>
<gml:Curve gml:id="K27_4645811874_1-g" srsName="fguuid:jgd2011.bl">
<gml:segments>
<gml:LineStringSegment>
<gml:posList>
32.984793827 129.050761690
32.984755387 129.050647025
32.984711993 129.050666643
32.984712985 129.050669077
32.984755554 129.050773622
</gml:posList>
</gml:LineStringSegment>
</gml:segments>
</gml:Curve>
</loc>
<type>防波堤</type>
</WStrL>
<WStrL gml:id="K27_4645811874_2">
<fid>46458-11874-s-965</fid>
<lfSpanFr gml:id="K27_4645811874_2-1">
<gml:timePosition>2015-11-17</gml:timePosition>
</lfSpanFr>
<devDate gml:id="K27_4645811874_2-2">
<gml:timePosition>2024-11-29</gml:timePosition>
</devDate>
<orgGILvl>2500</orgGILvl>
<vis>表示</vis>
<loc>
<gml:Curve gml:id="K27_4645811874_2-g" srsName="fguuid:jgd2011.bl">
<gml:segments>
<gml:LineStringSegment>
<gml:posList>
32.984793827 129.050761690
32.984755554 129.050773622
</gml:posList>
</gml:LineStringSegment>
</gml:segments>
</gml:Curve>
</loc>
<type>防波堤</type>
</WStrL>
<WStrL gml:id="K27_4646111868_1">
<fid>46461-11868-s-878</fid>
<lfSpanFr gml:id="K27_4646111868_1-1">
<gml:timePosition>2015-11-17</gml:timePosition>
</lfSpanFr>
<devDate gml:id="K27_4646111868_1-2">
<gml:timePosition>2024-11-29</gml:timePosition>
</devDate>
<orgGILvl>2500</orgGILvl>
<vis>表示</vis>
<loc>
<gml:Curve gml:id="K27_4646111868_1-g" srsName="fguuid:jgd2011.bl">
<gml:segments>
<gml:LineStringSegment>
<gml:posList>
32.972017741 129.063107568
32.972014760 129.063126957
32.971818327 129.063071877
32.971820409 129.063053552
</gml:posList>
</gml:LineStringSegment>
</gml:segments>
</gml:Curve>
</loc>
<type>せき</type>
</WStrL>
<WStrL gml:id="K27_4646111868_2">
<fid>46461-11868-s-879</fid>
<lfSpanFr gml:id="K27_4646111868_2-1">
<gml:timePosition>2015-11-17</gml:timePosition>
</lfSpanFr>
<devDate gml:id="K27_4646111868_2-2">
<gml:timePosition>2024-11-29</gml:timePosition>
</devDate>
<orgGILvl>2500</orgGILvl>
<vis>表示</vis>
<loc>
<gml:Curve gml:id="K27_4646111868_2-g" srsName="fguuid:jgd2011.bl">
<gml:segments>
<gml:LineStringSegment>
<gml:posList>
32.971820409 129.063053552
32.972017741 129.063107568
</gml:posList>
</gml:LineStringSegment>
</gml:segments>
</gml:Curve>
</loc>
<type>せき</type>
</WStrL>
<WStrL gml:id="K27_4646111868_3">
<fid>46461-11868-s-884</fid>
<lfSpanFr gml:id="K27_4646111868_3-1">
<gml:timePosition>2015-11-17</gml:timePosition>
</lfSpanFr>
<devDate gml:id="K27_4646111868_3-2">
<gml:timePosition>2024-11-29</gml:timePosition>
</devDate>
<orgGILvl>2500</orgGILvl>
<vis>表示</vis>
<loc>
<gml:Curve gml:id="K27_4646111868_3-g" srsName="fguuid:jgd2011.bl">
<gml:segments>
<gml:LineStringSegment>
<gml:posList>
32.972020564 129.062896631
32.971823164 129.062853880
</gml:posList>
</gml:LineStringSegment>
</gml:segments>
</gml:Curve>
</loc>
<type>せき</type>
</WStrL>
<WStrL gml:id="K27_4646111868_4">
<fid>46461-11868-s-885</fid>
<lfSpanFr gml:id="K27_4646111868_4-1">
<gml:timePosition>2015-11-17</gml:timePosition>
</lfSpanFr>
<devDate gml:id="K27_4646111868_4-2">
<gml:timePosition>2024-11-29</gml:timePosition>
</devDate>
<orgGILvl>2500</orgGILvl>
<vis>表示</vis>
<loc>
<gml:Curve gml:id="K27_4646111868_4-g" srsName="fguuid:jgd2011.bl">
<gml:segments>
<gml:LineStringSegment>
<gml:posList>
32.972022170 129.062883507
32.971831614 129.062838540
</gml:posList>
</gml:LineStringSegment>
</gml:segments>
</gml:Curve>
</loc>
<type>せき</type>
</WStrL>
<WStrL gml:id="K27_4646111868_5">
<fid>46461-11868-s-886</fid>
<lfSpanFr gml:id="K27_4646111868_5-1">
<gml:timePosition>2015-11-17</gml:timePosition>
</lfSpanFr>
<devDate gml:id="K27_4646111868_5-2">
<gml:timePosition>2024-11-29</gml:timePosition>
</devDate>
<orgGILvl>2500</orgGILvl>
<vis>表示</vis>
<loc>
<gml:Curve gml:id="K27_4646111868_5-g" srsName="fguuid:jgd2011.bl">
<gml:segments>
<gml:LineStringSegment>
<gml:posList>
32.974316823 129.062458432
32.974261656 129.062366303
32.974194990 129.062361582
32.974059837 129.062352010
</gml:posList>
</gml:LineStringSegment>
</gml:segments>
</gml:Curve>
</loc>
<type>せき</type>
</WStrL>
<WStrL gml:id="K27_4646111868_6">
<fid>46461-11868-s-887</fid>
<lfSpanFr gml:id="K27_4646111868_6-1">
<gml:timePosition>2015-11-17</gml:timePosition>
</lfSpanFr>
<devDate gml:id="K27_4646111868_6-2">
<gml:timePosition>2024-11-29</gml:timePosition>
</devDate>
<orgGILvl>2500</orgGILvl>
<vis>表示</vis>
<loc>
<gml:Curve gml:id="K27_4646111868_6-g" srsName="fguuid:jgd2011.bl">
<gml:segments>
<gml:LineStringSegment>
<gml:posList>
32.974324456 129.062444080
32.974267070 129.062346751
32.974196763 129.062342498
32.974068469 129.062334722
</gml:posList>
</gml:LineStringSegment>
</gml:segments>
</gml:Curve>
</loc>
<type>せき</type>
</WStrL>
<WStrL gml:id="K27_4646111868_7">
<fid>46461-11868-s-888</fid>
<lfSpanFr gml:id="K27_4646111868_7-1">
<gml:timePosition>2015-11-17</gml:timePosition>
</lfSpanFr>
<devDate gml:id="K27_4646111868_7-2">
<gml:timePosition>2024-11-29</gml:timePosition>
</devDate>
<orgGILvl>2500</orgGILvl>
<vis>表示</vis>
<loc>
<gml:Curve gml:id="K27_4646111868_7-g" srsName="fguuid:jgd2011.bl">
<gml:segments>
<gml:LineStringSegment>
<gml:posList>
32.974370824 129.061901133
32.974296013 129.061841634
32.974223389 129.061860704
32.974114079 129.061889391
</gml:posList>
</gml:LineStringSegment>
</gml:segments>
</gml:Curve>
</loc>
<type>せき</type>
</WStrL>
<WStrL gml:id="K27_4646111868_8">
<fid>46461-11868-s-889</fid>
<lfSpanFr gml:id="K27_4646111868_8-1">
<gml:timePosition>2015-11-17</gml:timePosition>
</lfSpanFr>
<devDate gml:id="K27_4646111868_8-2">
<gml:timePosition>2024-11-29</gml:timePosition>
</devDate>
<orgGILvl>2500</orgGILvl>
<vis>表示</vis>
<loc>
<gml:Curve gml:id="K27_4646111868_8-g" srsName="fguuid:jgd2011.bl">
<gml:segments>
<gml:LineStringSegment>
<gml:posList>
32.974357713 129.061916817
32.974296090 129.061863758
32.974225300 129.061881139
32.974122912 129.061906262
</gml:posList>
</gml:LineStringSegment>
</gml:segments>
</gml:Curve>
</loc>
<type>せき</type>
</WStrL>
<WStrL gml:id="K27_4646111871_1">
<fid>46461-11871-s-955</fid>
<lfSpanFr gml:id="K27_4646111871_1-1">
<gml:timePosition>2013-12-10</gml:timePosition>
</lfSpanFr>
<devDate gml:id="K27_4646111871_1-2">
<gml:timePosition>2024-11-29</gml:timePosition>
</devDate>
<orgGILvl>2500</orgGILvl>
<vis>表示</vis>
<loc>
<gml:Curve gml:id="K27_4646111871_1-g" srsName="fguuid:jgd2011.bl">
<gml:segments>
<gml:LineStringSegment>
<gml:posList>
32.975323086 129.061650141
32.975196138 129.061707278
32.975090618 129.061754765
</gml:posList>
</gml:LineStringSegment>
</gml:segments>
</gml:Curve>
</loc>
<type>せき</type>
</WStrL>
<WStrL gml:id="K27_4646111871_2">
<fid>46461-11871-s-956</fid>
<lfSpanFr gml:id="K27_4646111871_2-1">
<gml:timePosition>2013-12-10</gml:timePosition>
</lfSpanFr>
<devDate gml:id="K27_4646111871_2-2">
<gml:timePosition>2024-11-29</gml:timePosition>
</devDate>
<orgGILvl>2500</orgGILvl>
<vis>表示</vis>
<loc>
<gml:Curve gml:id="K27_4646111871_2-g" srsName="fguuid:jgd2011.bl">
<gml:segments>
<gml:LineStringSegment>
<gml:posList>
32.975321503 129.061666742
32.975204402 129.061721155
32.975096430 129.061771330
</gml:posList>
</gml:LineStringSegment>
</gml:segments>
</gml:Curve>
</loc>
<type>せき</type>
</WStrL>
<WStrL gml:id="K27_4646111871_3">
<fid>46461-11871-s-957</fid>
<lfSpanFr gml:id="K27_4646111871_3-1">
<gml:timePosition>2013-12-10</gml:timePosition>
</lfSpanFr>
<devDate gml:id="K27_4646111871_3-2">
<gml:timePosition>2024-11-29</gml:timePosition>
</devDate>
<orgGILvl>2500</orgGILvl>
<vis>表示</vis>
<loc>
<gml:Curve gml:id="K27_4646111871_3-g" srsName="fguuid:jgd2011.bl">
<gml:segments>
<gml:LineStringSegment>
<gml:posList>
32.976519384 129.060884188
32.976433431 129.061074889
32.976376514 129.061201157
</gml:posList>
</gml:LineStringSegment>
</gml:segments>
</gml:Curve>
</loc>
<type>せき</type>
</WStrL>
<WStrL gml:id="K27_4646111871_4">
<fid>46461-11871-s-958</fid>
<lfSpanFr gml:id="K27_4646111871_4-1">
<gml:timePosition>2013-12-10</gml:timePosition>
</lfSpanFr>
<devDate gml:id="K27_4646111871_4-2">
<gml:timePosition>2024-11-29</gml:timePosition>
</devDate>
<orgGILvl>2500</orgGILvl>
<vis>表示</vis>
<loc>
<gml:Curve gml:id="K27_4646111871_4-g" srsName="fguuid:jgd2011.bl">
<gml:segments>
<gml:LineStringSegment>
<gml:posList>
32.976536685 129.060890939
32.976446610 129.061088828
32.976399522 129.061192260
</gml:posList>
</gml:LineStringSegment>
</gml:segments>
</gml:Curve>
</loc>
<type>せき</type>
</WStrL>
<WStrL gml:id="K27_4646111874_1">
<fid>46461-11874-s-1071</fid>
<lfSpanFr gml:id="K27_4646111874_1-1">
<gml:timePosition>2015-11-17</gml:timePosition>
</lfSpanFr>
<devDate gml:id="K27_4646111874_1-2">
<gml:timePosition>2024-11-29</gml:timePosition>
</devDate>
<orgGILvl>2500</orgGILvl>
<vis>表示</vis>
<loc>
<gml:Curve gml:id="K27_4646111874_1-g" srsName="fguuid:jgd2011.bl">
<gml:segments>
<gml:LineStringSegment>
<gml:posList>
32.985829234 129.064833758
32.985510389 129.064625770
32.985494557 129.064657380
32.985820509 129.064862596
32.985829234 129.064833758
</gml:posList>
</gml:LineStringSegment>
</gml:segments>
</gml:Curve>
</loc>
<type>せき</type>
</WStrL>
<WStrL gml:id="K27_4646411874_1">
<fid>46464-11874-s-1538</fid>
<lfSpanFr gml:id="K27_4646411874_1-1">
<gml:timePosition>2013-12-10</gml:timePosition>
</lfSpanFr>
<devDate gml:id="K27_4646411874_1-2">
<gml:timePosition>2024-11-29</gml:timePosition>
</devDate>
<orgGILvl>2500</orgGILvl>
<vis>表示</vis>
<loc>
<gml:Curve gml:id="K27_4646411874_1-g" srsName="fguuid:jgd2011.bl">
<gml:segments>
<gml:LineStringSegment>
<gml:posList>
32.988173178 129.072764271
32.988067126 129.072823483
32.988060959 129.072808051
32.988164453 129.072747054
</gml:posList>
</gml:LineStringSegment>
</gml:segments>
</gml:Curve>
</loc>
<type>せき</type>
</WStrL>
<WStrL gml:id="K27_4646411874_2">
<fid>46464-11874-s-1539</fid>
<lfSpanFr gml:id="K27_4646411874_2-1">
<gml:timePosition>2013-12-10</gml:timePosition>
</lfSpanFr>
<devDate gml:id="K27_4646411874_2-2">
<gml:timePosition>2024-11-29</gml:timePosition>
</devDate>
<orgGILvl>2500</orgGILvl>
<vis>表示</vis>
<loc>
<gml:Curve gml:id="K27_4646411874_2-g" srsName="fguuid:jgd2011.bl">
<gml:segments>
<gml:LineStringSegment>
<gml:posList>
32.988164453 129.072747054
32.988173178 129.072764271
</gml:posList>
</gml:LineStringSegment>
</gml:segments>
</gml:Curve>
</loc>
<type>せき</type>
</WStrL>
<WStrL gml:id="K27_4646411874_3">
<fid>46464-11874-s-1540</fid>
<lfSpanFr gml:id="K27_4646411874_3-1">
<gml:timePosition>2013-12-10</gml:timePosition>
</lfSpanFr>
<devDate gml:id="K27_4646411874_3-2">
<gml:timePosition>2024-11-29</gml:timePosition>
</devDate>
<orgGILvl>2500</orgGILvl>
<vis>表示</vis>
<loc>
<gml:Curve gml:id="K27_4646411874_3-g" srsName="fguuid:jgd2011.bl">
<gml:segments>
<gml:LineStringSegment>
<gml:posList>
32.988881939 129.073293510
32.988863447 129.073296948
32.988822232 129.073195474
32.988841201 129.073189027
</gml:posList>
</gml:LineStringSegment>
</gml:segments>
</gml:Curve>
</loc>
<type>せき</type>
</WStrL>
<WStrL gml:id="K27_4646411874_4">
<fid>46464-11874-s-1541</fid>
<lfSpanFr gml:id="K27_4646411874_4-1">
<gml:timePosition>2013-12-10</gml:timePosition>
</lfSpanFr>
<devDate gml:id="K27_4646411874_4-2">
<gml:timePosition>2024-11-29</gml:timePosition>
</devDate>
<orgGILvl>2500</orgGILvl>
<vis>表示</vis>
<loc>
<gml:Curve gml:id="K27_4646411874_4-g" srsName="fguuid:jgd2011.bl">
<gml:segments>
<gml:LineStringSegment>
<gml:posList>
32.989364197 129.074481930
32.989363979 129.074481332
32.989010302 129.074630028
32.988942377 129.074660624
32.988833643 129.074747902
</gml:posList>
</gml:LineStringSegment>
</gml:segments>
</gml:Curve>
</loc>
<type>ダム</type>
</WStrL>
<WStrL gml:id="K27_4646411874_5">
<fid>46464-11874-s-1542</fid>
<lfSpanFr gml:id="K27_4646411874_5-1">
<gml:timePosition>2013-12-10</gml:timePosition>
</lfSpanFr>
<devDate gml:id="K27_4646411874_5-2">
<gml:timePosition>2024-11-29</gml:timePosition>
</devDate>
<orgGILvl>2500</orgGILvl>
<vis>表示</vis>
<loc>
<gml:Curve gml:id="K27_4646411874_5-g" srsName="fguuid:jgd2011.bl">
<gml:segments>
<gml:LineStringSegment>
<gml:posList>
32.989364197 129.074481930
32.988833643 129.074747902
</gml:posList>
</gml:LineStringSegment>
</gml:segments>
</gml:Curve>
</loc>
<type>ダム</type>
</WStrL>
<WStrL gml:id="K27_4646411874_6">
<fid>46464-11874-s-1543</fid>
<lfSpanFr gml:id="K27_4646411874_6-1">
<gml:timePosition>2013-12-10</gml:timePosition>
</lfSpanFr>
<devDate gml:id="K27_4646411874_6-2">
<gml:timePosition>2024-11-29</gml:timePosition>
</devDate>
<orgGILvl>2500</orgGILvl>
<vis>表示</vis>
<loc>
<gml:Curve gml:id="K27_4646411874_6-g" srsName="fguuid:jgd2011.bl">
<gml:segments>
<gml:LineStringSegment>
<gml:posList>
32.988833643 129.074747902
32.988842565 129.074788702
</gml:posList>
</gml:LineStringSegment>
</gml:segments>
</gml:Curve>
</loc>
<type>ダム</type>
</WStrL>
<WStrL gml:id="K27_4646411874_7">
<fid>46464-11874-s-1544</fid>
<lfSpanFr gml:id="K27_4646411874_7-1">
<gml:timePosition>2013-12-10</gml:timePosition>
</lfSpanFr>
<devDate gml:id="K27_4646411874_7-2">
<gml:timePosition>2024-11-29</gml:timePosition>
</devDate>
<orgGILvl>2500</orgGILvl>
<vis>表示</vis>
<loc>
<gml:Curve gml:id="K27_4646411874_7-g" srsName="fguuid:jgd2011.bl">
<gml:segments>
<gml:LineStringSegment>
<gml:posList>
32.988841201 129.073189027
32.988881939 129.073293510
</gml:posList>
</gml:LineStringSegment>
</gml:segments>
</gml:Curve>
</loc>
<type>せき</type>
</WStrL>
<WStrL gml:id="K27_4646411874_8">
<fid>46464-11874-s-1546</fid>
<lfSpanFr gml:id="K27_4646411874_8-1">
<gml:timePosition>2013-12-10</gml:timePosition>
</lfSpanFr>
<devDate gml:id="K27_4646411874_8-2">
<gml:timePosition>2024-11-29</gml:timePosition>
</devDate>
<orgGILvl>2500</orgGILvl>
<vis>表示</vis>
<loc>
<gml:Curve gml:id="K27_4646411874_8-g" srsName="fguuid:jgd2011.bl">
<gml:segments>
<gml:LineStringSegment>
<gml:posList>
32.988842565 129.074788702
32.989372563 129.074504831
32.989364197 129.074481930
</gml:posList>
</gml:LineStringSegment>
</gml:segments>
</gml:Curve>
</loc>
<type>ダム</type>
</WStrL>
<WStrL gml:id="K27_4646411874_9">
<fid>46464-11874-s-1547</fid>
<lfSpanFr gml:id="K27_4646411874_9-1">
<gml:timePosition>2013-12-10</gml:timePosition>
</lfSpanFr>
<devDate gml:id="K27_4646411874_9-2">
<gml:timePosition>2024-11-29</gml:timePosition>
</devDate>
<orgGILvl>2500</orgGILvl>
<vis>表示</vis>
<loc>
<gml:Curve gml:id="K27_4646411874_9-g" srsName="fguuid:jgd2011.bl">
<gml:segments>
<gml:LineStringSegment>
<gml:posList>
32.990403588 129.072203475
32.990412169 129.072194574
32.990350808 129.072135205
32.989868349 129.071672114
32.989610250 129.071409867
32.989602811 129.071420678
32.989642170 129.071477777
32.989678557 129.071530589
32.989963847 129.071956761
32.990066456 129.072053350
32.990350203 129.072158577
32.990350744 129.072158575
32.990403588 129.072203475
</gml:posList>
</gml:LineStringSegment>
</gml:segments>
</gml:Curve>
</loc>
<type>ダム</type>
</WStrL>
<WStrL gml:id="K27_4646411874_10">
<fid>46464-11874-s-1548</fid>
<lfSpanFr gml:id="K27_4646411874_10-1">
<gml:timePosition>2013-12-10</gml:timePosition>
</lfSpanFr>
<devDate gml:id="K27_4646411874_10-2">
<gml:timePosition>2024-11-29</gml:timePosition>
</devDate>
<orgGILvl>2500</orgGILvl>
<vis>表示</vis>
<loc>
<gml:Curve gml:id="K27_4646411874_10-g" srsName="fguuid:jgd2011.bl">
<gml:segments>
<gml:LineStringSegment>
<gml:posList>
32.989876498 129.072308023
32.989762780 129.072205999
32.989752890 129.072214457
32.989735797 129.072234207
32.989853469 129.072342761
</gml:posList>
</gml:LineStringSegment>
</gml:segments>
</gml:Curve>
</loc>
<type>せき</type>
</WStrL>
<WStrL gml:id="K27_4646411874_11">
<fid>46464-11874-s-1549</fid>
<lfSpanFr gml:id="K27_4646411874_11-1">
<gml:timePosition>2013-12-10</gml:timePosition>
</lfSpanFr>
<devDate gml:id="K27_4646411874_11-2">
<gml:timePosition>2024-11-29</gml:timePosition>
</devDate>
<orgGILvl>2500</orgGILvl>
<vis>表示</vis>
<loc>
<gml:Curve gml:id="K27_4646411874_11-g" srsName="fguuid:jgd2011.bl">
<gml:segments>
<gml:LineStringSegment>
<gml:posList>
32.989853469 129.072342761
32.989865215 129.072323219
32.989876498 129.072308023
</gml:posList>
</gml:LineStringSegment>
</gml:segments>
</gml:Curve>
</loc>
<type>せき</type>
</WStrL>
<WStrL gml:id="K27_4646411874_12">
<fid>46464-11874-s-1599</fid>
<lfSpanFr gml:id="K27_4646411874_12-1">
<gml:timePosition>2013-12-10</gml:timePosition>
</lfSpanFr>
<devDate gml:id="K27_4646411874_12-2">
<gml:timePosition>2024-11-29</gml:timePosition>
</devDate>
<orgGILvl>2500</orgGILvl>
<vis>表示</vis>
<loc>
<gml:Curve gml:id="K27_4646411874_12-g" srsName="fguuid:jgd2011.bl">
<gml:segments>
<gml:LineStringSegment>
<gml:posList>
32.989372563 129.074504831
32.989125262 129.074707812
32.989006377 129.074753783
32.988842565 129.074788702
</gml:posList>
</gml:LineStringSegment>
</gml:segments>
</gml:Curve>
</loc>
<type>ダム</type>
</WStrL>
<WStrL gml:id="K27_4646711862_1">
<fid>46467-11862-s-308</fid>
<lfSpanFr gml:id="K27_4646711862_1-1">
<gml:timePosition>2015-11-17</gml:timePosition>
</lfSpanFr>
<devDate gml:id="K27_4646711862_1-2">
<gml:timePosition>2024-11-29</gml:timePosition>
</devDate>
<orgGILvl>2500</orgGILvl>
<vis>表示</vis>
<loc>
<gml:Curve gml:id="K27_4646711862_1-g" srsName="fguuid:jgd2011.bl">
<gml:segments>
<gml:LineStringSegment>
<gml:posList>
32.951374914 129.083242537
32.951355001 129.083266343
32.951354012 129.083286006
32.951591638 129.083270538
32.951590525 129.083253066
32.951571518 129.083231946
</gml:posList>
</gml:LineStringSegment>
</gml:segments>
</gml:Curve>
</loc>
<type>ダム</type>
</WStrL>
<WStrL gml:id="K27_4646711862_2">
<fid>46467-11862-s-309</fid>
<lfSpanFr gml:id="K27_4646711862_2-1">
<gml:timePosition>2015-11-17</gml:timePosition>
</lfSpanFr>
<devDate gml:id="K27_4646711862_2-2">
<gml:timePosition>2024-11-29</gml:timePosition>
</devDate>
<orgGILvl>2500</orgGILvl>
<vis>表示</vis>
<loc>
<gml:Curve gml:id="K27_4646711862_2-g" srsName="fguuid:jgd2011.bl">
<gml:segments>
<gml:LineStringSegment>
<gml:posList>
32.951571518 129.083231946
32.951471111 129.083237355
</gml:posList>
</gml:LineStringSegment>
</gml:segments>
</gml:Curve>
</loc>
<type>ダム</type>
</WStrL>
<WStrL gml:id="K27_4646711862_3">
<fid>46467-11862-s-310</fid>
<lfSpanFr gml:id="K27_4646711862_3-1">
<gml:timePosition>2015-11-17</gml:timePosition>
</lfSpanFr>
<devDate gml:id="K27_4646711862_3-2">
<gml:timePosition>2024-11-29</gml:timePosition>
</devDate>
<orgGILvl>2500</orgGILvl>
<vis>表示</vis>
<loc>
<gml:Curve gml:id="K27_4646711862_3-g" srsName="fguuid:jgd2011.bl">
<gml:segments>
<gml:LineStringSegment>
<gml:posList>
32.951590525 129.083253066
32.951355001 129.083266343
</gml:posList>
</gml:LineStringSegment>
</gml:segments>
</gml:Curve>
</loc>
<type>ダム</type>
</WStrL>
<WStrL gml:id="K27_4646711862_4">
<fid>46467-11862-s-314</fid>
<lfSpanFr gml:id="K27_4646711862_4-1">
<gml:timePosition>2015-11-17</gml:timePosition>
</lfSpanFr>
<devDate gml:id="K27_4646711862_4-2">
<gml:timePosition>2024-11-29</gml:timePosition>
</devDate>
<orgGILvl>2500</orgGILvl>
<vis>表示</vis>
<loc>
<gml:Curve gml:id="K27_4646711862_4-g" srsName="fguuid:jgd2011.bl">
<gml:segments>
<gml:LineStringSegment>
<gml:posList>
32.951471111 129.083237355
32.951374914 129.083242537
</gml:posList>
</gml:LineStringSegment>
</gml:segments>
</gml:Curve>
</loc>
<type>ダム</type>
</WStrL>
<WStrL gml:id="K27_4646711871_1">
<fid>46467-11871-s-321</fid>
<lfSpanFr gml:id="K27_4646711871_1-1">
<gml:timePosition>2015-11-17</gml:timePosition>
</lfSpanFr>
<devDate gml:id="K27_4646711871_1-2">
<gml:timePosition>2024-11-29</gml:timePosition>
</devDate>
<orgGILvl>2500</orgGILvl>
<vis>表示</vis>
<loc>
<gml:Curve gml:id="K27_4646711871_1-g" srsName="fguuid:jgd2011.bl">
<gml:segments>
<gml:LineStringSegment>
<gml:posList>
32.982211208 129.079467026
32.982184048 129.079759514
</gml:posList>
</gml:LineStringSegment>
</gml:segments>
</gml:Curve>
</loc>
<type>ダム</type>
</WStrL>
<WStrL gml:id="K27_4646711871_2">
<fid>46467-11871-s-322</fid>
<lfSpanFr gml:id="K27_4646711871_2-1">
<gml:timePosition>2015-11-17</gml:timePosition>
</lfSpanFr>
<devDate gml:id="K27_4646711871_2-2">
<gml:timePosition>2024-11-29</gml:timePosition>
</devDate>
<orgGILvl>2500</orgGILvl>
<vis>表示</vis>
<loc>
<gml:Curve gml:id="K27_4646711871_2-g" srsName="fguuid:jgd2011.bl">
<gml:segments>
<gml:LineStringSegment>
<gml:posList>
32.982184048 129.079759514
32.982211562 129.079700816
32.982225801 129.079556360
32.982214108 129.079484784
32.982211208 129.079467026
</gml:posList>
</gml:LineStringSegment>
</gml:segments>
</gml:Curve>
</loc>
<type>ダム</type>
</WStrL>
<WStrL gml:id="K27_4646711871_3">
<fid>46467-11871-s-323</fid>
<lfSpanFr gml:id="K27_4646711871_3-1">
<gml:timePosition>2015-11-17</gml:timePosition>
</lfSpanFr>
<devDate gml:id="K27_4646711871_3-2">
<gml:timePosition>2024-11-29</gml:timePosition>
</devDate>
<orgGILvl>2500</orgGILvl>
<vis>表示</vis>
<loc>
<gml:Curve gml:id="K27_4646711871_3-g" srsName="fguuid:jgd2011.bl">
<gml:segments>
<gml:LineStringSegment>
<gml:posList>
32.982199499 129.079463337
32.982170882 129.079759245
</gml:posList>
</gml:LineStringSegment>
</gml:segments>
</gml:Curve>
</loc>
<type>ダム</type>
</WStrL>
<WStrL gml:id="K27_4647011868_1">
<fid>46470-11868-s-1185</fid>
<lfSpanFr gml:id="K27_4647011868_1-1">
<gml:timePosition>2014-08-11</gml:timePosition>
</lfSpanFr>
<devDate gml:id="K27_4647011868_1-2">
<gml:timePosition>2024-11-29</gml:timePosition>
</devDate>
<orgGILvl>2500</orgGILvl>
<vis>表示</vis>
<loc>
<gml:Curve gml:id="K27_4647011868_1-g" srsName="fguuid:jgd2011.bl">
<gml:segments>
<gml:LineStringSegment>
<gml:posList>
32.973227805 129.085117860
32.973248888 129.085104175
32.973284186 129.085262440
32.973327268 129.085454220
32.973304373 129.085462607
32.973260278 129.085264617
32.973227805 129.085117860
</gml:posList>
</gml:LineStringSegment>
</gml:segments>
</gml:Curve>
</loc>
<type>せき</type>
</WStrL>
<WStrL gml:id="K27_4647011868_2">
<fid>46470-11868-s-1186</fid>
<lfSpanFr gml:id="K27_4647011868_2-1">
<gml:timePosition>2014-08-11</gml:timePosition>
</lfSpanFr>
<devDate gml:id="K27_4647011868_2-2">
<gml:timePosition>2024-11-29</gml:timePosition>
</devDate>
<orgGILvl>2500</orgGILvl>
<vis>表示</vis>
<loc>
<gml:Curve gml:id="K27_4647011868_2-g" srsName="fguuid:jgd2011.bl">
<gml:segments>
<gml:LineStringSegment>
<gml:posList>
32.973379894 129.084354971
32.973382961 129.084379788
32.973494470 129.084327421
32.973634718 129.084261558
32.973628657 129.084236756
32.973487439 129.084303864
32.973379894 129.084354971
</gml:posList>
</gml:LineStringSegment>
</gml:segments>
</gml:Curve>
</loc>
<type>せき</type>
</WStrL>
<WStrL gml:id="K27_4647011868_3">
<fid>46470-11868-s-1187</fid>
<lfSpanFr gml:id="K27_4647011868_3-1">
<gml:timePosition>2014-08-11</gml:timePosition>
</lfSpanFr>
<devDate gml:id="K27_4647011868_3-2">
<gml:timePosition>2024-11-29</gml:timePosition>
</devDate>
<orgGILvl>2500</orgGILvl>
<vis>表示</vis>
<loc>
<gml:Curve gml:id="K27_4647011868_3-g" srsName="fguuid:jgd2011.bl">
<gml:segments>
<gml:LineStringSegment>
<gml:posList>
32.974546965 129.084076962
32.974540393 129.084099064
32.974716962 129.084157217
32.974884946 129.084212543
32.974895485 129.084187266
32.974546965 129.084076962
</gml:posList>
</gml:LineStringSegment>
</gml:segments>
</gml:Curve>
</loc>
<type>せき</type>
</WStrL>
<WStrL gml:id="K27_4647011871_1">
<fid>46470-11871-s-3125</fid>
<lfSpanFr gml:id="K27_4647011871_1-1">
<gml:timePosition>2018-12-14</gml:timePosition>
</lfSpanFr>
<devDate gml:id="K27_4647011871_1-2">
<gml:timePosition>2024-11-29</gml:timePosition>
</devDate>
<orgGILvl>2500</orgGILvl>
<vis>表示</vis>
<loc>
<gml:Curve gml:id="K27_4647011871_1-g" srsName="fguuid:jgd2011.bl">
<gml:segments>
<gml:LineStringSegment>
<gml:posList>
32.975085372 129.091445271
32.975070958 129.091435912
32.975054037 129.091478870
32.975048823 129.091492128
32.975062474 129.091502389
</gml:posList>
</gml:LineStringSegment>
</gml:segments>
</gml:Curve>
</loc>
<type>せき</type>
</WStrL>
<WStrL gml:id="K27_4647011871_2">
<fid>46470-11871-s-3126</fid>
<lfSpanFr gml:id="K27_4647011871_2-1">
<gml:timePosition>2018-12-14</gml:timePosition>
</lfSpanFr>
<devDate gml:id="K27_4647011871_2-2">
<gml:timePosition>2024-11-29</gml:timePosition>
</devDate>
<orgGILvl>2500</orgGILvl>
<vis>表示</vis>
<loc>
<gml:Curve gml:id="K27_4647011871_2-g" srsName="fguuid:jgd2011.bl">
<gml:segments>
<gml:LineStringSegment>
<gml:posList>
32.975062474 129.091502389
32.975085372 129.091445271
</gml:posList>
</gml:LineStringSegment>
</gml:segments>
</gml:Curve>
</loc>
<type>せき</type>
</WStrL>
<WStrL gml:id="K27_4647011871_3">
<fid>46470-11871-s-3138</fid>
<lfSpanFr gml:id="K27_4647011871_3-1">
<gml:timePosition>2018-12-14</gml:timePosition>
</lfSpanFr>
<devDate gml:id="K27_4647011871_3-2">
<gml:timePosition>2024-11-29</gml:timePosition>
</devDate>
<orgGILvl>2500</orgGILvl>
<vis>表示</vis>
<loc>
<gml:Curve gml:id="K27_4647011871_3-g" srsName="fguuid:jgd2011.bl">
<gml:segments>
<gml:LineStringSegment>
<gml:posList>
32.980370927 129.088443705
32.980174106 129.088366236
32.980011677 129.088302293
</gml:posList>
</gml:LineStringSegment>
</gml:segments>
</gml:Curve>
</loc>
<type>せき</type>
</WStrL>
<WStrL gml:id="K27_4647011871_4">
<fid>46470-11871-s-3139</fid>
<lfSpanFr gml:id="K27_4647011871_4-1">
<gml:timePosition>2018-12-14</gml:timePosition>
</lfSpanFr>
<devDate gml:id="K27_4647011871_4-2">
<gml:timePosition>2024-11-29</gml:timePosition>
</devDate>
<orgGILvl>2500</orgGILvl>
<vis>表示</vis>
<loc>
<gml:Curve gml:id="K27_4647011871_4-g" srsName="fguuid:jgd2011.bl">
<gml:segments>
<gml:LineStringSegment>
<gml:posList>
32.980383776 129.088410542
32.980181648 129.088331857
32.980014545 129.088266812
</gml:posList>
</gml:LineStringSegment>
</gml:segments>
</gml:Curve>
</loc>
<type>せき</type>
</WStrL>
<WStrL gml:id="K27_4647011871_5">
<fid>46470-11871-s-3140</fid>
<lfSpanFr gml:id="K27_4647011871_5-1">
<gml:timePosition>2018-12-14</gml:timePosition>
</lfSpanFr>
<devDate gml:id="K27_4647011871_5-2">
<gml:timePosition>2024-11-29</gml:timePosition>
</devDate>
<orgGILvl>2500</orgGILvl>
<vis>表示</vis>
<loc>
<gml:Curve gml:id="K27_4647011871_5-g" srsName="fguuid:jgd2011.bl">
<gml:segments>
<gml:LineStringSegment>
<gml:posList>
32.981965270 129.089409058
32.982038567 129.089497598
32.982289423 129.089800631
32.982421950 129.090005072
32.982431340 129.090019547
32.982539431 129.090186301
32.982490080 129.090233809
32.982219403 129.089806679
32.981978220 129.089535582
32.981803205 129.089611950
32.981750720 129.089712713
32.981667796 129.089652785
</gml:posList>
</gml:LineStringSegment>
</gml:segments>
</gml:Curve>
</loc>
<type>防波堤</type>
</WStrL>
<WStrL gml:id="K27_4647011874_1">
<fid>46470-11874-s-3567</fid>
<lfSpanFr gml:id="K27_4647011874_1-1">
<gml:timePosition>2018-12-14</gml:timePosition>
</lfSpanFr>
<devDate gml:id="K27_4647011874_1-2">
<gml:timePosition>2024-11-29</gml:timePosition>
</devDate>
<orgGILvl>2500</orgGILvl>
<vis>表示</vis>
<loc>
<gml:Curve gml:id="K27_4647011874_1-g" srsName="fguuid:jgd2011.bl">
<gml:segments>
<gml:LineStringSegment>
<gml:posList>
32.989729477 129.084781996
32.989728207 129.085254515
32.989706936 129.085249575
32.989708716 129.085150172
32.989715302 129.084782063
32.989729477 129.084781996
</gml:posList>
</gml:LineStringSegment>
</gml:segments>
</gml:Curve>
</loc>
<type>せき</type>
</WStrL>
<WStrL gml:id="K27_4647011874_2">
<fid>46470-11874-s-3568</fid>
<lfSpanFr gml:id="K27_4647011874_2-1">
<gml:timePosition>2018-12-14</gml:timePosition>
</lfSpanFr>
<devDate gml:id="K27_4647011874_2-2">
<gml:timePosition>2024-11-29</gml:timePosition>
</devDate>
<orgGILvl>2500</orgGILvl>
<vis>表示</vis>
<loc>
<gml:Curve gml:id="K27_4647011874_2-g" srsName="fguuid:jgd2011.bl">
<gml:segments>
<gml:LineStringSegment>
<gml:posList>
32.990513096 129.088308427
32.990505740 129.088333682
32.990085386 129.088175471
32.990093798 129.088147686
</gml:posList>
</gml:LineStringSegment>
</gml:segments>
</gml:Curve>
</loc>
<type>ダム</type>
</WStrL>
<WStrL gml:id="K27_4647011874_3">
<fid>46470-11874-s-3569</fid>
<lfSpanFr gml:id="K27_4647011874_3-1">
<gml:timePosition>2018-12-14</gml:timePosition>
</lfSpanFr>
<devDate gml:id="K27_4647011874_3-2">
<gml:timePosition>2024-11-29</gml:timePosition>
</devDate>
<orgGILvl>2500</orgGILvl>
<vis>表示</vis>
<loc>
<gml:Curve gml:id="K27_4647011874_3-g" srsName="fguuid:jgd2011.bl">
<gml:segments>
<gml:LineStringSegment>
<gml:posList>
32.990093798 129.088147686
32.990513096 129.088308427
</gml:posList>
</gml:LineStringSegment>
</gml:segments>
</gml:Curve>
</loc>
<type>ダム</type>
</WStrL>
<WStrL gml:id="K27_4647011874_4">
<fid>46470-11874-s-3570</fid>
<lfSpanFr gml:id="K27_4647011874_4-1">
<gml:timePosition>2018-12-14</gml:timePosition>
</lfSpanFr>
<devDate gml:id="K27_4647011874_4-2">
<gml:timePosition>2024-11-29</gml:timePosition>
</devDate>
<orgGILvl>2500</orgGILvl>
<vis>表示</vis>
<loc>
<gml:Curve gml:id="K27_4647011874_4-g" srsName="fguuid:jgd2011.bl">
<gml:segments>
<gml:LineStringSegment>
<gml:posList>
32.990513096 129.088308427
32.990338389 129.088188164
32.990233082 129.088160907
32.990093798 129.088147686
</gml:posList>
</gml:LineStringSegment>
</gml:segments>
</gml:Curve>
</loc>
<type>ダム</type>
</WStrL>
<WStrL gml:id="K27_4647011874_5">
<fid>46470-11874-s-3571</fid>
<lfSpanFr gml:id="K27_4647011874_5-1">
<gml:timePosition>2018-12-14</gml:timePosition>
</lfSpanFr>
<devDate gml:id="K27_4647011874_5-2">
<gml:timePosition>2024-11-29</gml:timePosition>
</devDate>
<orgGILvl>2500</orgGILvl>
<vis>表示</vis>
<loc>
<gml:Curve gml:id="K27_4647011874_5-g" srsName="fguuid:jgd2011.bl">
<gml:segments>
<gml:LineStringSegment>
<gml:posList>
32.986359436 129.089497289
32.985758066 129.089538837
32.985540289 129.089732793
32.985514660 129.089694125
32.985518589 129.089677084
32.985743511 129.089475529
32.986347528 129.089434535
32.986386665 129.089431882
32.986386548 129.089396274
32.986725056 129.089376046
32.986997438 129.089545042
</gml:posList>
</gml:LineStringSegment>
</gml:segments>
</gml:Curve>
</loc>
<type>防波堤</type>
</WStrL>
<WStrL gml:id="K27_4647011874_6">
<fid>46470-11874-s-3604</fid>
<lfSpanFr gml:id="K27_4647011874_6-1">
<gml:timePosition>2018-12-14</gml:timePosition>
</lfSpanFr>
<devDate gml:id="K27_4647011874_6-2">
<gml:timePosition>2024-11-29</gml:timePosition>
</devDate>
<orgGILvl>2500</orgGILvl>
<vis>表示</vis>
<loc>
<gml:Curve gml:id="K27_4647011874_6-g" srsName="fguuid:jgd2011.bl">
<gml:segments>
<gml:LineStringSegment>
<gml:posList>
32.984481555 129.091321000
32.984304552 129.090831988
32.984345233 129.090810775
32.984561501 129.091385803
</gml:posList>
</gml:LineStringSegment>
</gml:segments>
</gml:Curve>
</loc>
<type>防波堤</type>
</WStrL>
<WStrL gml:id="K27_4647011874_7">
<fid>46470-11874-s-3605</fid>
<lfSpanFr gml:id="K27_4647011874_7-1">
<gml:timePosition>2018-12-14</gml:timePosition>
</lfSpanFr>
<devDate gml:id="K27_4647011874_7-2">
<gml:timePosition>2024-11-29</gml:timePosition>
</devDate>
<orgGILvl>2500</orgGILvl>
<vis>表示</vis>
<loc>
<gml:Curve gml:id="K27_4647011874_7-g" srsName="fguuid:jgd2011.bl">
<gml:segments>
<gml:LineStringSegment>
<gml:posList>
32.985269578 129.088203600
32.985208919 129.088628243
32.985258543 129.088636412
32.985295951 129.088377295
32.985317592 129.088210300
</gml:posList>
</gml:LineStringSegment>
</gml:segments>
</gml:Curve>
</loc>
<type>防波堤</type>
</WStrL>
<WStrL gml:id="K27_4647011874_8">
<fid>46470-11874-s-3606</fid>
<lfSpanFr gml:id="K27_4647011874_8-1">
<gml:timePosition>2018-12-14</gml:timePosition>
</lfSpanFr>
<devDate gml:id="K27_4647011874_8-2">
<gml:timePosition>2024-11-29</gml:timePosition>
</devDate>
<orgGILvl>2500</orgGILvl>
<vis>表示</vis>
<loc>
<gml:Curve gml:id="K27_4647011874_8-g" srsName="fguuid:jgd2011.bl">
<gml:segments>
<gml:LineStringSegment>
<gml:posList>
32.987263762 129.089813374
32.986694399 129.089497418
32.986359436 129.089497289
</gml:posList>
</gml:LineStringSegment>
</gml:segments>
</gml:Curve>
</loc>
<type>防波堤</type>
</WStrL>
<WStrL gml:id="K27_4647011874_9">
<fid>46470-11874-s-3607</fid>
<lfSpanFr gml:id="K27_4647011874_9-1">
<gml:timePosition>2018-12-14</gml:timePosition>
</lfSpanFr>
<devDate gml:id="K27_4647011874_9-2">
<gml:timePosition>2024-11-29</gml:timePosition>
</devDate>
<orgGILvl>2500</orgGILvl>
<vis>表示</vis>
<loc>
<gml:Curve gml:id="K27_4647011874_9-g" srsName="fguuid:jgd2011.bl">
<gml:segments>
<gml:LineStringSegment>
<gml:posList>
32.986997438 129.089545042
32.986975997 129.089595131
32.987210276 129.089735597
</gml:posList>
</gml:LineStringSegment>
</gml:segments>
</gml:Curve>
</loc>
<type>防波堤</type>
</WStrL>
<WStrL gml:id="K27_4647311862_1">
<fid>46473-11862-s-320</fid>
<lfSpanFr gml:id="K27_4647311862_1-1">
<gml:timePosition>2013-12-10</gml:timePosition>
</lfSpanFr>
<devDate gml:id="K27_4647311862_1-2">
<gml:timePosition>2024-11-29</gml:timePosition>
</devDate>
<orgGILvl>2500</orgGILvl>
<vis>表示</vis>
<loc>
<gml:Curve gml:id="K27_4647311862_1-g" srsName="fguuid:jgd2011.bl">
<gml:segments>
<gml:LineStringSegment>
<gml:posList>
32.956280296 129.098309635
32.955961981 129.098340040
</gml:posList>
</gml:LineStringSegment>
</gml:segments>
</gml:Curve>
</loc>
<type>せき</type>
</WStrL>
<WStrL gml:id="K27_4647311862_2">
<fid>46473-11862-s-321</fid>
<lfSpanFr gml:id="K27_4647311862_2-1">
<gml:timePosition>2013-12-10</gml:timePosition>
</lfSpanFr>
<devDate gml:id="K27_4647311862_2-2">
<gml:timePosition>2024-11-29</gml:timePosition>
</devDate>
<orgGILvl>2500</orgGILvl>
<vis>表示</vis>
<loc>
<gml:Curve gml:id="K27_4647311862_2-g" srsName="fguuid:jgd2011.bl">
<gml:segments>
<gml:LineStringSegment>
<gml:posList>
32.956285242 129.098330470
32.955966915 129.098357399
</gml:posList>
</gml:LineStringSegment>
</gml:segments>
</gml:Curve>
</loc>
<type>せき</type>
</WStrL>
<WStrL gml:id="K27_4647311862_3">
<fid>46473-11862-s-322</fid>
<lfSpanFr gml:id="K27_4647311862_3-1">
<gml:timePosition>2013-12-10</gml:timePosition>
</lfSpanFr>
<devDate gml:id="K27_4647311862_3-2">
<gml:timePosition>2024-11-29</gml:timePosition>
</devDate>
<orgGILvl>2500</orgGILvl>
<vis>表示</vis>
<loc>
<gml:Curve gml:id="K27_4647311862_3-g" srsName="fguuid:jgd2011.bl">
<gml:segments>
<gml:LineStringSegment>
<gml:posList>
32.956121015 129.099629284
32.955977689 129.099648830
</gml:posList>
</gml:LineStringSegment>
</gml:segments>
</gml:Curve>
</loc>
<type>せき</type>
</WStrL>
<WStrL gml:id="K27_4647311862_4">
<fid>46473-11862-s-323</fid>
<lfSpanFr gml:id="K27_4647311862_4-1">
<gml:timePosition>2013-12-10</gml:timePosition>
</lfSpanFr>
<devDate gml:id="K27_4647311862_4-2">
<gml:timePosition>2024-11-29</gml:timePosition>
</devDate>
<orgGILvl>2500</orgGILvl>
<vis>表示</vis>
<loc>
<gml:Curve gml:id="K27_4647311862_4-g" srsName="fguuid:jgd2011.bl">
<gml:segments>
<gml:LineStringSegment>
<gml:posList>
32.956126250 129.099647647
32.955978299 129.099667728
</gml:posList>
</gml:LineStringSegment>
</gml:segments>
</gml:Curve>
</loc>
<type>せき</type>
</WStrL>
<WStrL gml:id="K27_4647311862_5">
<fid>46473-11862-s-324</fid>
<lfSpanFr gml:id="K27_4647311862_5-1">
<gml:timePosition>2013-12-10</gml:timePosition>
</lfSpanFr>
<devDate gml:id="K27_4647311862_5-2">
<gml:timePosition>2024-11-29</gml:timePosition>
</devDate>
<orgGILvl>2500</orgGILvl>
<vis>表示</vis>
<loc>
<gml:Curve gml:id="K27_4647311862_5-g" srsName="fguuid:jgd2011.bl">
<gml:segments>
<gml:LineStringSegment>
<gml:posList>
32.956329157 129.098813046
32.956001701 129.098633792
</gml:posList>
</gml:LineStringSegment>
</gml:segments>
</gml:Curve>
</loc>
<type>せき</type>
</WStrL>
<WStrL gml:id="K27_4647311862_6">
<fid>46473-11862-s-325</fid>
<lfSpanFr gml:id="K27_4647311862_6-1">
<gml:timePosition>2013-12-10</gml:timePosition>
</lfSpanFr>
<devDate gml:id="K27_4647311862_6-2">
<gml:timePosition>2024-11-29</gml:timePosition>
</devDate>
<orgGILvl>2500</orgGILvl>
<vis>表示</vis>
<loc>
<gml:Curve gml:id="K27_4647311862_6-g" srsName="fguuid:jgd2011.bl">
<gml:segments>
<gml:LineStringSegment>
<gml:posList>
32.956336921 129.098796014
32.956015985 129.098619822
</gml:posList>
</gml:LineStringSegment>
</gml:segments>
</gml:Curve>
</loc>
<type>せき</type>
</WStrL>
<WStrL gml:id="K27_4647311862_7">
<fid>46473-11862-s-326</fid>
<lfSpanFr gml:id="K27_4647311862_7-1">
<gml:timePosition>2013-12-10</gml:timePosition>
</lfSpanFr>
<devDate gml:id="K27_4647311862_7-2">
<gml:timePosition>2024-11-29</gml:timePosition>
</devDate>
<orgGILvl>2500</orgGILvl>
<vis>表示</vis>
<loc>
<gml:Curve gml:id="K27_4647311862_7-g" srsName="fguuid:jgd2011.bl">
<gml:segments>
<gml:LineStringSegment>
<gml:posList>
32.956137739 129.099189326
32.956019081 129.099193766
</gml:posList>
</gml:LineStringSegment>
</gml:segments>
</gml:Curve>
</loc>
<type>せき</type>
</WStrL>
<WStrL gml:id="K27_4647311862_8">
<fid>46473-11862-s-327</fid>
<lfSpanFr gml:id="K27_4647311862_8-1">
<gml:timePosition>2013-12-10</gml:timePosition>
</lfSpanFr>
<devDate gml:id="K27_4647311862_8-2">
<gml:timePosition>2024-11-29</gml:timePosition>
</devDate>
<orgGILvl>2500</orgGILvl>
<vis>表示</vis>
<loc>
<gml:Curve gml:id="K27_4647311862_8-g" srsName="fguuid:jgd2011.bl">
<gml:segments>
<gml:LineStringSegment>
<gml:posList>
32.956137141 129.099174344
32.956021227 129.099176814
</gml:posList>
</gml:LineStringSegment>
</gml:segments>
</gml:Curve>
</loc>
<type>せき</type>
</WStrL>
<WStrL gml:id="K27_4647311862_9">
<fid>46473-11862-s-328</fid>
<lfSpanFr gml:id="K27_4647311862_9-1">
<gml:timePosition>2013-12-10</gml:timePosition>
</lfSpanFr>
<devDate gml:id="K27_4647311862_9-2">
<gml:timePosition>2024-11-29</gml:timePosition>
</devDate>
<orgGILvl>2500</orgGILvl>
<vis>表示</vis>
<loc>
<gml:Curve gml:id="K27_4647311862_9-g" srsName="fguuid:jgd2011.bl">
<gml:segments>
<gml:LineStringSegment>
<gml:posList>
32.956128821 129.099493043
32.956040801 129.099456955
</gml:posList>
</gml:LineStringSegment>
</gml:segments>
</gml:Curve>
</loc>
<type>せき</type>
</WStrL>
<WStrL gml:id="K27_4647311862_10">
<fid>46473-11862-s-329</fid>
<lfSpanFr gml:id="K27_4647311862_10-1">
<gml:timePosition>2013-12-10</gml:timePosition>
</lfSpanFr>
<devDate gml:id="K27_4647311862_10-2">
<gml:timePosition>2024-11-29</gml:timePosition>
</devDate>
<orgGILvl>2500</orgGILvl>
<vis>表示</vis>
<loc>
<gml:Curve gml:id="K27_4647311862_10-g" srsName="fguuid:jgd2011.bl">
<gml:segments>
<gml:LineStringSegment>
<gml:posList>
32.956134390 129.099472246
32.956044589 129.099437385
</gml:posList>
</gml:LineStringSegment>
</gml:segments>
</gml:Curve>
</loc>
<type>せき</type>
</WStrL>
<WStrL gml:id="K27_4647311862_11">
<fid>46473-11862-s-330</fid>
<lfSpanFr gml:id="K27_4647311862_11-1">
<gml:timePosition>2013-12-10</gml:timePosition>
</lfSpanFr>
<devDate gml:id="K27_4647311862_11-2">
<gml:timePosition>2024-11-29</gml:timePosition>
</devDate>
<orgGILvl>2500</orgGILvl>
<vis>表示</vis>
<loc>
<gml:Curve gml:id="K27_4647311862_11-g" srsName="fguuid:jgd2011.bl">
<gml:segments>
<gml:LineStringSegment>
<gml:posList>
32.956077952 129.099757929
32.956046641 129.099761132
</gml:posList>
</gml:LineStringSegment>
</gml:segments>
</gml:Curve>
</loc>
<type>せき</type>
</WStrL>
<WStrL gml:id="K27_4647311862_12">
<fid>46473-11862-s-331</fid>
<lfSpanFr gml:id="K27_4647311862_12-1">
<gml:timePosition>2013-12-10</gml:timePosition>
</lfSpanFr>
<devDate gml:id="K27_4647311862_12-2">
<gml:timePosition>2024-11-29</gml:timePosition>
</devDate>
<orgGILvl>2500</orgGILvl>
<vis>表示</vis>
<loc>
<gml:Curve gml:id="K27_4647311862_12-g" srsName="fguuid:jgd2011.bl">
<gml:segments>
<gml:LineStringSegment>
<gml:posList>
32.956077560 129.099766936
32.956049377 129.099770572
</gml:posList>
</gml:LineStringSegment>
</gml:segments>
</gml:Curve>
</loc>
<type>せき</type>
</WStrL>
<WStrL gml:id="K27_4647311862_13">
<fid>46473-11862-s-332</fid>
<lfSpanFr gml:id="K27_4647311862_13-1">
<gml:timePosition>2013-12-10</gml:timePosition>
</lfSpanFr>
<devDate gml:id="K27_4647311862_13-2">
<gml:timePosition>2024-11-29</gml:timePosition>
</devDate>
<orgGILvl>2500</orgGILvl>
<vis>表示</vis>
<loc>
<gml:Curve gml:id="K27_4647311862_13-g" srsName="fguuid:jgd2011.bl">
<gml:segments>
<gml:LineStringSegment>
<gml:posList>
32.956069689 129.098870962
32.956179697 129.098910864
</gml:posList>
</gml:LineStringSegment>
</gml:segments>
</gml:Curve>
</loc>
<type>せき</type>
</WStrL>
<WStrL gml:id="K27_4647311862_14">
<fid>46473-11862-s-333</fid>
<lfSpanFr gml:id="K27_4647311862_14-1">
<gml:timePosition>2013-12-10</gml:timePosition>
</lfSpanFr>
<devDate gml:id="K27_4647311862_14-2">
<gml:timePosition>2024-11-29</gml:timePosition>
</devDate>
<orgGILvl>2500</orgGILvl>
<vis>表示</vis>
<loc>
<gml:Curve gml:id="K27_4647311862_14-g" srsName="fguuid:jgd2011.bl">
<gml:segments>
<gml:LineStringSegment>
<gml:posList>
32.956182943 129.098893907
32.956075679 129.098854644
</gml:posList>
</gml:LineStringSegment>
</gml:segments>
</gml:Curve>
</loc>
<type>せき</type>
</WStrL>
<WStrL gml:id="K27_4647311865_1">
<fid>46473-11865-s-1079</fid>
<lfSpanFr gml:id="K27_4647311865_1-1">
<gml:timePosition>2014-08-11</gml:timePosition>
</lfSpanFr>
<devDate gml:id="K27_4647311865_1-2">
<gml:timePosition>2024-11-29</gml:timePosition>
</devDate>
<orgGILvl>2500</orgGILvl>
<vis>表示</vis>
<loc>
<gml:Curve gml:id="K27_4647311865_1-g" srsName="fguuid:jgd2011.bl">
<gml:segments>
<gml:LineStringSegment>
<gml:posList>
32.963416644 129.097093220
32.963393158 129.097072488
32.963369266 129.097051406
32.963356328 129.097066173
32.963384495 129.097090167
32.963407843 129.097110065
</gml:posList>
</gml:LineStringSegment>
</gml:segments>
</gml:Curve>
</loc>
<type>せき</type>
</WStrL>
<WStrL gml:id="K27_4647311865_2">
<fid>46473-11865-s-1080</fid>
<lfSpanFr gml:id="K27_4647311865_2-1">
<gml:timePosition>2014-08-11</gml:timePosition>
</lfSpanFr>
<devDate gml:id="K27_4647311865_2-2">
<gml:timePosition>2024-11-29</gml:timePosition>
</devDate>
<orgGILvl>2500</orgGILvl>
<vis>表示</vis>
<loc>
<gml:Curve gml:id="K27_4647311865_2-g" srsName="fguuid:jgd2011.bl">
<gml:segments>
<gml:LineStringSegment>
<gml:posList>
32.963407843 129.097110065
32.963416644 129.097093220
</gml:posList>
</gml:LineStringSegment>
</gml:segments>
</gml:Curve>
</loc>
<type>せき</type>
</WStrL>
<WStrL gml:id="K27_4647311865_3">
<fid>46473-11865-s-1081</fid>
<lfSpanFr gml:id="K27_4647311865_3-1">
<gml:timePosition>2014-08-11</gml:timePosition>
</lfSpanFr>
<devDate gml:id="K27_4647311865_3-2">
<gml:timePosition>2024-11-29</gml:timePosition>
</devDate>
<orgGILvl>2500</orgGILvl>
<vis>表示</vis>
<loc>
<gml:Curve gml:id="K27_4647311865_3-g" srsName="fguuid:jgd2011.bl">
<gml:segments>
<gml:LineStringSegment>
<gml:posList>
32.962388686 129.097165383
32.961960991 129.097171752
</gml:posList>
</gml:LineStringSegment>
</gml:segments>
</gml:Curve>
</loc>
<type>せき</type>
</WStrL>
<WStrL gml:id="K27_4647311865_4">
<fid>46473-11865-s-1082</fid>
<lfSpanFr gml:id="K27_4647311865_4-1">
<gml:timePosition>2014-08-11</gml:timePosition>
</lfSpanFr>
<devDate gml:id="K27_4647311865_4-2">
<gml:timePosition>2024-11-29</gml:timePosition>
</devDate>
<orgGILvl>2500</orgGILvl>
<vis>表示</vis>
<loc>
<gml:Curve gml:id="K27_4647311865_4-g" srsName="fguuid:jgd2011.bl">
<gml:segments>
<gml:LineStringSegment>
<gml:posList>
32.962391104 129.097143251
32.961963395 129.097145192
</gml:posList>
</gml:LineStringSegment>
</gml:segments>
</gml:Curve>
</loc>
<type>せき</type>
</WStrL>
<WStrL gml:id="K27_4647311865_5">
<fid>46473-11865-s-1083</fid>
<lfSpanFr gml:id="K27_4647311865_5-1">
<gml:timePosition>2014-08-11</gml:timePosition>
</lfSpanFr>
<devDate gml:id="K27_4647311865_5-2">
<gml:timePosition>2024-11-29</gml:timePosition>
</devDate>
<orgGILvl>2500</orgGILvl>
<vis>表示</vis>
<loc>
<gml:Curve gml:id="K27_4647311865_5-g" srsName="fguuid:jgd2011.bl">
<gml:segments>
<gml:LineStringSegment>
<gml:posList>
32.965966186 129.096583480
32.965834023 129.096449304
32.965694251 129.096307429
</gml:posList>
</gml:LineStringSegment>
</gml:segments>
</gml:Curve>
</loc>
<type>せき</type>
</WStrL>
<WStrL gml:id="K27_4647311865_6">
<fid>46473-11865-s-1084</fid>
<lfSpanFr gml:id="K27_4647311865_6-1">
<gml:timePosition>2014-08-11</gml:timePosition>
</lfSpanFr>
<devDate gml:id="K27_4647311865_6-2">
<gml:timePosition>2024-11-29</gml:timePosition>
</devDate>
<orgGILvl>2500</orgGILvl>
<vis>表示</vis>
<loc>
<gml:Curve gml:id="K27_4647311865_6-g" srsName="fguuid:jgd2011.bl">
<gml:segments>
<gml:LineStringSegment>
<gml:posList>
32.965978550 129.096561301
32.965840645 129.096422263
32.965709109 129.096289658
</gml:posList>
</gml:LineStringSegment>
</gml:segments>
</gml:Curve>
</loc>
<type>せき</type>
</WStrL>
<WStrL gml:id="K27_4647611862_1">
<fid>46476-11862-s-2366</fid>
<lfSpanFr gml:id="K27_4647611862_1-1">
<gml:timePosition>2015-11-17</gml:timePosition>
</lfSpanFr>
<devDate gml:id="K27_4647611862_1-2">
<gml:timePosition>2024-11-29</gml:timePosition>
</devDate>
<orgGILvl>2500</orgGILvl>
<vis>表示</vis>
<loc>
<gml:Curve gml:id="K27_4647611862_1-g" srsName="fguuid:jgd2011.bl">
<gml:segments>
<gml:LineStringSegment>
<gml:posList>
32.953668530 129.106337195
32.953675411 129.106365808
32.953361808 129.106484468
32.953363586 129.106493530
32.953409361 129.106725974
32.953395783 129.106729606
32.953403412 129.106755542
32.953383056 129.106760103
32.953432686 129.106942505
32.953451534 129.106937052
32.953456883 129.106957618
32.953912715 129.106943065
32.953913390 129.106919788
32.953961692 129.106917788
32.953963203 129.106970951
32.953916254 129.106975929
32.953916194 129.106956826
32.953465423 129.106977924
32.953415833 129.106997246
32.953406300 129.106951125
32.953415682 129.106949501
32.953393951 129.106866832
32.953383226 129.106868473
32.953375063 129.106833502
32.953385798 129.106831861
32.953369497 129.106769864
32.953356089 129.106773101
32.953347896 129.106728578
32.953389454 129.106715666
32.953351265 129.106518485
32.953296294 129.106533050
32.953274563 129.106450393
32.953342917 129.106424623
32.953355082 129.106453223
32.953668530 129.106337195
</gml:posList>
</gml:LineStringSegment>
</gml:segments>
</gml:Curve>
</loc>
<type>防波堤</type>
</WStrL>
<WStrL gml:id="K27_4647611862_2">
<fid>46476-11862-s-2383</fid>
<lfSpanFr gml:id="K27_4647611862_2-1">
<gml:timePosition>2015-11-17</gml:timePosition>
</lfSpanFr>
<devDate gml:id="K27_4647611862_2-2">
<gml:timePosition>2024-11-29</gml:timePosition>
</devDate>
<orgGILvl>2500</orgGILvl>
<vis>表示</vis>
<loc>
<gml:Curve gml:id="K27_4647611862_2-g" srsName="fguuid:jgd2011.bl">
<gml:segments>
<gml:LineStringSegment>
<gml:posList>
32.956098520 129.100021027
32.956084556 129.100022576
</gml:posList>
</gml:LineStringSegment>
</gml:segments>
</gml:Curve>
</loc>
<type>せき</type>
</WStrL>
<WStrL gml:id="K27_4647611862_3">
<fid>46476-11862-s-2384</fid>
<lfSpanFr gml:id="K27_4647611862_3-1">
<gml:timePosition>2015-11-17</gml:timePosition>
</lfSpanFr>
<devDate gml:id="K27_4647611862_3-2">
<gml:timePosition>2024-11-29</gml:timePosition>
</devDate>
<orgGILvl>2500</orgGILvl>
<vis>表示</vis>
<loc>
<gml:Curve gml:id="K27_4647611862_3-g" srsName="fguuid:jgd2011.bl">
<gml:segments>
<gml:LineStringSegment>
<gml:posList>
32.956099191 129.100027762
32.956085266 129.100028927
</gml:posList>
</gml:LineStringSegment>
</gml:segments>
</gml:Curve>
</loc>
<type>せき</type>
</WStrL>
<WStrL gml:id="K27_4647611862_4">
<fid>46476-11862-s-2385</fid>
<lfSpanFr gml:id="K27_4647611862_4-1">
<gml:timePosition>2015-11-17</gml:timePosition>
</lfSpanFr>
<devDate gml:id="K27_4647611862_4-2">
<gml:timePosition>2024-11-29</gml:timePosition>
</devDate>
<orgGILvl>2500</orgGILvl>
<vis>表示</vis>
<loc>
<gml:Curve gml:id="K27_4647611862_4-g" srsName="fguuid:jgd2011.bl">
<gml:segments>
<gml:LineStringSegment>
<gml:posList>
32.956120184 129.100212348
32.956107168 129.100213583
</gml:posList>
</gml:LineStringSegment>
</gml:segments>
</gml:Curve>
</loc>
<type>せき</type>
</WStrL>
<WStrL gml:id="K27_4647611862_5">
<fid>46476-11862-s-2386</fid>
<lfSpanFr gml:id="K27_4647611862_5-1">
<gml:timePosition>2015-11-17</gml:timePosition>
</lfSpanFr>
<devDate gml:id="K27_4647611862_5-2">
<gml:timePosition>2024-11-29</gml:timePosition>
</devDate>
<orgGILvl>2500</orgGILvl>
<vis>表示</vis>
<loc>
<gml:Curve gml:id="K27_4647611862_5-g" srsName="fguuid:jgd2011.bl">
<gml:segments>
<gml:LineStringSegment>
<gml:posList>
32.956121048 129.100219747
32.956107940 129.100221025
</gml:posList>
</gml:LineStringSegment>
</gml:segments>
</gml:Curve>
</loc>
<type>せき</type>
</WStrL>
<WStrL gml:id="K27_4647611862_6">
<fid>46476-11862-s-2387</fid>
<lfSpanFr gml:id="K27_4647611862_6-1">
<gml:timePosition>2015-11-17</gml:timePosition>
</lfSpanFr>
<devDate gml:id="K27_4647611862_6-2">
<gml:timePosition>2024-11-29</gml:timePosition>
</devDate>
<orgGILvl>2500</orgGILvl>
<vis>表示</vis>
<loc>
<gml:Curve gml:id="K27_4647611862_6-g" srsName="fguuid:jgd2011.bl">
<gml:segments>
<gml:LineStringSegment>
<gml:posList>
32.951482055 129.101351599
32.951456419 129.101640315
32.951522753 129.101651440
32.951554851 129.101336148
</gml:posList>
</gml:LineStringSegment>
</gml:segments>
</gml:Curve>
</loc>
<type>防波堤</type>
</WStrL>
<WStrL gml:id="K27_4647611862_7">
<fid>46476-11862-s-2388</fid>
<lfSpanFr gml:id="K27_4647611862_7-1">
<gml:timePosition>2015-11-17</gml:timePosition>
</lfSpanFr>
<devDate gml:id="K27_4647611862_7-2">
<gml:timePosition>2024-11-29</gml:timePosition>
</devDate>
<orgGILvl>2500</orgGILvl>
<vis>表示</vis>
<loc>
<gml:Curve gml:id="K27_4647611862_7-g" srsName="fguuid:jgd2011.bl">
<gml:segments>
<gml:LineStringSegment>
<gml:posList>
32.952083601 129.101568065
32.952087655 129.101668544
32.951810910 129.101684909
32.951816579 129.101751838
32.952133382 129.101733133
32.952126058 129.101563083
</gml:posList>
</gml:LineStringSegment>
</gml:segments>
</gml:Curve>
</loc>
<type>防波堤</type>
</WStrL>
<WStrL gml:id="K27_4647611862_8">
<fid>46476-11862-s-2389</fid>
<lfSpanFr gml:id="K27_4647611862_8-1">
<gml:timePosition>2015-11-17</gml:timePosition>
</lfSpanFr>
<devDate gml:id="K27_4647611862_8-2">
<gml:timePosition>2024-11-29</gml:timePosition>
</devDate>
<orgGILvl>2500</orgGILvl>
<vis>表示</vis>
<loc>
<gml:Curve gml:id="K27_4647611862_8-g" srsName="fguuid:jgd2011.bl">
<gml:segments>
<gml:LineStringSegment>
<gml:posList>
32.951873775 129.103701986
32.952137502 129.103601456
32.952148609 129.103657559
32.951882751 129.103742910
</gml:posList>
</gml:LineStringSegment>
</gml:segments>
</gml:Curve>
</loc>
<type>防波堤</type>
</WStrL>
<WStrL gml:id="K27_4647611862_9">
<fid>46476-11862-s-2390</fid>
<lfSpanFr gml:id="K27_4647611862_9-1">
<gml:timePosition>2015-11-17</gml:timePosition>
</lfSpanFr>
<devDate gml:id="K27_4647611862_9-2">
<gml:timePosition>2024-11-29</gml:timePosition>
</devDate>
<orgGILvl>2500</orgGILvl>
<vis>表示</vis>
<loc>
<gml:Curve gml:id="K27_4647611862_9-g" srsName="fguuid:jgd2011.bl">
<gml:segments>
<gml:LineStringSegment>
<gml:posList>
32.955569628 129.101331216
32.955516691 129.101754283
32.955588445 129.101768540
32.955639338 129.101346702
</gml:posList>
</gml:LineStringSegment>
</gml:segments>
</gml:Curve>
</loc>
<type>防波堤</type>
</WStrL>
<WStrL gml:id="K27_4647611862_10">
<fid>46476-11862-s-2441</fid>
<lfSpanFr gml:id="K27_4647611862_10-1">
<gml:timePosition>2015-11-17</gml:timePosition>
</lfSpanFr>
<devDate gml:id="K27_4647611862_10-2">
<gml:timePosition>2024-11-29</gml:timePosition>
</devDate>
<orgGILvl>2500</orgGILvl>
<vis>表示</vis>
<loc>
<gml:Curve gml:id="K27_4647611862_10-g" srsName="fguuid:jgd2011.bl">
<gml:segments>
<gml:LineStringSegment>
<gml:posList>
32.951234114 129.102406744
32.951401423 129.102334719
32.951392213 129.102302353
32.951650469 129.102197523
32.951679928 129.102298915
32.951418042 129.102408081
32.951405202 129.102380052
32.951245187 129.102452044
</gml:posList>
</gml:LineStringSegment>
</gml:segments>
</gml:Curve>
</loc>
<type>桟橋（鉄，コンクリート）</type>
</WStrL>
<WStrL gml:id="K27_4647611862_11">
<fid>46476-11862-s-2442</fid>
<lfSpanFr gml:id="K27_4647611862_11-1">
<gml:timePosition>2015-11-17</gml:timePosition>
</lfSpanFr>
<devDate gml:id="K27_4647611862_11-2">
<gml:timePosition>2024-11-29</gml:timePosition>
</devDate>
<orgGILvl>2500</orgGILvl>
<vis>表示</vis>
<loc>
<gml:Curve gml:id="K27_4647611862_11-g" srsName="fguuid:jgd2011.bl">
<gml:segments>
<gml:LineStringSegment>
<gml:posList>
32.955822806 129.101382333
32.955826306 129.101382889
32.955826278 129.101448750
32.955813944 129.101449111
32.955813806 129.101494278
32.955841861 129.101492306
32.955841694 129.101447139
32.955832972 129.101447500
32.955833889 129.101384083
</gml:posList>
</gml:LineStringSegment>
</gml:segments>
</gml:Curve>
</loc>
<type>桟橋（鉄，コンクリート）</type>
</WStrL>
<WStrL gml:id="K27_4647611865_1">
<fid>46476-11865-s-1862</fid>
<lfSpanFr gml:id="K27_4647611865_1-1">
<gml:timePosition>2014-08-11</gml:timePosition>
</lfSpanFr>
<devDate gml:id="K27_4647611865_1-2">
<gml:timePosition>2024-11-29</gml:timePosition>
</devDate>
<orgGILvl>2500</orgGILvl>
<vis>表示</vis>
<loc>
<gml:Curve gml:id="K27_4647611865_1-g" srsName="fguuid:jgd2011.bl">
<gml:segments>
<gml:LineStringSegment>
<gml:posList>
32.961195019 129.101675189
32.961192448 129.101731242
32.961194950 129.101775130
32.961205781 129.101840461
32.961215309 129.101864700
32.961244442 129.101863638
32.961231563 129.101775437
32.961227885 129.101733415
32.961231255 129.101678771
</gml:posList>
</gml:LineStringSegment>
</gml:segments>
</gml:Curve>
</loc>
<type>防波堤</type>
</WStrL>
<WStrL gml:id="K27_4647611865_2">
<fid>46476-11865-s-1863</fid>
<lfSpanFr gml:id="K27_4647611865_2-1">
<gml:timePosition>2014-08-11</gml:timePosition>
</lfSpanFr>
<devDate gml:id="K27_4647611865_2-2">
<gml:timePosition>2024-11-29</gml:timePosition>
</devDate>
<orgGILvl>2500</orgGILvl>
<vis>表示</vis>
<loc>
<gml:Curve gml:id="K27_4647611865_2-g" srsName="fguuid:jgd2011.bl">
<gml:segments>
<gml:LineStringSegment>
<gml:posList>
32.961231255 129.101678771
32.961195019 129.101675189
</gml:posList>
</gml:LineStringSegment>
</gml:segments>
</gml:Curve>
</loc>
<type>防波堤</type>
</WStrL>
<WStrL gml:id="K27_4647611865_3">
<fid>46476-11865-s-2097</fid>
<lfSpanFr gml:id="K27_4647611865_3-1">
<gml:timePosition>2015-11-17</gml:timePosition>
</lfSpanFr>
<devDate gml:id="K27_4647611865_3-2">
<gml:timePosition>2024-11-29</gml:timePosition>
</devDate>
<orgGILvl>2500</orgGILvl>
<vis>表示</vis>
<loc>
<gml:Curve gml:id="K27_4647611865_3-g" srsName="fguuid:jgd2011.bl">
<gml:segments>
<gml:LineStringSegment>
<gml:posList>
32.959220139 129.101200361
32.959207889 129.101243611
32.959196028 129.101240611
32.959188139 129.101269944
32.959229639 129.101283500
32.959236750 129.101254167
32.959218694 129.101248444
32.959229722 129.101203056
</gml:posList>
</gml:LineStringSegment>
</gml:segments>
</gml:Curve>
</loc>
<type>桟橋（鉄，コンクリート）</type>
</WStrL>
<WStrL gml:id="K27_4647611874_1">
<fid>46476-11874-s-3701</fid>
<lfSpanFr gml:id="K27_4647611874_1-1">
<gml:timePosition>2018-12-14</gml:timePosition>
</lfSpanFr>
<devDate gml:id="K27_4647611874_1-2">
<gml:timePosition>2024-11-29</gml:timePosition>
</devDate>
<orgGILvl>2500</orgGILvl>
<vis>表示</vis>
<loc>
<gml:Curve gml:id="K27_4647611874_1-g" srsName="fguuid:jgd2011.bl">
<gml:segments>
<gml:LineStringSegment>
<gml:posList>
32.989378535 129.108333333
32.988936295 129.107305528
32.988860747 129.107345978
32.988881176 129.107413287
32.989277496 129.108333333
</gml:posList>
</gml:LineStringSegment>
</gml:segments>
</gml:Curve>
</loc>
<type>防波堤</type>
</WStrL>
<WStrL gml:id="K27_4647611874_2">
<fid>46476-11874-s-3704</fid>
<lfSpanFr gml:id="K27_4647611874_2-1">
<gml:timePosition>2018-12-14</gml:timePosition>
</lfSpanFr>
<devDate gml:id="K27_4647611874_2-2">
<gml:timePosition>2024-11-29</gml:timePosition>
</devDate>
<orgGILvl>2500</orgGILvl>
<vis>表示</vis>
<loc>
<gml:Curve gml:id="K27_4647611874_2-g" srsName="fguuid:jgd2011.bl">
<gml:segments>
<gml:LineStringSegment>
<gml:posList>
32.983764958 129.107737885
32.983605204 129.108108988
32.983519523 129.108333333
</gml:posList>
</gml:LineStringSegment>
</gml:segments>
</gml:Curve>
</loc>
<type>防波堤</type>
</WStrL>
<WStrL gml:id="K27_4647611874_3">
<fid>46476-11874-s-3705</fid>
<lfSpanFr gml:id="K27_4647611874_3-1">
<gml:timePosition>2018-12-14</gml:timePosition>
</lfSpanFr>
<devDate gml:id="K27_4647611874_3-2">
<gml:timePosition>2024-11-29</gml:timePosition>
</devDate>
<orgGILvl>2500</orgGILvl>
<vis>表示</vis>
<loc>
<gml:Curve gml:id="K27_4647611874_3-g" srsName="fguuid:jgd2011.bl">
<gml:segments>
<gml:LineStringSegment>
<gml:posList>
32.983586680 129.108333333
32.983725427 129.107991393
32.983812114 129.107770407
</gml:posList>
</gml:LineStringSegment>
</gml:segments>
</gml:Curve>
</loc>
<type>防波堤</type>
</WStrL>
<WStrL gml:id="K27_4647911862_1">
<fid>46479-11862-s-978</fid>
<lfSpanFr gml:id="K27_4647911862_1-1">
<gml:timePosition>2015-11-17</gml:timePosition>
</lfSpanFr>
<devDate gml:id="K27_4647911862_1-2">
<gml:timePosition>2024-11-29</gml:timePosition>
</devDate>
<orgGILvl>2500</orgGILvl>
<vis>表示</vis>
<loc>
<gml:Curve gml:id="K27_4647911862_1-g" srsName="fguuid:jgd2011.bl">
<gml:segments>
<gml:LineStringSegment>
<gml:posList>
32.950912792 129.110368332
32.950542410 129.109386448
32.950461039 129.109430968
32.950649767 129.109926668
32.950687954 129.109908596
32.950931504 129.110559231
</gml:posList>
</gml:LineStringSegment>
</gml:segments>
</gml:Curve>
</loc>
<type>防波堤</type>
</WStrL>
<WStrL gml:id="K27_4647911862_2">
<fid>46479-11862-s-979</fid>
<lfSpanFr gml:id="K27_4647911862_2-1">
<gml:timePosition>2015-11-17</gml:timePosition>
</lfSpanFr>
<devDate gml:id="K27_4647911862_2-2">
<gml:timePosition>2024-11-29</gml:timePosition>
</devDate>
<orgGILvl>2500</orgGILvl>
<vis>表示</vis>
<loc>
<gml:Curve gml:id="K27_4647911862_2-g" srsName="fguuid:jgd2011.bl">
<gml:segments>
<gml:LineStringSegment>
<gml:posList>
32.952716111 129.109387626
32.952303715 129.108808157
32.952264589 129.108848909
32.952283554 129.108875063
32.952875058 129.109691298
</gml:posList>
</gml:LineStringSegment>
</gml:segments>
</gml:Curve>
</loc>
<type>防波堤</type>
</WStrL>
<WStrL gml:id="K27_4647911862_3">
<fid>46479-11862-s-1009</fid>
<lfSpanFr gml:id="K27_4647911862_3-1">
<gml:timePosition>2015-11-17</gml:timePosition>
</lfSpanFr>
<devDate gml:id="K27_4647911862_3-2">
<gml:timePosition>2024-11-29</gml:timePosition>
</devDate>
<orgGILvl>2500</orgGILvl>
<vis>表示</vis>
<loc>
<gml:Curve gml:id="K27_4647911862_3-g" srsName="fguuid:jgd2011.bl">
<gml:segments>
<gml:LineStringSegment>
<gml:posList>
32.952916472 129.109176750
32.952777806 129.108990417
32.952801444 129.108965500
32.952657139 129.108764306
32.952580694 129.108842417
32.952678222 129.108972667
32.952726361 129.109036972
32.952747194 129.109015361
32.952888694 129.109209944
</gml:posList>
</gml:LineStringSegment>
</gml:segments>
</gml:Curve>
</loc>
<type>桟橋（鉄，コンクリート）</type>
</WStrL>
<WStrL gml:id="K27_4647911871_1">
<fid>46479-11871-s-1907</fid>
<lfSpanFr gml:id="K27_4647911871_1-1">
<gml:timePosition>2014-08-11</gml:timePosition>
</lfSpanFr>
<devDate gml:id="K27_4647911871_1-2">
<gml:timePosition>2024-11-29</gml:timePosition>
</devDate>
<orgGILvl>2500</orgGILvl>
<vis>表示</vis>
<loc>
<gml:Curve gml:id="K27_4647911871_1-g" srsName="fguuid:jgd2011.bl">
<gml:segments>
<gml:LineStringSegment>
<gml:posList>
32.982431018 129.110040933
32.983002493 129.109213824
32.983046475 129.109257776
32.982471836 129.110085626
</gml:posList>
</gml:LineStringSegment>
</gml:segments>
</gml:Curve>
</loc>
<type>防波堤</type>
</WStrL>
<WStrL gml:id="K27_4647911871_2">
<fid>46479-11871-s-2091</fid>
<lfSpanFr gml:id="K27_4647911871_2-1">
<gml:timePosition>2015-11-17</gml:timePosition>
</lfSpanFr>
<devDate gml:id="K27_4647911871_2-2">
<gml:timePosition>2024-11-29</gml:timePosition>
</devDate>
<orgGILvl>2500</orgGILvl>
<vis>表示</vis>
<loc>
<gml:Curve gml:id="K27_4647911871_2-g" srsName="fguuid:jgd2011.bl">
<gml:segments>
<gml:LineStringSegment>
<gml:posList>
32.982069806 129.109694083
32.982134611 129.109596028
32.982149278 129.109608583
32.982468083 129.109143639
32.982428056 129.109096528
32.982102639 129.109567806
32.982115972 129.109583500
32.982045444 129.109676250
</gml:posList>
</gml:LineStringSegment>
</gml:segments>
</gml:Curve>
</loc>
<type>桟橋（鉄，コンクリート）</type>
</WStrL>
<WStrL gml:id="K27_4647911874_1">
<fid>46479-11874-s-3708</fid>
<lfSpanFr gml:id="K27_4647911874_1-1">
<gml:timePosition>2018-12-14</gml:timePosition>
</lfSpanFr>
<devDate gml:id="K27_4647911874_1-2">
<gml:timePosition>2024-11-29</gml:timePosition>
</devDate>
<orgGILvl>2500</orgGILvl>
<vis>表示</vis>
<loc>
<gml:Curve gml:id="K27_4647911874_1-g" srsName="fguuid:jgd2011.bl">
<gml:segments>
<gml:LineStringSegment>
<gml:posList>
32.983519523 129.108333333
32.983418369 129.108598193
32.983467301 129.108627540
32.983586680 129.108333333
</gml:posList>
</gml:LineStringSegment>
</gml:segments>
</gml:Curve>
</loc>
<type>防波堤</type>
</WStrL>
<WStrL gml:id="K27_4647911874_2">
<fid>46479-11874-s-3709</fid>
<lfSpanFr gml:id="K27_4647911874_2-1">
<gml:timePosition>2018-12-14</gml:timePosition>
</lfSpanFr>
<devDate gml:id="K27_4647911874_2-2">
<gml:timePosition>2024-11-29</gml:timePosition>
</devDate>
<orgGILvl>2500</orgGILvl>
<vis>表示</vis>
<loc>
<gml:Curve gml:id="K27_4647911874_2-g" srsName="fguuid:jgd2011.bl">
<gml:segments>
<gml:LineStringSegment>
<gml:posList>
32.989427836 129.114829747
32.989425657 129.114810474
32.989398837 129.114573238
32.989300639 129.113704743
32.989223000 129.113018117
32.989204883 129.113018196
32.989186132 129.112810512
32.989198198 129.112807591
32.989113825 129.112080090
32.989140035 129.111965354
32.989158954 129.111834879
32.989173463 129.111843418
32.989354217 129.111204776
32.989842897 129.109412551
32.989378535 129.108333333
</gml:posList>
</gml:LineStringSegment>
</gml:segments>
</gml:Curve>
</loc>
<type>防波堤</type>
</WStrL>
<WStrL gml:id="K27_4647911874_3">
<fid>46479-11874-s-3710</fid>
<lfSpanFr gml:id="K27_4647911874_3-1">
<gml:timePosition>2018-12-14</gml:timePosition>
</lfSpanFr>
<devDate gml:id="K27_4647911874_3-2">
<gml:timePosition>2024-11-29</gml:timePosition>
</devDate>
<orgGILvl>2500</orgGILvl>
<vis>表示</vis>
<loc>
<gml:Curve gml:id="K27_4647911874_3-g" srsName="fguuid:jgd2011.bl">
<gml:segments>
<gml:LineStringSegment>
<gml:posList>
32.989277496 129.108333333
32.989739925 129.109406852
32.989739895 129.109423159
32.989739890 129.109424465
32.989095298 129.111817245
32.989077275 129.111815473
32.989066636 129.111920542
32.988637549 129.111754353
32.988617122 129.111817434
32.989054820 129.111974608
32.989033302 129.112043483
32.989118985 129.112803935
32.989102081 129.112805443
32.989125701 129.113024555
32.989145026 129.113024471
32.989352275 129.114834665
</gml:posList>
</gml:LineStringSegment>
</gml:segments>
</gml:Curve>
</loc>
<type>防波堤</type>
</WStrL>
<WStrL gml:id="K27_4647911874_4">
<fid>46479-11874-s-3711</fid>
<lfSpanFr gml:id="K27_4647911874_4-1">
<gml:timePosition>2018-12-14</gml:timePosition>
</lfSpanFr>
<devDate gml:id="K27_4647911874_4-2">
<gml:timePosition>2024-11-29</gml:timePosition>
</devDate>
<orgGILvl>2500</orgGILvl>
<vis>表示</vis>
<loc>
<gml:Curve gml:id="K27_4647911874_4-g" srsName="fguuid:jgd2011.bl">
<gml:segments>
<gml:LineStringSegment>
<gml:posList>
32.989427836 129.114829747
32.989406261 129.114831146
32.989352275 129.114834665
</gml:posList>
</gml:LineStringSegment>
</gml:segments>
</gml:Curve>
</loc>
<type>防波堤</type>
</WStrL>
<WStrL gml:id="K27_4647911874_5">
<fid>46479-11874-s-3738</fid>
<lfSpanFr gml:id="K27_4647911874_5-1">
<gml:timePosition>2018-12-14</gml:timePosition>
</lfSpanFr>
<devDate gml:id="K27_4647911874_5-2">
<gml:timePosition>2024-11-29</gml:timePosition>
</devDate>
<orgGILvl>2500</orgGILvl>
<vis>表示</vis>
<loc>
<gml:Curve gml:id="K27_4647911874_5-g" srsName="fguuid:jgd2011.bl">
<gml:segments>
<gml:LineStringSegment>
<gml:posList>
32.985802485 129.113425382
32.985763779 129.113404065
32.985766165 129.113394019
32.985757248 129.113388783
32.985727454 129.113371268
32.985717836 129.113384204
32.985686379 129.113365712
32.985721133 129.113281033
32.985753793 129.113298085
32.985744189 129.113315321
32.985786820 129.113340387
32.985788239 129.113341215
32.985792575 129.113343764
32.985800976 129.113327967
32.985839691 129.113352151
</gml:posList>
</gml:LineStringSegment>
</gml:segments>
</gml:Curve>
</loc>
<type>防波堤</type>
</WStrL>
<WStrL gml:id="K27_4647911874_6">
<fid>46479-11874-s-3739</fid>
<lfSpanFr gml:id="K27_4647911874_6-1">
<gml:timePosition>2018-12-14</gml:timePosition>
</lfSpanFr>
<devDate gml:id="K27_4647911874_6-2">
<gml:timePosition>2024-11-29</gml:timePosition>
</devDate>
<orgGILvl>2500</orgGILvl>
<vis>表示</vis>
<loc>
<gml:Curve gml:id="K27_4647911874_6-g" srsName="fguuid:jgd2011.bl">
<gml:segments>
<gml:LineStringSegment>
<gml:posList>
32.987903025 129.112086595
32.988367868 129.112070234
32.988370471 129.112130400
32.987903203 129.112143904
</gml:posList>
</gml:LineStringSegment>
</gml:segments>
</gml:Curve>
</loc>
<type>防波堤</type>
</WStrL>
<WStrL gml:id="K27_4647911874_7">
<fid>46479-11874-s-3786</fid>
<lfSpanFr gml:id="K27_4647911874_7-1">
<gml:timePosition>2018-12-14</gml:timePosition>
</lfSpanFr>
<devDate gml:id="K27_4647911874_7-2">
<gml:timePosition>2024-11-29</gml:timePosition>
</devDate>
<orgGILvl>2500</orgGILvl>
<vis>表示</vis>
<loc>
<gml:Curve gml:id="K27_4647911874_7-g" srsName="fguuid:jgd2011.bl">
<gml:segments>
<gml:LineStringSegment>
<gml:posList>
32.985593000 129.113626889
32.985582111 129.113621194
32.985568889 129.113638444
32.985432056 129.113515833
32.985583472 129.113182250
32.985556444 129.113171861
32.985546917 129.113204806
32.985474722 129.113154833
32.985473083 129.113126944
32.985443778 129.113115194
32.985264972 129.113561278
32.985380444 129.113614917
32.985398389 129.113600000
32.985424222 129.113604444
32.985426889 129.113590278
32.985547278 129.113682944
32.985536500 129.113707361
32.985543778 129.113717361
</gml:posList>
</gml:LineStringSegment>
</gml:segments>
</gml:Curve>
</loc>
<type>桟橋（鉄，コンクリート）</type>
</WStrL>
<WStrL gml:id="K27_4647911874_8">
<fid>46479-11874-s-3787</fid>
<lfSpanFr gml:id="K27_4647911874_8-1">
<gml:timePosition>2018-12-14</gml:timePosition>
</lfSpanFr>
<devDate gml:id="K27_4647911874_8-2">
<gml:timePosition>2024-11-29</gml:timePosition>
</devDate>
<orgGILvl>2500</orgGILvl>
<vis>表示</vis>
<loc>
<gml:Curve gml:id="K27_4647911874_8-g" srsName="fguuid:jgd2011.bl">
<gml:segments>
<gml:LineStringSegment>
<gml:posList>
32.986259861 129.112390028
32.986256861 129.112396889
32.986102111 129.112306528
32.986212111 129.111959306
32.986185528 129.111949389
32.986177028 129.111975000
32.986098833 129.111942444
32.986102306 129.111904639
32.986075056 129.111890111
32.985941917 129.112366167
32.986073444 129.112405500
32.986097028 129.112359389
32.986233889 129.112446861
32.986230500 129.112454444
</gml:posList>
</gml:LineStringSegment>
</gml:segments>
</gml:Curve>
</loc>
<type>桟橋（鉄，コンクリート）</type>
</WStrL>
<WStrL gml:id="K27_4647911874_9">
<fid>46479-11874-s-3788</fid>
<lfSpanFr gml:id="K27_4647911874_9-1">
<gml:timePosition>2018-12-14</gml:timePosition>
</lfSpanFr>
<devDate gml:id="K27_4647911874_9-2">
<gml:timePosition>2024-11-29</gml:timePosition>
</devDate>
<orgGILvl>2500</orgGILvl>
<vis>表示</vis>
<loc>
<gml:Curve gml:id="K27_4647911874_9-g" srsName="fguuid:jgd2011.bl">
<gml:segments>
<gml:LineStringSegment>
<gml:posList>
32.987844972 129.113559583
32.988017667 129.113567417
32.988015417 129.113614694
32.988200139 129.113612472
32.988202222 129.113496417
32.988019861 129.113494333
32.988017583 129.113533028
32.987849694 129.113522306
</gml:posList>
</gml:LineStringSegment>
</gml:segments>
</gml:Curve>
</loc>
<type>桟橋（鉄，コンクリート）</type>
</WStrL>
<WStrL gml:id="K27_4647911874_10">
<fid>46479-11874-s-3789</fid>
<lfSpanFr gml:id="K27_4647911874_10-1">
<gml:timePosition>2018-12-14</gml:timePosition>
</lfSpanFr>
<devDate gml:id="K27_4647911874_10-2">
<gml:timePosition>2024-11-29</gml:timePosition>
</devDate>
<orgGILvl>2500</orgGILvl>
<vis>表示</vis>
<loc>
<gml:Curve gml:id="K27_4647911874_10-g" srsName="fguuid:jgd2011.bl">
<gml:segments>
<gml:LineStringSegment>
<gml:posList>
32.987729194 129.115164806
32.987732889 129.115158694
32.987814500 129.115024028
32.987848417 129.115058250
32.988019028 129.114785278
32.987914889 129.114692611
32.987745444 129.114956972
32.987780556 129.114988361
32.987694389 129.115127611
32.987691667 129.115132028
</gml:posList>
</gml:LineStringSegment>
</gml:segments>
</gml:Curve>
</loc>
<type>桟橋（鉄，コンクリート）</type>
</WStrL>
<WStrL gml:id="K27_4647911874_11">
<fid>46479-11874-s-3790</fid>
<lfSpanFr gml:id="K27_4647911874_11-1">
<gml:timePosition>2018-12-14</gml:timePosition>
</lfSpanFr>
<devDate gml:id="K27_4647911874_11-2">
<gml:timePosition>2024-11-29</gml:timePosition>
</devDate>
<orgGILvl>2500</orgGILvl>
<vis>表示</vis>
<loc>
<gml:Curve gml:id="K27_4647911874_11-g" srsName="fguuid:jgd2011.bl">
<gml:segments>
<gml:LineStringSegment>
<gml:posList>
32.988475556 129.115599306
32.988417333 129.115533806
32.988395583 129.115509389
32.988406417 129.115495000
32.988213778 129.115282361
32.988165639 129.115344167
32.988352278 129.115562583
32.988364306 129.115549639
32.988382806 129.115568528
32.988446694 129.115633806
</gml:posList>
</gml:LineStringSegment>
</gml:segments>
</gml:Curve>
</loc>
<type>桟橋（鉄，コンクリート）</type>
</WStrL>
<WStrL gml:id="K27_4648211868_1">
<fid>46482-11868-s-1591</fid>
<lfSpanFr gml:id="K27_4648211868_1-1">
<gml:timePosition>2018-12-14</gml:timePosition>
</lfSpanFr>
<devDate gml:id="K27_4648211868_1-2">
<gml:timePosition>2024-11-29</gml:timePosition>
</devDate>
<orgGILvl>2500</orgGILvl>
<vis>表示</vis>
<loc>
<gml:Curve gml:id="K27_4648211868_1-g" srsName="fguuid:jgd2011.bl">
<gml:segments>
<gml:LineStringSegment>
<gml:posList>
32.971627058 129.118126543
32.971583572 129.118131512
32.971596528 129.118263396
32.971637765 129.118257366
</gml:posList>
</gml:LineStringSegment>
</gml:segments>
</gml:Curve>
</loc>
<type>せき</type>
</WStrL>
<WStrL gml:id="K27_4648211868_2">
<fid>46482-11868-s-1592</fid>
<lfSpanFr gml:id="K27_4648211868_2-1">
<gml:timePosition>2018-12-14</gml:timePosition>
</lfSpanFr>
<devDate gml:id="K27_4648211868_2-2">
<gml:timePosition>2024-11-29</gml:timePosition>
</devDate>
<orgGILvl>2500</orgGILvl>
<vis>表示</vis>
<loc>
<gml:Curve gml:id="K27_4648211868_2-g" srsName="fguuid:jgd2011.bl">
<gml:segments>
<gml:LineStringSegment>
<gml:posList>
32.971637765 129.118257366
32.971627058 129.118126543
</gml:posList>
</gml:LineStringSegment>
</gml:segments>
</gml:Curve>
</loc>
<type>せき</type>
</WStrL>
<WStrL gml:id="K27_4648211868_3">
<fid>46482-11868-s-1593</fid>
<lfSpanFr gml:id="K27_4648211868_3-1">
<gml:timePosition>2018-12-14</gml:timePosition>
</lfSpanFr>
<devDate gml:id="K27_4648211868_3-2">
<gml:timePosition>2024-11-29</gml:timePosition>
</devDate>
<orgGILvl>2500</orgGILvl>
<vis>表示</vis>
<loc>
<gml:Curve gml:id="K27_4648211868_3-g" srsName="fguuid:jgd2011.bl">
<gml:segments>
<gml:LineStringSegment>
<gml:posList>
32.972137116 129.118053622
32.972122819 129.118055299
32.972133129 129.118195005
32.972147416 129.118192932
</gml:posList>
</gml:LineStringSegment>
</gml:segments>
</gml:Curve>
</loc>
<type>せき</type>
</WStrL>
<WStrL gml:id="K27_4648211868_4">
<fid>46482-11868-s-1594</fid>
<lfSpanFr gml:id="K27_4648211868_4-1">
<gml:timePosition>2018-12-14</gml:timePosition>
</lfSpanFr>
<devDate gml:id="K27_4648211868_4-2">
<gml:timePosition>2024-11-29</gml:timePosition>
</devDate>
<orgGILvl>2500</orgGILvl>
<vis>表示</vis>
<loc>
<gml:Curve gml:id="K27_4648211868_4-g" srsName="fguuid:jgd2011.bl">
<gml:segments>
<gml:LineStringSegment>
<gml:posList>
32.972147416 129.118192932
32.972137116 129.118053622
</gml:posList>
</gml:LineStringSegment>
</gml:segments>
</gml:Curve>
</loc>
<type>せき</type>
</WStrL>
<WStrL gml:id="K27_4648211868_5">
<fid>46482-11868-s-1595</fid>
<lfSpanFr gml:id="K27_4648211868_5-1">
<gml:timePosition>2018-12-14</gml:timePosition>
</lfSpanFr>
<devDate gml:id="K27_4648211868_5-2">
<gml:timePosition>2024-11-29</gml:timePosition>
</devDate>
<orgGILvl>2500</orgGILvl>
<vis>表示</vis>
<loc>
<gml:Curve gml:id="K27_4648211868_5-g" srsName="fguuid:jgd2011.bl">
<gml:segments>
<gml:LineStringSegment>
<gml:posList>
32.972574548 129.118008262
32.972558862 129.118009827
32.972567369 129.118140630
32.972584387 129.118138139
</gml:posList>
</gml:LineStringSegment>
</gml:segments>
</gml:Curve>
</loc>
<type>せき</type>
</WStrL>
<WStrL gml:id="K27_4648211868_6">
<fid>46482-11868-s-1596</fid>
<lfSpanFr gml:id="K27_4648211868_6-1">
<gml:timePosition>2018-12-14</gml:timePosition>
</lfSpanFr>
<devDate gml:id="K27_4648211868_6-2">
<gml:timePosition>2024-11-29</gml:timePosition>
</devDate>
<orgGILvl>2500</orgGILvl>
<vis>表示</vis>
<loc>
<gml:Curve gml:id="K27_4648211868_6-g" srsName="fguuid:jgd2011.bl">
<gml:segments>
<gml:LineStringSegment>
<gml:posList>
32.972584387 129.118138139
32.972574548 129.118008262
</gml:posList>
</gml:LineStringSegment>
</gml:segments>
</gml:Curve>
</loc>
<type>せき</type>
</WStrL>
<WStrL gml:id="K27_4648211868_7">
<fid>46482-11868-s-1597</fid>
<lfSpanFr gml:id="K27_4648211868_7-1">
<gml:timePosition>2018-12-14</gml:timePosition>
</lfSpanFr>
<devDate gml:id="K27_4648211868_7-2">
<gml:timePosition>2024-11-29</gml:timePosition>
</devDate>
<orgGILvl>2500</orgGILvl>
<vis>表示</vis>
<loc>
<gml:Curve gml:id="K27_4648211868_7-g" srsName="fguuid:jgd2011.bl">
<gml:segments>
<gml:LineStringSegment>
<gml:posList>
32.973724146 129.118009219
32.973704718 129.118002038
32.973665982 129.118139122
32.973684056 129.118148748
</gml:posList>
</gml:LineStringSegment>
</gml:segments>
</gml:Curve>
</loc>
<type>せき</type>
</WStrL>
<WStrL gml:id="K27_4648211868_8">
<fid>46482-11868-s-1598</fid>
<lfSpanFr gml:id="K27_4648211868_8-1">
<gml:timePosition>2018-12-14</gml:timePosition>
</lfSpanFr>
<devDate gml:id="K27_4648211868_8-2">
<gml:timePosition>2024-11-29</gml:timePosition>
</devDate>
<orgGILvl>2500</orgGILvl>
<vis>表示</vis>
<loc>
<gml:Curve gml:id="K27_4648211868_8-g" srsName="fguuid:jgd2011.bl">
<gml:segments>
<gml:LineStringSegment>
<gml:posList>
32.973684056 129.118148748
32.973724146 129.118009219
</gml:posList>
</gml:LineStringSegment>
</gml:segments>
</gml:Curve>
</loc>
<type>せき</type>
</WStrL>
<WStrL gml:id="K27_4648211871_1">
<fid>46482-11871-s-5146</fid>
<lfSpanFr gml:id="K27_4648211871_1-1">
<gml:timePosition>2018-12-14</gml:timePosition>
</lfSpanFr>
<devDate gml:id="K27_4648211871_1-2">
<gml:timePosition>2024-11-29</gml:timePosition>
</devDate>
<orgGILvl>2500</orgGILvl>
<vis>表示</vis>
<loc>
<gml:Curve gml:id="K27_4648211871_1-g" srsName="fguuid:jgd2011.bl">
<gml:segments>
<gml:LineStringSegment>
<gml:posList>
32.976766517 129.118698395
32.976676413 129.118860974
32.976663735 129.118852309
32.976705146 129.118781927
</gml:posList>
</gml:LineStringSegment>
</gml:segments>
</gml:Curve>
</loc>
<type>せき</type>
</WStrL>
<WStrL gml:id="K27_4648211871_2">
<fid>46482-11871-s-5147</fid>
<lfSpanFr gml:id="K27_4648211871_2-1">
<gml:timePosition>2018-12-14</gml:timePosition>
</lfSpanFr>
<devDate gml:id="K27_4648211871_2-2">
<gml:timePosition>2024-11-29</gml:timePosition>
</devDate>
<orgGILvl>2500</orgGILvl>
<vis>表示</vis>
<loc>
<gml:Curve gml:id="K27_4648211871_2-g" srsName="fguuid:jgd2011.bl">
<gml:segments>
<gml:LineStringSegment>
<gml:posList>
32.976705146 129.118781927
32.976754661 129.118690208
32.976766517 129.118698395
</gml:posList>
</gml:LineStringSegment>
</gml:segments>
</gml:Curve>
</loc>
<type>せき</type>
</WStrL>
<WStrL gml:id="K27_4648211871_3">
<fid>46482-11871-s-5148</fid>
<lfSpanFr gml:id="K27_4648211871_3-1">
<gml:timePosition>2018-12-14</gml:timePosition>
</lfSpanFr>
<devDate gml:id="K27_4648211871_3-2">
<gml:timePosition>2024-11-29</gml:timePosition>
</devDate>
<orgGILvl>2500</orgGILvl>
<vis>表示</vis>
<loc>
<gml:Curve gml:id="K27_4648211871_3-g" srsName="fguuid:jgd2011.bl">
<gml:segments>
<gml:LineStringSegment>
<gml:posList>
32.979247986 129.122966296
32.979237855 129.122922998
32.979113515 129.122939254
</gml:posList>
</gml:LineStringSegment>
</gml:segments>
</gml:Curve>
</loc>
<type>せき</type>
</WStrL>
<WStrL gml:id="K27_4648211871_4">
<fid>46482-11871-s-5149</fid>
<lfSpanFr gml:id="K27_4648211871_4-1">
<gml:timePosition>2018-12-14</gml:timePosition>
</lfSpanFr>
<devDate gml:id="K27_4648211871_4-2">
<gml:timePosition>2024-11-29</gml:timePosition>
</devDate>
<orgGILvl>2500</orgGILvl>
<vis>表示</vis>
<loc>
<gml:Curve gml:id="K27_4648211871_4-g" srsName="fguuid:jgd2011.bl">
<gml:segments>
<gml:LineStringSegment>
<gml:posList>
32.979113515 129.122939254
32.979121185 129.122982777
32.979247986 129.122966296
</gml:posList>
</gml:LineStringSegment>
</gml:segments>
</gml:Curve>
</loc>
<type>せき</type>
</WStrL>
<WStrL gml:id="K27_4648211874_1">
<fid>46482-11874-s-5841</fid>
<lfSpanFr gml:id="K27_4648211874_1-1">
<gml:timePosition>2018-12-14</gml:timePosition>
</lfSpanFr>
<devDate gml:id="K27_4648211874_1-2">
<gml:timePosition>2024-11-29</gml:timePosition>
</devDate>
<orgGILvl>2500</orgGILvl>
<vis>表示</vis>
<loc>
<gml:Curve gml:id="K27_4648211874_1-g" srsName="fguuid:jgd2011.bl">
<gml:segments>
<gml:LineStringSegment>
<gml:posList>
32.986007467 129.119897273
32.985990133 129.120266994
32.985990031 129.120269156
32.985986204 129.120350833
32.985920070 129.120342524
32.985925877 129.120167343
32.985944901 129.120169412
32.985960382 129.119901776
</gml:posList>
</gml:LineStringSegment>
</gml:segments>
</gml:Curve>
</loc>
<type>防波堤</type>
</WStrL>
<WStrL gml:id="K27_4648211874_2">
<fid>46482-11874-s-5842</fid>
<lfSpanFr gml:id="K27_4648211874_2-1">
<gml:timePosition>2018-12-14</gml:timePosition>
</lfSpanFr>
<devDate gml:id="K27_4648211874_2-2">
<gml:timePosition>2024-11-29</gml:timePosition>
</devDate>
<orgGILvl>2500</orgGILvl>
<vis>表示</vis>
<loc>
<gml:Curve gml:id="K27_4648211874_2-g" srsName="fguuid:jgd2011.bl">
<gml:segments>
<gml:LineStringSegment>
<gml:posList>
32.986007467 129.119897273
32.985973724 129.119900499
32.985960382 129.119901776
</gml:posList>
</gml:LineStringSegment>
</gml:segments>
</gml:Curve>
</loc>
<type>防波堤</type>
</WStrL>
<WStrL gml:id="K27_4648211874_3">
<fid>46482-11874-s-5843</fid>
<lfSpanFr gml:id="K27_4648211874_3-1">
<gml:timePosition>2018-12-14</gml:timePosition>
</lfSpanFr>
<devDate gml:id="K27_4648211874_3-2">
<gml:timePosition>2024-11-29</gml:timePosition>
</devDate>
<orgGILvl>2500</orgGILvl>
<vis>表示</vis>
<loc>
<gml:Curve gml:id="K27_4648211874_3-g" srsName="fguuid:jgd2011.bl">
<gml:segments>
<gml:LineStringSegment>
<gml:posList>
32.987754180 129.118753068
32.987797214 129.118783453
32.987792919 129.118800121
32.987513485 129.119883992
32.987442810 129.120170134
32.987188719 129.120252703
32.986815934 129.120363181
32.986807301 129.120303042
32.986815716 129.120291546
32.987223477 129.120168013
32.987231988 129.120185172
32.987380384 129.120144422
32.987641688 129.119111681
32.987747767 129.118773522
32.987754180 129.118753068
</gml:posList>
</gml:LineStringSegment>
</gml:segments>
</gml:Curve>
</loc>
<type>防波堤</type>
</WStrL>
<WStrL gml:id="K27_4648211874_4">
<fid>46482-11874-s-5856</fid>
<lfSpanFr gml:id="K27_4648211874_4-1">
<gml:timePosition>2018-12-14</gml:timePosition>
</lfSpanFr>
<devDate gml:id="K27_4648211874_4-2">
<gml:timePosition>2024-11-29</gml:timePosition>
</devDate>
<orgGILvl>2500</orgGILvl>
<vis>表示</vis>
<loc>
<gml:Curve gml:id="K27_4648211874_4-g" srsName="fguuid:jgd2011.bl">
<gml:segments>
<gml:LineStringSegment>
<gml:posList>
32.986873492 129.118646463
32.986656426 129.119135975
32.986702439 129.119175891
32.986925507 129.118676327
</gml:posList>
</gml:LineStringSegment>
</gml:segments>
</gml:Curve>
</loc>
<type>防波堤</type>
</WStrL>
<WStrL gml:id="K27_4648211874_5">
<fid>46482-11874-s-5857</fid>
<lfSpanFr gml:id="K27_4648211874_5-1">
<gml:timePosition>2018-12-14</gml:timePosition>
</lfSpanFr>
<devDate gml:id="K27_4648211874_5-2">
<gml:timePosition>2024-11-29</gml:timePosition>
</devDate>
<orgGILvl>2500</orgGILvl>
<vis>表示</vis>
<loc>
<gml:Curve gml:id="K27_4648211874_5-g" srsName="fguuid:jgd2011.bl">
<gml:segments>
<gml:LineStringSegment>
<gml:posList>
32.988668686 129.118524123
32.988611970 129.118534393
32.988605893 129.118522960
32.988378974 129.118552591
32.988378033 129.118577954
32.988377858 129.118582684
32.988345290 129.118592850
32.988328444 129.118612985
32.988326115 129.118641650
32.988341906 129.118671671
32.988356445 129.118687370
32.988405964 129.118691458
32.988603501 129.118634358
32.988754617 129.118586799
</gml:posList>
</gml:LineStringSegment>
</gml:segments>
</gml:Curve>
</loc>
<type>防波堤</type>
</WStrL>
</Dataset>
