<?xml version="1.0" encoding="utf-8"?>
<Dataset xsi:schemaLocation="http://fgd.gsi.go.jp/spec/2008/FGD_GMLSchema FGD_GMLSchema.xsd"
	xmlns:gml="http://www.opengis.net/gml/3.2"
	xmlns:xsi="http://www.w3.org/2001/XMLSchema-instance"
	xmlns:xlink="http://www.w3.org/1999/xlink"
	xmlns="http://fgd.gsi.go.jp/spec/2008/FGD_GMLSchema"
	gml:id="Dataset1">
  <gml:description>基盤地図情報メタデータ ID=fmdid:25-0101</gml:description>
  <gml:name>基盤地図情報ダウンロードデータ（GML版）</gml:name>
<ElevPt gml:id="K2_4644011850_1">
<fid>46440-11850-i-173</fid>
<lfSpanFr gml:id="K2_4644011850_1-1">
<gml:timePosition>2020-10-13</gml:timePosition>
</lfSpanFr>
<devDate gml:id="K2_4644011850_1-2">
<gml:timePosition>2024-11-29</gml:timePosition>
</devDate>
<orgGILvl>25000</orgGILvl>
<vis>表示</vis>
<pos>
<gml:Point gml:id="K2_4644011850_1-g" srsName="fguuid:jgd2011.bl">
<gml:pos>32.917647778 129.004259722</gml:pos>
</gml:Point>
</pos>
<type>標高点（測点）</type>
<alti>135</alti>
</ElevPt>
<ElevPt gml:id="K2_4644011859_1">
<fid>46440-11859-i-119</fid>
<lfSpanFr gml:id="K2_4644011859_1-1">
<gml:timePosition>2020-10-13</gml:timePosition>
</lfSpanFr>
<devDate gml:id="K2_4644011859_1-2">
<gml:timePosition>2024-11-29</gml:timePosition>
</devDate>
<orgGILvl>25000</orgGILvl>
<vis>表示</vis>
<pos>
<gml:Point gml:id="K2_4644011859_1-g" srsName="fguuid:jgd2011.bl">
<gml:pos>32.942545000 129.000480833</gml:pos>
</gml:Point>
</pos>
<type>標高点（測点）</type>
<alti>125</alti>
</ElevPt>
<ElevPt gml:id="K2_4644011859_2">
<fid>46440-11859-i-120</fid>
<lfSpanFr gml:id="K2_4644011859_2-1">
<gml:timePosition>2020-10-13</gml:timePosition>
</lfSpanFr>
<devDate gml:id="K2_4644011859_2-2">
<gml:timePosition>2024-11-29</gml:timePosition>
</devDate>
<orgGILvl>25000</orgGILvl>
<vis>表示</vis>
<pos>
<gml:Point gml:id="K2_4644011859_2-g" srsName="fguuid:jgd2011.bl">
<gml:pos>32.948427222 129.001172222</gml:pos>
</gml:Point>
</pos>
<type>標高点（測点）</type>
<alti>78</alti>
</ElevPt>
<ElevPt gml:id="K2_4644011859_3">
<fid>46440-11859-i-121</fid>
<lfSpanFr gml:id="K2_4644011859_3-1">
<gml:timePosition>2020-10-13</gml:timePosition>
</lfSpanFr>
<devDate gml:id="K2_4644011859_3-2">
<gml:timePosition>2024-11-29</gml:timePosition>
</devDate>
<orgGILvl>25000</orgGILvl>
<vis>表示</vis>
<pos>
<gml:Point gml:id="K2_4644011859_3-g" srsName="fguuid:jgd2011.bl">
<gml:pos>32.943387222 129.006721111</gml:pos>
</gml:Point>
</pos>
<type>標高点（測点）</type>
<alti>115</alti>
</ElevPt>
<ElevPt gml:id="K2_4644011862_1">
<fid>46440-11862-i-98</fid>
<lfSpanFr gml:id="K2_4644011862_1-1">
<gml:timePosition>2020-10-13</gml:timePosition>
</lfSpanFr>
<devDate gml:id="K2_4644011862_1-2">
<gml:timePosition>2024-11-29</gml:timePosition>
</devDate>
<orgGILvl>25000</orgGILvl>
<vis>表示</vis>
<pos>
<gml:Point gml:id="K2_4644011862_1-g" srsName="fguuid:jgd2011.bl">
<gml:pos>32.955963611 129.002124722</gml:pos>
</gml:Point>
</pos>
<type>標高点（測点）</type>
<alti>98</alti>
</ElevPt>
<ElevPt gml:id="K2_4644011865_1">
<fid>46440-11865-i-121</fid>
<lfSpanFr gml:id="K2_4644011865_1-1">
<gml:timePosition>2020-10-13</gml:timePosition>
</lfSpanFr>
<devDate gml:id="K2_4644011865_1-2">
<gml:timePosition>2024-11-29</gml:timePosition>
</devDate>
<orgGILvl>25000</orgGILvl>
<vis>表示</vis>
<pos>
<gml:Point gml:id="K2_4644011865_1-g" srsName="fguuid:jgd2011.bl">
<gml:pos>32.965190000 129.002804167</gml:pos>
</gml:Point>
</pos>
<type>標高点（測点）</type>
<alti>190</alti>
</ElevPt>
<ElevPt gml:id="K2_4644311856_1">
<fid>46443-11856-i-14</fid>
<lfSpanFr gml:id="K2_4644311856_1-1">
<gml:timePosition>2020-10-13</gml:timePosition>
</lfSpanFr>
<devDate gml:id="K2_4644311856_1-2">
<gml:timePosition>2024-11-29</gml:timePosition>
</devDate>
<orgGILvl>25000</orgGILvl>
<vis>表示</vis>
<pos>
<gml:Point gml:id="K2_4644311856_1-g" srsName="fguuid:jgd2011.bl">
<gml:pos>32.937266944 129.015084722</gml:pos>
</gml:Point>
</pos>
<type>標高点（測点）</type>
<alti>58</alti>
</ElevPt>
<ElevPt gml:id="K2_4644311859_1">
<fid>46443-11859-i-91</fid>
<lfSpanFr gml:id="K2_4644311859_1-1">
<gml:timePosition>2020-10-13</gml:timePosition>
</lfSpanFr>
<devDate gml:id="K2_4644311859_1-2">
<gml:timePosition>2024-11-29</gml:timePosition>
</devDate>
<orgGILvl>25000</orgGILvl>
<vis>表示</vis>
<pos>
<gml:Point gml:id="K2_4644311859_1-g" srsName="fguuid:jgd2011.bl">
<gml:pos>32.948593889 129.009017500</gml:pos>
</gml:Point>
</pos>
<type>標高点（測点）</type>
<alti>118</alti>
</ElevPt>
<ElevPt gml:id="K2_4644311859_2">
<fid>46443-11859-i-92</fid>
<lfSpanFr gml:id="K2_4644311859_2-1">
<gml:timePosition>2020-10-13</gml:timePosition>
</lfSpanFr>
<devDate gml:id="K2_4644311859_2-2">
<gml:timePosition>2024-11-29</gml:timePosition>
</devDate>
<orgGILvl>25000</orgGILvl>
<vis>表示</vis>
<pos>
<gml:Point gml:id="K2_4644311859_2-g" srsName="fguuid:jgd2011.bl">
<gml:pos>32.949005833 129.015399167</gml:pos>
</gml:Point>
</pos>
<type>標高点（測点）</type>
<alti>32</alti>
</ElevPt>
<ElevPt gml:id="K2_4644311862_1">
<fid>46443-11862-i-163</fid>
<lfSpanFr gml:id="K2_4644311862_1-1">
<gml:timePosition>2020-10-13</gml:timePosition>
</lfSpanFr>
<devDate gml:id="K2_4644311862_1-2">
<gml:timePosition>2024-11-29</gml:timePosition>
</devDate>
<orgGILvl>25000</orgGILvl>
<vis>表示</vis>
<pos>
<gml:Point gml:id="K2_4644311862_1-g" srsName="fguuid:jgd2011.bl">
<gml:pos>32.954033333 129.008847778</gml:pos>
</gml:Point>
</pos>
<type>標高点（測点）</type>
<alti>103</alti>
</ElevPt>
<ElevPt gml:id="K2_4644311865_1">
<fid>46443-11865-i-82</fid>
<lfSpanFr gml:id="K2_4644311865_1-1">
<gml:timePosition>2020-10-13</gml:timePosition>
</lfSpanFr>
<devDate gml:id="K2_4644311865_1-2">
<gml:timePosition>2024-11-29</gml:timePosition>
</devDate>
<orgGILvl>25000</orgGILvl>
<vis>表示</vis>
<pos>
<gml:Point gml:id="K2_4644311865_1-g" srsName="fguuid:jgd2011.bl">
<gml:pos>32.958798333 129.015780278</gml:pos>
</gml:Point>
</pos>
<type>標高点（測点）</type>
<alti>97</alti>
</ElevPt>
<ElevPt gml:id="K2_4644311868_1">
<fid>46443-11868-i-24</fid>
<lfSpanFr gml:id="K2_4644311868_1-1">
<gml:timePosition>2020-10-13</gml:timePosition>
</lfSpanFr>
<devDate gml:id="K2_4644311868_1-2">
<gml:timePosition>2024-11-29</gml:timePosition>
</devDate>
<orgGILvl>25000</orgGILvl>
<vis>表示</vis>
<pos>
<gml:Point gml:id="K2_4644311868_1-g" srsName="fguuid:jgd2011.bl">
<gml:pos>32.969011944 129.009456111</gml:pos>
</gml:Point>
</pos>
<type>標高点（測点）</type>
<alti>138</alti>
</ElevPt>
<ElevPt gml:id="K2_4644611853_1">
<fid>46446-11853-i-14</fid>
<lfSpanFr gml:id="K2_4644611853_1-1">
<gml:timePosition>2020-10-13</gml:timePosition>
</lfSpanFr>
<devDate gml:id="K2_4644611853_1-2">
<gml:timePosition>2024-11-29</gml:timePosition>
</devDate>
<orgGILvl>25000</orgGILvl>
<vis>表示</vis>
<pos>
<gml:Point gml:id="K2_4644611853_1-g" srsName="fguuid:jgd2011.bl">
<gml:pos>32.933058889 129.022070556</gml:pos>
</gml:Point>
</pos>
<type>標高点（測点）</type>
<alti>60</alti>
</ElevPt>
<ElevPt gml:id="K2_4644611856_1">
<fid>46446-11856-i-46</fid>
<lfSpanFr gml:id="K2_4644611856_1-1">
<gml:timePosition>2020-10-13</gml:timePosition>
</lfSpanFr>
<devDate gml:id="K2_4644611856_1-2">
<gml:timePosition>2024-11-29</gml:timePosition>
</devDate>
<orgGILvl>25000</orgGILvl>
<vis>表示</vis>
<pos>
<gml:Point gml:id="K2_4644611856_1-g" srsName="fguuid:jgd2011.bl">
<gml:pos>32.939277500 129.022866389</gml:pos>
</gml:Point>
</pos>
<type>標高点（測点）</type>
<alti>147</alti>
</ElevPt>
<ElevPt gml:id="K2_4644611859_1">
<fid>46446-11859-i-108</fid>
<lfSpanFr gml:id="K2_4644611859_1-1">
<gml:timePosition>2020-10-13</gml:timePosition>
</lfSpanFr>
<devDate gml:id="K2_4644611859_1-2">
<gml:timePosition>2024-11-29</gml:timePosition>
</devDate>
<orgGILvl>25000</orgGILvl>
<vis>表示</vis>
<pos>
<gml:Point gml:id="K2_4644611859_1-g" srsName="fguuid:jgd2011.bl">
<gml:pos>32.945188889 129.023910556</gml:pos>
</gml:Point>
</pos>
<type>標高点（測点）</type>
<alti>219</alti>
</ElevPt>
<ElevPt gml:id="K2_4644611862_1">
<fid>46446-11862-i-46</fid>
<lfSpanFr gml:id="K2_4644611862_1-1">
<gml:timePosition>2015-11-17</gml:timePosition>
</lfSpanFr>
<devDate gml:id="K2_4644611862_1-2">
<gml:timePosition>2024-11-29</gml:timePosition>
</devDate>
<orgGILvl>25000</orgGILvl>
<vis>表示</vis>
<pos>
<gml:Point gml:id="K2_4644611862_1-g" srsName="fguuid:jgd2011.bl">
<gml:pos>32.953756667 129.020031389</gml:pos>
</gml:Point>
</pos>
<type>標高点（測点）</type>
<alti>289</alti>
</ElevPt>
<ElevPt gml:id="K2_4644611865_1">
<fid>46446-11865-i-190</fid>
<lfSpanFr gml:id="K2_4644611865_1-1">
<gml:timePosition>2020-10-13</gml:timePosition>
</lfSpanFr>
<devDate gml:id="K2_4644611865_1-2">
<gml:timePosition>2024-11-29</gml:timePosition>
</devDate>
<orgGILvl>25000</orgGILvl>
<vis>表示</vis>
<pos>
<gml:Point gml:id="K2_4644611865_1-g" srsName="fguuid:jgd2011.bl">
<gml:pos>32.962602500 129.020522778</gml:pos>
</gml:Point>
</pos>
<type>標高点（測点）</type>
<alti>97</alti>
</ElevPt>
<ElevPt gml:id="K2_4644611865_2">
<fid>46446-11865-i-191</fid>
<lfSpanFr gml:id="K2_4644611865_2-1">
<gml:timePosition>2020-10-13</gml:timePosition>
</lfSpanFr>
<devDate gml:id="K2_4644611865_2-2">
<gml:timePosition>2024-11-29</gml:timePosition>
</devDate>
<orgGILvl>25000</orgGILvl>
<vis>表示</vis>
<pos>
<gml:Point gml:id="K2_4644611865_2-g" srsName="fguuid:jgd2011.bl">
<gml:pos>32.959334167 129.024750833</gml:pos>
</gml:Point>
</pos>
<type>標高点（測点）</type>
<alti>139</alti>
</ElevPt>
<ElevPt gml:id="K2_4644611874_1">
<fid>46446-11874-i-105</fid>
<lfSpanFr gml:id="K2_4644611874_1-1">
<gml:timePosition>2020-10-13</gml:timePosition>
</lfSpanFr>
<devDate gml:id="K2_4644611874_1-2">
<gml:timePosition>2024-11-29</gml:timePosition>
</devDate>
<orgGILvl>25000</orgGILvl>
<vis>表示</vis>
<pos>
<gml:Point gml:id="K2_4644611874_1-g" srsName="fguuid:jgd2011.bl">
<gml:pos>32.985618056 129.023030278</gml:pos>
</gml:Point>
</pos>
<type>標高点（測点）</type>
<alti>71</alti>
</ElevPt>
<ElevPt gml:id="K2_4644911853_1">
<fid>46449-11853-i-57</fid>
<lfSpanFr gml:id="K2_4644911853_1-1">
<gml:timePosition>2015-11-17</gml:timePosition>
</lfSpanFr>
<devDate gml:id="K2_4644911853_1-2">
<gml:timePosition>2024-11-29</gml:timePosition>
</devDate>
<orgGILvl>25000</orgGILvl>
<vis>表示</vis>
<pos>
<gml:Point gml:id="K2_4644911853_1-g" srsName="fguuid:jgd2011.bl">
<gml:pos>32.928139722 129.032934444</gml:pos>
</gml:Point>
</pos>
<type>標高点（測点）</type>
<alti>85</alti>
</ElevPt>
<ElevPt gml:id="K2_4644911856_1">
<fid>46449-11856-i-22</fid>
<lfSpanFr gml:id="K2_4644911856_1-1">
<gml:timePosition>2020-10-13</gml:timePosition>
</lfSpanFr>
<devDate gml:id="K2_4644911856_1-2">
<gml:timePosition>2024-11-29</gml:timePosition>
</devDate>
<orgGILvl>25000</orgGILvl>
<vis>表示</vis>
<pos>
<gml:Point gml:id="K2_4644911856_1-g" srsName="fguuid:jgd2011.bl">
<gml:pos>32.937962222 129.031083889</gml:pos>
</gml:Point>
</pos>
<type>標高点（測点）</type>
<alti>86</alti>
</ElevPt>
<ElevPt gml:id="K2_4644911859_1">
<fid>46449-11859-i-76</fid>
<lfSpanFr gml:id="K2_4644911859_1-1">
<gml:timePosition>2020-10-13</gml:timePosition>
</lfSpanFr>
<devDate gml:id="K2_4644911859_1-2">
<gml:timePosition>2024-11-29</gml:timePosition>
</devDate>
<orgGILvl>25000</orgGILvl>
<vis>表示</vis>
<pos>
<gml:Point gml:id="K2_4644911859_1-g" srsName="fguuid:jgd2011.bl">
<gml:pos>32.944269444 129.028320833</gml:pos>
</gml:Point>
</pos>
<type>標高点（測点）</type>
<alti>180</alti>
</ElevPt>
<ElevPt gml:id="K2_4644911862_1">
<fid>46449-11862-i-41</fid>
<lfSpanFr gml:id="K2_4644911862_1-1">
<gml:timePosition>2015-11-17</gml:timePosition>
</lfSpanFr>
<devDate gml:id="K2_4644911862_1-2">
<gml:timePosition>2024-11-29</gml:timePosition>
</devDate>
<orgGILvl>25000</orgGILvl>
<vis>表示</vis>
<pos>
<gml:Point gml:id="K2_4644911862_1-g" srsName="fguuid:jgd2011.bl">
<gml:pos>32.955185833 129.030505833</gml:pos>
</gml:Point>
</pos>
<type>標高点（測点）</type>
<alti>46</alti>
</ElevPt>
<ElevPt gml:id="K2_4644911865_1">
<fid>46449-11865-i-157</fid>
<lfSpanFr gml:id="K2_4644911865_1-1">
<gml:timePosition>2020-10-13</gml:timePosition>
</lfSpanFr>
<devDate gml:id="K2_4644911865_1-2">
<gml:timePosition>2024-11-29</gml:timePosition>
</devDate>
<orgGILvl>25000</orgGILvl>
<vis>表示</vis>
<pos>
<gml:Point gml:id="K2_4644911865_1-g" srsName="fguuid:jgd2011.bl">
<gml:pos>32.960637222 129.030430833</gml:pos>
</gml:Point>
</pos>
<type>標高点（測点）</type>
<alti>3</alti>
</ElevPt>
<ElevPt gml:id="K2_4644911871_1">
<fid>46449-11871-i-36</fid>
<lfSpanFr gml:id="K2_4644911871_1-1">
<gml:timePosition>2020-10-13</gml:timePosition>
</lfSpanFr>
<devDate gml:id="K2_4644911871_1-2">
<gml:timePosition>2024-11-29</gml:timePosition>
</devDate>
<orgGILvl>25000</orgGILvl>
<vis>表示</vis>
<pos>
<gml:Point gml:id="K2_4644911871_1-g" srsName="fguuid:jgd2011.bl">
<gml:pos>32.976645833 129.025172222</gml:pos>
</gml:Point>
</pos>
<type>標高点（測点）</type>
<alti>76</alti>
</ElevPt>
<ElevPt gml:id="K2_4645211856_1">
<fid>46452-11856-i-219</fid>
<lfSpanFr gml:id="K2_4645211856_1-1">
<gml:timePosition>2020-10-13</gml:timePosition>
</lfSpanFr>
<devDate gml:id="K2_4645211856_1-2">
<gml:timePosition>2024-11-29</gml:timePosition>
</devDate>
<orgGILvl>25000</orgGILvl>
<vis>表示</vis>
<pos>
<gml:Point gml:id="K2_4645211856_1-g" srsName="fguuid:jgd2011.bl">
<gml:pos>32.936220000 129.041388611</gml:pos>
</gml:Point>
</pos>
<type>標高点（測点）</type>
<alti>115</alti>
</ElevPt>
<ElevPt gml:id="K2_4645211859_1">
<fid>46452-11859-i-230</fid>
<lfSpanFr gml:id="K2_4645211859_1-1">
<gml:timePosition>2020-10-13</gml:timePosition>
</lfSpanFr>
<devDate gml:id="K2_4645211859_1-2">
<gml:timePosition>2024-11-29</gml:timePosition>
</devDate>
<orgGILvl>25000</orgGILvl>
<vis>表示</vis>
<pos>
<gml:Point gml:id="K2_4645211859_1-g" srsName="fguuid:jgd2011.bl">
<gml:pos>32.942838889 129.040221111</gml:pos>
</gml:Point>
</pos>
<type>標高点（測点）</type>
<alti>135</alti>
</ElevPt>
<ElevPt gml:id="K2_4645211865_1">
<fid>46452-11865-i-34</fid>
<lfSpanFr gml:id="K2_4645211865_1-1">
<gml:timePosition>2020-10-13</gml:timePosition>
</lfSpanFr>
<devDate gml:id="K2_4645211865_1-2">
<gml:timePosition>2024-11-29</gml:timePosition>
</devDate>
<orgGILvl>25000</orgGILvl>
<vis>表示</vis>
<pos>
<gml:Point gml:id="K2_4645211865_1-g" srsName="fguuid:jgd2011.bl">
<gml:pos>32.963025556 129.040818056</gml:pos>
</gml:Point>
</pos>
<type>標高点（測点）</type>
<alti>204</alti>
</ElevPt>
<ElevPt gml:id="K2_4645211868_1">
<fid>46452-11868-i-234</fid>
<lfSpanFr gml:id="K2_4645211868_1-1">
<gml:timePosition>2020-10-13</gml:timePosition>
</lfSpanFr>
<devDate gml:id="K2_4645211868_1-2">
<gml:timePosition>2024-11-29</gml:timePosition>
</devDate>
<orgGILvl>25000</orgGILvl>
<vis>表示</vis>
<pos>
<gml:Point gml:id="K2_4645211868_1-g" srsName="fguuid:jgd2011.bl">
<gml:pos>32.970015278 129.033625556</gml:pos>
</gml:Point>
</pos>
<type>標高点（測点）</type>
<alti>72</alti>
</ElevPt>
<ElevPt gml:id="K2_4645511853_1">
<fid>46455-11853-i-66</fid>
<lfSpanFr gml:id="K2_4645511853_1-1">
<gml:timePosition>2015-11-17</gml:timePosition>
</lfSpanFr>
<devDate gml:id="K2_4645511853_1-2">
<gml:timePosition>2024-11-29</gml:timePosition>
</devDate>
<orgGILvl>25000</orgGILvl>
<vis>表示</vis>
<pos>
<gml:Point gml:id="K2_4645511853_1-g" srsName="fguuid:jgd2011.bl">
<gml:pos>32.929223611 129.049664444</gml:pos>
</gml:Point>
</pos>
<type>標高点（測点）</type>
<alti>256</alti>
</ElevPt>
<ElevPt gml:id="K2_4645511853_2">
<fid>46455-11853-i-67</fid>
<lfSpanFr gml:id="K2_4645511853_2-1">
<gml:timePosition>2015-11-17</gml:timePosition>
</lfSpanFr>
<devDate gml:id="K2_4645511853_2-2">
<gml:timePosition>2024-11-29</gml:timePosition>
</devDate>
<orgGILvl>25000</orgGILvl>
<vis>表示</vis>
<pos>
<gml:Point gml:id="K2_4645511853_2-g" srsName="fguuid:jgd2011.bl">
<gml:pos>32.926282778 129.042306389</gml:pos>
</gml:Point>
</pos>
<type>標高点（測点）</type>
<alti>125</alti>
</ElevPt>
<ElevPt gml:id="K2_4645511856_1">
<fid>46455-11856-i-56</fid>
<lfSpanFr gml:id="K2_4645511856_1-1">
<gml:timePosition>2015-11-17</gml:timePosition>
</lfSpanFr>
<devDate gml:id="K2_4645511856_1-2">
<gml:timePosition>2024-11-29</gml:timePosition>
</devDate>
<orgGILvl>25000</orgGILvl>
<vis>表示</vis>
<pos>
<gml:Point gml:id="K2_4645511856_1-g" srsName="fguuid:jgd2011.bl">
<gml:pos>32.940332500 129.048093611</gml:pos>
</gml:Point>
</pos>
<type>標高点（測点）</type>
<alti>234</alti>
</ElevPt>
<ElevPt gml:id="K2_4645511859_1">
<fid>46455-11859-i-11</fid>
<lfSpanFr gml:id="K2_4645511859_1-1">
<gml:timePosition>2020-10-13</gml:timePosition>
</lfSpanFr>
<devDate gml:id="K2_4645511859_1-2">
<gml:timePosition>2024-11-29</gml:timePosition>
</devDate>
<orgGILvl>25000</orgGILvl>
<vis>表示</vis>
<pos>
<gml:Point gml:id="K2_4645511859_1-g" srsName="fguuid:jgd2011.bl">
<gml:pos>32.948788056 129.045270833</gml:pos>
</gml:Point>
</pos>
<type>標高点（測点）</type>
<alti>214</alti>
</ElevPt>
<ElevPt gml:id="K2_4645511862_1">
<fid>46455-11862-i-123</fid>
<lfSpanFr gml:id="K2_4645511862_1-1">
<gml:timePosition>2020-10-13</gml:timePosition>
</lfSpanFr>
<devDate gml:id="K2_4645511862_1-2">
<gml:timePosition>2024-11-29</gml:timePosition>
</devDate>
<orgGILvl>25000</orgGILvl>
<vis>表示</vis>
<pos>
<gml:Point gml:id="K2_4645511862_1-g" srsName="fguuid:jgd2011.bl">
<gml:pos>32.956544722 129.045408333</gml:pos>
</gml:Point>
</pos>
<type>標高点（測点）</type>
<alti>60</alti>
</ElevPt>
<ElevPt gml:id="K2_4645511865_1">
<fid>46455-11865-i-124</fid>
<lfSpanFr gml:id="K2_4645511865_1-1">
<gml:timePosition>2020-10-13</gml:timePosition>
</lfSpanFr>
<devDate gml:id="K2_4645511865_1-2">
<gml:timePosition>2024-11-29</gml:timePosition>
</devDate>
<orgGILvl>25000</orgGILvl>
<vis>表示</vis>
<pos>
<gml:Point gml:id="K2_4645511865_1-g" srsName="fguuid:jgd2011.bl">
<gml:pos>32.961995556 129.048863611</gml:pos>
</gml:Point>
</pos>
<type>標高点（測点）</type>
<alti>3</alti>
</ElevPt>
<ElevPt gml:id="K2_4645511868_1">
<fid>46455-11868-i-32</fid>
<lfSpanFr gml:id="K2_4645511868_1-1">
<gml:timePosition>2020-10-13</gml:timePosition>
</lfSpanFr>
<devDate gml:id="K2_4645511868_1-2">
<gml:timePosition>2024-11-29</gml:timePosition>
</devDate>
<orgGILvl>25000</orgGILvl>
<vis>表示</vis>
<pos>
<gml:Point gml:id="K2_4645511868_1-g" srsName="fguuid:jgd2011.bl">
<gml:pos>32.973934167 129.046613056</gml:pos>
</gml:Point>
</pos>
<type>標高点（測点）</type>
<alti>86</alti>
</ElevPt>
<ElevPt gml:id="K2_4645511874_1">
<fid>46455-11874-i-389</fid>
<lfSpanFr gml:id="K2_4645511874_1-1">
<gml:timePosition>2020-10-13</gml:timePosition>
</lfSpanFr>
<devDate gml:id="K2_4645511874_1-2">
<gml:timePosition>2024-11-29</gml:timePosition>
</devDate>
<orgGILvl>25000</orgGILvl>
<vis>表示</vis>
<pos>
<gml:Point gml:id="K2_4645511874_1-g" srsName="fguuid:jgd2011.bl">
<gml:pos>32.986002222 129.046970833</gml:pos>
</gml:Point>
</pos>
<type>標高点（測点）</type>
<alti>90</alti>
</ElevPt>
<ElevPt gml:id="K2_4645511877_1">
<fid>46455-11877-i-312</fid>
<lfSpanFr gml:id="K2_4645511877_1-1">
<gml:timePosition>2020-10-13</gml:timePosition>
</lfSpanFr>
<devDate gml:id="K2_4645511877_1-2">
<gml:timePosition>2024-11-29</gml:timePosition>
</devDate>
<orgGILvl>25000</orgGILvl>
<vis>表示</vis>
<pos>
<gml:Point gml:id="K2_4645511877_1-g" srsName="fguuid:jgd2011.bl">
<gml:pos>32.999390000 129.044926111</gml:pos>
</gml:Point>
</pos>
<type>標高点（測点）</type>
<alti>32</alti>
</ElevPt>
<ElevPt gml:id="K2_4645511877_2">
<fid>46455-11877-i-313</fid>
<lfSpanFr gml:id="K2_4645511877_2-1">
<gml:timePosition>2020-10-13</gml:timePosition>
</lfSpanFr>
<devDate gml:id="K2_4645511877_2-2">
<gml:timePosition>2024-11-29</gml:timePosition>
</devDate>
<orgGILvl>25000</orgGILvl>
<vis>表示</vis>
<pos>
<gml:Point gml:id="K2_4645511877_2-g" srsName="fguuid:jgd2011.bl">
<gml:pos>32.991938889 129.043578056</gml:pos>
</gml:Point>
</pos>
<type>標高点（測点）</type>
<alti>84</alti>
</ElevPt>
<ElevPt gml:id="K2_4645811850_1">
<fid>46458-11850-i-59</fid>
<lfSpanFr gml:id="K2_4645811850_1-1">
<gml:timePosition>2015-11-17</gml:timePosition>
</lfSpanFr>
<devDate gml:id="K2_4645811850_1-2">
<gml:timePosition>2024-11-29</gml:timePosition>
</devDate>
<orgGILvl>25000</orgGILvl>
<vis>表示</vis>
<pos>
<gml:Point gml:id="K2_4645811850_1-g" srsName="fguuid:jgd2011.bl">
<gml:pos>32.924722778 129.057279722</gml:pos>
</gml:Point>
</pos>
<type>標高点（測点）</type>
<alti>240</alti>
</ElevPt>
<ElevPt gml:id="K2_4645811862_1">
<fid>46458-11862-i-79</fid>
<lfSpanFr gml:id="K2_4645811862_1-1">
<gml:timePosition>2015-11-17</gml:timePosition>
</lfSpanFr>
<devDate gml:id="K2_4645811862_1-2">
<gml:timePosition>2024-11-29</gml:timePosition>
</devDate>
<orgGILvl>25000</orgGILvl>
<vis>表示</vis>
<pos>
<gml:Point gml:id="K2_4645811862_1-g" srsName="fguuid:jgd2011.bl">
<gml:pos>32.952937222 129.053400833</gml:pos>
</gml:Point>
</pos>
<type>標高点（測点）</type>
<alti>168</alti>
</ElevPt>
<ElevPt gml:id="K2_4645811868_1">
<fid>46458-11868-i-620</fid>
<lfSpanFr gml:id="K2_4645811868_1-1">
<gml:timePosition>2020-10-13</gml:timePosition>
</lfSpanFr>
<devDate gml:id="K2_4645811868_1-2">
<gml:timePosition>2024-11-29</gml:timePosition>
</devDate>
<orgGILvl>25000</orgGILvl>
<vis>表示</vis>
<pos>
<gml:Point gml:id="K2_4645811868_1-g" srsName="fguuid:jgd2011.bl">
<gml:pos>32.969508611 129.057789444</gml:pos>
</gml:Point>
</pos>
<type>標高点（測点）</type>
<alti>250</alti>
</ElevPt>
<ElevPt gml:id="K2_4645811871_1">
<fid>46458-11871-i-17</fid>
<lfSpanFr gml:id="K2_4645811871_1-1">
<gml:timePosition>2013-12-10</gml:timePosition>
</lfSpanFr>
<devDate gml:id="K2_4645811871_1-2">
<gml:timePosition>2024-11-29</gml:timePosition>
</devDate>
<orgGILvl>25000</orgGILvl>
<vis>表示</vis>
<pos>
<gml:Point gml:id="K2_4645811871_1-g" srsName="fguuid:jgd2011.bl">
<gml:pos>32.981960833 129.058256111</gml:pos>
</gml:Point>
</pos>
<type>標高点（測点）</type>
<alti>75</alti>
</ElevPt>
<ElevPt gml:id="K2_4645811871_2">
<fid>46458-11871-i-18</fid>
<lfSpanFr gml:id="K2_4645811871_2-1">
<gml:timePosition>2013-12-10</gml:timePosition>
</lfSpanFr>
<devDate gml:id="K2_4645811871_2-2">
<gml:timePosition>2024-11-29</gml:timePosition>
</devDate>
<orgGILvl>25000</orgGILvl>
<vis>表示</vis>
<pos>
<gml:Point gml:id="K2_4645811871_2-g" srsName="fguuid:jgd2011.bl">
<gml:pos>32.976357500 129.053953889</gml:pos>
</gml:Point>
</pos>
<type>標高点（測点）</type>
<alti>67</alti>
</ElevPt>
<ElevPt gml:id="K2_4645811874_1">
<fid>46458-11874-i-660</fid>
<lfSpanFr gml:id="K2_4645811874_1-1">
<gml:timePosition>2020-10-13</gml:timePosition>
</lfSpanFr>
<devDate gml:id="K2_4645811874_1-2">
<gml:timePosition>2024-11-29</gml:timePosition>
</devDate>
<orgGILvl>25000</orgGILvl>
<vis>表示</vis>
<pos>
<gml:Point gml:id="K2_4645811874_1-g" srsName="fguuid:jgd2011.bl">
<gml:pos>32.991251111 129.051519722</gml:pos>
</gml:Point>
</pos>
<type>標高点（測点）</type>
<alti>129</alti>
</ElevPt>
<ElevPt gml:id="K2_4645811874_2">
<fid>46458-11874-i-661</fid>
<lfSpanFr gml:id="K2_4645811874_2-1">
<gml:timePosition>2020-10-13</gml:timePosition>
</lfSpanFr>
<devDate gml:id="K2_4645811874_2-2">
<gml:timePosition>2024-11-29</gml:timePosition>
</devDate>
<orgGILvl>25000</orgGILvl>
<vis>表示</vis>
<pos>
<gml:Point gml:id="K2_4645811874_2-g" srsName="fguuid:jgd2011.bl">
<gml:pos>32.986465556 129.051183333</gml:pos>
</gml:Point>
</pos>
<type>標高点（測点）</type>
<alti>62</alti>
</ElevPt>
<ElevPt gml:id="K2_4645811877_1">
<fid>46458-11877-i-167</fid>
<lfSpanFr gml:id="K2_4645811877_1-1">
<gml:timePosition>2020-10-13</gml:timePosition>
</lfSpanFr>
<devDate gml:id="K2_4645811877_1-2">
<gml:timePosition>2024-11-29</gml:timePosition>
</devDate>
<orgGILvl>25000</orgGILvl>
<vis>表示</vis>
<pos>
<gml:Point gml:id="K2_4645811877_1-g" srsName="fguuid:jgd2011.bl">
<gml:pos>32.999081389 129.051858889</gml:pos>
</gml:Point>
</pos>
<type>標高点（測点）</type>
<alti>147</alti>
</ElevPt>
<ElevPt gml:id="K2_4646111850_1">
<fid>46461-11850-i-28</fid>
<lfSpanFr gml:id="K2_4646111850_1-1">
<gml:timePosition>2020-10-13</gml:timePosition>
</lfSpanFr>
<devDate gml:id="K2_4646111850_1-2">
<gml:timePosition>2024-11-29</gml:timePosition>
</devDate>
<orgGILvl>25000</orgGILvl>
<vis>表示</vis>
<pos>
<gml:Point gml:id="K2_4646111850_1-g" srsName="fguuid:jgd2011.bl">
<gml:pos>32.917629722 129.059848056</gml:pos>
</gml:Point>
</pos>
<type>標高点（測点）</type>
<alti>275</alti>
</ElevPt>
<ElevPt gml:id="K2_4646111853_1">
<fid>46461-11853-i-24</fid>
<lfSpanFr gml:id="K2_4646111853_1-1">
<gml:timePosition>2015-11-17</gml:timePosition>
</lfSpanFr>
<devDate gml:id="K2_4646111853_1-2">
<gml:timePosition>2024-11-29</gml:timePosition>
</devDate>
<orgGILvl>25000</orgGILvl>
<vis>表示</vis>
<pos>
<gml:Point gml:id="K2_4646111853_1-g" srsName="fguuid:jgd2011.bl">
<gml:pos>32.931377778 129.060300833</gml:pos>
</gml:Point>
</pos>
<type>標高点（測点）</type>
<alti>306</alti>
</ElevPt>
<ElevPt gml:id="K2_4646111856_1">
<fid>46461-11856-i-24</fid>
<lfSpanFr gml:id="K2_4646111856_1-1">
<gml:timePosition>2015-11-17</gml:timePosition>
</lfSpanFr>
<devDate gml:id="K2_4646111856_1-2">
<gml:timePosition>2024-11-29</gml:timePosition>
</devDate>
<orgGILvl>25000</orgGILvl>
<vis>表示</vis>
<pos>
<gml:Point gml:id="K2_4646111856_1-g" srsName="fguuid:jgd2011.bl">
<gml:pos>32.939744167 129.063594444</gml:pos>
</gml:Point>
</pos>
<type>標高点（測点）</type>
<alti>117</alti>
</ElevPt>
<ElevPt gml:id="K2_4646111859_1">
<fid>46461-11859-i-103</fid>
<lfSpanFr gml:id="K2_4646111859_1-1">
<gml:timePosition>2020-10-13</gml:timePosition>
</lfSpanFr>
<devDate gml:id="K2_4646111859_1-2">
<gml:timePosition>2024-11-29</gml:timePosition>
</devDate>
<orgGILvl>25000</orgGILvl>
<vis>表示</vis>
<pos>
<gml:Point gml:id="K2_4646111859_1-g" srsName="fguuid:jgd2011.bl">
<gml:pos>32.944332222 129.059479722</gml:pos>
</gml:Point>
</pos>
<type>標高点（測点）</type>
<alti>163</alti>
</ElevPt>
<ElevPt gml:id="K2_4646111862_1">
<fid>46461-11862-i-67</fid>
<lfSpanFr gml:id="K2_4646111862_1-1">
<gml:timePosition>2020-10-13</gml:timePosition>
</lfSpanFr>
<devDate gml:id="K2_4646111862_1-2">
<gml:timePosition>2024-11-29</gml:timePosition>
</devDate>
<orgGILvl>25000</orgGILvl>
<vis>表示</vis>
<pos>
<gml:Point gml:id="K2_4646111862_1-g" srsName="fguuid:jgd2011.bl">
<gml:pos>32.955456667 129.060950000</gml:pos>
</gml:Point>
</pos>
<type>標高点（測点）</type>
<alti>41</alti>
</ElevPt>
<ElevPt gml:id="K2_4646111871_1">
<fid>46461-11871-i-873</fid>
<lfSpanFr gml:id="K2_4646111871_1-1">
<gml:timePosition>2023-09-06</gml:timePosition>
</lfSpanFr>
<devDate gml:id="K2_4646111871_1-2">
<gml:timePosition>2024-11-29</gml:timePosition>
</devDate>
<orgGILvl>25000</orgGILvl>
<vis>非表示</vis>
<pos>
<gml:Point gml:id="K2_4646111871_1-g" srsName="fguuid:jgd2011.bl">
<gml:pos>32.977664167 129.058511944</gml:pos>
</gml:Point>
</pos>
<type>標高点（測点）</type>
<alti>6</alti>
</ElevPt>
<ElevPt gml:id="K2_4646111877_1">
<fid>46461-11877-i-123</fid>
<lfSpanFr gml:id="K2_4646111877_1-1">
<gml:timePosition>2015-11-17</gml:timePosition>
</lfSpanFr>
<devDate gml:id="K2_4646111877_1-2">
<gml:timePosition>2024-11-29</gml:timePosition>
</devDate>
<orgGILvl>25000</orgGILvl>
<vis>表示</vis>
<pos>
<gml:Point gml:id="K2_4646111877_1-g" srsName="fguuid:jgd2011.bl">
<gml:pos>32.995817500 129.060494167</gml:pos>
</gml:Point>
</pos>
<type>標高点（測点）</type>
<alti>197</alti>
</ElevPt>
<ElevPt gml:id="K2_4646411853_1">
<fid>46464-11853-i-122</fid>
<lfSpanFr gml:id="K2_4646411853_1-1">
<gml:timePosition>2015-11-17</gml:timePosition>
</lfSpanFr>
<devDate gml:id="K2_4646411853_1-2">
<gml:timePosition>2024-11-29</gml:timePosition>
</devDate>
<orgGILvl>25000</orgGILvl>
<vis>表示</vis>
<pos>
<gml:Point gml:id="K2_4646411853_1-g" srsName="fguuid:jgd2011.bl">
<gml:pos>32.926942778 129.067612500</gml:pos>
</gml:Point>
</pos>
<type>標高点（測点）</type>
<alti>322</alti>
</ElevPt>
<ElevPt gml:id="K2_4646411856_1">
<fid>46464-11856-i-183</fid>
<lfSpanFr gml:id="K2_4646411856_1-1">
<gml:timePosition>2020-10-13</gml:timePosition>
</lfSpanFr>
<devDate gml:id="K2_4646411856_1-2">
<gml:timePosition>2024-11-29</gml:timePosition>
</devDate>
<orgGILvl>25000</orgGILvl>
<vis>表示</vis>
<pos>
<gml:Point gml:id="K2_4646411856_1-g" srsName="fguuid:jgd2011.bl">
<gml:pos>32.935917222 129.069977500</gml:pos>
</gml:Point>
</pos>
<type>標高点（測点）</type>
<alti>81</alti>
</ElevPt>
<ElevPt gml:id="K2_4646411859_1">
<fid>46464-11859-i-88</fid>
<lfSpanFr gml:id="K2_4646411859_1-1">
<gml:timePosition>2020-10-13</gml:timePosition>
</lfSpanFr>
<devDate gml:id="K2_4646411859_1-2">
<gml:timePosition>2024-11-29</gml:timePosition>
</devDate>
<orgGILvl>25000</orgGILvl>
<vis>表示</vis>
<pos>
<gml:Point gml:id="K2_4646411859_1-g" srsName="fguuid:jgd2011.bl">
<gml:pos>32.943271944 129.072064722</gml:pos>
</gml:Point>
</pos>
<type>標高点（測点）</type>
<alti>76</alti>
</ElevPt>
<ElevPt gml:id="K2_4646411859_2">
<fid>46464-11859-i-89</fid>
<lfSpanFr gml:id="K2_4646411859_2-1">
<gml:timePosition>2020-10-13</gml:timePosition>
</lfSpanFr>
<devDate gml:id="K2_4646411859_2-2">
<gml:timePosition>2024-11-29</gml:timePosition>
</devDate>
<orgGILvl>25000</orgGILvl>
<vis>表示</vis>
<pos>
<gml:Point gml:id="K2_4646411859_2-g" srsName="fguuid:jgd2011.bl">
<gml:pos>32.949588333 129.069278333</gml:pos>
</gml:Point>
</pos>
<type>標高点（測点）</type>
<alti>40</alti>
</ElevPt>
<ElevPt gml:id="K2_4646411862_1">
<fid>46464-11862-i-18</fid>
<lfSpanFr gml:id="K2_4646411862_1-1">
<gml:timePosition>2015-11-17</gml:timePosition>
</lfSpanFr>
<devDate gml:id="K2_4646411862_1-2">
<gml:timePosition>2024-11-29</gml:timePosition>
</devDate>
<orgGILvl>25000</orgGILvl>
<vis>表示</vis>
<pos>
<gml:Point gml:id="K2_4646411862_1-g" srsName="fguuid:jgd2011.bl">
<gml:pos>32.952628611 129.067589167</gml:pos>
</gml:Point>
</pos>
<type>標高点（測点）</type>
<alti>201</alti>
</ElevPt>
<ElevPt gml:id="K2_4646411865_1">
<fid>46464-11865-i-52</fid>
<lfSpanFr gml:id="K2_4646411865_1-1">
<gml:timePosition>2020-10-13</gml:timePosition>
</lfSpanFr>
<devDate gml:id="K2_4646411865_1-2">
<gml:timePosition>2024-11-29</gml:timePosition>
</devDate>
<orgGILvl>25000</orgGILvl>
<vis>表示</vis>
<pos>
<gml:Point gml:id="K2_4646411865_1-g" srsName="fguuid:jgd2011.bl">
<gml:pos>32.959844444 129.071851389</gml:pos>
</gml:Point>
</pos>
<type>標高点（測点）</type>
<alti>272</alti>
</ElevPt>
<ElevPt gml:id="K2_4646411868_1">
<fid>46464-11868-i-218</fid>
<lfSpanFr gml:id="K2_4646411868_1-1">
<gml:timePosition>2020-10-13</gml:timePosition>
</lfSpanFr>
<devDate gml:id="K2_4646411868_1-2">
<gml:timePosition>2024-11-29</gml:timePosition>
</devDate>
<orgGILvl>25000</orgGILvl>
<vis>表示</vis>
<pos>
<gml:Point gml:id="K2_4646411868_1-g" srsName="fguuid:jgd2011.bl">
<gml:pos>32.970870833 129.068795000</gml:pos>
</gml:Point>
</pos>
<type>標高点（測点）</type>
<alti>12</alti>
</ElevPt>
<ElevPt gml:id="K2_4646411874_1">
<fid>46464-11874-i-45</fid>
<lfSpanFr gml:id="K2_4646411874_1-1">
<gml:timePosition>2013-12-10</gml:timePosition>
</lfSpanFr>
<devDate gml:id="K2_4646411874_1-2">
<gml:timePosition>2024-11-29</gml:timePosition>
</devDate>
<orgGILvl>25000</orgGILvl>
<vis>表示</vis>
<pos>
<gml:Point gml:id="K2_4646411874_1-g" srsName="fguuid:jgd2011.bl">
<gml:pos>32.990980556 129.069146667</gml:pos>
</gml:Point>
</pos>
<type>標高点（測点）</type>
<alti>87</alti>
</ElevPt>
<ElevPt gml:id="K2_4646411877_1">
<fid>46464-11877-i-357</fid>
<lfSpanFr gml:id="K2_4646411877_1-1">
<gml:timePosition>2020-10-13</gml:timePosition>
</lfSpanFr>
<devDate gml:id="K2_4646411877_1-2">
<gml:timePosition>2024-11-29</gml:timePosition>
</devDate>
<orgGILvl>25000</orgGILvl>
<vis>表示</vis>
<pos>
<gml:Point gml:id="K2_4646411877_1-g" srsName="fguuid:jgd2011.bl">
<gml:pos>32.998188086 129.068019460</gml:pos>
</gml:Point>
</pos>
<type>標高点（測点）</type>
<alti>50</alti>
</ElevPt>
<ElevPt gml:id="K2_4646711850_1">
<fid>46467-11850-i-44</fid>
<lfSpanFr gml:id="K2_4646711850_1-1">
<gml:timePosition>2015-11-17</gml:timePosition>
</lfSpanFr>
<devDate gml:id="K2_4646711850_1-2">
<gml:timePosition>2024-11-29</gml:timePosition>
</devDate>
<orgGILvl>25000</orgGILvl>
<vis>表示</vis>
<pos>
<gml:Point gml:id="K2_4646711850_1-g" srsName="fguuid:jgd2011.bl">
<gml:pos>32.921264444 129.075339722</gml:pos>
</gml:Point>
</pos>
<type>標高点（測点）</type>
<alti>274</alti>
</ElevPt>
<ElevPt gml:id="K2_4646711853_1">
<fid>46467-11853-i-91</fid>
<lfSpanFr gml:id="K2_4646711853_1-1">
<gml:timePosition>2020-10-13</gml:timePosition>
</lfSpanFr>
<devDate gml:id="K2_4646711853_1-2">
<gml:timePosition>2024-11-29</gml:timePosition>
</devDate>
<orgGILvl>25000</orgGILvl>
<vis>表示</vis>
<pos>
<gml:Point gml:id="K2_4646711853_1-g" srsName="fguuid:jgd2011.bl">
<gml:pos>32.930441389 129.077671111</gml:pos>
</gml:Point>
</pos>
<type>標高点（測点）</type>
<alti>125</alti>
</ElevPt>
<ElevPt gml:id="K2_4646711856_1">
<fid>46467-11856-i-53</fid>
<lfSpanFr gml:id="K2_4646711856_1-1">
<gml:timePosition>2020-10-13</gml:timePosition>
</lfSpanFr>
<devDate gml:id="K2_4646711856_1-2">
<gml:timePosition>2024-11-29</gml:timePosition>
</devDate>
<orgGILvl>25000</orgGILvl>
<vis>表示</vis>
<pos>
<gml:Point gml:id="K2_4646711856_1-g" srsName="fguuid:jgd2011.bl">
<gml:pos>32.941206944 129.078850556</gml:pos>
</gml:Point>
</pos>
<type>標高点（測点）</type>
<alti>343</alti>
</ElevPt>
<ElevPt gml:id="K2_4646711859_1">
<fid>46467-11859-i-65</fid>
<lfSpanFr gml:id="K2_4646711859_1-1">
<gml:timePosition>2020-10-13</gml:timePosition>
</lfSpanFr>
<devDate gml:id="K2_4646711859_1-2">
<gml:timePosition>2024-11-29</gml:timePosition>
</devDate>
<orgGILvl>25000</orgGILvl>
<vis>表示</vis>
<pos>
<gml:Point gml:id="K2_4646711859_1-g" srsName="fguuid:jgd2011.bl">
<gml:pos>32.946631667 129.083122222</gml:pos>
</gml:Point>
</pos>
<type>標高点（測点）</type>
<alti>266</alti>
</ElevPt>
<ElevPt gml:id="K2_4646711862_1">
<fid>46467-11862-i-61</fid>
<lfSpanFr gml:id="K2_4646711862_1-1">
<gml:timePosition>2020-10-13</gml:timePosition>
</lfSpanFr>
<devDate gml:id="K2_4646711862_1-2">
<gml:timePosition>2024-11-29</gml:timePosition>
</devDate>
<orgGILvl>25000</orgGILvl>
<vis>表示</vis>
<pos>
<gml:Point gml:id="K2_4646711862_1-g" srsName="fguuid:jgd2011.bl">
<gml:pos>32.953401389 129.075249722</gml:pos>
</gml:Point>
</pos>
<type>標高点（測点）</type>
<alti>248</alti>
</ElevPt>
<ElevPt gml:id="K2_4646711865_1">
<fid>46467-11865-i-56</fid>
<lfSpanFr gml:id="K2_4646711865_1-1">
<gml:timePosition>2015-11-17</gml:timePosition>
</lfSpanFr>
<devDate gml:id="K2_4646711865_1-2">
<gml:timePosition>2024-11-29</gml:timePosition>
</devDate>
<orgGILvl>25000</orgGILvl>
<vis>表示</vis>
<pos>
<gml:Point gml:id="K2_4646711865_1-g" srsName="fguuid:jgd2011.bl">
<gml:pos>32.964296111 129.079373889</gml:pos>
</gml:Point>
</pos>
<type>標高点（測点）</type>
<alti>258</alti>
</ElevPt>
<ElevPt gml:id="K2_4646711868_1">
<fid>46467-11868-i-67</fid>
<lfSpanFr gml:id="K2_4646711868_1-1">
<gml:timePosition>2015-11-17</gml:timePosition>
</lfSpanFr>
<devDate gml:id="K2_4646711868_1-2">
<gml:timePosition>2024-11-29</gml:timePosition>
</devDate>
<orgGILvl>25000</orgGILvl>
<vis>表示</vis>
<pos>
<gml:Point gml:id="K2_4646711868_1-g" srsName="fguuid:jgd2011.bl">
<gml:pos>32.973102500 129.080076389</gml:pos>
</gml:Point>
</pos>
<type>標高点（測点）</type>
<alti>167</alti>
</ElevPt>
<ElevPt gml:id="K2_4646711871_1">
<fid>46467-11871-i-138</fid>
<lfSpanFr gml:id="K2_4646711871_1-1">
<gml:timePosition>2015-11-17</gml:timePosition>
</lfSpanFr>
<devDate gml:id="K2_4646711871_1-2">
<gml:timePosition>2024-11-29</gml:timePosition>
</devDate>
<orgGILvl>25000</orgGILvl>
<vis>表示</vis>
<pos>
<gml:Point gml:id="K2_4646711871_1-g" srsName="fguuid:jgd2011.bl">
<gml:pos>32.977439444 129.078910000</gml:pos>
</gml:Point>
</pos>
<type>標高点（測点）</type>
<alti>206</alti>
</ElevPt>
<ElevPt gml:id="K2_4646711874_1">
<fid>46467-11874-i-521</fid>
<lfSpanFr gml:id="K2_4646711874_1-1">
<gml:timePosition>2020-10-13</gml:timePosition>
</lfSpanFr>
<devDate gml:id="K2_4646711874_1-2">
<gml:timePosition>2024-11-29</gml:timePosition>
</devDate>
<orgGILvl>25000</orgGILvl>
<vis>表示</vis>
<pos>
<gml:Point gml:id="K2_4646711874_1-g" srsName="fguuid:jgd2011.bl">
<gml:pos>32.989665556 129.077635833</gml:pos>
</gml:Point>
</pos>
<type>標高点（測点）</type>
<alti>90</alti>
</ElevPt>
<ElevPt gml:id="K2_4646711877_1">
<fid>46467-11877-i-107</fid>
<lfSpanFr gml:id="K2_4646711877_1-1">
<gml:timePosition>2020-10-13</gml:timePosition>
</lfSpanFr>
<devDate gml:id="K2_4646711877_1-2">
<gml:timePosition>2024-11-29</gml:timePosition>
</devDate>
<orgGILvl>25000</orgGILvl>
<vis>表示</vis>
<pos>
<gml:Point gml:id="K2_4646711877_1-g" srsName="fguuid:jgd2011.bl">
<gml:pos>32.999552222 129.082785833</gml:pos>
</gml:Point>
</pos>
<type>標高点（測点）</type>
<alti>139</alti>
</ElevPt>
<ElevPt gml:id="K2_4647011850_1">
<fid>46470-11850-i-61</fid>
<lfSpanFr gml:id="K2_4647011850_1-1">
<gml:timePosition>2015-11-17</gml:timePosition>
</lfSpanFr>
<devDate gml:id="K2_4647011850_1-2">
<gml:timePosition>2024-11-29</gml:timePosition>
</devDate>
<orgGILvl>25000</orgGILvl>
<vis>表示</vis>
<pos>
<gml:Point gml:id="K2_4647011850_1-g" srsName="fguuid:jgd2011.bl">
<gml:pos>32.921164167 129.084101667</gml:pos>
</gml:Point>
</pos>
<type>標高点（測点）</type>
<alti>222</alti>
</ElevPt>
<ElevPt gml:id="K2_4647011850_2">
<fid>46470-11850-i-62</fid>
<lfSpanFr gml:id="K2_4647011850_2-1">
<gml:timePosition>2015-11-17</gml:timePosition>
</lfSpanFr>
<devDate gml:id="K2_4647011850_2-2">
<gml:timePosition>2024-11-29</gml:timePosition>
</devDate>
<orgGILvl>25000</orgGILvl>
<vis>表示</vis>
<pos>
<gml:Point gml:id="K2_4647011850_2-g" srsName="fguuid:jgd2011.bl">
<gml:pos>32.920307500 129.090942222</gml:pos>
</gml:Point>
</pos>
<type>標高点（測点）</type>
<alti>104</alti>
</ElevPt>
<ElevPt gml:id="K2_4647011853_1">
<fid>46470-11853-i-69</fid>
<lfSpanFr gml:id="K2_4647011853_1-1">
<gml:timePosition>2015-11-17</gml:timePosition>
</lfSpanFr>
<devDate gml:id="K2_4647011853_1-2">
<gml:timePosition>2024-11-29</gml:timePosition>
</devDate>
<orgGILvl>25000</orgGILvl>
<vis>表示</vis>
<pos>
<gml:Point gml:id="K2_4647011853_1-g" srsName="fguuid:jgd2011.bl">
<gml:pos>32.925895278 129.088176389</gml:pos>
</gml:Point>
</pos>
<type>標高点（測点）</type>
<alti>114</alti>
</ElevPt>
<ElevPt gml:id="K2_4647011859_1">
<fid>46470-11859-i-363</fid>
<lfSpanFr gml:id="K2_4647011859_1-1">
<gml:timePosition>2020-10-13</gml:timePosition>
</lfSpanFr>
<devDate gml:id="K2_4647011859_1-2">
<gml:timePosition>2024-11-29</gml:timePosition>
</devDate>
<orgGILvl>25000</orgGILvl>
<vis>表示</vis>
<pos>
<gml:Point gml:id="K2_4647011859_1-g" srsName="fguuid:jgd2011.bl">
<gml:pos>32.942635000 129.089593333</gml:pos>
</gml:Point>
</pos>
<type>標高点（測点）</type>
<alti>281</alti>
</ElevPt>
<ElevPt gml:id="K2_4647011859_2">
<fid>46470-11859-i-364</fid>
<lfSpanFr gml:id="K2_4647011859_2-1">
<gml:timePosition>2020-10-13</gml:timePosition>
</lfSpanFr>
<devDate gml:id="K2_4647011859_2-2">
<gml:timePosition>2024-11-29</gml:timePosition>
</devDate>
<orgGILvl>25000</orgGILvl>
<vis>表示</vis>
<pos>
<gml:Point gml:id="K2_4647011859_2-g" srsName="fguuid:jgd2011.bl">
<gml:pos>32.946051111 129.091555278</gml:pos>
</gml:Point>
</pos>
<type>標高点（測点）</type>
<alti>294</alti>
</ElevPt>
<ElevPt gml:id="K2_4647011862_1">
<fid>46470-11862-i-65</fid>
<lfSpanFr gml:id="K2_4647011862_1-1">
<gml:timePosition>2015-11-17</gml:timePosition>
</lfSpanFr>
<devDate gml:id="K2_4647011862_1-2">
<gml:timePosition>2024-11-29</gml:timePosition>
</devDate>
<orgGILvl>25000</orgGILvl>
<vis>表示</vis>
<pos>
<gml:Point gml:id="K2_4647011862_1-g" srsName="fguuid:jgd2011.bl">
<gml:pos>32.953092500 129.085335833</gml:pos>
</gml:Point>
</pos>
<type>標高点（測点）</type>
<alti>232</alti>
</ElevPt>
<ElevPt gml:id="K2_4647011874_1">
<fid>46470-11874-i-1421</fid>
<lfSpanFr gml:id="K2_4647011874_1-1">
<gml:timePosition>2020-10-13</gml:timePosition>
</lfSpanFr>
<devDate gml:id="K2_4647011874_1-2">
<gml:timePosition>2024-11-29</gml:timePosition>
</devDate>
<orgGILvl>25000</orgGILvl>
<vis>表示</vis>
<pos>
<gml:Point gml:id="K2_4647011874_1-g" srsName="fguuid:jgd2011.bl">
<gml:pos>32.989153056 129.086969444</gml:pos>
</gml:Point>
</pos>
<type>標高点（測点）</type>
<alti>94</alti>
</ElevPt>
<ElevPt gml:id="K2_4647311853_1">
<fid>46473-11853-i-38</fid>
<lfSpanFr gml:id="K2_4647311853_1-1">
<gml:timePosition>2015-11-17</gml:timePosition>
</lfSpanFr>
<devDate gml:id="K2_4647311853_1-2">
<gml:timePosition>2024-11-29</gml:timePosition>
</devDate>
<orgGILvl>25000</orgGILvl>
<vis>表示</vis>
<pos>
<gml:Point gml:id="K2_4647311853_1-g" srsName="fguuid:jgd2011.bl">
<gml:pos>32.932420278 129.095288889</gml:pos>
</gml:Point>
</pos>
<type>標高点（測点）</type>
<alti>249</alti>
</ElevPt>
<ElevPt gml:id="K2_4647311856_1">
<fid>46473-11856-i-151</fid>
<lfSpanFr gml:id="K2_4647311856_1-1">
<gml:timePosition>2020-10-13</gml:timePosition>
</lfSpanFr>
<devDate gml:id="K2_4647311856_1-2">
<gml:timePosition>2024-11-29</gml:timePosition>
</devDate>
<orgGILvl>25000</orgGILvl>
<vis>表示</vis>
<pos>
<gml:Point gml:id="K2_4647311856_1-g" srsName="fguuid:jgd2011.bl">
<gml:pos>32.937948611 129.093030833</gml:pos>
</gml:Point>
</pos>
<type>標高点（測点）</type>
<alti>210</alti>
</ElevPt>
<ElevPt gml:id="K2_4647311865_1">
<fid>46473-11865-i-581</fid>
<lfSpanFr gml:id="K2_4647311865_1-1">
<gml:timePosition>2020-10-13</gml:timePosition>
</lfSpanFr>
<devDate gml:id="K2_4647311865_1-2">
<gml:timePosition>2024-11-29</gml:timePosition>
</devDate>
<orgGILvl>25000</orgGILvl>
<vis>表示</vis>
<pos>
<gml:Point gml:id="K2_4647311865_1-g" srsName="fguuid:jgd2011.bl">
<gml:pos>32.960655000 129.093857222</gml:pos>
</gml:Point>
</pos>
<type>標高点（測点）</type>
<alti>191</alti>
</ElevPt>
<ElevPt gml:id="K2_4647311868_1">
<fid>46473-11868-i-692</fid>
<lfSpanFr gml:id="K2_4647311868_1-1">
<gml:timePosition>2020-10-13</gml:timePosition>
</lfSpanFr>
<devDate gml:id="K2_4647311868_1-2">
<gml:timePosition>2024-11-29</gml:timePosition>
</devDate>
<orgGILvl>25000</orgGILvl>
<vis>表示</vis>
<pos>
<gml:Point gml:id="K2_4647311868_1-g" srsName="fguuid:jgd2011.bl">
<gml:pos>32.972776667 129.093224444</gml:pos>
</gml:Point>
</pos>
<type>標高点（測点）</type>
<alti>64</alti>
</ElevPt>
<ElevPt gml:id="K2_4647311874_1">
<fid>46473-11874-i-59</fid>
<lfSpanFr gml:id="K2_4647311874_1-1">
<gml:timePosition>2020-10-13</gml:timePosition>
</lfSpanFr>
<devDate gml:id="K2_4647311874_1-2">
<gml:timePosition>2024-11-29</gml:timePosition>
</devDate>
<orgGILvl>25000</orgGILvl>
<vis>表示</vis>
<pos>
<gml:Point gml:id="K2_4647311874_1-g" srsName="fguuid:jgd2011.bl">
<gml:pos>32.984288333 129.094166667</gml:pos>
</gml:Point>
</pos>
<type>標高点（測点）</type>
<alti>64</alti>
</ElevPt>
<ElevPt gml:id="K2_4647311877_1">
<fid>46473-11877-i-129</fid>
<lfSpanFr gml:id="K2_4647311877_1-1">
<gml:timePosition>2020-10-13</gml:timePosition>
</lfSpanFr>
<devDate gml:id="K2_4647311877_1-2">
<gml:timePosition>2024-11-29</gml:timePosition>
</devDate>
<orgGILvl>25000</orgGILvl>
<vis>表示</vis>
<pos>
<gml:Point gml:id="K2_4647311877_1-g" srsName="fguuid:jgd2011.bl">
<gml:pos>32.999458333 129.094030000</gml:pos>
</gml:Point>
</pos>
<type>標高点（測点）</type>
<alti>124</alti>
</ElevPt>
<ElevPt gml:id="K2_4647611853_1">
<fid>46476-11853-i-75</fid>
<lfSpanFr gml:id="K2_4647611853_1-1">
<gml:timePosition>2015-11-17</gml:timePosition>
</lfSpanFr>
<devDate gml:id="K2_4647611853_1-2">
<gml:timePosition>2024-11-29</gml:timePosition>
</devDate>
<orgGILvl>25000</orgGILvl>
<vis>表示</vis>
<pos>
<gml:Point gml:id="K2_4647611853_1-g" srsName="fguuid:jgd2011.bl">
<gml:pos>32.930924444 129.101237778</gml:pos>
</gml:Point>
</pos>
<type>標高点（測点）</type>
<alti>69</alti>
</ElevPt>
<ElevPt gml:id="K2_4647611853_2">
<fid>46476-11853-i-76</fid>
<lfSpanFr gml:id="K2_4647611853_2-1">
<gml:timePosition>2015-11-17</gml:timePosition>
</lfSpanFr>
<devDate gml:id="K2_4647611853_2-2">
<gml:timePosition>2024-11-29</gml:timePosition>
</devDate>
<orgGILvl>25000</orgGILvl>
<vis>表示</vis>
<pos>
<gml:Point gml:id="K2_4647611853_2-g" srsName="fguuid:jgd2011.bl">
<gml:pos>32.929157500 129.106129444</gml:pos>
</gml:Point>
</pos>
<type>標高点（測点）</type>
<alti>148</alti>
</ElevPt>
<ElevPt gml:id="K2_4647611856_1">
<fid>46476-11856-i-59</fid>
<lfSpanFr gml:id="K2_4647611856_1-1">
<gml:timePosition>2015-11-17</gml:timePosition>
</lfSpanFr>
<devDate gml:id="K2_4647611856_1-2">
<gml:timePosition>2024-11-29</gml:timePosition>
</devDate>
<orgGILvl>25000</orgGILvl>
<vis>表示</vis>
<pos>
<gml:Point gml:id="K2_4647611856_1-g" srsName="fguuid:jgd2011.bl">
<gml:pos>32.937900000 129.103075000</gml:pos>
</gml:Point>
</pos>
<type>標高点（測点）</type>
<alti>219</alti>
</ElevPt>
<ElevPt gml:id="K2_4647611859_1">
<fid>46476-11859-i-95</fid>
<lfSpanFr gml:id="K2_4647611859_1-1">
<gml:timePosition>2015-11-17</gml:timePosition>
</lfSpanFr>
<devDate gml:id="K2_4647611859_1-2">
<gml:timePosition>2024-11-29</gml:timePosition>
</devDate>
<orgGILvl>25000</orgGILvl>
<vis>表示</vis>
<pos>
<gml:Point gml:id="K2_4647611859_1-g" srsName="fguuid:jgd2011.bl">
<gml:pos>32.941770556 129.105551667</gml:pos>
</gml:Point>
</pos>
<type>標高点（測点）</type>
<alti>204</alti>
</ElevPt>
<ElevPt gml:id="K2_4647611862_1">
<fid>46476-11862-i-779</fid>
<lfSpanFr gml:id="K2_4647611862_1-1">
<gml:timePosition>2020-10-13</gml:timePosition>
</lfSpanFr>
<devDate gml:id="K2_4647611862_1-2">
<gml:timePosition>2024-11-29</gml:timePosition>
</devDate>
<orgGILvl>25000</orgGILvl>
<vis>表示</vis>
<pos>
<gml:Point gml:id="K2_4647611862_1-g" srsName="fguuid:jgd2011.bl">
<gml:pos>32.956853333 129.103558056</gml:pos>
</gml:Point>
</pos>
<type>標高点（測点）</type>
<alti>55</alti>
</ElevPt>
<ElevPt gml:id="K2_4647611868_1">
<fid>46476-11868-i-40</fid>
<lfSpanFr gml:id="K2_4647611868_1-1">
<gml:timePosition>2013-12-10</gml:timePosition>
</lfSpanFr>
<devDate gml:id="K2_4647611868_1-2">
<gml:timePosition>2024-11-29</gml:timePosition>
</devDate>
<orgGILvl>25000</orgGILvl>
<vis>表示</vis>
<pos>
<gml:Point gml:id="K2_4647611868_1-g" srsName="fguuid:jgd2011.bl">
<gml:pos>32.973099722 129.106220278</gml:pos>
</gml:Point>
</pos>
<type>標高点（測点）</type>
<alti>109</alti>
</ElevPt>
<ElevPt gml:id="K2_4647611874_1">
<fid>46476-11874-i-122</fid>
<lfSpanFr gml:id="K2_4647611874_1-1">
<gml:timePosition>2020-10-13</gml:timePosition>
</lfSpanFr>
<devDate gml:id="K2_4647611874_1-2">
<gml:timePosition>2024-11-29</gml:timePosition>
</devDate>
<orgGILvl>25000</orgGILvl>
<vis>表示</vis>
<pos>
<gml:Point gml:id="K2_4647611874_1-g" srsName="fguuid:jgd2011.bl">
<gml:pos>32.984015278 129.105066111</gml:pos>
</gml:Point>
</pos>
<type>標高点（測点）</type>
<alti>32</alti>
</ElevPt>
<ElevPt gml:id="K2_4647911862_1">
<fid>46479-11862-i-672</fid>
<lfSpanFr gml:id="K2_4647911862_1-1">
<gml:timePosition>2020-10-13</gml:timePosition>
</lfSpanFr>
<devDate gml:id="K2_4647911862_1-2">
<gml:timePosition>2024-11-29</gml:timePosition>
</devDate>
<orgGILvl>25000</orgGILvl>
<vis>表示</vis>
<pos>
<gml:Point gml:id="K2_4647911862_1-g" srsName="fguuid:jgd2011.bl">
<gml:pos>32.950835000 129.115663889</gml:pos>
</gml:Point>
</pos>
<type>標高点（測点）</type>
<alti>89</alti>
</ElevPt>
<ElevPt gml:id="K2_4647911865_1">
<fid>46479-11865-i-116</fid>
<lfSpanFr gml:id="K2_4647911865_1-1">
<gml:timePosition>2020-10-13</gml:timePosition>
</lfSpanFr>
<devDate gml:id="K2_4647911865_1-2">
<gml:timePosition>2024-11-29</gml:timePosition>
</devDate>
<orgGILvl>25000</orgGILvl>
<vis>表示</vis>
<pos>
<gml:Point gml:id="K2_4647911865_1-g" srsName="fguuid:jgd2011.bl">
<gml:pos>32.962505000 129.115133333</gml:pos>
</gml:Point>
</pos>
<type>標高点（測点）</type>
<alti>267</alti>
</ElevPt>
<ElevPt gml:id="K2_4647911871_1">
<fid>46479-11871-i-786</fid>
<lfSpanFr gml:id="K2_4647911871_1-1">
<gml:timePosition>2020-10-13</gml:timePosition>
</lfSpanFr>
<devDate gml:id="K2_4647911871_1-2">
<gml:timePosition>2024-11-29</gml:timePosition>
</devDate>
<orgGILvl>25000</orgGILvl>
<vis>表示</vis>
<pos>
<gml:Point gml:id="K2_4647911871_1-g" srsName="fguuid:jgd2011.bl">
<gml:pos>32.980334722 129.114607778</gml:pos>
</gml:Point>
</pos>
<type>標高点（測点）</type>
<alti>43</alti>
</ElevPt>
<ElevPt gml:id="K2_4648211874_1">
<fid>46482-11874-i-566</fid>
<lfSpanFr gml:id="K2_4648211874_1-1">
<gml:timePosition>2020-10-13</gml:timePosition>
</lfSpanFr>
<devDate gml:id="K2_4648211874_1-2">
<gml:timePosition>2024-11-29</gml:timePosition>
</devDate>
<orgGILvl>25000</orgGILvl>
<vis>表示</vis>
<pos>
<gml:Point gml:id="K2_4648211874_1-g" srsName="fguuid:jgd2011.bl">
<gml:pos>32.989230833 129.121972500</gml:pos>
</gml:Point>
</pos>
<type>標高点（測点）</type>
<alti>34</alti>
</ElevPt>
</Dataset>
