<?xml version="1.0" encoding="utf-8"?>
<Dataset xsi:schemaLocation="http://fgd.gsi.go.jp/spec/2008/FGD_GMLSchema FGD_GMLSchema.xsd"
	xmlns:gml="http://www.opengis.net/gml/3.2"
	xmlns:xsi="http://www.w3.org/2001/XMLSchema-instance"
	xmlns:xlink="http://www.w3.org/1999/xlink"
	xmlns="http://fgd.gsi.go.jp/spec/2008/FGD_GMLSchema"
	gml:id="Dataset1">
  <gml:description>基盤地図情報メタデータ ID=fmdid:25-0101</gml:description>
  <gml:name>基盤地図情報ダウンロードデータ（GML版）</gml:name>
<AdmPt gml:id="K6_4644311850_1">
<fid>46443-11850-i-183</fid>
<lfSpanFr gml:id="K6_4644311850_1-1">
<gml:timePosition>2020-10-13</gml:timePosition>
</lfSpanFr>
<devDate gml:id="K6_4644311850_1-2">
<gml:timePosition>2024-11-29</gml:timePosition>
</devDate>
<orgGILvl>25000</orgGILvl>
<vis>非表示</vis>
<pos>
<gml:Point gml:id="K6_4644311850_1-g" srsName="fguuid:jgd2011.bl">
<gml:pos>32.921428556 129.009969532</gml:pos>
</gml:Point>
</pos>
<type>町村・指定都市の区</type>
<name>新上五島町</name>
<admCode>42411</admCode>
</AdmPt>
<AdmPt gml:id="K6_4644611850_1">
<fid>46446-11850-i-8</fid>
<lfSpanFr gml:id="K6_4644611850_1-1">
<gml:timePosition>2015-11-17</gml:timePosition>
</lfSpanFr>
<devDate gml:id="K6_4644611850_1-2">
<gml:timePosition>2024-11-29</gml:timePosition>
</devDate>
<orgGILvl>25000</orgGILvl>
<vis>非表示</vis>
<pos>
<gml:Point gml:id="K6_4644611850_1-g" srsName="fguuid:jgd2011.bl">
<gml:pos>32.917211963 129.019282630</gml:pos>
</gml:Point>
</pos>
<type>町村・指定都市の区</type>
<name>新上五島町</name>
<admCode>42411</admCode>
</AdmPt>
<AdmPt gml:id="K6_4646711862_1">
<fid>46467-11862-i-68</fid>
<lfSpanFr gml:id="K6_4646711862_1-1">
<gml:timePosition>2020-10-13</gml:timePosition>
</lfSpanFr>
<devDate gml:id="K6_4646711862_1-2">
<gml:timePosition>2024-11-29</gml:timePosition>
</devDate>
<orgGILvl>25000</orgGILvl>
<vis>非表示</vis>
<pos>
<gml:Point gml:id="K6_4646711862_1-g" srsName="fguuid:jgd2011.bl">
<gml:pos>32.956615912 129.075268700</gml:pos>
</gml:Point>
</pos>
<type>町村・指定都市の区</type>
<name>新上五島町</name>
<admCode>42411</admCode>
</AdmPt>
</Dataset>
