<?xml version="1.0" encoding="utf-8"?>
<Dataset xsi:schemaLocation="http://fgd.gsi.go.jp/spec/2008/FGD_GMLSchema FGD_GMLSchema.xsd"
	xmlns:gml="http://www.opengis.net/gml/3.2"
	xmlns:xsi="http://www.w3.org/2001/XMLSchema-instance"
	xmlns:xlink="http://www.w3.org/1999/xlink"
	xmlns="http://fgd.gsi.go.jp/spec/2008/FGD_GMLSchema"
	gml:id="Dataset1">
  <gml:description>基盤地図情報メタデータ ID=fmdid:25-0101</gml:description>
  <gml:name>基盤地図情報ダウンロードデータ（GML版）</gml:name>
<GCP gml:id="K1_492930_1">
<fid>10-00100-0-2411-145196</fid>
<lfSpanFr gml:id="K1_492930_1-1">
<gml:timePosition>2024-11-15</gml:timePosition>
</lfSpanFr>
<devDate gml:id="K1_492930_1-2">
<gml:timePosition>2024-11-29</gml:timePosition>
</devDate>
<orgGILvl>SJ12</orgGILvl>
<vis>表示</vis>
<pos>
<gml:Point gml:id="K1_492930_1-g" srsName="fguuid:jgd2011.bl">
<gml:pos>32.985377778 129.072977778</gml:pos>
</gml:Point>
</pos>
<orgName>国土地理院</orgName>
<type>水準点</type>
<gcpClass>二等水準点</gcpClass>
<gcpCode>L020000010593</gcpCode>
<name>１０５９３</name>
<B>118747.36</B>
<L>464662.72</L>
<alti>5.34</alti>
<altiAcc>3</altiAcc>
</GCP>
<GCP gml:id="K1_492930_2">
<fid>10-00100-0-2411-145197</fid>
<lfSpanFr gml:id="K1_492930_2-1">
<gml:timePosition>2024-11-15</gml:timePosition>
</lfSpanFr>
<devDate gml:id="K1_492930_2-2">
<gml:timePosition>2024-11-29</gml:timePosition>
</devDate>
<orgGILvl>SJ12</orgGILvl>
<vis>表示</vis>
<pos>
<gml:Point gml:id="K1_492930_2-g" srsName="fguuid:jgd2011.bl">
<gml:pos>32.959994444 129.048030556</gml:pos>
</gml:Point>
</pos>
<orgName>国土地理院</orgName>
<type>水準点</type>
<gcpClass>二等水準点</gcpClass>
<gcpCode>L020000010594</gcpCode>
<name>１０５９４</name>
<B>118655.98</B>
<L>464572.91</L>
<alti>2.601</alti>
<altiAcc>3</altiAcc>
</GCP>
<GCP gml:id="K1_492930_3">
<fid>10-00100-0-2411-145198</fid>
<lfSpanFr gml:id="K1_492930_3-1">
<gml:timePosition>2024-11-15</gml:timePosition>
</lfSpanFr>
<devDate gml:id="K1_492930_3-2">
<gml:timePosition>2024-11-29</gml:timePosition>
</devDate>
<orgGILvl>SJ12</orgGILvl>
<vis>表示</vis>
<pos>
<gml:Point gml:id="K1_492930_3-g" srsName="fguuid:jgd2011.bl">
<gml:pos>32.937047222 129.038591667</gml:pos>
</gml:Point>
</pos>
<orgName>国土地理院</orgName>
<type>水準点</type>
<gcpClass>二等水準点</gcpClass>
<gcpCode>L020000010595</gcpCode>
<name>１０５９５</name>
<B>118573.37</B>
<L>464538.93</L>
<alti>3.971</alti>
<altiAcc>3</altiAcc>
</GCP>
<GCP gml:id="K1_492930_4">
<fid>10-00100-0-2411-145202</fid>
<lfSpanFr gml:id="K1_492930_4-1">
<gml:timePosition>2024-11-15</gml:timePosition>
</lfSpanFr>
<devDate gml:id="K1_492930_4-2">
<gml:timePosition>2024-11-29</gml:timePosition>
</devDate>
<orgGILvl>SJ12</orgGILvl>
<vis>表示</vis>
<pos>
<gml:Point gml:id="K1_492930_4-g" srsName="fguuid:jgd2011.bl">
<gml:pos>32.978519667 129.097425472</gml:pos>
</gml:Point>
</pos>
<orgName>国土地理院</orgName>
<type>水準点</type>
<gcpClass>二等水準点</gcpClass>
<gcpCode>L020000010599</gcpCode>
<name>１０５９９</name>
<B>118722.6708</B>
<L>464750.7317</L>
<alti>5.656</alti>
<altiAcc>3</altiAcc>
</GCP>
<GCP gml:id="K1_492930_5">
<fid>10-00100-0-2411-145203</fid>
<lfSpanFr gml:id="K1_492930_5-1">
<gml:timePosition>2024-11-15</gml:timePosition>
</lfSpanFr>
<devDate gml:id="K1_492930_5-2">
<gml:timePosition>2024-11-29</gml:timePosition>
</devDate>
<orgGILvl>SJ12</orgGILvl>
<vis>表示</vis>
<pos>
<gml:Point gml:id="K1_492930_5-g" srsName="fguuid:jgd2011.bl">
<gml:pos>32.983908333 129.115983333</gml:pos>
</gml:Point>
</pos>
<orgName>国土地理院</orgName>
<type>水準点</type>
<gcpClass>二等水準点</gcpClass>
<gcpCode>L020000010600</gcpCode>
<name>１０６００</name>
<B>118742.07</B>
<L>464817.54</L>
<alti>3.371</alti>
<altiAcc>3</altiAcc>
</GCP>
<GCP gml:id="K1_492930_6">
<fid>10-00100-0-2411-145206</fid>
<lfSpanFr gml:id="K1_492930_6-1">
<gml:timePosition>2024-11-15</gml:timePosition>
</lfSpanFr>
<devDate gml:id="K1_492930_6-2">
<gml:timePosition>2024-11-29</gml:timePosition>
</devDate>
<orgGILvl>SJ12</orgGILvl>
<vis>表示</vis>
<pos>
<gml:Point gml:id="K1_492930_6-g" srsName="fguuid:jgd2011.bl">
<gml:pos>32.950802833 129.101134500</gml:pos>
</gml:Point>
</pos>
<orgName>国土地理院</orgName>
<type>水準点</type>
<gcpClass>二等水準点</gcpClass>
<gcpCode>L020000010603</gcpCode>
<name>１０６０３</name>
<B>118622.8902</B>
<L>464764.0842</L>
<alti>2.934</alti>
<altiAcc>3</altiAcc>
</GCP>
<GCP gml:id="K1_492930_7">
<fid>10-00100-0-2411-151063</fid>
<lfSpanFr gml:id="K1_492930_7-1">
<gml:timePosition>2024-11-15</gml:timePosition>
</lfSpanFr>
<devDate gml:id="K1_492930_7-2">
<gml:timePosition>2024-11-29</gml:timePosition>
</devDate>
<orgGILvl>KJ11</orgGILvl>
<vis>表示</vis>
<pos>
<gml:Point gml:id="K1_492930_7-g" srsName="fguuid:jgd2011.bl">
<gml:pos>32.933462444 129.052938500</gml:pos>
</gml:Point>
</pos>
<orgName>国土地理院</orgName>
<type>三角点</type>
<gcpClass>一等三角点</gcpClass>
<gcpCode>TR14929302401</gcpCode>
<name>三王山</name>
<B>118560.4648</B>
<L>464590.5786</L>
<alti>438.72</alti>
<altiAcc>2</altiAcc>
</GCP>
<GCP gml:id="K1_492930_8">
<fid>10-00100-0-2411-158828</fid>
<lfSpanFr gml:id="K1_492930_8-1">
<gml:timePosition>2024-11-15</gml:timePosition>
</lfSpanFr>
<devDate gml:id="K1_492930_8-2">
<gml:timePosition>2024-11-29</gml:timePosition>
</devDate>
<orgGILvl>KJ13</orgGILvl>
<vis>表示</vis>
<pos>
<gml:Point gml:id="K1_492930_8-g" srsName="fguuid:jgd2011.bl">
<gml:pos>32.922599222 129.113211806</gml:pos>
</gml:Point>
</pos>
<orgName>国土地理院</orgName>
<type>三角点</type>
<gcpClass>三等三角点</gcpClass>
<gcpCode>TR34929300901</gcpCode>
<name>畠島</name>
<B>118521.3572</B>
<L>464807.5625</L>
<alti>67.0</alti>
<altiAcc>2</altiAcc>
</GCP>
<GCP gml:id="K1_492930_9">
<fid>10-00100-0-2411-158829</fid>
<lfSpanFr gml:id="K1_492930_9-1">
<gml:timePosition>2024-11-15</gml:timePosition>
</lfSpanFr>
<devDate gml:id="K1_492930_9-2">
<gml:timePosition>2024-11-29</gml:timePosition>
</devDate>
<orgGILvl>KJ13</orgGILvl>
<vis>表示</vis>
<pos>
<gml:Point gml:id="K1_492930_9-g" srsName="fguuid:jgd2011.bl">
<gml:pos>32.940269417 129.096539917</gml:pos>
</gml:Point>
</pos>
<orgName>国土地理院</orgName>
<type>三角点</type>
<gcpClass>三等三角点</gcpClass>
<gcpCode>TR34929302701</gcpCode>
<name>名子山</name>
<B>118584.9699</B>
<L>464747.5437</L>
<alti>283.94</alti>
<altiAcc>2</altiAcc>
</GCP>
<GCP gml:id="K1_492930_10">
<fid>10-00100-0-2411-158830</fid>
<lfSpanFr gml:id="K1_492930_10-1">
<gml:timePosition>2024-11-15</gml:timePosition>
</lfSpanFr>
<devDate gml:id="K1_492930_10-2">
<gml:timePosition>2024-11-29</gml:timePosition>
</devDate>
<orgGILvl>KJ13</orgGILvl>
<vis>表示</vis>
<pos>
<gml:Point gml:id="K1_492930_10-g" srsName="fguuid:jgd2011.bl">
<gml:pos>32.951533361 129.025082167</gml:pos>
</gml:Point>
</pos>
<orgName>国土地理院</orgName>
<type>三角点</type>
<gcpClass>三等三角点</gcpClass>
<gcpCode>TR34929304201</gcpCode>
<name>木場</name>
<B>118625.5201</B>
<L>464490.2958</L>
<alti>308.88</alti>
<altiAcc>2</altiAcc>
</GCP>
<GCP gml:id="K1_492930_11">
<fid>10-00100-0-2411-158831</fid>
<lfSpanFr gml:id="K1_492930_11-1">
<gml:timePosition>2024-11-15</gml:timePosition>
</lfSpanFr>
<devDate gml:id="K1_492930_11-2">
<gml:timePosition>2024-11-29</gml:timePosition>
</devDate>
<orgGILvl>KJ13</orgGILvl>
<vis>表示</vis>
<pos>
<gml:Point gml:id="K1_492930_11-g" srsName="fguuid:jgd2011.bl">
<gml:pos>32.962972250 129.086785056</gml:pos>
</gml:Point>
</pos>
<orgName>国土地理院</orgName>
<type>三角点</type>
<gcpClass>三等三角点</gcpClass>
<gcpCode>TR34929305601</gcpCode>
<name>矢倉岳</name>
<B>118666.7001</B>
<L>464712.4262</L>
<alti>383.89</alti>
<altiAcc>2</altiAcc>
</GCP>
<GCP gml:id="K1_492930_12">
<fid>10-00100-0-2411-158832</fid>
<lfSpanFr gml:id="K1_492930_12-1">
<gml:timePosition>2024-11-15</gml:timePosition>
</lfSpanFr>
<devDate gml:id="K1_492930_12-2">
<gml:timePosition>2024-11-29</gml:timePosition>
</devDate>
<orgGILvl>KJ13</orgGILvl>
<vis>表示</vis>
<pos>
<gml:Point gml:id="K1_492930_12-g" srsName="fguuid:jgd2011.bl">
<gml:pos>32.970658639 129.041987861</gml:pos>
</gml:Point>
</pos>
<orgName>国土地理院</orgName>
<type>三角点</type>
<gcpClass>三等三角点</gcpClass>
<gcpCode>TR34929306301</gcpCode>
<name>小浜</name>
<B>118694.3711</B>
<L>464551.1563</L>
<alti>224.37</alti>
<altiAcc>2</altiAcc>
</GCP>
<GCP gml:id="K1_492930_13">
<fid>10-00100-0-2411-158833</fid>
<lfSpanFr gml:id="K1_492930_13-1">
<gml:timePosition>2024-11-15</gml:timePosition>
</lfSpanFr>
<devDate gml:id="K1_492930_13-2">
<gml:timePosition>2024-11-29</gml:timePosition>
</devDate>
<orgGILvl>KJ13</orgGILvl>
<vis>表示</vis>
<pos>
<gml:Point gml:id="K1_492930_13-g" srsName="fguuid:jgd2011.bl">
<gml:pos>32.967671528 129.109839083</gml:pos>
</gml:Point>
</pos>
<orgName>国土地理院</orgName>
<type>三角点</type>
<gcpClass>三等三角点</gcpClass>
<gcpCode>TR34929306801</gcpCode>
<name>大高山</name>
<B>118683.6175</B>
<L>464795.4207</L>
<alti>222.95</alti>
<altiAcc>2</altiAcc>
</GCP>
<GCP gml:id="K1_492930_14">
<fid>10-00100-0-2411-158834</fid>
<lfSpanFr gml:id="K1_492930_14-1">
<gml:timePosition>2024-11-15</gml:timePosition>
</lfSpanFr>
<devDate gml:id="K1_492930_14-2">
<gml:timePosition>2024-11-29</gml:timePosition>
</devDate>
<orgGILvl>KJ13</orgGILvl>
<vis>表示</vis>
<pos>
<gml:Point gml:id="K1_492930_14-g" srsName="fguuid:jgd2011.bl">
<gml:pos>32.988593472 129.058774694</gml:pos>
</gml:Point>
</pos>
<orgName>国土地理院</orgName>
<type>三角点</type>
<gcpClass>三等三角点</gcpClass>
<gcpCode>TR34929308401</gcpCode>
<name>樫木山</name>
<B>118758.9365</B>
<L>464611.5889</L>
<alti>208.03</alti>
<altiAcc>2</altiAcc>
</GCP>
<GCP gml:id="K1_492930_15">
<fid>10-00100-0-2411-158835</fid>
<lfSpanFr gml:id="K1_492930_15-1">
<gml:timePosition>2024-11-15</gml:timePosition>
</lfSpanFr>
<devDate gml:id="K1_492930_15-2">
<gml:timePosition>2024-11-29</gml:timePosition>
</devDate>
<orgGILvl>KJ13</orgGILvl>
<vis>表示</vis>
<pos>
<gml:Point gml:id="K1_492930_15-g" srsName="fguuid:jgd2011.bl">
<gml:pos>32.984638250 129.078778056</gml:pos>
</gml:Point>
</pos>
<orgName>国土地理院</orgName>
<type>三角点</type>
<gcpClass>三等三角点</gcpClass>
<gcpCode>TR34929308601</gcpCode>
<name>塘</name>
<B>118744.6977</B>
<L>464683.601</L>
<alti>122.14</alti>
<altiAcc>2</altiAcc>
</GCP>
<GCP gml:id="K1_492930_16">
<fid>10-00100-0-2411-158836</fid>
<lfSpanFr gml:id="K1_492930_16-1">
<gml:timePosition>2024-11-15</gml:timePosition>
</lfSpanFr>
<devDate gml:id="K1_492930_16-2">
<gml:timePosition>2024-11-29</gml:timePosition>
</devDate>
<orgGILvl>KJ13</orgGILvl>
<vis>表示</vis>
<pos>
<gml:Point gml:id="K1_492930_16-g" srsName="fguuid:jgd2011.bl">
<gml:pos>32.995016667 129.101650917</gml:pos>
</gml:Point>
</pos>
<orgName>国土地理院</orgName>
<type>三角点</type>
<gcpClass>三等三角点</gcpClass>
<gcpCode>TR34929309801</gcpCode>
<name>竹子島</name>
<B>118782.06</B>
<L>464765.9433</L>
<alti>53.71</alti>
<altiAcc>2</altiAcc>
</GCP>
<GCP gml:id="K1_492930_17">
<fid>10-00100-0-2411-194835</fid>
<lfSpanFr gml:id="K1_492930_17-1">
<gml:timePosition>2024-11-15</gml:timePosition>
</lfSpanFr>
<devDate gml:id="K1_492930_17-2">
<gml:timePosition>2024-11-29</gml:timePosition>
</devDate>
<orgGILvl>KJ14</orgGILvl>
<vis>表示</vis>
<pos>
<gml:Point gml:id="K1_492930_17-g" srsName="fguuid:jgd2011.bl">
<gml:pos>32.921581222 129.010983667</gml:pos>
</gml:Point>
</pos>
<orgName>国土地理院</orgName>
<type>三角点</type>
<gcpClass>四等三角点</gcpClass>
<gcpCode>TR44929300001</gcpCode>
<name>男鹿ノ浦</name>
<B>118517.6924</B>
<L>464439.5412</L>
<alti>201.57</alti>
<altiAcc>2</altiAcc>
</GCP>
<GCP gml:id="K1_492930_18">
<fid>10-00100-0-2411-194836</fid>
<lfSpanFr gml:id="K1_492930_18-1">
<gml:timePosition>2024-11-15</gml:timePosition>
</lfSpanFr>
<devDate gml:id="K1_492930_18-2">
<gml:timePosition>2024-11-29</gml:timePosition>
</devDate>
<orgGILvl>KJ14</orgGILvl>
<vis>表示</vis>
<pos>
<gml:Point gml:id="K1_492930_18-g" srsName="fguuid:jgd2011.bl">
<gml:pos>32.921924528 129.031707444</gml:pos>
</gml:Point>
</pos>
<orgName>国土地理院</orgName>
<type>三角点</type>
<gcpClass>四等三角点</gcpClass>
<gcpCode>TR44929300201</gcpCode>
<name>大串崎</name>
<B>118518.9283</B>
<L>464514.1468</L>
<alti>149.79</alti>
<altiAcc>2</altiAcc>
</GCP>
<GCP gml:id="K1_492930_19">
<fid>10-00100-0-2411-194837</fid>
<lfSpanFr gml:id="K1_492930_19-1">
<gml:timePosition>2024-11-15</gml:timePosition>
</lfSpanFr>
<devDate gml:id="K1_492930_19-2">
<gml:timePosition>2024-11-29</gml:timePosition>
</devDate>
<orgGILvl>KJ14</orgGILvl>
<vis>表示</vis>
<pos>
<gml:Point gml:id="K1_492930_19-g" srsName="fguuid:jgd2011.bl">
<gml:pos>32.917353639 129.045618250</gml:pos>
</gml:Point>
</pos>
<orgName>国土地理院</orgName>
<type>三角点</type>
<gcpClass>四等三角点</gcpClass>
<gcpCode>TR44929300301</gcpCode>
<name>蔵の小島</name>
<B>118502.4731</B>
<L>464564.2257</L>
<alti>61.7</alti>
<altiAcc>2</altiAcc>
</GCP>
<GCP gml:id="K1_492930_20">
<fid>10-00100-0-2411-194838</fid>
<lfSpanFr gml:id="K1_492930_20-1">
<gml:timePosition>2024-11-15</gml:timePosition>
</lfSpanFr>
<devDate gml:id="K1_492930_20-2">
<gml:timePosition>2024-11-29</gml:timePosition>
</devDate>
<orgGILvl>KJ14</orgGILvl>
<vis>表示</vis>
<pos>
<gml:Point gml:id="K1_492930_20-g" srsName="fguuid:jgd2011.bl">
<gml:pos>32.920525528 129.066587028</gml:pos>
</gml:Point>
</pos>
<orgName>国土地理院</orgName>
<type>三角点</type>
<gcpClass>四等三角点</gcpClass>
<gcpCode>TR44929300501</gcpCode>
<name>雌岳</name>
<B>118513.8919</B>
<L>464639.7133</L>
<alti>401.05</alti>
<altiAcc>2</altiAcc>
</GCP>
<GCP gml:id="K1_492930_21">
<fid>10-00100-0-2411-194839</fid>
<lfSpanFr gml:id="K1_492930_21-1">
<gml:timePosition>2024-11-15</gml:timePosition>
</lfSpanFr>
<devDate gml:id="K1_492930_21-2">
<gml:timePosition>2024-11-29</gml:timePosition>
</devDate>
<orgGILvl>KJ14</orgGILvl>
<vis>表示</vis>
<pos>
<gml:Point gml:id="K1_492930_21-g" srsName="fguuid:jgd2011.bl">
<gml:pos>32.917242917 129.092066111</gml:pos>
</gml:Point>
</pos>
<orgName>国土地理院</orgName>
<type>三角点</type>
<gcpClass>四等三角点</gcpClass>
<gcpCode>TR44929300701</gcpCode>
<name>五斗ヶ浦</name>
<B>118502.0745</B>
<L>464731.438</L>
<alti>141.38</alti>
<altiAcc>2</altiAcc>
</GCP>
<GCP gml:id="K1_492930_22">
<fid>10-00100-0-2411-194840</fid>
<lfSpanFr gml:id="K1_492930_22-1">
<gml:timePosition>2024-11-15</gml:timePosition>
</lfSpanFr>
<devDate gml:id="K1_492930_22-2">
<gml:timePosition>2024-11-29</gml:timePosition>
</devDate>
<orgGILvl>KJ14</orgGILvl>
<vis>表示</vis>
<pos>
<gml:Point gml:id="K1_492930_22-g" srsName="fguuid:jgd2011.bl">
<gml:pos>32.928413194 129.094368556</gml:pos>
</gml:Point>
</pos>
<orgName>国土地理院</orgName>
<type>三角点</type>
<gcpClass>四等三角点</gcpClass>
<gcpCode>TR44929301701</gcpCode>
<name>久美</name>
<B>118542.2875</B>
<L>464739.7268</L>
<alti>239.74</alti>
<altiAcc>2</altiAcc>
</GCP>
<GCP gml:id="K1_492930_23">
<fid>10-00100-0-2411-194841</fid>
<lfSpanFr gml:id="K1_492930_23-1">
<gml:timePosition>2024-11-15</gml:timePosition>
</lfSpanFr>
<devDate gml:id="K1_492930_23-2">
<gml:timePosition>2024-11-29</gml:timePosition>
</devDate>
<orgGILvl>KJ14</orgGILvl>
<vis>表示</vis>
<pos>
<gml:Point gml:id="K1_492930_23-g" srsName="fguuid:jgd2011.bl">
<gml:pos>32.941418222 129.068304083</gml:pos>
</gml:Point>
</pos>
<orgName>国土地理院</orgName>
<type>三角点</type>
<gcpClass>四等三角点</gcpClass>
<gcpCode>TR44929302501</gcpCode>
<name>佐ノ原</name>
<B>118589.1056</B>
<L>464645.8947</L>
<alti>102.44</alti>
<altiAcc>2</altiAcc>
</GCP>
<GCP gml:id="K1_492930_24">
<fid>10-00100-0-2411-194842</fid>
<lfSpanFr gml:id="K1_492930_24-1">
<gml:timePosition>2024-11-15</gml:timePosition>
</lfSpanFr>
<devDate gml:id="K1_492930_24-2">
<gml:timePosition>2024-11-29</gml:timePosition>
</devDate>
<orgGILvl>KJ14</orgGILvl>
<vis>表示</vis>
<pos>
<gml:Point gml:id="K1_492930_24-g" srsName="fguuid:jgd2011.bl">
<gml:pos>32.936009500 129.084468833</gml:pos>
</gml:Point>
</pos>
<orgName>国土地理院</orgName>
<type>三角点</type>
<gcpClass>四等三角点</gcpClass>
<gcpCode>TR44929302601</gcpCode>
<name>赤井</name>
<B>118569.6342</B>
<L>464704.0878</L>
<alti>311.31</alti>
<altiAcc>2</altiAcc>
</GCP>
<GCP gml:id="K1_492930_25">
<fid>10-00100-0-2411-194843</fid>
<lfSpanFr gml:id="K1_492930_25-1">
<gml:timePosition>2024-11-15</gml:timePosition>
</lfSpanFr>
<devDate gml:id="K1_492930_25-2">
<gml:timePosition>2024-11-29</gml:timePosition>
</devDate>
<orgGILvl>KJ14</orgGILvl>
<vis>表示</vis>
<pos>
<gml:Point gml:id="K1_492930_25-g" srsName="fguuid:jgd2011.bl">
<gml:pos>32.944225528 129.046064111</gml:pos>
</gml:Point>
</pos>
<orgName>国土地理院</orgName>
<type>三角点</type>
<gcpClass>四等三角点</gcpClass>
<gcpCode>TR44929303301</gcpCode>
<name>大石</name>
<B>118599.2119</B>
<L>464565.8308</L>
<alti>291.22</alti>
<altiAcc>2</altiAcc>
</GCP>
<GCP gml:id="K1_492930_26">
<fid>10-00100-0-2411-194844</fid>
<lfSpanFr gml:id="K1_492930_26-1">
<gml:timePosition>2024-11-15</gml:timePosition>
</lfSpanFr>
<devDate gml:id="K1_492930_26-2">
<gml:timePosition>2024-11-29</gml:timePosition>
</devDate>
<orgGILvl>KJ14</orgGILvl>
<vis>表示</vis>
<pos>
<gml:Point gml:id="K1_492930_26-g" srsName="fguuid:jgd2011.bl">
<gml:pos>32.949890556 129.058572000</gml:pos>
</gml:Point>
</pos>
<orgName>国土地理院</orgName>
<type>三角点</type>
<gcpClass>四等三角点</gcpClass>
<gcpCode>TR44929303401</gcpCode>
<name>計石</name>
<B>118619.606</B>
<L>464610.8592</L>
<alti>193.7</alti>
<altiAcc>2</altiAcc>
</GCP>
<GCP gml:id="K1_492930_27">
<fid>10-00100-0-2411-194845</fid>
<lfSpanFr gml:id="K1_492930_27-1">
<gml:timePosition>2024-11-15</gml:timePosition>
</lfSpanFr>
<devDate gml:id="K1_492930_27-2">
<gml:timePosition>2024-11-29</gml:timePosition>
</devDate>
<orgGILvl>KJ14</orgGILvl>
<vis>表示</vis>
<pos>
<gml:Point gml:id="K1_492930_27-g" srsName="fguuid:jgd2011.bl">
<gml:pos>32.947958556 129.077517000</gml:pos>
</gml:Point>
</pos>
<orgName>国土地理院</orgName>
<type>三角点</type>
<gcpClass>四等三角点</gcpClass>
<gcpCode>TR44929303601</gcpCode>
<name>大迫</name>
<B>118612.6508</B>
<L>464679.0612</L>
<alti>274.62</alti>
<altiAcc>2</altiAcc>
</GCP>
<GCP gml:id="K1_492930_28">
<fid>10-00100-0-2411-194846</fid>
<lfSpanFr gml:id="K1_492930_28-1">
<gml:timePosition>2024-11-15</gml:timePosition>
</lfSpanFr>
<devDate gml:id="K1_492930_28-2">
<gml:timePosition>2024-11-29</gml:timePosition>
</devDate>
<orgGILvl>KJ14</orgGILvl>
<vis>表示</vis>
<pos>
<gml:Point gml:id="K1_492930_28-g" srsName="fguuid:jgd2011.bl">
<gml:pos>32.944228222 129.120231333</gml:pos>
</gml:Point>
</pos>
<orgName>国土地理院</orgName>
<type>三角点</type>
<gcpClass>四等三角点</gcpClass>
<gcpCode>TR44929303901</gcpCode>
<name>鹿子</name>
<B>118599.2216</B>
<L>464832.8328</L>
<alti>243.77</alti>
<altiAcc>2</altiAcc>
</GCP>
<GCP gml:id="K1_492930_29">
<fid>10-00100-0-2411-194847</fid>
<lfSpanFr gml:id="K1_492930_29-1">
<gml:timePosition>2024-11-15</gml:timePosition>
</lfSpanFr>
<devDate gml:id="K1_492930_29-2">
<gml:timePosition>2024-11-29</gml:timePosition>
</devDate>
<orgGILvl>KJ14</orgGILvl>
<vis>表示</vis>
<pos>
<gml:Point gml:id="K1_492930_29-g" srsName="fguuid:jgd2011.bl">
<gml:pos>32.950603111 129.009612528</gml:pos>
</gml:Point>
</pos>
<orgName>国土地理院</orgName>
<type>三角点</type>
<gcpClass>四等三角点</gcpClass>
<gcpCode>TR44929304001</gcpCode>
<name>東小手ノ浦</name>
<B>118622.1712</B>
<L>464434.6051</L>
<alti>120.69</alti>
<altiAcc>2</altiAcc>
</GCP>
<GCP gml:id="K1_492930_30">
<fid>10-00100-0-2411-194848</fid>
<lfSpanFr gml:id="K1_492930_30-1">
<gml:timePosition>2024-11-15</gml:timePosition>
</lfSpanFr>
<devDate gml:id="K1_492930_30-2">
<gml:timePosition>2024-11-29</gml:timePosition>
</devDate>
<orgGILvl>KJ14</orgGILvl>
<vis>表示</vis>
<pos>
<gml:Point gml:id="K1_492930_30-g" srsName="fguuid:jgd2011.bl">
<gml:pos>32.957562722 129.038002889</gml:pos>
</gml:Point>
</pos>
<orgName>国土地理院</orgName>
<type>三角点</type>
<gcpClass>四等三角点</gcpClass>
<gcpCode>TR44929304301</gcpCode>
<name>平山</name>
<B>118647.2258</B>
<L>464536.8104</L>
<alti>203.65</alti>
<altiAcc>2</altiAcc>
</GCP>
<GCP gml:id="K1_492930_31">
<fid>10-00100-0-2411-194849</fid>
<lfSpanFr gml:id="K1_492930_31-1">
<gml:timePosition>2024-11-15</gml:timePosition>
</lfSpanFr>
<devDate gml:id="K1_492930_31-2">
<gml:timePosition>2024-11-29</gml:timePosition>
</devDate>
<orgGILvl>KJ14</orgGILvl>
<vis>表示</vis>
<pos>
<gml:Point gml:id="K1_492930_31-g" srsName="fguuid:jgd2011.bl">
<gml:pos>32.952138444 129.094820306</gml:pos>
</gml:Point>
</pos>
<orgName>国土地理院</orgName>
<type>三角点</type>
<gcpClass>四等三角点</gcpClass>
<gcpCode>TR44929304701</gcpCode>
<name>大野上</name>
<B>118627.6984</B>
<L>464741.3531</L>
<alti>228.03</alti>
<altiAcc>2</altiAcc>
</GCP>
<GCP gml:id="K1_492930_32">
<fid>10-00100-0-2411-194850</fid>
<lfSpanFr gml:id="K1_492930_32-1">
<gml:timePosition>2024-11-15</gml:timePosition>
</lfSpanFr>
<devDate gml:id="K1_492930_32-2">
<gml:timePosition>2024-11-29</gml:timePosition>
</devDate>
<orgGILvl>KJ14</orgGILvl>
<vis>表示</vis>
<pos>
<gml:Point gml:id="K1_492930_32-g" srsName="fguuid:jgd2011.bl">
<gml:pos>32.956586056 129.111111917</gml:pos>
</gml:Point>
</pos>
<orgName>国土地理院</orgName>
<type>三角点</type>
<gcpClass>四等三角点</gcpClass>
<gcpCode>TR44929304801</gcpCode>
<name>阿瀬津</name>
<B>118643.7098</B>
<L>464800.0029</L>
<alti>131.5</alti>
<altiAcc>2</altiAcc>
</GCP>
<GCP gml:id="K1_492930_33">
<fid>10-00100-0-2411-194851</fid>
<lfSpanFr gml:id="K1_492930_33-1">
<gml:timePosition>2024-11-15</gml:timePosition>
</lfSpanFr>
<devDate gml:id="K1_492930_33-2">
<gml:timePosition>2024-11-29</gml:timePosition>
</devDate>
<orgGILvl>KJ14</orgGILvl>
<vis>表示</vis>
<pos>
<gml:Point gml:id="K1_492930_33-g" srsName="fguuid:jgd2011.bl">
<gml:pos>32.962563500 129.009810111</gml:pos>
</gml:Point>
</pos>
<orgName>国土地理院</orgName>
<type>三角点</type>
<gcpClass>四等三角点</gcpClass>
<gcpCode>TR44929305001</gcpCode>
<name>小別当</name>
<B>118665.2286</B>
<L>464435.3164</L>
<alti>249.56</alti>
<altiAcc>2</altiAcc>
</GCP>
<GCP gml:id="K1_492930_34">
<fid>10-00100-0-2411-194852</fid>
<lfSpanFr gml:id="K1_492930_34-1">
<gml:timePosition>2024-11-15</gml:timePosition>
</lfSpanFr>
<devDate gml:id="K1_492930_34-2">
<gml:timePosition>2024-11-29</gml:timePosition>
</devDate>
<orgGILvl>KJ14</orgGILvl>
<vis>表示</vis>
<pos>
<gml:Point gml:id="K1_492930_34-g" srsName="fguuid:jgd2011.bl">
<gml:pos>32.964859972 129.062555528</gml:pos>
</gml:Point>
</pos>
<orgName>国土地理院</orgName>
<type>三角点</type>
<gcpClass>四等三角点</gcpClass>
<gcpCode>TR44929305501</gcpCode>
<name>川頭</name>
<B>118673.4959</B>
<L>464625.1999</L>
<alti>244.24</alti>
<altiAcc>2</altiAcc>
</GCP>
<GCP gml:id="K1_492930_35">
<fid>10-00100-0-2411-194853</fid>
<lfSpanFr gml:id="K1_492930_35-1">
<gml:timePosition>2024-11-15</gml:timePosition>
</lfSpanFr>
<devDate gml:id="K1_492930_35-2">
<gml:timePosition>2024-11-29</gml:timePosition>
</devDate>
<orgGILvl>KJ14</orgGILvl>
<vis>表示</vis>
<pos>
<gml:Point gml:id="K1_492930_35-g" srsName="fguuid:jgd2011.bl">
<gml:pos>32.969855306 129.019843667</gml:pos>
</gml:Point>
</pos>
<orgName>国土地理院</orgName>
<type>三角点</type>
<gcpClass>四等三角点</gcpClass>
<gcpCode>TR44929306101</gcpCode>
<name>金剛崎</name>
<B>118691.4791</B>
<L>464471.4372</L>
<alti>165.1</alti>
<altiAcc>2</altiAcc>
</GCP>
<GCP gml:id="K1_492930_36">
<fid>10-00100-0-2411-194854</fid>
<lfSpanFr gml:id="K1_492930_36-1">
<gml:timePosition>2024-11-15</gml:timePosition>
</lfSpanFr>
<devDate gml:id="K1_492930_36-2">
<gml:timePosition>2024-11-29</gml:timePosition>
</devDate>
<orgGILvl>KJ14</orgGILvl>
<vis>表示</vis>
<pos>
<gml:Point gml:id="K1_492930_36-g" srsName="fguuid:jgd2011.bl">
<gml:pos>32.974424139 129.065627167</gml:pos>
</gml:Point>
</pos>
<orgName>国土地理院</orgName>
<type>三角点</type>
<gcpClass>四等三角点</gcpClass>
<gcpCode>TR44929306501</gcpCode>
<name>谷岳</name>
<B>118707.9269</B>
<L>464636.2578</L>
<alti>210.49</alti>
<altiAcc>2</altiAcc>
</GCP>
<GCP gml:id="K1_492930_37">
<fid>10-00100-0-2411-194855</fid>
<lfSpanFr gml:id="K1_492930_37-1">
<gml:timePosition>2024-11-15</gml:timePosition>
</lfSpanFr>
<devDate gml:id="K1_492930_37-2">
<gml:timePosition>2024-11-29</gml:timePosition>
</devDate>
<orgGILvl>KJ14</orgGILvl>
<vis>表示</vis>
<pos>
<gml:Point gml:id="K1_492930_37-g" srsName="fguuid:jgd2011.bl">
<gml:pos>32.980415556 129.095174028</gml:pos>
</gml:Point>
</pos>
<orgName>国土地理院</orgName>
<type>三角点</type>
<gcpClass>四等三角点</gcpClass>
<gcpCode>TR44929307701</gcpCode>
<name>七目</name>
<B>118729.496</B>
<L>464742.6265</L>
<alti>95.21</alti>
<altiAcc>2</altiAcc>
</GCP>
<GCP gml:id="K1_492930_38">
<fid>10-00100-0-2411-194856</fid>
<lfSpanFr gml:id="K1_492930_38-1">
<gml:timePosition>2024-11-15</gml:timePosition>
</lfSpanFr>
<devDate gml:id="K1_492930_38-2">
<gml:timePosition>2024-11-29</gml:timePosition>
</devDate>
<orgGILvl>KJ14</orgGILvl>
<vis>表示</vis>
<pos>
<gml:Point gml:id="K1_492930_38-g" srsName="fguuid:jgd2011.bl">
<gml:pos>32.990683250 129.023306944</gml:pos>
</gml:Point>
</pos>
<orgName>国土地理院</orgName>
<type>三角点</type>
<gcpClass>四等三角点</gcpClass>
<gcpCode>TR44929308101</gcpCode>
<name>折島</name>
<B>118766.4597</B>
<L>464483.905</L>
<alti>89.7</alti>
<altiAcc>2</altiAcc>
</GCP>
<GCP gml:id="K1_492930_39">
<fid>10-00100-0-2411-194857</fid>
<lfSpanFr gml:id="K1_492930_39-1">
<gml:timePosition>2024-11-15</gml:timePosition>
</lfSpanFr>
<devDate gml:id="K1_492930_39-2">
<gml:timePosition>2024-11-29</gml:timePosition>
</devDate>
<orgGILvl>KJ14</orgGILvl>
<vis>表示</vis>
<pos>
<gml:Point gml:id="K1_492930_39-g" srsName="fguuid:jgd2011.bl">
<gml:pos>32.989830167 129.044692889</gml:pos>
</gml:Point>
</pos>
<orgName>国土地理院</orgName>
<type>三角点</type>
<gcpClass>四等三角点</gcpClass>
<gcpCode>TR44929308301</gcpCode>
<name>横崎</name>
<B>118763.3886</B>
<L>464560.8944</L>
<alti>102.41</alti>
<altiAcc>2</altiAcc>
</GCP>
<GCP gml:id="K1_492930_40">
<fid>10-00100-0-2411-194858</fid>
<lfSpanFr gml:id="K1_492930_40-1">
<gml:timePosition>2024-11-15</gml:timePosition>
</lfSpanFr>
<devDate gml:id="K1_492930_40-2">
<gml:timePosition>2024-11-29</gml:timePosition>
</devDate>
<orgGILvl>KJ14</orgGILvl>
<vis>表示</vis>
<pos>
<gml:Point gml:id="K1_492930_40-g" srsName="fguuid:jgd2011.bl">
<gml:pos>32.986945500 129.116578028</gml:pos>
</gml:Point>
</pos>
<orgName>国土地理院</orgName>
<type>三角点</type>
<gcpClass>四等三角点</gcpClass>
<gcpCode>TR44929308901</gcpCode>
<name>鯨見山</name>
<B>118753.0038</B>
<L>464819.6809</L>
<alti>44.05</alti>
<altiAcc>2</altiAcc>
</GCP>
<GCP gml:id="K1_492930_41">
<fid>10-00100-0-2411-194859</fid>
<lfSpanFr gml:id="K1_492930_41-1">
<gml:timePosition>2024-11-15</gml:timePosition>
</lfSpanFr>
<devDate gml:id="K1_492930_41-2">
<gml:timePosition>2024-11-29</gml:timePosition>
</devDate>
<orgGILvl>KJ14</orgGILvl>
<vis>表示</vis>
<pos>
<gml:Point gml:id="K1_492930_41-g" srsName="fguuid:jgd2011.bl">
<gml:pos>32.994354361 129.085874833</gml:pos>
</gml:Point>
</pos>
<orgName>国土地理院</orgName>
<type>三角点</type>
<gcpClass>四等三角点</gcpClass>
<gcpCode>TR44929309601</gcpCode>
<name>城山</name>
<B>118779.6757</B>
<L>464709.1494</L>
<alti>214.71</alti>
<altiAcc>2</altiAcc>
</GCP>
</Dataset>
