<?xml version="1.0" encoding="utf-8"?>
<Dataset xsi:schemaLocation="http://fgd.gsi.go.jp/spec/2008/FGD_GMLSchema FGD_GMLSchema.xsd"
	xmlns:gml="http://www.opengis.net/gml/3.2"
	xmlns:xsi="http://www.w3.org/2001/XMLSchema-instance"
	xmlns:xlink="http://www.w3.org/1999/xlink"
	xmlns="http://fgd.gsi.go.jp/spec/2008/FGD_GMLSchema"
	gml:id="Dataset1">
  <gml:description>基盤地図情報メタデータ ID=fmdid:16-0101</gml:description>
  <gml:name>基盤地図情報ダウンロードデータ（GML版）</gml:name>
<GCP gml:id="K1_492932_1">
<fid>10-00100-0-1512-162107</fid>
<lfSpanFr gml:id="K1_492932_1-1">
<gml:timePosition>2015-12-15</gml:timePosition>
</lfSpanFr>
<devDate gml:id="K1_492932_1-2">
<gml:timePosition>2015-12-21</gml:timePosition>
</devDate>
<orgGILvl>KJ13</orgGILvl>
<vis>表示</vis>
<pos>
<gml:Point gml:id="K1_492932_1-g" srsName="fguuid:jgd2011.bl">
<gml:pos>32.996518917 129.312411417</gml:pos>
</gml:Point>
</pos>
<orgName>国土地理院</orgName>
<type>三角点</type>
<gcpClass>三等三角点</gcpClass>
<gcpCode>TR34929329401</gcpCode>
<name>黒島</name>
<B>118787.4681</B>
<L>465524.6811</L>
<alti>34.35</alti>
<altiAcc>2</altiAcc>
</GCP>
<GCP gml:id="K1_492932_2">
<fid>10-00100-0-1512-162108</fid>
<lfSpanFr gml:id="K1_492932_2-1">
<gml:timePosition>2015-12-15</gml:timePosition>
</lfSpanFr>
<devDate gml:id="K1_492932_2-2">
<gml:timePosition>2015-12-21</gml:timePosition>
</devDate>
<orgGILvl>KJ13</orgGILvl>
<vis>表示</vis>
<pos>
<gml:Point gml:id="K1_492932_2-g" srsName="fguuid:jgd2011.bl">
<gml:pos>32.998269222 129.349526111</gml:pos>
</gml:Point>
</pos>
<orgName>国土地理院</orgName>
<type>三角点</type>
<gcpClass>三等三角点</gcpClass>
<gcpCode>TR34929329701</gcpCode>
<name>大迫</name>
<B>118793.7692</B>
<L>465658.294</L>
<alti>45.88</alti>
<altiAcc>2</altiAcc>
</GCP>
<GCP gml:id="K1_492932_3">
<fid>10-00100-0-1512-198580</fid>
<lfSpanFr gml:id="K1_492932_3-1">
<gml:timePosition>2015-12-15</gml:timePosition>
</lfSpanFr>
<devDate gml:id="K1_492932_3-2">
<gml:timePosition>2015-12-21</gml:timePosition>
</devDate>
<orgGILvl>KJ14</orgGILvl>
<vis>表示</vis>
<pos>
<gml:Point gml:id="K1_492932_3-g" srsName="fguuid:jgd2011.bl">
<gml:pos>32.997366639 129.250346833</gml:pos>
</gml:Point>
</pos>
<orgName>国土地理院</orgName>
<type>三角点</type>
<gcpClass>四等三角点</gcpClass>
<gcpCode>TR44929329001</gcpCode>
<name>谷</name>
<B>118790.5199</B>
<L>465301.2486</L>
<alti>42.44</alti>
<altiAcc>2</altiAcc>
</GCP>
</Dataset>
