<?xml version="1.0" encoding="utf-8"?>
<Dataset xsi:schemaLocation="http://fgd.gsi.go.jp/spec/2008/FGD_GMLSchema FGD_GMLSchema.xsd"
	xmlns:gml="http://www.opengis.net/gml/3.2"
	xmlns:xsi="http://www.w3.org/2001/XMLSchema-instance"
	xmlns:xlink="http://www.w3.org/1999/xlink"
	xmlns="http://fgd.gsi.go.jp/spec/2008/FGD_GMLSchema"
	gml:id="Dataset1">
  <gml:description>基盤地図情報メタデータ ID=fmdid:16-0101</gml:description>
  <gml:name>基盤地図情報ダウンロードデータ（GML版）</gml:name>
<BldL gml:id="K18_4656311877_1">
<fid>46563-11877-s-322</fid>
<lfSpanFr gml:id="K18_4656311877_1-1">
<gml:timePosition>2015-11-17</gml:timePosition>
</lfSpanFr>
<devDate gml:id="K18_4656311877_1-2">
<gml:timePosition>2015-12-21</gml:timePosition>
</devDate>
<orgGILvl>25000</orgGILvl>
<loc>
<gml:Curve gml:id="K18_4656311877_1-g" srsName="fguuid:jgd2011.bl">
<gml:segments>
<gml:LineStringSegment>
<gml:posList>
32.999739444 129.349740556
32.999722500 129.349760556
32.999649444 129.349760556
32.999632500 129.349646944
32.999638056 129.349613333
32.999711389 129.349606667
32.999716944 129.349646944
32.999728333 129.349680278
32.999733889 129.349733889
32.999739444 129.349740556
</gml:posList>
</gml:LineStringSegment>
</gml:segments>
</gml:Curve>
</loc>
<type>普通建物</type>
</BldL>
<BldL gml:id="K18_4656611877_1">
<fid>46566-11877-s-191</fid>
<lfSpanFr gml:id="K18_4656611877_1-1">
<gml:timePosition>2015-11-17</gml:timePosition>
</lfSpanFr>
<devDate gml:id="K18_4656611877_1-2">
<gml:timePosition>2015-12-21</gml:timePosition>
</devDate>
<orgGILvl>25000</orgGILvl>
<loc>
<gml:Curve gml:id="K18_4656611877_1-g" srsName="fguuid:jgd2011.bl">
<gml:segments>
<gml:LineStringSegment>
<gml:posList>
32.999542222 129.352168056
32.999530833 129.352208056
32.999463333 129.352208056
32.999446389 129.352101111
32.999435000 129.352067500
32.999440833 129.352027500
32.999480278 129.352014167
32.999519722 129.352020833
32.999542222 129.352168056
</gml:posList>
</gml:LineStringSegment>
</gml:segments>
</gml:Curve>
</loc>
<type>普通建物</type>
</BldL>
<BldL gml:id="K18_4656611877_2">
<fid>46566-11877-s-291</fid>
<lfSpanFr gml:id="K18_4656611877_2-1">
<gml:timePosition>2015-11-17</gml:timePosition>
</lfSpanFr>
<devDate gml:id="K18_4656611877_2-2">
<gml:timePosition>2015-12-21</gml:timePosition>
</devDate>
<orgGILvl>25000</orgGILvl>
<loc>
<gml:Curve gml:id="K18_4656611877_2-g" srsName="fguuid:jgd2011.bl">
<gml:segments>
<gml:LineStringSegment>
<gml:posList>
32.999768347 129.350180895
32.999793836 129.350455668
32.999710526 129.350466511
32.999685037 129.350191844
32.999768347 129.350180895
</gml:posList>
</gml:LineStringSegment>
</gml:segments>
</gml:Curve>
</loc>
<type>普通建物</type>
</BldL>
</Dataset>
