<?xml version="1.0" encoding="utf-8"?>
<Dataset xsi:schemaLocation="http://fgd.gsi.go.jp/spec/2008/FGD_GMLSchema FGD_GMLSchema.xsd"
	xmlns:gml="http://www.opengis.net/gml/3.2"
	xmlns:xsi="http://www.w3.org/2001/XMLSchema-instance"
	xmlns:xlink="http://www.w3.org/1999/xlink"
	xmlns="http://fgd.gsi.go.jp/spec/2008/FGD_GMLSchema"
	gml:id="Dataset1">
  <gml:description>基盤地図情報メタデータ ID=fmdid:16-0101</gml:description>
  <gml:name>基盤地図情報ダウンロードデータ（GML版）</gml:name>
<AdmPt gml:id="K6_4653011877_1">
<fid>46530-11877-i-16</fid>
<lfSpanFr gml:id="K6_4653011877_1-1">
<gml:timePosition>2015-11-17</gml:timePosition>
</lfSpanFr>
<devDate gml:id="K6_4653011877_1-2">
<gml:timePosition>2015-12-21</gml:timePosition>
</devDate>
<orgGILvl>25000</orgGILvl>
<vis>非表示</vis>
<pos>
<gml:Point gml:id="K6_4653011877_1-g" srsName="fguuid:jgd2011.bl">
<gml:pos>32.998404005 129.250571970</gml:pos>
</gml:Point>
</pos>
<type>郡市・東京都の区</type>
<name>西海市</name>
<admCode>42212</admCode>
</AdmPt>
<AdmPt gml:id="K6_4653011877_2">
<fid>46530-11877-i-17</fid>
<lfSpanFr gml:id="K6_4653011877_2-1">
<gml:timePosition>2015-11-17</gml:timePosition>
</lfSpanFr>
<devDate gml:id="K6_4653011877_2-2">
<gml:timePosition>2015-12-21</gml:timePosition>
</devDate>
<orgGILvl>25000</orgGILvl>
<vis>非表示</vis>
<pos>
<gml:Point gml:id="K6_4653011877_2-g" srsName="fguuid:jgd2011.bl">
<gml:pos>32.999935123 129.254609212</gml:pos>
</gml:Point>
</pos>
<type>郡市・東京都の区</type>
<name>西海市</name>
<admCode>42212</admCode>
</AdmPt>
<AdmPt gml:id="K6_4653011877_3">
<fid>46530-11877-i-18</fid>
<lfSpanFr gml:id="K6_4653011877_3-1">
<gml:timePosition>2015-11-17</gml:timePosition>
</lfSpanFr>
<devDate gml:id="K6_4653011877_3-2">
<gml:timePosition>2015-12-21</gml:timePosition>
</devDate>
<orgGILvl>25000</orgGILvl>
<vis>非表示</vis>
<pos>
<gml:Point gml:id="K6_4653011877_3-g" srsName="fguuid:jgd2011.bl">
<gml:pos>32.999990000 129.254920507</gml:pos>
</gml:Point>
</pos>
<type>郡市・東京都の区</type>
<name>西海市</name>
<admCode>42212</admCode>
</AdmPt>
<AdmPt gml:id="K6_4656311877_1">
<fid>46563-11877-i-58</fid>
<lfSpanFr gml:id="K6_4656311877_1-1">
<gml:timePosition>2015-11-17</gml:timePosition>
</lfSpanFr>
<devDate gml:id="K6_4656311877_1-2">
<gml:timePosition>2015-12-21</gml:timePosition>
</devDate>
<orgGILvl>25000</orgGILvl>
<vis>非表示</vis>
<pos>
<gml:Point gml:id="K6_4656311877_1-g" srsName="fguuid:jgd2011.bl">
<gml:pos>32.998803678 129.349467302</gml:pos>
</gml:Point>
</pos>
<type>郡市・東京都の区</type>
<name>西海市</name>
<admCode>42212</admCode>
</AdmPt>
</Dataset>
