<?xml version="1.0" encoding="utf-8"?>
<Dataset xsi:schemaLocation="http://fgd.gsi.go.jp/spec/2008/FGD_GMLSchema FGD_GMLSchema.xsd"
	xmlns:gml="http://www.opengis.net/gml/3.2"
	xmlns:xsi="http://www.w3.org/2001/XMLSchema-instance"
	xmlns:xlink="http://www.w3.org/1999/xlink"
	xmlns="http://fgd.gsi.go.jp/spec/2008/FGD_GMLSchema"
	gml:id="Dataset1">
  <gml:description>基盤地図情報メタデータ ID=fmdid:24-0401</gml:description>
  <gml:name>基盤地図情報ダウンロードデータ（GML版）</gml:name>
<GCP gml:id="K1_492915_1">
<fid>10-00100-0-2303-158710</fid>
<lfSpanFr gml:id="K1_492915_1-1">
<gml:timePosition>2024-03-06</gml:timePosition>
</lfSpanFr>
<devDate gml:id="K1_492915_1-2">
<gml:timePosition>2024-03-13</gml:timePosition>
</devDate>
<orgGILvl>KJ13</orgGILvl>
<vis>表示</vis>
<pos>
<gml:Point gml:id="K1_492915_1-g" srsName="fguuid:jgd2011.bl">
<gml:pos>32.810380750 129.739744528</gml:pos>
</gml:Point>
</pos>
<orgName>国土地理院</orgName>
<type>三角点</type>
<gcpClass>三等三角点</gcpClass>
<gcpCode>TR34929157901</gcpCode>
<name>赤岳</name>
<B>118117.3707</B>
<L>467063.0803</L>
<alti>118.12</alti>
<altiAcc>2</altiAcc>
</GCP>
<GCP gml:id="K1_492915_2">
<fid>10-00100-0-2303-194655</fid>
<lfSpanFr gml:id="K1_492915_2-1">
<gml:timePosition>2024-03-06</gml:timePosition>
</lfSpanFr>
<devDate gml:id="K1_492915_2-2">
<gml:timePosition>2024-03-13</gml:timePosition>
</devDate>
<orgGILvl>KJ14</orgGILvl>
<vis>表示</vis>
<pos>
<gml:Point gml:id="K1_492915_2-g" srsName="fguuid:jgd2011.bl">
<gml:pos>32.830199944 129.729468694</gml:pos>
</gml:Point>
</pos>
<orgName>国土地理院</orgName>
<type>三角点</type>
<gcpClass>四等三角点</gcpClass>
<gcpCode>TR44929159801</gcpCode>
<name>狸岩</name>
<B>118188.7198</B>
<L>467026.0873</L>
<alti>192.07</alti>
<altiAcc>2</altiAcc>
</GCP>
</Dataset>
