<?xml version="1.0" encoding="utf-8"?>
<Dataset xsi:schemaLocation="http://fgd.gsi.go.jp/spec/2008/FGD_GMLSchema FGD_GMLSchema.xsd"
	xmlns:gml="http://www.opengis.net/gml/3.2"
	xmlns:xsi="http://www.w3.org/2001/XMLSchema-instance"
	xmlns:xlink="http://www.w3.org/1999/xlink"
	xmlns="http://fgd.gsi.go.jp/spec/2008/FGD_GMLSchema"
	gml:id="Dataset1">
  <gml:description>基盤地図情報メタデータ ID=fmdid:24-0401</gml:description>
  <gml:name>基盤地図情報ダウンロードデータ（GML版）</gml:name>
<ElevPt gml:id="K2_4669811814_1">
<fid>46698-11814-i-351</fid>
<lfSpanFr gml:id="K2_4669811814_1-1">
<gml:timePosition>2023-02-21</gml:timePosition>
</lfSpanFr>
<devDate gml:id="K2_4669811814_1-2">
<gml:timePosition>2024-03-13</gml:timePosition>
</devDate>
<orgGILvl>25000</orgGILvl>
<vis>表示</vis>
<pos>
<gml:Point gml:id="K2_4669811814_1-g" srsName="fguuid:jgd2011.bl">
<gml:pos>32.823061111 129.721023889</gml:pos>
</gml:Point>
</pos>
<type>標高点（測点）</type>
<alti>117</alti>
</ElevPt>
<ElevPt gml:id="K2_4669811817_1">
<fid>46698-11817-i-1444</fid>
<lfSpanFr gml:id="K2_4669811817_1-1">
<gml:timePosition>2023-02-21</gml:timePosition>
</lfSpanFr>
<devDate gml:id="K2_4669811817_1-2">
<gml:timePosition>2024-03-13</gml:timePosition>
</devDate>
<orgGILvl>25000</orgGILvl>
<vis>表示</vis>
<pos>
<gml:Point gml:id="K2_4669811817_1-g" srsName="fguuid:jgd2011.bl">
<gml:pos>32.830539361 129.719766333</gml:pos>
</gml:Point>
</pos>
<type>標高点（測点）</type>
<alti>4</alti>
</ElevPt>
<ElevPt gml:id="K2_4670111814_1">
<fid>46701-11814-i-824</fid>
<lfSpanFr gml:id="K2_4670111814_1-1">
<gml:timePosition>2023-02-21</gml:timePosition>
</lfSpanFr>
<devDate gml:id="K2_4670111814_1-2">
<gml:timePosition>2024-03-13</gml:timePosition>
</devDate>
<orgGILvl>25000</orgGILvl>
<vis>表示</vis>
<pos>
<gml:Point gml:id="K2_4670111814_1-g" srsName="fguuid:jgd2011.bl">
<gml:pos>32.818899722 129.728052500</gml:pos>
</gml:Point>
</pos>
<type>標高点（測点）</type>
<alti>57</alti>
</ElevPt>
<ElevPt gml:id="K2_4670111814_2">
<fid>46701-11814-i-825</fid>
<lfSpanFr gml:id="K2_4670111814_2-1">
<gml:timePosition>2023-02-21</gml:timePosition>
</lfSpanFr>
<devDate gml:id="K2_4670111814_2-2">
<gml:timePosition>2024-03-13</gml:timePosition>
</devDate>
<orgGILvl>25000</orgGILvl>
<vis>表示</vis>
<pos>
<gml:Point gml:id="K2_4670111814_2-g" srsName="fguuid:jgd2011.bl">
<gml:pos>32.823668889 129.728364167</gml:pos>
</gml:Point>
</pos>
<type>標高点（測点）</type>
<alti>159</alti>
</ElevPt>
<ElevPt gml:id="K2_4670411814_1">
<fid>46704-11814-i-946</fid>
<lfSpanFr gml:id="K2_4670411814_1-1">
<gml:timePosition>2023-02-21</gml:timePosition>
</lfSpanFr>
<devDate gml:id="K2_4670411814_1-2">
<gml:timePosition>2024-03-13</gml:timePosition>
</devDate>
<orgGILvl>25000</orgGILvl>
<vis>非表示</vis>
<pos>
<gml:Point gml:id="K2_4670411814_1-g" srsName="fguuid:jgd2011.bl">
<gml:pos>32.821881667 129.738141944</gml:pos>
</gml:Point>
</pos>
<type>標高点（測点）</type>
<alti>167</alti>
</ElevPt>
<ElevPt gml:id="K2_4670411817_1">
<fid>46704-11817-i-614</fid>
<lfSpanFr gml:id="K2_4670411817_1-1">
<gml:timePosition>2023-02-21</gml:timePosition>
</lfSpanFr>
<devDate gml:id="K2_4670411817_1-2">
<gml:timePosition>2024-03-13</gml:timePosition>
</devDate>
<orgGILvl>25000</orgGILvl>
<vis>表示</vis>
<pos>
<gml:Point gml:id="K2_4670411817_1-g" srsName="fguuid:jgd2011.bl">
<gml:pos>32.829200612 129.740413386</gml:pos>
</gml:Point>
</pos>
<type>標高点（測点）</type>
<alti>129</alti>
</ElevPt>
<ElevPt gml:id="K2_4670711814_1">
<fid>46707-11814-i-757</fid>
<lfSpanFr gml:id="K2_4670711814_1-1">
<gml:timePosition>2023-02-21</gml:timePosition>
</lfSpanFr>
<devDate gml:id="K2_4670711814_1-2">
<gml:timePosition>2024-03-13</gml:timePosition>
</devDate>
<orgGILvl>25000</orgGILvl>
<vis>表示</vis>
<pos>
<gml:Point gml:id="K2_4670711814_1-g" srsName="fguuid:jgd2011.bl">
<gml:pos>32.821551470 129.742410389</gml:pos>
</gml:Point>
</pos>
<type>標高点（測点）</type>
<alti>31</alti>
</ElevPt>
</Dataset>
