<?xml version="1.0" encoding="utf-8"?>
<Dataset xsi:schemaLocation="http://fgd.gsi.go.jp/spec/2008/FGD_GMLSchema FGD_GMLSchema.xsd"
	xmlns:gml="http://www.opengis.net/gml/3.2"
	xmlns:xsi="http://www.w3.org/2001/XMLSchema-instance"
	xmlns:xlink="http://www.w3.org/1999/xlink"
	xmlns="http://fgd.gsi.go.jp/spec/2008/FGD_GMLSchema"
	gml:id="Dataset1">
  <gml:description>基盤地図情報メタデータ ID=fmdid:16-0101</gml:description>
  <gml:name>基盤地図情報ダウンロードデータ（GML版）</gml:name>
<AdmPt gml:id="K6_4644011787_1">
<fid>46440-11787-i-6</fid>
<lfSpanFr gml:id="K6_4644011787_1-1">
<gml:timePosition>2015-11-17</gml:timePosition>
</lfSpanFr>
<devDate gml:id="K6_4644011787_1-2">
<gml:timePosition>2015-12-21</gml:timePosition>
</devDate>
<orgGILvl>25000</orgGILvl>
<vis>非表示</vis>
<pos>
<gml:Point gml:id="K6_4644011787_1-g" srsName="fguuid:jgd2011.bl">
<gml:pos>32.749946838 129.001144280</gml:pos>
</gml:Point>
</pos>
<type>郡市・東京都の区</type>
<name>五島市</name>
<admCode>42211</admCode>
</AdmPt>
</Dataset>
