<?xml version="1.0" encoding="utf-8"?>
<Dataset xsi:schemaLocation="http://fgd.gsi.go.jp/spec/2008/FGD_GMLSchema FGD_GMLSchema.xsd"
	xmlns:gml="http://www.opengis.net/gml/3.2"
	xmlns:xsi="http://www.w3.org/2001/XMLSchema-instance"
	xmlns:xlink="http://www.w3.org/1999/xlink"
	xmlns="http://fgd.gsi.go.jp/spec/2008/FGD_GMLSchema"
	gml:id="Dataset1">
  <gml:description>基盤地図情報メタデータ ID=fmdid:23-0401</gml:description>
  <gml:name>基盤地図情報ダウンロードデータ（GML版）</gml:name>
<AdmPt gml:id="K6_4670411730_1">
<fid>46704-11730-i-56</fid>
<lfSpanFr gml:id="K6_4670411730_1-1">
<gml:timePosition>2023-02-21</gml:timePosition>
</lfSpanFr>
<devDate gml:id="K6_4670411730_1-2">
<gml:timePosition>2023-03-31</gml:timePosition>
</devDate>
<orgGILvl>25000</orgGILvl>
<vis>非表示</vis>
<pos>
<gml:Point gml:id="K6_4670411730_1-g" srsName="fguuid:jgd2011.bl">
<gml:pos>32.583411000 129.739857101</gml:pos>
</gml:Point>
</pos>
<type>郡市・東京都の区</type>
<name>長崎市</name>
<admCode>42201</admCode>
</AdmPt>
<AdmPt gml:id="K6_4670411730_2">
<fid>46704-11730-i-57</fid>
<lfSpanFr gml:id="K6_4670411730_2-1">
<gml:timePosition>2023-02-21</gml:timePosition>
</lfSpanFr>
<devDate gml:id="K6_4670411730_2-2">
<gml:timePosition>2023-03-31</gml:timePosition>
</devDate>
<orgGILvl>25000</orgGILvl>
<vis>非表示</vis>
<pos>
<gml:Point gml:id="K6_4670411730_2-g" srsName="fguuid:jgd2011.bl">
<gml:pos>32.583350250 129.741576421</gml:pos>
</gml:Point>
</pos>
<type>郡市・東京都の区</type>
<name>長崎市</name>
<admCode>42201</admCode>
</AdmPt>
<AdmPt gml:id="K6_4670411730_3">
<fid>46704-11730-i-58</fid>
<lfSpanFr gml:id="K6_4670411730_3-1">
<gml:timePosition>2023-02-21</gml:timePosition>
</lfSpanFr>
<devDate gml:id="K6_4670411730_3-2">
<gml:timePosition>2023-03-31</gml:timePosition>
</devDate>
<orgGILvl>25000</orgGILvl>
<vis>非表示</vis>
<pos>
<gml:Point gml:id="K6_4670411730_3-g" srsName="fguuid:jgd2011.bl">
<gml:pos>32.583349453 129.739492799</gml:pos>
</gml:Point>
</pos>
<type>郡市・東京都の区</type>
<name>長崎市</name>
<admCode>42201</admCode>
</AdmPt>
<AdmPt gml:id="K6_4670711730_1">
<fid>46707-11730-i-346</fid>
<lfSpanFr gml:id="K6_4670711730_1-1">
<gml:timePosition>2023-02-21</gml:timePosition>
</lfSpanFr>
<devDate gml:id="K6_4670711730_1-2">
<gml:timePosition>2023-03-31</gml:timePosition>
</devDate>
<orgGILvl>25000</orgGILvl>
<vis>非表示</vis>
<pos>
<gml:Point gml:id="K6_4670711730_1-g" srsName="fguuid:jgd2011.bl">
<gml:pos>32.587841371 129.747980962</gml:pos>
</gml:Point>
</pos>
<type>郡市・東京都の区</type>
<name>長崎市</name>
<admCode>42201</admCode>
</AdmPt>
<AdmPt gml:id="K6_4670711757_1">
<fid>46707-11757-i-348</fid>
<lfSpanFr gml:id="K6_4670711757_1-1">
<gml:timePosition>2023-02-21</gml:timePosition>
</lfSpanFr>
<devDate gml:id="K6_4670711757_1-2">
<gml:timePosition>2023-03-31</gml:timePosition>
</devDate>
<orgGILvl>25000</orgGILvl>
<vis>非表示</vis>
<pos>
<gml:Point gml:id="K6_4670711757_1-g" srsName="fguuid:jgd2011.bl">
<gml:pos>32.661906368 129.748401274</gml:pos>
</gml:Point>
</pos>
<type>郡市・東京都の区</type>
<name>長崎市</name>
<admCode>42201</admCode>
</AdmPt>
</Dataset>
