<?xml version="1.0" encoding="utf-8"?>
<Dataset xsi:schemaLocation="http://fgd.gsi.go.jp/spec/2008/FGD_GMLSchema FGD_GMLSchema.xsd"
	xmlns:gml="http://www.opengis.net/gml/3.2"
	xmlns:xsi="http://www.w3.org/2001/XMLSchema-instance"
	xmlns:xlink="http://www.w3.org/1999/xlink"
	xmlns="http://fgd.gsi.go.jp/spec/2008/FGD_GMLSchema"
	gml:id="Dataset1">
  <gml:description>基盤地図情報メタデータ ID=fmdid:23-0401</gml:description>
  <gml:name>基盤地図情報ダウンロードデータ（GML版）</gml:name>
<BldL gml:id="K18_4669211739_1">
<fid>46692-11739-s-2522</fid>
<lfSpanFr gml:id="K18_4669211739_1-1">
<gml:timePosition>2023-02-21</gml:timePosition>
</lfSpanFr>
<devDate gml:id="K18_4669211739_1-2">
<gml:timePosition>2023-03-31</gml:timePosition>
</devDate>
<orgGILvl>2500</orgGILvl>
<loc>
<gml:Curve gml:id="K18_4669211739_1-g" srsName="fguuid:jgd2011.bl">
<gml:segments>
<gml:LineStringSegment>
<gml:posList>
32.615652891 129.705725647
32.615652994 129.705739787
32.615628203 129.705739858
32.615628185 129.705717929
32.615645734 129.705717937
32.615645722 129.705725652
32.615652891 129.705725647
</gml:posList>
</gml:LineStringSegment>
</gml:segments>
</gml:Curve>
</loc>
<type>普通無壁舎</type>
</BldL>
<BldL gml:id="K18_4670411745_1">
<fid>46704-11745-s-1415</fid>
<lfSpanFr gml:id="K18_4670411745_1-1">
<gml:timePosition>2023-02-21</gml:timePosition>
</lfSpanFr>
<devDate gml:id="K18_4670411745_1-2">
<gml:timePosition>2023-03-31</gml:timePosition>
</devDate>
<orgGILvl>2500</orgGILvl>
<loc>
<gml:Curve gml:id="K18_4670411745_1-g" srsName="fguuid:jgd2011.bl">
<gml:segments>
<gml:LineStringSegment>
<gml:posList>
32.629529972 129.739422778
32.629437167 129.739623639
32.629387611 129.739591639
32.629480444 129.739390778
32.629529972 129.739422778
</gml:posList>
</gml:LineStringSegment>
</gml:segments>
</gml:Curve>
</loc>
<type>普通建物</type>
</BldL>
<BldL gml:id="K18_4670411745_2">
<fid>46704-11745-s-1416</fid>
<lfSpanFr gml:id="K18_4670411745_2-1">
<gml:timePosition>2023-02-21</gml:timePosition>
</lfSpanFr>
<devDate gml:id="K18_4670411745_2-2">
<gml:timePosition>2023-03-31</gml:timePosition>
</devDate>
<orgGILvl>2500</orgGILvl>
<loc>
<gml:Curve gml:id="K18_4670411745_2-g" srsName="fguuid:jgd2011.bl">
<gml:segments>
<gml:LineStringSegment>
<gml:posList>
32.629329306 129.739718528
32.629359556 129.739694639
32.629375722 129.739723222
32.629345472 129.739747139
32.629329306 129.739718528
</gml:posList>
</gml:LineStringSegment>
</gml:segments>
</gml:Curve>
</loc>
<type>普通建物</type>
</BldL>
<BldL gml:id="K18_4670411745_3">
<fid>46704-11745-s-1417</fid>
<lfSpanFr gml:id="K18_4670411745_3-1">
<gml:timePosition>2023-02-21</gml:timePosition>
</lfSpanFr>
<devDate gml:id="K18_4670411745_3-2">
<gml:timePosition>2023-03-31</gml:timePosition>
</devDate>
<orgGILvl>2500</orgGILvl>
<loc>
<gml:Curve gml:id="K18_4670411745_3-g" srsName="fguuid:jgd2011.bl">
<gml:segments>
<gml:LineStringSegment>
<gml:posList>
32.629430517 129.739221020
32.629492306 129.739264972
32.629517194 129.739216222
32.629554389 129.739242639
32.629482694 129.739383333
32.629383639 129.739312833
32.629430517 129.739221020
</gml:posList>
</gml:LineStringSegment>
</gml:segments>
</gml:Curve>
</loc>
<type>普通建物</type>
</BldL>
<BldL gml:id="K18_4670411745_4">
<fid>46704-11745-s-1418</fid>
<lfSpanFr gml:id="K18_4670411745_4-1">
<gml:timePosition>2023-02-21</gml:timePosition>
</lfSpanFr>
<devDate gml:id="K18_4670411745_4-2">
<gml:timePosition>2023-03-31</gml:timePosition>
</devDate>
<orgGILvl>2500</orgGILvl>
<loc>
<gml:Curve gml:id="K18_4670411745_4-g" srsName="fguuid:jgd2011.bl">
<gml:segments>
<gml:LineStringSegment>
<gml:posList>
32.627695806 129.739216806
32.627755778 129.739260139
32.627737417 129.739295667
32.627677417 129.739252361
32.627695806 129.739216806
</gml:posList>
</gml:LineStringSegment>
</gml:segments>
</gml:Curve>
</loc>
<type>普通建物</type>
</BldL>
<BldL gml:id="K18_4670411745_5">
<fid>46704-11745-s-1419</fid>
<lfSpanFr gml:id="K18_4670411745_5-1">
<gml:timePosition>2023-02-21</gml:timePosition>
</lfSpanFr>
<devDate gml:id="K18_4670411745_5-2">
<gml:timePosition>2023-03-31</gml:timePosition>
</devDate>
<orgGILvl>2500</orgGILvl>
<loc>
<gml:Curve gml:id="K18_4670411745_5-g" srsName="fguuid:jgd2011.bl">
<gml:segments>
<gml:LineStringSegment>
<gml:posList>
32.627765667 129.739282528
32.627806611 129.739320806
32.627792611 129.739341750
32.627747944 129.739309667
32.627765667 129.739282528
</gml:posList>
</gml:LineStringSegment>
</gml:segments>
</gml:Curve>
</loc>
<type>普通建物</type>
</BldL>
<BldL gml:id="K18_4670411745_6">
<fid>46704-11745-s-1420</fid>
<lfSpanFr gml:id="K18_4670411745_6-1">
<gml:timePosition>2023-02-21</gml:timePosition>
</lfSpanFr>
<devDate gml:id="K18_4670411745_6-2">
<gml:timePosition>2023-03-31</gml:timePosition>
</devDate>
<orgGILvl>2500</orgGILvl>
<loc>
<gml:Curve gml:id="K18_4670411745_6-g" srsName="fguuid:jgd2011.bl">
<gml:segments>
<gml:LineStringSegment>
<gml:posList>
32.626853056 129.738369028
32.626932389 129.738427333
32.626904139 129.738480972
32.626824806 129.738422583
32.626853056 129.738369028
</gml:posList>
</gml:LineStringSegment>
</gml:segments>
</gml:Curve>
</loc>
<type>普通建物</type>
</BldL>
<BldL gml:id="K18_4670411745_7">
<fid>46704-11745-s-1421</fid>
<lfSpanFr gml:id="K18_4670411745_7-1">
<gml:timePosition>2023-02-21</gml:timePosition>
</lfSpanFr>
<devDate gml:id="K18_4670411745_7-2">
<gml:timePosition>2023-03-31</gml:timePosition>
</devDate>
<orgGILvl>2500</orgGILvl>
<loc>
<gml:Curve gml:id="K18_4670411745_7-g" srsName="fguuid:jgd2011.bl">
<gml:segments>
<gml:LineStringSegment>
<gml:posList>
32.627282056 129.738399806
32.627347861 129.738274444
32.627432528 129.738336472
32.627385917 129.738425333
32.627358806 129.738405556
32.627339694 129.738441944
32.627282056 129.738399806
</gml:posList>
</gml:LineStringSegment>
</gml:segments>
</gml:Curve>
</loc>
<type>普通建物</type>
</BldL>
<BldL gml:id="K18_4670411745_8">
<fid>46704-11745-s-1422</fid>
<lfSpanFr gml:id="K18_4670411745_8-1">
<gml:timePosition>2023-02-21</gml:timePosition>
</lfSpanFr>
<devDate gml:id="K18_4670411745_8-2">
<gml:timePosition>2023-03-31</gml:timePosition>
</devDate>
<orgGILvl>2500</orgGILvl>
<loc>
<gml:Curve gml:id="K18_4670411745_8-g" srsName="fguuid:jgd2011.bl">
<gml:segments>
<gml:LineStringSegment>
<gml:posList>
32.627639306 129.739237639
32.627589222 129.739203417
32.627608056 129.739165083
32.627658056 129.739199333
32.627639306 129.739237639
</gml:posList>
</gml:LineStringSegment>
</gml:segments>
</gml:Curve>
</loc>
<type>普通建物</type>
</BldL>
<BldL gml:id="K18_4670411745_9">
<fid>46704-11745-s-1423</fid>
<lfSpanFr gml:id="K18_4670411745_9-1">
<gml:timePosition>2023-02-21</gml:timePosition>
</lfSpanFr>
<devDate gml:id="K18_4670411745_9-2">
<gml:timePosition>2023-03-31</gml:timePosition>
</devDate>
<orgGILvl>2500</orgGILvl>
<loc>
<gml:Curve gml:id="K18_4670411745_9-g" srsName="fguuid:jgd2011.bl">
<gml:segments>
<gml:LineStringSegment>
<gml:posList>
32.627785611 129.738932917
32.627749861 129.739008722
32.627713472 129.738984750
32.627749333 129.738908944
32.627785611 129.738932917
</gml:posList>
</gml:LineStringSegment>
</gml:segments>
</gml:Curve>
</loc>
<type>普通建物</type>
</BldL>
<BldL gml:id="K18_4670411745_10">
<fid>46704-11745-s-1424</fid>
<lfSpanFr gml:id="K18_4670411745_10-1">
<gml:timePosition>2023-02-21</gml:timePosition>
</lfSpanFr>
<devDate gml:id="K18_4670411745_10-2">
<gml:timePosition>2023-03-31</gml:timePosition>
</devDate>
<orgGILvl>2500</orgGILvl>
<loc>
<gml:Curve gml:id="K18_4670411745_10-g" srsName="fguuid:jgd2011.bl">
<gml:segments>
<gml:LineStringSegment>
<gml:posList>
32.627865056 129.738941889
32.627836639 129.738999139
32.627782222 129.738961361
32.627864250 129.738796194
32.627893778 129.738816722
32.627840194 129.738924639
32.627865056 129.738941889
</gml:posList>
</gml:LineStringSegment>
</gml:segments>
</gml:Curve>
</loc>
<type>普通建物</type>
</BldL>
<BldL gml:id="K18_4670411745_11">
<fid>46704-11745-s-1425</fid>
<lfSpanFr gml:id="K18_4670411745_11-1">
<gml:timePosition>2023-02-21</gml:timePosition>
</lfSpanFr>
<devDate gml:id="K18_4670411745_11-2">
<gml:timePosition>2023-03-31</gml:timePosition>
</devDate>
<orgGILvl>2500</orgGILvl>
<loc>
<gml:Curve gml:id="K18_4670411745_11-g" srsName="fguuid:jgd2011.bl">
<gml:segments>
<gml:LineStringSegment>
<gml:posList>
32.626926444 129.737369833
32.626791639 129.737553306
32.626610194 129.737366972
32.626745000 129.737183500
32.626926444 129.737369833
</gml:posList>
</gml:LineStringSegment>
</gml:segments>
</gml:Curve>
</loc>
<type>堅ろう建物</type>
</BldL>
<BldL gml:id="K18_4670411745_12">
<fid>46704-11745-s-1426</fid>
<lfSpanFr gml:id="K18_4670411745_12-1">
<gml:timePosition>2023-02-21</gml:timePosition>
</lfSpanFr>
<devDate gml:id="K18_4670411745_12-2">
<gml:timePosition>2023-03-31</gml:timePosition>
</devDate>
<orgGILvl>2500</orgGILvl>
<loc>
<gml:Curve gml:id="K18_4670411745_12-g" srsName="fguuid:jgd2011.bl">
<gml:segments>
<gml:LineStringSegment>
<gml:posList>
32.626713111 129.737356472
32.626768194 129.737413000
32.626806167 129.737361417
32.626751000 129.737304889
32.626713111 129.737356472
</gml:posList>
</gml:LineStringSegment>
</gml:segments>
</gml:Curve>
</loc>
<type>堅ろう建物</type>
</BldL>
<BldL gml:id="K18_4670411745_13">
<fid>46704-11745-s-1427</fid>
<lfSpanFr gml:id="K18_4670411745_13-1">
<gml:timePosition>2023-02-21</gml:timePosition>
</lfSpanFr>
<devDate gml:id="K18_4670411745_13-2">
<gml:timePosition>2023-03-31</gml:timePosition>
</devDate>
<orgGILvl>2500</orgGILvl>
<loc>
<gml:Curve gml:id="K18_4670411745_13-g" srsName="fguuid:jgd2011.bl">
<gml:segments>
<gml:LineStringSegment>
<gml:posList>
32.627144667 129.737197861
32.627524694 129.737337611
32.627502694 129.737420917
32.627133306 129.737285111
32.626940361 129.737304528
32.626939222 129.737288333
32.626909000 129.737291444
32.626904000 129.737222167
32.627144667 129.737197861
</gml:posList>
</gml:LineStringSegment>
</gml:segments>
</gml:Curve>
</loc>
<type>堅ろう建物</type>
</BldL>
<BldL gml:id="K18_4670411745_14">
<fid>46704-11745-s-1428</fid>
<lfSpanFr gml:id="K18_4670411745_14-1">
<gml:timePosition>2023-02-21</gml:timePosition>
</lfSpanFr>
<devDate gml:id="K18_4670411745_14-2">
<gml:timePosition>2023-03-31</gml:timePosition>
</devDate>
<orgGILvl>2500</orgGILvl>
<loc>
<gml:Curve gml:id="K18_4670411745_14-g" srsName="fguuid:jgd2011.bl">
<gml:segments>
<gml:LineStringSegment>
<gml:posList>
32.628194556 129.737916889
32.627972417 129.737776917
32.627983833 129.737751472
32.627956806 129.737734472
32.627979278 129.737684750
32.628107806 129.737765778
32.628110528 129.737759917
32.628130889 129.737772750
32.628127083 129.737781167
32.628243889 129.737854694
32.628222083 129.737902917
32.628205500 129.737892528
32.628194556 129.737916889
</gml:posList>
</gml:LineStringSegment>
</gml:segments>
</gml:Curve>
</loc>
<type>堅ろう建物</type>
</BldL>
<BldL gml:id="K18_4670411745_15">
<fid>46704-11745-s-1429</fid>
<lfSpanFr gml:id="K18_4670411745_15-1">
<gml:timePosition>2023-02-21</gml:timePosition>
</lfSpanFr>
<devDate gml:id="K18_4670411745_15-2">
<gml:timePosition>2023-03-31</gml:timePosition>
</devDate>
<orgGILvl>2500</orgGILvl>
<loc>
<gml:Curve gml:id="K18_4670411745_15-g" srsName="fguuid:jgd2011.bl">
<gml:segments>
<gml:LineStringSegment>
<gml:posList>
32.628292278 129.737882417
32.628545500 129.737930722
32.628534611 129.738010306
32.628500917 129.738003833
32.628498444 129.738021611
32.628249722 129.737974167
32.628257389 129.737918444
32.628286611 129.737924083
32.628292278 129.737882417
</gml:posList>
</gml:LineStringSegment>
</gml:segments>
</gml:Curve>
</loc>
<type>堅ろう建物</type>
</BldL>
<BldL gml:id="K18_4670411745_16">
<fid>46704-11745-s-1430</fid>
<lfSpanFr gml:id="K18_4670411745_16-1">
<gml:timePosition>2023-02-21</gml:timePosition>
</lfSpanFr>
<devDate gml:id="K18_4670411745_16-2">
<gml:timePosition>2023-03-31</gml:timePosition>
</devDate>
<orgGILvl>2500</orgGILvl>
<loc>
<gml:Curve gml:id="K18_4670411745_16-g" srsName="fguuid:jgd2011.bl">
<gml:segments>
<gml:LineStringSegment>
<gml:posList>
32.628622389 129.738331417
32.628719417 129.738148472
32.628770472 129.738186333
32.628773722 129.738180167
32.628792000 129.738193639
32.628748944 129.738274861
32.628737778 129.738266611
32.628680472 129.738374528
32.628622389 129.738331417
</gml:posList>
</gml:LineStringSegment>
</gml:segments>
</gml:Curve>
</loc>
<type>堅ろう建物</type>
</BldL>
<BldL gml:id="K18_4670411745_17">
<fid>46704-11745-s-1431</fid>
<lfSpanFr gml:id="K18_4670411745_17-1">
<gml:timePosition>2023-02-21</gml:timePosition>
</lfSpanFr>
<devDate gml:id="K18_4670411745_17-2">
<gml:timePosition>2023-03-31</gml:timePosition>
</devDate>
<orgGILvl>2500</orgGILvl>
<loc>
<gml:Curve gml:id="K18_4670411745_17-g" srsName="fguuid:jgd2011.bl">
<gml:segments>
<gml:LineStringSegment>
<gml:posList>
32.628868056 129.738509611
32.628965167 129.738326778
32.629016139 129.738364556
32.629025194 129.738347611
32.629043472 129.738361194
32.628994611 129.738453167
32.628983444 129.738444806
32.628926139 129.738552722
32.628868056 129.738509611
</gml:posList>
</gml:LineStringSegment>
</gml:segments>
</gml:Curve>
</loc>
<type>堅ろう建物</type>
</BldL>
<BldL gml:id="K18_4670411745_18">
<fid>46704-11745-s-1432</fid>
<lfSpanFr gml:id="K18_4670411745_18-1">
<gml:timePosition>2023-02-21</gml:timePosition>
</lfSpanFr>
<devDate gml:id="K18_4670411745_18-2">
<gml:timePosition>2023-03-31</gml:timePosition>
</devDate>
<orgGILvl>2500</orgGILvl>
<loc>
<gml:Curve gml:id="K18_4670411745_18-g" srsName="fguuid:jgd2011.bl">
<gml:segments>
<gml:LineStringSegment>
<gml:posList>
32.628745056 129.738422667
32.628842056 129.738239722
32.628893139 129.738277583
32.628902083 129.738260556
32.628920361 129.738274139
32.628871583 129.738366083
32.628860417 129.738357833
32.628803139 129.738465750
32.628745056 129.738422667
</gml:posList>
</gml:LineStringSegment>
</gml:segments>
</gml:Curve>
</loc>
<type>堅ろう建物</type>
</BldL>
<BldL gml:id="K18_4670411745_19">
<fid>46704-11745-s-1433</fid>
<lfSpanFr gml:id="K18_4670411745_19-1">
<gml:timePosition>2023-02-21</gml:timePosition>
</lfSpanFr>
<devDate gml:id="K18_4670411745_19-2">
<gml:timePosition>2023-03-31</gml:timePosition>
</devDate>
<orgGILvl>2500</orgGILvl>
<loc>
<gml:Curve gml:id="K18_4670411745_19-g" srsName="fguuid:jgd2011.bl">
<gml:segments>
<gml:LineStringSegment>
<gml:posList>
32.628965667 129.738597278
32.629080139 129.738380583
32.629118500 129.738408944
32.629126750 129.738393306
32.629201944 129.738448806
32.629195972 129.738460306
32.629296194 129.738534194
32.629177194 129.738759278
32.629075694 129.738684417
32.629163028 129.738519139
32.629113778 129.738482778
32.629028694 129.738643694
32.628965667 129.738597278
</gml:posList>
</gml:LineStringSegment>
</gml:segments>
</gml:Curve>
</loc>
<type>堅ろう建物</type>
</BldL>
<BldL gml:id="K18_4670411745_20">
<fid>46704-11745-s-1434</fid>
<lfSpanFr gml:id="K18_4670411745_20-1">
<gml:timePosition>2023-02-21</gml:timePosition>
</lfSpanFr>
<devDate gml:id="K18_4670411745_20-2">
<gml:timePosition>2023-03-31</gml:timePosition>
</devDate>
<orgGILvl>2500</orgGILvl>
<loc>
<gml:Curve gml:id="K18_4670411745_20-g" srsName="fguuid:jgd2011.bl">
<gml:segments>
<gml:LineStringSegment>
<gml:posList>
32.629207750 129.738770556
32.629313250 129.738573778
32.629405194 129.738642667
32.629409917 129.738633833
32.629442250 129.738658000
32.629438250 129.738665333
32.629471583 129.738690361
32.629365333 129.738888528
32.629207750 129.738770556
</gml:posList>
</gml:LineStringSegment>
</gml:segments>
</gml:Curve>
</loc>
<type>堅ろう建物</type>
</BldL>
<BldL gml:id="K18_4670411745_21">
<fid>46704-11745-s-1435</fid>
<lfSpanFr gml:id="K18_4670411745_21-1">
<gml:timePosition>2023-02-21</gml:timePosition>
</lfSpanFr>
<devDate gml:id="K18_4670411745_21-2">
<gml:timePosition>2023-03-31</gml:timePosition>
</devDate>
<orgGILvl>2500</orgGILvl>
<loc>
<gml:Curve gml:id="K18_4670411745_21-g" srsName="fguuid:jgd2011.bl">
<gml:segments>
<gml:LineStringSegment>
<gml:posList>
32.629332917 129.738713972
32.629284972 129.738803389
32.629312250 129.738823806
32.629360222 129.738734417
32.629332917 129.738713972
</gml:posList>
</gml:LineStringSegment>
</gml:segments>
</gml:Curve>
</loc>
<type>堅ろう建物</type>
</BldL>
<BldL gml:id="K18_4670411745_22">
<fid>46704-11745-s-1436</fid>
<lfSpanFr gml:id="K18_4670411745_22-1">
<gml:timePosition>2023-02-21</gml:timePosition>
</lfSpanFr>
<devDate gml:id="K18_4670411745_22-2">
<gml:timePosition>2023-03-31</gml:timePosition>
</devDate>
<orgGILvl>2500</orgGILvl>
<loc>
<gml:Curve gml:id="K18_4670411745_22-g" srsName="fguuid:jgd2011.bl">
<gml:segments>
<gml:LineStringSegment>
<gml:posList>
32.629281417 129.738954583
32.629378333 129.739023694
32.629386472 129.739007722
32.629418278 129.739030417
32.629409750 129.739047111
32.629551861 129.739148194
32.629492306 129.739264972
32.629221417 129.739072194
32.629281417 129.738954583
</gml:posList>
</gml:LineStringSegment>
</gml:segments>
</gml:Curve>
</loc>
<type>堅ろう建物</type>
</BldL>
<BldL gml:id="K18_4670411745_23">
<fid>46704-11745-s-1437</fid>
<lfSpanFr gml:id="K18_4670411745_23-1">
<gml:timePosition>2023-02-21</gml:timePosition>
</lfSpanFr>
<devDate gml:id="K18_4670411745_23-2">
<gml:timePosition>2023-03-31</gml:timePosition>
</devDate>
<orgGILvl>2500</orgGILvl>
<loc>
<gml:Curve gml:id="K18_4670411745_23-g" srsName="fguuid:jgd2011.bl">
<gml:segments>
<gml:LineStringSegment>
<gml:posList>
32.628873611 129.739240944
32.628627889 129.739751611
32.628541056 129.739693306
32.628554639 129.739665083
32.628525278 129.739645306
32.628634306 129.739418806
32.628645750 129.739426389
32.628683417 129.739348167
32.628664750 129.739335639
32.628694361 129.739274139
32.628706333 129.739282250
32.628746917 129.739198083
32.628768083 129.739212306
32.628783472 129.739180278
32.628873611 129.739240944
</gml:posList>
</gml:LineStringSegment>
</gml:segments>
</gml:Curve>
</loc>
<type>堅ろう建物</type>
</BldL>
<BldL gml:id="K18_4670411745_24">
<fid>46704-11745-s-1438</fid>
<lfSpanFr gml:id="K18_4670411745_24-1">
<gml:timePosition>2023-02-21</gml:timePosition>
</lfSpanFr>
<devDate gml:id="K18_4670411745_24-2">
<gml:timePosition>2023-03-31</gml:timePosition>
</devDate>
<orgGILvl>2500</orgGILvl>
<loc>
<gml:Curve gml:id="K18_4670411745_24-g" srsName="fguuid:jgd2011.bl">
<gml:segments>
<gml:LineStringSegment>
<gml:posList>
32.628699722 129.738588583
32.628540500 129.738475194
32.628592833 129.738372472
32.628610833 129.738385306
32.628603583 129.738399472
32.628744889 129.738500139
32.628699722 129.738588583
</gml:posList>
</gml:LineStringSegment>
</gml:segments>
</gml:Curve>
</loc>
<type>堅ろう建物</type>
</BldL>
<BldL gml:id="K18_4670411745_25">
<fid>46704-11745-s-1439</fid>
<lfSpanFr gml:id="K18_4670411745_25-1">
<gml:timePosition>2023-02-21</gml:timePosition>
</lfSpanFr>
<devDate gml:id="K18_4670411745_25-2">
<gml:timePosition>2023-03-31</gml:timePosition>
</devDate>
<orgGILvl>2500</orgGILvl>
<loc>
<gml:Curve gml:id="K18_4670411745_25-g" srsName="fguuid:jgd2011.bl">
<gml:segments>
<gml:LineStringSegment>
<gml:posList>
32.628945444 129.739267028
32.628517306 129.738953000
32.628548361 129.738893806
32.628563667 129.738864750
32.628591889 129.738810917
32.628679167 129.738874889
32.628690306 129.738853694
32.628660028 129.738831444
32.628817444 129.738531667
32.628890472 129.738585250
32.628878167 129.738608750
32.628926056 129.738643833
32.628775917 129.738929806
32.628976472 129.739076861
32.629110056 129.738822417
32.629148972 129.738850972
32.629159000 129.738831722
32.629210972 129.738869778
32.629202556 129.738885861
32.629239833 129.738913250
32.629099639 129.739180250
32.629115583 129.739191917
32.629073417 129.739272250
32.629055750 129.739259333
32.629029333 129.739309778
32.628952583 129.739253500
32.628945444 129.739267028
</gml:posList>
</gml:LineStringSegment>
</gml:segments>
</gml:Curve>
</loc>
<type>堅ろう建物</type>
</BldL>
<BldL gml:id="K18_4670411745_26">
<fid>46704-11745-s-1440</fid>
<lfSpanFr gml:id="K18_4670411745_26-1">
<gml:timePosition>2023-02-21</gml:timePosition>
</lfSpanFr>
<devDate gml:id="K18_4670411745_26-2">
<gml:timePosition>2023-03-31</gml:timePosition>
</devDate>
<orgGILvl>2500</orgGILvl>
<loc>
<gml:Curve gml:id="K18_4670411745_26-g" srsName="fguuid:jgd2011.bl">
<gml:segments>
<gml:LineStringSegment>
<gml:posList>
32.628499056 129.738455361
32.628628639 129.738645083
32.628540111 129.738729667
32.628539472 129.738730194
32.628426806 129.738565250
32.628422639 129.738569306
32.628405639 129.738544417
32.628499056 129.738455361
</gml:posList>
</gml:LineStringSegment>
</gml:segments>
</gml:Curve>
</loc>
<type>堅ろう建物</type>
</BldL>
<BldL gml:id="K18_4670411745_27">
<fid>46704-11745-s-1441</fid>
<lfSpanFr gml:id="K18_4670411745_27-1">
<gml:timePosition>2023-02-21</gml:timePosition>
</lfSpanFr>
<devDate gml:id="K18_4670411745_27-2">
<gml:timePosition>2023-03-31</gml:timePosition>
</devDate>
<orgGILvl>2500</orgGILvl>
<loc>
<gml:Curve gml:id="K18_4670411745_27-g" srsName="fguuid:jgd2011.bl">
<gml:segments>
<gml:LineStringSegment>
<gml:posList>
32.628192833 129.738057250
32.628147000 129.738403278
32.628057389 129.738386722
32.628104056 129.738034306
32.628056278 129.738025556
32.628042556 129.738129222
32.627944361 129.738111167
32.627972722 129.737896917
32.628068111 129.737914528
32.628058583 129.737985917
32.628597167 129.738085389
32.628552139 129.738425778
32.628505444 129.738417111
32.628502611 129.738438306
32.628457444 129.738430000
32.628499250 129.738114222
32.628458139 129.738106667
32.628411944 129.738455667
32.628328278 129.738440194
32.628375139 129.738085972
32.628326167 129.738076889
32.628284917 129.738388917
32.628195833 129.738372500
32.628236472 129.738065250
32.628192833 129.738057250
</gml:posList>
</gml:LineStringSegment>
</gml:segments>
</gml:Curve>
</loc>
<type>堅ろう建物</type>
</BldL>
<BldL gml:id="K18_4670411745_28">
<fid>46704-11745-s-1442</fid>
<lfSpanFr gml:id="K18_4670411745_28-1">
<gml:timePosition>2023-02-21</gml:timePosition>
</lfSpanFr>
<devDate gml:id="K18_4670411745_28-2">
<gml:timePosition>2023-03-31</gml:timePosition>
</devDate>
<orgGILvl>2500</orgGILvl>
<loc>
<gml:Curve gml:id="K18_4670411745_28-g" srsName="fguuid:jgd2011.bl">
<gml:segments>
<gml:LineStringSegment>
<gml:posList>
32.628539472 129.738730194
32.628536556 129.738755778
32.628563667 129.738864750
32.628548361 129.738893806
32.628527861 129.738811806
32.628514361 129.738757417
32.628521667 129.738704167
32.628539472 129.738730194
</gml:posList>
</gml:LineStringSegment>
</gml:segments>
</gml:Curve>
</loc>
<type>普通無壁舎</type>
</BldL>
<BldL gml:id="K18_4670411745_29">
<fid>46704-11745-s-1587</fid>
<lfSpanFr gml:id="K18_4670411745_29-1">
<gml:timePosition>2023-02-21</gml:timePosition>
</lfSpanFr>
<devDate gml:id="K18_4670411745_29-2">
<gml:timePosition>2023-03-31</gml:timePosition>
</devDate>
<orgGILvl>2500</orgGILvl>
<loc>
<gml:Curve gml:id="K18_4670411745_29-g" srsName="fguuid:jgd2011.bl">
<gml:segments>
<gml:LineStringSegment>
<gml:posList>
32.628278691 129.738904631
32.628392693 129.738983434
32.628338402 129.739093122
32.628224400 129.739014308
32.628278691 129.738904631
</gml:posList>
</gml:LineStringSegment>
</gml:segments>
</gml:Curve>
</loc>
<type>普通建物</type>
</BldL>
<BldL gml:id="K18_4670411745_30">
<fid>46704-11745-s-1588</fid>
<lfSpanFr gml:id="K18_4670411745_30-1">
<gml:timePosition>2023-02-21</gml:timePosition>
</lfSpanFr>
<devDate gml:id="K18_4670411745_30-2">
<gml:timePosition>2023-03-31</gml:timePosition>
</devDate>
<orgGILvl>2500</orgGILvl>
<loc>
<gml:Curve gml:id="K18_4670411745_30-g" srsName="fguuid:jgd2011.bl">
<gml:segments>
<gml:LineStringSegment>
<gml:posList>
32.628472941 129.739331241
32.628594097 129.739087227
32.628725273 129.739178214
32.628604055 129.739422239
32.628472941 129.739331241
</gml:posList>
</gml:LineStringSegment>
</gml:segments>
</gml:Curve>
</loc>
<type>普通建物</type>
</BldL>
<BldL gml:id="K18_4670411745_31">
<fid>46704-11745-s-1589</fid>
<lfSpanFr gml:id="K18_4670411745_31-1">
<gml:timePosition>2023-02-21</gml:timePosition>
</lfSpanFr>
<devDate gml:id="K18_4670411745_31-2">
<gml:timePosition>2023-03-31</gml:timePosition>
</devDate>
<orgGILvl>2500</orgGILvl>
<loc>
<gml:Curve gml:id="K18_4670411745_31-g" srsName="fguuid:jgd2011.bl">
<gml:segments>
<gml:LineStringSegment>
<gml:posList>
32.626620457 129.737520560
32.626688033 129.737661730
32.626575344 129.737737011
32.626555456 129.737695546
32.626568747 129.737686949
32.626521353 129.737584027
32.626620457 129.737520560
</gml:posList>
</gml:LineStringSegment>
</gml:segments>
</gml:Curve>
</loc>
<type>普通建物</type>
</BldL>
<BldL gml:id="K18_4670411745_32">
<fid>46704-11745-s-1590</fid>
<lfSpanFr gml:id="K18_4670411745_32-1">
<gml:timePosition>2023-02-21</gml:timePosition>
</lfSpanFr>
<devDate gml:id="K18_4670411745_32-2">
<gml:timePosition>2023-03-31</gml:timePosition>
</devDate>
<orgGILvl>2500</orgGILvl>
<loc>
<gml:Curve gml:id="K18_4670411745_32-g" srsName="fguuid:jgd2011.bl">
<gml:segments>
<gml:LineStringSegment>
<gml:posList>
32.626561885 129.737986858
32.626599787 129.738058904
32.626561686 129.738086852
32.626513837 129.737995683
32.626547386 129.737971282
32.626556899 129.737990948
32.626561885 129.737986858
</gml:posList>
</gml:LineStringSegment>
</gml:segments>
</gml:Curve>
</loc>
<type>普通建物</type>
</BldL>
<BldL gml:id="K18_4670411745_33">
<fid>46704-11745-s-1591</fid>
<lfSpanFr gml:id="K18_4670411745_33-1">
<gml:timePosition>2023-02-21</gml:timePosition>
</lfSpanFr>
<devDate gml:id="K18_4670411745_33-2">
<gml:timePosition>2023-03-31</gml:timePosition>
</devDate>
<orgGILvl>2500</orgGILvl>
<loc>
<gml:Curve gml:id="K18_4670411745_33-g" srsName="fguuid:jgd2011.bl">
<gml:segments>
<gml:LineStringSegment>
<gml:posList>
32.626656531 129.737867368
32.626505904 129.737974998
32.626484835 129.737933828
32.626441805 129.737964577
32.626339763 129.737765140
32.626377709 129.737738034
32.626320978 129.737627148
32.626463062 129.737525633
32.626490071 129.737578413
32.626462704 129.737600561
32.626449493 129.737614636
32.626436416 129.737629286
32.626429630 129.737640980
32.626427829 129.737648670
32.626427185 129.737660667
32.626429431 129.737674517
32.626432127 129.737684200
32.626438155 129.737696365
32.626444376 129.737706868
32.626451160 129.737715369
32.626456562 129.737719699
32.626464229 129.737724036
32.626471782 129.737725846
32.626479332 129.737724821
32.626487391 129.737722168
32.626498362 129.737714716
32.626507617 129.737703891
32.626516071 129.737692607
32.626522804 129.737680188
32.626530683 129.737657787
32.626596453 129.737786312
32.626610079 129.737776565
32.626656531 129.737867368
</gml:posList>
</gml:LineStringSegment>
</gml:segments>
</gml:Curve>
</loc>
<type>普通建物</type>
</BldL>
<BldL gml:id="K18_4670411745_34">
<fid>46704-11745-s-1592</fid>
<lfSpanFr gml:id="K18_4670411745_34-1">
<gml:timePosition>2023-02-21</gml:timePosition>
</lfSpanFr>
<devDate gml:id="K18_4670411745_34-2">
<gml:timePosition>2023-03-31</gml:timePosition>
</devDate>
<orgGILvl>2500</orgGILvl>
<loc>
<gml:Curve gml:id="K18_4670411745_34-g" srsName="fguuid:jgd2011.bl">
<gml:segments>
<gml:LineStringSegment>
<gml:posList>
32.626399665 129.737558587
32.626384030 129.737571526
32.626299627 129.737434202
32.626244358 129.737375156
32.626298519 129.737300061
32.626352759 129.737359510
32.626358739 129.737358737
32.626416024 129.737444069
32.626424402 129.737434436
32.626451229 129.737473639
32.626386622 129.737536162
32.626399665 129.737558587
</gml:posList>
</gml:LineStringSegment>
</gml:segments>
</gml:Curve>
</loc>
<type>普通建物</type>
</BldL>
<BldL gml:id="K18_4670411745_35">
<fid>46704-11745-s-1593</fid>
<lfSpanFr gml:id="K18_4670411745_35-1">
<gml:timePosition>2023-02-21</gml:timePosition>
</lfSpanFr>
<devDate gml:id="K18_4670411745_35-2">
<gml:timePosition>2023-03-31</gml:timePosition>
</devDate>
<orgGILvl>2500</orgGILvl>
<loc>
<gml:Curve gml:id="K18_4670411745_35-g" srsName="fguuid:jgd2011.bl">
<gml:segments>
<gml:LineStringSegment>
<gml:posList>
32.626332785 129.736838272
32.626426867 129.736946101
32.626345407 129.737045326
32.626251326 129.736937475
32.626332785 129.736838272
</gml:posList>
</gml:LineStringSegment>
</gml:segments>
</gml:Curve>
</loc>
<type>普通建物</type>
</BldL>
<BldL gml:id="K18_4670411745_36">
<fid>46704-11745-s-1594</fid>
<lfSpanFr gml:id="K18_4670411745_36-1">
<gml:timePosition>2023-02-21</gml:timePosition>
</lfSpanFr>
<devDate gml:id="K18_4670411745_36-2">
<gml:timePosition>2023-03-31</gml:timePosition>
</devDate>
<orgGILvl>2500</orgGILvl>
<loc>
<gml:Curve gml:id="K18_4670411745_36-g" srsName="fguuid:jgd2011.bl">
<gml:segments>
<gml:LineStringSegment>
<gml:posList>
32.629498161 129.738763902
32.629577019 129.738819114
32.629562237 129.738848553
32.629569235 129.738853282
32.629549525 129.738893812
32.629542104 129.738888762
32.629487391 129.739002202
32.629398334 129.738942146
32.629473797 129.738786005
32.629484146 129.738793023
32.629498161 129.738763902
</gml:posList>
</gml:LineStringSegment>
</gml:segments>
</gml:Curve>
</loc>
<type>普通建物</type>
</BldL>
<BldL gml:id="K18_4670411745_37">
<fid>46704-11745-s-1595</fid>
<lfSpanFr gml:id="K18_4670411745_37-1">
<gml:timePosition>2023-02-21</gml:timePosition>
</lfSpanFr>
<devDate gml:id="K18_4670411745_37-2">
<gml:timePosition>2023-03-31</gml:timePosition>
</devDate>
<orgGILvl>2500</orgGILvl>
<loc>
<gml:Curve gml:id="K18_4670411745_37-g" srsName="fguuid:jgd2011.bl">
<gml:segments>
<gml:LineStringSegment>
<gml:posList>
32.628160940 129.739378303
32.628408655 129.739508734
32.628387772 129.739564043
32.628375699 129.739596024
32.628256688 129.739533224
32.628128029 129.739465327
32.628160940 129.739378303
</gml:posList>
</gml:LineStringSegment>
</gml:segments>
</gml:Curve>
</loc>
<type>普通建物</type>
</BldL>
<BldL gml:id="K18_4670411745_38">
<fid>46704-11745-s-1596</fid>
<lfSpanFr gml:id="K18_4670411745_38-1">
<gml:timePosition>2023-02-21</gml:timePosition>
</lfSpanFr>
<devDate gml:id="K18_4670411745_38-2">
<gml:timePosition>2023-03-31</gml:timePosition>
</devDate>
<orgGILvl>2500</orgGILvl>
<loc>
<gml:Curve gml:id="K18_4670411745_38-g" srsName="fguuid:jgd2011.bl">
<gml:segments>
<gml:LineStringSegment>
<gml:posList>
32.627127306 129.738822870
32.627176527 129.738856528
32.627158393 129.738893555
32.627109172 129.738859866
32.627127306 129.738822870
</gml:posList>
</gml:LineStringSegment>
</gml:segments>
</gml:Curve>
</loc>
<type>普通建物</type>
</BldL>
<BldL gml:id="K18_4670411745_39">
<fid>46704-11745-s-1597</fid>
<lfSpanFr gml:id="K18_4670411745_39-1">
<gml:timePosition>2023-02-21</gml:timePosition>
</lfSpanFr>
<devDate gml:id="K18_4670411745_39-2">
<gml:timePosition>2023-03-31</gml:timePosition>
</devDate>
<orgGILvl>2500</orgGILvl>
<loc>
<gml:Curve gml:id="K18_4670411745_39-g" srsName="fguuid:jgd2011.bl">
<gml:segments>
<gml:LineStringSegment>
<gml:posList>
32.627257773 129.738917542
32.627309006 129.738954903
32.627285790 129.738999334
32.627234566 129.738961931
32.627257773 129.738917542
</gml:posList>
</gml:LineStringSegment>
</gml:segments>
</gml:Curve>
</loc>
<type>普通建物</type>
</BldL>
<BldL gml:id="K18_4670411745_40">
<fid>46704-11745-s-1598</fid>
<lfSpanFr gml:id="K18_4670411745_40-1">
<gml:timePosition>2023-02-21</gml:timePosition>
</lfSpanFr>
<devDate gml:id="K18_4670411745_40-2">
<gml:timePosition>2023-03-31</gml:timePosition>
</devDate>
<orgGILvl>2500</orgGILvl>
<loc>
<gml:Curve gml:id="K18_4670411745_40-g" srsName="fguuid:jgd2011.bl">
<gml:segments>
<gml:LineStringSegment>
<gml:posList>
32.628408655 129.739508734
32.628457809 129.739534528
32.628436944 129.739589932
32.628387772 129.739564043
32.628408655 129.739508734
</gml:posList>
</gml:LineStringSegment>
</gml:segments>
</gml:Curve>
</loc>
<type>普通無壁舎</type>
</BldL>
<BldL gml:id="K18_4670411745_41">
<fid>46704-11745-s-1599</fid>
<lfSpanFr gml:id="K18_4670411745_41-1">
<gml:timePosition>2023-02-21</gml:timePosition>
</lfSpanFr>
<devDate gml:id="K18_4670411745_41-2">
<gml:timePosition>2023-03-31</gml:timePosition>
</devDate>
<orgGILvl>2500</orgGILvl>
<loc>
<gml:Curve gml:id="K18_4670411745_41-g" srsName="fguuid:jgd2011.bl">
<gml:segments>
<gml:LineStringSegment>
<gml:posList>
32.628236095 129.739587734
32.628102229 129.739517094
32.628122831 129.739462584
32.628128029 129.739465327
32.628256688 129.739533224
32.628236095 129.739587734
</gml:posList>
</gml:LineStringSegment>
</gml:segments>
</gml:Curve>
</loc>
<type>普通無壁舎</type>
</BldL>
<BldL gml:id="K18_4670411745_42">
<fid>46704-11745-s-1600</fid>
<lfSpanFr gml:id="K18_4670411745_42-1">
<gml:timePosition>2023-02-21</gml:timePosition>
</lfSpanFr>
<devDate gml:id="K18_4670411745_42-2">
<gml:timePosition>2023-03-31</gml:timePosition>
</devDate>
<orgGILvl>2500</orgGILvl>
<loc>
<gml:Curve gml:id="K18_4670411745_42-g" srsName="fguuid:jgd2011.bl">
<gml:segments>
<gml:LineStringSegment>
<gml:posList>
32.627942453 129.738380305
32.627893641 129.738468587
32.627593217 129.738236682
32.627621061 129.738186316
32.627609670 129.738177536
32.627630736 129.738139461
32.627942453 129.738380305
</gml:posList>
</gml:LineStringSegment>
</gml:segments>
</gml:Curve>
</loc>
<type>堅ろう建物</type>
</BldL>
<BldL gml:id="K18_4670411745_43">
<fid>46704-11745-s-1601</fid>
<lfSpanFr gml:id="K18_4670411745_43-1">
<gml:timePosition>2023-02-21</gml:timePosition>
</lfSpanFr>
<devDate gml:id="K18_4670411745_43-2">
<gml:timePosition>2023-03-31</gml:timePosition>
</devDate>
<orgGILvl>2500</orgGILvl>
<loc>
<gml:Curve gml:id="K18_4670411745_43-g" srsName="fguuid:jgd2011.bl">
<gml:segments>
<gml:LineStringSegment>
<gml:posList>
32.628143515 129.738488443
32.628094252 129.738571928
32.627938680 129.738443673
32.627961823 129.738404505
32.627952188 129.738396668
32.627979022 129.738351575
32.628143515 129.738488443
</gml:posList>
</gml:LineStringSegment>
</gml:segments>
</gml:Curve>
</loc>
<type>堅ろう建物</type>
</BldL>
<BldL gml:id="K18_4670411745_44">
<fid>46704-11745-s-1602</fid>
<lfSpanFr gml:id="K18_4670411745_44-1">
<gml:timePosition>2023-02-21</gml:timePosition>
</lfSpanFr>
<devDate gml:id="K18_4670411745_44-2">
<gml:timePosition>2023-03-31</gml:timePosition>
</devDate>
<orgGILvl>2500</orgGILvl>
<loc>
<gml:Curve gml:id="K18_4670411745_44-g" srsName="fguuid:jgd2011.bl">
<gml:segments>
<gml:LineStringSegment>
<gml:posList>
32.627784864 129.738097550
32.627796421 129.738100245
32.628031024 129.738154983
32.628017387 129.738236644
32.627979978 129.738227913
32.627974724 129.738259316
32.627805672 129.738219842
32.627811035 129.738187799
32.627775348 129.738179456
32.627771319 129.738178519
32.627784864 129.738097550
</gml:posList>
</gml:LineStringSegment>
</gml:segments>
</gml:Curve>
</loc>
<type>堅ろう建物</type>
</BldL>
<BldL gml:id="K18_4670411745_45">
<fid>46704-11745-s-1603</fid>
<lfSpanFr gml:id="K18_4670411745_45-1">
<gml:timePosition>2023-02-21</gml:timePosition>
</lfSpanFr>
<devDate gml:id="K18_4670411745_45-2">
<gml:timePosition>2023-03-31</gml:timePosition>
</devDate>
<orgGILvl>2500</orgGILvl>
<loc>
<gml:Curve gml:id="K18_4670411745_45-g" srsName="fguuid:jgd2011.bl">
<gml:segments>
<gml:LineStringSegment>
<gml:posList>
32.627633139 129.737828016
32.627684133 129.737896718
32.627665501 129.737916022
32.627708111 129.737973427
32.627685034 129.737997355
32.627726394 129.738053083
32.627689039 129.738091808
32.627681870 129.738082144
32.627656759 129.738108166
32.627589736 129.738017862
32.627583260 129.738023014
32.627561637 129.737974009
32.627601913 129.737935335
32.627575197 129.737894735
32.627607602 129.737865045
32.627601936 129.737856505
32.627633139 129.737828016
</gml:posList>
</gml:LineStringSegment>
</gml:segments>
</gml:Curve>
</loc>
<type>堅ろう建物</type>
</BldL>
<BldL gml:id="K18_4670411745_46">
<fid>46704-11745-s-1604</fid>
<lfSpanFr gml:id="K18_4670411745_46-1">
<gml:timePosition>2023-02-21</gml:timePosition>
</lfSpanFr>
<devDate gml:id="K18_4670411745_46-2">
<gml:timePosition>2023-03-31</gml:timePosition>
</devDate>
<orgGILvl>2500</orgGILvl>
<loc>
<gml:Curve gml:id="K18_4670411745_46-g" srsName="fguuid:jgd2011.bl">
<gml:segments>
<gml:LineStringSegment>
<gml:posList>
32.627721923 129.737832758
32.627659799 129.737779533
32.627737314 129.737653207
32.627789157 129.737697634
32.627793852 129.737689963
32.627812219 129.737705678
32.627775592 129.737765431
32.627767416 129.737758418
32.627721923 129.737832758
</gml:posList>
</gml:LineStringSegment>
</gml:segments>
</gml:Curve>
</loc>
<type>堅ろう建物</type>
</BldL>
<BldL gml:id="K18_4670411745_47">
<fid>46704-11745-s-1605</fid>
<lfSpanFr gml:id="K18_4670411745_47-1">
<gml:timePosition>2023-02-21</gml:timePosition>
</lfSpanFr>
<devDate gml:id="K18_4670411745_47-2">
<gml:timePosition>2023-03-31</gml:timePosition>
</devDate>
<orgGILvl>2500</orgGILvl>
<loc>
<gml:Curve gml:id="K18_4670411745_47-g" srsName="fguuid:jgd2011.bl">
<gml:segments>
<gml:LineStringSegment>
<gml:posList>
32.627862458 129.737763571
32.627927755 129.737822486
32.627831809 129.737971015
32.627860366 129.737996774
32.627845071 129.738020435
32.627751226 129.737935772
32.627862458 129.737763571
</gml:posList>
</gml:LineStringSegment>
</gml:segments>
</gml:Curve>
</loc>
<type>堅ろう建物</type>
</BldL>
<BldL gml:id="K18_4670411745_48">
<fid>46704-11745-s-1606</fid>
<lfSpanFr gml:id="K18_4670411745_48-1">
<gml:timePosition>2023-02-21</gml:timePosition>
</lfSpanFr>
<devDate gml:id="K18_4670411745_48-2">
<gml:timePosition>2023-03-31</gml:timePosition>
</devDate>
<orgGILvl>2500</orgGILvl>
<loc>
<gml:Curve gml:id="K18_4670411745_48-g" srsName="fguuid:jgd2011.bl">
<gml:segments>
<gml:LineStringSegment>
<gml:posList>
32.627887782 129.737734396
32.627821847 129.737678996
32.627903911 129.737532029
32.627946924 129.737567428
32.627961673 129.737593832
32.627985722 129.737614038
32.627956348 129.737667469
32.627936663 129.737647243
32.627887782 129.737734396
</gml:posList>
</gml:LineStringSegment>
</gml:segments>
</gml:Curve>
</loc>
<type>堅ろう建物</type>
</BldL>
<BldL gml:id="K18_4670411745_49">
<fid>46704-11745-s-1607</fid>
<lfSpanFr gml:id="K18_4670411745_49-1">
<gml:timePosition>2023-02-21</gml:timePosition>
</lfSpanFr>
<devDate gml:id="K18_4670411745_49-2">
<gml:timePosition>2023-03-31</gml:timePosition>
</devDate>
<orgGILvl>2500</orgGILvl>
<loc>
<gml:Curve gml:id="K18_4670411745_49-g" srsName="fguuid:jgd2011.bl">
<gml:segments>
<gml:LineStringSegment>
<gml:posList>
32.628383887 129.738606330
32.628374727 129.738657098
32.628323689 129.738640305
32.628318950 129.738661671
32.628139289 129.738624352
32.628145004 129.738563910
32.628183551 129.738566548
32.628189946 129.738509326
32.628229421 129.738507779
32.628311761 129.738520040
32.628309136 129.738548764
32.628335937 129.738554271
32.628328323 129.738603326
32.628345178 129.738607815
32.628348711 129.738594439
32.628383887 129.738606330
</gml:posList>
</gml:LineStringSegment>
</gml:segments>
</gml:Curve>
</loc>
<type>堅ろう建物</type>
</BldL>
<BldL gml:id="K18_4670411745_50">
<fid>46704-11745-s-1608</fid>
<lfSpanFr gml:id="K18_4670411745_50-1">
<gml:timePosition>2023-02-21</gml:timePosition>
</lfSpanFr>
<devDate gml:id="K18_4670411745_50-2">
<gml:timePosition>2023-03-31</gml:timePosition>
</devDate>
<orgGILvl>2500</orgGILvl>
<loc>
<gml:Curve gml:id="K18_4670411745_50-g" srsName="fguuid:jgd2011.bl">
<gml:segments>
<gml:LineStringSegment>
<gml:posList>
32.626956775 129.737513999
32.626930005 129.737387324
32.627086522 129.737341134
32.627103648 129.737422162
32.627094850 129.737424750
32.627104503 129.737470398
32.626956775 129.737513999
</gml:posList>
</gml:LineStringSegment>
</gml:segments>
</gml:Curve>
</loc>
<type>堅ろう建物</type>
</BldL>
<BldL gml:id="K18_4670411745_51">
<fid>46704-11745-s-1609</fid>
<lfSpanFr gml:id="K18_4670411745_51-1">
<gml:timePosition>2023-02-21</gml:timePosition>
</lfSpanFr>
<devDate gml:id="K18_4670411745_51-2">
<gml:timePosition>2023-03-31</gml:timePosition>
</devDate>
<orgGILvl>2500</orgGILvl>
<loc>
<gml:Curve gml:id="K18_4670411745_51-g" srsName="fguuid:jgd2011.bl">
<gml:segments>
<gml:LineStringSegment>
<gml:posList>
32.627013016 129.737697991
32.627192801 129.737903357
32.627178146 129.737922725
32.627173171 129.737916307
32.627165670 129.737924632
32.627132569 129.737888971
32.627126287 129.737896777
32.627099686 129.737885410
32.626975903 129.737742663
32.627013016 129.737697991
</gml:posList>
</gml:LineStringSegment>
</gml:segments>
</gml:Curve>
</loc>
<type>堅ろう建物</type>
</BldL>
<BldL gml:id="K18_4670711730_1">
<fid>46707-11730-s-8300</fid>
<lfSpanFr gml:id="K18_4670711730_1-1">
<gml:timePosition>2023-02-21</gml:timePosition>
</lfSpanFr>
<devDate gml:id="K18_4670711730_1-2">
<gml:timePosition>2023-03-31</gml:timePosition>
</devDate>
<orgGILvl>2500</orgGILvl>
<loc>
<gml:Curve gml:id="K18_4670711730_1-g" srsName="fguuid:jgd2011.bl">
<gml:segments>
<gml:LineStringSegment>
<gml:posList>
32.585736528 129.748138028
32.585781750 129.748170556
32.585763472 129.748205972
32.585717806 129.748175917
32.585728222 129.748154222
32.585736528 129.748138028
</gml:posList>
</gml:LineStringSegment>
</gml:segments>
</gml:Curve>
</loc>
<type>普通建物</type>
</BldL>
<BldL gml:id="K18_4670711730_2">
<fid>46707-11730-s-8301</fid>
<lfSpanFr gml:id="K18_4670711730_2-1">
<gml:timePosition>2023-02-21</gml:timePosition>
</lfSpanFr>
<devDate gml:id="K18_4670711730_2-2">
<gml:timePosition>2023-03-31</gml:timePosition>
</devDate>
<orgGILvl>2500</orgGILvl>
<loc>
<gml:Curve gml:id="K18_4670711730_2-g" srsName="fguuid:jgd2011.bl">
<gml:segments>
<gml:LineStringSegment>
<gml:posList>
32.586375139 129.748031361
32.586396472 129.748099389
32.586388528 129.748102889
32.586400722 129.748141694
32.586299806 129.748185917
32.586276778 129.748112472
32.586282750 129.748109944
32.586278889 129.748097667
32.586290139 129.748068611
32.586375139 129.748031361
</gml:posList>
</gml:LineStringSegment>
</gml:segments>
</gml:Curve>
</loc>
<type>普通建物</type>
</BldL>
<BldL gml:id="K18_4670711730_3">
<fid>46707-11730-s-8302</fid>
<lfSpanFr gml:id="K18_4670711730_3-1">
<gml:timePosition>2023-02-21</gml:timePosition>
</lfSpanFr>
<devDate gml:id="K18_4670711730_3-2">
<gml:timePosition>2023-03-31</gml:timePosition>
</devDate>
<orgGILvl>2500</orgGILvl>
<loc>
<gml:Curve gml:id="K18_4670711730_3-g" srsName="fguuid:jgd2011.bl">
<gml:segments>
<gml:LineStringSegment>
<gml:posList>
32.585974500 129.748241583
32.585986194 129.748260583
32.586047417 129.748352806
32.585976222 129.748418861
32.585927667 129.748345861
32.585935083 129.748338944
32.585910528 129.748302028
32.585974500 129.748241583
</gml:posList>
</gml:LineStringSegment>
</gml:segments>
</gml:Curve>
</loc>
<type>普通建物</type>
</BldL>
<BldL gml:id="K18_4670711730_4">
<fid>46707-11730-s-8303</fid>
<lfSpanFr gml:id="K18_4670711730_4-1">
<gml:timePosition>2023-02-21</gml:timePosition>
</lfSpanFr>
<devDate gml:id="K18_4670711730_4-2">
<gml:timePosition>2023-03-31</gml:timePosition>
</devDate>
<orgGILvl>2500</orgGILvl>
<loc>
<gml:Curve gml:id="K18_4670711730_4-g" srsName="fguuid:jgd2011.bl">
<gml:segments>
<gml:LineStringSegment>
<gml:posList>
32.585835500 129.748163028
32.585934361 129.748244889
32.585890389 129.748319028
32.585843750 129.748280444
32.585849278 129.748271194
32.585773389 129.748208778
32.585784139 129.748189611
32.585801611 129.748160167
32.585825556 129.748179944
32.585835500 129.748163028
</gml:posList>
</gml:LineStringSegment>
</gml:segments>
</gml:Curve>
</loc>
<type>普通建物</type>
</BldL>
<BldL gml:id="K18_4670711730_5">
<fid>46707-11730-s-8304</fid>
<lfSpanFr gml:id="K18_4670711730_5-1">
<gml:timePosition>2023-02-21</gml:timePosition>
</lfSpanFr>
<devDate gml:id="K18_4670711730_5-2">
<gml:timePosition>2023-03-31</gml:timePosition>
</devDate>
<orgGILvl>2500</orgGILvl>
<loc>
<gml:Curve gml:id="K18_4670711730_5-g" srsName="fguuid:jgd2011.bl">
<gml:segments>
<gml:LineStringSegment>
<gml:posList>
32.586461694 129.748730917
32.586480361 129.748725750
32.586517111 129.748941556
32.586445278 129.748958722
32.586408639 129.748743556
32.586461694 129.748730917
</gml:posList>
</gml:LineStringSegment>
</gml:segments>
</gml:Curve>
</loc>
<type>普通建物</type>
</BldL>
<BldL gml:id="K18_4670711730_6">
<fid>46707-11730-s-8305</fid>
<lfSpanFr gml:id="K18_4670711730_6-1">
<gml:timePosition>2023-02-21</gml:timePosition>
</lfSpanFr>
<devDate gml:id="K18_4670711730_6-2">
<gml:timePosition>2023-03-31</gml:timePosition>
</devDate>
<orgGILvl>2500</orgGILvl>
<loc>
<gml:Curve gml:id="K18_4670711730_6-g" srsName="fguuid:jgd2011.bl">
<gml:segments>
<gml:LineStringSegment>
<gml:posList>
32.586343500 129.749438528
32.586361194 129.749434639
32.586377472 129.749545139
32.586312056 129.749557528
32.586297056 129.749447361
32.586343500 129.749438528
</gml:posList>
</gml:LineStringSegment>
</gml:segments>
</gml:Curve>
</loc>
<type>普通建物</type>
</BldL>
<BldL gml:id="K18_4670711730_7">
<fid>46707-11730-s-8306</fid>
<lfSpanFr gml:id="K18_4670711730_7-1">
<gml:timePosition>2023-02-21</gml:timePosition>
</lfSpanFr>
<devDate gml:id="K18_4670711730_7-2">
<gml:timePosition>2023-03-31</gml:timePosition>
</devDate>
<orgGILvl>2500</orgGILvl>
<loc>
<gml:Curve gml:id="K18_4670711730_7-g" srsName="fguuid:jgd2011.bl">
<gml:segments>
<gml:LineStringSegment>
<gml:posList>
32.586538861 129.749201111
32.586540806 129.749179472
32.586556139 129.749042444
32.586650889 129.749057167
32.586644917 129.749110639
32.586609389 129.749105111
32.586597556 129.749211167
32.586538861 129.749201111
</gml:posList>
</gml:LineStringSegment>
</gml:segments>
</gml:Curve>
</loc>
<type>普通建物</type>
</BldL>
<BldL gml:id="K18_4670711730_8">
<fid>46707-11730-s-8307</fid>
<lfSpanFr gml:id="K18_4670711730_8-1">
<gml:timePosition>2023-02-21</gml:timePosition>
</lfSpanFr>
<devDate gml:id="K18_4670711730_8-2">
<gml:timePosition>2023-03-31</gml:timePosition>
</devDate>
<orgGILvl>2500</orgGILvl>
<loc>
<gml:Curve gml:id="K18_4670711730_8-g" srsName="fguuid:jgd2011.bl">
<gml:segments>
<gml:LineStringSegment>
<gml:posList>
32.586655389 129.748917639
32.586674889 129.748918778
32.586666389 129.749020361
32.586606778 129.749013694
32.586605778 129.749026056
32.586563667 129.749021472
32.586567250 129.748976944
32.586596472 129.748980222
32.586601000 129.748922722
32.586618778 129.748924694
32.586619611 129.748913611
32.586655389 129.748917639
</gml:posList>
</gml:LineStringSegment>
</gml:segments>
</gml:Curve>
</loc>
<type>普通建物</type>
</BldL>
<BldL gml:id="K18_4670711730_9">
<fid>46707-11730-s-8308</fid>
<lfSpanFr gml:id="K18_4670711730_9-1">
<gml:timePosition>2023-02-21</gml:timePosition>
</lfSpanFr>
<devDate gml:id="K18_4670711730_9-2">
<gml:timePosition>2023-03-31</gml:timePosition>
</devDate>
<orgGILvl>2500</orgGILvl>
<loc>
<gml:Curve gml:id="K18_4670711730_9-g" srsName="fguuid:jgd2011.bl">
<gml:segments>
<gml:LineStringSegment>
<gml:posList>
32.586578639 129.748885361
32.586595361 129.748773361
32.586688917 129.748792806
32.586674806 129.748902056
32.586578639 129.748885361
</gml:posList>
</gml:LineStringSegment>
</gml:segments>
</gml:Curve>
</loc>
<type>普通建物</type>
</BldL>
<BldL gml:id="K18_4670711730_10">
<fid>46707-11730-s-8309</fid>
<lfSpanFr gml:id="K18_4670711730_10-1">
<gml:timePosition>2023-02-21</gml:timePosition>
</lfSpanFr>
<devDate gml:id="K18_4670711730_10-2">
<gml:timePosition>2023-03-31</gml:timePosition>
</devDate>
<orgGILvl>2500</orgGILvl>
<loc>
<gml:Curve gml:id="K18_4670711730_10-g" srsName="fguuid:jgd2011.bl">
<gml:segments>
<gml:LineStringSegment>
<gml:posList>
32.585542194 129.748141972
32.585607806 129.748112861
32.585625278 129.748167778
32.585559667 129.748196889
32.585542194 129.748141972
</gml:posList>
</gml:LineStringSegment>
</gml:segments>
</gml:Curve>
</loc>
<type>普通建物</type>
</BldL>
<BldL gml:id="K18_4670711730_11">
<fid>46707-11730-s-8310</fid>
<lfSpanFr gml:id="K18_4670711730_11-1">
<gml:timePosition>2023-02-21</gml:timePosition>
</lfSpanFr>
<devDate gml:id="K18_4670711730_11-2">
<gml:timePosition>2023-03-31</gml:timePosition>
</devDate>
<orgGILvl>2500</orgGILvl>
<loc>
<gml:Curve gml:id="K18_4670711730_11-g" srsName="fguuid:jgd2011.bl">
<gml:segments>
<gml:LineStringSegment>
<gml:posList>
32.585501667 129.747831472
32.585612389 129.747934139
32.585541667 129.748040361
32.585476417 129.747979778
32.585454528 129.748012750
32.585409139 129.747970528
32.585501667 129.747831472
</gml:posList>
</gml:LineStringSegment>
</gml:segments>
</gml:Curve>
</loc>
<type>普通建物</type>
</BldL>
<BldL gml:id="K18_4670711730_12">
<fid>46707-11730-s-8311</fid>
<lfSpanFr gml:id="K18_4670711730_12-1">
<gml:timePosition>2023-02-21</gml:timePosition>
</lfSpanFr>
<devDate gml:id="K18_4670711730_12-2">
<gml:timePosition>2023-03-31</gml:timePosition>
</devDate>
<orgGILvl>2500</orgGILvl>
<loc>
<gml:Curve gml:id="K18_4670711730_12-g" srsName="fguuid:jgd2011.bl">
<gml:segments>
<gml:LineStringSegment>
<gml:posList>
32.585394972 129.747983083
32.585468667 129.748056250
32.585423917 129.748119083
32.585408528 129.748103694
32.585394972 129.748122833
32.585362472 129.748090472
32.585338139 129.748124583
32.585312389 129.748098944
32.585394972 129.747983083
</gml:posList>
</gml:LineStringSegment>
</gml:segments>
</gml:Curve>
</loc>
<type>普通建物</type>
</BldL>
<BldL gml:id="K18_4670711730_13">
<fid>46707-11730-s-8312</fid>
<lfSpanFr gml:id="K18_4670711730_13-1">
<gml:timePosition>2023-02-21</gml:timePosition>
</lfSpanFr>
<devDate gml:id="K18_4670711730_13-2">
<gml:timePosition>2023-03-31</gml:timePosition>
</devDate>
<orgGILvl>2500</orgGILvl>
<loc>
<gml:Curve gml:id="K18_4670711730_13-g" srsName="fguuid:jgd2011.bl">
<gml:segments>
<gml:LineStringSegment>
<gml:posList>
32.585289250 129.748315861
32.585383806 129.748247222
32.585423139 129.748322833
32.585328500 129.748391389
32.585289250 129.748315861
</gml:posList>
</gml:LineStringSegment>
</gml:segments>
</gml:Curve>
</loc>
<type>普通建物</type>
</BldL>
<BldL gml:id="K18_4670711730_14">
<fid>46707-11730-s-8313</fid>
<lfSpanFr gml:id="K18_4670711730_14-1">
<gml:timePosition>2023-02-21</gml:timePosition>
</lfSpanFr>
<devDate gml:id="K18_4670711730_14-2">
<gml:timePosition>2023-03-31</gml:timePosition>
</devDate>
<orgGILvl>2500</orgGILvl>
<loc>
<gml:Curve gml:id="K18_4670711730_14-g" srsName="fguuid:jgd2011.bl">
<gml:segments>
<gml:LineStringSegment>
<gml:posList>
32.585293500 129.748351556
32.585319361 129.748414278
32.585278000 129.748438028
32.585252167 129.748375306
32.585293500 129.748351556
</gml:posList>
</gml:LineStringSegment>
</gml:segments>
</gml:Curve>
</loc>
<type>普通建物</type>
</BldL>
<BldL gml:id="K18_4670711730_15">
<fid>46707-11730-s-8723</fid>
<lfSpanFr gml:id="K18_4670711730_15-1">
<gml:timePosition>2023-02-21</gml:timePosition>
</lfSpanFr>
<devDate gml:id="K18_4670711730_15-2">
<gml:timePosition>2023-03-31</gml:timePosition>
</devDate>
<orgGILvl>2500</orgGILvl>
<loc>
<gml:Curve gml:id="K18_4670711730_15-g" srsName="fguuid:jgd2011.bl">
<gml:segments>
<gml:LineStringSegment>
<gml:posList>
32.586045345 129.748383145
32.586093041 129.748447519
32.586106036 129.748434048
32.586124087 129.748458608
32.586111943 129.748470559
32.586142036 129.748512068
32.586089942 129.748564748
32.586069985 129.748537082
32.586055671 129.748551743
32.585982254 129.748451314
32.585998438 129.748434827
32.585995929 129.748431326
32.586045345 129.748383145
</gml:posList>
</gml:LineStringSegment>
</gml:segments>
</gml:Curve>
</loc>
<type>普通建物</type>
</BldL>
<BldL gml:id="K18_4670711730_16">
<fid>46707-11730-s-8724</fid>
<lfSpanFr gml:id="K18_4670711730_16-1">
<gml:timePosition>2023-02-21</gml:timePosition>
</lfSpanFr>
<devDate gml:id="K18_4670711730_16-2">
<gml:timePosition>2023-03-31</gml:timePosition>
</devDate>
<orgGILvl>2500</orgGILvl>
<loc>
<gml:Curve gml:id="K18_4670711730_16-g" srsName="fguuid:jgd2011.bl">
<gml:segments>
<gml:LineStringSegment>
<gml:posList>
32.586186231 129.748655365
32.586165537 129.748681096
32.586128437 129.748639429
32.586130426 129.748637006
32.586097269 129.748599142
32.586107086 129.748587250
32.586117757 129.748599444
32.586126915 129.748588242
32.586153945 129.748619101
32.586161394 129.748609982
32.586186003 129.748638161
32.586178816 129.748646876
32.586186231 129.748655365
</gml:posList>
</gml:LineStringSegment>
</gml:segments>
</gml:Curve>
</loc>
<type>普通建物</type>
</BldL>
<BldL gml:id="K18_4670711730_17">
<fid>46707-11730-s-8725</fid>
<lfSpanFr gml:id="K18_4670711730_17-1">
<gml:timePosition>2023-02-21</gml:timePosition>
</lfSpanFr>
<devDate gml:id="K18_4670711730_17-2">
<gml:timePosition>2023-03-31</gml:timePosition>
</devDate>
<orgGILvl>2500</orgGILvl>
<loc>
<gml:Curve gml:id="K18_4670711730_17-g" srsName="fguuid:jgd2011.bl">
<gml:segments>
<gml:LineStringSegment>
<gml:posList>
32.586083674 129.748591979
32.586062902 129.748566303
32.586076993 129.748550236
32.586098134 129.748576669
32.586083674 129.748591979
</gml:posList>
</gml:LineStringSegment>
</gml:segments>
</gml:Curve>
</loc>
<type>普通建物</type>
</BldL>
<BldL gml:id="K18_4670711730_18">
<fid>46707-11730-s-8726</fid>
<lfSpanFr gml:id="K18_4670711730_18-1">
<gml:timePosition>2023-02-21</gml:timePosition>
</lfSpanFr>
<devDate gml:id="K18_4670711730_18-2">
<gml:timePosition>2023-03-31</gml:timePosition>
</devDate>
<orgGILvl>2500</orgGILvl>
<loc>
<gml:Curve gml:id="K18_4670711730_18-g" srsName="fguuid:jgd2011.bl">
<gml:segments>
<gml:LineStringSegment>
<gml:posList>
32.584957043 129.748569844
32.585001991 129.748541816
32.585005852 129.748550465
32.585020434 129.748541504
32.585035929 129.748576986
32.584975967 129.748613399
32.584957043 129.748569844
</gml:posList>
</gml:LineStringSegment>
</gml:segments>
</gml:Curve>
</loc>
<type>普通建物</type>
</BldL>
<BldL gml:id="K18_4670711748_1">
<fid>46707-11748-s-1401</fid>
<lfSpanFr gml:id="K18_4670711748_1-1">
<gml:timePosition>2023-02-21</gml:timePosition>
</lfSpanFr>
<devDate gml:id="K18_4670711748_1-2">
<gml:timePosition>2023-03-31</gml:timePosition>
</devDate>
<orgGILvl>2500</orgGILvl>
<loc>
<gml:Curve gml:id="K18_4670711748_1-g" srsName="fguuid:jgd2011.bl">
<gml:segments>
<gml:LineStringSegment>
<gml:posList>
32.634241361 129.746771000
32.634222556 129.746796000
32.634202944 129.746775361
32.634221833 129.746750389
32.634241361 129.746771000
</gml:posList>
</gml:LineStringSegment>
</gml:segments>
</gml:Curve>
</loc>
<type>普通建物</type>
</BldL>
<BldL gml:id="K18_4670711748_2">
<fid>46707-11748-s-1402</fid>
<lfSpanFr gml:id="K18_4670711748_2-1">
<gml:timePosition>2023-02-21</gml:timePosition>
</lfSpanFr>
<devDate gml:id="K18_4670711748_2-2">
<gml:timePosition>2023-03-31</gml:timePosition>
</devDate>
<orgGILvl>2500</orgGILvl>
<loc>
<gml:Curve gml:id="K18_4670711748_2-g" srsName="fguuid:jgd2011.bl">
<gml:segments>
<gml:LineStringSegment>
<gml:posList>
32.634469250 129.746721750
32.634445222 129.746749806
32.634422083 129.746722056
32.634446222 129.746693972
32.634469250 129.746721750
</gml:posList>
</gml:LineStringSegment>
</gml:segments>
</gml:Curve>
</loc>
<type>普通建物</type>
</BldL>
<BldL gml:id="K18_4670711748_3">
<fid>46707-11748-s-1403</fid>
<lfSpanFr gml:id="K18_4670711748_3-1">
<gml:timePosition>2023-02-21</gml:timePosition>
</lfSpanFr>
<devDate gml:id="K18_4670711748_3-2">
<gml:timePosition>2023-03-31</gml:timePosition>
</devDate>
<orgGILvl>2500</orgGILvl>
<loc>
<gml:Curve gml:id="K18_4670711748_3-g" srsName="fguuid:jgd2011.bl">
<gml:segments>
<gml:LineStringSegment>
<gml:posList>
32.634402722 129.746714639
32.634423222 129.746739194
32.634410028 129.746754611
32.634389528 129.746730056
32.634402722 129.746714639
</gml:posList>
</gml:LineStringSegment>
</gml:segments>
</gml:Curve>
</loc>
<type>普通建物</type>
</BldL>
<BldL gml:id="K18_4670711748_4">
<fid>46707-11748-s-1404</fid>
<lfSpanFr gml:id="K18_4670711748_4-1">
<gml:timePosition>2023-02-21</gml:timePosition>
</lfSpanFr>
<devDate gml:id="K18_4670711748_4-2">
<gml:timePosition>2023-03-31</gml:timePosition>
</devDate>
<orgGILvl>2500</orgGILvl>
<loc>
<gml:Curve gml:id="K18_4670711748_4-g" srsName="fguuid:jgd2011.bl">
<gml:segments>
<gml:LineStringSegment>
<gml:posList>
32.635781556 129.746639972
32.635748722 129.746688806
32.635690750 129.746634306
32.635723667 129.746585472
32.635781556 129.746639972
</gml:posList>
</gml:LineStringSegment>
</gml:segments>
</gml:Curve>
</loc>
<type>普通無壁舎</type>
</BldL>
<BldL gml:id="K18_4670711748_5">
<fid>46707-11748-s-1507</fid>
<lfSpanFr gml:id="K18_4670711748_5-1">
<gml:timePosition>2023-02-21</gml:timePosition>
</lfSpanFr>
<devDate gml:id="K18_4670711748_5-2">
<gml:timePosition>2023-03-31</gml:timePosition>
</devDate>
<orgGILvl>2500</orgGILvl>
<loc>
<gml:Curve gml:id="K18_4670711748_5-g" srsName="fguuid:jgd2011.bl">
<gml:segments>
<gml:LineStringSegment>
<gml:posList>
32.635187112 129.746625024
32.635184569 129.746634077
32.635179865 129.746641737
32.635173361 129.746647262
32.635165690 129.746650118
32.635157664 129.746650096
32.635150004 129.746647198
32.635143522 129.746641638
32.635138848 129.746633951
32.635136340 129.746624885
32.635136359 129.746615399
32.635138902 129.746606347
32.635143606 129.746598686
32.635150110 129.746593162
32.635157781 129.746590199
32.635165808 129.746590221
32.635173467 129.746593226
32.635179949 129.746598786
32.635184624 129.746606473
32.635187131 129.746615539
32.635187112 129.746625024
</gml:posList>
</gml:LineStringSegment>
</gml:segments>
</gml:Curve>
</loc>
<type>普通無壁舎</type>
</BldL>
<BldL gml:id="K18_4670711757_1">
<fid>46707-11757-s-1540</fid>
<lfSpanFr gml:id="K18_4670711757_1-1">
<gml:timePosition>2023-02-21</gml:timePosition>
</lfSpanFr>
<devDate gml:id="K18_4670711757_1-2">
<gml:timePosition>2023-03-31</gml:timePosition>
</devDate>
<orgGILvl>2500</orgGILvl>
<loc>
<gml:Curve gml:id="K18_4670711757_1-g" srsName="fguuid:jgd2011.bl">
<gml:segments>
<gml:LineStringSegment>
<gml:posList>
32.663192611 129.749539500
32.663311500 129.749659028
32.663262306 129.749727444
32.663277694 129.749742833
32.663263778 129.749762194
32.663249556 129.749747972
32.663243944 129.749755750
32.663183444 129.749694917
32.663170444 129.749713111
32.663136500 129.749679000
32.663144722 129.749667722
32.663117722 129.749640583
32.663128778 129.749625250
32.663112306 129.749608694
32.663124500 129.749591778
32.663141333 129.749608556
32.663154000 129.749591000
32.663130222 129.749567167
32.663164778 129.749519056
32.663189528 129.749543861
32.663192611 129.749539500
</gml:posList>
</gml:LineStringSegment>
</gml:segments>
</gml:Curve>
</loc>
<type>普通建物</type>
</BldL>
<BldL gml:id="K18_4670711757_2">
<fid>46707-11757-s-1541</fid>
<lfSpanFr gml:id="K18_4670711757_2-1">
<gml:timePosition>2023-02-21</gml:timePosition>
</lfSpanFr>
<devDate gml:id="K18_4670711757_2-2">
<gml:timePosition>2023-03-31</gml:timePosition>
</devDate>
<orgGILvl>2500</orgGILvl>
<loc>
<gml:Curve gml:id="K18_4670711757_2-g" srsName="fguuid:jgd2011.bl">
<gml:segments>
<gml:LineStringSegment>
<gml:posList>
32.664296083 129.749985333
32.664298306 129.749948250
32.664315889 129.749949667
32.664313667 129.749986778
32.664296083 129.749985333
</gml:posList>
</gml:LineStringSegment>
</gml:segments>
</gml:Curve>
</loc>
<type>普通建物</type>
</BldL>
<BldL gml:id="K18_4670711757_3">
<fid>46707-11757-s-1542</fid>
<lfSpanFr gml:id="K18_4670711757_3-1">
<gml:timePosition>2023-02-21</gml:timePosition>
</lfSpanFr>
<devDate gml:id="K18_4670711757_3-2">
<gml:timePosition>2023-03-31</gml:timePosition>
</devDate>
<orgGILvl>2500</orgGILvl>
<loc>
<gml:Curve gml:id="K18_4670711757_3-g" srsName="fguuid:jgd2011.bl">
<gml:segments>
<gml:LineStringSegment>
<gml:posList>
32.662404111 129.749335611
32.662477694 129.749373972
32.662457750 129.749427222
32.662384167 129.749388861
32.662404111 129.749335611
</gml:posList>
</gml:LineStringSegment>
</gml:segments>
</gml:Curve>
</loc>
<type>普通建物</type>
</BldL>
<BldL gml:id="K18_4670711757_4">
<fid>46707-11757-s-1543</fid>
<lfSpanFr gml:id="K18_4670711757_4-1">
<gml:timePosition>2023-02-21</gml:timePosition>
</lfSpanFr>
<devDate gml:id="K18_4670711757_4-2">
<gml:timePosition>2023-03-31</gml:timePosition>
</devDate>
<orgGILvl>2500</orgGILvl>
<loc>
<gml:Curve gml:id="K18_4670711757_4-g" srsName="fguuid:jgd2011.bl">
<gml:segments>
<gml:LineStringSegment>
<gml:posList>
32.662613944 129.749699944
32.662651639 129.749611250
32.662666611 129.749620139
32.662669417 129.749613417
32.662714000 129.749640000
32.662710194 129.749649056
32.662716417 129.749652694
32.662679806 129.749739056
32.662613944 129.749699944
</gml:posList>
</gml:LineStringSegment>
</gml:segments>
</gml:Curve>
</loc>
<type>普通建物</type>
</BldL>
<BldL gml:id="K18_4670711757_5">
<fid>46707-11757-s-1544</fid>
<lfSpanFr gml:id="K18_4670711757_5-1">
<gml:timePosition>2023-02-21</gml:timePosition>
</lfSpanFr>
<devDate gml:id="K18_4670711757_5-2">
<gml:timePosition>2023-03-31</gml:timePosition>
</devDate>
<orgGILvl>2500</orgGILvl>
<loc>
<gml:Curve gml:id="K18_4670711757_5-g" srsName="fguuid:jgd2011.bl">
<gml:segments>
<gml:LineStringSegment>
<gml:posList>
32.662774139 129.749689083
32.662733111 129.749773000
32.662683778 129.749739278
32.662724778 129.749655361
32.662774139 129.749689083
</gml:posList>
</gml:LineStringSegment>
</gml:segments>
</gml:Curve>
</loc>
<type>普通建物</type>
</BldL>
<BldL gml:id="K18_4670711757_6">
<fid>46707-11757-s-1545</fid>
<lfSpanFr gml:id="K18_4670711757_6-1">
<gml:timePosition>2023-02-21</gml:timePosition>
</lfSpanFr>
<devDate gml:id="K18_4670711757_6-2">
<gml:timePosition>2023-03-31</gml:timePosition>
</devDate>
<orgGILvl>2500</orgGILvl>
<loc>
<gml:Curve gml:id="K18_4670711757_6-g" srsName="fguuid:jgd2011.bl">
<gml:segments>
<gml:LineStringSegment>
<gml:posList>
32.662679806 129.749871556
32.662635278 129.749949361
32.662598000 129.749919639
32.662642528 129.749841833
32.662679806 129.749871556
</gml:posList>
</gml:LineStringSegment>
</gml:segments>
</gml:Curve>
</loc>
<type>普通建物</type>
</BldL>
<BldL gml:id="K18_4670711757_7">
<fid>46707-11757-s-1546</fid>
<lfSpanFr gml:id="K18_4670711757_7-1">
<gml:timePosition>2023-02-21</gml:timePosition>
</lfSpanFr>
<devDate gml:id="K18_4670711757_7-2">
<gml:timePosition>2023-03-31</gml:timePosition>
</devDate>
<orgGILvl>2500</orgGILvl>
<loc>
<gml:Curve gml:id="K18_4670711757_7-g" srsName="fguuid:jgd2011.bl">
<gml:segments>
<gml:LineStringSegment>
<gml:posList>
32.662307444 129.749829472
32.662237806 129.749838444
32.662233667 129.749793139
32.662303194 129.749784167
32.662307444 129.749829472
</gml:posList>
</gml:LineStringSegment>
</gml:segments>
</gml:Curve>
</loc>
<type>普通建物</type>
</BldL>
<BldL gml:id="K18_4670711757_8">
<fid>46707-11757-s-1547</fid>
<lfSpanFr gml:id="K18_4670711757_8-1">
<gml:timePosition>2023-02-21</gml:timePosition>
</lfSpanFr>
<devDate gml:id="K18_4670711757_8-2">
<gml:timePosition>2023-03-31</gml:timePosition>
</devDate>
<orgGILvl>2500</orgGILvl>
<loc>
<gml:Curve gml:id="K18_4670711757_8-g" srsName="fguuid:jgd2011.bl">
<gml:segments>
<gml:LineStringSegment>
<gml:posList>
32.661968333 129.749118611
32.661928278 129.749214139
32.661923694 129.749211444
32.661916806 129.749227861
32.661882111 129.749207500
32.661887917 129.749193667
32.661858917 129.749176639
32.661900139 129.749078556
32.661968333 129.749118611
</gml:posList>
</gml:LineStringSegment>
</gml:segments>
</gml:Curve>
</loc>
<type>普通建物</type>
</BldL>
<BldL gml:id="K18_4670711757_9">
<fid>46707-11757-s-1548</fid>
<lfSpanFr gml:id="K18_4670711757_9-1">
<gml:timePosition>2023-02-21</gml:timePosition>
</lfSpanFr>
<devDate gml:id="K18_4670711757_9-2">
<gml:timePosition>2023-03-31</gml:timePosition>
</devDate>
<orgGILvl>2500</orgGILvl>
<loc>
<gml:Curve gml:id="K18_4670711757_9-g" srsName="fguuid:jgd2011.bl">
<gml:segments>
<gml:LineStringSegment>
<gml:posList>
32.660747222 129.747418861
32.660837722 129.746796611
32.661060361 129.746841889
32.661027917 129.747064611
32.661059389 129.747071111
32.661057000 129.747087083
32.661112806 129.747098444
32.661106778 129.747139583
32.661129028 129.747144111
32.661079750 129.747482778
32.660869000 129.747439889
32.660868556 129.747443500
32.660747222 129.747418861
</gml:posList>
</gml:LineStringSegment>
</gml:segments>
</gml:Curve>
</loc>
<type>普通建物</type>
</BldL>
<BldL gml:id="K18_4670711757_10">
<fid>46707-11757-s-1549</fid>
<lfSpanFr gml:id="K18_4670711757_10-1">
<gml:timePosition>2023-02-21</gml:timePosition>
</lfSpanFr>
<devDate gml:id="K18_4670711757_10-2">
<gml:timePosition>2023-03-31</gml:timePosition>
</devDate>
<orgGILvl>2500</orgGILvl>
<loc>
<gml:Curve gml:id="K18_4670711757_10-g" srsName="fguuid:jgd2011.bl">
<gml:segments>
<gml:LineStringSegment>
<gml:posList>
32.661078833 129.747588528
32.661262000 129.747622944
32.661250194 129.747711194
32.661066944 129.747676778
32.661078833 129.747588528
</gml:posList>
</gml:LineStringSegment>
</gml:segments>
</gml:Curve>
</loc>
<type>普通建物</type>
</BldL>
<BldL gml:id="K18_4670711757_11">
<fid>46707-11757-s-1550</fid>
<lfSpanFr gml:id="K18_4670711757_11-1">
<gml:timePosition>2023-02-21</gml:timePosition>
</lfSpanFr>
<devDate gml:id="K18_4670711757_11-2">
<gml:timePosition>2023-03-31</gml:timePosition>
</devDate>
<orgGILvl>2500</orgGILvl>
<loc>
<gml:Curve gml:id="K18_4670711757_11-g" srsName="fguuid:jgd2011.bl">
<gml:segments>
<gml:LineStringSegment>
<gml:posList>
32.659681083 129.748289889
32.659773472 129.748263611
32.659795194 129.748370583
32.659770722 129.748377444
32.659775111 129.748399000
32.659724944 129.748413361
32.659713417 129.748356944
32.659695722 129.748362000
32.659681083 129.748289889
</gml:posList>
</gml:LineStringSegment>
</gml:segments>
</gml:Curve>
</loc>
<type>普通建物</type>
</BldL>
<BldL gml:id="K18_4670711757_12">
<fid>46707-11757-s-1551</fid>
<lfSpanFr gml:id="K18_4670711757_12-1">
<gml:timePosition>2023-02-21</gml:timePosition>
</lfSpanFr>
<devDate gml:id="K18_4670711757_12-2">
<gml:timePosition>2023-03-31</gml:timePosition>
</devDate>
<orgGILvl>2500</orgGILvl>
<loc>
<gml:Curve gml:id="K18_4670711757_12-g" srsName="fguuid:jgd2011.bl">
<gml:segments>
<gml:LineStringSegment>
<gml:posList>
32.659553111 129.749106917
32.659571389 129.749119222
32.659561361 129.749140083
32.659542972 129.749127889
32.659553111 129.749106917
</gml:posList>
</gml:LineStringSegment>
</gml:segments>
</gml:Curve>
</loc>
<type>普通建物</type>
</BldL>
<BldL gml:id="K18_4670711757_13">
<fid>46707-11757-s-1552</fid>
<lfSpanFr gml:id="K18_4670711757_13-1">
<gml:timePosition>2023-02-21</gml:timePosition>
</lfSpanFr>
<devDate gml:id="K18_4670711757_13-2">
<gml:timePosition>2023-03-31</gml:timePosition>
</devDate>
<orgGILvl>2500</orgGILvl>
<loc>
<gml:Curve gml:id="K18_4670711757_13-g" srsName="fguuid:jgd2011.bl">
<gml:segments>
<gml:LineStringSegment>
<gml:posList>
32.659596889 129.749138056
32.659656889 129.749170833
32.659648528 129.749192361
32.659588444 129.749159556
32.659596889 129.749138056
</gml:posList>
</gml:LineStringSegment>
</gml:segments>
</gml:Curve>
</loc>
<type>普通建物</type>
</BldL>
<BldL gml:id="K18_4670711757_14">
<fid>46707-11757-s-1553</fid>
<lfSpanFr gml:id="K18_4670711757_14-1">
<gml:timePosition>2023-02-21</gml:timePosition>
</lfSpanFr>
<devDate gml:id="K18_4670711757_14-2">
<gml:timePosition>2023-03-31</gml:timePosition>
</devDate>
<orgGILvl>2500</orgGILvl>
<loc>
<gml:Curve gml:id="K18_4670711757_14-g" srsName="fguuid:jgd2011.bl">
<gml:segments>
<gml:LineStringSegment>
<gml:posList>
32.659719361 129.749223889
32.659757889 129.749211417
32.659769417 129.749261139
32.659730889 129.749273694
32.659719361 129.749223889
</gml:posList>
</gml:LineStringSegment>
</gml:segments>
</gml:Curve>
</loc>
<type>普通建物</type>
</BldL>
<BldL gml:id="K18_4670711757_15">
<fid>46707-11757-s-1554</fid>
<lfSpanFr gml:id="K18_4670711757_15-1">
<gml:timePosition>2023-02-21</gml:timePosition>
</lfSpanFr>
<devDate gml:id="K18_4670711757_15-2">
<gml:timePosition>2023-03-31</gml:timePosition>
</devDate>
<orgGILvl>2500</orgGILvl>
<loc>
<gml:Curve gml:id="K18_4670711757_15-g" srsName="fguuid:jgd2011.bl">
<gml:segments>
<gml:LineStringSegment>
<gml:posList>
32.659793972 129.749246167
32.659823472 129.749242306
32.659824528 129.749254444
32.659795139 129.749258333
32.659793972 129.749246167
</gml:posList>
</gml:LineStringSegment>
</gml:segments>
</gml:Curve>
</loc>
<type>普通建物</type>
</BldL>
<BldL gml:id="K18_4670711757_16">
<fid>46707-11757-s-1555</fid>
<lfSpanFr gml:id="K18_4670711757_16-1">
<gml:timePosition>2023-02-21</gml:timePosition>
</lfSpanFr>
<devDate gml:id="K18_4670711757_16-2">
<gml:timePosition>2023-03-31</gml:timePosition>
</devDate>
<orgGILvl>2500</orgGILvl>
<loc>
<gml:Curve gml:id="K18_4670711757_16-g" srsName="fguuid:jgd2011.bl">
<gml:segments>
<gml:LineStringSegment>
<gml:posList>
32.659564194 129.749249472
32.659630944 129.749282694
32.659627778 129.749291556
32.659648583 129.749301833
32.659633639 129.749343806
32.659546056 129.749300278
32.659564194 129.749249472
</gml:posList>
</gml:LineStringSegment>
</gml:segments>
</gml:Curve>
</loc>
<type>普通建物</type>
</BldL>
<BldL gml:id="K18_4670711757_17">
<fid>46707-11757-s-1556</fid>
<lfSpanFr gml:id="K18_4670711757_17-1">
<gml:timePosition>2023-02-21</gml:timePosition>
</lfSpanFr>
<devDate gml:id="K18_4670711757_17-2">
<gml:timePosition>2023-03-31</gml:timePosition>
</devDate>
<orgGILvl>2500</orgGILvl>
<loc>
<gml:Curve gml:id="K18_4670711757_17-g" srsName="fguuid:jgd2011.bl">
<gml:segments>
<gml:LineStringSegment>
<gml:posList>
32.658777222 129.749826278
32.658729861 129.749920694
32.658692667 129.749894694
32.658740028 129.749800250
32.658777222 129.749826278
</gml:posList>
</gml:LineStringSegment>
</gml:segments>
</gml:Curve>
</loc>
<type>普通建物</type>
</BldL>
<BldL gml:id="K18_4670711757_18">
<fid>46707-11757-s-1557</fid>
<lfSpanFr gml:id="K18_4670711757_18-1">
<gml:timePosition>2023-02-21</gml:timePosition>
</lfSpanFr>
<devDate gml:id="K18_4670711757_18-2">
<gml:timePosition>2023-03-31</gml:timePosition>
</devDate>
<orgGILvl>2500</orgGILvl>
<loc>
<gml:Curve gml:id="K18_4670711757_18-g" srsName="fguuid:jgd2011.bl">
<gml:segments>
<gml:LineStringSegment>
<gml:posList>
32.659599361 129.749480472
32.659595083 129.749502528
32.659582361 129.749499194
32.659586556 129.749477028
32.659599361 129.749480472
</gml:posList>
</gml:LineStringSegment>
</gml:segments>
</gml:Curve>
</loc>
<type>普通建物</type>
</BldL>
<BldL gml:id="K18_4670711757_19">
<fid>46707-11757-s-1558</fid>
<lfSpanFr gml:id="K18_4670711757_19-1">
<gml:timePosition>2023-02-21</gml:timePosition>
</lfSpanFr>
<devDate gml:id="K18_4670711757_19-2">
<gml:timePosition>2023-03-31</gml:timePosition>
</devDate>
<orgGILvl>2500</orgGILvl>
<loc>
<gml:Curve gml:id="K18_4670711757_19-g" srsName="fguuid:jgd2011.bl">
<gml:segments>
<gml:LineStringSegment>
<gml:posList>
32.661584000 129.747552944
32.661560861 129.747490611
32.661584167 129.747478417
32.661749889 129.747392417
32.661802639 129.747534444
32.661613611 129.747632639
32.661584000 129.747552944
</gml:posList>
</gml:LineStringSegment>
</gml:segments>
</gml:Curve>
</loc>
<type>普通建物</type>
</BldL>
<BldL gml:id="K18_4670711757_20">
<fid>46707-11757-s-1559</fid>
<lfSpanFr gml:id="K18_4670711757_20-1">
<gml:timePosition>2023-02-21</gml:timePosition>
</lfSpanFr>
<devDate gml:id="K18_4670711757_20-2">
<gml:timePosition>2023-03-31</gml:timePosition>
</devDate>
<orgGILvl>2500</orgGILvl>
<loc>
<gml:Curve gml:id="K18_4670711757_20-g" srsName="fguuid:jgd2011.bl">
<gml:segments>
<gml:LineStringSegment>
<gml:posList>
32.663351917 129.750000000
32.663322417 129.749923361
32.663362333 129.749901833
32.663398306 129.749995417
32.663389750 129.750000000
</gml:posList>
</gml:LineStringSegment>
</gml:segments>
</gml:Curve>
</loc>
<type>普通建物</type>
</BldL>
<BldL gml:id="K18_4670711757_21">
<fid>46707-11757-s-1560</fid>
<lfSpanFr gml:id="K18_4670711757_21-1">
<gml:timePosition>2023-02-21</gml:timePosition>
</lfSpanFr>
<devDate gml:id="K18_4670711757_21-2">
<gml:timePosition>2023-03-31</gml:timePosition>
</devDate>
<orgGILvl>2500</orgGILvl>
<loc>
<gml:Curve gml:id="K18_4670711757_21-g" srsName="fguuid:jgd2011.bl">
<gml:segments>
<gml:LineStringSegment>
<gml:posList>
32.664403444 129.750000000
32.664409472 129.749963806
32.664437250 129.749970278
32.664432306 129.750000000
</gml:posList>
</gml:LineStringSegment>
</gml:segments>
</gml:Curve>
</loc>
<type>普通建物</type>
</BldL>
<BldL gml:id="K18_4670711757_22">
<fid>46707-11757-s-1561</fid>
<lfSpanFr gml:id="K18_4670711757_22-1">
<gml:timePosition>2023-02-21</gml:timePosition>
</lfSpanFr>
<devDate gml:id="K18_4670711757_22-2">
<gml:timePosition>2023-03-31</gml:timePosition>
</devDate>
<orgGILvl>2500</orgGILvl>
<loc>
<gml:Curve gml:id="K18_4670711757_22-g" srsName="fguuid:jgd2011.bl">
<gml:segments>
<gml:LineStringSegment>
<gml:posList>
32.663193611 129.750000000
32.663192333 129.749996556
32.663215167 129.749984556
32.663198667 129.749940389
32.663220056 129.749929250
32.663246556 129.750000000
</gml:posList>
</gml:LineStringSegment>
</gml:segments>
</gml:Curve>
</loc>
<type>普通建物</type>
</BldL>
<BldL gml:id="K18_4670711757_23">
<fid>46707-11757-s-1562</fid>
<lfSpanFr gml:id="K18_4670711757_23-1">
<gml:timePosition>2023-02-21</gml:timePosition>
</lfSpanFr>
<devDate gml:id="K18_4670711757_23-2">
<gml:timePosition>2023-03-31</gml:timePosition>
</devDate>
<orgGILvl>2500</orgGILvl>
<loc>
<gml:Curve gml:id="K18_4670711757_23-g" srsName="fguuid:jgd2011.bl">
<gml:segments>
<gml:LineStringSegment>
<gml:posList>
32.662577944 129.749992167
32.662587111 129.750000000
</gml:posList>
</gml:LineStringSegment>
</gml:segments>
</gml:Curve>
</loc>
<type>普通建物</type>
</BldL>
<BldL gml:id="K18_4670711757_24">
<fid>46707-11757-s-1563</fid>
<lfSpanFr gml:id="K18_4670711757_24-1">
<gml:timePosition>2023-02-21</gml:timePosition>
</lfSpanFr>
<devDate gml:id="K18_4670711757_24-2">
<gml:timePosition>2023-03-31</gml:timePosition>
</devDate>
<orgGILvl>2500</orgGILvl>
<loc>
<gml:Curve gml:id="K18_4670711757_24-g" srsName="fguuid:jgd2011.bl">
<gml:segments>
<gml:LineStringSegment>
<gml:posList>
32.662573167 129.750000000
32.662577944 129.749992167
</gml:posList>
</gml:LineStringSegment>
</gml:segments>
</gml:Curve>
</loc>
<type>普通建物</type>
</BldL>
<BldL gml:id="K18_4670711757_25">
<fid>46707-11757-s-1564</fid>
<lfSpanFr gml:id="K18_4670711757_25-1">
<gml:timePosition>2023-02-21</gml:timePosition>
</lfSpanFr>
<devDate gml:id="K18_4670711757_25-2">
<gml:timePosition>2023-03-31</gml:timePosition>
</devDate>
<orgGILvl>2500</orgGILvl>
<loc>
<gml:Curve gml:id="K18_4670711757_25-g" srsName="fguuid:jgd2011.bl">
<gml:segments>
<gml:LineStringSegment>
<gml:posList>
32.664802583 129.749646972
32.664959139 129.749873639
32.664902917 129.749927972
32.664746389 129.749701306
</gml:posList>
</gml:LineStringSegment>
</gml:segments>
</gml:Curve>
</loc>
<type>堅ろう建物</type>
</BldL>
<BldL gml:id="K18_4670711757_26">
<fid>46707-11757-s-1565</fid>
<lfSpanFr gml:id="K18_4670711757_26-1">
<gml:timePosition>2023-02-21</gml:timePosition>
</lfSpanFr>
<devDate gml:id="K18_4670711757_26-2">
<gml:timePosition>2023-03-31</gml:timePosition>
</devDate>
<orgGILvl>2500</orgGILvl>
<loc>
<gml:Curve gml:id="K18_4670711757_26-g" srsName="fguuid:jgd2011.bl">
<gml:segments>
<gml:LineStringSegment>
<gml:posList>
32.664547417 129.749896917
32.664621194 129.750000000
</gml:posList>
</gml:LineStringSegment>
</gml:segments>
</gml:Curve>
</loc>
<type>堅ろう建物</type>
</BldL>
<BldL gml:id="K18_4670711757_27">
<fid>46707-11757-s-1566</fid>
<lfSpanFr gml:id="K18_4670711757_27-1">
<gml:timePosition>2023-02-21</gml:timePosition>
</lfSpanFr>
<devDate gml:id="K18_4670711757_27-2">
<gml:timePosition>2023-03-31</gml:timePosition>
</devDate>
<orgGILvl>2500</orgGILvl>
<loc>
<gml:Curve gml:id="K18_4670711757_27-g" srsName="fguuid:jgd2011.bl">
<gml:segments>
<gml:LineStringSegment>
<gml:posList>
32.664494083 129.750000000
32.664473306 129.749971028
32.664547417 129.749896917
</gml:posList>
</gml:LineStringSegment>
</gml:segments>
</gml:Curve>
</loc>
<type>堅ろう建物</type>
</BldL>
<BldL gml:id="K18_4670711757_28">
<fid>46707-11757-s-1567</fid>
<lfSpanFr gml:id="K18_4670711757_28-1">
<gml:timePosition>2023-02-21</gml:timePosition>
</lfSpanFr>
<devDate gml:id="K18_4670711757_28-2">
<gml:timePosition>2023-03-31</gml:timePosition>
</devDate>
<orgGILvl>2500</orgGILvl>
<loc>
<gml:Curve gml:id="K18_4670711757_28-g" srsName="fguuid:jgd2011.bl">
<gml:segments>
<gml:LineStringSegment>
<gml:posList>
32.664981556 129.749933417
32.665009694 129.750000000
</gml:posList>
</gml:LineStringSegment>
</gml:segments>
</gml:Curve>
</loc>
<type>堅ろう建物</type>
</BldL>
<BldL gml:id="K18_4670711757_29">
<fid>46707-11757-s-1568</fid>
<lfSpanFr gml:id="K18_4670711757_29-1">
<gml:timePosition>2023-02-21</gml:timePosition>
</lfSpanFr>
<devDate gml:id="K18_4670711757_29-2">
<gml:timePosition>2023-03-31</gml:timePosition>
</devDate>
<orgGILvl>2500</orgGILvl>
<loc>
<gml:Curve gml:id="K18_4670711757_29-g" srsName="fguuid:jgd2011.bl">
<gml:segments>
<gml:LineStringSegment>
<gml:posList>
32.664928917 129.750000000
32.664916917 129.749971611
32.664981556 129.749933417
</gml:posList>
</gml:LineStringSegment>
</gml:segments>
</gml:Curve>
</loc>
<type>堅ろう建物</type>
</BldL>
<BldL gml:id="K18_4670711757_30">
<fid>46707-11757-s-1569</fid>
<lfSpanFr gml:id="K18_4670711757_30-1">
<gml:timePosition>2023-02-21</gml:timePosition>
</lfSpanFr>
<devDate gml:id="K18_4670711757_30-2">
<gml:timePosition>2023-03-31</gml:timePosition>
</devDate>
<orgGILvl>2500</orgGILvl>
<loc>
<gml:Curve gml:id="K18_4670711757_30-g" srsName="fguuid:jgd2011.bl">
<gml:segments>
<gml:LineStringSegment>
<gml:posList>
32.664746389 129.749701306
32.664802583 129.749646972
</gml:posList>
</gml:LineStringSegment>
</gml:segments>
</gml:Curve>
</loc>
<type>堅ろう建物</type>
</BldL>
<BldL gml:id="K18_4670711757_31">
<fid>46707-11757-s-1570</fid>
<lfSpanFr gml:id="K18_4670711757_31-1">
<gml:timePosition>2023-02-21</gml:timePosition>
</lfSpanFr>
<devDate gml:id="K18_4670711757_31-2">
<gml:timePosition>2023-03-31</gml:timePosition>
</devDate>
<orgGILvl>2500</orgGILvl>
<loc>
<gml:Curve gml:id="K18_4670711757_31-g" srsName="fguuid:jgd2011.bl">
<gml:segments>
<gml:LineStringSegment>
<gml:posList>
32.663731417 129.748872000
32.663766361 129.748889583
32.663755222 129.748920694
</gml:posList>
</gml:LineStringSegment>
</gml:segments>
</gml:Curve>
</loc>
<type>普通無壁舎</type>
</BldL>
<BldL gml:id="K18_4670711757_32">
<fid>46707-11757-s-1571</fid>
<lfSpanFr gml:id="K18_4670711757_32-1">
<gml:timePosition>2023-02-21</gml:timePosition>
</lfSpanFr>
<devDate gml:id="K18_4670711757_32-2">
<gml:timePosition>2023-03-31</gml:timePosition>
</devDate>
<orgGILvl>2500</orgGILvl>
<loc>
<gml:Curve gml:id="K18_4670711757_32-g" srsName="fguuid:jgd2011.bl">
<gml:segments>
<gml:LineStringSegment>
<gml:posList>
32.660021389 129.749307139
32.660004083 129.749297167
32.660010722 129.749281000
32.660028000 129.749290944
32.660021389 129.749307139
</gml:posList>
</gml:LineStringSegment>
</gml:segments>
</gml:Curve>
</loc>
<type>普通無壁舎</type>
</BldL>
<BldL gml:id="K18_4670711757_33">
<fid>46707-11757-s-1572</fid>
<lfSpanFr gml:id="K18_4670711757_33-1">
<gml:timePosition>2023-02-21</gml:timePosition>
</lfSpanFr>
<devDate gml:id="K18_4670711757_33-2">
<gml:timePosition>2023-03-31</gml:timePosition>
</devDate>
<orgGILvl>2500</orgGILvl>
<loc>
<gml:Curve gml:id="K18_4670711757_33-g" srsName="fguuid:jgd2011.bl">
<gml:segments>
<gml:LineStringSegment>
<gml:posList>
32.663755222 129.748920694
32.663720250 129.748903111
32.663731417 129.748872000
</gml:posList>
</gml:LineStringSegment>
</gml:segments>
</gml:Curve>
</loc>
<type>普通無壁舎</type>
</BldL>
<BldL gml:id="K18_4670711757_34">
<fid>46707-11757-s-1627</fid>
<lfSpanFr gml:id="K18_4670711757_34-1">
<gml:timePosition>2023-02-21</gml:timePosition>
</lfSpanFr>
<devDate gml:id="K18_4670711757_34-2">
<gml:timePosition>2023-03-31</gml:timePosition>
</devDate>
<orgGILvl>2500</orgGILvl>
<loc>
<gml:Curve gml:id="K18_4670711757_34-g" srsName="fguuid:jgd2011.bl">
<gml:segments>
<gml:LineStringSegment>
<gml:posList>
32.664667060 129.749588595
32.664633101 129.749614301
32.664601383 129.749555895
32.664618724 129.749542829
32.664614050 129.749534927
32.664664723 129.749494021
32.664697349 129.749549125
32.664671064 129.749570481
32.664668368 129.749565889
32.664658252 129.749573324
32.664667060 129.749588595
</gml:posList>
</gml:LineStringSegment>
</gml:segments>
</gml:Curve>
</loc>
<type>普通建物</type>
</BldL>
<BldL gml:id="K18_4670711757_35">
<fid>46707-11757-s-1628</fid>
<lfSpanFr gml:id="K18_4670711757_35-1">
<gml:timePosition>2023-02-21</gml:timePosition>
</lfSpanFr>
<devDate gml:id="K18_4670711757_35-2">
<gml:timePosition>2023-03-31</gml:timePosition>
</devDate>
<orgGILvl>2500</orgGILvl>
<loc>
<gml:Curve gml:id="K18_4670711757_35-g" srsName="fguuid:jgd2011.bl">
<gml:segments>
<gml:LineStringSegment>
<gml:posList>
32.662218771 129.749386371
32.662254197 129.749485192
32.662219083 129.749502046
32.662225443 129.749523386
32.662183732 129.749546938
32.662171079 129.749515665
32.662162413 129.749519906
32.662156943 129.749504325
32.662149722 129.749507823
32.662118171 129.749410826
32.662168992 129.749385913
32.662176435 129.749407150
32.662218771 129.749386371
</gml:posList>
</gml:LineStringSegment>
</gml:segments>
</gml:Curve>
</loc>
<type>普通建物</type>
</BldL>
<BldL gml:id="K18_4670711757_36">
<fid>46707-11757-s-1678</fid>
<lfSpanFr gml:id="K18_4670711757_36-1">
<gml:timePosition>2023-02-21</gml:timePosition>
</lfSpanFr>
<devDate gml:id="K18_4670711757_36-2">
<gml:timePosition>2023-03-31</gml:timePosition>
</devDate>
<orgGILvl>2500</orgGILvl>
<loc>
<gml:Curve gml:id="K18_4670711757_36-g" srsName="fguuid:jgd2011.bl">
<gml:segments>
<gml:LineStringSegment>
<gml:posList>
32.662680853 129.749938731
32.662658028 129.749920267
32.662684633 129.749874338
32.662707619 129.749893069
32.662680853 129.749938731
</gml:posList>
</gml:LineStringSegment>
</gml:segments>
</gml:Curve>
</loc>
<type>普通建物</type>
</BldL>
<BldL gml:id="K18_4670711757_37">
<fid>46707-11757-s-1679</fid>
<lfSpanFr gml:id="K18_4670711757_37-1">
<gml:timePosition>2023-02-21</gml:timePosition>
</lfSpanFr>
<devDate gml:id="K18_4670711757_37-2">
<gml:timePosition>2023-03-31</gml:timePosition>
</devDate>
<orgGILvl>2500</orgGILvl>
<loc>
<gml:Curve gml:id="K18_4670711757_37-g" srsName="fguuid:jgd2011.bl">
<gml:segments>
<gml:LineStringSegment>
<gml:posList>
32.662170252 129.749596090
32.662233676 129.749546554
32.662279905 129.749636097
32.662235313 129.749671219
32.662170252 129.749596090
</gml:posList>
</gml:LineStringSegment>
</gml:segments>
</gml:Curve>
</loc>
<type>普通建物</type>
</BldL>
<BldL gml:id="K18_4670711757_38">
<fid>46707-11757-s-1680</fid>
<lfSpanFr gml:id="K18_4670711757_38-1">
<gml:timePosition>2023-02-21</gml:timePosition>
</lfSpanFr>
<devDate gml:id="K18_4670711757_38-2">
<gml:timePosition>2023-03-31</gml:timePosition>
</devDate>
<orgGILvl>2500</orgGILvl>
<loc>
<gml:Curve gml:id="K18_4670711757_38-g" srsName="fguuid:jgd2011.bl">
<gml:segments>
<gml:LineStringSegment>
<gml:posList>
32.661771839 129.749142761
32.661852418 129.749205438
32.661797020 129.749304954
32.661716424 129.749242225
32.661771839 129.749142761
</gml:posList>
</gml:LineStringSegment>
</gml:segments>
</gml:Curve>
</loc>
<type>普通無壁舎</type>
</BldL>
<BldL gml:id="K18_4670711757_39">
<fid>46707-11757-s-1681</fid>
<lfSpanFr gml:id="K18_4670711757_39-1">
<gml:timePosition>2023-02-21</gml:timePosition>
</lfSpanFr>
<devDate gml:id="K18_4670711757_39-2">
<gml:timePosition>2023-03-31</gml:timePosition>
</devDate>
<orgGILvl>2500</orgGILvl>
<loc>
<gml:Curve gml:id="K18_4670711757_39-g" srsName="fguuid:jgd2011.bl">
<gml:segments>
<gml:LineStringSegment>
<gml:posList>
32.661890072 129.749231054
32.661970197 129.749294710
32.661913229 129.749394926
32.661833104 129.749331270
32.661890072 129.749231054
</gml:posList>
</gml:LineStringSegment>
</gml:segments>
</gml:Curve>
</loc>
<type>普通無壁舎</type>
</BldL>
<BldL gml:id="K18_4670711757_40">
<fid>46707-11757-s-1682</fid>
<lfSpanFr gml:id="K18_4670711757_40-1">
<gml:timePosition>2023-02-21</gml:timePosition>
</lfSpanFr>
<devDate gml:id="K18_4670711757_40-2">
<gml:timePosition>2023-03-31</gml:timePosition>
</devDate>
<orgGILvl>2500</orgGILvl>
<loc>
<gml:Curve gml:id="K18_4670711757_40-g" srsName="fguuid:jgd2011.bl">
<gml:segments>
<gml:LineStringSegment>
<gml:posList>
32.661680814 129.749213618
32.661599845 129.749151922
32.661653763 129.749053030
32.661734731 129.749114737
32.661680814 129.749213618
</gml:posList>
</gml:LineStringSegment>
</gml:segments>
</gml:Curve>
</loc>
<type>普通無壁舎</type>
</BldL>
</Dataset>
