<?xml version="1.0" encoding="utf-8"?>
<Dataset xsi:schemaLocation="http://fgd.gsi.go.jp/spec/2008/FGD_GMLSchema FGD_GMLSchema.xsd"
	xmlns:gml="http://www.opengis.net/gml/3.2"
	xmlns:xsi="http://www.w3.org/2001/XMLSchema-instance"
	xmlns:xlink="http://www.w3.org/1999/xlink"
	xmlns="http://fgd.gsi.go.jp/spec/2008/FGD_GMLSchema"
	gml:id="Dataset1">
  <gml:description>基盤地図情報メタデータ ID=fmdid:25-0331</gml:description>
  <gml:name>基盤地図情報ダウンロードデータ（GML版）</gml:name>
<GCP gml:id="K1_483071_1">
<fid>10-00100-0-2402-113</fid>
<lfSpanFr gml:id="K1_483071_1-1">
<gml:timePosition>2025-02-19</gml:timePosition>
</lfSpanFr>
<devDate gml:id="K1_483071_1-2">
<gml:timePosition>2025-02-26</gml:timePosition>
</devDate>
<orgGILvl>KJ10</orgGILvl>
<vis>表示</vis>
<pos>
<gml:Point gml:id="K1_483071_1-g" srsName="fguuid:jgd2011.bl">
<gml:pos>32.636916639 130.154603333</gml:pos>
</gml:Point>
</pos>
<orgName>国土地理院</orgName>
<type>電子基準点</type>
<gcpClass>電子基準点</gcpClass>
<gcpCode>EL04830716202</gcpCode>
<name>加津佐</name>
<B>117492.8999</B>
<L>468556.572</L>
<alti>38.702</alti>
<altiAcc>3</altiAcc>
</GCP>
<GCP gml:id="K1_483071_2">
<fid>10-00100-0-2402-1423</fid>
<lfSpanFr gml:id="K1_483071_2-1">
<gml:timePosition>2025-02-19</gml:timePosition>
</lfSpanFr>
<devDate gml:id="K1_483071_2-2">
<gml:timePosition>2025-02-26</gml:timePosition>
</devDate>
<orgGILvl>KJ10</orgGILvl>
<vis>表示</vis>
<pos>
<gml:Point gml:id="K1_483071_2-g" srsName="fguuid:jgd2011.bl">
<gml:pos>32.636910278 130.154602250</gml:pos>
</gml:Point>
</pos>
<orgName>国土地理院</orgName>
<type>電子基準点</type>
<gcpClass>電子基準点</gcpClass>
<gcpCode>EL14830716203</gcpCode>
<name>加津佐（付）</name>
<B>117492.877</B>
<L>468556.5681</L>
<alti>33.589</alti>
<altiAcc>3</altiAcc>
</GCP>
<GCP gml:id="K1_483071_3">
<fid>10-00100-0-2402-6800</fid>
<lfSpanFr gml:id="K1_483071_3-1">
<gml:timePosition>2025-02-19</gml:timePosition>
</lfSpanFr>
<devDate gml:id="K1_483071_3-2">
<gml:timePosition>2025-02-26</gml:timePosition>
</devDate>
<orgGILvl>SJ11</orgGILvl>
<vis>表示</vis>
<pos>
<gml:Point gml:id="K1_483071_3-g" srsName="fguuid:jgd2011.bl">
<gml:pos>32.632397889 130.249081111</gml:pos>
</gml:Point>
</pos>
<orgName>国土地理院</orgName>
<type>水準点</type>
<gcpClass>一等水準点</gcpClass>
<gcpCode>L010000004301</gcpCode>
<name>４３０１</name>
<B>117476.6324</B>
<L>468896.692</L>
<alti>3.83</alti>
<altiAcc>4</altiAcc>
</GCP>
<GCP gml:id="K1_483071_4">
<fid>10-00100-0-2402-6801</fid>
<lfSpanFr gml:id="K1_483071_4-1">
<gml:timePosition>2025-02-19</gml:timePosition>
</lfSpanFr>
<devDate gml:id="K1_483071_4-2">
<gml:timePosition>2025-02-26</gml:timePosition>
</devDate>
<orgGILvl>SJ11</orgGILvl>
<vis>表示</vis>
<pos>
<gml:Point gml:id="K1_483071_4-g" srsName="fguuid:jgd2011.bl">
<gml:pos>32.623047444 130.236011667</gml:pos>
</gml:Point>
</pos>
<orgName>国土地理院</orgName>
<type>水準点</type>
<gcpClass>一等水準点</gcpClass>
<gcpCode>L010000004302</gcpCode>
<name>４３０２</name>
<B>117442.9708</B>
<L>468849.642</L>
<alti>4.7933</alti>
<altiAcc>4</altiAcc>
</GCP>
<GCP gml:id="K1_483071_5">
<fid>10-00100-0-2402-6802</fid>
<lfSpanFr gml:id="K1_483071_5-1">
<gml:timePosition>2025-02-19</gml:timePosition>
</lfSpanFr>
<devDate gml:id="K1_483071_5-2">
<gml:timePosition>2025-02-26</gml:timePosition>
</devDate>
<orgGILvl>SJ11</orgGILvl>
<vis>表示</vis>
<pos>
<gml:Point gml:id="K1_483071_5-g" srsName="fguuid:jgd2011.bl">
<gml:pos>32.606852472 130.221160639</gml:pos>
</gml:Point>
</pos>
<orgName>国土地理院</orgName>
<type>水準点</type>
<gcpClass>一等水準点</gcpClass>
<gcpCode>L010000004303</gcpCode>
<name>４３０３</name>
<B>117384.6689</B>
<L>468796.1783</L>
<alti>4.6648</alti>
<altiAcc>4</altiAcc>
</GCP>
<GCP gml:id="K1_483071_6">
<fid>10-00100-0-2402-6803</fid>
<lfSpanFr gml:id="K1_483071_6-1">
<gml:timePosition>2025-02-19</gml:timePosition>
</lfSpanFr>
<devDate gml:id="K1_483071_6-2">
<gml:timePosition>2025-02-26</gml:timePosition>
</devDate>
<orgGILvl>SJ11</orgGILvl>
<vis>表示</vis>
<pos>
<gml:Point gml:id="K1_483071_6-g" srsName="fguuid:jgd2011.bl">
<gml:pos>32.608162639 130.202232361</gml:pos>
</gml:Point>
</pos>
<orgName>国土地理院</orgName>
<type>水準点</type>
<gcpClass>一等水準点</gcpClass>
<gcpCode>L010000004304</gcpCode>
<name>４３０４</name>
<B>117389.3855</B>
<L>468728.0365</L>
<alti>3.638</alti>
<altiAcc>4</altiAcc>
</GCP>
<GCP gml:id="K1_483071_7">
<fid>10-00100-0-2402-6804</fid>
<lfSpanFr gml:id="K1_483071_7-1">
<gml:timePosition>2025-02-19</gml:timePosition>
</lfSpanFr>
<devDate gml:id="K1_483071_7-2">
<gml:timePosition>2025-02-26</gml:timePosition>
</devDate>
<orgGILvl>SJ11</orgGILvl>
<vis>表示</vis>
<pos>
<gml:Point gml:id="K1_483071_7-g" srsName="fguuid:jgd2011.bl">
<gml:pos>32.613176167 130.187257806</gml:pos>
</gml:Point>
</pos>
<orgName>国土地理院</orgName>
<type>水準点</type>
<gcpClass>一等水準点</gcpClass>
<gcpCode>L010000004305</gcpCode>
<name>４３０５</name>
<B>117407.4342</B>
<L>468674.1281</L>
<alti>1.7517</alti>
<altiAcc>4</altiAcc>
</GCP>
<GCP gml:id="K1_483071_8">
<fid>10-00100-0-2402-6805</fid>
<lfSpanFr gml:id="K1_483071_8-1">
<gml:timePosition>2025-02-19</gml:timePosition>
</lfSpanFr>
<devDate gml:id="K1_483071_8-2">
<gml:timePosition>2025-02-26</gml:timePosition>
</devDate>
<orgGILvl>SJ11</orgGILvl>
<vis>表示</vis>
<pos>
<gml:Point gml:id="K1_483071_8-g" srsName="fguuid:jgd2011.bl">
<gml:pos>32.601112917 130.188938861</gml:pos>
</gml:Point>
</pos>
<orgName>国土地理院</orgName>
<type>水準点</type>
<gcpClass>一等水準点</gcpClass>
<gcpCode>L010000004306</gcpCode>
<name>４３０６</name>
<B>117364.0065</B>
<L>468680.1799</L>
<alti>3.9628</alti>
<altiAcc>4</altiAcc>
</GCP>
<GCP gml:id="K1_483071_9">
<fid>10-00100-0-2402-18981</fid>
<lfSpanFr gml:id="K1_483071_9-1">
<gml:timePosition>2025-02-19</gml:timePosition>
</lfSpanFr>
<devDate gml:id="K1_483071_9-2">
<gml:timePosition>2025-02-26</gml:timePosition>
</devDate>
<orgGILvl>SJ10</orgGILvl>
<vis>表示</vis>
<pos>
<gml:Point gml:id="K1_483071_9-g" srsName="fguuid:jgd2011.bl">
<gml:pos>32.593963889 130.179047222</gml:pos>
</gml:Point>
</pos>
<orgName>国土地理院</orgName>
<type>水準点</type>
<gcpClass>基準水準点</gcpClass>
<gcpCode>L090000000N-1</gcpCode>
<name>無号</name>
<B>117338.27</B>
<L>468644.57</L>
<alti>21.028</alti>
<altiAcc>4</altiAcc>
</GCP>
<GCP gml:id="K1_483071_10">
<fid>10-00100-0-2402-19649</fid>
<lfSpanFr gml:id="K1_483071_10-1">
<gml:timePosition>2025-02-19</gml:timePosition>
</lfSpanFr>
<devDate gml:id="K1_483071_10-2">
<gml:timePosition>2025-02-26</gml:timePosition>
</devDate>
<orgGILvl>SJ12</orgGILvl>
<vis>表示</vis>
<pos>
<gml:Point gml:id="K1_483071_10-g" srsName="fguuid:jgd2011.bl">
<gml:pos>32.636910278 130.154602250</gml:pos>
</gml:Point>
</pos>
<orgName>国土地理院</orgName>
<type>水準点</type>
<gcpClass>二等水準点</gcpClass>
<gcpCode>L0E000950463A</gcpCode>
<name>９５０４６３Ａ</name>
<B>117492.877</B>
<L>468556.5681</L>
<alti>33.589</alti>
<altiAcc>3</altiAcc>
</GCP>
<GCP gml:id="K1_483071_11">
<fid>10-00100-0-2402-20484</fid>
<lfSpanFr gml:id="K1_483071_11-1">
<gml:timePosition>2025-02-19</gml:timePosition>
</lfSpanFr>
<devDate gml:id="K1_483071_11-2">
<gml:timePosition>2025-02-26</gml:timePosition>
</devDate>
<orgGILvl>KJ11</orgGILvl>
<vis>表示</vis>
<pos>
<gml:Point gml:id="K1_483071_11-g" srsName="fguuid:jgd2011.bl">
<gml:pos>32.627008528 130.179281722</gml:pos>
</gml:Point>
</pos>
<orgName>国土地理院</orgName>
<type>三角点</type>
<gcpClass>一等三角点</gcpClass>
<gcpCode>TR14830715401</gcpCode>
<name>愛宕山</name>
<B>117457.2307</B>
<L>468645.4142</L>
<alti>291.36</alti>
<altiAcc>2</altiAcc>
</GCP>
<GCP gml:id="K1_483071_12">
<fid>10-00100-0-2402-27720</fid>
<lfSpanFr gml:id="K1_483071_12-1">
<gml:timePosition>2025-02-19</gml:timePosition>
</lfSpanFr>
<devDate gml:id="K1_483071_12-2">
<gml:timePosition>2025-02-26</gml:timePosition>
</devDate>
<orgGILvl>KJ13</orgGILvl>
<vis>表示</vis>
<pos>
<gml:Point gml:id="K1_483071_12-g" srsName="fguuid:jgd2011.bl">
<gml:pos>32.598664000 130.175824972</gml:pos>
</gml:Point>
</pos>
<orgName>国土地理院</orgName>
<type>三角点</type>
<gcpClass>三等三角点</gcpClass>
<gcpCode>TR34830711401</gcpCode>
<name>山ノ辻</name>
<B>117355.1904</B>
<L>468632.9699</L>
<alti>65.87</alti>
<altiAcc>2</altiAcc>
</GCP>
<GCP gml:id="K1_483071_13">
<fid>10-00100-0-2402-27721</fid>
<lfSpanFr gml:id="K1_483071_13-1">
<gml:timePosition>2025-02-19</gml:timePosition>
</lfSpanFr>
<devDate gml:id="K1_483071_13-2">
<gml:timePosition>2025-02-26</gml:timePosition>
</devDate>
<orgGILvl>KJ13</orgGILvl>
<vis>表示</vis>
<pos>
<gml:Point gml:id="K1_483071_13-g" srsName="fguuid:jgd2011.bl">
<gml:pos>32.624520722 130.156871056</gml:pos>
</gml:Point>
</pos>
<orgName>国土地理院</orgName>
<type>三角点</type>
<gcpClass>三等三角点</gcpClass>
<gcpCode>TR34830714201</gcpCode>
<name>岩戸山</name>
<B>117448.2746</B>
<L>468564.7358</L>
<alti>96.16</alti>
<altiAcc>2</altiAcc>
</GCP>
<GCP gml:id="K1_483071_14">
<fid>10-00100-0-2402-27722</fid>
<lfSpanFr gml:id="K1_483071_14-1">
<gml:timePosition>2025-02-19</gml:timePosition>
</lfSpanFr>
<devDate gml:id="K1_483071_14-2">
<gml:timePosition>2025-02-26</gml:timePosition>
</devDate>
<orgGILvl>KJ13</orgGILvl>
<vis>表示</vis>
<pos>
<gml:Point gml:id="K1_483071_14-g" srsName="fguuid:jgd2011.bl">
<gml:pos>32.625086417 130.213606417</gml:pos>
</gml:Point>
</pos>
<orgName>国土地理院</orgName>
<type>三角点</type>
<gcpClass>三等三角点</gcpClass>
<gcpCode>TR34830715701</gcpCode>
<name>上原</name>
<B>117450.3111</B>
<L>468768.9831</L>
<alti>340.77</alti>
<altiAcc>2</altiAcc>
</GCP>
<GCP gml:id="K1_483071_15">
<fid>10-00100-0-2402-27723</fid>
<lfSpanFr gml:id="K1_483071_15-1">
<gml:timePosition>2025-02-19</gml:timePosition>
</lfSpanFr>
<devDate gml:id="K1_483071_15-2">
<gml:timePosition>2025-02-26</gml:timePosition>
</devDate>
<orgGILvl>KJ13</orgGILvl>
<vis>表示</vis>
<pos>
<gml:Point gml:id="K1_483071_15-g" srsName="fguuid:jgd2011.bl">
<gml:pos>32.641244028 130.209005611</gml:pos>
</gml:Point>
</pos>
<orgName>国土地理院</orgName>
<type>三角点</type>
<gcpClass>三等三角点</gcpClass>
<gcpCode>TR34830716601</gcpCode>
<name>鳳上岳</name>
<B>117508.4785</B>
<L>468752.4202</L>
<alti>409.73</alti>
<altiAcc>2</altiAcc>
</GCP>
<GCP gml:id="K1_483071_16">
<fid>10-00100-0-2402-27724</fid>
<lfSpanFr gml:id="K1_483071_16-1">
<gml:timePosition>2025-02-19</gml:timePosition>
</lfSpanFr>
<devDate gml:id="K1_483071_16-2">
<gml:timePosition>2025-02-26</gml:timePosition>
</devDate>
<orgGILvl>KJ13</orgGILvl>
<vis>表示</vis>
<pos>
<gml:Point gml:id="K1_483071_16-g" srsName="fguuid:jgd2011.bl">
<gml:pos>32.665764861 130.229756306</gml:pos>
</gml:Point>
</pos>
<orgName>国土地理院</orgName>
<type>三角点</type>
<gcpClass>三等三角点</gcpClass>
<gcpCode>TR34830719801</gcpCode>
<name>大丸</name>
<B>117596.7535</B>
<L>468827.1227</L>
<alti>137.64</alti>
<altiAcc>2</altiAcc>
</GCP>
<GCP gml:id="K1_483071_17">
<fid>10-00100-0-2402-62899</fid>
<lfSpanFr gml:id="K1_483071_17-1">
<gml:timePosition>2025-02-19</gml:timePosition>
</lfSpanFr>
<devDate gml:id="K1_483071_17-2">
<gml:timePosition>2025-02-26</gml:timePosition>
</devDate>
<orgGILvl>KJ14</orgGILvl>
<vis>表示</vis>
<pos>
<gml:Point gml:id="K1_483071_17-g" srsName="fguuid:jgd2011.bl">
<gml:pos>32.604155417 130.182499667</gml:pos>
</gml:Point>
</pos>
<orgName>国土地理院</orgName>
<type>三角点</type>
<gcpClass>四等三角点</gcpClass>
<gcpCode>TR44830712401</gcpCode>
<name>池上</name>
<B>117374.9595</B>
<L>468656.9988</L>
<alti>79.58</alti>
<altiAcc>2</altiAcc>
</GCP>
<GCP gml:id="K1_483071_18">
<fid>10-00100-0-2402-62900</fid>
<lfSpanFr gml:id="K1_483071_18-1">
<gml:timePosition>2025-02-19</gml:timePosition>
</lfSpanFr>
<devDate gml:id="K1_483071_18-2">
<gml:timePosition>2025-02-26</gml:timePosition>
</devDate>
<orgGILvl>KJ14</orgGILvl>
<vis>表示</vis>
<pos>
<gml:Point gml:id="K1_483071_18-g" srsName="fguuid:jgd2011.bl">
<gml:pos>32.607477917 130.207509028</gml:pos>
</gml:Point>
</pos>
<orgName>国土地理院</orgName>
<type>三角点</type>
<gcpClass>四等三角点</gcpClass>
<gcpCode>TR44830712601</gcpCode>
<name>宮崎</name>
<B>117386.9205</B>
<L>468747.0325</L>
<alti>99.85</alti>
<altiAcc>2</altiAcc>
</GCP>
<GCP gml:id="K1_483071_19">
<fid>10-00100-0-2402-62901</fid>
<lfSpanFr gml:id="K1_483071_19-1">
<gml:timePosition>2025-02-19</gml:timePosition>
</lfSpanFr>
<devDate gml:id="K1_483071_19-2">
<gml:timePosition>2025-02-26</gml:timePosition>
</devDate>
<orgGILvl>KJ14</orgGILvl>
<vis>表示</vis>
<pos>
<gml:Point gml:id="K1_483071_19-g" srsName="fguuid:jgd2011.bl">
<gml:pos>32.608166306 130.217357833</gml:pos>
</gml:Point>
</pos>
<orgName>国土地理院</orgName>
<type>三角点</type>
<gcpClass>四等三角点</gcpClass>
<gcpCode>TR44830712701</gcpCode>
<name>菖蒲田山</name>
<B>117389.3987</B>
<L>468782.4882</L>
<alti>114.55</alti>
<altiAcc>2</altiAcc>
</GCP>
<GCP gml:id="K1_483071_20">
<fid>10-00100-0-2402-62902</fid>
<lfSpanFr gml:id="K1_483071_20-1">
<gml:timePosition>2025-02-19</gml:timePosition>
</lfSpanFr>
<devDate gml:id="K1_483071_20-2">
<gml:timePosition>2025-02-26</gml:timePosition>
</devDate>
<orgGILvl>KJ14</orgGILvl>
<vis>表示</vis>
<pos>
<gml:Point gml:id="K1_483071_20-g" srsName="fguuid:jgd2011.bl">
<gml:pos>32.615749000 130.170852111</gml:pos>
</gml:Point>
</pos>
<orgName>国土地理院</orgName>
<type>三角点</type>
<gcpClass>四等三角点</gcpClass>
<gcpCode>TR44830713301</gcpCode>
<name>永瀬</name>
<B>117416.6964</B>
<L>468615.0676</L>
<alti>16.65</alti>
<altiAcc>2</altiAcc>
</GCP>
<GCP gml:id="K1_483071_21">
<fid>10-00100-0-2402-62903</fid>
<lfSpanFr gml:id="K1_483071_21-1">
<gml:timePosition>2025-02-19</gml:timePosition>
</lfSpanFr>
<devDate gml:id="K1_483071_21-2">
<gml:timePosition>2025-02-26</gml:timePosition>
</devDate>
<orgGILvl>KJ14</orgGILvl>
<vis>表示</vis>
<pos>
<gml:Point gml:id="K1_483071_21-g" srsName="fguuid:jgd2011.bl">
<gml:pos>32.612978667 130.231211583</gml:pos>
</gml:Point>
</pos>
<orgName>国土地理院</orgName>
<type>三角点</type>
<gcpClass>四等三角点</gcpClass>
<gcpCode>TR44830713801</gcpCode>
<name>東向山</name>
<B>117406.7232</B>
<L>468832.3617</L>
<alti>34.83</alti>
<altiAcc>2</altiAcc>
</GCP>
<GCP gml:id="K1_483071_22">
<fid>10-00100-0-2402-62904</fid>
<lfSpanFr gml:id="K1_483071_22-1">
<gml:timePosition>2025-02-19</gml:timePosition>
</lfSpanFr>
<devDate gml:id="K1_483071_22-2">
<gml:timePosition>2025-02-26</gml:timePosition>
</devDate>
<orgGILvl>KJ14</orgGILvl>
<vis>表示</vis>
<pos>
<gml:Point gml:id="K1_483071_22-g" srsName="fguuid:jgd2011.bl">
<gml:pos>32.623371806 130.197232528</gml:pos>
</gml:Point>
</pos>
<orgName>国土地理院</orgName>
<type>三角点</type>
<gcpClass>四等三角点</gcpClass>
<gcpCode>TR44830714501</gcpCode>
<name>前平</name>
<B>117444.1385</B>
<L>468710.0371</L>
<alti>124.23</alti>
<altiAcc>2</altiAcc>
</GCP>
<GCP gml:id="K1_483071_23">
<fid>10-00100-0-2402-62905</fid>
<lfSpanFr gml:id="K1_483071_23-1">
<gml:timePosition>2025-02-19</gml:timePosition>
</lfSpanFr>
<devDate gml:id="K1_483071_23-2">
<gml:timePosition>2025-02-26</gml:timePosition>
</devDate>
<orgGILvl>KJ14</orgGILvl>
<vis>表示</vis>
<pos>
<gml:Point gml:id="K1_483071_23-g" srsName="fguuid:jgd2011.bl">
<gml:pos>32.622131444 130.223513000</gml:pos>
</gml:Point>
</pos>
<orgName>国土地理院</orgName>
<type>三角点</type>
<gcpClass>四等三角点</gcpClass>
<gcpCode>TR44830714701</gcpCode>
<name>中上揚</name>
<B>117439.6732</B>
<L>468804.6468</L>
<alti>117.1</alti>
<altiAcc>2</altiAcc>
</GCP>
<GCP gml:id="K1_483071_24">
<fid>10-00100-0-2402-62906</fid>
<lfSpanFr gml:id="K1_483071_24-1">
<gml:timePosition>2025-02-19</gml:timePosition>
</lfSpanFr>
<devDate gml:id="K1_483071_24-2">
<gml:timePosition>2025-02-26</gml:timePosition>
</devDate>
<orgGILvl>KJ14</orgGILvl>
<vis>表示</vis>
<pos>
<gml:Point gml:id="K1_483071_24-g" srsName="fguuid:jgd2011.bl">
<gml:pos>32.619010389 130.214612972</gml:pos>
</gml:Point>
</pos>
<orgName>国土地理院</orgName>
<type>三角点</type>
<gcpClass>四等三角点</gcpClass>
<gcpCode>TR44830714702</gcpCode>
<name>下桑木谷</name>
<B>117428.4374</B>
<L>468772.6067</L>
<alti>180.22</alti>
<altiAcc>2</altiAcc>
</GCP>
<GCP gml:id="K1_483071_25">
<fid>10-00100-0-2402-62907</fid>
<lfSpanFr gml:id="K1_483071_25-1">
<gml:timePosition>2025-02-19</gml:timePosition>
</lfSpanFr>
<devDate gml:id="K1_483071_25-2">
<gml:timePosition>2025-02-26</gml:timePosition>
</devDate>
<orgGILvl>KJ14</orgGILvl>
<vis>表示</vis>
<pos>
<gml:Point gml:id="K1_483071_25-g" srsName="fguuid:jgd2011.bl">
<gml:pos>32.627857722 130.228031833</gml:pos>
</gml:Point>
</pos>
<orgName>国土地理院</orgName>
<type>三角点</type>
<gcpClass>四等三角点</gcpClass>
<gcpCode>TR44830715801</gcpCode>
<name>上矢竹</name>
<B>117460.2878</B>
<L>468820.9146</L>
<alti>151.79</alti>
<altiAcc>2</altiAcc>
</GCP>
<GCP gml:id="K1_483071_26">
<fid>10-00100-0-2402-62908</fid>
<lfSpanFr gml:id="K1_483071_26-1">
<gml:timePosition>2025-02-19</gml:timePosition>
</lfSpanFr>
<devDate gml:id="K1_483071_26-2">
<gml:timePosition>2025-02-26</gml:timePosition>
</devDate>
<orgGILvl>KJ14</orgGILvl>
<vis>表示</vis>
<pos>
<gml:Point gml:id="K1_483071_26-g" srsName="fguuid:jgd2011.bl">
<gml:pos>32.639545417 130.132672472</gml:pos>
</gml:Point>
</pos>
<orgName>国土地理院</orgName>
<type>三角点</type>
<gcpClass>四等三角点</gcpClass>
<gcpCode>TR44830716001</gcpCode>
<name>家崎</name>
<B>117502.3635</B>
<L>468477.6209</L>
<alti>81.71</alti>
<altiAcc>2</altiAcc>
</GCP>
<GCP gml:id="K1_483071_27">
<fid>10-00100-0-2402-62909</fid>
<lfSpanFr gml:id="K1_483071_27-1">
<gml:timePosition>2025-02-19</gml:timePosition>
</lfSpanFr>
<devDate gml:id="K1_483071_27-2">
<gml:timePosition>2025-02-26</gml:timePosition>
</devDate>
<orgGILvl>KJ14</orgGILvl>
<vis>表示</vis>
<pos>
<gml:Point gml:id="K1_483071_27-g" srsName="fguuid:jgd2011.bl">
<gml:pos>32.636013556 130.196163778</gml:pos>
</gml:Point>
</pos>
<orgName>国土地理院</orgName>
<type>三角点</type>
<gcpClass>四等三角点</gcpClass>
<gcpCode>TR44830716501</gcpCode>
<name>中尾</name>
<B>117489.6488</B>
<L>468706.1896</L>
<alti>105.0</alti>
<altiAcc>2</altiAcc>
</GCP>
<GCP gml:id="K1_483071_28">
<fid>10-00100-0-2402-62910</fid>
<lfSpanFr gml:id="K1_483071_28-1">
<gml:timePosition>2025-02-19</gml:timePosition>
</lfSpanFr>
<devDate gml:id="K1_483071_28-2">
<gml:timePosition>2025-02-26</gml:timePosition>
</devDate>
<orgGILvl>KJ14</orgGILvl>
<vis>表示</vis>
<pos>
<gml:Point gml:id="K1_483071_28-g" srsName="fguuid:jgd2011.bl">
<gml:pos>32.635168889 130.208572972</gml:pos>
</gml:Point>
</pos>
<orgName>国土地理院</orgName>
<type>三角点</type>
<gcpClass>四等三角点</gcpClass>
<gcpCode>TR44830716602</gcpCode>
<name>峠堤</name>
<B>117486.608</B>
<L>468750.8627</L>
<alti>267.99</alti>
<altiAcc>2</altiAcc>
</GCP>
<GCP gml:id="K1_483071_29">
<fid>10-00100-0-2402-62911</fid>
<lfSpanFr gml:id="K1_483071_29-1">
<gml:timePosition>2025-02-19</gml:timePosition>
</lfSpanFr>
<devDate gml:id="K1_483071_29-2">
<gml:timePosition>2025-02-26</gml:timePosition>
</devDate>
<orgGILvl>KJ14</orgGILvl>
<vis>表示</vis>
<pos>
<gml:Point gml:id="K1_483071_29-g" srsName="fguuid:jgd2011.bl">
<gml:pos>32.641211333 130.248465750</gml:pos>
</gml:Point>
</pos>
<orgName>国土地理院</orgName>
<type>三角点</type>
<gcpClass>四等三角点</gcpClass>
<gcpCode>TR44830716901</gcpCode>
<name>五反畑</name>
<B>117508.3608</B>
<L>468894.4767</L>
<alti>32.15</alti>
<altiAcc>2</altiAcc>
</GCP>
<GCP gml:id="K1_483071_30">
<fid>10-00100-0-2402-62912</fid>
<lfSpanFr gml:id="K1_483071_30-1">
<gml:timePosition>2025-02-19</gml:timePosition>
</lfSpanFr>
<devDate gml:id="K1_483071_30-2">
<gml:timePosition>2025-02-26</gml:timePosition>
</devDate>
<orgGILvl>KJ14</orgGILvl>
<vis>表示</vis>
<pos>
<gml:Point gml:id="K1_483071_30-g" srsName="fguuid:jgd2011.bl">
<gml:pos>32.633638444 130.240540333</gml:pos>
</gml:Point>
</pos>
<orgName>国土地理院</orgName>
<type>三角点</type>
<gcpClass>四等三角点</gcpClass>
<gcpCode>TR44830716902</gcpCode>
<name>東坂口</name>
<B>117481.0984</B>
<L>468865.9452</L>
<alti>33.48</alti>
<altiAcc>2</altiAcc>
</GCP>
<GCP gml:id="K1_483071_31">
<fid>10-00100-0-2402-62913</fid>
<lfSpanFr gml:id="K1_483071_31-1">
<gml:timePosition>2025-02-19</gml:timePosition>
</lfSpanFr>
<devDate gml:id="K1_483071_31-2">
<gml:timePosition>2025-02-26</gml:timePosition>
</devDate>
<orgGILvl>KJ14</orgGILvl>
<vis>表示</vis>
<pos>
<gml:Point gml:id="K1_483071_31-g" srsName="fguuid:jgd2011.bl">
<gml:pos>32.643852889 130.141735722</gml:pos>
</gml:Point>
</pos>
<orgName>国土地理院</orgName>
<type>三角点</type>
<gcpClass>四等三角点</gcpClass>
<gcpCode>TR44830717101</gcpCode>
<name>葉山上</name>
<B>117517.8704</B>
<L>468510.2486</L>
<alti>172.94</alti>
<altiAcc>2</altiAcc>
</GCP>
<GCP gml:id="K1_483071_32">
<fid>10-00100-0-2402-62914</fid>
<lfSpanFr gml:id="K1_483071_32-1">
<gml:timePosition>2025-02-19</gml:timePosition>
</lfSpanFr>
<devDate gml:id="K1_483071_32-2">
<gml:timePosition>2025-02-26</gml:timePosition>
</devDate>
<orgGILvl>KJ14</orgGILvl>
<vis>表示</vis>
<pos>
<gml:Point gml:id="K1_483071_32-g" srsName="fguuid:jgd2011.bl">
<gml:pos>32.645358667 130.155842111</gml:pos>
</gml:Point>
</pos>
<orgName>国土地理院</orgName>
<type>三角点</type>
<gcpClass>四等三角点</gcpClass>
<gcpCode>TR44830717201</gcpCode>
<name>新切平</name>
<B>117523.2912</B>
<L>468561.0316</L>
<alti>122.11</alti>
<altiAcc>2</altiAcc>
</GCP>
<GCP gml:id="K1_483071_33">
<fid>10-00100-0-2402-62915</fid>
<lfSpanFr gml:id="K1_483071_33-1">
<gml:timePosition>2025-02-19</gml:timePosition>
</lfSpanFr>
<devDate gml:id="K1_483071_33-2">
<gml:timePosition>2025-02-26</gml:timePosition>
</devDate>
<orgGILvl>KJ14</orgGILvl>
<vis>表示</vis>
<pos>
<gml:Point gml:id="K1_483071_33-g" srsName="fguuid:jgd2011.bl">
<gml:pos>32.643743278 130.168384278</gml:pos>
</gml:Point>
</pos>
<orgName>国土地理院</orgName>
<type>三角点</type>
<gcpClass>四等三角点</gcpClass>
<gcpCode>TR44830717301</gcpCode>
<name>白岩</name>
<B>117517.4758</B>
<L>468606.1834</L>
<alti>174.54</alti>
<altiAcc>2</altiAcc>
</GCP>
<GCP gml:id="K1_483071_34">
<fid>10-00100-0-2402-62916</fid>
<lfSpanFr gml:id="K1_483071_34-1">
<gml:timePosition>2025-02-19</gml:timePosition>
</lfSpanFr>
<devDate gml:id="K1_483071_34-2">
<gml:timePosition>2025-02-26</gml:timePosition>
</devDate>
<orgGILvl>KJ14</orgGILvl>
<vis>表示</vis>
<pos>
<gml:Point gml:id="K1_483071_34-g" srsName="fguuid:jgd2011.bl">
<gml:pos>32.643769694 130.183475806</gml:pos>
</gml:Point>
</pos>
<orgName>国土地理院</orgName>
<type>三角点</type>
<gcpClass>四等三角点</gcpClass>
<gcpCode>TR44830717401</gcpCode>
<name>大谷</name>
<B>117517.5709</B>
<L>468660.5129</L>
<alti>70.04</alti>
<altiAcc>2</altiAcc>
</GCP>
<GCP gml:id="K1_483071_35">
<fid>10-00100-0-2402-62917</fid>
<lfSpanFr gml:id="K1_483071_35-1">
<gml:timePosition>2025-02-19</gml:timePosition>
</lfSpanFr>
<devDate gml:id="K1_483071_35-2">
<gml:timePosition>2025-02-26</gml:timePosition>
</devDate>
<orgGILvl>KJ14</orgGILvl>
<vis>表示</vis>
<pos>
<gml:Point gml:id="K1_483071_35-g" srsName="fguuid:jgd2011.bl">
<gml:pos>32.649884389 130.193020722</gml:pos>
</gml:Point>
</pos>
<orgName>国土地理院</orgName>
<type>三角点</type>
<gcpClass>四等三角点</gcpClass>
<gcpCode>TR44830717501</gcpCode>
<name>下崎谷</name>
<B>117539.5838</B>
<L>468694.8746</L>
<alti>68.87</alti>
<altiAcc>2</altiAcc>
</GCP>
<GCP gml:id="K1_483071_36">
<fid>10-00100-0-2402-62918</fid>
<lfSpanFr gml:id="K1_483071_36-1">
<gml:timePosition>2025-02-19</gml:timePosition>
</lfSpanFr>
<devDate gml:id="K1_483071_36-2">
<gml:timePosition>2025-02-26</gml:timePosition>
</devDate>
<orgGILvl>KJ14</orgGILvl>
<vis>表示</vis>
<pos>
<gml:Point gml:id="K1_483071_36-g" srsName="fguuid:jgd2011.bl">
<gml:pos>32.641728111 130.230797917</gml:pos>
</gml:Point>
</pos>
<orgName>国土地理院</orgName>
<type>三角点</type>
<gcpClass>四等三角点</gcpClass>
<gcpCode>TR44830717801</gcpCode>
<name>宮野木場</name>
<B>117510.2212</B>
<L>468830.8725</L>
<alti>161.24</alti>
<altiAcc>2</altiAcc>
</GCP>
<GCP gml:id="K1_483071_37">
<fid>10-00100-0-2402-62919</fid>
<lfSpanFr gml:id="K1_483071_37-1">
<gml:timePosition>2025-02-19</gml:timePosition>
</lfSpanFr>
<devDate gml:id="K1_483071_37-2">
<gml:timePosition>2025-02-26</gml:timePosition>
</devDate>
<orgGILvl>KJ14</orgGILvl>
<vis>表示</vis>
<pos>
<gml:Point gml:id="K1_483071_37-g" srsName="fguuid:jgd2011.bl">
<gml:pos>32.657319611 130.134035750</gml:pos>
</gml:Point>
</pos>
<orgName>国土地理院</orgName>
<type>三角点</type>
<gcpClass>四等三角点</gcpClass>
<gcpCode>TR44830718001</gcpCode>
<name>三千原</name>
<B>117566.3506</B>
<L>468482.5287</L>
<alti>126.13</alti>
<altiAcc>2</altiAcc>
</GCP>
<GCP gml:id="K1_483071_38">
<fid>10-00100-0-2402-62920</fid>
<lfSpanFr gml:id="K1_483071_38-1">
<gml:timePosition>2025-02-19</gml:timePosition>
</lfSpanFr>
<devDate gml:id="K1_483071_38-2">
<gml:timePosition>2025-02-26</gml:timePosition>
</devDate>
<orgGILvl>KJ14</orgGILvl>
<vis>表示</vis>
<pos>
<gml:Point gml:id="K1_483071_38-g" srsName="fguuid:jgd2011.bl">
<gml:pos>32.654258167 130.148648583</gml:pos>
</gml:Point>
</pos>
<orgName>国土地理院</orgName>
<type>三角点</type>
<gcpClass>四等三角点</gcpClass>
<gcpCode>TR44830718101</gcpCode>
<name>芦田口谷</name>
<B>117555.3294</B>
<L>468535.1349</L>
<alti>192.88</alti>
<altiAcc>2</altiAcc>
</GCP>
<GCP gml:id="K1_483071_39">
<fid>10-00100-0-2402-62921</fid>
<lfSpanFr gml:id="K1_483071_39-1">
<gml:timePosition>2025-02-19</gml:timePosition>
</lfSpanFr>
<devDate gml:id="K1_483071_39-2">
<gml:timePosition>2025-02-26</gml:timePosition>
</devDate>
<orgGILvl>KJ14</orgGILvl>
<vis>表示</vis>
<pos>
<gml:Point gml:id="K1_483071_39-g" srsName="fguuid:jgd2011.bl">
<gml:pos>32.657078639 130.165772444</gml:pos>
</gml:Point>
</pos>
<orgName>国土地理院</orgName>
<type>三角点</type>
<gcpClass>四等三角点</gcpClass>
<gcpCode>TR44830718302</gcpCode>
<name>四辻</name>
<B>117565.4831</B>
<L>468596.7808</L>
<alti>267.29</alti>
<altiAcc>2</altiAcc>
</GCP>
<GCP gml:id="K1_483071_40">
<fid>10-00100-0-2402-62922</fid>
<lfSpanFr gml:id="K1_483071_40-1">
<gml:timePosition>2025-02-19</gml:timePosition>
</lfSpanFr>
<devDate gml:id="K1_483071_40-2">
<gml:timePosition>2025-02-26</gml:timePosition>
</devDate>
<orgGILvl>KJ14</orgGILvl>
<vis>表示</vis>
<pos>
<gml:Point gml:id="K1_483071_40-g" srsName="fguuid:jgd2011.bl">
<gml:pos>32.657991889 130.189457889</gml:pos>
</gml:Point>
</pos>
<orgName>国土地理院</orgName>
<type>三角点</type>
<gcpClass>四等三角点</gcpClass>
<gcpCode>TR44830718501</gcpCode>
<name>杉山</name>
<B>117568.7708</B>
<L>468682.0484</L>
<alti>276.93</alti>
<altiAcc>2</altiAcc>
</GCP>
<GCP gml:id="K1_483071_41">
<fid>10-00100-0-2402-62923</fid>
<lfSpanFr gml:id="K1_483071_41-1">
<gml:timePosition>2025-02-19</gml:timePosition>
</lfSpanFr>
<devDate gml:id="K1_483071_41-2">
<gml:timePosition>2025-02-26</gml:timePosition>
</devDate>
<orgGILvl>KJ14</orgGILvl>
<vis>表示</vis>
<pos>
<gml:Point gml:id="K1_483071_41-g" srsName="fguuid:jgd2011.bl">
<gml:pos>32.651904861 130.204155556</gml:pos>
</gml:Point>
</pos>
<orgName>国土地理院</orgName>
<type>三角点</type>
<gcpClass>四等三角点</gcpClass>
<gcpCode>TR44830718601</gcpCode>
<name>七つ川</name>
<B>117546.8575</B>
<L>468734.96</L>
<alti>142.84</alti>
<altiAcc>2</altiAcc>
</GCP>
<GCP gml:id="K1_483071_42">
<fid>10-00100-0-2402-62924</fid>
<lfSpanFr gml:id="K1_483071_42-1">
<gml:timePosition>2025-02-19</gml:timePosition>
</lfSpanFr>
<devDate gml:id="K1_483071_42-2">
<gml:timePosition>2025-02-26</gml:timePosition>
</devDate>
<orgGILvl>KJ14</orgGILvl>
<vis>表示</vis>
<pos>
<gml:Point gml:id="K1_483071_42-g" srsName="fguuid:jgd2011.bl">
<gml:pos>32.654114750 130.219626833</gml:pos>
</gml:Point>
</pos>
<orgName>国土地理院</orgName>
<type>三角点</type>
<gcpClass>四等三角点</gcpClass>
<gcpCode>TR44830718701</gcpCode>
<name>平山</name>
<B>117554.8131</B>
<L>468790.6566</L>
<alti>153.97</alti>
<altiAcc>2</altiAcc>
</GCP>
<GCP gml:id="K1_483071_43">
<fid>10-00100-0-2402-62925</fid>
<lfSpanFr gml:id="K1_483071_43-1">
<gml:timePosition>2025-02-19</gml:timePosition>
</lfSpanFr>
<devDate gml:id="K1_483071_43-2">
<gml:timePosition>2025-02-26</gml:timePosition>
</devDate>
<orgGILvl>KJ14</orgGILvl>
<vis>表示</vis>
<pos>
<gml:Point gml:id="K1_483071_43-g" srsName="fguuid:jgd2011.bl">
<gml:pos>32.656055389 130.235713278</gml:pos>
</gml:Point>
</pos>
<orgName>国土地理院</orgName>
<type>三角点</type>
<gcpClass>四等三角点</gcpClass>
<gcpCode>TR44830718801</gcpCode>
<name>今福</name>
<B>117561.7994</B>
<L>468848.5678</L>
<alti>63.88</alti>
<altiAcc>2</altiAcc>
</GCP>
<GCP gml:id="K1_483071_44">
<fid>10-00100-0-2402-62926</fid>
<lfSpanFr gml:id="K1_483071_44-1">
<gml:timePosition>2025-02-19</gml:timePosition>
</lfSpanFr>
<devDate gml:id="K1_483071_44-2">
<gml:timePosition>2025-02-26</gml:timePosition>
</devDate>
<orgGILvl>KJ14</orgGILvl>
<vis>表示</vis>
<pos>
<gml:Point gml:id="K1_483071_44-g" srsName="fguuid:jgd2011.bl">
<gml:pos>32.662768889 130.156056361</gml:pos>
</gml:Point>
</pos>
<orgName>国土地理院</orgName>
<type>三角点</type>
<gcpClass>四等三角点</gcpClass>
<gcpCode>TR44830719201</gcpCode>
<name>新山</name>
<B>117585.968</B>
<L>468561.8029</L>
<alti>270.17</alti>
<altiAcc>2</altiAcc>
</GCP>
<GCP gml:id="K1_483071_45">
<fid>10-00100-0-2402-62927</fid>
<lfSpanFr gml:id="K1_483071_45-1">
<gml:timePosition>2025-02-19</gml:timePosition>
</lfSpanFr>
<devDate gml:id="K1_483071_45-2">
<gml:timePosition>2025-02-26</gml:timePosition>
</devDate>
<orgGILvl>KJ14</orgGILvl>
<vis>表示</vis>
<pos>
<gml:Point gml:id="K1_483071_45-g" srsName="fguuid:jgd2011.bl">
<gml:pos>32.662093278 130.224263556</gml:pos>
</gml:Point>
</pos>
<orgName>国土地理院</orgName>
<type>三角点</type>
<gcpClass>四等三角点</gcpClass>
<gcpCode>TR44830719701</gcpCode>
<name>樋口</name>
<B>117583.5358</B>
<L>468807.3488</L>
<alti>48.26</alti>
<altiAcc>2</altiAcc>
</GCP>
<GCP gml:id="K1_483071_46">
<fid>10-00100-0-2402-62928</fid>
<lfSpanFr gml:id="K1_483071_46-1">
<gml:timePosition>2025-02-19</gml:timePosition>
</lfSpanFr>
<devDate gml:id="K1_483071_46-2">
<gml:timePosition>2025-02-26</gml:timePosition>
</devDate>
<orgGILvl>KJ14</orgGILvl>
<vis>表示</vis>
<pos>
<gml:Point gml:id="K1_483071_46-g" srsName="fguuid:jgd2011.bl">
<gml:pos>32.662943000 130.246122333</gml:pos>
</gml:Point>
</pos>
<orgName>国土地理院</orgName>
<type>三角点</type>
<gcpClass>四等三角点</gcpClass>
<gcpCode>TR44830719901</gcpCode>
<name>面無</name>
<B>117586.5948</B>
<L>468886.0404</L>
<alti>135.45</alti>
<altiAcc>2</altiAcc>
</GCP>
</Dataset>
