<?xml version="1.0" encoding="utf-8"?>
<Dataset xsi:schemaLocation="http://fgd.gsi.go.jp/spec/2008/FGD_GMLSchema FGD_GMLSchema.xsd"
	xmlns:gml="http://www.opengis.net/gml/3.2"
	xmlns:xsi="http://www.w3.org/2001/XMLSchema-instance"
	xmlns:xlink="http://www.w3.org/1999/xlink"
	xmlns="http://fgd.gsi.go.jp/spec/2008/FGD_GMLSchema"
	gml:id="Dataset1">
  <gml:description>基盤地図情報メタデータ ID=fmdid:25-0331</gml:description>
  <gml:name>基盤地図情報ダウンロードデータ（GML版）</gml:name>
<AdmPt gml:id="K6_4685111757_1">
<fid>46851-11757-i-655</fid>
<lfSpanFr gml:id="K6_4685111757_1-1">
<gml:timePosition>2021-02-10</gml:timePosition>
</lfSpanFr>
<devDate gml:id="K6_4685111757_1-2">
<gml:timePosition>2025-02-26</gml:timePosition>
</devDate>
<orgGILvl>25000</orgGILvl>
<vis>非表示</vis>
<pos>
<gml:Point gml:id="K6_4685111757_1-g" srsName="fguuid:jgd2011.bl">
<gml:pos>32.661109244 130.143104812</gml:pos>
</gml:Point>
</pos>
<type>郡市・東京都の区</type>
<name>雲仙市</name>
<admCode>42213</admCode>
</AdmPt>
<AdmPt gml:id="K6_4687211745_1">
<fid>46872-11745-i-1003</fid>
<lfSpanFr gml:id="K6_4687211745_1-1">
<gml:timePosition>2021-02-10</gml:timePosition>
</lfSpanFr>
<devDate gml:id="K6_4687211745_1-2">
<gml:timePosition>2025-02-26</gml:timePosition>
</devDate>
<orgGILvl>25000</orgGILvl>
<vis>非表示</vis>
<pos>
<gml:Point gml:id="K6_4687211745_1-g" srsName="fguuid:jgd2011.bl">
<gml:pos>32.629170429 130.201236252</gml:pos>
</gml:Point>
</pos>
<type>郡市・東京都の区</type>
<name>南島原市</name>
<admCode>42214</admCode>
</AdmPt>
</Dataset>
