<?xml version="1.0" encoding="utf-8"?>
<Dataset xsi:schemaLocation="http://fgd.gsi.go.jp/spec/2008/FGD_GMLSchema FGD_GMLSchema.xsd"
	xmlns:gml="http://www.opengis.net/gml/3.2"
	xmlns:xsi="http://www.w3.org/2001/XMLSchema-instance"
	xmlns:xlink="http://www.w3.org/1999/xlink"
	xmlns="http://fgd.gsi.go.jp/spec/2008/FGD_GMLSchema"
	gml:id="Dataset1">
  <gml:description>基盤地図情報メタデータ ID=fmdid:25-0331</gml:description>
  <gml:name>基盤地図情報ダウンロードデータ（GML版）</gml:name>
<CommPt gml:id="K8_4686011745_1">
<fid>46860-11745-i-1464</fid>
<lfSpanFr gml:id="K8_4686011745_1-1">
<gml:timePosition>2021-02-10</gml:timePosition>
</lfSpanFr>
<devDate gml:id="K8_4686011745_1-2">
<gml:timePosition>2025-02-26</gml:timePosition>
</devDate>
<orgGILvl>2500</orgGILvl>
<vis>表示</vis>
<pos>
<gml:Point gml:id="K8_4686011745_1-g" srsName="fguuid:jgd2011.bl">
<gml:pos>32.625243872 130.170853499</gml:pos>
</gml:Point>
</pos>
<type>大字・町・丁目</type>
<name>加津佐町己</name>
<admCode>42214</admCode>
</CommPt>
<CommPt gml:id="K8_4686011751_1">
<fid>46860-11751-i-1131</fid>
<lfSpanFr gml:id="K8_4686011751_1-1">
<gml:timePosition>2021-02-10</gml:timePosition>
</lfSpanFr>
<devDate gml:id="K8_4686011751_1-2">
<gml:timePosition>2025-02-26</gml:timePosition>
</devDate>
<orgGILvl>2500</orgGILvl>
<vis>表示</vis>
<pos>
<gml:Point gml:id="K8_4686011751_1-g" srsName="fguuid:jgd2011.bl">
<gml:pos>32.644415125 130.169635340</gml:pos>
</gml:Point>
</pos>
<type>大字・町・丁目</type>
<name>加津佐町丙</name>
<admCode>42214</admCode>
</CommPt>
<CommPt gml:id="K8_4686311733_1">
<fid>46863-11733-i-1379</fid>
<lfSpanFr gml:id="K8_4686311733_1-1">
<gml:timePosition>2021-02-10</gml:timePosition>
</lfSpanFr>
<devDate gml:id="K8_4686311733_1-2">
<gml:timePosition>2025-02-26</gml:timePosition>
</devDate>
<orgGILvl>2500</orgGILvl>
<vis>表示</vis>
<pos>
<gml:Point gml:id="K8_4686311733_1-g" srsName="fguuid:jgd2011.bl">
<gml:pos>32.597377258 130.175938716</gml:pos>
</gml:Point>
</pos>
<type>大字・町・丁目</type>
<name>口之津町乙</name>
<admCode>42214</admCode>
</CommPt>
<CommPt gml:id="K8_4686311736_1">
<fid>46863-11736-i-1117</fid>
<lfSpanFr gml:id="K8_4686311736_1-1">
<gml:timePosition>2021-02-10</gml:timePosition>
</lfSpanFr>
<devDate gml:id="K8_4686311736_1-2">
<gml:timePosition>2025-02-26</gml:timePosition>
</devDate>
<orgGILvl>2500</orgGILvl>
<vis>表示</vis>
<pos>
<gml:Point gml:id="K8_4686311736_1-g" srsName="fguuid:jgd2011.bl">
<gml:pos>32.605857725 130.182639111</gml:pos>
</gml:Point>
</pos>
<type>大字・町・丁目</type>
<name>口之津町甲</name>
<admCode>42214</admCode>
</CommPt>
<CommPt gml:id="K8_4686611742_1">
<fid>46866-11742-i-1963</fid>
<lfSpanFr gml:id="K8_4686611742_1-1">
<gml:timePosition>2020-06-22</gml:timePosition>
</lfSpanFr>
<devDate gml:id="K8_4686611742_1-2">
<gml:timePosition>2025-02-26</gml:timePosition>
</devDate>
<orgGILvl>2500</orgGILvl>
<vis>表示</vis>
<pos>
<gml:Point gml:id="K8_4686611742_1-g" srsName="fguuid:jgd2011.bl">
<gml:pos>32.622368013 130.188993890</gml:pos>
</gml:Point>
</pos>
<type>大字・町・丁目</type>
<name>口之津町丙</name>
<admCode>42214</admCode>
</CommPt>
<CommPt gml:id="K8_4686611751_1">
<fid>46866-11751-i-1080</fid>
<lfSpanFr gml:id="K8_4686611751_1-1">
<gml:timePosition>2021-02-10</gml:timePosition>
</lfSpanFr>
<devDate gml:id="K8_4686611751_1-2">
<gml:timePosition>2025-02-26</gml:timePosition>
</devDate>
<orgGILvl>2500</orgGILvl>
<vis>表示</vis>
<pos>
<gml:Point gml:id="K8_4686611751_1-g" srsName="fguuid:jgd2011.bl">
<gml:pos>32.649438913 130.186289701</gml:pos>
</gml:Point>
</pos>
<type>大字・町・丁目</type>
<name>加津佐町丁</name>
<admCode>42214</admCode>
</CommPt>
<CommPt gml:id="K8_4686911748_1">
<fid>46869-11748-i-1540</fid>
<lfSpanFr gml:id="K8_4686911748_1-1">
<gml:timePosition>2021-02-10</gml:timePosition>
</lfSpanFr>
<devDate gml:id="K8_4686911748_1-2">
<gml:timePosition>2025-02-26</gml:timePosition>
</devDate>
<orgGILvl>2500</orgGILvl>
<vis>表示</vis>
<pos>
<gml:Point gml:id="K8_4686911748_1-g" srsName="fguuid:jgd2011.bl">
<gml:pos>32.635304926 130.193612703</gml:pos>
</gml:Point>
</pos>
<type>大字・町・丁目</type>
<name>加津佐町戊</name>
<admCode>42214</admCode>
</CommPt>
<CommPt gml:id="K8_4687211739_1">
<fid>46872-11739-i-2027</fid>
<lfSpanFr gml:id="K8_4687211739_1-1">
<gml:timePosition>2021-02-10</gml:timePosition>
</lfSpanFr>
<devDate gml:id="K8_4687211739_1-2">
<gml:timePosition>2025-02-26</gml:timePosition>
</devDate>
<orgGILvl>2500</orgGILvl>
<vis>表示</vis>
<pos>
<gml:Point gml:id="K8_4687211739_1-g" srsName="fguuid:jgd2011.bl">
<gml:pos>32.615049990 130.203066889</gml:pos>
</gml:Point>
</pos>
<type>大字・町・丁目</type>
<name>口之津町丁</name>
<admCode>42214</admCode>
</CommPt>
<CommPt gml:id="K8_4687811742_1">
<fid>46878-11742-i-1833</fid>
<lfSpanFr gml:id="K8_4687811742_1-1">
<gml:timePosition>2021-02-10</gml:timePosition>
</lfSpanFr>
<devDate gml:id="K8_4687811742_1-2">
<gml:timePosition>2025-02-26</gml:timePosition>
</devDate>
<orgGILvl>2500</orgGILvl>
<vis>表示</vis>
<pos>
<gml:Point gml:id="K8_4687811742_1-g" srsName="fguuid:jgd2011.bl">
<gml:pos>32.620571033 130.221830156</gml:pos>
</gml:Point>
</pos>
<type>大字・町・丁目</type>
<name>南有馬町甲</name>
<admCode>42214</admCode>
</CommPt>
<CommPt gml:id="K8_4687811748_1">
<fid>46878-11748-i-2206</fid>
<lfSpanFr gml:id="K8_4687811748_1-1">
<gml:timePosition>2021-11-10</gml:timePosition>
</lfSpanFr>
<devDate gml:id="K8_4687811748_1-2">
<gml:timePosition>2025-02-26</gml:timePosition>
</devDate>
<orgGILvl>2500</orgGILvl>
<vis>表示</vis>
<pos>
<gml:Point gml:id="K8_4687811748_1-g" srsName="fguuid:jgd2011.bl">
<gml:pos>32.640323928 130.221637544</gml:pos>
</gml:Point>
</pos>
<type>大字・町・丁目</type>
<name>南有馬町丙</name>
<admCode>42214</admCode>
</CommPt>
<CommPt gml:id="K8_4688711745_1">
<fid>46887-11745-i-2403</fid>
<lfSpanFr gml:id="K8_4688711745_1-1">
<gml:timePosition>2021-11-10</gml:timePosition>
</lfSpanFr>
<devDate gml:id="K8_4688711745_1-2">
<gml:timePosition>2025-02-26</gml:timePosition>
</devDate>
<orgGILvl>2500</orgGILvl>
<vis>表示</vis>
<pos>
<gml:Point gml:id="K8_4688711745_1-g" srsName="fguuid:jgd2011.bl">
<gml:pos>32.633095400 130.242985226</gml:pos>
</gml:Point>
</pos>
<type>大字・町・丁目</type>
<name>南有馬町乙</name>
<admCode>42214</admCode>
</CommPt>
<CommPt gml:id="K8_4688711748_1">
<fid>46887-11748-i-1480</fid>
<lfSpanFr gml:id="K8_4688711748_1-1">
<gml:timePosition>2021-11-10</gml:timePosition>
</lfSpanFr>
<devDate gml:id="K8_4688711748_1-2">
<gml:timePosition>2025-02-26</gml:timePosition>
</devDate>
<orgGILvl>2500</orgGILvl>
<vis>表示</vis>
<pos>
<gml:Point gml:id="K8_4688711748_1-g" srsName="fguuid:jgd2011.bl">
<gml:pos>32.641110854 130.248707420</gml:pos>
</gml:Point>
</pos>
<type>大字・町・丁目</type>
<name>南有馬町丁</name>
<admCode>42214</admCode>
</CommPt>
<CommPt gml:id="K8_4688711751_1">
<fid>46887-11751-i-2150</fid>
<lfSpanFr gml:id="K8_4688711751_1-1">
<gml:timePosition>2021-11-10</gml:timePosition>
</lfSpanFr>
<devDate gml:id="K8_4688711751_1-2">
<gml:timePosition>2025-02-26</gml:timePosition>
</devDate>
<orgGILvl>2500</orgGILvl>
<vis>表示</vis>
<pos>
<gml:Point gml:id="K8_4688711751_1-g" srsName="fguuid:jgd2011.bl">
<gml:pos>32.646058850 130.246501806</gml:pos>
</gml:Point>
</pos>
<type>大字・町・丁目</type>
<name>南有馬町戊</name>
<admCode>42214</admCode>
</CommPt>
</Dataset>
