<?xml version="1.0" encoding="utf-8"?>
<Dataset xsi:schemaLocation="http://fgd.gsi.go.jp/spec/2008/FGD_GMLSchema FGD_GMLSchema.xsd"
	xmlns:gml="http://www.opengis.net/gml/3.2"
	xmlns:xsi="http://www.w3.org/2001/XMLSchema-instance"
	xmlns:xlink="http://www.w3.org/1999/xlink"
	xmlns="http://fgd.gsi.go.jp/spec/2008/FGD_GMLSchema"
	gml:id="Dataset1">
  <gml:description>基盤地図情報メタデータ ID=fmdid:25-0331</gml:description>
  <gml:name>基盤地図情報ダウンロードデータ（GML版）</gml:name>
<ElevPt gml:id="K2_4684511754_1">
<fid>46845-11754-i-1815</fid>
<lfSpanFr gml:id="K2_4684511754_1-1">
<gml:timePosition>2021-02-10</gml:timePosition>
</lfSpanFr>
<devDate gml:id="K2_4684511754_1-2">
<gml:timePosition>2025-02-26</gml:timePosition>
</devDate>
<orgGILvl>25000</orgGILvl>
<vis>表示</vis>
<pos>
<gml:Point gml:id="K2_4684511754_1-g" srsName="fguuid:jgd2011.bl">
<gml:pos>32.653399181 130.132624419</gml:pos>
</gml:Point>
</pos>
<type>標高点（測点）</type>
<alti>97</alti>
</ElevPt>
<ElevPt gml:id="K2_4684511757_1">
<fid>46845-11757-i-922</fid>
<lfSpanFr gml:id="K2_4684511757_1-1">
<gml:timePosition>2021-02-10</gml:timePosition>
</lfSpanFr>
<devDate gml:id="K2_4684511757_1-2">
<gml:timePosition>2025-02-26</gml:timePosition>
</devDate>
<orgGILvl>25000</orgGILvl>
<vis>表示</vis>
<pos>
<gml:Point gml:id="K2_4684511757_1-g" srsName="fguuid:jgd2011.bl">
<gml:pos>32.663109468 130.130557760</gml:pos>
</gml:Point>
</pos>
<type>標高点（測点）</type>
<alti>90</alti>
</ElevPt>
<ElevPt gml:id="K2_4684811757_1">
<fid>46848-11757-i-335</fid>
<lfSpanFr gml:id="K2_4684811757_1-1">
<gml:timePosition>2017-09-25</gml:timePosition>
</lfSpanFr>
<devDate gml:id="K2_4684811757_1-2">
<gml:timePosition>2025-02-26</gml:timePosition>
</devDate>
<orgGILvl>25000</orgGILvl>
<vis>表示</vis>
<pos>
<gml:Point gml:id="K2_4684811757_1-g" srsName="fguuid:jgd2011.bl">
<gml:pos>32.660229748 130.139669697</gml:pos>
</gml:Point>
</pos>
<type>標高点（測点）</type>
<alti>130</alti>
</ElevPt>
<ElevPt gml:id="K2_4685111751_1">
<fid>46851-11751-i-1019</fid>
<lfSpanFr gml:id="K2_4685111751_1-1">
<gml:timePosition>2017-09-25</gml:timePosition>
</lfSpanFr>
<devDate gml:id="K2_4685111751_1-2">
<gml:timePosition>2025-02-26</gml:timePosition>
</devDate>
<orgGILvl>25000</orgGILvl>
<vis>表示</vis>
<pos>
<gml:Point gml:id="K2_4685111751_1-g" srsName="fguuid:jgd2011.bl">
<gml:pos>32.648524179 130.145311350</gml:pos>
</gml:Point>
</pos>
<type>標高点（測点）</type>
<alti>185</alti>
</ElevPt>
<ElevPt gml:id="K2_4685111757_1">
<fid>46851-11757-i-714</fid>
<lfSpanFr gml:id="K2_4685111757_1-1">
<gml:timePosition>2021-02-10</gml:timePosition>
</lfSpanFr>
<devDate gml:id="K2_4685111757_1-2">
<gml:timePosition>2025-02-26</gml:timePosition>
</devDate>
<orgGILvl>25000</orgGILvl>
<vis>表示</vis>
<pos>
<gml:Point gml:id="K2_4685111757_1-g" srsName="fguuid:jgd2011.bl">
<gml:pos>32.659403642 130.148239969</gml:pos>
</gml:Point>
</pos>
<type>標高点（測点）</type>
<alti>227</alti>
</ElevPt>
<ElevPt gml:id="K2_4685411745_1">
<fid>46854-11745-i-1654</fid>
<lfSpanFr gml:id="K2_4685411745_1-1">
<gml:timePosition>2021-02-10</gml:timePosition>
</lfSpanFr>
<devDate gml:id="K2_4685411745_1-2">
<gml:timePosition>2025-02-26</gml:timePosition>
</devDate>
<orgGILvl>25000</orgGILvl>
<vis>表示</vis>
<pos>
<gml:Point gml:id="K2_4685411745_1-g" srsName="fguuid:jgd2011.bl">
<gml:pos>32.631867485 130.151786060</gml:pos>
</gml:Point>
</pos>
<type>標高点（測点）</type>
<alti>7</alti>
</ElevPt>
<ElevPt gml:id="K2_4685411751_1">
<fid>46854-11751-i-1366</fid>
<lfSpanFr gml:id="K2_4685411751_1-1">
<gml:timePosition>2021-02-10</gml:timePosition>
</lfSpanFr>
<devDate gml:id="K2_4685411751_1-2">
<gml:timePosition>2025-02-26</gml:timePosition>
</devDate>
<orgGILvl>25000</orgGILvl>
<vis>表示</vis>
<pos>
<gml:Point gml:id="K2_4685411751_1-g" srsName="fguuid:jgd2011.bl">
<gml:pos>32.643473063 130.152646897</gml:pos>
</gml:Point>
</pos>
<type>標高点（測点）</type>
<alti>40</alti>
</ElevPt>
<ElevPt gml:id="K2_4685411754_1">
<fid>46854-11754-i-1535</fid>
<lfSpanFr gml:id="K2_4685411754_1-1">
<gml:timePosition>2021-02-10</gml:timePosition>
</lfSpanFr>
<devDate gml:id="K2_4685411754_1-2">
<gml:timePosition>2025-02-26</gml:timePosition>
</devDate>
<orgGILvl>25000</orgGILvl>
<vis>表示</vis>
<pos>
<gml:Point gml:id="K2_4685411754_1-g" srsName="fguuid:jgd2011.bl">
<gml:pos>32.655397812 130.156067737</gml:pos>
</gml:Point>
</pos>
<type>標高点（測点）</type>
<alti>152</alti>
</ElevPt>
<ElevPt gml:id="K2_4685711745_1">
<fid>46857-11745-i-3365</fid>
<lfSpanFr gml:id="K2_4685711745_1-1">
<gml:timePosition>2021-02-10</gml:timePosition>
</lfSpanFr>
<devDate gml:id="K2_4685711745_1-2">
<gml:timePosition>2025-02-26</gml:timePosition>
</devDate>
<orgGILvl>25000</orgGILvl>
<vis>表示</vis>
<pos>
<gml:Point gml:id="K2_4685711745_1-g" srsName="fguuid:jgd2011.bl">
<gml:pos>32.631307496 130.160282168</gml:pos>
</gml:Point>
</pos>
<type>標高点（測点）</type>
<alti>3</alti>
</ElevPt>
<ElevPt gml:id="K2_4685711751_1">
<fid>46857-11751-i-1613</fid>
<lfSpanFr gml:id="K2_4685711751_1-1">
<gml:timePosition>2021-02-10</gml:timePosition>
</lfSpanFr>
<devDate gml:id="K2_4685711751_1-2">
<gml:timePosition>2025-02-26</gml:timePosition>
</devDate>
<orgGILvl>25000</orgGILvl>
<vis>表示</vis>
<pos>
<gml:Point gml:id="K2_4685711751_1-g" srsName="fguuid:jgd2011.bl">
<gml:pos>32.643310019 130.162118001</gml:pos>
</gml:Point>
</pos>
<type>標高点（測点）</type>
<alti>92</alti>
</ElevPt>
<ElevPt gml:id="K2_4685711757_1">
<fid>46857-11757-i-580</fid>
<lfSpanFr gml:id="K2_4685711757_1-1">
<gml:timePosition>2017-09-25</gml:timePosition>
</lfSpanFr>
<devDate gml:id="K2_4685711757_1-2">
<gml:timePosition>2025-02-26</gml:timePosition>
</devDate>
<orgGILvl>25000</orgGILvl>
<vis>表示</vis>
<pos>
<gml:Point gml:id="K2_4685711757_1-g" srsName="fguuid:jgd2011.bl">
<gml:pos>32.661711724 130.165509123</gml:pos>
</gml:Point>
</pos>
<type>標高点（測点）</type>
<alti>240</alti>
</ElevPt>
<ElevPt gml:id="K2_4686011733_1">
<fid>46860-11733-i-1550</fid>
<lfSpanFr gml:id="K2_4686011733_1-1">
<gml:timePosition>2021-02-10</gml:timePosition>
</lfSpanFr>
<devDate gml:id="K2_4686011733_1-2">
<gml:timePosition>2025-02-26</gml:timePosition>
</devDate>
<orgGILvl>25000</orgGILvl>
<vis>表示</vis>
<pos>
<gml:Point gml:id="K2_4686011733_1-g" srsName="fguuid:jgd2011.bl">
<gml:pos>32.592408359 130.168666641</gml:pos>
</gml:Point>
</pos>
<type>標高点（測点）</type>
<alti>18</alti>
</ElevPt>
<ElevPt gml:id="K2_4686011733_2">
<fid>46860-11733-i-1551</fid>
<lfSpanFr gml:id="K2_4686011733_2-1">
<gml:timePosition>2021-02-10</gml:timePosition>
</lfSpanFr>
<devDate gml:id="K2_4686011733_2-2">
<gml:timePosition>2025-02-26</gml:timePosition>
</devDate>
<orgGILvl>25000</orgGILvl>
<vis>表示</vis>
<pos>
<gml:Point gml:id="K2_4686011733_2-g" srsName="fguuid:jgd2011.bl">
<gml:pos>32.597062246 130.168896915</gml:pos>
</gml:Point>
</pos>
<type>標高点（測点）</type>
<alti>16</alti>
</ElevPt>
<ElevPt gml:id="K2_4686011742_1">
<fid>46860-11742-i-1833</fid>
<lfSpanFr gml:id="K2_4686011742_1-1">
<gml:timePosition>2021-02-10</gml:timePosition>
</lfSpanFr>
<devDate gml:id="K2_4686011742_1-2">
<gml:timePosition>2025-02-26</gml:timePosition>
</devDate>
<orgGILvl>25000</orgGILvl>
<vis>表示</vis>
<pos>
<gml:Point gml:id="K2_4686011742_1-g" srsName="fguuid:jgd2011.bl">
<gml:pos>32.617503628 130.172298452</gml:pos>
</gml:Point>
</pos>
<type>標高点（測点）</type>
<alti>29</alti>
</ElevPt>
<ElevPt gml:id="K2_4686011742_2">
<fid>46860-11742-i-1834</fid>
<lfSpanFr gml:id="K2_4686011742_2-1">
<gml:timePosition>2021-02-10</gml:timePosition>
</lfSpanFr>
<devDate gml:id="K2_4686011742_2-2">
<gml:timePosition>2025-02-26</gml:timePosition>
</devDate>
<orgGILvl>25000</orgGILvl>
<vis>表示</vis>
<pos>
<gml:Point gml:id="K2_4686011742_2-g" srsName="fguuid:jgd2011.bl">
<gml:pos>32.623201965 130.174099113</gml:pos>
</gml:Point>
</pos>
<type>標高点（測点）</type>
<alti>125</alti>
</ElevPt>
<ElevPt gml:id="K2_4686011742_3">
<fid>46860-11742-i-1835</fid>
<lfSpanFr gml:id="K2_4686011742_3-1">
<gml:timePosition>2021-02-10</gml:timePosition>
</lfSpanFr>
<devDate gml:id="K2_4686011742_3-2">
<gml:timePosition>2025-02-26</gml:timePosition>
</devDate>
<orgGILvl>25000</orgGILvl>
<vis>表示</vis>
<pos>
<gml:Point gml:id="K2_4686011742_3-g" srsName="fguuid:jgd2011.bl">
<gml:pos>32.623985283 130.167087447</gml:pos>
</gml:Point>
</pos>
<type>標高点（測点）</type>
<alti>9</alti>
</ElevPt>
<ElevPt gml:id="K2_4686011748_1">
<fid>46860-11748-i-1526</fid>
<lfSpanFr gml:id="K2_4686011748_1-1">
<gml:timePosition>2021-02-10</gml:timePosition>
</lfSpanFr>
<devDate gml:id="K2_4686011748_1-2">
<gml:timePosition>2025-02-26</gml:timePosition>
</devDate>
<orgGILvl>25000</orgGILvl>
<vis>表示</vis>
<pos>
<gml:Point gml:id="K2_4686011748_1-g" srsName="fguuid:jgd2011.bl">
<gml:pos>32.638176975 130.172415217</gml:pos>
</gml:Point>
</pos>
<type>標高点（測点）</type>
<alti>138</alti>
</ElevPt>
<ElevPt gml:id="K2_4686011748_2">
<fid>46860-11748-i-1527</fid>
<lfSpanFr gml:id="K2_4686011748_2-1">
<gml:timePosition>2021-02-10</gml:timePosition>
</lfSpanFr>
<devDate gml:id="K2_4686011748_2-2">
<gml:timePosition>2025-02-26</gml:timePosition>
</devDate>
<orgGILvl>25000</orgGILvl>
<vis>表示</vis>
<pos>
<gml:Point gml:id="K2_4686011748_2-g" srsName="fguuid:jgd2011.bl">
<gml:pos>32.633484732 130.166850220</gml:pos>
</gml:Point>
</pos>
<type>標高点（測点）</type>
<alti>6</alti>
</ElevPt>
<ElevPt gml:id="K2_4686011757_1">
<fid>46860-11757-i-1243</fid>
<lfSpanFr gml:id="K2_4686011757_1-1">
<gml:timePosition>2021-02-10</gml:timePosition>
</lfSpanFr>
<devDate gml:id="K2_4686011757_1-2">
<gml:timePosition>2025-02-26</gml:timePosition>
</devDate>
<orgGILvl>25000</orgGILvl>
<vis>表示</vis>
<pos>
<gml:Point gml:id="K2_4686011757_1-g" srsName="fguuid:jgd2011.bl">
<gml:pos>32.659036456 130.171863281</gml:pos>
</gml:Point>
</pos>
<type>標高点（測点）</type>
<alti>242</alti>
</ElevPt>
<ElevPt gml:id="K2_4686311733_1">
<fid>46863-11733-i-1687</fid>
<lfSpanFr gml:id="K2_4686311733_1-1">
<gml:timePosition>2021-02-10</gml:timePosition>
</lfSpanFr>
<devDate gml:id="K2_4686311733_1-2">
<gml:timePosition>2025-02-26</gml:timePosition>
</devDate>
<orgGILvl>25000</orgGILvl>
<vis>表示</vis>
<pos>
<gml:Point gml:id="K2_4686311733_1-g" srsName="fguuid:jgd2011.bl">
<gml:pos>32.595618370 130.179411086</gml:pos>
</gml:Point>
</pos>
<type>標高点（測点）</type>
<alti>58</alti>
</ElevPt>
<ElevPt gml:id="K2_4686311736_1">
<fid>46863-11736-i-1334</fid>
<lfSpanFr gml:id="K2_4686311736_1-1">
<gml:timePosition>2021-02-10</gml:timePosition>
</lfSpanFr>
<devDate gml:id="K2_4686311736_1-2">
<gml:timePosition>2025-02-26</gml:timePosition>
</devDate>
<orgGILvl>25000</orgGILvl>
<vis>表示</vis>
<pos>
<gml:Point gml:id="K2_4686311736_1-g" srsName="fguuid:jgd2011.bl">
<gml:pos>32.601200316 130.180624693</gml:pos>
</gml:Point>
</pos>
<type>標高点（測点）</type>
<alti>94</alti>
</ElevPt>
<ElevPt gml:id="K2_4686311736_2">
<fid>46863-11736-i-1335</fid>
<lfSpanFr gml:id="K2_4686311736_2-1">
<gml:timePosition>2021-02-10</gml:timePosition>
</lfSpanFr>
<devDate gml:id="K2_4686311736_2-2">
<gml:timePosition>2025-02-26</gml:timePosition>
</devDate>
<orgGILvl>25000</orgGILvl>
<vis>表示</vis>
<pos>
<gml:Point gml:id="K2_4686311736_2-g" srsName="fguuid:jgd2011.bl">
<gml:pos>32.602520309 130.175931468</gml:pos>
</gml:Point>
</pos>
<type>標高点（測点）</type>
<alti>27</alti>
</ElevPt>
<ElevPt gml:id="K2_4686311739_1">
<fid>46863-11739-i-3010</fid>
<lfSpanFr gml:id="K2_4686311739_1-1">
<gml:timePosition>2020-06-22</gml:timePosition>
</lfSpanFr>
<devDate gml:id="K2_4686311739_1-2">
<gml:timePosition>2025-02-26</gml:timePosition>
</devDate>
<orgGILvl>25000</orgGILvl>
<vis>表示</vis>
<pos>
<gml:Point gml:id="K2_4686311739_1-g" srsName="fguuid:jgd2011.bl">
<gml:pos>32.616231972 130.178328009</gml:pos>
</gml:Point>
</pos>
<type>標高点（測点）</type>
<alti>48</alti>
</ElevPt>
<ElevPt gml:id="K2_4686311739_2">
<fid>46863-11739-i-3011</fid>
<lfSpanFr gml:id="K2_4686311739_2-1">
<gml:timePosition>2020-06-22</gml:timePosition>
</lfSpanFr>
<devDate gml:id="K2_4686311739_2-2">
<gml:timePosition>2025-02-26</gml:timePosition>
</devDate>
<orgGILvl>25000</orgGILvl>
<vis>表示</vis>
<pos>
<gml:Point gml:id="K2_4686311739_2-g" srsName="fguuid:jgd2011.bl">
<gml:pos>32.610008365 130.178481351</gml:pos>
</gml:Point>
</pos>
<type>標高点（測点）</type>
<alti>16</alti>
</ElevPt>
<ElevPt gml:id="K2_4686311745_1">
<fid>46863-11745-i-725</fid>
<lfSpanFr gml:id="K2_4686311745_1-1">
<gml:timePosition>2021-02-10</gml:timePosition>
</lfSpanFr>
<devDate gml:id="K2_4686311745_1-2">
<gml:timePosition>2025-02-26</gml:timePosition>
</devDate>
<orgGILvl>25000</orgGILvl>
<vis>表示</vis>
<pos>
<gml:Point gml:id="K2_4686311745_1-g" srsName="fguuid:jgd2011.bl">
<gml:pos>32.633127531 130.177874104</gml:pos>
</gml:Point>
</pos>
<type>標高点（測点）</type>
<alti>84</alti>
</ElevPt>
<ElevPt gml:id="K2_4686311751_1">
<fid>46863-11751-i-1566</fid>
<lfSpanFr gml:id="K2_4686311751_1-1">
<gml:timePosition>2021-02-10</gml:timePosition>
</lfSpanFr>
<devDate gml:id="K2_4686311751_1-2">
<gml:timePosition>2025-02-26</gml:timePosition>
</devDate>
<orgGILvl>25000</orgGILvl>
<vis>表示</vis>
<pos>
<gml:Point gml:id="K2_4686311751_1-g" srsName="fguuid:jgd2011.bl">
<gml:pos>32.644217829 130.179367988</gml:pos>
</gml:Point>
</pos>
<type>標高点（測点）</type>
<alti>55</alti>
</ElevPt>
<ElevPt gml:id="K2_4686311757_1">
<fid>46863-11757-i-1737</fid>
<lfSpanFr gml:id="K2_4686311757_1-1">
<gml:timePosition>2021-02-10</gml:timePosition>
</lfSpanFr>
<devDate gml:id="K2_4686311757_1-2">
<gml:timePosition>2025-02-26</gml:timePosition>
</devDate>
<orgGILvl>25000</orgGILvl>
<vis>表示</vis>
<pos>
<gml:Point gml:id="K2_4686311757_1-g" srsName="fguuid:jgd2011.bl">
<gml:pos>32.665879539 130.181495499</gml:pos>
</gml:Point>
</pos>
<type>標高点（測点）</type>
<alti>255</alti>
</ElevPt>
<ElevPt gml:id="K2_4686611742_1">
<fid>46866-11742-i-2148</fid>
<lfSpanFr gml:id="K2_4686611742_1-1">
<gml:timePosition>2020-06-22</gml:timePosition>
</lfSpanFr>
<devDate gml:id="K2_4686611742_1-2">
<gml:timePosition>2025-02-26</gml:timePosition>
</devDate>
<orgGILvl>25000</orgGILvl>
<vis>表示</vis>
<pos>
<gml:Point gml:id="K2_4686611742_1-g" srsName="fguuid:jgd2011.bl">
<gml:pos>32.620733374 130.190271890</gml:pos>
</gml:Point>
</pos>
<type>標高点（測点）</type>
<alti>22</alti>
</ElevPt>
<ElevPt gml:id="K2_4686611745_1">
<fid>46866-11745-i-1318</fid>
<lfSpanFr gml:id="K2_4686611745_1-1">
<gml:timePosition>2021-02-10</gml:timePosition>
</lfSpanFr>
<devDate gml:id="K2_4686611745_1-2">
<gml:timePosition>2025-02-26</gml:timePosition>
</devDate>
<orgGILvl>25000</orgGILvl>
<vis>表示</vis>
<pos>
<gml:Point gml:id="K2_4686611745_1-g" srsName="fguuid:jgd2011.bl">
<gml:pos>32.626593651 130.189151049</gml:pos>
</gml:Point>
</pos>
<type>標高点（測点）</type>
<alti>180</alti>
</ElevPt>
<ElevPt gml:id="K2_4686611748_1">
<fid>46866-11748-i-1619</fid>
<lfSpanFr gml:id="K2_4686611748_1-1">
<gml:timePosition>2021-02-10</gml:timePosition>
</lfSpanFr>
<devDate gml:id="K2_4686611748_1-2">
<gml:timePosition>2025-02-26</gml:timePosition>
</devDate>
<orgGILvl>25000</orgGILvl>
<vis>表示</vis>
<pos>
<gml:Point gml:id="K2_4686611748_1-g" srsName="fguuid:jgd2011.bl">
<gml:pos>32.638406994 130.191053812</gml:pos>
</gml:Point>
</pos>
<type>標高点（測点）</type>
<alti>101</alti>
</ElevPt>
<ElevPt gml:id="K2_4686611748_2">
<fid>46866-11748-i-1620</fid>
<lfSpanFr gml:id="K2_4686611748_2-1">
<gml:timePosition>2021-02-10</gml:timePosition>
</lfSpanFr>
<devDate gml:id="K2_4686611748_2-2">
<gml:timePosition>2025-02-26</gml:timePosition>
</devDate>
<orgGILvl>25000</orgGILvl>
<vis>表示</vis>
<pos>
<gml:Point gml:id="K2_4686611748_2-g" srsName="fguuid:jgd2011.bl">
<gml:pos>32.634240879 130.187404930</gml:pos>
</gml:Point>
</pos>
<type>標高点（測点）</type>
<alti>37</alti>
</ElevPt>
<ElevPt gml:id="K2_4686611748_3">
<fid>46866-11748-i-1621</fid>
<lfSpanFr gml:id="K2_4686611748_3-1">
<gml:timePosition>2021-02-10</gml:timePosition>
</lfSpanFr>
<devDate gml:id="K2_4686611748_3-2">
<gml:timePosition>2025-02-26</gml:timePosition>
</devDate>
<orgGILvl>25000</orgGILvl>
<vis>表示</vis>
<pos>
<gml:Point gml:id="K2_4686611748_3-g" srsName="fguuid:jgd2011.bl">
<gml:pos>32.639803382 130.184112985</gml:pos>
</gml:Point>
</pos>
<type>標高点（測点）</type>
<alti>17</alti>
</ElevPt>
<ElevPt gml:id="K2_4686611751_1">
<fid>46866-11751-i-1252</fid>
<lfSpanFr gml:id="K2_4686611751_1-1">
<gml:timePosition>2021-02-10</gml:timePosition>
</lfSpanFr>
<devDate gml:id="K2_4686611751_1-2">
<gml:timePosition>2025-02-26</gml:timePosition>
</devDate>
<orgGILvl>25000</orgGILvl>
<vis>表示</vis>
<pos>
<gml:Point gml:id="K2_4686611751_1-g" srsName="fguuid:jgd2011.bl">
<gml:pos>32.648556453 130.183822427</gml:pos>
</gml:Point>
</pos>
<type>標高点（測点）</type>
<alti>110</alti>
</ElevPt>
<ElevPt gml:id="K2_4686611754_1">
<fid>46866-11754-i-1391</fid>
<lfSpanFr gml:id="K2_4686611754_1-1">
<gml:timePosition>2021-02-10</gml:timePosition>
</lfSpanFr>
<devDate gml:id="K2_4686611754_1-2">
<gml:timePosition>2025-02-26</gml:timePosition>
</devDate>
<orgGILvl>25000</orgGILvl>
<vis>表示</vis>
<pos>
<gml:Point gml:id="K2_4686611754_1-g" srsName="fguuid:jgd2011.bl">
<gml:pos>32.655005912 130.184035486</gml:pos>
</gml:Point>
</pos>
<type>標高点（測点）</type>
<alti>243</alti>
</ElevPt>
<ElevPt gml:id="K2_4686611757_1">
<fid>46866-11757-i-680</fid>
<lfSpanFr gml:id="K2_4686611757_1-1">
<gml:timePosition>2021-02-10</gml:timePosition>
</lfSpanFr>
<devDate gml:id="K2_4686611757_1-2">
<gml:timePosition>2025-02-26</gml:timePosition>
</devDate>
<orgGILvl>25000</orgGILvl>
<vis>表示</vis>
<pos>
<gml:Point gml:id="K2_4686611757_1-g" srsName="fguuid:jgd2011.bl">
<gml:pos>32.663264270 130.191364091</gml:pos>
</gml:Point>
</pos>
<type>標高点（測点）</type>
<alti>127</alti>
</ElevPt>
<ElevPt gml:id="K2_4686911739_1">
<fid>46869-11739-i-2368</fid>
<lfSpanFr gml:id="K2_4686911739_1-1">
<gml:timePosition>2020-06-22</gml:timePosition>
</lfSpanFr>
<devDate gml:id="K2_4686911739_1-2">
<gml:timePosition>2025-02-26</gml:timePosition>
</devDate>
<orgGILvl>25000</orgGILvl>
<vis>表示</vis>
<pos>
<gml:Point gml:id="K2_4686911739_1-g" srsName="fguuid:jgd2011.bl">
<gml:pos>32.616193929 130.195705506</gml:pos>
</gml:Point>
</pos>
<type>標高点（測点）</type>
<alti>39</alti>
</ElevPt>
<ElevPt gml:id="K2_4686911739_2">
<fid>46869-11739-i-2461</fid>
<lfSpanFr gml:id="K2_4686911739_2-1">
<gml:timePosition>2020-06-22</gml:timePosition>
</lfSpanFr>
<devDate gml:id="K2_4686911739_2-2">
<gml:timePosition>2025-02-26</gml:timePosition>
</devDate>
<orgGILvl>25000</orgGILvl>
<pos>
<gml:Point gml:id="K2_4686911739_2-g" srsName="fguuid:jgd2011.bl">
<gml:pos>32.610295323 130.193185518</gml:pos>
</gml:Point>
</pos>
<type>標高点（測点）</type>
<alti>2</alti>
</ElevPt>
<ElevPt gml:id="K2_4686911745_1">
<fid>46869-11745-i-1304</fid>
<lfSpanFr gml:id="K2_4686911745_1-1">
<gml:timePosition>2021-02-10</gml:timePosition>
</lfSpanFr>
<devDate gml:id="K2_4686911745_1-2">
<gml:timePosition>2025-02-26</gml:timePosition>
</devDate>
<orgGILvl>25000</orgGILvl>
<vis>表示</vis>
<pos>
<gml:Point gml:id="K2_4686911745_1-g" srsName="fguuid:jgd2011.bl">
<gml:pos>32.627880875 130.198778538</gml:pos>
</gml:Point>
</pos>
<type>標高点（測点）</type>
<alti>120</alti>
</ElevPt>
<ElevPt gml:id="K2_4686911757_1">
<fid>46869-11757-i-1089</fid>
<lfSpanFr gml:id="K2_4686911757_1-1">
<gml:timePosition>2021-02-10</gml:timePosition>
</lfSpanFr>
<devDate gml:id="K2_4686911757_1-2">
<gml:timePosition>2025-02-26</gml:timePosition>
</devDate>
<orgGILvl>25000</orgGILvl>
<vis>表示</vis>
<pos>
<gml:Point gml:id="K2_4686911757_1-g" srsName="fguuid:jgd2011.bl">
<gml:pos>32.659668152 130.199053241</gml:pos>
</gml:Point>
</pos>
<type>標高点（測点）</type>
<alti>115</alti>
</ElevPt>
<ElevPt gml:id="K2_4687211739_1">
<fid>46872-11739-i-2204</fid>
<lfSpanFr gml:id="K2_4687211739_1-1">
<gml:timePosition>2021-02-10</gml:timePosition>
</lfSpanFr>
<devDate gml:id="K2_4687211739_1-2">
<gml:timePosition>2025-02-26</gml:timePosition>
</devDate>
<orgGILvl>25000</orgGILvl>
<vis>表示</vis>
<pos>
<gml:Point gml:id="K2_4687211739_1-g" srsName="fguuid:jgd2011.bl">
<gml:pos>32.610223436 130.202650545</gml:pos>
</gml:Point>
</pos>
<type>標高点（測点）</type>
<alti>2</alti>
</ElevPt>
<ElevPt gml:id="K2_4687211742_1">
<fid>46872-11742-i-1721</fid>
<lfSpanFr gml:id="K2_4687211742_1-1">
<gml:timePosition>2021-02-10</gml:timePosition>
</lfSpanFr>
<devDate gml:id="K2_4687211742_1-2">
<gml:timePosition>2025-02-26</gml:timePosition>
</devDate>
<orgGILvl>25000</orgGILvl>
<vis>表示</vis>
<pos>
<gml:Point gml:id="K2_4687211742_1-g" srsName="fguuid:jgd2011.bl">
<gml:pos>32.619491428 130.200643552</gml:pos>
</gml:Point>
</pos>
<type>標高点（測点）</type>
<alti>162</alti>
</ElevPt>
<ElevPt gml:id="K2_4687211742_2">
<fid>46872-11742-i-1722</fid>
<lfSpanFr gml:id="K2_4687211742_2-1">
<gml:timePosition>2021-02-10</gml:timePosition>
</lfSpanFr>
<devDate gml:id="K2_4687211742_2-2">
<gml:timePosition>2025-02-26</gml:timePosition>
</devDate>
<orgGILvl>25000</orgGILvl>
<vis>表示</vis>
<pos>
<gml:Point gml:id="K2_4687211742_2-g" srsName="fguuid:jgd2011.bl">
<gml:pos>32.624174470 130.206767699</gml:pos>
</gml:Point>
</pos>
<type>標高点（測点）</type>
<alti>204</alti>
</ElevPt>
<ElevPt gml:id="K2_4687211745_1">
<fid>46872-11745-i-1171</fid>
<lfSpanFr gml:id="K2_4687211745_1-1">
<gml:timePosition>2021-02-10</gml:timePosition>
</lfSpanFr>
<devDate gml:id="K2_4687211745_1-2">
<gml:timePosition>2025-02-26</gml:timePosition>
</devDate>
<orgGILvl>25000</orgGILvl>
<vis>表示</vis>
<pos>
<gml:Point gml:id="K2_4687211745_1-g" srsName="fguuid:jgd2011.bl">
<gml:pos>32.629020860 130.205727691</gml:pos>
</gml:Point>
</pos>
<type>標高点（測点）</type>
<alti>237</alti>
</ElevPt>
<ElevPt gml:id="K2_4687211748_1">
<fid>46872-11748-i-1822</fid>
<lfSpanFr gml:id="K2_4687211748_1-1">
<gml:timePosition>2021-02-10</gml:timePosition>
</lfSpanFr>
<devDate gml:id="K2_4687211748_1-2">
<gml:timePosition>2025-02-26</gml:timePosition>
</devDate>
<orgGILvl>25000</orgGILvl>
<vis>表示</vis>
<pos>
<gml:Point gml:id="K2_4687211748_1-g" srsName="fguuid:jgd2011.bl">
<gml:pos>32.637875316 130.202571851</gml:pos>
</gml:Point>
</pos>
<type>標高点（測点）</type>
<alti>182</alti>
</ElevPt>
<ElevPt gml:id="K2_4687211757_1">
<fid>46872-11757-i-1169</fid>
<lfSpanFr gml:id="K2_4687211757_1-1">
<gml:timePosition>2021-02-10</gml:timePosition>
</lfSpanFr>
<devDate gml:id="K2_4687211757_1-2">
<gml:timePosition>2025-02-26</gml:timePosition>
</devDate>
<orgGILvl>25000</orgGILvl>
<vis>表示</vis>
<pos>
<gml:Point gml:id="K2_4687211757_1-g" srsName="fguuid:jgd2011.bl">
<gml:pos>32.664639534 130.206889912</gml:pos>
</gml:Point>
</pos>
<type>標高点（測点）</type>
<alti>201</alti>
</ElevPt>
<ElevPt gml:id="K2_4687511748_1">
<fid>46875-11748-i-577</fid>
<lfSpanFr gml:id="K2_4687511748_1-1">
<gml:timePosition>2017-09-25</gml:timePosition>
</lfSpanFr>
<devDate gml:id="K2_4687511748_1-2">
<gml:timePosition>2025-02-26</gml:timePosition>
</devDate>
<orgGILvl>25000</orgGILvl>
<vis>表示</vis>
<pos>
<gml:Point gml:id="K2_4687511748_1-g" srsName="fguuid:jgd2011.bl">
<gml:pos>32.635075563 130.212350724</gml:pos>
</gml:Point>
</pos>
<type>標高点（測点）</type>
<alti>383</alti>
</ElevPt>
<ElevPt gml:id="K2_4687511754_1">
<fid>46875-11754-i-1552</fid>
<lfSpanFr gml:id="K2_4687511754_1-1">
<gml:timePosition>2021-11-10</gml:timePosition>
</lfSpanFr>
<devDate gml:id="K2_4687511754_1-2">
<gml:timePosition>2025-02-26</gml:timePosition>
</devDate>
<orgGILvl>25000</orgGILvl>
<vis>表示</vis>
<pos>
<gml:Point gml:id="K2_4687511754_1-g" srsName="fguuid:jgd2011.bl">
<gml:pos>32.650625606 130.209187669</gml:pos>
</gml:Point>
</pos>
<type>標高点（測点）</type>
<alti>166</alti>
</ElevPt>
<ElevPt gml:id="K2_4687511754_2">
<fid>46875-11754-i-1553</fid>
<lfSpanFr gml:id="K2_4687511754_2-1">
<gml:timePosition>2021-11-10</gml:timePosition>
</lfSpanFr>
<devDate gml:id="K2_4687511754_2-2">
<gml:timePosition>2025-02-26</gml:timePosition>
</devDate>
<orgGILvl>25000</orgGILvl>
<vis>表示</vis>
<pos>
<gml:Point gml:id="K2_4687511754_2-g" srsName="fguuid:jgd2011.bl">
<gml:pos>32.654658372 130.215385446</gml:pos>
</gml:Point>
</pos>
<type>標高点（測点）</type>
<alti>45</alti>
</ElevPt>
<ElevPt gml:id="K2_4687511757_1">
<fid>46875-11757-i-1325</fid>
<lfSpanFr gml:id="K2_4687511757_1-1">
<gml:timePosition>2021-11-10</gml:timePosition>
</lfSpanFr>
<devDate gml:id="K2_4687511757_1-2">
<gml:timePosition>2025-02-26</gml:timePosition>
</devDate>
<orgGILvl>25000</orgGILvl>
<vis>表示</vis>
<pos>
<gml:Point gml:id="K2_4687511757_1-g" srsName="fguuid:jgd2011.bl">
<gml:pos>32.659643127 130.209446015</gml:pos>
</gml:Point>
</pos>
<type>標高点（測点）</type>
<alti>66</alti>
</ElevPt>
<ElevPt gml:id="K2_4687811739_1">
<fid>46878-11739-i-714</fid>
<lfSpanFr gml:id="K2_4687811739_1-1">
<gml:timePosition>2017-09-25</gml:timePosition>
</lfSpanFr>
<devDate gml:id="K2_4687811739_1-2">
<gml:timePosition>2025-02-26</gml:timePosition>
</devDate>
<orgGILvl>25000</orgGILvl>
<vis>表示</vis>
<pos>
<gml:Point gml:id="K2_4687811739_1-g" srsName="fguuid:jgd2011.bl">
<gml:pos>32.611457253 130.217569944</gml:pos>
</gml:Point>
</pos>
<type>標高点（測点）</type>
<alti>78</alti>
</ElevPt>
<ElevPt gml:id="K2_4687811745_1">
<fid>46878-11745-i-663</fid>
<lfSpanFr gml:id="K2_4687811745_1-1">
<gml:timePosition>2017-09-25</gml:timePosition>
</lfSpanFr>
<devDate gml:id="K2_4687811745_1-2">
<gml:timePosition>2025-02-26</gml:timePosition>
</devDate>
<orgGILvl>25000</orgGILvl>
<vis>表示</vis>
<pos>
<gml:Point gml:id="K2_4687811745_1-g" srsName="fguuid:jgd2011.bl">
<gml:pos>32.630903315 130.218466542</gml:pos>
</gml:Point>
</pos>
<type>標高点（測点）</type>
<alti>281</alti>
</ElevPt>
<ElevPt gml:id="K2_4687811748_1">
<fid>46878-11748-i-2430</fid>
<lfSpanFr gml:id="K2_4687811748_1-1">
<gml:timePosition>2021-11-10</gml:timePosition>
</lfSpanFr>
<devDate gml:id="K2_4687811748_1-2">
<gml:timePosition>2025-02-26</gml:timePosition>
</devDate>
<orgGILvl>25000</orgGILvl>
<vis>表示</vis>
<pos>
<gml:Point gml:id="K2_4687811748_1-g" srsName="fguuid:jgd2011.bl">
<gml:pos>32.641657791 130.218904420</gml:pos>
</gml:Point>
</pos>
<type>標高点（測点）</type>
<alti>241</alti>
</ElevPt>
<ElevPt gml:id="K2_4688111739_1">
<fid>46881-11739-i-2755</fid>
<lfSpanFr gml:id="K2_4688111739_1-1">
<gml:timePosition>2021-02-10</gml:timePosition>
</lfSpanFr>
<devDate gml:id="K2_4688111739_1-2">
<gml:timePosition>2025-02-26</gml:timePosition>
</devDate>
<orgGILvl>25000</orgGILvl>
<vis>表示</vis>
<pos>
<gml:Point gml:id="K2_4688111739_1-g" srsName="fguuid:jgd2011.bl">
<gml:pos>32.610522857 130.226392318</gml:pos>
</gml:Point>
</pos>
<type>標高点（測点）</type>
<alti>3</alti>
</ElevPt>
<ElevPt gml:id="K2_4688111748_1">
<fid>46881-11748-i-3083</fid>
<lfSpanFr gml:id="K2_4688111748_1-1">
<gml:timePosition>2021-11-10</gml:timePosition>
</lfSpanFr>
<devDate gml:id="K2_4688111748_1-2">
<gml:timePosition>2025-02-26</gml:timePosition>
</devDate>
<orgGILvl>25000</orgGILvl>
<vis>表示</vis>
<pos>
<gml:Point gml:id="K2_4688111748_1-g" srsName="fguuid:jgd2011.bl">
<gml:pos>32.637144392 130.226175952</gml:pos>
</gml:Point>
</pos>
<type>標高点（測点）</type>
<alti>181</alti>
</ElevPt>
<ElevPt gml:id="K2_4688111751_1">
<fid>46881-11751-i-1803</fid>
<lfSpanFr gml:id="K2_4688111751_1-1">
<gml:timePosition>2017-09-25</gml:timePosition>
</lfSpanFr>
<devDate gml:id="K2_4688111751_1-2">
<gml:timePosition>2025-02-26</gml:timePosition>
</devDate>
<orgGILvl>25000</orgGILvl>
<vis>表示</vis>
<pos>
<gml:Point gml:id="K2_4688111751_1-g" srsName="fguuid:jgd2011.bl">
<gml:pos>32.645274399 130.227028178</gml:pos>
</gml:Point>
</pos>
<type>標高点（測点）</type>
<alti>154</alti>
</ElevPt>
<ElevPt gml:id="K2_4688111754_1">
<fid>46881-11754-i-1548</fid>
<lfSpanFr gml:id="K2_4688111754_1-1">
<gml:timePosition>2021-11-10</gml:timePosition>
</lfSpanFr>
<devDate gml:id="K2_4688111754_1-2">
<gml:timePosition>2025-02-26</gml:timePosition>
</devDate>
<orgGILvl>25000</orgGILvl>
<vis>表示</vis>
<pos>
<gml:Point gml:id="K2_4688111754_1-g" srsName="fguuid:jgd2011.bl">
<gml:pos>32.654499954 130.231949302</gml:pos>
</gml:Point>
</pos>
<type>標高点（測点）</type>
<alti>19</alti>
</ElevPt>
<ElevPt gml:id="K2_4688111757_1">
<fid>46881-11757-i-1871</fid>
<lfSpanFr gml:id="K2_4688111757_1-1">
<gml:timePosition>2021-11-10</gml:timePosition>
</lfSpanFr>
<devDate gml:id="K2_4688111757_1-2">
<gml:timePosition>2025-02-26</gml:timePosition>
</devDate>
<orgGILvl>25000</orgGILvl>
<vis>表示</vis>
<pos>
<gml:Point gml:id="K2_4688111757_1-g" srsName="fguuid:jgd2011.bl">
<gml:pos>32.659849727 130.225093782</gml:pos>
</gml:Point>
</pos>
<type>標高点（測点）</type>
<alti>38</alti>
</ElevPt>
<ElevPt gml:id="K2_4688411742_1">
<fid>46884-11742-i-1002</fid>
<lfSpanFr gml:id="K2_4688411742_1-1">
<gml:timePosition>2017-09-25</gml:timePosition>
</lfSpanFr>
<devDate gml:id="K2_4688411742_1-2">
<gml:timePosition>2025-02-26</gml:timePosition>
</devDate>
<orgGILvl>25000</orgGILvl>
<vis>表示</vis>
<pos>
<gml:Point gml:id="K2_4688411742_1-g" srsName="fguuid:jgd2011.bl">
<gml:pos>32.621097995 130.233565417</gml:pos>
</gml:Point>
</pos>
<type>標高点（測点）</type>
<alti>2</alti>
</ElevPt>
<ElevPt gml:id="K2_4688411748_1">
<fid>46884-11748-i-2721</fid>
<lfSpanFr gml:id="K2_4688411748_1-1">
<gml:timePosition>2021-11-10</gml:timePosition>
</lfSpanFr>
<devDate gml:id="K2_4688411748_1-2">
<gml:timePosition>2025-02-26</gml:timePosition>
</devDate>
<orgGILvl>25000</orgGILvl>
<vis>表示</vis>
<pos>
<gml:Point gml:id="K2_4688411748_1-g" srsName="fguuid:jgd2011.bl">
<gml:pos>32.635282102 130.236539244</gml:pos>
</gml:Point>
</pos>
<type>標高点（測点）</type>
<alti>81</alti>
</ElevPt>
<ElevPt gml:id="K2_4688411757_1">
<fid>46884-11757-i-1855</fid>
<lfSpanFr gml:id="K2_4688411757_1-1">
<gml:timePosition>2021-11-10</gml:timePosition>
</lfSpanFr>
<devDate gml:id="K2_4688411757_1-2">
<gml:timePosition>2025-02-26</gml:timePosition>
</devDate>
<orgGILvl>25000</orgGILvl>
<vis>表示</vis>
<pos>
<gml:Point gml:id="K2_4688411757_1-g" srsName="fguuid:jgd2011.bl">
<gml:pos>32.660554133 130.234565717</gml:pos>
</gml:Point>
</pos>
<type>標高点（測点）</type>
<alti>68</alti>
</ElevPt>
<ElevPt gml:id="K2_4688411757_2">
<fid>46884-11757-i-1856</fid>
<lfSpanFr gml:id="K2_4688411757_2-1">
<gml:timePosition>2021-11-10</gml:timePosition>
</lfSpanFr>
<devDate gml:id="K2_4688411757_2-2">
<gml:timePosition>2025-02-26</gml:timePosition>
</devDate>
<orgGILvl>25000</orgGILvl>
<vis>表示</vis>
<pos>
<gml:Point gml:id="K2_4688411757_2-g" srsName="fguuid:jgd2011.bl">
<gml:pos>32.666381378 130.241212711</gml:pos>
</gml:Point>
</pos>
<type>標高点（測点）</type>
<alti>71</alti>
</ElevPt>
<ElevPt gml:id="K2_4688711748_1">
<fid>46887-11748-i-1664</fid>
<lfSpanFr gml:id="K2_4688711748_1-1">
<gml:timePosition>2021-11-10</gml:timePosition>
</lfSpanFr>
<devDate gml:id="K2_4688711748_1-2">
<gml:timePosition>2025-02-26</gml:timePosition>
</devDate>
<orgGILvl>25000</orgGILvl>
<vis>表示</vis>
<pos>
<gml:Point gml:id="K2_4688711748_1-g" srsName="fguuid:jgd2011.bl">
<gml:pos>32.637786009 130.243156024</gml:pos>
</gml:Point>
</pos>
<type>標高点（測点）</type>
<alti>43</alti>
</ElevPt>
<ElevPt gml:id="K2_4688711751_1">
<fid>46887-11751-i-2339</fid>
<lfSpanFr gml:id="K2_4688711751_1-1">
<gml:timePosition>2021-11-10</gml:timePosition>
</lfSpanFr>
<devDate gml:id="K2_4688711751_1-2">
<gml:timePosition>2025-02-26</gml:timePosition>
</devDate>
<orgGILvl>25000</orgGILvl>
<vis>表示</vis>
<pos>
<gml:Point gml:id="K2_4688711751_1-g" srsName="fguuid:jgd2011.bl">
<gml:pos>32.645379583 130.242243678</gml:pos>
</gml:Point>
</pos>
<type>標高点（測点）</type>
<alti>38</alti>
</ElevPt>
<ElevPt gml:id="K2_4688711754_1">
<fid>46887-11754-i-2171</fid>
<lfSpanFr gml:id="K2_4688711754_1-1">
<gml:timePosition>2021-11-10</gml:timePosition>
</lfSpanFr>
<devDate gml:id="K2_4688711754_1-2">
<gml:timePosition>2025-02-26</gml:timePosition>
</devDate>
<orgGILvl>25000</orgGILvl>
<vis>表示</vis>
<pos>
<gml:Point gml:id="K2_4688711754_1-g" srsName="fguuid:jgd2011.bl">
<gml:pos>32.652129902 130.242038719</gml:pos>
</gml:Point>
</pos>
<type>標高点（測点）</type>
<alti>8</alti>
</ElevPt>
<ElevPt gml:id="K2_4688711757_1">
<fid>46887-11757-i-1598</fid>
<lfSpanFr gml:id="K2_4688711757_1-1">
<gml:timePosition>2021-11-10</gml:timePosition>
</lfSpanFr>
<devDate gml:id="K2_4688711757_1-2">
<gml:timePosition>2025-02-26</gml:timePosition>
</devDate>
<orgGILvl>25000</orgGILvl>
<vis>表示</vis>
<pos>
<gml:Point gml:id="K2_4688711757_1-g" srsName="fguuid:jgd2011.bl">
<gml:pos>32.661554681 130.243907681</gml:pos>
</gml:Point>
</pos>
<type>標高点（測点）</type>
<alti>104</alti>
</ElevPt>
</Dataset>
