<?xml version="1.0" encoding="utf-8"?>
<Dataset xsi:schemaLocation="http://fgd.gsi.go.jp/spec/2008/FGD_GMLSchema FGD_GMLSchema.xsd"
	xmlns:gml="http://www.opengis.net/gml/3.2"
	xmlns:xsi="http://www.w3.org/2001/XMLSchema-instance"
	xmlns:xlink="http://www.w3.org/1999/xlink"
	xmlns="http://fgd.gsi.go.jp/spec/2008/FGD_GMLSchema"
	gml:id="Dataset1">
  <gml:description>基盤地図情報メタデータ ID=fmdid:25-0331</gml:description>
  <gml:name>基盤地図情報ダウンロードデータ（GML版）</gml:name>
<WStrL gml:id="K27_4666811856_1">
<fid>46668-11856-s-2511</fid>
<lfSpanFr gml:id="K27_4666811856_1-1">
<gml:timePosition>2023-02-21</gml:timePosition>
</lfSpanFr>
<devDate gml:id="K27_4666811856_1-2">
<gml:timePosition>2025-02-26</gml:timePosition>
</devDate>
<orgGILvl>2500</orgGILvl>
<vis>表示</vis>
<loc>
<gml:Curve gml:id="K27_4666811856_1-g" srsName="fguuid:jgd2011.bl">
<gml:segments>
<gml:LineStringSegment>
<gml:posList>
32.940868842 129.638699064
32.940571738 129.638738248
32.940555358 129.638560505
32.940510316 129.638566383
32.940503904 129.638497287
32.940507893 129.638491387
32.940617548 129.638477201
32.940613744 129.638434537
32.940557122 129.637824360
32.940559516 129.637820820
32.940688592 129.637803974
32.940691577 129.637806812
32.940752207 129.638459472
32.940885709 129.638442079
32.940890684 129.638446809
32.940897096 129.638515906
32.940852278 129.638521755
32.940868842 129.638699064
</gml:posList>
</gml:LineStringSegment>
</gml:segments>
</gml:Curve>
</loc>
<type>桟橋（鉄，コンクリート）</type>
</WStrL>
</Dataset>
