<?xml version="1.0" encoding="utf-8"?>
<Dataset xsi:schemaLocation="http://fgd.gsi.go.jp/spec/2008/FGD_GMLSchema FGD_GMLSchema.xsd"
	xmlns:gml="http://www.opengis.net/gml/3.2"
	xmlns:xsi="http://www.w3.org/2001/XMLSchema-instance"
	xmlns:xlink="http://www.w3.org/1999/xlink"
	xmlns="http://fgd.gsi.go.jp/spec/2008/FGD_GMLSchema"
	gml:id="Dataset1">
  <gml:description>基盤地図情報メタデータ ID=fmdid:25-0331</gml:description>
  <gml:name>基盤地図情報ダウンロードデータ（GML版）</gml:name>
<GCP gml:id="K1_492935_1">
<fid>10-00100-0-2402-21683</fid>
<lfSpanFr gml:id="K1_492935_1-1">
<gml:timePosition>2025-02-19</gml:timePosition>
</lfSpanFr>
<devDate gml:id="K1_492935_1-2">
<gml:timePosition>2025-02-26</gml:timePosition>
</devDate>
<orgGILvl>KJ12</orgGILvl>
<vis>表示</vis>
<pos>
<gml:Point gml:id="K1_492935_1-g" srsName="fguuid:jgd2011.bl">
<gml:pos>32.977332000 129.686481361</gml:pos>
</gml:Point>
</pos>
<orgName>国土地理院</orgName>
<type>三角点</type>
<gcpClass>二等三角点</gcpClass>
<gcpCode>TR24929357401</gcpCode>
<name>多以良村</name>
<B>118718.3952</B>
<L>466871.3329</L>
<alti>335.62</alti>
<altiAcc>2</altiAcc>
</GCP>
<GCP gml:id="K1_492935_2">
<fid>10-00100-0-2402-28272</fid>
<lfSpanFr gml:id="K1_492935_2-1">
<gml:timePosition>2025-02-19</gml:timePosition>
</lfSpanFr>
<devDate gml:id="K1_492935_2-2">
<gml:timePosition>2025-02-26</gml:timePosition>
</devDate>
<orgGILvl>KJ13</orgGILvl>
<vis>表示</vis>
<pos>
<gml:Point gml:id="K1_492935_2-g" srsName="fguuid:jgd2011.bl">
<gml:pos>32.922042694 129.638972889</gml:pos>
</gml:Point>
</pos>
<orgName>国土地理院</orgName>
<type>三角点</type>
<gcpClass>三等三角点</gcpClass>
<gcpCode>TR34929350101</gcpCode>
<name>福島</name>
<B>118519.3537</B>
<L>466700.3024</L>
<alti>66.19</alti>
<altiAcc>2</altiAcc>
</GCP>
<GCP gml:id="K1_492935_3">
<fid>10-00100-0-2402-28273</fid>
<lfSpanFr gml:id="K1_492935_3-1">
<gml:timePosition>2025-02-19</gml:timePosition>
</lfSpanFr>
<devDate gml:id="K1_492935_3-2">
<gml:timePosition>2025-02-26</gml:timePosition>
</devDate>
<orgGILvl>KJ13</orgGILvl>
<vis>表示</vis>
<pos>
<gml:Point gml:id="K1_492935_3-g" srsName="fguuid:jgd2011.bl">
<gml:pos>32.930396917 129.704473444</gml:pos>
</gml:Point>
</pos>
<orgName>国土地理院</orgName>
<type>三角点</type>
<gcpClass>三等三角点</gcpClass>
<gcpCode>TR34929351601</gcpCode>
<name>焼山</name>
<B>118549.4289</B>
<L>466936.1044</L>
<alti>416.41</alti>
<altiAcc>2</altiAcc>
</GCP>
<GCP gml:id="K1_492935_4">
<fid>10-00100-0-2402-28274</fid>
<lfSpanFr gml:id="K1_492935_4-1">
<gml:timePosition>2025-02-19</gml:timePosition>
</lfSpanFr>
<devDate gml:id="K1_492935_4-2">
<gml:timePosition>2025-02-26</gml:timePosition>
</devDate>
<orgGILvl>KJ13</orgGILvl>
<vis>表示</vis>
<pos>
<gml:Point gml:id="K1_492935_4-g" srsName="fguuid:jgd2011.bl">
<gml:pos>32.932985639 129.738337500</gml:pos>
</gml:Point>
</pos>
<orgName>国土地理院</orgName>
<type>三角点</type>
<gcpClass>三等三角点</gcpClass>
<gcpCode>TR34929351901</gcpCode>
<name>音無</name>
<B>118558.7483</B>
<L>467058.015</L>
<alti>530.71</alti>
<altiAcc>2</altiAcc>
</GCP>
<GCP gml:id="K1_492935_5">
<fid>10-00100-0-2402-28275</fid>
<lfSpanFr gml:id="K1_492935_5-1">
<gml:timePosition>2025-02-19</gml:timePosition>
</lfSpanFr>
<devDate gml:id="K1_492935_5-2">
<gml:timePosition>2025-02-26</gml:timePosition>
</devDate>
<orgGILvl>KJ13</orgGILvl>
<vis>表示</vis>
<pos>
<gml:Point gml:id="K1_492935_5-g" srsName="fguuid:jgd2011.bl">
<gml:pos>32.937907278 129.672748250</gml:pos>
</gml:Point>
</pos>
<orgName>国土地理院</orgName>
<type>三角点</type>
<gcpClass>三等三角点</gcpClass>
<gcpCode>TR34929352301</gcpCode>
<name>東濱</name>
<B>118576.4662</B>
<L>466821.8937</L>
<alti>131.99</alti>
<altiAcc>2</altiAcc>
</GCP>
<GCP gml:id="K1_492935_6">
<fid>10-00100-0-2402-28276</fid>
<lfSpanFr gml:id="K1_492935_6-1">
<gml:timePosition>2025-02-19</gml:timePosition>
</lfSpanFr>
<devDate gml:id="K1_492935_6-2">
<gml:timePosition>2025-02-26</gml:timePosition>
</devDate>
<orgGILvl>KJ13</orgGILvl>
<vis>表示</vis>
<pos>
<gml:Point gml:id="K1_492935_6-g" srsName="fguuid:jgd2011.bl">
<gml:pos>32.947951583 129.646519306</gml:pos>
</gml:Point>
</pos>
<orgName>国土地理院</orgName>
<type>三角点</type>
<gcpClass>三等三角点</gcpClass>
<gcpCode>TR34929353101</gcpCode>
<name>板浦</name>
<B>118612.6257</B>
<L>466727.4695</L>
<alti>208.6</alti>
<altiAcc>2</altiAcc>
</GCP>
<GCP gml:id="K1_492935_7">
<fid>10-00100-0-2402-28277</fid>
<lfSpanFr gml:id="K1_492935_7-1">
<gml:timePosition>2025-02-19</gml:timePosition>
</lfSpanFr>
<devDate gml:id="K1_492935_7-2">
<gml:timePosition>2025-02-26</gml:timePosition>
</devDate>
<orgGILvl>KJ13</orgGILvl>
<vis>表示</vis>
<pos>
<gml:Point gml:id="K1_492935_7-g" srsName="fguuid:jgd2011.bl">
<gml:pos>32.961219556 129.669290667</gml:pos>
</gml:Point>
</pos>
<orgName>国土地理院</orgName>
<type>三角点</type>
<gcpClass>三等三角点</gcpClass>
<gcpCode>TR34929355301</gcpCode>
<name>下山</name>
<B>118660.3904</B>
<L>466809.4464</L>
<alti>216.21</alti>
<altiAcc>2</altiAcc>
</GCP>
<GCP gml:id="K1_492935_8">
<fid>10-00100-0-2402-28278</fid>
<lfSpanFr gml:id="K1_492935_8-1">
<gml:timePosition>2025-02-19</gml:timePosition>
</lfSpanFr>
<devDate gml:id="K1_492935_8-2">
<gml:timePosition>2025-02-26</gml:timePosition>
</devDate>
<orgGILvl>KJ13</orgGILvl>
<vis>表示</vis>
<pos>
<gml:Point gml:id="K1_492935_8-g" srsName="fguuid:jgd2011.bl">
<gml:pos>32.962495861 129.724432389</gml:pos>
</gml:Point>
</pos>
<orgName>国土地理院</orgName>
<type>三角点</type>
<gcpClass>三等三角点</gcpClass>
<gcpCode>TR34929355701</gcpCode>
<name>鳥加</name>
<B>118664.9851</B>
<L>467007.9566</L>
<alti>323.16</alti>
<altiAcc>2</altiAcc>
</GCP>
<GCP gml:id="K1_492935_9">
<fid>10-00100-0-2402-28279</fid>
<lfSpanFr gml:id="K1_492935_9-1">
<gml:timePosition>2025-02-19</gml:timePosition>
</lfSpanFr>
<devDate gml:id="K1_492935_9-2">
<gml:timePosition>2025-02-26</gml:timePosition>
</devDate>
<orgGILvl>KJ13</orgGILvl>
<vis>表示</vis>
<pos>
<gml:Point gml:id="K1_492935_9-g" srsName="fguuid:jgd2011.bl">
<gml:pos>32.969296222 129.746462639</gml:pos>
</gml:Point>
</pos>
<orgName>国土地理院</orgName>
<type>三角点</type>
<gcpClass>三等三角点</gcpClass>
<gcpCode>TR34929356901</gcpCode>
<name>杣木場</name>
<B>118689.4664</B>
<L>467087.2655</L>
<alti>316.1</alti>
<altiAcc>2</altiAcc>
</GCP>
<GCP gml:id="K1_492935_10">
<fid>10-00100-0-2402-28280</fid>
<lfSpanFr gml:id="K1_492935_10-1">
<gml:timePosition>2025-02-19</gml:timePosition>
</lfSpanFr>
<devDate gml:id="K1_492935_10-2">
<gml:timePosition>2025-02-26</gml:timePosition>
</devDate>
<orgGILvl>KJ13</orgGILvl>
<vis>表示</vis>
<pos>
<gml:Point gml:id="K1_492935_10-g" srsName="fguuid:jgd2011.bl">
<gml:pos>32.975397639 129.638742278</gml:pos>
</gml:Point>
</pos>
<orgName>国土地理院</orgName>
<type>三角点</type>
<gcpClass>三等三角点</gcpClass>
<gcpCode>TR34929357101</gcpCode>
<name>清水</name>
<B>118711.4315</B>
<L>466699.4722</L>
<alti>228.99</alti>
<altiAcc>2</altiAcc>
</GCP>
<GCP gml:id="K1_492935_11">
<fid>10-00100-0-2402-28281</fid>
<lfSpanFr gml:id="K1_492935_11-1">
<gml:timePosition>2025-02-19</gml:timePosition>
</lfSpanFr>
<devDate gml:id="K1_492935_11-2">
<gml:timePosition>2025-02-26</gml:timePosition>
</devDate>
<orgGILvl>KJ13</orgGILvl>
<vis>表示</vis>
<pos>
<gml:Point gml:id="K1_492935_11-g" srsName="fguuid:jgd2011.bl">
<gml:pos>32.990722972 129.713848972</gml:pos>
</gml:Point>
</pos>
<orgName>国土地理院</orgName>
<type>三角点</type>
<gcpClass>三等三角点</gcpClass>
<gcpCode>TR34929358701</gcpCode>
<name>平山</name>
<B>118766.6027</B>
<L>466969.8563</L>
<alti>296.96</alti>
<altiAcc>2</altiAcc>
</GCP>
<GCP gml:id="K1_492935_12">
<fid>10-00100-0-2402-28282</fid>
<lfSpanFr gml:id="K1_492935_12-1">
<gml:timePosition>2025-02-19</gml:timePosition>
</lfSpanFr>
<devDate gml:id="K1_492935_12-2">
<gml:timePosition>2025-02-26</gml:timePosition>
</devDate>
<orgGILvl>KJ13</orgGILvl>
<vis>表示</vis>
<pos>
<gml:Point gml:id="K1_492935_12-g" srsName="fguuid:jgd2011.bl">
<gml:pos>32.991786500 129.663762611</gml:pos>
</gml:Point>
</pos>
<orgName>国土地理院</orgName>
<type>三角点</type>
<gcpClass>三等三角点</gcpClass>
<gcpCode>TR34929359301</gcpCode>
<name>本郷</name>
<B>118770.4314</B>
<L>466789.5454</L>
<alti>120.36</alti>
<altiAcc>2</altiAcc>
</GCP>
<GCP gml:id="K1_492935_13">
<fid>10-00100-0-2402-64276</fid>
<lfSpanFr gml:id="K1_492935_13-1">
<gml:timePosition>2025-02-19</gml:timePosition>
</lfSpanFr>
<devDate gml:id="K1_492935_13-2">
<gml:timePosition>2025-02-26</gml:timePosition>
</devDate>
<orgGILvl>KJ14</orgGILvl>
<vis>表示</vis>
<pos>
<gml:Point gml:id="K1_492935_13-g" srsName="fguuid:jgd2011.bl">
<gml:pos>32.918885500 129.674907167</gml:pos>
</gml:Point>
</pos>
<orgName>国土地理院</orgName>
<type>三角点</type>
<gcpClass>四等三角点</gcpClass>
<gcpCode>TR44929350301</gcpCode>
<name>雪浦</name>
<B>118507.9878</B>
<L>466829.6658</L>
<alti>200.02</alti>
<altiAcc>2</altiAcc>
</GCP>
<GCP gml:id="K1_492935_14">
<fid>10-00100-0-2402-64277</fid>
<lfSpanFr gml:id="K1_492935_14-1">
<gml:timePosition>2025-02-19</gml:timePosition>
</lfSpanFr>
<devDate gml:id="K1_492935_14-2">
<gml:timePosition>2025-02-26</gml:timePosition>
</devDate>
<orgGILvl>KJ14</orgGILvl>
<vis>表示</vis>
<pos>
<gml:Point gml:id="K1_492935_14-g" srsName="fguuid:jgd2011.bl">
<gml:pos>32.922570528 129.687012778</gml:pos>
</gml:Point>
</pos>
<orgName>国土地理院</orgName>
<type>三角点</type>
<gcpClass>四等三角点</gcpClass>
<gcpCode>TR44929350401</gcpCode>
<name>河通</name>
<B>118521.2539</B>
<L>466873.246</L>
<alti>276.16</alti>
<altiAcc>2</altiAcc>
</GCP>
<GCP gml:id="K1_492935_15">
<fid>10-00100-0-2402-64278</fid>
<lfSpanFr gml:id="K1_492935_15-1">
<gml:timePosition>2025-02-19</gml:timePosition>
</lfSpanFr>
<devDate gml:id="K1_492935_15-2">
<gml:timePosition>2025-02-26</gml:timePosition>
</devDate>
<orgGILvl>KJ14</orgGILvl>
<vis>表示</vis>
<pos>
<gml:Point gml:id="K1_492935_15-g" srsName="fguuid:jgd2011.bl">
<gml:pos>32.916733278 129.703970667</gml:pos>
</gml:Point>
</pos>
<orgName>国土地理院</orgName>
<type>三角点</type>
<gcpClass>四等三角点</gcpClass>
<gcpCode>TR44929350601</gcpCode>
<name>熊添</name>
<B>118500.2398</B>
<L>466934.2944</L>
<alti>340.11</alti>
<altiAcc>2</altiAcc>
</GCP>
<GCP gml:id="K1_492935_16">
<fid>10-00100-0-2402-64279</fid>
<lfSpanFr gml:id="K1_492935_16-1">
<gml:timePosition>2025-02-19</gml:timePosition>
</lfSpanFr>
<devDate gml:id="K1_492935_16-2">
<gml:timePosition>2025-02-26</gml:timePosition>
</devDate>
<orgGILvl>KJ14</orgGILvl>
<vis>表示</vis>
<pos>
<gml:Point gml:id="K1_492935_16-g" srsName="fguuid:jgd2011.bl">
<gml:pos>32.917931611 129.733943889</gml:pos>
</gml:Point>
</pos>
<orgName>国土地理院</orgName>
<type>三角点</type>
<gcpClass>四等三角点</gcpClass>
<gcpCode>TR44929350801</gcpCode>
<name>入部</name>
<B>118504.5538</B>
<L>467042.198</L>
<alti>539.89</alti>
<altiAcc>2</altiAcc>
</GCP>
<GCP gml:id="K1_492935_17">
<fid>10-00100-0-2402-64280</fid>
<lfSpanFr gml:id="K1_492935_17-1">
<gml:timePosition>2025-02-19</gml:timePosition>
</lfSpanFr>
<devDate gml:id="K1_492935_17-2">
<gml:timePosition>2025-02-26</gml:timePosition>
</devDate>
<orgGILvl>KJ14</orgGILvl>
<vis>表示</vis>
<pos>
<gml:Point gml:id="K1_492935_17-g" srsName="fguuid:jgd2011.bl">
<gml:pos>32.926075278 129.658854917</gml:pos>
</gml:Point>
</pos>
<orgName>国土地理院</orgName>
<type>三角点</type>
<gcpClass>四等三角点</gcpClass>
<gcpCode>TR44929351201</gcpCode>
<name>下釜</name>
<B>118533.871</B>
<L>466771.8777</L>
<alti>168.93</alti>
<altiAcc>2</altiAcc>
</GCP>
<GCP gml:id="K1_492935_18">
<fid>10-00100-0-2402-64281</fid>
<lfSpanFr gml:id="K1_492935_18-1">
<gml:timePosition>2025-02-19</gml:timePosition>
</lfSpanFr>
<devDate gml:id="K1_492935_18-2">
<gml:timePosition>2025-02-26</gml:timePosition>
</devDate>
<orgGILvl>KJ14</orgGILvl>
<vis>表示</vis>
<pos>
<gml:Point gml:id="K1_492935_18-g" srsName="fguuid:jgd2011.bl">
<gml:pos>32.927072139 129.723588889</gml:pos>
</gml:Point>
</pos>
<orgName>国土地理院</orgName>
<type>三角点</type>
<gcpClass>四等三角点</gcpClass>
<gcpCode>TR44929351701</gcpCode>
<name>久良木</name>
<B>118537.4597</B>
<L>467004.92</L>
<alti>396.28</alti>
<altiAcc>2</altiAcc>
</GCP>
<GCP gml:id="K1_492935_19">
<fid>10-00100-0-2402-64282</fid>
<lfSpanFr gml:id="K1_492935_19-1">
<gml:timePosition>2025-02-19</gml:timePosition>
</lfSpanFr>
<devDate gml:id="K1_492935_19-2">
<gml:timePosition>2025-02-26</gml:timePosition>
</devDate>
<orgGILvl>KJ14</orgGILvl>
<vis>表示</vis>
<pos>
<gml:Point gml:id="K1_492935_19-g" srsName="fguuid:jgd2011.bl">
<gml:pos>32.938628722 129.645827111</gml:pos>
</gml:Point>
</pos>
<orgName>国土地理院</orgName>
<type>三角点</type>
<gcpClass>四等三角点</gcpClass>
<gcpCode>TR44929352101</gcpCode>
<name>東遠見番</name>
<B>118579.0634</B>
<L>466724.9776</L>
<alti>155.94</alti>
<altiAcc>2</altiAcc>
</GCP>
<GCP gml:id="K1_492935_20">
<fid>10-00100-0-2402-64283</fid>
<lfSpanFr gml:id="K1_492935_20-1">
<gml:timePosition>2025-02-19</gml:timePosition>
</lfSpanFr>
<devDate gml:id="K1_492935_20-2">
<gml:timePosition>2025-02-26</gml:timePosition>
</devDate>
<orgGILvl>KJ14</orgGILvl>
<vis>表示</vis>
<pos>
<gml:Point gml:id="K1_492935_20-g" srsName="fguuid:jgd2011.bl">
<gml:pos>32.934228583 129.688565028</gml:pos>
</gml:Point>
</pos>
<orgName>国土地理院</orgName>
<type>三角点</type>
<gcpClass>四等三角点</gcpClass>
<gcpCode>TR44929352501</gcpCode>
<name>奥浦</name>
<B>118563.2229</B>
<L>466878.8341</L>
<alti>323.98</alti>
<altiAcc>2</altiAcc>
</GCP>
<GCP gml:id="K1_492935_21">
<fid>10-00100-0-2402-64284</fid>
<lfSpanFr gml:id="K1_492935_21-1">
<gml:timePosition>2025-02-19</gml:timePosition>
</lfSpanFr>
<devDate gml:id="K1_492935_21-2">
<gml:timePosition>2025-02-26</gml:timePosition>
</devDate>
<orgGILvl>KJ14</orgGILvl>
<vis>表示</vis>
<pos>
<gml:Point gml:id="K1_492935_21-g" srsName="fguuid:jgd2011.bl">
<gml:pos>32.941216611 129.715628139</gml:pos>
</gml:Point>
</pos>
<orgName>国土地理院</orgName>
<type>三角点</type>
<gcpClass>四等三角点</gcpClass>
<gcpCode>TR44929352701</gcpCode>
<name>山手</name>
<B>118588.3798</B>
<L>466976.2613</L>
<alti>352.64</alti>
<altiAcc>2</altiAcc>
</GCP>
<GCP gml:id="K1_492935_22">
<fid>10-00100-0-2402-64285</fid>
<lfSpanFr gml:id="K1_492935_22-1">
<gml:timePosition>2025-02-19</gml:timePosition>
</lfSpanFr>
<devDate gml:id="K1_492935_22-2">
<gml:timePosition>2025-02-26</gml:timePosition>
</devDate>
<orgGILvl>KJ14</orgGILvl>
<vis>表示</vis>
<pos>
<gml:Point gml:id="K1_492935_22-g" srsName="fguuid:jgd2011.bl">
<gml:pos>32.944288694 129.666711389</gml:pos>
</gml:Point>
</pos>
<orgName>国土地理院</orgName>
<type>三角点</type>
<gcpClass>四等三角点</gcpClass>
<gcpCode>TR44929353301</gcpCode>
<name>下赤</name>
<B>118599.4393</B>
<L>466800.161</L>
<alti>106.6</alti>
<altiAcc>2</altiAcc>
</GCP>
<GCP gml:id="K1_492935_23">
<fid>10-00100-0-2402-64286</fid>
<lfSpanFr gml:id="K1_492935_23-1">
<gml:timePosition>2025-02-19</gml:timePosition>
</lfSpanFr>
<devDate gml:id="K1_492935_23-2">
<gml:timePosition>2025-02-26</gml:timePosition>
</devDate>
<orgGILvl>KJ14</orgGILvl>
<vis>表示</vis>
<pos>
<gml:Point gml:id="K1_492935_23-g" srsName="fguuid:jgd2011.bl">
<gml:pos>32.946360861 129.696530306</gml:pos>
</gml:Point>
</pos>
<orgName>国土地理院</orgName>
<type>三角点</type>
<gcpClass>四等三角点</gcpClass>
<gcpCode>TR44929353501</gcpCode>
<name>権藤</name>
<B>118606.8991</B>
<L>466907.5091</L>
<alti>204.75</alti>
<altiAcc>2</altiAcc>
</GCP>
<GCP gml:id="K1_492935_24">
<fid>10-00100-0-2402-64287</fid>
<lfSpanFr gml:id="K1_492935_24-1">
<gml:timePosition>2025-02-19</gml:timePosition>
</lfSpanFr>
<devDate gml:id="K1_492935_24-2">
<gml:timePosition>2025-02-26</gml:timePosition>
</devDate>
<orgGILvl>KJ14</orgGILvl>
<vis>表示</vis>
<pos>
<gml:Point gml:id="K1_492935_24-g" srsName="fguuid:jgd2011.bl">
<gml:pos>32.944163722 129.734969139</gml:pos>
</gml:Point>
</pos>
<orgName>国土地理院</orgName>
<type>三角点</type>
<gcpClass>四等三角点</gcpClass>
<gcpCode>TR44929353801</gcpCode>
<name>藤原</name>
<B>118598.9894</B>
<L>467045.8889</L>
<alti>289.18</alti>
<altiAcc>2</altiAcc>
</GCP>
<GCP gml:id="K1_492935_25">
<fid>10-00100-0-2402-64288</fid>
<lfSpanFr gml:id="K1_492935_25-1">
<gml:timePosition>2025-02-19</gml:timePosition>
</lfSpanFr>
<devDate gml:id="K1_492935_25-2">
<gml:timePosition>2025-02-26</gml:timePosition>
</devDate>
<orgGILvl>KJ14</orgGILvl>
<vis>表示</vis>
<pos>
<gml:Point gml:id="K1_492935_25-g" srsName="fguuid:jgd2011.bl">
<gml:pos>32.958024639 129.639287528</gml:pos>
</gml:Point>
</pos>
<orgName>国土地理院</orgName>
<type>三角点</type>
<gcpClass>四等三角点</gcpClass>
<gcpCode>TR44929354101</gcpCode>
<name>大江里</name>
<B>118648.8887</B>
<L>466701.4351</L>
<alti>163.12</alti>
<altiAcc>2</altiAcc>
</GCP>
<GCP gml:id="K1_492935_26">
<fid>10-00100-0-2402-64289</fid>
<lfSpanFr gml:id="K1_492935_26-1">
<gml:timePosition>2025-02-19</gml:timePosition>
</lfSpanFr>
<devDate gml:id="K1_492935_26-2">
<gml:timePosition>2025-02-26</gml:timePosition>
</devDate>
<orgGILvl>KJ14</orgGILvl>
<vis>表示</vis>
<pos>
<gml:Point gml:id="K1_492935_26-g" srsName="fguuid:jgd2011.bl">
<gml:pos>32.952864722 129.657900361</gml:pos>
</gml:Point>
</pos>
<orgName>国土地理院</orgName>
<type>三角点</type>
<gcpClass>四等三角点</gcpClass>
<gcpCode>TR44929354201</gcpCode>
<name>奥ノ湯田</name>
<B>118630.313</B>
<L>466768.4413</L>
<alti>180.33</alti>
<altiAcc>2</altiAcc>
</GCP>
<GCP gml:id="K1_492935_27">
<fid>10-00100-0-2402-64290</fid>
<lfSpanFr gml:id="K1_492935_27-1">
<gml:timePosition>2025-02-19</gml:timePosition>
</lfSpanFr>
<devDate gml:id="K1_492935_27-2">
<gml:timePosition>2025-02-26</gml:timePosition>
</devDate>
<orgGILvl>KJ14</orgGILvl>
<vis>表示</vis>
<pos>
<gml:Point gml:id="K1_492935_27-g" srsName="fguuid:jgd2011.bl">
<gml:pos>32.951800833 129.682565028</gml:pos>
</gml:Point>
</pos>
<orgName>国土地理院</orgName>
<type>三角点</type>
<gcpClass>四等三角点</gcpClass>
<gcpCode>TR44929354401</gcpCode>
<name>山口</name>
<B>118626.483</B>
<L>466857.2341</L>
<alti>133.14</alti>
<altiAcc>2</altiAcc>
</GCP>
<GCP gml:id="K1_492935_28">
<fid>10-00100-0-2402-64291</fid>
<lfSpanFr gml:id="K1_492935_28-1">
<gml:timePosition>2025-02-19</gml:timePosition>
</lfSpanFr>
<devDate gml:id="K1_492935_28-2">
<gml:timePosition>2025-02-26</gml:timePosition>
</devDate>
<orgGILvl>KJ14</orgGILvl>
<vis>表示</vis>
<pos>
<gml:Point gml:id="K1_492935_28-g" srsName="fguuid:jgd2011.bl">
<gml:pos>32.956491917 129.705756250</gml:pos>
</gml:Point>
</pos>
<orgName>国土地理院</orgName>
<type>三角点</type>
<gcpClass>四等三角点</gcpClass>
<gcpCode>TR44929354601</gcpCode>
<name>幸物</name>
<B>118643.3709</B>
<L>466940.7225</L>
<alti>216.21</alti>
<altiAcc>2</altiAcc>
</GCP>
<GCP gml:id="K1_492935_29">
<fid>10-00100-0-2402-64292</fid>
<lfSpanFr gml:id="K1_492935_29-1">
<gml:timePosition>2025-02-19</gml:timePosition>
</lfSpanFr>
<devDate gml:id="K1_492935_29-2">
<gml:timePosition>2025-02-26</gml:timePosition>
</devDate>
<orgGILvl>KJ14</orgGILvl>
<vis>表示</vis>
<pos>
<gml:Point gml:id="K1_492935_29-g" srsName="fguuid:jgd2011.bl">
<gml:pos>32.956543944 129.718955028</gml:pos>
</gml:Point>
</pos>
<orgName>国土地理院</orgName>
<type>三角点</type>
<gcpClass>四等三角点</gcpClass>
<gcpCode>TR44929354701</gcpCode>
<name>牧場</name>
<B>118643.5582</B>
<L>466988.2381</L>
<alti>256.89</alti>
<altiAcc>2</altiAcc>
</GCP>
<GCP gml:id="K1_492935_30">
<fid>10-00100-0-2402-64293</fid>
<lfSpanFr gml:id="K1_492935_30-1">
<gml:timePosition>2025-02-19</gml:timePosition>
</lfSpanFr>
<devDate gml:id="K1_492935_30-2">
<gml:timePosition>2025-02-26</gml:timePosition>
</devDate>
<orgGILvl>KJ14</orgGILvl>
<vis>表示</vis>
<pos>
<gml:Point gml:id="K1_492935_30-g" srsName="fguuid:jgd2011.bl">
<gml:pos>32.957560750 129.741275806</gml:pos>
</gml:Point>
</pos>
<orgName>国土地理院</orgName>
<type>三角点</type>
<gcpClass>四等三角点</gcpClass>
<gcpCode>TR44929354901</gcpCode>
<name>樫井嶽</name>
<B>118647.2187</B>
<L>467068.5929</L>
<alti>401.52</alti>
<altiAcc>2</altiAcc>
</GCP>
<GCP gml:id="K1_492935_31">
<fid>10-00100-0-2402-64294</fid>
<lfSpanFr gml:id="K1_492935_31-1">
<gml:timePosition>2025-02-19</gml:timePosition>
</lfSpanFr>
<devDate gml:id="K1_492935_31-2">
<gml:timePosition>2025-02-26</gml:timePosition>
</devDate>
<orgGILvl>KJ14</orgGILvl>
<vis>表示</vis>
<pos>
<gml:Point gml:id="K1_492935_31-g" srsName="fguuid:jgd2011.bl">
<gml:pos>32.965304417 129.656158694</gml:pos>
</gml:Point>
</pos>
<orgName>国土地理院</orgName>
<type>三角点</type>
<gcpClass>四等三角点</gcpClass>
<gcpCode>TR44929355201</gcpCode>
<name>高尾</name>
<B>118675.0959</B>
<L>466762.1713</L>
<alti>151.4</alti>
<altiAcc>2</altiAcc>
</GCP>
<GCP gml:id="K1_492935_32">
<fid>10-00100-0-2402-64295</fid>
<lfSpanFr gml:id="K1_492935_32-1">
<gml:timePosition>2025-02-19</gml:timePosition>
</lfSpanFr>
<devDate gml:id="K1_492935_32-2">
<gml:timePosition>2025-02-26</gml:timePosition>
</devDate>
<orgGILvl>KJ14</orgGILvl>
<vis>表示</vis>
<pos>
<gml:Point gml:id="K1_492935_32-g" srsName="fguuid:jgd2011.bl">
<gml:pos>32.964432389 129.690115556</gml:pos>
</gml:Point>
</pos>
<orgName>国土地理院</orgName>
<type>三角点</type>
<gcpClass>四等三角点</gcpClass>
<gcpCode>TR44929355501</gcpCode>
<name>白樫</name>
<B>118671.9566</B>
<L>466884.416</L>
<alti>158.99</alti>
<altiAcc>2</altiAcc>
</GCP>
<GCP gml:id="K1_492935_33">
<fid>10-00100-0-2402-64296</fid>
<lfSpanFr gml:id="K1_492935_33-1">
<gml:timePosition>2025-02-19</gml:timePosition>
</lfSpanFr>
<devDate gml:id="K1_492935_33-2">
<gml:timePosition>2025-02-26</gml:timePosition>
</devDate>
<orgGILvl>KJ14</orgGILvl>
<vis>表示</vis>
<pos>
<gml:Point gml:id="K1_492935_33-g" srsName="fguuid:jgd2011.bl">
<gml:pos>32.974569222 129.669299444</gml:pos>
</gml:Point>
</pos>
<orgName>国土地理院</orgName>
<type>三角点</type>
<gcpClass>四等三角点</gcpClass>
<gcpCode>TR44929356301</gcpCode>
<name>多以良郷</name>
<B>118708.4492</B>
<L>466809.478</L>
<alti>250.16</alti>
<altiAcc>2</altiAcc>
</GCP>
<GCP gml:id="K1_492935_34">
<fid>10-00100-0-2402-64297</fid>
<lfSpanFr gml:id="K1_492935_34-1">
<gml:timePosition>2025-02-19</gml:timePosition>
</lfSpanFr>
<devDate gml:id="K1_492935_34-2">
<gml:timePosition>2025-02-26</gml:timePosition>
</devDate>
<orgGILvl>KJ14</orgGILvl>
<vis>表示</vis>
<pos>
<gml:Point gml:id="K1_492935_34-g" srsName="fguuid:jgd2011.bl">
<gml:pos>32.974578694 129.701613139</gml:pos>
</gml:Point>
</pos>
<orgName>国土地理院</orgName>
<type>三角点</type>
<gcpClass>四等三角点</gcpClass>
<gcpCode>TR44929356601</gcpCode>
<name>山ノ内南</name>
<B>118708.4833</B>
<L>466925.8073</L>
<alti>267.79</alti>
<altiAcc>2</altiAcc>
</GCP>
<GCP gml:id="K1_492935_35">
<fid>10-00100-0-2402-64298</fid>
<lfSpanFr gml:id="K1_492935_35-1">
<gml:timePosition>2025-02-19</gml:timePosition>
</lfSpanFr>
<devDate gml:id="K1_492935_35-2">
<gml:timePosition>2025-02-26</gml:timePosition>
</devDate>
<orgGILvl>KJ14</orgGILvl>
<vis>表示</vis>
<pos>
<gml:Point gml:id="K1_492935_35-g" srsName="fguuid:jgd2011.bl">
<gml:pos>32.968833444 129.713028972</gml:pos>
</gml:Point>
</pos>
<orgName>国土地理院</orgName>
<type>三角点</type>
<gcpClass>四等三角点</gcpClass>
<gcpCode>TR44929356701</gcpCode>
<name>小麦</name>
<B>118687.8004</B>
<L>466966.9043</L>
<alti>260.95</alti>
<altiAcc>2</altiAcc>
</GCP>
<GCP gml:id="K1_492935_36">
<fid>10-00100-0-2402-64299</fid>
<lfSpanFr gml:id="K1_492935_36-1">
<gml:timePosition>2025-02-19</gml:timePosition>
</lfSpanFr>
<devDate gml:id="K1_492935_36-2">
<gml:timePosition>2025-02-26</gml:timePosition>
</devDate>
<orgGILvl>KJ14</orgGILvl>
<vis>表示</vis>
<pos>
<gml:Point gml:id="K1_492935_36-g" srsName="fguuid:jgd2011.bl">
<gml:pos>32.978567750 129.723986361</gml:pos>
</gml:Point>
</pos>
<orgName>国土地理院</orgName>
<type>三角点</type>
<gcpClass>四等三角点</gcpClass>
<gcpCode>TR44929357701</gcpCode>
<name>山ノ内東</name>
<B>118722.8439</B>
<L>467006.3509</L>
<alti>231.55</alti>
<altiAcc>2</altiAcc>
</GCP>
<GCP gml:id="K1_492935_37">
<fid>10-00100-0-2402-64300</fid>
<lfSpanFr gml:id="K1_492935_37-1">
<gml:timePosition>2025-02-19</gml:timePosition>
</lfSpanFr>
<devDate gml:id="K1_492935_37-2">
<gml:timePosition>2025-02-26</gml:timePosition>
</devDate>
<orgGILvl>KJ14</orgGILvl>
<vis>表示</vis>
<pos>
<gml:Point gml:id="K1_492935_37-g" srsName="fguuid:jgd2011.bl">
<gml:pos>32.983174028 129.744840917</gml:pos>
</gml:Point>
</pos>
<orgName>国土地理院</orgName>
<type>三角点</type>
<gcpClass>四等三角点</gcpClass>
<gcpCode>TR44929357901</gcpCode>
<name>東岳</name>
<B>118739.4265</B>
<L>467081.4273</L>
<alti>79.53</alti>
<altiAcc>2</altiAcc>
</GCP>
<GCP gml:id="K1_492935_38">
<fid>10-00100-0-2402-64301</fid>
<lfSpanFr gml:id="K1_492935_38-1">
<gml:timePosition>2025-02-19</gml:timePosition>
</lfSpanFr>
<devDate gml:id="K1_492935_38-2">
<gml:timePosition>2025-02-26</gml:timePosition>
</devDate>
<orgGILvl>KJ14</orgGILvl>
<vis>表示</vis>
<pos>
<gml:Point gml:id="K1_492935_38-g" srsName="fguuid:jgd2011.bl">
<gml:pos>32.984441500 129.649464944</gml:pos>
</gml:Point>
</pos>
<orgName>国土地理院</orgName>
<type>三角点</type>
<gcpClass>四等三角点</gcpClass>
<gcpCode>TR44929358101</gcpCode>
<name>道目木</name>
<B>118743.9894</B>
<L>466738.0738</L>
<alti>114.52</alti>
<altiAcc>2</altiAcc>
</GCP>
<GCP gml:id="K1_492935_39">
<fid>10-00100-0-2402-64302</fid>
<lfSpanFr gml:id="K1_492935_39-1">
<gml:timePosition>2025-02-19</gml:timePosition>
</lfSpanFr>
<devDate gml:id="K1_492935_39-2">
<gml:timePosition>2025-02-26</gml:timePosition>
</devDate>
<orgGILvl>KJ14</orgGILvl>
<vis>表示</vis>
<pos>
<gml:Point gml:id="K1_492935_39-g" srsName="fguuid:jgd2011.bl">
<gml:pos>32.985236556 129.700903694</gml:pos>
</gml:Point>
</pos>
<orgName>国土地理院</orgName>
<type>三角点</type>
<gcpClass>四等三角点</gcpClass>
<gcpCode>TR44929358601</gcpCode>
<name>山ノ内北</name>
<B>118746.8516</B>
<L>466923.2533</L>
<alti>303.5</alti>
<altiAcc>2</altiAcc>
</GCP>
<GCP gml:id="K1_492935_40">
<fid>10-00100-0-2402-64303</fid>
<lfSpanFr gml:id="K1_492935_40-1">
<gml:timePosition>2025-02-19</gml:timePosition>
</lfSpanFr>
<devDate gml:id="K1_492935_40-2">
<gml:timePosition>2025-02-26</gml:timePosition>
</devDate>
<orgGILvl>KJ14</orgGILvl>
<vis>表示</vis>
<pos>
<gml:Point gml:id="K1_492935_40-g" srsName="fguuid:jgd2011.bl">
<gml:pos>32.989297889 129.732763194</gml:pos>
</gml:Point>
</pos>
<orgName>国土地理院</orgName>
<type>三角点</type>
<gcpClass>四等三角点</gcpClass>
<gcpCode>TR44929358801</gcpCode>
<name>ユルギ谷</name>
<B>118761.4724</B>
<L>467037.9475</L>
<alti>119.3</alti>
<altiAcc>2</altiAcc>
</GCP>
<GCP gml:id="K1_492935_41">
<fid>10-00100-0-2402-64304</fid>
<lfSpanFr gml:id="K1_492935_41-1">
<gml:timePosition>2025-02-19</gml:timePosition>
</lfSpanFr>
<devDate gml:id="K1_492935_41-2">
<gml:timePosition>2025-02-26</gml:timePosition>
</devDate>
<orgGILvl>KJ14</orgGILvl>
<vis>表示</vis>
<pos>
<gml:Point gml:id="K1_492935_41-g" srsName="fguuid:jgd2011.bl">
<gml:pos>32.995010639 129.648844111</gml:pos>
</gml:Point>
</pos>
<orgName>国土地理院</orgName>
<type>三角点</type>
<gcpClass>四等三角点</gcpClass>
<gcpCode>TR44929359101</gcpCode>
<name>月の輪</name>
<B>118782.0383</B>
<L>466735.8388</L>
<alti>81.13</alti>
<altiAcc>2</altiAcc>
</GCP>
<GCP gml:id="K1_492935_42">
<fid>10-00100-0-2402-64305</fid>
<lfSpanFr gml:id="K1_492935_42-1">
<gml:timePosition>2025-02-19</gml:timePosition>
</lfSpanFr>
<devDate gml:id="K1_492935_42-2">
<gml:timePosition>2025-02-26</gml:timePosition>
</devDate>
<orgGILvl>KJ14</orgGILvl>
<vis>表示</vis>
<pos>
<gml:Point gml:id="K1_492935_42-g" srsName="fguuid:jgd2011.bl">
<gml:pos>32.991688083 129.678572306</gml:pos>
</gml:Point>
</pos>
<orgName>国土地理院</orgName>
<type>三角点</type>
<gcpClass>四等三角点</gcpClass>
<gcpCode>TR44929359401</gcpCode>
<name>北大平</name>
<B>118770.0771</B>
<L>466842.8603</L>
<alti>287.79</alti>
<altiAcc>2</altiAcc>
</GCP>
</Dataset>
