<?xml version="1.0" encoding="utf-8"?>
<Dataset xsi:schemaLocation="http://fgd.gsi.go.jp/spec/2008/FGD_GMLSchema FGD_GMLSchema.xsd"
	xmlns:gml="http://www.opengis.net/gml/3.2"
	xmlns:xsi="http://www.w3.org/2001/XMLSchema-instance"
	xmlns:xlink="http://www.w3.org/1999/xlink"
	xmlns="http://fgd.gsi.go.jp/spec/2008/FGD_GMLSchema"
	gml:id="Dataset1">
  <gml:description>基盤地図情報メタデータ ID=fmdid:25-0331</gml:description>
  <gml:name>基盤地図情報ダウンロードデータ（GML版）</gml:name>
<AdmPt gml:id="K6_4666511853_1">
<fid>46665-11853-i-20</fid>
<lfSpanFr gml:id="K6_4666511853_1-1">
<gml:timePosition>2023-02-21</gml:timePosition>
</lfSpanFr>
<devDate gml:id="K6_4666511853_1-2">
<gml:timePosition>2025-02-26</gml:timePosition>
</devDate>
<orgGILvl>25000</orgGILvl>
<vis>非表示</vis>
<pos>
<gml:Point gml:id="K6_4666511853_1-g" srsName="fguuid:jgd2011.bl">
<gml:pos>32.926997757 129.625349325</gml:pos>
</gml:Point>
</pos>
<type>郡市・東京都の区</type>
<name>西海市</name>
<admCode>42212</admCode>
</AdmPt>
<AdmPt gml:id="K6_4668611865_1">
<fid>46686-11865-i-117</fid>
<lfSpanFr gml:id="K6_4668611865_1-1">
<gml:timePosition>2023-02-21</gml:timePosition>
</lfSpanFr>
<devDate gml:id="K6_4668611865_1-2">
<gml:timePosition>2025-02-26</gml:timePosition>
</devDate>
<orgGILvl>25000</orgGILvl>
<vis>非表示</vis>
<pos>
<gml:Point gml:id="K6_4668611865_1-g" srsName="fguuid:jgd2011.bl">
<gml:pos>32.959301351 129.690612793</gml:pos>
</gml:Point>
</pos>
<type>郡市・東京都の区</type>
<name>西海市</name>
<admCode>42212</admCode>
</AdmPt>
<AdmPt gml:id="K6_4670711853_1">
<fid>46707-11853-i-260</fid>
<lfSpanFr gml:id="K6_4670711853_1-1">
<gml:timePosition>2023-02-21</gml:timePosition>
</lfSpanFr>
<devDate gml:id="K6_4670711853_1-2">
<gml:timePosition>2025-02-26</gml:timePosition>
</devDate>
<orgGILvl>25000</orgGILvl>
<vis>非表示</vis>
<pos>
<gml:Point gml:id="K6_4670711853_1-g" srsName="fguuid:jgd2011.bl">
<gml:pos>32.932776798 129.744091898</gml:pos>
</gml:Point>
</pos>
<type>郡市・東京都の区</type>
<name>長崎市</name>
<admCode>42201</admCode>
</AdmPt>
</Dataset>
