<?xml version="1.0" encoding="utf-8"?>
<Dataset xsi:schemaLocation="http://fgd.gsi.go.jp/spec/2008/FGD_GMLSchema FGD_GMLSchema.xsd"
	xmlns:gml="http://www.opengis.net/gml/3.2"
	xmlns:xsi="http://www.w3.org/2001/XMLSchema-instance"
	xmlns:xlink="http://www.w3.org/1999/xlink"
	xmlns="http://fgd.gsi.go.jp/spec/2008/FGD_GMLSchema"
	gml:id="Dataset1">
  <gml:description>基盤地図情報メタデータ ID=fmdid:25-0331</gml:description>
  <gml:name>基盤地図情報ダウンロードデータ（GML版）</gml:name>
<ElevPt gml:id="K2_4666511859_1">
<fid>46665-11859-i-51</fid>
<lfSpanFr gml:id="K2_4666511859_1-1">
<gml:timePosition>2023-02-21</gml:timePosition>
</lfSpanFr>
<devDate gml:id="K2_4666511859_1-2">
<gml:timePosition>2025-02-26</gml:timePosition>
</devDate>
<orgGILvl>25000</orgGILvl>
<vis>表示</vis>
<pos>
<gml:Point gml:id="K2_4666511859_1-g" srsName="fguuid:jgd2011.bl">
<gml:pos>32.946762778 129.630406389</gml:pos>
</gml:Point>
</pos>
<type>標高点（測点）</type>
<alti>46</alti>
</ElevPt>
<ElevPt gml:id="K2_4666511862_1">
<fid>46665-11862-i-291</fid>
<lfSpanFr gml:id="K2_4666511862_1-1">
<gml:timePosition>2023-02-21</gml:timePosition>
</lfSpanFr>
<devDate gml:id="K2_4666511862_1-2">
<gml:timePosition>2025-02-26</gml:timePosition>
</devDate>
<orgGILvl>25000</orgGILvl>
<vis>表示</vis>
<pos>
<gml:Point gml:id="K2_4666511862_1-g" srsName="fguuid:jgd2011.bl">
<gml:pos>32.951040278 129.629951389</gml:pos>
</gml:Point>
</pos>
<type>標高点（測点）</type>
<alti>61</alti>
</ElevPt>
<ElevPt gml:id="K2_4666511862_2">
<fid>46665-11862-i-292</fid>
<lfSpanFr gml:id="K2_4666511862_2-1">
<gml:timePosition>2023-02-21</gml:timePosition>
</lfSpanFr>
<devDate gml:id="K2_4666511862_2-2">
<gml:timePosition>2025-02-26</gml:timePosition>
</devDate>
<orgGILvl>25000</orgGILvl>
<vis>表示</vis>
<pos>
<gml:Point gml:id="K2_4666511862_2-g" srsName="fguuid:jgd2011.bl">
<gml:pos>32.956626944 129.625678611</gml:pos>
</gml:Point>
</pos>
<type>標高点（測点）</type>
<alti>19</alti>
</ElevPt>
<ElevPt gml:id="K2_4666511865_1">
<fid>46665-11865-i-82</fid>
<lfSpanFr gml:id="K2_4666511865_1-1">
<gml:timePosition>2023-02-21</gml:timePosition>
</lfSpanFr>
<devDate gml:id="K2_4666511865_1-2">
<gml:timePosition>2025-02-26</gml:timePosition>
</devDate>
<orgGILvl>25000</orgGILvl>
<vis>表示</vis>
<pos>
<gml:Point gml:id="K2_4666511865_1-g" srsName="fguuid:jgd2011.bl">
<gml:pos>32.964042944 129.627073097</gml:pos>
</gml:Point>
</pos>
<type>標高点（測点）</type>
<alti>14</alti>
</ElevPt>
<ElevPt gml:id="K2_4666511868_1">
<fid>46665-11868-i-52</fid>
<lfSpanFr gml:id="K2_4666511868_1-1">
<gml:timePosition>2023-02-21</gml:timePosition>
</lfSpanFr>
<devDate gml:id="K2_4666511868_1-2">
<gml:timePosition>2025-02-26</gml:timePosition>
</devDate>
<orgGILvl>25000</orgGILvl>
<vis>表示</vis>
<pos>
<gml:Point gml:id="K2_4666511868_1-g" srsName="fguuid:jgd2011.bl">
<gml:pos>32.968599722 129.632178056</gml:pos>
</gml:Point>
</pos>
<type>標高点（測点）</type>
<alti>120</alti>
</ElevPt>
<ElevPt gml:id="K2_4666511868_2">
<fid>46665-11868-i-53</fid>
<lfSpanFr gml:id="K2_4666511868_2-1">
<gml:timePosition>2023-02-21</gml:timePosition>
</lfSpanFr>
<devDate gml:id="K2_4666511868_2-2">
<gml:timePosition>2025-02-26</gml:timePosition>
</devDate>
<orgGILvl>25000</orgGILvl>
<vis>表示</vis>
<pos>
<gml:Point gml:id="K2_4666511868_2-g" srsName="fguuid:jgd2011.bl">
<gml:pos>32.967057778 129.626820833</gml:pos>
</gml:Point>
</pos>
<type>標高点（測点）</type>
<alti>14</alti>
</ElevPt>
<ElevPt gml:id="K2_4666511871_1">
<fid>46665-11871-i-124</fid>
<lfSpanFr gml:id="K2_4666511871_1-1">
<gml:timePosition>2023-02-21</gml:timePosition>
</lfSpanFr>
<devDate gml:id="K2_4666511871_1-2">
<gml:timePosition>2025-02-26</gml:timePosition>
</devDate>
<orgGILvl>25000</orgGILvl>
<vis>表示</vis>
<pos>
<gml:Point gml:id="K2_4666511871_1-g" srsName="fguuid:jgd2011.bl">
<gml:pos>32.975035556 129.632937778</gml:pos>
</gml:Point>
</pos>
<type>標高点（測点）</type>
<alti>186</alti>
</ElevPt>
<ElevPt gml:id="K2_4666511871_2">
<fid>46665-11871-i-125</fid>
<lfSpanFr gml:id="K2_4666511871_2-1">
<gml:timePosition>2023-02-21</gml:timePosition>
</lfSpanFr>
<devDate gml:id="K2_4666511871_2-2">
<gml:timePosition>2025-02-26</gml:timePosition>
</devDate>
<orgGILvl>25000</orgGILvl>
<vis>表示</vis>
<pos>
<gml:Point gml:id="K2_4666511871_2-g" srsName="fguuid:jgd2011.bl">
<gml:pos>32.977510278 129.627271389</gml:pos>
</gml:Point>
</pos>
<type>標高点（測点）</type>
<alti>20</alti>
</ElevPt>
<ElevPt gml:id="K2_4666811853_1">
<fid>46668-11853-i-538</fid>
<lfSpanFr gml:id="K2_4666811853_1-1">
<gml:timePosition>2023-02-21</gml:timePosition>
</lfSpanFr>
<devDate gml:id="K2_4666811853_1-2">
<gml:timePosition>2025-02-26</gml:timePosition>
</devDate>
<orgGILvl>25000</orgGILvl>
<vis>表示</vis>
<pos>
<gml:Point gml:id="K2_4666811853_1-g" srsName="fguuid:jgd2011.bl">
<gml:pos>32.927570556 129.634141111</gml:pos>
</gml:Point>
</pos>
<type>標高点（測点）</type>
<alti>42</alti>
</ElevPt>
<ElevPt gml:id="K2_4666811853_2">
<fid>46668-11853-i-539</fid>
<lfSpanFr gml:id="K2_4666811853_2-1">
<gml:timePosition>2023-02-21</gml:timePosition>
</lfSpanFr>
<devDate gml:id="K2_4666811853_2-2">
<gml:timePosition>2025-02-26</gml:timePosition>
</devDate>
<orgGILvl>25000</orgGILvl>
<vis>表示</vis>
<pos>
<gml:Point gml:id="K2_4666811853_2-g" srsName="fguuid:jgd2011.bl">
<gml:pos>32.927867028 129.639847194</gml:pos>
</gml:Point>
</pos>
<type>標高点（測点）</type>
<alti>86</alti>
</ElevPt>
<ElevPt gml:id="K2_4666811856_1">
<fid>46668-11856-i-454</fid>
<lfSpanFr gml:id="K2_4666811856_1-1">
<gml:timePosition>2023-02-21</gml:timePosition>
</lfSpanFr>
<devDate gml:id="K2_4666811856_1-2">
<gml:timePosition>2025-02-26</gml:timePosition>
</devDate>
<orgGILvl>25000</orgGILvl>
<vis>表示</vis>
<pos>
<gml:Point gml:id="K2_4666811856_1-g" srsName="fguuid:jgd2011.bl">
<gml:pos>32.936406667 129.635120000</gml:pos>
</gml:Point>
</pos>
<type>標高点（測点）</type>
<alti>37</alti>
</ElevPt>
<ElevPt gml:id="K2_4666811859_1">
<fid>46668-11859-i-462</fid>
<lfSpanFr gml:id="K2_4666811859_1-1">
<gml:timePosition>2023-02-21</gml:timePosition>
</lfSpanFr>
<devDate gml:id="K2_4666811859_1-2">
<gml:timePosition>2025-02-26</gml:timePosition>
</devDate>
<orgGILvl>25000</orgGILvl>
<vis>表示</vis>
<pos>
<gml:Point gml:id="K2_4666811859_1-g" srsName="fguuid:jgd2011.bl">
<gml:pos>32.949039484 129.636373741</gml:pos>
</gml:Point>
</pos>
<type>標高点（測点）</type>
<alti>48</alti>
</ElevPt>
<ElevPt gml:id="K2_4666811865_1">
<fid>46668-11865-i-143</fid>
<lfSpanFr gml:id="K2_4666811865_1-1">
<gml:timePosition>2023-02-21</gml:timePosition>
</lfSpanFr>
<devDate gml:id="K2_4666811865_1-2">
<gml:timePosition>2025-02-26</gml:timePosition>
</devDate>
<orgGILvl>25000</orgGILvl>
<vis>表示</vis>
<pos>
<gml:Point gml:id="K2_4666811865_1-g" srsName="fguuid:jgd2011.bl">
<gml:pos>32.960001111 129.635996667</gml:pos>
</gml:Point>
</pos>
<type>標高点（測点）</type>
<alti>126</alti>
</ElevPt>
<ElevPt gml:id="K2_4666811868_1">
<fid>46668-11868-i-97</fid>
<lfSpanFr gml:id="K2_4666811868_1-1">
<gml:timePosition>2023-02-21</gml:timePosition>
</lfSpanFr>
<devDate gml:id="K2_4666811868_1-2">
<gml:timePosition>2025-02-26</gml:timePosition>
</devDate>
<orgGILvl>25000</orgGILvl>
<vis>表示</vis>
<pos>
<gml:Point gml:id="K2_4666811868_1-g" srsName="fguuid:jgd2011.bl">
<gml:pos>32.968883056 129.639473333</gml:pos>
</gml:Point>
</pos>
<type>標高点（測点）</type>
<alti>145</alti>
</ElevPt>
<ElevPt gml:id="K2_4666811874_1">
<fid>46668-11874-i-249</fid>
<lfSpanFr gml:id="K2_4666811874_1-1">
<gml:timePosition>2023-02-21</gml:timePosition>
</lfSpanFr>
<devDate gml:id="K2_4666811874_1-2">
<gml:timePosition>2025-02-26</gml:timePosition>
</devDate>
<orgGILvl>25000</orgGILvl>
<vis>表示</vis>
<pos>
<gml:Point gml:id="K2_4666811874_1-g" srsName="fguuid:jgd2011.bl">
<gml:pos>32.983773333 129.635987500</gml:pos>
</gml:Point>
</pos>
<type>標高点（測点）</type>
<alti>232</alti>
</ElevPt>
<ElevPt gml:id="K2_4667111862_1">
<fid>46671-11862-i-485</fid>
<lfSpanFr gml:id="K2_4667111862_1-1">
<gml:timePosition>2023-02-21</gml:timePosition>
</lfSpanFr>
<devDate gml:id="K2_4667111862_1-2">
<gml:timePosition>2025-02-26</gml:timePosition>
</devDate>
<orgGILvl>25000</orgGILvl>
<vis>表示</vis>
<pos>
<gml:Point gml:id="K2_4667111862_1-g" srsName="fguuid:jgd2011.bl">
<gml:pos>32.952514444 129.642116111</gml:pos>
</gml:Point>
</pos>
<type>標高点（測点）</type>
<alti>161</alti>
</ElevPt>
<ElevPt gml:id="K2_4667111865_1">
<fid>46671-11865-i-408</fid>
<lfSpanFr gml:id="K2_4667111865_1-1">
<gml:timePosition>2023-02-21</gml:timePosition>
</lfSpanFr>
<devDate gml:id="K2_4667111865_1-2">
<gml:timePosition>2025-02-26</gml:timePosition>
</devDate>
<orgGILvl>25000</orgGILvl>
<vis>非表示</vis>
<pos>
<gml:Point gml:id="K2_4667111865_1-g" srsName="fguuid:jgd2011.bl">
<gml:pos>32.959267217 129.645116437</gml:pos>
</gml:Point>
</pos>
<type>標高点（測点）</type>
<alti>51</alti>
</ElevPt>
<ElevPt gml:id="K2_4667111868_1">
<fid>46671-11868-i-421</fid>
<lfSpanFr gml:id="K2_4667111868_1-1">
<gml:timePosition>2023-02-21</gml:timePosition>
</lfSpanFr>
<devDate gml:id="K2_4667111868_1-2">
<gml:timePosition>2025-02-26</gml:timePosition>
</devDate>
<orgGILvl>25000</orgGILvl>
<vis>表示</vis>
<pos>
<gml:Point gml:id="K2_4667111868_1-g" srsName="fguuid:jgd2011.bl">
<gml:pos>32.967310071 129.645147342</gml:pos>
</gml:Point>
</pos>
<type>標高点（測点）</type>
<alti>41</alti>
</ElevPt>
<ElevPt gml:id="K2_4667111871_1">
<fid>46671-11871-i-88</fid>
<lfSpanFr gml:id="K2_4667111871_1-1">
<gml:timePosition>2023-02-21</gml:timePosition>
</lfSpanFr>
<devDate gml:id="K2_4667111871_1-2">
<gml:timePosition>2025-02-26</gml:timePosition>
</devDate>
<orgGILvl>25000</orgGILvl>
<vis>表示</vis>
<pos>
<gml:Point gml:id="K2_4667111871_1-g" srsName="fguuid:jgd2011.bl">
<gml:pos>32.979416667 129.649029722</gml:pos>
</gml:Point>
</pos>
<type>標高点（測点）</type>
<alti>91</alti>
</ElevPt>
<ElevPt gml:id="K2_4667111874_1">
<fid>46671-11874-i-720</fid>
<lfSpanFr gml:id="K2_4667111874_1-1">
<gml:timePosition>2023-02-21</gml:timePosition>
</lfSpanFr>
<devDate gml:id="K2_4667111874_1-2">
<gml:timePosition>2025-02-26</gml:timePosition>
</devDate>
<orgGILvl>25000</orgGILvl>
<vis>表示</vis>
<pos>
<gml:Point gml:id="K2_4667111874_1-g" srsName="fguuid:jgd2011.bl">
<gml:pos>32.987194596 129.644513912</gml:pos>
</gml:Point>
</pos>
<type>標高点（測点）</type>
<alti>4</alti>
</ElevPt>
<ElevPt gml:id="K2_4667111877_1">
<fid>46671-11877-i-388</fid>
<lfSpanFr gml:id="K2_4667111877_1-1">
<gml:timePosition>2023-02-21</gml:timePosition>
</lfSpanFr>
<devDate gml:id="K2_4667111877_1-2">
<gml:timePosition>2025-02-26</gml:timePosition>
</devDate>
<orgGILvl>25000</orgGILvl>
<vis>表示</vis>
<pos>
<gml:Point gml:id="K2_4667111877_1-g" srsName="fguuid:jgd2011.bl">
<gml:pos>32.993624444 129.649433889</gml:pos>
</gml:Point>
</pos>
<type>標高点（測点）</type>
<alti>86</alti>
</ElevPt>
<ElevPt gml:id="K2_4667411853_1">
<fid>46674-11853-i-367</fid>
<lfSpanFr gml:id="K2_4667411853_1-1">
<gml:timePosition>2023-02-21</gml:timePosition>
</lfSpanFr>
<devDate gml:id="K2_4667411853_1-2">
<gml:timePosition>2025-02-26</gml:timePosition>
</devDate>
<orgGILvl>25000</orgGILvl>
<vis>表示</vis>
<pos>
<gml:Point gml:id="K2_4667411853_1-g" srsName="fguuid:jgd2011.bl">
<gml:pos>32.926821111 129.657322778</gml:pos>
</gml:Point>
</pos>
<type>標高点（測点）</type>
<alti>143</alti>
</ElevPt>
<ElevPt gml:id="K2_4667411856_1">
<fid>46674-11856-i-414</fid>
<lfSpanFr gml:id="K2_4667411856_1-1">
<gml:timePosition>2023-02-21</gml:timePosition>
</lfSpanFr>
<devDate gml:id="K2_4667411856_1-2">
<gml:timePosition>2025-02-26</gml:timePosition>
</devDate>
<orgGILvl>25000</orgGILvl>
<vis>表示</vis>
<pos>
<gml:Point gml:id="K2_4667411856_1-g" srsName="fguuid:jgd2011.bl">
<gml:pos>32.934614167 129.654676389</gml:pos>
</gml:Point>
</pos>
<type>標高点（測点）</type>
<alti>112</alti>
</ElevPt>
<ElevPt gml:id="K2_4667411859_1">
<fid>46674-11859-i-129</fid>
<lfSpanFr gml:id="K2_4667411859_1-1">
<gml:timePosition>2023-02-21</gml:timePosition>
</lfSpanFr>
<devDate gml:id="K2_4667411859_1-2">
<gml:timePosition>2025-02-26</gml:timePosition>
</devDate>
<orgGILvl>25000</orgGILvl>
<vis>表示</vis>
<pos>
<gml:Point gml:id="K2_4667411859_1-g" srsName="fguuid:jgd2011.bl">
<gml:pos>32.945765833 129.655036111</gml:pos>
</gml:Point>
</pos>
<type>標高点（測点）</type>
<alti>114</alti>
</ElevPt>
<ElevPt gml:id="K2_4667411862_1">
<fid>46674-11862-i-105</fid>
<lfSpanFr gml:id="K2_4667411862_1-1">
<gml:timePosition>2023-02-21</gml:timePosition>
</lfSpanFr>
<devDate gml:id="K2_4667411862_1-2">
<gml:timePosition>2025-02-26</gml:timePosition>
</devDate>
<orgGILvl>25000</orgGILvl>
<vis>表示</vis>
<pos>
<gml:Point gml:id="K2_4667411862_1-g" srsName="fguuid:jgd2011.bl">
<gml:pos>32.953436667 129.652796667</gml:pos>
</gml:Point>
</pos>
<type>標高点（測点）</type>
<alti>133</alti>
</ElevPt>
<ElevPt gml:id="K2_4667411865_1">
<fid>46674-11865-i-414</fid>
<lfSpanFr gml:id="K2_4667411865_1-1">
<gml:timePosition>2023-02-21</gml:timePosition>
</lfSpanFr>
<devDate gml:id="K2_4667411865_1-2">
<gml:timePosition>2025-02-26</gml:timePosition>
</devDate>
<orgGILvl>25000</orgGILvl>
<vis>表示</vis>
<pos>
<gml:Point gml:id="K2_4667411865_1-g" srsName="fguuid:jgd2011.bl">
<gml:pos>32.960937884 129.653784116</gml:pos>
</gml:Point>
</pos>
<type>標高点（測点）</type>
<alti>112</alti>
</ElevPt>
<ElevPt gml:id="K2_4667411871_1">
<fid>46674-11871-i-167</fid>
<lfSpanFr gml:id="K2_4667411871_1-1">
<gml:timePosition>2023-02-21</gml:timePosition>
</lfSpanFr>
<devDate gml:id="K2_4667411871_1-2">
<gml:timePosition>2025-02-26</gml:timePosition>
</devDate>
<orgGILvl>25000</orgGILvl>
<vis>表示</vis>
<pos>
<gml:Point gml:id="K2_4667411871_1-g" srsName="fguuid:jgd2011.bl">
<gml:pos>32.978813056 129.657582222</gml:pos>
</gml:Point>
</pos>
<type>標高点（測点）</type>
<alti>120</alti>
</ElevPt>
<ElevPt gml:id="K2_4667411874_1">
<fid>46674-11874-i-473</fid>
<lfSpanFr gml:id="K2_4667411874_1-1">
<gml:timePosition>2023-02-21</gml:timePosition>
</lfSpanFr>
<devDate gml:id="K2_4667411874_1-2">
<gml:timePosition>2025-02-26</gml:timePosition>
</devDate>
<orgGILvl>25000</orgGILvl>
<vis>表示</vis>
<pos>
<gml:Point gml:id="K2_4667411874_1-g" srsName="fguuid:jgd2011.bl">
<gml:pos>32.986810831 129.652668976</gml:pos>
</gml:Point>
</pos>
<type>標高点（測点）</type>
<alti>2</alti>
</ElevPt>
<ElevPt gml:id="K2_4667411877_1">
<fid>46674-11877-i-464</fid>
<lfSpanFr gml:id="K2_4667411877_1-1">
<gml:timePosition>2023-02-21</gml:timePosition>
</lfSpanFr>
<devDate gml:id="K2_4667411877_1-2">
<gml:timePosition>2025-02-26</gml:timePosition>
</devDate>
<orgGILvl>25000</orgGILvl>
<vis>表示</vis>
<pos>
<gml:Point gml:id="K2_4667411877_1-g" srsName="fguuid:jgd2011.bl">
<gml:pos>32.999573056 129.657038333</gml:pos>
</gml:Point>
</pos>
<type>標高点（測点）</type>
<alti>85</alti>
</ElevPt>
<ElevPt gml:id="K2_4667411877_2">
<fid>46674-11877-i-465</fid>
<lfSpanFr gml:id="K2_4667411877_2-1">
<gml:timePosition>2023-02-21</gml:timePosition>
</lfSpanFr>
<devDate gml:id="K2_4667411877_2-2">
<gml:timePosition>2025-02-26</gml:timePosition>
</devDate>
<orgGILvl>25000</orgGILvl>
<vis>表示</vis>
<pos>
<gml:Point gml:id="K2_4667411877_2-g" srsName="fguuid:jgd2011.bl">
<gml:pos>32.996813611 129.655410000</gml:pos>
</gml:Point>
</pos>
<type>標高点（測点）</type>
<alti>83</alti>
</ElevPt>
<ElevPt gml:id="K2_4667411877_3">
<fid>46674-11877-i-524</fid>
<lfSpanFr gml:id="K2_4667411877_3-1">
<gml:timePosition>2023-02-21</gml:timePosition>
</lfSpanFr>
<devDate gml:id="K2_4667411877_3-2">
<gml:timePosition>2025-02-26</gml:timePosition>
</devDate>
<orgGILvl>25000</orgGILvl>
<vis>表示</vis>
<pos>
<gml:Point gml:id="K2_4667411877_3-g" srsName="fguuid:jgd2011.bl">
<gml:pos>32.994530842 129.653329133</gml:pos>
</gml:Point>
</pos>
<type>標高点（測点）</type>
<alti>2</alti>
</ElevPt>
<ElevPt gml:id="K2_4667711856_1">
<fid>46677-11856-i-379</fid>
<lfSpanFr gml:id="K2_4667711856_1-1">
<gml:timePosition>2023-02-21</gml:timePosition>
</lfSpanFr>
<devDate gml:id="K2_4667711856_1-2">
<gml:timePosition>2025-02-26</gml:timePosition>
</devDate>
<orgGILvl>25000</orgGILvl>
<vis>表示</vis>
<pos>
<gml:Point gml:id="K2_4667711856_1-g" srsName="fguuid:jgd2011.bl">
<gml:pos>32.937002500 129.662703333</gml:pos>
</gml:Point>
</pos>
<type>標高点（測点）</type>
<alti>110</alti>
</ElevPt>
<ElevPt gml:id="K2_4667711859_1">
<fid>46677-11859-i-348</fid>
<lfSpanFr gml:id="K2_4667711859_1-1">
<gml:timePosition>2023-02-21</gml:timePosition>
</lfSpanFr>
<devDate gml:id="K2_4667711859_1-2">
<gml:timePosition>2025-02-26</gml:timePosition>
</devDate>
<orgGILvl>25000</orgGILvl>
<vis>表示</vis>
<pos>
<gml:Point gml:id="K2_4667711859_1-g" srsName="fguuid:jgd2011.bl">
<gml:pos>32.942899167 129.664115000</gml:pos>
</gml:Point>
</pos>
<type>標高点（測点）</type>
<alti>84</alti>
</ElevPt>
<ElevPt gml:id="K2_4667711859_2">
<fid>46677-11859-i-440</fid>
<lfSpanFr gml:id="K2_4667711859_2-1">
<gml:timePosition>2023-02-21</gml:timePosition>
</lfSpanFr>
<devDate gml:id="K2_4667711859_2-2">
<gml:timePosition>2025-02-26</gml:timePosition>
</devDate>
<orgGILvl>25000</orgGILvl>
<vis>表示</vis>
<pos>
<gml:Point gml:id="K2_4667711859_2-g" srsName="fguuid:jgd2011.bl">
<gml:pos>32.949739820 129.664776376</gml:pos>
</gml:Point>
</pos>
<type>標高点（測点）</type>
<alti>60</alti>
</ElevPt>
<ElevPt gml:id="K2_4667711865_1">
<fid>46677-11865-i-162</fid>
<lfSpanFr gml:id="K2_4667711865_1-1">
<gml:timePosition>2023-02-21</gml:timePosition>
</lfSpanFr>
<devDate gml:id="K2_4667711865_1-2">
<gml:timePosition>2025-02-26</gml:timePosition>
</devDate>
<orgGILvl>25000</orgGILvl>
<vis>表示</vis>
<pos>
<gml:Point gml:id="K2_4667711865_1-g" srsName="fguuid:jgd2011.bl">
<gml:pos>32.965591389 129.665490278</gml:pos>
</gml:Point>
</pos>
<type>標高点（測点）</type>
<alti>154</alti>
</ElevPt>
<ElevPt gml:id="K2_4667711868_1">
<fid>46677-11868-i-77</fid>
<lfSpanFr gml:id="K2_4667711868_1-1">
<gml:timePosition>2023-02-21</gml:timePosition>
</lfSpanFr>
<devDate gml:id="K2_4667711868_1-2">
<gml:timePosition>2025-02-26</gml:timePosition>
</devDate>
<orgGILvl>25000</orgGILvl>
<vis>表示</vis>
<pos>
<gml:Point gml:id="K2_4667711868_1-g" srsName="fguuid:jgd2011.bl">
<gml:pos>32.972640556 129.663015278</gml:pos>
</gml:Point>
</pos>
<type>標高点（測点）</type>
<alti>185</alti>
</ElevPt>
<ElevPt gml:id="K2_4667711871_1">
<fid>46677-11871-i-71</fid>
<lfSpanFr gml:id="K2_4667711871_1-1">
<gml:timePosition>2023-02-21</gml:timePosition>
</lfSpanFr>
<devDate gml:id="K2_4667711871_1-2">
<gml:timePosition>2025-02-26</gml:timePosition>
</devDate>
<orgGILvl>25000</orgGILvl>
<vis>表示</vis>
<pos>
<gml:Point gml:id="K2_4667711871_1-g" srsName="fguuid:jgd2011.bl">
<gml:pos>32.981525556 129.662458056</gml:pos>
</gml:Point>
</pos>
<type>標高点（測点）</type>
<alti>186</alti>
</ElevPt>
<ElevPt gml:id="K2_4667711874_1">
<fid>46677-11874-i-137</fid>
<lfSpanFr gml:id="K2_4667711874_1-1">
<gml:timePosition>2023-02-21</gml:timePosition>
</lfSpanFr>
<devDate gml:id="K2_4667711874_1-2">
<gml:timePosition>2025-02-26</gml:timePosition>
</devDate>
<orgGILvl>25000</orgGILvl>
<vis>表示</vis>
<pos>
<gml:Point gml:id="K2_4667711874_1-g" srsName="fguuid:jgd2011.bl">
<gml:pos>32.987241389 129.664577500</gml:pos>
</gml:Point>
</pos>
<type>標高点（測点）</type>
<alti>123</alti>
</ElevPt>
<ElevPt gml:id="K2_4668011853_1">
<fid>46680-11853-i-1076</fid>
<lfSpanFr gml:id="K2_4668011853_1-1">
<gml:timePosition>2023-02-21</gml:timePosition>
</lfSpanFr>
<devDate gml:id="K2_4668011853_1-2">
<gml:timePosition>2025-02-26</gml:timePosition>
</devDate>
<orgGILvl>25000</orgGILvl>
<vis>表示</vis>
<pos>
<gml:Point gml:id="K2_4668011853_1-g" srsName="fguuid:jgd2011.bl">
<gml:pos>32.925917500 129.670346111</gml:pos>
</gml:Point>
</pos>
<type>標高点（測点）</type>
<alti>38</alti>
</ElevPt>
<ElevPt gml:id="K2_4668011853_2">
<fid>46680-11853-i-1077</fid>
<lfSpanFr gml:id="K2_4668011853_2-1">
<gml:timePosition>2023-02-21</gml:timePosition>
</lfSpanFr>
<devDate gml:id="K2_4668011853_2-2">
<gml:timePosition>2025-02-26</gml:timePosition>
</devDate>
<orgGILvl>25000</orgGILvl>
<vis>表示</vis>
<pos>
<gml:Point gml:id="K2_4668011853_2-g" srsName="fguuid:jgd2011.bl">
<gml:pos>32.932179722 129.668175278</gml:pos>
</gml:Point>
</pos>
<type>標高点（測点）</type>
<alti>149</alti>
</ElevPt>
<ElevPt gml:id="K2_4668011859_1">
<fid>46680-11859-i-491</fid>
<lfSpanFr gml:id="K2_4668011859_1-1">
<gml:timePosition>2023-02-21</gml:timePosition>
</lfSpanFr>
<devDate gml:id="K2_4668011859_1-2">
<gml:timePosition>2025-02-26</gml:timePosition>
</devDate>
<orgGILvl>25000</orgGILvl>
<vis>表示</vis>
<pos>
<gml:Point gml:id="K2_4668011859_1-g" srsName="fguuid:jgd2011.bl">
<gml:pos>32.942972073 129.670286828</gml:pos>
</gml:Point>
</pos>
<type>標高点（測点）</type>
<alti>93</alti>
</ElevPt>
<ElevPt gml:id="K2_4668011862_1">
<fid>46680-11862-i-143</fid>
<lfSpanFr gml:id="K2_4668011862_1-1">
<gml:timePosition>2023-02-21</gml:timePosition>
</lfSpanFr>
<devDate gml:id="K2_4668011862_1-2">
<gml:timePosition>2025-02-26</gml:timePosition>
</devDate>
<orgGILvl>25000</orgGILvl>
<vis>表示</vis>
<pos>
<gml:Point gml:id="K2_4668011862_1-g" srsName="fguuid:jgd2011.bl">
<gml:pos>32.951439099 129.672802915</gml:pos>
</gml:Point>
</pos>
<type>標高点（測点）</type>
<alti>54</alti>
</ElevPt>
<ElevPt gml:id="K2_4668011865_1">
<fid>46680-11865-i-94</fid>
<lfSpanFr gml:id="K2_4668011865_1-1">
<gml:timePosition>2023-02-21</gml:timePosition>
</lfSpanFr>
<devDate gml:id="K2_4668011865_1-2">
<gml:timePosition>2025-02-26</gml:timePosition>
</devDate>
<orgGILvl>25000</orgGILvl>
<vis>表示</vis>
<pos>
<gml:Point gml:id="K2_4668011865_1-g" srsName="fguuid:jgd2011.bl">
<gml:pos>32.961489444 129.667206944</gml:pos>
</gml:Point>
</pos>
<type>標高点（測点）</type>
<alti>212</alti>
</ElevPt>
<ElevPt gml:id="K2_4668011865_2">
<fid>46680-11865-i-95</fid>
<lfSpanFr gml:id="K2_4668011865_2-1">
<gml:timePosition>2023-02-21</gml:timePosition>
</lfSpanFr>
<devDate gml:id="K2_4668011865_2-2">
<gml:timePosition>2025-02-26</gml:timePosition>
</devDate>
<orgGILvl>25000</orgGILvl>
<vis>表示</vis>
<pos>
<gml:Point gml:id="K2_4668011865_2-g" srsName="fguuid:jgd2011.bl">
<gml:pos>32.966145556 129.674353056</gml:pos>
</gml:Point>
</pos>
<type>標高点（測点）</type>
<alti>235</alti>
</ElevPt>
<ElevPt gml:id="K2_4668011868_1">
<fid>46680-11868-i-112</fid>
<lfSpanFr gml:id="K2_4668011868_1-1">
<gml:timePosition>2023-02-21</gml:timePosition>
</lfSpanFr>
<devDate gml:id="K2_4668011868_1-2">
<gml:timePosition>2025-02-26</gml:timePosition>
</devDate>
<orgGILvl>25000</orgGILvl>
<vis>表示</vis>
<pos>
<gml:Point gml:id="K2_4668011868_1-g" srsName="fguuid:jgd2011.bl">
<gml:pos>32.971845556 129.672563611</gml:pos>
</gml:Point>
</pos>
<type>標高点（測点）</type>
<alti>244</alti>
</ElevPt>
<ElevPt gml:id="K2_4668011871_1">
<fid>46680-11871-i-81</fid>
<lfSpanFr gml:id="K2_4668011871_1-1">
<gml:timePosition>2023-02-21</gml:timePosition>
</lfSpanFr>
<devDate gml:id="K2_4668011871_1-2">
<gml:timePosition>2025-02-26</gml:timePosition>
</devDate>
<orgGILvl>25000</orgGILvl>
<vis>表示</vis>
<pos>
<gml:Point gml:id="K2_4668011871_1-g" srsName="fguuid:jgd2011.bl">
<gml:pos>32.979021667 129.671735278</gml:pos>
</gml:Point>
</pos>
<type>標高点（測点）</type>
<alti>245</alti>
</ElevPt>
<ElevPt gml:id="K2_4668011874_1">
<fid>46680-11874-i-71</fid>
<lfSpanFr gml:id="K2_4668011874_1-1">
<gml:timePosition>2023-02-21</gml:timePosition>
</lfSpanFr>
<devDate gml:id="K2_4668011874_1-2">
<gml:timePosition>2025-02-26</gml:timePosition>
</devDate>
<orgGILvl>25000</orgGILvl>
<vis>表示</vis>
<pos>
<gml:Point gml:id="K2_4668011874_1-g" srsName="fguuid:jgd2011.bl">
<gml:pos>32.990937778 129.673152778</gml:pos>
</gml:Point>
</pos>
<type>標高点（測点）</type>
<alti>133</alti>
</ElevPt>
<ElevPt gml:id="K2_4668311853_1">
<fid>46683-11853-i-316</fid>
<lfSpanFr gml:id="K2_4668311853_1-1">
<gml:timePosition>2023-02-21</gml:timePosition>
</lfSpanFr>
<devDate gml:id="K2_4668311853_1-2">
<gml:timePosition>2025-02-26</gml:timePosition>
</devDate>
<orgGILvl>25000</orgGILvl>
<vis>表示</vis>
<pos>
<gml:Point gml:id="K2_4668311853_1-g" srsName="fguuid:jgd2011.bl">
<gml:pos>32.931905278 129.682815000</gml:pos>
</gml:Point>
</pos>
<type>標高点（測点）</type>
<alti>192</alti>
</ElevPt>
<ElevPt gml:id="K2_4668311853_2">
<fid>46683-11853-i-317</fid>
<lfSpanFr gml:id="K2_4668311853_2-1">
<gml:timePosition>2023-02-21</gml:timePosition>
</lfSpanFr>
<devDate gml:id="K2_4668311853_2-2">
<gml:timePosition>2025-02-26</gml:timePosition>
</devDate>
<orgGILvl>25000</orgGILvl>
<vis>表示</vis>
<pos>
<gml:Point gml:id="K2_4668311853_2-g" srsName="fguuid:jgd2011.bl">
<gml:pos>32.929915833 129.677418056</gml:pos>
</gml:Point>
</pos>
<type>標高点（測点）</type>
<alti>28</alti>
</ElevPt>
<ElevPt gml:id="K2_4668311856_1">
<fid>46683-11856-i-158</fid>
<lfSpanFr gml:id="K2_4668311856_1-1">
<gml:timePosition>2023-02-21</gml:timePosition>
</lfSpanFr>
<devDate gml:id="K2_4668311856_1-2">
<gml:timePosition>2025-02-26</gml:timePosition>
</devDate>
<orgGILvl>25000</orgGILvl>
<vis>表示</vis>
<pos>
<gml:Point gml:id="K2_4668311856_1-g" srsName="fguuid:jgd2011.bl">
<gml:pos>32.939298611 129.682124167</gml:pos>
</gml:Point>
</pos>
<type>標高点（測点）</type>
<alti>48</alti>
</ElevPt>
<ElevPt gml:id="K2_4668311859_1">
<fid>46683-11859-i-232</fid>
<lfSpanFr gml:id="K2_4668311859_1-1">
<gml:timePosition>2023-02-21</gml:timePosition>
</lfSpanFr>
<devDate gml:id="K2_4668311859_1-2">
<gml:timePosition>2025-02-26</gml:timePosition>
</devDate>
<orgGILvl>25000</orgGILvl>
<vis>表示</vis>
<pos>
<gml:Point gml:id="K2_4668311859_1-g" srsName="fguuid:jgd2011.bl">
<gml:pos>32.944914444 129.678608889</gml:pos>
</gml:Point>
</pos>
<type>標高点（測点）</type>
<alti>134</alti>
</ElevPt>
<ElevPt gml:id="K2_4668311865_1">
<fid>46683-11865-i-182</fid>
<lfSpanFr gml:id="K2_4668311865_1-1">
<gml:timePosition>2023-02-21</gml:timePosition>
</lfSpanFr>
<devDate gml:id="K2_4668311865_1-2">
<gml:timePosition>2025-02-26</gml:timePosition>
</devDate>
<orgGILvl>25000</orgGILvl>
<vis>表示</vis>
<pos>
<gml:Point gml:id="K2_4668311865_1-g" srsName="fguuid:jgd2011.bl">
<gml:pos>32.964547222 129.675880000</gml:pos>
</gml:Point>
</pos>
<type>標高点（測点）</type>
<alti>250</alti>
</ElevPt>
<ElevPt gml:id="K2_4668311871_1">
<fid>46683-11871-i-42</fid>
<lfSpanFr gml:id="K2_4668311871_1-1">
<gml:timePosition>2023-02-21</gml:timePosition>
</lfSpanFr>
<devDate gml:id="K2_4668311871_1-2">
<gml:timePosition>2025-02-26</gml:timePosition>
</devDate>
<orgGILvl>25000</orgGILvl>
<vis>表示</vis>
<pos>
<gml:Point gml:id="K2_4668311871_1-g" srsName="fguuid:jgd2011.bl">
<gml:pos>32.978101389 129.679589444</gml:pos>
</gml:Point>
</pos>
<type>標高点（測点）</type>
<alti>271</alti>
</ElevPt>
<ElevPt gml:id="K2_4668311877_1">
<fid>46683-11877-i-64</fid>
<lfSpanFr gml:id="K2_4668311877_1-1">
<gml:timePosition>2023-02-21</gml:timePosition>
</lfSpanFr>
<devDate gml:id="K2_4668311877_1-2">
<gml:timePosition>2025-02-26</gml:timePosition>
</devDate>
<orgGILvl>25000</orgGILvl>
<vis>表示</vis>
<pos>
<gml:Point gml:id="K2_4668311877_1-g" srsName="fguuid:jgd2011.bl">
<gml:pos>32.991847064 129.682829706</gml:pos>
</gml:Point>
</pos>
<type>標高点（測点）</type>
<alti>276</alti>
</ElevPt>
<ElevPt gml:id="K2_4668611850_1">
<fid>46686-11850-i-106</fid>
<lfSpanFr gml:id="K2_4668611850_1-1">
<gml:timePosition>2023-02-21</gml:timePosition>
</lfSpanFr>
<devDate gml:id="K2_4668611850_1-2">
<gml:timePosition>2025-02-26</gml:timePosition>
</devDate>
<orgGILvl>25000</orgGILvl>
<vis>表示</vis>
<pos>
<gml:Point gml:id="K2_4668611850_1-g" srsName="fguuid:jgd2011.bl">
<gml:pos>32.917292500 129.685451667</gml:pos>
</gml:Point>
</pos>
<type>標高点（測点）</type>
<alti>176</alti>
</ElevPt>
<ElevPt gml:id="K2_4668611862_1">
<fid>46686-11862-i-111</fid>
<lfSpanFr gml:id="K2_4668611862_1-1">
<gml:timePosition>2023-02-21</gml:timePosition>
</lfSpanFr>
<devDate gml:id="K2_4668611862_1-2">
<gml:timePosition>2025-02-26</gml:timePosition>
</devDate>
<orgGILvl>25000</orgGILvl>
<vis>表示</vis>
<pos>
<gml:Point gml:id="K2_4668611862_1-g" srsName="fguuid:jgd2011.bl">
<gml:pos>32.956663056 129.690854722</gml:pos>
</gml:Point>
</pos>
<type>標高点（測点）</type>
<alti>159</alti>
</ElevPt>
<ElevPt gml:id="K2_4668611865_1">
<fid>46686-11865-i-103</fid>
<lfSpanFr gml:id="K2_4668611865_1-1">
<gml:timePosition>2023-02-21</gml:timePosition>
</lfSpanFr>
<devDate gml:id="K2_4668611865_1-2">
<gml:timePosition>2025-02-26</gml:timePosition>
</devDate>
<orgGILvl>25000</orgGILvl>
<vis>表示</vis>
<pos>
<gml:Point gml:id="K2_4668611865_1-g" srsName="fguuid:jgd2011.bl">
<gml:pos>32.960661944 129.684256389</gml:pos>
</gml:Point>
</pos>
<type>標高点（測点）</type>
<alti>100</alti>
</ElevPt>
<ElevPt gml:id="K2_4668611868_1">
<fid>46686-11868-i-17</fid>
<lfSpanFr gml:id="K2_4668611868_1-1">
<gml:timePosition>2023-02-21</gml:timePosition>
</lfSpanFr>
<devDate gml:id="K2_4668611868_1-2">
<gml:timePosition>2025-02-26</gml:timePosition>
</devDate>
<orgGILvl>25000</orgGILvl>
<vis>表示</vis>
<pos>
<gml:Point gml:id="K2_4668611868_1-g" srsName="fguuid:jgd2011.bl">
<gml:pos>32.970616944 129.686932500</gml:pos>
</gml:Point>
</pos>
<type>標高点（測点）</type>
<alti>288</alti>
</ElevPt>
<ElevPt gml:id="K2_4668611874_1">
<fid>46686-11874-i-34</fid>
<lfSpanFr gml:id="K2_4668611874_1-1">
<gml:timePosition>2023-02-21</gml:timePosition>
</lfSpanFr>
<devDate gml:id="K2_4668611874_1-2">
<gml:timePosition>2025-02-26</gml:timePosition>
</devDate>
<orgGILvl>25000</orgGILvl>
<vis>表示</vis>
<pos>
<gml:Point gml:id="K2_4668611874_1-g" srsName="fguuid:jgd2011.bl">
<gml:pos>32.983793889 129.687802778</gml:pos>
</gml:Point>
</pos>
<type>標高点（測点）</type>
<alti>251</alti>
</ElevPt>
<ElevPt gml:id="K2_4668611877_1">
<fid>46686-11877-i-48</fid>
<lfSpanFr gml:id="K2_4668611877_1-1">
<gml:timePosition>2023-02-21</gml:timePosition>
</lfSpanFr>
<devDate gml:id="K2_4668611877_1-2">
<gml:timePosition>2025-02-26</gml:timePosition>
</devDate>
<orgGILvl>25000</orgGILvl>
<vis>表示</vis>
<pos>
<gml:Point gml:id="K2_4668611877_1-g" srsName="fguuid:jgd2011.bl">
<gml:pos>32.997935278 129.687701944</gml:pos>
</gml:Point>
</pos>
<type>標高点（測点）</type>
<alti>282</alti>
</ElevPt>
<ElevPt gml:id="K2_4668911850_1">
<fid>46689-11850-i-56</fid>
<lfSpanFr gml:id="K2_4668911850_1-1">
<gml:timePosition>2023-02-21</gml:timePosition>
</lfSpanFr>
<devDate gml:id="K2_4668911850_1-2">
<gml:timePosition>2025-02-26</gml:timePosition>
</devDate>
<orgGILvl>25000</orgGILvl>
<vis>表示</vis>
<pos>
<gml:Point gml:id="K2_4668911850_1-g" srsName="fguuid:jgd2011.bl">
<gml:pos>32.924941111 129.695681389</gml:pos>
</gml:Point>
</pos>
<type>標高点（測点）</type>
<alti>301</alti>
</ElevPt>
<ElevPt gml:id="K2_4668911853_1">
<fid>46689-11853-i-14</fid>
<lfSpanFr gml:id="K2_4668911853_1-1">
<gml:timePosition>2023-02-21</gml:timePosition>
</lfSpanFr>
<devDate gml:id="K2_4668911853_1-2">
<gml:timePosition>2025-02-26</gml:timePosition>
</devDate>
<orgGILvl>25000</orgGILvl>
<vis>表示</vis>
<pos>
<gml:Point gml:id="K2_4668911853_1-g" srsName="fguuid:jgd2011.bl">
<gml:pos>32.930215000 129.695000000</gml:pos>
</gml:Point>
</pos>
<type>標高点（測点）</type>
<alti>328</alti>
</ElevPt>
<ElevPt gml:id="K2_4668911856_1">
<fid>46689-11856-i-60</fid>
<lfSpanFr gml:id="K2_4668911856_1-1">
<gml:timePosition>2023-02-21</gml:timePosition>
</lfSpanFr>
<devDate gml:id="K2_4668911856_1-2">
<gml:timePosition>2025-02-26</gml:timePosition>
</devDate>
<orgGILvl>25000</orgGILvl>
<vis>表示</vis>
<pos>
<gml:Point gml:id="K2_4668911856_1-g" srsName="fguuid:jgd2011.bl">
<gml:pos>32.938194167 129.697149444</gml:pos>
</gml:Point>
</pos>
<type>標高点（測点）</type>
<alti>383</alti>
</ElevPt>
<ElevPt gml:id="K2_4668911862_1">
<fid>46689-11862-i-24</fid>
<lfSpanFr gml:id="K2_4668911862_1-1">
<gml:timePosition>2023-02-21</gml:timePosition>
</lfSpanFr>
<devDate gml:id="K2_4668911862_1-2">
<gml:timePosition>2025-02-26</gml:timePosition>
</devDate>
<orgGILvl>25000</orgGILvl>
<vis>表示</vis>
<pos>
<gml:Point gml:id="K2_4668911862_1-g" srsName="fguuid:jgd2011.bl">
<gml:pos>32.951192222 129.691835556</gml:pos>
</gml:Point>
</pos>
<type>標高点（測点）</type>
<alti>122</alti>
</ElevPt>
<ElevPt gml:id="K2_4668911865_1">
<fid>46689-11865-i-63</fid>
<lfSpanFr gml:id="K2_4668911865_1-1">
<gml:timePosition>2023-02-21</gml:timePosition>
</lfSpanFr>
<devDate gml:id="K2_4668911865_1-2">
<gml:timePosition>2025-02-26</gml:timePosition>
</devDate>
<orgGILvl>25000</orgGILvl>
<vis>表示</vis>
<pos>
<gml:Point gml:id="K2_4668911865_1-g" srsName="fguuid:jgd2011.bl">
<gml:pos>32.962890414 129.697054096</gml:pos>
</gml:Point>
</pos>
<type>標高点（測点）</type>
<alti>87</alti>
</ElevPt>
<ElevPt gml:id="K2_4668911868_1">
<fid>46689-11868-i-35</fid>
<lfSpanFr gml:id="K2_4668911868_1-1">
<gml:timePosition>2023-02-21</gml:timePosition>
</lfSpanFr>
<devDate gml:id="K2_4668911868_1-2">
<gml:timePosition>2025-02-26</gml:timePosition>
</devDate>
<orgGILvl>25000</orgGILvl>
<vis>表示</vis>
<pos>
<gml:Point gml:id="K2_4668911868_1-g" srsName="fguuid:jgd2011.bl">
<gml:pos>32.968715556 129.697901667</gml:pos>
</gml:Point>
</pos>
<type>標高点（測点）</type>
<alti>205</alti>
</ElevPt>
<ElevPt gml:id="K2_4668911868_2">
<fid>46689-11868-i-49</fid>
<lfSpanFr gml:id="K2_4668911868_2-1">
<gml:timePosition>2023-02-21</gml:timePosition>
</lfSpanFr>
<devDate gml:id="K2_4668911868_2-2">
<gml:timePosition>2025-02-26</gml:timePosition>
</devDate>
<orgGILvl>25000</orgGILvl>
<vis>表示</vis>
<pos>
<gml:Point gml:id="K2_4668911868_2-g" srsName="fguuid:jgd2011.bl">
<gml:pos>32.973928482 129.697762865</gml:pos>
</gml:Point>
</pos>
<type>標高点（測点）</type>
<alti>210</alti>
</ElevPt>
<ElevPt gml:id="K2_4668911871_1">
<fid>46689-11871-i-87</fid>
<lfSpanFr gml:id="K2_4668911871_1-1">
<gml:timePosition>2023-02-21</gml:timePosition>
</lfSpanFr>
<devDate gml:id="K2_4668911871_1-2">
<gml:timePosition>2025-02-26</gml:timePosition>
</devDate>
<orgGILvl>25000</orgGILvl>
<vis>表示</vis>
<pos>
<gml:Point gml:id="K2_4668911871_1-g" srsName="fguuid:jgd2011.bl">
<gml:pos>32.979923056 129.694374444</gml:pos>
</gml:Point>
</pos>
<type>標高点（測点）</type>
<alti>331</alti>
</ElevPt>
<ElevPt gml:id="K2_4668911874_1">
<fid>46689-11874-i-83</fid>
<lfSpanFr gml:id="K2_4668911874_1-1">
<gml:timePosition>2023-02-21</gml:timePosition>
</lfSpanFr>
<devDate gml:id="K2_4668911874_1-2">
<gml:timePosition>2025-02-26</gml:timePosition>
</devDate>
<orgGILvl>25000</orgGILvl>
<vis>表示</vis>
<pos>
<gml:Point gml:id="K2_4668911874_1-g" srsName="fguuid:jgd2011.bl">
<gml:pos>32.990355000 129.692722778</gml:pos>
</gml:Point>
</pos>
<type>標高点（測点）</type>
<alti>295</alti>
</ElevPt>
<ElevPt gml:id="K2_4668911877_1">
<fid>46689-11877-i-329</fid>
<lfSpanFr gml:id="K2_4668911877_1-1">
<gml:timePosition>2023-02-21</gml:timePosition>
</lfSpanFr>
<devDate gml:id="K2_4668911877_1-2">
<gml:timePosition>2025-02-26</gml:timePosition>
</devDate>
<orgGILvl>25000</orgGILvl>
<vis>表示</vis>
<pos>
<gml:Point gml:id="K2_4668911877_1-g" srsName="fguuid:jgd2011.bl">
<gml:pos>32.995242809 129.698081200</gml:pos>
</gml:Point>
</pos>
<type>標高点（測点）</type>
<alti>295</alti>
</ElevPt>
<ElevPt gml:id="K2_4669211850_1">
<fid>46692-11850-i-26</fid>
<lfSpanFr gml:id="K2_4669211850_1-1">
<gml:timePosition>2023-02-21</gml:timePosition>
</lfSpanFr>
<devDate gml:id="K2_4669211850_1-2">
<gml:timePosition>2025-02-26</gml:timePosition>
</devDate>
<orgGILvl>25000</orgGILvl>
<vis>表示</vis>
<pos>
<gml:Point gml:id="K2_4669211850_1-g" srsName="fguuid:jgd2011.bl">
<gml:pos>32.923528056 129.707220833</gml:pos>
</gml:Point>
</pos>
<type>標高点（測点）</type>
<alti>372</alti>
</ElevPt>
<ElevPt gml:id="K2_4669211859_1">
<fid>46692-11859-i-35</fid>
<lfSpanFr gml:id="K2_4669211859_1-1">
<gml:timePosition>2023-02-21</gml:timePosition>
</lfSpanFr>
<devDate gml:id="K2_4669211859_1-2">
<gml:timePosition>2025-02-26</gml:timePosition>
</devDate>
<orgGILvl>25000</orgGILvl>
<vis>表示</vis>
<pos>
<gml:Point gml:id="K2_4669211859_1-g" srsName="fguuid:jgd2011.bl">
<gml:pos>32.942030000 129.705370833</gml:pos>
</gml:Point>
</pos>
<type>標高点（測点）</type>
<alti>302</alti>
</ElevPt>
<ElevPt gml:id="K2_4669211862_1">
<fid>46692-11862-i-78</fid>
<lfSpanFr gml:id="K2_4669211862_1-1">
<gml:timePosition>2023-02-21</gml:timePosition>
</lfSpanFr>
<devDate gml:id="K2_4669211862_1-2">
<gml:timePosition>2025-02-26</gml:timePosition>
</devDate>
<orgGILvl>25000</orgGILvl>
<vis>表示</vis>
<pos>
<gml:Point gml:id="K2_4669211862_1-g" srsName="fguuid:jgd2011.bl">
<gml:pos>32.954117778 129.701937500</gml:pos>
</gml:Point>
</pos>
<type>標高点（測点）</type>
<alti>153</alti>
</ElevPt>
<ElevPt gml:id="K2_4669211868_1">
<fid>46692-11868-i-119</fid>
<lfSpanFr gml:id="K2_4669211868_1-1">
<gml:timePosition>2023-02-21</gml:timePosition>
</lfSpanFr>
<devDate gml:id="K2_4669211868_1-2">
<gml:timePosition>2025-02-26</gml:timePosition>
</devDate>
<orgGILvl>25000</orgGILvl>
<vis>表示</vis>
<pos>
<gml:Point gml:id="K2_4669211868_1-g" srsName="fguuid:jgd2011.bl">
<gml:pos>32.969140556 129.707596389</gml:pos>
</gml:Point>
</pos>
<type>標高点（測点）</type>
<alti>206</alti>
</ElevPt>
<ElevPt gml:id="K2_4669211874_1">
<fid>46692-11874-i-65</fid>
<lfSpanFr gml:id="K2_4669211874_1-1">
<gml:timePosition>2023-02-21</gml:timePosition>
</lfSpanFr>
<devDate gml:id="K2_4669211874_1-2">
<gml:timePosition>2025-02-26</gml:timePosition>
</devDate>
<orgGILvl>25000</orgGILvl>
<vis>表示</vis>
<pos>
<gml:Point gml:id="K2_4669211874_1-g" srsName="fguuid:jgd2011.bl">
<gml:pos>32.983977500 129.704095278</gml:pos>
</gml:Point>
</pos>
<type>標高点（測点）</type>
<alti>277</alti>
</ElevPt>
<ElevPt gml:id="K2_4669211877_1">
<fid>46692-11877-i-134</fid>
<lfSpanFr gml:id="K2_4669211877_1-1">
<gml:timePosition>2023-02-21</gml:timePosition>
</lfSpanFr>
<devDate gml:id="K2_4669211877_1-2">
<gml:timePosition>2025-02-26</gml:timePosition>
</devDate>
<orgGILvl>25000</orgGILvl>
<vis>表示</vis>
<pos>
<gml:Point gml:id="K2_4669211877_1-g" srsName="fguuid:jgd2011.bl">
<gml:pos>32.992135556 129.705172500</gml:pos>
</gml:Point>
</pos>
<type>標高点（測点）</type>
<alti>342</alti>
</ElevPt>
<ElevPt gml:id="K2_4669511850_1">
<fid>46695-11850-i-20</fid>
<lfSpanFr gml:id="K2_4669511850_1-1">
<gml:timePosition>2023-02-21</gml:timePosition>
</lfSpanFr>
<devDate gml:id="K2_4669511850_1-2">
<gml:timePosition>2025-02-26</gml:timePosition>
</devDate>
<orgGILvl>25000</orgGILvl>
<vis>表示</vis>
<pos>
<gml:Point gml:id="K2_4669511850_1-g" srsName="fguuid:jgd2011.bl">
<gml:pos>32.918450278 129.713328611</gml:pos>
</gml:Point>
</pos>
<type>標高点（測点）</type>
<alti>423</alti>
</ElevPt>
<ElevPt gml:id="K2_4669511853_1">
<fid>46695-11853-i-24</fid>
<lfSpanFr gml:id="K2_4669511853_1-1">
<gml:timePosition>2023-02-21</gml:timePosition>
</lfSpanFr>
<devDate gml:id="K2_4669511853_1-2">
<gml:timePosition>2025-02-26</gml:timePosition>
</devDate>
<orgGILvl>25000</orgGILvl>
<vis>表示</vis>
<pos>
<gml:Point gml:id="K2_4669511853_1-g" srsName="fguuid:jgd2011.bl">
<gml:pos>32.926578333 129.710672222</gml:pos>
</gml:Point>
</pos>
<type>標高点（測点）</type>
<alti>358</alti>
</ElevPt>
<ElevPt gml:id="K2_4669511856_1">
<fid>46695-11856-i-24</fid>
<lfSpanFr gml:id="K2_4669511856_1-1">
<gml:timePosition>2023-02-21</gml:timePosition>
</lfSpanFr>
<devDate gml:id="K2_4669511856_1-2">
<gml:timePosition>2025-02-26</gml:timePosition>
</devDate>
<orgGILvl>25000</orgGILvl>
<vis>表示</vis>
<pos>
<gml:Point gml:id="K2_4669511856_1-g" srsName="fguuid:jgd2011.bl">
<gml:pos>32.939480833 129.712988333</gml:pos>
</gml:Point>
</pos>
<type>標高点（測点）</type>
<alti>365</alti>
</ElevPt>
<ElevPt gml:id="K2_4669511856_2">
<fid>46695-11856-i-25</fid>
<lfSpanFr gml:id="K2_4669511856_2-1">
<gml:timePosition>2023-02-21</gml:timePosition>
</lfSpanFr>
<devDate gml:id="K2_4669511856_2-2">
<gml:timePosition>2025-02-26</gml:timePosition>
</devDate>
<orgGILvl>25000</orgGILvl>
<vis>表示</vis>
<pos>
<gml:Point gml:id="K2_4669511856_2-g" srsName="fguuid:jgd2011.bl">
<gml:pos>32.934225833 129.711737500</gml:pos>
</gml:Point>
</pos>
<type>標高点（測点）</type>
<alti>302</alti>
</ElevPt>
<ElevPt gml:id="K2_4669511859_1">
<fid>46695-11859-i-124</fid>
<lfSpanFr gml:id="K2_4669511859_1-1">
<gml:timePosition>2023-02-21</gml:timePosition>
</lfSpanFr>
<devDate gml:id="K2_4669511859_1-2">
<gml:timePosition>2025-02-26</gml:timePosition>
</devDate>
<orgGILvl>25000</orgGILvl>
<vis>表示</vis>
<pos>
<gml:Point gml:id="K2_4669511859_1-g" srsName="fguuid:jgd2011.bl">
<gml:pos>32.949325000 129.708626111</gml:pos>
</gml:Point>
</pos>
<type>標高点（測点）</type>
<alti>311</alti>
</ElevPt>
<ElevPt gml:id="K2_4669511859_2">
<fid>46695-11859-i-160</fid>
<lfSpanFr gml:id="K2_4669511859_2-1">
<gml:timePosition>2023-02-21</gml:timePosition>
</lfSpanFr>
<devDate gml:id="K2_4669511859_2-2">
<gml:timePosition>2025-02-26</gml:timePosition>
</devDate>
<orgGILvl>25000</orgGILvl>
<vis>表示</vis>
<pos>
<gml:Point gml:id="K2_4669511859_2-g" srsName="fguuid:jgd2011.bl">
<gml:pos>32.945666667 129.713837222</gml:pos>
</gml:Point>
</pos>
<type>標高点（測点）</type>
<alti>256</alti>
</ElevPt>
<ElevPt gml:id="K2_4669511862_1">
<fid>46695-11862-i-262</fid>
<lfSpanFr gml:id="K2_4669511862_1-1">
<gml:timePosition>2023-02-21</gml:timePosition>
</lfSpanFr>
<devDate gml:id="K2_4669511862_1-2">
<gml:timePosition>2025-02-26</gml:timePosition>
</devDate>
<orgGILvl>25000</orgGILvl>
<vis>表示</vis>
<pos>
<gml:Point gml:id="K2_4669511862_1-g" srsName="fguuid:jgd2011.bl">
<gml:pos>32.956483414 129.710565671</gml:pos>
</gml:Point>
</pos>
<type>標高点（測点）</type>
<alti>136</alti>
</ElevPt>
<ElevPt gml:id="K2_4669511868_1">
<fid>46695-11868-i-98</fid>
<lfSpanFr gml:id="K2_4669511868_1-1">
<gml:timePosition>2023-02-21</gml:timePosition>
</lfSpanFr>
<devDate gml:id="K2_4669511868_1-2">
<gml:timePosition>2025-02-26</gml:timePosition>
</devDate>
<orgGILvl>25000</orgGILvl>
<vis>表示</vis>
<pos>
<gml:Point gml:id="K2_4669511868_1-g" srsName="fguuid:jgd2011.bl">
<gml:pos>32.972240278 129.716406667</gml:pos>
</gml:Point>
</pos>
<type>標高点（測点）</type>
<alti>283</alti>
</ElevPt>
<ElevPt gml:id="K2_4669511871_1">
<fid>46695-11871-i-281</fid>
<lfSpanFr gml:id="K2_4669511871_1-1">
<gml:timePosition>2023-02-21</gml:timePosition>
</lfSpanFr>
<devDate gml:id="K2_4669511871_1-2">
<gml:timePosition>2025-02-26</gml:timePosition>
</devDate>
<orgGILvl>25000</orgGILvl>
<vis>表示</vis>
<pos>
<gml:Point gml:id="K2_4669511871_1-g" srsName="fguuid:jgd2011.bl">
<gml:pos>32.977362754 129.710276583</gml:pos>
</gml:Point>
</pos>
<type>標高点（測点）</type>
<alti>224</alti>
</ElevPt>
<ElevPt gml:id="K2_4669511874_1">
<fid>46695-11874-i-626</fid>
<lfSpanFr gml:id="K2_4669511874_1-1">
<gml:timePosition>2023-02-21</gml:timePosition>
</lfSpanFr>
<devDate gml:id="K2_4669511874_1-2">
<gml:timePosition>2025-02-26</gml:timePosition>
</devDate>
<orgGILvl>25000</orgGILvl>
<vis>表示</vis>
<pos>
<gml:Point gml:id="K2_4669511874_1-g" srsName="fguuid:jgd2011.bl">
<gml:pos>32.985897151 129.711248268</gml:pos>
</gml:Point>
</pos>
<type>標高点（測点）</type>
<alti>271</alti>
</ElevPt>
<ElevPt gml:id="K2_4669511877_1">
<fid>46695-11877-i-506</fid>
<lfSpanFr gml:id="K2_4669511877_1-1">
<gml:timePosition>2023-02-21</gml:timePosition>
</lfSpanFr>
<devDate gml:id="K2_4669511877_1-2">
<gml:timePosition>2025-02-26</gml:timePosition>
</devDate>
<orgGILvl>25000</orgGILvl>
<vis>表示</vis>
<pos>
<gml:Point gml:id="K2_4669511877_1-g" srsName="fguuid:jgd2011.bl">
<gml:pos>32.997700281 129.711000707</gml:pos>
</gml:Point>
</pos>
<type>標高点（測点）</type>
<alti>186</alti>
</ElevPt>
<ElevPt gml:id="K2_4669811850_1">
<fid>46698-11850-i-50</fid>
<lfSpanFr gml:id="K2_4669811850_1-1">
<gml:timePosition>2023-02-21</gml:timePosition>
</lfSpanFr>
<devDate gml:id="K2_4669811850_1-2">
<gml:timePosition>2025-02-26</gml:timePosition>
</devDate>
<orgGILvl>25000</orgGILvl>
<vis>表示</vis>
<pos>
<gml:Point gml:id="K2_4669811850_1-g" srsName="fguuid:jgd2011.bl">
<gml:pos>32.923588611 129.719637500</gml:pos>
</gml:Point>
</pos>
<type>標高点（測点）</type>
<alti>394</alti>
</ElevPt>
<ElevPt gml:id="K2_4669811850_2">
<fid>46698-11850-i-51</fid>
<lfSpanFr gml:id="K2_4669811850_2-1">
<gml:timePosition>2023-02-21</gml:timePosition>
</lfSpanFr>
<devDate gml:id="K2_4669811850_2-2">
<gml:timePosition>2025-02-26</gml:timePosition>
</devDate>
<orgGILvl>25000</orgGILvl>
<vis>表示</vis>
<pos>
<gml:Point gml:id="K2_4669811850_2-g" srsName="fguuid:jgd2011.bl">
<gml:pos>32.916882500 129.723145833</gml:pos>
</gml:Point>
</pos>
<type>標高点（測点）</type>
<alti>448</alti>
</ElevPt>
<ElevPt gml:id="K2_4669811853_1">
<fid>46698-11853-i-31</fid>
<lfSpanFr gml:id="K2_4669811853_1-1">
<gml:timePosition>2023-02-21</gml:timePosition>
</lfSpanFr>
<devDate gml:id="K2_4669811853_1-2">
<gml:timePosition>2025-02-26</gml:timePosition>
</devDate>
<orgGILvl>25000</orgGILvl>
<vis>表示</vis>
<pos>
<gml:Point gml:id="K2_4669811853_1-g" srsName="fguuid:jgd2011.bl">
<gml:pos>32.930066389 129.717781111</gml:pos>
</gml:Point>
</pos>
<type>標高点（測点）</type>
<alti>388</alti>
</ElevPt>
<ElevPt gml:id="K2_4669811862_1">
<fid>46698-11862-i-30</fid>
<lfSpanFr gml:id="K2_4669811862_1-1">
<gml:timePosition>2023-02-21</gml:timePosition>
</lfSpanFr>
<devDate gml:id="K2_4669811862_1-2">
<gml:timePosition>2025-02-26</gml:timePosition>
</devDate>
<orgGILvl>25000</orgGILvl>
<vis>表示</vis>
<pos>
<gml:Point gml:id="K2_4669811862_1-g" srsName="fguuid:jgd2011.bl">
<gml:pos>32.951225556 129.721185278</gml:pos>
</gml:Point>
</pos>
<type>標高点（測点）</type>
<alti>164</alti>
</ElevPt>
<ElevPt gml:id="K2_4669811865_1">
<fid>46698-11865-i-17</fid>
<lfSpanFr gml:id="K2_4669811865_1-1">
<gml:timePosition>2023-02-21</gml:timePosition>
</lfSpanFr>
<devDate gml:id="K2_4669811865_1-2">
<gml:timePosition>2025-02-26</gml:timePosition>
</devDate>
<orgGILvl>25000</orgGILvl>
<vis>表示</vis>
<pos>
<gml:Point gml:id="K2_4669811865_1-g" srsName="fguuid:jgd2011.bl">
<gml:pos>32.962434167 129.717748056</gml:pos>
</gml:Point>
</pos>
<type>標高点（測点）</type>
<alti>289</alti>
</ElevPt>
<ElevPt gml:id="K2_4669811868_1">
<fid>46698-11868-i-224</fid>
<lfSpanFr gml:id="K2_4669811868_1-1">
<gml:timePosition>2023-02-21</gml:timePosition>
</lfSpanFr>
<devDate gml:id="K2_4669811868_1-2">
<gml:timePosition>2025-02-26</gml:timePosition>
</devDate>
<orgGILvl>25000</orgGILvl>
<vis>表示</vis>
<pos>
<gml:Point gml:id="K2_4669811868_1-g" srsName="fguuid:jgd2011.bl">
<gml:pos>32.974305278 129.723119722</gml:pos>
</gml:Point>
</pos>
<type>標高点（測点）</type>
<alti>256</alti>
</ElevPt>
<ElevPt gml:id="K2_4669811868_2">
<fid>46698-11868-i-225</fid>
<lfSpanFr gml:id="K2_4669811868_2-1">
<gml:timePosition>2023-02-21</gml:timePosition>
</lfSpanFr>
<devDate gml:id="K2_4669811868_2-2">
<gml:timePosition>2025-02-26</gml:timePosition>
</devDate>
<orgGILvl>25000</orgGILvl>
<vis>表示</vis>
<pos>
<gml:Point gml:id="K2_4669811868_2-g" srsName="fguuid:jgd2011.bl">
<gml:pos>32.967224167 129.720040556</gml:pos>
</gml:Point>
</pos>
<type>標高点（測点）</type>
<alti>221</alti>
</ElevPt>
<ElevPt gml:id="K2_4669811871_1">
<fid>46698-11871-i-136</fid>
<lfSpanFr gml:id="K2_4669811871_1-1">
<gml:timePosition>2023-02-21</gml:timePosition>
</lfSpanFr>
<devDate gml:id="K2_4669811871_1-2">
<gml:timePosition>2025-02-26</gml:timePosition>
</devDate>
<orgGILvl>25000</orgGILvl>
<vis>表示</vis>
<pos>
<gml:Point gml:id="K2_4669811871_1-g" srsName="fguuid:jgd2011.bl">
<gml:pos>32.981759167 129.722576944</gml:pos>
</gml:Point>
</pos>
<type>標高点（測点）</type>
<alti>201</alti>
</ElevPt>
<ElevPt gml:id="K2_4669811874_1">
<fid>46698-11874-i-650</fid>
<lfSpanFr gml:id="K2_4669811874_1-1">
<gml:timePosition>2023-02-21</gml:timePosition>
</lfSpanFr>
<devDate gml:id="K2_4669811874_1-2">
<gml:timePosition>2025-02-26</gml:timePosition>
</devDate>
<orgGILvl>25000</orgGILvl>
<vis>表示</vis>
<pos>
<gml:Point gml:id="K2_4669811874_1-g" srsName="fguuid:jgd2011.bl">
<gml:pos>32.990022207 129.722276052</gml:pos>
</gml:Point>
</pos>
<type>標高点（測点）</type>
<alti>129</alti>
</ElevPt>
<ElevPt gml:id="K2_4669811877_1">
<fid>46698-11877-i-346</fid>
<lfSpanFr gml:id="K2_4669811877_1-1">
<gml:timePosition>2023-02-21</gml:timePosition>
</lfSpanFr>
<devDate gml:id="K2_4669811877_1-2">
<gml:timePosition>2025-02-26</gml:timePosition>
</devDate>
<orgGILvl>25000</orgGILvl>
<vis>表示</vis>
<pos>
<gml:Point gml:id="K2_4669811877_1-g" srsName="fguuid:jgd2011.bl">
<gml:pos>32.997605556 129.720236944</gml:pos>
</gml:Point>
</pos>
<type>標高点（測点）</type>
<alti>218</alti>
</ElevPt>
<ElevPt gml:id="K2_4670111853_1">
<fid>46701-11853-i-11</fid>
<lfSpanFr gml:id="K2_4670111853_1-1">
<gml:timePosition>2023-02-21</gml:timePosition>
</lfSpanFr>
<devDate gml:id="K2_4670111853_1-2">
<gml:timePosition>2025-02-26</gml:timePosition>
</devDate>
<orgGILvl>25000</orgGILvl>
<vis>表示</vis>
<pos>
<gml:Point gml:id="K2_4670111853_1-g" srsName="fguuid:jgd2011.bl">
<gml:pos>32.932908056 129.730775833</gml:pos>
</gml:Point>
</pos>
<type>標高点（測点）</type>
<alti>396</alti>
</ElevPt>
<ElevPt gml:id="K2_4670111859_1">
<fid>46701-11859-i-112</fid>
<lfSpanFr gml:id="K2_4670111859_1-1">
<gml:timePosition>2023-02-21</gml:timePosition>
</lfSpanFr>
<devDate gml:id="K2_4670111859_1-2">
<gml:timePosition>2025-02-26</gml:timePosition>
</devDate>
<orgGILvl>25000</orgGILvl>
<vis>表示</vis>
<pos>
<gml:Point gml:id="K2_4670111859_1-g" srsName="fguuid:jgd2011.bl">
<gml:pos>32.946938333 129.733288889</gml:pos>
</gml:Point>
</pos>
<type>標高点（測点）</type>
<alti>164</alti>
</ElevPt>
<ElevPt gml:id="K2_4670111859_2">
<fid>46701-11859-i-113</fid>
<lfSpanFr gml:id="K2_4670111859_2-1">
<gml:timePosition>2023-02-21</gml:timePosition>
</lfSpanFr>
<devDate gml:id="K2_4670111859_2-2">
<gml:timePosition>2025-02-26</gml:timePosition>
</devDate>
<orgGILvl>25000</orgGILvl>
<vis>表示</vis>
<pos>
<gml:Point gml:id="K2_4670111859_2-g" srsName="fguuid:jgd2011.bl">
<gml:pos>32.943373889 129.726081944</gml:pos>
</gml:Point>
</pos>
<type>標高点（測点）</type>
<alti>271</alti>
</ElevPt>
<ElevPt gml:id="K2_4670111862_1">
<fid>46701-11862-i-14</fid>
<lfSpanFr gml:id="K2_4670111862_1-1">
<gml:timePosition>2023-02-21</gml:timePosition>
</lfSpanFr>
<devDate gml:id="K2_4670111862_1-2">
<gml:timePosition>2025-02-26</gml:timePosition>
</devDate>
<orgGILvl>25000</orgGILvl>
<vis>表示</vis>
<pos>
<gml:Point gml:id="K2_4670111862_1-g" srsName="fguuid:jgd2011.bl">
<gml:pos>32.957713611 129.727366944</gml:pos>
</gml:Point>
</pos>
<type>標高点（測点）</type>
<alti>294</alti>
</ElevPt>
<ElevPt gml:id="K2_4670111871_1">
<fid>46701-11871-i-94</fid>
<lfSpanFr gml:id="K2_4670111871_1-1">
<gml:timePosition>2023-02-21</gml:timePosition>
</lfSpanFr>
<devDate gml:id="K2_4670111871_1-2">
<gml:timePosition>2025-02-26</gml:timePosition>
</devDate>
<orgGILvl>25000</orgGILvl>
<vis>表示</vis>
<pos>
<gml:Point gml:id="K2_4670111871_1-g" srsName="fguuid:jgd2011.bl">
<gml:pos>32.975716944 129.729051944</gml:pos>
</gml:Point>
</pos>
<type>標高点（測点）</type>
<alti>176</alti>
</ElevPt>
<ElevPt gml:id="K2_4670111874_1">
<fid>46701-11874-i-214</fid>
<lfSpanFr gml:id="K2_4670111874_1-1">
<gml:timePosition>2023-02-21</gml:timePosition>
</lfSpanFr>
<devDate gml:id="K2_4670111874_1-2">
<gml:timePosition>2025-02-26</gml:timePosition>
</devDate>
<orgGILvl>25000</orgGILvl>
<vis>表示</vis>
<pos>
<gml:Point gml:id="K2_4670111874_1-g" srsName="fguuid:jgd2011.bl">
<gml:pos>32.986556667 129.730286389</gml:pos>
</gml:Point>
</pos>
<type>標高点（測点）</type>
<alti>134</alti>
</ElevPt>
<ElevPt gml:id="K2_4670111877_1">
<fid>46701-11877-i-398</fid>
<lfSpanFr gml:id="K2_4670111877_1-1">
<gml:timePosition>2023-02-21</gml:timePosition>
</lfSpanFr>
<devDate gml:id="K2_4670111877_1-2">
<gml:timePosition>2025-02-26</gml:timePosition>
</devDate>
<orgGILvl>25000</orgGILvl>
<vis>表示</vis>
<pos>
<gml:Point gml:id="K2_4670111877_1-g" srsName="fguuid:jgd2011.bl">
<gml:pos>32.993844444 129.727080278</gml:pos>
</gml:Point>
</pos>
<type>標高点（測点）</type>
<alti>66</alti>
</ElevPt>
<ElevPt gml:id="K2_4670411862_1">
<fid>46704-11862-i-25</fid>
<lfSpanFr gml:id="K2_4670411862_1-1">
<gml:timePosition>2023-02-21</gml:timePosition>
</lfSpanFr>
<devDate gml:id="K2_4670411862_1-2">
<gml:timePosition>2025-02-26</gml:timePosition>
</devDate>
<orgGILvl>25000</orgGILvl>
<vis>表示</vis>
<pos>
<gml:Point gml:id="K2_4670411862_1-g" srsName="fguuid:jgd2011.bl">
<gml:pos>32.954778056 129.734689444</gml:pos>
</gml:Point>
</pos>
<type>標高点（測点）</type>
<alti>292</alti>
</ElevPt>
<ElevPt gml:id="K2_4670411862_2">
<fid>46704-11862-i-26</fid>
<lfSpanFr gml:id="K2_4670411862_2-1">
<gml:timePosition>2023-02-21</gml:timePosition>
</lfSpanFr>
<devDate gml:id="K2_4670411862_2-2">
<gml:timePosition>2025-02-26</gml:timePosition>
</devDate>
<orgGILvl>25000</orgGILvl>
<vis>表示</vis>
<pos>
<gml:Point gml:id="K2_4670411862_2-g" srsName="fguuid:jgd2011.bl">
<gml:pos>32.954823611 129.741551667</gml:pos>
</gml:Point>
</pos>
<type>標高点（測点）</type>
<alti>404</alti>
</ElevPt>
<ElevPt gml:id="K2_4670411865_1">
<fid>46704-11865-i-74</fid>
<lfSpanFr gml:id="K2_4670411865_1-1">
<gml:timePosition>2023-02-21</gml:timePosition>
</lfSpanFr>
<devDate gml:id="K2_4670411865_1-2">
<gml:timePosition>2025-02-26</gml:timePosition>
</devDate>
<orgGILvl>25000</orgGILvl>
<vis>表示</vis>
<pos>
<gml:Point gml:id="K2_4670411865_1-g" srsName="fguuid:jgd2011.bl">
<gml:pos>32.962351111 129.738555833</gml:pos>
</gml:Point>
</pos>
<type>標高点（測点）</type>
<alti>274</alti>
</ElevPt>
<ElevPt gml:id="K2_4670411871_1">
<fid>46704-11871-i-488</fid>
<lfSpanFr gml:id="K2_4670411871_1-1">
<gml:timePosition>2023-02-21</gml:timePosition>
</lfSpanFr>
<devDate gml:id="K2_4670411871_1-2">
<gml:timePosition>2025-02-26</gml:timePosition>
</devDate>
<orgGILvl>25000</orgGILvl>
<vis>表示</vis>
<pos>
<gml:Point gml:id="K2_4670411871_1-g" srsName="fguuid:jgd2011.bl">
<gml:pos>32.979201111 129.740271944</gml:pos>
</gml:Point>
</pos>
<type>標高点（測点）</type>
<alti>4</alti>
</ElevPt>
<ElevPt gml:id="K2_4670711850_1">
<fid>46707-11850-i-131</fid>
<lfSpanFr gml:id="K2_4670711850_1-1">
<gml:timePosition>2023-02-21</gml:timePosition>
</lfSpanFr>
<devDate gml:id="K2_4670711850_1-2">
<gml:timePosition>2025-02-26</gml:timePosition>
</devDate>
<orgGILvl>25000</orgGILvl>
<vis>表示</vis>
<pos>
<gml:Point gml:id="K2_4670711850_1-g" srsName="fguuid:jgd2011.bl">
<gml:pos>32.924963611 129.743573056</gml:pos>
</gml:Point>
</pos>
<type>標高点（測点）</type>
<alti>537</alti>
</ElevPt>
<ElevPt gml:id="K2_4670711853_1">
<fid>46707-11853-i-165</fid>
<lfSpanFr gml:id="K2_4670711853_1-1">
<gml:timePosition>2023-02-21</gml:timePosition>
</lfSpanFr>
<devDate gml:id="K2_4670711853_1-2">
<gml:timePosition>2025-02-26</gml:timePosition>
</devDate>
<orgGILvl>25000</orgGILvl>
<vis>表示</vis>
<pos>
<gml:Point gml:id="K2_4670711853_1-g" srsName="fguuid:jgd2011.bl">
<gml:pos>32.933074167 129.743713889</gml:pos>
</gml:Point>
</pos>
<type>標高点（測点）</type>
<alti>463</alti>
</ElevPt>
<ElevPt gml:id="K2_4670711877_1">
<fid>46707-11877-i-149</fid>
<lfSpanFr gml:id="K2_4670711877_1-1">
<gml:timePosition>2023-02-21</gml:timePosition>
</lfSpanFr>
<devDate gml:id="K2_4670711877_1-2">
<gml:timePosition>2025-02-26</gml:timePosition>
</devDate>
<orgGILvl>25000</orgGILvl>
<vis>表示</vis>
<pos>
<gml:Point gml:id="K2_4670711877_1-g" srsName="fguuid:jgd2011.bl">
<gml:pos>32.995653611 129.743618056</gml:pos>
</gml:Point>
</pos>
<type>標高点（測点）</type>
<alti>33</alti>
</ElevPt>
</Dataset>
