<?xml version="1.0" encoding="utf-8"?>
<Dataset xsi:schemaLocation="http://fgd.gsi.go.jp/spec/2008/FGD_GMLSchema FGD_GMLSchema.xsd"
	xmlns:gml="http://www.opengis.net/gml/3.2"
	xmlns:xsi="http://www.w3.org/2001/XMLSchema-instance"
	xmlns:xlink="http://www.w3.org/1999/xlink"
	xmlns="http://fgd.gsi.go.jp/spec/2008/FGD_GMLSchema"
	gml:id="Dataset1">
  <gml:description>基盤地図情報メタデータ ID=fmdid:25-0101</gml:description>
  <gml:name>基盤地図情報ダウンロードデータ（GML版）</gml:name>
<GCP gml:id="K1_492942_1">
<fid>10-00100-0-2411-151065</fid>
<lfSpanFr gml:id="K1_492942_1-1">
<gml:timePosition>2024-11-15</gml:timePosition>
</lfSpanFr>
<devDate gml:id="K1_492942_1-2">
<gml:timePosition>2024-11-29</gml:timePosition>
</devDate>
<orgGILvl>KJ11</orgGILvl>
<vis>表示</vis>
<pos>
<gml:Point gml:id="K1_492942_1-g" srsName="fguuid:jgd2011.bl">
<gml:pos>33.015093417 129.349313167</gml:pos>
</gml:Point>
</pos>
<orgName>国土地理院</orgName>
<type>三角点</type>
<gcpClass>一等三角点</gcpClass>
<gcpCode>TR14929421701</gcpCode>
<name>江島</name>
<B>118854.3363</B>
<L>465657.5274</L>
<alti>121.76</alti>
<altiAcc>2</altiAcc>
</GCP>
<GCP gml:id="K1_492942_2">
<fid>10-00100-0-2411-194958</fid>
<lfSpanFr gml:id="K1_492942_2-1">
<gml:timePosition>2024-11-15</gml:timePosition>
</lfSpanFr>
<devDate gml:id="K1_492942_2-2">
<gml:timePosition>2024-11-29</gml:timePosition>
</devDate>
<orgGILvl>KJ14</orgGILvl>
<vis>表示</vis>
<pos>
<gml:Point gml:id="K1_492942_2-g" srsName="fguuid:jgd2011.bl">
<gml:pos>33.016021639 129.257067778</gml:pos>
</gml:Point>
</pos>
<orgName>国土地理院</orgName>
<type>三角点</type>
<gcpClass>四等三角点</gcpClass>
<gcpCode>TR44929421001</gcpCode>
<name>竜崎</name>
<B>118857.6779</B>
<L>465325.444</L>
<alti>95.01</alti>
<altiAcc>2</altiAcc>
</GCP>
</Dataset>
