<?xml version="1.0" encoding="utf-8"?>
<Dataset xsi:schemaLocation="http://fgd.gsi.go.jp/spec/2008/FGD_GMLSchema FGD_GMLSchema.xsd"
	xmlns:gml="http://www.opengis.net/gml/3.2"
	xmlns:xsi="http://www.w3.org/2001/XMLSchema-instance"
	xmlns:xlink="http://www.w3.org/1999/xlink"
	xmlns="http://fgd.gsi.go.jp/spec/2008/FGD_GMLSchema"
	gml:id="Dataset1">
  <gml:description>基盤地図情報メタデータ ID=fmdid:25-0101</gml:description>
  <gml:name>基盤地図情報ダウンロードデータ（GML版）</gml:name>
<AdmPt gml:id="K6_4653011883_1">
<fid>46530-11883-i-133</fid>
<lfSpanFr gml:id="K6_4653011883_1-1">
<gml:timePosition>2015-11-17</gml:timePosition>
</lfSpanFr>
<devDate gml:id="K6_4653011883_1-2">
<gml:timePosition>2024-11-29</gml:timePosition>
</devDate>
<orgGILvl>25000</orgGILvl>
<vis>非表示</vis>
<pos>
<gml:Point gml:id="K6_4653011883_1-g" srsName="fguuid:jgd2011.bl">
<gml:pos>33.010540761 129.253235110</gml:pos>
</gml:Point>
</pos>
<type>郡市・東京都の区</type>
<name>西海市</name>
<admCode>42212</admCode>
</AdmPt>
<AdmPt gml:id="K6_4656311883_1">
<fid>46563-11883-i-241</fid>
<lfSpanFr gml:id="K6_4656311883_1-1">
<gml:timePosition>2015-11-17</gml:timePosition>
</lfSpanFr>
<devDate gml:id="K6_4656311883_1-2">
<gml:timePosition>2024-11-29</gml:timePosition>
</devDate>
<orgGILvl>25000</orgGILvl>
<vis>非表示</vis>
<pos>
<gml:Point gml:id="K6_4656311883_1-g" srsName="fguuid:jgd2011.bl">
<gml:pos>33.010184550 129.349827007</gml:pos>
</gml:Point>
</pos>
<type>郡市・東京都の区</type>
<name>西海市</name>
<admCode>42212</admCode>
</AdmPt>
<AdmPt gml:id="K6_4656611880_1">
<fid>46566-11880-i-314</fid>
<lfSpanFr gml:id="K6_4656611880_1-1">
<gml:timePosition>2015-11-17</gml:timePosition>
</lfSpanFr>
<devDate gml:id="K6_4656611880_1-2">
<gml:timePosition>2024-11-29</gml:timePosition>
</devDate>
<orgGILvl>25000</orgGILvl>
<vis>非表示</vis>
<pos>
<gml:Point gml:id="K6_4656611880_1-g" srsName="fguuid:jgd2011.bl">
<gml:pos>33.000556031 129.352721276</gml:pos>
</gml:Point>
</pos>
<type>郡市・東京都の区</type>
<name>西海市</name>
<admCode>42212</admCode>
</AdmPt>
<AdmPt gml:id="K6_4656611880_2">
<fid>46566-11880-i-315</fid>
<lfSpanFr gml:id="K6_4656611880_2-1">
<gml:timePosition>2015-11-17</gml:timePosition>
</lfSpanFr>
<devDate gml:id="K6_4656611880_2-2">
<gml:timePosition>2024-11-29</gml:timePosition>
</devDate>
<orgGILvl>25000</orgGILvl>
<vis>非表示</vis>
<pos>
<gml:Point gml:id="K6_4656611880_2-g" srsName="fguuid:jgd2011.bl">
<gml:pos>33.000106528 129.351583323</gml:pos>
</gml:Point>
</pos>
<type>郡市・東京都の区</type>
<name>西海市</name>
<admCode>42212</admCode>
</AdmPt>
</Dataset>
