<?xml version="1.0" encoding="utf-8"?>
<Dataset xsi:schemaLocation="http://fgd.gsi.go.jp/spec/2008/FGD_GMLSchema FGD_GMLSchema.xsd"
	xmlns:gml="http://www.opengis.net/gml/3.2"
	xmlns:xsi="http://www.w3.org/2001/XMLSchema-instance"
	xmlns:xlink="http://www.w3.org/1999/xlink"
	xmlns="http://fgd.gsi.go.jp/spec/2008/FGD_GMLSchema"
	gml:id="Dataset1">
  <gml:description>基盤地図情報メタデータ ID=fmdid:25-0101</gml:description>
  <gml:name>基盤地図情報ダウンロードデータ（GML版）</gml:name>
<AdmPt gml:id="K6_4675511826_1">
<fid>46755-11826-i-685</fid>
<lfSpanFr gml:id="K6_4675511826_1-1">
<gml:timePosition>2020-12-08</gml:timePosition>
</lfSpanFr>
<devDate gml:id="K6_4675511826_1-2">
<gml:timePosition>2024-11-29</gml:timePosition>
</devDate>
<orgGILvl>25000</orgGILvl>
<vis>非表示</vis>
<pos>
<gml:Point gml:id="K6_4675511826_1-g" srsName="fguuid:jgd2011.bl">
<gml:pos>32.857703351 129.882606561</gml:pos>
</gml:Point>
</pos>
<type>町村・指定都市の区</type>
<name>長与町</name>
<admCode>42307</admCode>
</AdmPt>
<AdmPt gml:id="K6_4676711826_1">
<fid>46767-11826-i-2005</fid>
<lfSpanFr gml:id="K6_4676711826_1-1">
<gml:timePosition>2016-04-20</gml:timePosition>
</lfSpanFr>
<devDate gml:id="K6_4676711826_1-2">
<gml:timePosition>2024-11-29</gml:timePosition>
</devDate>
<orgGILvl>25000</orgGILvl>
<vis>非表示</vis>
<pos>
<gml:Point gml:id="K6_4676711826_1-g" srsName="fguuid:jgd2011.bl">
<gml:pos>32.857351865 129.911726464</gml:pos>
</gml:Point>
</pos>
<type>郡市・東京都の区</type>
<name>諫早市</name>
<admCode>42204</admCode>
</AdmPt>
<AdmPt gml:id="K6_4679111835_1">
<fid>46791-11835-i-433</fid>
<lfSpanFr gml:id="K6_4679111835_1-1">
<gml:timePosition>2020-12-08</gml:timePosition>
</lfSpanFr>
<devDate gml:id="K6_4679111835_1-2">
<gml:timePosition>2024-11-29</gml:timePosition>
</devDate>
<orgGILvl>25000</orgGILvl>
<vis>非表示</vis>
<pos>
<gml:Point gml:id="K6_4679111835_1-g" srsName="fguuid:jgd2011.bl">
<gml:pos>32.882702536 129.981981294</gml:pos>
</gml:Point>
</pos>
<type>郡市・東京都の区</type>
<name>大村市</name>
<admCode>42205</admCode>
</AdmPt>
</Dataset>
