<?xml version="1.0" encoding="utf-8"?>
<Dataset xsi:schemaLocation="http://fgd.gsi.go.jp/spec/2008/FGD_GMLSchema FGD_GMLSchema.xsd"
	xmlns:gml="http://www.opengis.net/gml/3.2"
	xmlns:xsi="http://www.w3.org/2001/XMLSchema-instance"
	xmlns:xlink="http://www.w3.org/1999/xlink"
	xmlns="http://fgd.gsi.go.jp/spec/2008/FGD_GMLSchema"
	gml:id="Dataset1">
  <gml:description>基盤地図情報メタデータ ID=fmdid:25-0101</gml:description>
  <gml:name>基盤地図情報ダウンロードデータ（GML版）</gml:name>
<GCP gml:id="K1_492927_1">
<fid>10-00100-0-2411-136381</fid>
<lfSpanFr gml:id="K1_492927_1-1">
<gml:timePosition>2024-11-15</gml:timePosition>
</lfSpanFr>
<devDate gml:id="K1_492927_1-2">
<gml:timePosition>2024-11-29</gml:timePosition>
</devDate>
<orgGILvl>SJ11</orgGILvl>
<vis>表示</vis>
<pos>
<gml:Point gml:id="K1_492927_1-g" srsName="fguuid:jgd2011.bl">
<gml:pos>32.912109639 129.953879528</gml:pos>
</gml:Point>
</pos>
<orgName>国土地理院</orgName>
<type>水準点</type>
<gcpClass>一等水準点</gcpClass>
<gcpCode>L010000003296</gcpCode>
<name>３２９６</name>
<B>118483.5947</B>
<L>467833.9663</L>
<alti>4.054</alti>
<altiAcc>4</altiAcc>
</GCP>
<GCP gml:id="K1_492927_2">
<fid>10-00100-0-2411-136382</fid>
<lfSpanFr gml:id="K1_492927_2-1">
<gml:timePosition>2024-11-15</gml:timePosition>
</lfSpanFr>
<devDate gml:id="K1_492927_2-2">
<gml:timePosition>2024-11-29</gml:timePosition>
</devDate>
<orgGILvl>SJ11</orgGILvl>
<vis>表示</vis>
<pos>
<gml:Point gml:id="K1_492927_2-g" srsName="fguuid:jgd2011.bl">
<gml:pos>32.898390250 129.960489667</gml:pos>
</gml:Point>
</pos>
<orgName>国土地理院</orgName>
<type>水準点</type>
<gcpClass>一等水準点</gcpClass>
<gcpCode>L010000003297</gcpCode>
<name>３２９７</name>
<B>118434.2049</B>
<L>467857.7628</L>
<alti>2.2139</alti>
<altiAcc>4</altiAcc>
</GCP>
<GCP gml:id="K1_492927_3">
<fid>10-00100-0-2411-136383</fid>
<lfSpanFr gml:id="K1_492927_3-1">
<gml:timePosition>2024-11-15</gml:timePosition>
</lfSpanFr>
<devDate gml:id="K1_492927_3-2">
<gml:timePosition>2024-11-29</gml:timePosition>
</devDate>
<orgGILvl>SJ11</orgGILvl>
<vis>表示</vis>
<pos>
<gml:Point gml:id="K1_492927_3-g" srsName="fguuid:jgd2011.bl">
<gml:pos>32.891184250 129.974560667</gml:pos>
</gml:Point>
</pos>
<orgName>国土地理院</orgName>
<type>水準点</type>
<gcpClass>一等水準点</gcpClass>
<gcpCode>L010000003298</gcpCode>
<name>３２９８</name>
<B>118408.2633</B>
<L>467908.4184</L>
<alti>2.9533</alti>
<altiAcc>4</altiAcc>
</GCP>
<GCP gml:id="K1_492927_4">
<fid>10-00100-0-2411-136384</fid>
<lfSpanFr gml:id="K1_492927_4-1">
<gml:timePosition>2024-11-15</gml:timePosition>
</lfSpanFr>
<devDate gml:id="K1_492927_4-2">
<gml:timePosition>2024-11-29</gml:timePosition>
</devDate>
<orgGILvl>SJ11</orgGILvl>
<vis>表示</vis>
<pos>
<gml:Point gml:id="K1_492927_4-g" srsName="fguuid:jgd2011.bl">
<gml:pos>32.889117806 129.992297417</gml:pos>
</gml:Point>
</pos>
<orgName>国土地理院</orgName>
<type>水準点</type>
<gcpClass>一等水準点</gcpClass>
<gcpCode>L010000003299</gcpCode>
<name>３２９９</name>
<B>118400.8241</B>
<L>467972.2707</L>
<alti>11.6969</alti>
<altiAcc>4</altiAcc>
</GCP>
<GCP gml:id="K1_492927_5">
<fid>10-00100-0-2411-149240</fid>
<lfSpanFr gml:id="K1_492927_5-1">
<gml:timePosition>2024-11-15</gml:timePosition>
</lfSpanFr>
<devDate gml:id="K1_492927_5-2">
<gml:timePosition>2024-11-29</gml:timePosition>
</devDate>
<orgGILvl>SJ11</orgGILvl>
<vis>表示</vis>
<pos>
<gml:Point gml:id="K1_492927_5-g" srsName="fguuid:jgd2011.bl">
<gml:pos>32.890056167 129.991864694</gml:pos>
</gml:Point>
</pos>
<orgName>国土地理院</orgName>
<type>水準点</type>
<gcpClass>一等水準点</gcpClass>
<gcpCode>L050000002269</gcpCode>
<name>準基２２６９</name>
<B>118404.2022</B>
<L>467970.7129</L>
<alti>10.9087</alti>
<altiAcc>4</altiAcc>
</GCP>
<GCP gml:id="K1_492927_6">
<fid>10-00100-0-2411-152244</fid>
<lfSpanFr gml:id="K1_492927_6-1">
<gml:timePosition>2024-11-15</gml:timePosition>
</lfSpanFr>
<devDate gml:id="K1_492927_6-2">
<gml:timePosition>2024-11-29</gml:timePosition>
</devDate>
<orgGILvl>KJ12</orgGILvl>
<vis>表示</vis>
<pos>
<gml:Point gml:id="K1_492927_6-g" srsName="fguuid:jgd2011.bl">
<gml:pos>32.851879583 129.894033444</gml:pos>
</gml:Point>
</pos>
<orgName>国土地理院</orgName>
<type>三角点</type>
<gcpClass>二等三角点</gcpClass>
<gcpCode>TR24929272101</gcpCode>
<name>琴尾山</name>
<B>118266.7665</B>
<L>467618.5204</L>
<alti>451.31</alti>
<altiAcc>2</altiAcc>
</GCP>
<GCP gml:id="K1_492927_7">
<fid>10-00100-0-2411-152245</fid>
<lfSpanFr gml:id="K1_492927_7-1">
<gml:timePosition>2024-11-15</gml:timePosition>
</lfSpanFr>
<devDate gml:id="K1_492927_7-2">
<gml:timePosition>2024-11-29</gml:timePosition>
</devDate>
<orgGILvl>KJ12</orgGILvl>
<vis>表示</vis>
<pos>
<gml:Point gml:id="K1_492927_7-g" srsName="fguuid:jgd2011.bl">
<gml:pos>32.870396389 129.993372694</gml:pos>
</gml:Point>
</pos>
<orgName>国土地理院</orgName>
<type>三角点</type>
<gcpClass>二等三角点</gcpClass>
<gcpCode>TR24929274901</gcpCode>
<name>日岳</name>
<B>118333.427</B>
<L>467976.1417</L>
<alti>258.34</alti>
<altiAcc>2</altiAcc>
</GCP>
<GCP gml:id="K1_492927_8">
<fid>10-00100-0-2411-158818</fid>
<lfSpanFr gml:id="K1_492927_8-1">
<gml:timePosition>2024-11-15</gml:timePosition>
</lfSpanFr>
<devDate gml:id="K1_492927_8-2">
<gml:timePosition>2024-11-29</gml:timePosition>
</devDate>
<orgGILvl>KJ13</orgGILvl>
<vis>表示</vis>
<pos>
<gml:Point gml:id="K1_492927_8-g" srsName="fguuid:jgd2011.bl">
<gml:pos>32.833843667 129.912155972</gml:pos>
</gml:Point>
</pos>
<orgName>国土地理院</orgName>
<type>三角点</type>
<gcpClass>三等三角点</gcpClass>
<gcpCode>TR34929270201</gcpCode>
<name>本谷</name>
<B>118201.8372</B>
<L>467683.7615</L>
<alti>363.44</alti>
<altiAcc>2</altiAcc>
</GCP>
<GCP gml:id="K1_492927_9">
<fid>10-00100-0-2411-158819</fid>
<lfSpanFr gml:id="K1_492927_9-1">
<gml:timePosition>2024-11-15</gml:timePosition>
</lfSpanFr>
<devDate gml:id="K1_492927_9-2">
<gml:timePosition>2024-11-29</gml:timePosition>
</devDate>
<orgGILvl>KJ13</orgGILvl>
<vis>表示</vis>
<pos>
<gml:Point gml:id="K1_492927_9-g" srsName="fguuid:jgd2011.bl">
<gml:pos>32.837532611 129.938423333</gml:pos>
</gml:Point>
</pos>
<orgName>国土地理院</orgName>
<type>三角点</type>
<gcpClass>三等三角点</gcpClass>
<gcpCode>TR34929270501</gcpCode>
<name>唐人岳</name>
<B>118215.1174</B>
<L>467778.324</L>
<alti>358.15</alti>
<altiAcc>2</altiAcc>
</GCP>
<GCP gml:id="K1_492927_10">
<fid>10-00100-0-2411-158820</fid>
<lfSpanFr gml:id="K1_492927_10-1">
<gml:timePosition>2024-11-15</gml:timePosition>
</lfSpanFr>
<devDate gml:id="K1_492927_10-2">
<gml:timePosition>2024-11-29</gml:timePosition>
</devDate>
<orgGILvl>KJ13</orgGILvl>
<vis>表示</vis>
<pos>
<gml:Point gml:id="K1_492927_10-g" srsName="fguuid:jgd2011.bl">
<gml:pos>32.841561417 129.970377056</gml:pos>
</gml:Point>
</pos>
<orgName>国土地理院</orgName>
<type>三角点</type>
<gcpClass>三等三角点</gcpClass>
<gcpCode>TR34929270701</gcpCode>
<name>鳶巣</name>
<B>118229.6211</B>
<L>467893.3574</L>
<alti>154.5</alti>
<altiAcc>2</altiAcc>
</GCP>
<GCP gml:id="K1_492927_11">
<fid>10-00100-0-2411-158821</fid>
<lfSpanFr gml:id="K1_492927_11-1">
<gml:timePosition>2024-11-15</gml:timePosition>
</lfSpanFr>
<devDate gml:id="K1_492927_11-2">
<gml:timePosition>2024-11-29</gml:timePosition>
</devDate>
<orgGILvl>KJ13</orgGILvl>
<vis>表示</vis>
<pos>
<gml:Point gml:id="K1_492927_11-g" srsName="fguuid:jgd2011.bl">
<gml:pos>32.836103833 129.989338361</gml:pos>
</gml:Point>
</pos>
<orgName>国土地理院</orgName>
<type>三角点</type>
<gcpClass>三等三角点</gcpClass>
<gcpCode>TR34929270901</gcpCode>
<name>西大島</name>
<B>118209.9738</B>
<L>467961.6181</L>
<alti>22.04</alti>
<altiAcc>2</altiAcc>
</GCP>
<GCP gml:id="K1_492927_12">
<fid>10-00100-0-2411-158822</fid>
<lfSpanFr gml:id="K1_492927_12-1">
<gml:timePosition>2024-11-15</gml:timePosition>
</lfSpanFr>
<devDate gml:id="K1_492927_12-2">
<gml:timePosition>2024-11-29</gml:timePosition>
</devDate>
<orgGILvl>KJ13</orgGILvl>
<vis>表示</vis>
<pos>
<gml:Point gml:id="K1_492927_12-g" srsName="fguuid:jgd2011.bl">
<gml:pos>32.852434917 129.943511361</gml:pos>
</gml:Point>
</pos>
<orgName>国土地理院</orgName>
<type>三角点</type>
<gcpClass>三等三角点</gcpClass>
<gcpCode>TR34929272501</gcpCode>
<name>小太郎</name>
<B>118268.7657</B>
<L>467796.6409</L>
<alti>234.9</alti>
<altiAcc>2</altiAcc>
</GCP>
<GCP gml:id="K1_492927_13">
<fid>10-00100-0-2411-158823</fid>
<lfSpanFr gml:id="K1_492927_13-1">
<gml:timePosition>2024-11-15</gml:timePosition>
</lfSpanFr>
<devDate gml:id="K1_492927_13-2">
<gml:timePosition>2024-11-29</gml:timePosition>
</devDate>
<orgGILvl>KJ13</orgGILvl>
<vis>表示</vis>
<pos>
<gml:Point gml:id="K1_492927_13-g" srsName="fguuid:jgd2011.bl">
<gml:pos>32.874031139 129.880653083</gml:pos>
</gml:Point>
</pos>
<orgName>国土地理院</orgName>
<type>三角点</type>
<gcpClass>三等三角点</gcpClass>
<gcpCode>TR34929274001</gcpCode>
<name>中山</name>
<B>118346.5121</B>
<L>467570.3511</L>
<alti>91.67</alti>
<altiAcc>2</altiAcc>
</GCP>
<GCP gml:id="K1_492927_14">
<fid>10-00100-0-2411-158824</fid>
<lfSpanFr gml:id="K1_492927_14-1">
<gml:timePosition>2024-11-15</gml:timePosition>
</lfSpanFr>
<devDate gml:id="K1_492927_14-2">
<gml:timePosition>2024-11-29</gml:timePosition>
</devDate>
<orgGILvl>KJ13</orgGILvl>
<vis>表示</vis>
<pos>
<gml:Point gml:id="K1_492927_14-g" srsName="fguuid:jgd2011.bl">
<gml:pos>32.871923500 129.926922917</gml:pos>
</gml:Point>
</pos>
<orgName>国土地理院</orgName>
<type>三角点</type>
<gcpClass>三等三角点</gcpClass>
<gcpCode>TR34929274401</gcpCode>
<name>鹿嶋</name>
<B>118338.9246</B>
<L>467736.9225</L>
<alti>53.09</alti>
<altiAcc>2</altiAcc>
</GCP>
<GCP gml:id="K1_492927_15">
<fid>10-00100-0-2411-158825</fid>
<lfSpanFr gml:id="K1_492927_15-1">
<gml:timePosition>2024-11-15</gml:timePosition>
</lfSpanFr>
<devDate gml:id="K1_492927_15-2">
<gml:timePosition>2024-11-29</gml:timePosition>
</devDate>
<orgGILvl>KJ13</orgGILvl>
<vis>表示</vis>
<pos>
<gml:Point gml:id="K1_492927_15-g" srsName="fguuid:jgd2011.bl">
<gml:pos>32.878194833 129.973847250</gml:pos>
</gml:Point>
</pos>
<orgName>国土地理院</orgName>
<type>三角点</type>
<gcpClass>三等三角点</gcpClass>
<gcpCode>TR34929275701</gcpCode>
<name>祝崎</name>
<B>118361.5014</B>
<L>467905.8501</L>
<alti>161.84</alti>
<altiAcc>2</altiAcc>
</GCP>
<GCP gml:id="K1_492927_16">
<fid>10-00100-0-2411-158826</fid>
<lfSpanFr gml:id="K1_492927_16-1">
<gml:timePosition>2024-11-15</gml:timePosition>
</lfSpanFr>
<devDate gml:id="K1_492927_16-2">
<gml:timePosition>2024-11-29</gml:timePosition>
</devDate>
<orgGILvl>KJ13</orgGILvl>
<vis>表示</vis>
<pos>
<gml:Point gml:id="K1_492927_16-g" srsName="fguuid:jgd2011.bl">
<gml:pos>32.906381583 129.917580556</gml:pos>
</gml:Point>
</pos>
<orgName>国土地理院</orgName>
<type>三角点</type>
<gcpClass>三等三角点</gcpClass>
<gcpCode>TR34929278301</gcpCode>
<name>箕嶋</name>
<B>118462.9737</B>
<L>467703.29</L>
<alti>42.1</alti>
<altiAcc>2</altiAcc>
</GCP>
<GCP gml:id="K1_492927_17">
<fid>10-00100-0-2411-158827</fid>
<lfSpanFr gml:id="K1_492927_17-1">
<gml:timePosition>2024-11-15</gml:timePosition>
</lfSpanFr>
<devDate gml:id="K1_492927_17-2">
<gml:timePosition>2024-11-29</gml:timePosition>
</devDate>
<orgGILvl>KJ13</orgGILvl>
<vis>表示</vis>
<pos>
<gml:Point gml:id="K1_492927_17-g" srsName="fguuid:jgd2011.bl">
<gml:pos>32.914262222 129.989718889</gml:pos>
</gml:Point>
</pos>
<orgName>国土地理院</orgName>
<type>三角点</type>
<gcpClass>三等三角点</gcpClass>
<gcpCode>TR34929279901</gcpCode>
<name>烏帽子谷</name>
<B>118491.344</B>
<L>467962.988</L>
<alti>170.63</alti>
<altiAcc>2</altiAcc>
</GCP>
<GCP gml:id="K1_492927_18">
<fid>10-00100-0-2411-194815</fid>
<lfSpanFr gml:id="K1_492927_18-1">
<gml:timePosition>2024-11-15</gml:timePosition>
</lfSpanFr>
<devDate gml:id="K1_492927_18-2">
<gml:timePosition>2024-11-29</gml:timePosition>
</devDate>
<orgGILvl>KJ14</orgGILvl>
<vis>表示</vis>
<pos>
<gml:Point gml:id="K1_492927_18-g" srsName="fguuid:jgd2011.bl">
<gml:pos>32.838405417 129.886184750</gml:pos>
</gml:Point>
</pos>
<orgName>国土地理院</orgName>
<type>三角点</type>
<gcpClass>四等三角点</gcpClass>
<gcpCode>TR44929270001</gcpCode>
<name>眉岳</name>
<B>118218.2595</B>
<L>467590.2651</L>
<alti>375.55</alti>
<altiAcc>2</altiAcc>
</GCP>
<GCP gml:id="K1_492927_19">
<fid>10-00100-0-2411-194816</fid>
<lfSpanFr gml:id="K1_492927_19-1">
<gml:timePosition>2024-11-15</gml:timePosition>
</lfSpanFr>
<devDate gml:id="K1_492927_19-2">
<gml:timePosition>2024-11-29</gml:timePosition>
</devDate>
<orgGILvl>KJ14</orgGILvl>
<vis>表示</vis>
<pos>
<gml:Point gml:id="K1_492927_19-g" srsName="fguuid:jgd2011.bl">
<gml:pos>32.838847083 129.923709917</gml:pos>
</gml:Point>
</pos>
<orgName>国土地理院</orgName>
<type>三角点</type>
<gcpClass>四等三角点</gcpClass>
<gcpCode>TR44929270301</gcpCode>
<name>萩原</name>
<B>118219.8495</B>
<L>467725.3557</L>
<alti>183.37</alti>
<altiAcc>2</altiAcc>
</GCP>
<GCP gml:id="K1_492927_20">
<fid>10-00100-0-2411-194817</fid>
<lfSpanFr gml:id="K1_492927_20-1">
<gml:timePosition>2024-11-15</gml:timePosition>
</lfSpanFr>
<devDate gml:id="K1_492927_20-2">
<gml:timePosition>2024-11-29</gml:timePosition>
</devDate>
<orgGILvl>KJ14</orgGILvl>
<vis>表示</vis>
<pos>
<gml:Point gml:id="K1_492927_20-g" srsName="fguuid:jgd2011.bl">
<gml:pos>32.836874389 129.959555250</gml:pos>
</gml:Point>
</pos>
<orgName>国土地理院</orgName>
<type>三角点</type>
<gcpClass>四等三角点</gcpClass>
<gcpCode>TR44929270601</gcpCode>
<name>虚空蔵山</name>
<B>118212.7478</B>
<L>467854.3989</L>
<alti>295.58</alti>
<altiAcc>2</altiAcc>
</GCP>
<GCP gml:id="K1_492927_21">
<fid>10-00100-0-2411-194818</fid>
<lfSpanFr gml:id="K1_492927_21-1">
<gml:timePosition>2024-11-15</gml:timePosition>
</lfSpanFr>
<devDate gml:id="K1_492927_21-2">
<gml:timePosition>2024-11-29</gml:timePosition>
</devDate>
<orgGILvl>KJ14</orgGILvl>
<vis>表示</vis>
<pos>
<gml:Point gml:id="K1_492927_21-g" srsName="fguuid:jgd2011.bl">
<gml:pos>32.842200000 129.906515528</gml:pos>
</gml:Point>
</pos>
<orgName>国土地理院</orgName>
<type>三角点</type>
<gcpClass>四等三角点</gcpClass>
<gcpCode>TR44929271201</gcpCode>
<name>松ノ頭</name>
<B>118231.92</B>
<L>467663.4559</L>
<alti>225.23</alti>
<altiAcc>2</altiAcc>
</GCP>
<GCP gml:id="K1_492927_22">
<fid>10-00100-0-2411-194819</fid>
<lfSpanFr gml:id="K1_492927_22-1">
<gml:timePosition>2024-11-15</gml:timePosition>
</lfSpanFr>
<devDate gml:id="K1_492927_22-2">
<gml:timePosition>2024-11-29</gml:timePosition>
</devDate>
<orgGILvl>KJ14</orgGILvl>
<vis>表示</vis>
<pos>
<gml:Point gml:id="K1_492927_22-g" srsName="fguuid:jgd2011.bl">
<gml:pos>32.844816361 129.932353167</gml:pos>
</gml:Point>
</pos>
<orgName>国土地理院</orgName>
<type>三角点</type>
<gcpClass>四等三角点</gcpClass>
<gcpCode>TR44929271401</gcpCode>
<name>石原</name>
<B>118241.3389</B>
<L>467756.4714</L>
<alti>188.18</alti>
<altiAcc>2</altiAcc>
</GCP>
<GCP gml:id="K1_492927_23">
<fid>10-00100-0-2411-194820</fid>
<lfSpanFr gml:id="K1_492927_23-1">
<gml:timePosition>2024-11-15</gml:timePosition>
</lfSpanFr>
<devDate gml:id="K1_492927_23-2">
<gml:timePosition>2024-11-29</gml:timePosition>
</devDate>
<orgGILvl>KJ14</orgGILvl>
<vis>表示</vis>
<pos>
<gml:Point gml:id="K1_492927_23-g" srsName="fguuid:jgd2011.bl">
<gml:pos>32.852861472 129.917836167</gml:pos>
</gml:Point>
</pos>
<orgName>国土地理院</orgName>
<type>三角点</type>
<gcpClass>四等三角点</gcpClass>
<gcpCode>TR44929272301</gcpCode>
<name>秋原</name>
<B>118270.3013</B>
<L>467704.2102</L>
<alti>242.1</alti>
<altiAcc>2</altiAcc>
</GCP>
<GCP gml:id="K1_492927_24">
<fid>10-00100-0-2411-194821</fid>
<lfSpanFr gml:id="K1_492927_24-1">
<gml:timePosition>2024-11-15</gml:timePosition>
</lfSpanFr>
<devDate gml:id="K1_492927_24-2">
<gml:timePosition>2024-11-29</gml:timePosition>
</devDate>
<orgGILvl>KJ14</orgGILvl>
<vis>表示</vis>
<pos>
<gml:Point gml:id="K1_492927_24-g" srsName="fguuid:jgd2011.bl">
<gml:pos>32.857234389 129.928021806</gml:pos>
</gml:Point>
</pos>
<orgName>国土地理院</orgName>
<type>三角点</type>
<gcpClass>四等三角点</gcpClass>
<gcpCode>TR44929272401</gcpCode>
<name>松手</name>
<B>118286.0438</B>
<L>467740.8785</L>
<alti>3.65</alti>
<altiAcc>2</altiAcc>
</GCP>
<GCP gml:id="K1_492927_25">
<fid>10-00100-0-2411-194822</fid>
<lfSpanFr gml:id="K1_492927_25-1">
<gml:timePosition>2024-11-15</gml:timePosition>
</lfSpanFr>
<devDate gml:id="K1_492927_25-2">
<gml:timePosition>2024-11-29</gml:timePosition>
</devDate>
<orgGILvl>KJ14</orgGILvl>
<vis>表示</vis>
<pos>
<gml:Point gml:id="K1_492927_25-g" srsName="fguuid:jgd2011.bl">
<gml:pos>32.851155583 129.998236667</gml:pos>
</gml:Point>
</pos>
<orgName>国土地理院</orgName>
<type>三角点</type>
<gcpClass>四等三角点</gcpClass>
<gcpCode>TR44929272901</gcpCode>
<name>先網代</name>
<B>118264.1601</B>
<L>467993.652</L>
<alti>114.68</alti>
<altiAcc>2</altiAcc>
</GCP>
<GCP gml:id="K1_492927_26">
<fid>10-00100-0-2411-194823</fid>
<lfSpanFr gml:id="K1_492927_26-1">
<gml:timePosition>2024-11-15</gml:timePosition>
</lfSpanFr>
<devDate gml:id="K1_492927_26-2">
<gml:timePosition>2024-11-29</gml:timePosition>
</devDate>
<orgGILvl>KJ14</orgGILvl>
<vis>表示</vis>
<pos>
<gml:Point gml:id="K1_492927_26-g" srsName="fguuid:jgd2011.bl">
<gml:pos>32.864021583 129.888845972</gml:pos>
</gml:Point>
</pos>
<orgName>国土地理院</orgName>
<type>三角点</type>
<gcpClass>四等三角点</gcpClass>
<gcpCode>TR44929273101</gcpCode>
<name>長寿岩</name>
<B>118310.4777</B>
<L>467599.8455</L>
<alti>195.47</alti>
<altiAcc>2</altiAcc>
</GCP>
<GCP gml:id="K1_492927_27">
<fid>10-00100-0-2411-194824</fid>
<lfSpanFr gml:id="K1_492927_27-1">
<gml:timePosition>2024-11-15</gml:timePosition>
</lfSpanFr>
<devDate gml:id="K1_492927_27-2">
<gml:timePosition>2024-11-29</gml:timePosition>
</devDate>
<orgGILvl>KJ14</orgGILvl>
<vis>表示</vis>
<pos>
<gml:Point gml:id="K1_492927_27-g" srsName="fguuid:jgd2011.bl">
<gml:pos>32.859554528 129.919053917</gml:pos>
</gml:Point>
</pos>
<orgName>国土地理院</orgName>
<type>三角点</type>
<gcpClass>四等三角点</gcpClass>
<gcpCode>TR44929273301</gcpCode>
<name>田中</name>
<B>118294.3963</B>
<L>467708.5941</L>
<alti>200.44</alti>
<altiAcc>2</altiAcc>
</GCP>
<GCP gml:id="K1_492927_28">
<fid>10-00100-0-2411-194825</fid>
<lfSpanFr gml:id="K1_492927_28-1">
<gml:timePosition>2024-11-15</gml:timePosition>
</lfSpanFr>
<devDate gml:id="K1_492927_28-2">
<gml:timePosition>2024-11-29</gml:timePosition>
</devDate>
<orgGILvl>KJ14</orgGILvl>
<vis>表示</vis>
<pos>
<gml:Point gml:id="K1_492927_28-g" srsName="fguuid:jgd2011.bl">
<gml:pos>32.863209389 129.984218667</gml:pos>
</gml:Point>
</pos>
<orgName>国土地理院</orgName>
<type>三角点</type>
<gcpClass>四等三角点</gcpClass>
<gcpCode>TR44929273801</gcpCode>
<name>三浦小学校</name>
<B>118307.5538</B>
<L>467943.1872</L>
<alti>55.11</alti>
<altiAcc>2</altiAcc>
</GCP>
<GCP gml:id="K1_492927_29">
<fid>10-00100-0-2411-194826</fid>
<lfSpanFr gml:id="K1_492927_29-1">
<gml:timePosition>2024-11-15</gml:timePosition>
</lfSpanFr>
<devDate gml:id="K1_492927_29-2">
<gml:timePosition>2024-11-29</gml:timePosition>
</devDate>
<orgGILvl>KJ14</orgGILvl>
<vis>表示</vis>
<pos>
<gml:Point gml:id="K1_492927_29-g" srsName="fguuid:jgd2011.bl">
<gml:pos>32.872438000 129.900906556</gml:pos>
</gml:Point>
</pos>
<orgName>国土地理院</orgName>
<type>三角点</type>
<gcpClass>四等三角点</gcpClass>
<gcpCode>TR44929274201</gcpCode>
<name>崎辺田</name>
<B>118340.7768</B>
<L>467643.2636</L>
<alti>109.49</alti>
<altiAcc>2</altiAcc>
</GCP>
<GCP gml:id="K1_492927_30">
<fid>10-00100-0-2411-194827</fid>
<lfSpanFr gml:id="K1_492927_30-1">
<gml:timePosition>2024-11-15</gml:timePosition>
</lfSpanFr>
<devDate gml:id="K1_492927_30-2">
<gml:timePosition>2024-11-29</gml:timePosition>
</devDate>
<orgGILvl>KJ14</orgGILvl>
<vis>表示</vis>
<pos>
<gml:Point gml:id="K1_492927_30-g" srsName="fguuid:jgd2011.bl">
<gml:pos>32.870367972 129.938505583</gml:pos>
</gml:Point>
</pos>
<orgName>国土地理院</orgName>
<type>三角点</type>
<gcpClass>四等三角点</gcpClass>
<gcpCode>TR44929274501</gcpCode>
<name>竹島</name>
<B>118333.3247</B>
<L>467778.6201</L>
<alti>8.12</alti>
<altiAcc>2</altiAcc>
</GCP>
<GCP gml:id="K1_492927_31">
<fid>10-00100-0-2411-194828</fid>
<lfSpanFr gml:id="K1_492927_31-1">
<gml:timePosition>2024-11-15</gml:timePosition>
</lfSpanFr>
<devDate gml:id="K1_492927_31-2">
<gml:timePosition>2024-11-29</gml:timePosition>
</devDate>
<orgGILvl>KJ14</orgGILvl>
<vis>表示</vis>
<pos>
<gml:Point gml:id="K1_492927_31-g" srsName="fguuid:jgd2011.bl">
<gml:pos>32.881965361 129.985986194</gml:pos>
</gml:Point>
</pos>
<orgName>国土地理院</orgName>
<type>三角点</type>
<gcpClass>四等三角点</gcpClass>
<gcpCode>TR44929275801</gcpCode>
<name>惣原</name>
<B>118375.0753</B>
<L>467949.5503</L>
<alti>203.35</alti>
<altiAcc>2</altiAcc>
</GCP>
<GCP gml:id="K1_492927_32">
<fid>10-00100-0-2411-194829</fid>
<lfSpanFr gml:id="K1_492927_32-1">
<gml:timePosition>2024-11-15</gml:timePosition>
</lfSpanFr>
<devDate gml:id="K1_492927_32-2">
<gml:timePosition>2024-11-29</gml:timePosition>
</devDate>
<orgGILvl>KJ14</orgGILvl>
<vis>表示</vis>
<pos>
<gml:Point gml:id="K1_492927_32-g" srsName="fguuid:jgd2011.bl">
<gml:pos>32.890630583 129.992309250</gml:pos>
</gml:Point>
</pos>
<orgName>国土地理院</orgName>
<type>三角点</type>
<gcpClass>四等三角点</gcpClass>
<gcpCode>TR44929276901</gcpCode>
<name>鈴田小学校</name>
<B>118406.2701</B>
<L>467972.3133</L>
<alti>20.46</alti>
<altiAcc>2</altiAcc>
</GCP>
<GCP gml:id="K1_492927_33">
<fid>10-00100-0-2411-194830</fid>
<lfSpanFr gml:id="K1_492927_33-1">
<gml:timePosition>2024-11-15</gml:timePosition>
</lfSpanFr>
<devDate gml:id="K1_492927_33-2">
<gml:timePosition>2024-11-29</gml:timePosition>
</devDate>
<orgGILvl>KJ14</orgGILvl>
<vis>表示</vis>
<pos>
<gml:Point gml:id="K1_492927_33-g" srsName="fguuid:jgd2011.bl">
<gml:pos>32.899782583 129.957467389</gml:pos>
</gml:Point>
</pos>
<orgName>国土地理院</orgName>
<type>三角点</type>
<gcpClass>四等三角点</gcpClass>
<gcpCode>TR44929277602</gcpCode>
<name>大村市役所</name>
<B>118439.2173</B>
<L>467846.8826</L>
<alti>21.95</alti>
<altiAcc>2</altiAcc>
</GCP>
<GCP gml:id="K1_492927_34">
<fid>10-00100-0-2411-194831</fid>
<lfSpanFr gml:id="K1_492927_34-1">
<gml:timePosition>2024-11-15</gml:timePosition>
</lfSpanFr>
<devDate gml:id="K1_492927_34-2">
<gml:timePosition>2024-11-29</gml:timePosition>
</devDate>
<orgGILvl>KJ14</orgGILvl>
<vis>表示</vis>
<pos>
<gml:Point gml:id="K1_492927_34-g" srsName="fguuid:jgd2011.bl">
<gml:pos>32.895082889 129.978675139</gml:pos>
</gml:Point>
</pos>
<orgName>国土地理院</orgName>
<type>三角点</type>
<gcpClass>四等三角点</gcpClass>
<gcpCode>TR44929277801</gcpCode>
<name>針尾</name>
<B>118422.2984</B>
<L>467923.2305</L>
<alti>41.82</alti>
<altiAcc>2</altiAcc>
</GCP>
<GCP gml:id="K1_492927_35">
<fid>10-00100-0-2411-194832</fid>
<lfSpanFr gml:id="K1_492927_35-1">
<gml:timePosition>2024-11-15</gml:timePosition>
</lfSpanFr>
<devDate gml:id="K1_492927_35-2">
<gml:timePosition>2024-11-29</gml:timePosition>
</devDate>
<orgGILvl>KJ14</orgGILvl>
<vis>表示</vis>
<pos>
<gml:Point gml:id="K1_492927_35-g" srsName="fguuid:jgd2011.bl">
<gml:pos>32.902515444 129.941627806</gml:pos>
</gml:Point>
</pos>
<orgName>国土地理院</orgName>
<type>三角点</type>
<gcpClass>四等三角点</gcpClass>
<gcpCode>TR44929278501</gcpCode>
<name>臼島</name>
<B>118449.0556</B>
<L>467789.8601</L>
<alti>77.84</alti>
<altiAcc>2</altiAcc>
</GCP>
<GCP gml:id="K1_492927_36">
<fid>10-00100-0-2411-194833</fid>
<lfSpanFr gml:id="K1_492927_36-1">
<gml:timePosition>2024-11-15</gml:timePosition>
</lfSpanFr>
<devDate gml:id="K1_492927_36-2">
<gml:timePosition>2024-11-29</gml:timePosition>
</devDate>
<orgGILvl>KJ14</orgGILvl>
<vis>表示</vis>
<pos>
<gml:Point gml:id="K1_492927_36-g" srsName="fguuid:jgd2011.bl">
<gml:pos>32.901085111 129.964764500</gml:pos>
</gml:Point>
</pos>
<orgName>国土地理院</orgName>
<type>三角点</type>
<gcpClass>四等三角点</gcpClass>
<gcpCode>TR44929278701</gcpCode>
<name>久原</name>
<B>118443.9064</B>
<L>467873.1522</L>
<alti>31.43</alti>
<altiAcc>2</altiAcc>
</GCP>
<GCP gml:id="K1_492927_37">
<fid>10-00100-0-2411-194834</fid>
<lfSpanFr gml:id="K1_492927_37-1">
<gml:timePosition>2024-11-15</gml:timePosition>
</lfSpanFr>
<devDate gml:id="K1_492927_37-2">
<gml:timePosition>2024-11-29</gml:timePosition>
</devDate>
<orgGILvl>KJ14</orgGILvl>
<vis>表示</vis>
<pos>
<gml:Point gml:id="K1_492927_37-g" srsName="fguuid:jgd2011.bl">
<gml:pos>32.910787389 129.977844056</gml:pos>
</gml:Point>
</pos>
<orgName>国土地理院</orgName>
<type>三角点</type>
<gcpClass>四等三角点</gcpClass>
<gcpCode>TR44929279801</gcpCode>
<name>赤佐古</name>
<B>118478.8346</B>
<L>467920.2386</L>
<alti>88.21</alti>
<altiAcc>2</altiAcc>
</GCP>
</Dataset>
