<?xml version="1.0" encoding="utf-8"?>
<Dataset xsi:schemaLocation="http://fgd.gsi.go.jp/spec/2008/FGD_GMLSchema FGD_GMLSchema.xsd"
	xmlns:gml="http://www.opengis.net/gml/3.2"
	xmlns:xsi="http://www.w3.org/2001/XMLSchema-instance"
	xmlns:xlink="http://www.w3.org/1999/xlink"
	xmlns="http://fgd.gsi.go.jp/spec/2008/FGD_GMLSchema"
	gml:id="Dataset1">
  <gml:description>基盤地図情報メタデータ ID=fmdid:25-0101</gml:description>
  <gml:name>基盤地図情報ダウンロードデータ（GML版）</gml:name>
<ElevPt gml:id="K2_4675511823_1">
<fid>46755-11823-i-774</fid>
<lfSpanFr gml:id="K2_4675511823_1-1">
<gml:timePosition>2020-12-08</gml:timePosition>
</lfSpanFr>
<devDate gml:id="K2_4675511823_1-2">
<gml:timePosition>2024-11-29</gml:timePosition>
</devDate>
<orgGILvl>25000</orgGILvl>
<vis>表示</vis>
<pos>
<gml:Point gml:id="K2_4675511823_1-g" srsName="fguuid:jgd2011.bl">
<gml:pos>32.847410361 129.879569250</gml:pos>
</gml:Point>
</pos>
<type>標高点（測点）</type>
<alti>60</alti>
</ElevPt>
<ElevPt gml:id="K2_4675511826_1">
<fid>46755-11826-i-526</fid>
<lfSpanFr gml:id="K2_4675511826_1-1">
<gml:timePosition>2020-12-08</gml:timePosition>
</lfSpanFr>
<devDate gml:id="K2_4675511826_1-2">
<gml:timePosition>2024-11-29</gml:timePosition>
</devDate>
<orgGILvl>25000</orgGILvl>
<vis>表示</vis>
<pos>
<gml:Point gml:id="K2_4675511826_1-g" srsName="fguuid:jgd2011.bl">
<gml:pos>32.854356111 129.882756389</gml:pos>
</gml:Point>
</pos>
<type>標高点（測点）</type>
<alti>336</alti>
</ElevPt>
<ElevPt gml:id="K2_4675511829_1">
<fid>46755-11829-i-772</fid>
<lfSpanFr gml:id="K2_4675511829_1-1">
<gml:timePosition>2020-12-08</gml:timePosition>
</lfSpanFr>
<devDate gml:id="K2_4675511829_1-2">
<gml:timePosition>2024-11-29</gml:timePosition>
</devDate>
<orgGILvl>25000</orgGILvl>
<vis>表示</vis>
<pos>
<gml:Point gml:id="K2_4675511829_1-g" srsName="fguuid:jgd2011.bl">
<gml:pos>32.863748305 129.882977461</gml:pos>
</gml:Point>
</pos>
<type>標高点（測点）</type>
<alti>15</alti>
</ElevPt>
<ElevPt gml:id="K2_4675511835_1">
<fid>46755-11835-i-376</fid>
<lfSpanFr gml:id="K2_4675511835_1-1">
<gml:timePosition>2020-12-08</gml:timePosition>
</lfSpanFr>
<devDate gml:id="K2_4675511835_1-2">
<gml:timePosition>2024-11-29</gml:timePosition>
</devDate>
<orgGILvl>25000</orgGILvl>
<vis>表示</vis>
<pos>
<gml:Point gml:id="K2_4675511835_1-g" srsName="fguuid:jgd2011.bl">
<gml:pos>32.881303553 129.881603503</gml:pos>
</gml:Point>
</pos>
<type>標高点（測点）</type>
<alti>13</alti>
</ElevPt>
<ElevPt gml:id="K2_4675811820_1">
<fid>46758-11820-i-363</fid>
<lfSpanFr gml:id="K2_4675811820_1-1">
<gml:timePosition>2020-12-08</gml:timePosition>
</lfSpanFr>
<devDate gml:id="K2_4675811820_1-2">
<gml:timePosition>2024-11-29</gml:timePosition>
</devDate>
<orgGILvl>25000</orgGILvl>
<vis>表示</vis>
<pos>
<gml:Point gml:id="K2_4675811820_1-g" srsName="fguuid:jgd2011.bl">
<gml:pos>32.835040833 129.889735278</gml:pos>
</gml:Point>
</pos>
<type>標高点（測点）</type>
<alti>333</alti>
</ElevPt>
<ElevPt gml:id="K2_4675811823_1">
<fid>46758-11823-i-558</fid>
<lfSpanFr gml:id="K2_4675811823_1-1">
<gml:timePosition>2020-12-08</gml:timePosition>
</lfSpanFr>
<devDate gml:id="K2_4675811823_1-2">
<gml:timePosition>2024-11-29</gml:timePosition>
</devDate>
<orgGILvl>25000</orgGILvl>
<vis>表示</vis>
<pos>
<gml:Point gml:id="K2_4675811823_1-g" srsName="fguuid:jgd2011.bl">
<gml:pos>32.849393611 129.889247500</gml:pos>
</gml:Point>
</pos>
<type>標高点（測点）</type>
<alti>403</alti>
</ElevPt>
<ElevPt gml:id="K2_4675811823_2">
<fid>46758-11823-i-559</fid>
<lfSpanFr gml:id="K2_4675811823_2-1">
<gml:timePosition>2020-12-08</gml:timePosition>
</lfSpanFr>
<devDate gml:id="K2_4675811823_2-2">
<gml:timePosition>2024-11-29</gml:timePosition>
</devDate>
<orgGILvl>25000</orgGILvl>
<vis>表示</vis>
<pos>
<gml:Point gml:id="K2_4675811823_2-g" srsName="fguuid:jgd2011.bl">
<gml:pos>32.843619111 129.887138000</gml:pos>
</gml:Point>
</pos>
<type>標高点（測点）</type>
<alti>256</alti>
</ElevPt>
<ElevPt gml:id="K2_4676111820_1">
<fid>46761-11820-i-1551</fid>
<lfSpanFr gml:id="K2_4676111820_1-1">
<gml:timePosition>2020-12-08</gml:timePosition>
</lfSpanFr>
<devDate gml:id="K2_4676111820_1-2">
<gml:timePosition>2024-11-29</gml:timePosition>
</devDate>
<orgGILvl>25000</orgGILvl>
<vis>表示</vis>
<pos>
<gml:Point gml:id="K2_4676111820_1-g" srsName="fguuid:jgd2011.bl">
<gml:pos>32.833645000 129.893052222</gml:pos>
</gml:Point>
</pos>
<type>標高点（測点）</type>
<alti>313</alti>
</ElevPt>
<ElevPt gml:id="K2_4676111829_1">
<fid>46761-11829-i-1681</fid>
<lfSpanFr gml:id="K2_4676111829_1-1">
<gml:timePosition>2020-12-08</gml:timePosition>
</lfSpanFr>
<devDate gml:id="K2_4676111829_1-2">
<gml:timePosition>2024-11-29</gml:timePosition>
</devDate>
<orgGILvl>25000</orgGILvl>
<vis>表示</vis>
<pos>
<gml:Point gml:id="K2_4676111829_1-g" srsName="fguuid:jgd2011.bl">
<gml:pos>32.863464722 129.898531389</gml:pos>
</gml:Point>
</pos>
<type>標高点（測点）</type>
<alti>221</alti>
</ElevPt>
<ElevPt gml:id="K2_4676111832_1">
<fid>46761-11832-i-1605</fid>
<lfSpanFr gml:id="K2_4676111832_1-1">
<gml:timePosition>2016-04-20</gml:timePosition>
</lfSpanFr>
<devDate gml:id="K2_4676111832_1-2">
<gml:timePosition>2024-11-29</gml:timePosition>
</devDate>
<orgGILvl>25000</orgGILvl>
<vis>表示</vis>
<pos>
<gml:Point gml:id="K2_4676111832_1-g" srsName="fguuid:jgd2011.bl">
<gml:pos>32.873566944 129.898286111</gml:pos>
</gml:Point>
</pos>
<type>標高点（測点）</type>
<alti>89</alti>
</ElevPt>
<ElevPt gml:id="K2_4676411823_1">
<fid>46764-11823-i-2219</fid>
<lfSpanFr gml:id="K2_4676411823_1-1">
<gml:timePosition>2020-12-08</gml:timePosition>
</lfSpanFr>
<devDate gml:id="K2_4676411823_1-2">
<gml:timePosition>2024-11-29</gml:timePosition>
</devDate>
<orgGILvl>25000</orgGILvl>
<vis>表示</vis>
<pos>
<gml:Point gml:id="K2_4676411823_1-g" srsName="fguuid:jgd2011.bl">
<gml:pos>32.848543069 129.905092633</gml:pos>
</gml:Point>
</pos>
<type>標高点（測点）</type>
<alti>142</alti>
</ElevPt>
<ElevPt gml:id="K2_4676411823_2">
<fid>46764-11823-i-2220</fid>
<lfSpanFr gml:id="K2_4676411823_2-1">
<gml:timePosition>2020-12-08</gml:timePosition>
</lfSpanFr>
<devDate gml:id="K2_4676411823_2-2">
<gml:timePosition>2024-11-29</gml:timePosition>
</devDate>
<orgGILvl>25000</orgGILvl>
<vis>表示</vis>
<pos>
<gml:Point gml:id="K2_4676411823_2-g" srsName="fguuid:jgd2011.bl">
<gml:pos>32.842387500 129.901412222</gml:pos>
</gml:Point>
</pos>
<type>標高点（測点）</type>
<alti>250</alti>
</ElevPt>
<ElevPt gml:id="K2_4676411832_1">
<fid>46764-11832-i-2655</fid>
<lfSpanFr gml:id="K2_4676411832_1-1">
<gml:timePosition>2020-12-08</gml:timePosition>
</lfSpanFr>
<devDate gml:id="K2_4676411832_1-2">
<gml:timePosition>2024-11-29</gml:timePosition>
</devDate>
<orgGILvl>25000</orgGILvl>
<vis>表示</vis>
<pos>
<gml:Point gml:id="K2_4676411832_1-g" srsName="fguuid:jgd2011.bl">
<gml:pos>32.867867500 129.904724444</gml:pos>
</gml:Point>
</pos>
<type>標高点（測点）</type>
<alti>137</alti>
</ElevPt>
<ElevPt gml:id="K2_4676711823_1">
<fid>46767-11823-i-2720</fid>
<lfSpanFr gml:id="K2_4676711823_1-1">
<gml:timePosition>2020-12-08</gml:timePosition>
</lfSpanFr>
<devDate gml:id="K2_4676711823_1-2">
<gml:timePosition>2024-11-29</gml:timePosition>
</devDate>
<orgGILvl>25000</orgGILvl>
<vis>表示</vis>
<pos>
<gml:Point gml:id="K2_4676711823_1-g" srsName="fguuid:jgd2011.bl">
<gml:pos>32.845843889 129.912573056</gml:pos>
</gml:Point>
</pos>
<type>標高点（測点）</type>
<alti>102</alti>
</ElevPt>
<ElevPt gml:id="K2_4676711829_1">
<fid>46767-11829-i-4600</fid>
<lfSpanFr gml:id="K2_4676711829_1-1">
<gml:timePosition>2020-12-08</gml:timePosition>
</lfSpanFr>
<devDate gml:id="K2_4676711829_1-2">
<gml:timePosition>2024-11-29</gml:timePosition>
</devDate>
<orgGILvl>25000</orgGILvl>
<vis>表示</vis>
<pos>
<gml:Point gml:id="K2_4676711829_1-g" srsName="fguuid:jgd2011.bl">
<gml:pos>32.862283333 129.912640278</gml:pos>
</gml:Point>
</pos>
<type>標高点（測点）</type>
<alti>119</alti>
</ElevPt>
<ElevPt gml:id="K2_4676711832_1">
<fid>46767-11832-i-1150</fid>
<lfSpanFr gml:id="K2_4676711832_1-1">
<gml:timePosition>2016-04-20</gml:timePosition>
</lfSpanFr>
<devDate gml:id="K2_4676711832_1-2">
<gml:timePosition>2024-11-29</gml:timePosition>
</devDate>
<orgGILvl>25000</orgGILvl>
<vis>表示</vis>
<pos>
<gml:Point gml:id="K2_4676711832_1-g" srsName="fguuid:jgd2011.bl">
<gml:pos>32.868228333 129.911054722</gml:pos>
</gml:Point>
</pos>
<type>標高点（測点）</type>
<alti>44</alti>
</ElevPt>
<ElevPt gml:id="K2_4676711847_1">
<fid>46767-11847-i-33</fid>
<lfSpanFr gml:id="K2_4676711847_1-1">
<gml:timePosition>2015-09-29</gml:timePosition>
</lfSpanFr>
<devDate gml:id="K2_4676711847_1-2">
<gml:timePosition>2024-11-29</gml:timePosition>
</devDate>
<orgGILvl>25000</orgGILvl>
<vis>表示</vis>
<pos>
<gml:Point gml:id="K2_4676711847_1-g" srsName="fguuid:jgd2011.bl">
<gml:pos>32.915371667 129.915195833</gml:pos>
</gml:Point>
</pos>
<type>標高点（測点）</type>
<alti>3</alti>
</ElevPt>
<ElevPt gml:id="K2_4677011820_1">
<fid>46770-11820-i-1315</fid>
<lfSpanFr gml:id="K2_4677011820_1-1">
<gml:timePosition>2016-04-20</gml:timePosition>
</lfSpanFr>
<devDate gml:id="K2_4677011820_1-2">
<gml:timePosition>2024-11-29</gml:timePosition>
</devDate>
<orgGILvl>25000</orgGILvl>
<vis>表示</vis>
<pos>
<gml:Point gml:id="K2_4677011820_1-g" srsName="fguuid:jgd2011.bl">
<gml:pos>32.839031111 129.918128889</gml:pos>
</gml:Point>
</pos>
<type>標高点（測点）</type>
<alti>298</alti>
</ElevPt>
<ElevPt gml:id="K2_4677011829_1">
<fid>46770-11829-i-4614</fid>
<lfSpanFr gml:id="K2_4677011829_1-1">
<gml:timePosition>2020-12-08</gml:timePosition>
</lfSpanFr>
<devDate gml:id="K2_4677011829_1-2">
<gml:timePosition>2024-11-29</gml:timePosition>
</devDate>
<orgGILvl>25000</orgGILvl>
<vis>表示</vis>
<pos>
<gml:Point gml:id="K2_4677011829_1-g" srsName="fguuid:jgd2011.bl">
<gml:pos>32.861608889 129.918381944</gml:pos>
</gml:Point>
</pos>
<type>標高点（測点）</type>
<alti>161</alti>
</ElevPt>
<ElevPt gml:id="K2_4677011832_1">
<fid>46770-11832-i-535</fid>
<lfSpanFr gml:id="K2_4677011832_1-1">
<gml:timePosition>2016-04-20</gml:timePosition>
</lfSpanFr>
<devDate gml:id="K2_4677011832_1-2">
<gml:timePosition>2024-11-29</gml:timePosition>
</devDate>
<orgGILvl>25000</orgGILvl>
<vis>表示</vis>
<pos>
<gml:Point gml:id="K2_4677011832_1-g" srsName="fguuid:jgd2011.bl">
<gml:pos>32.867345000 129.918338333</gml:pos>
</gml:Point>
</pos>
<type>標高点（測点）</type>
<alti>49</alti>
</ElevPt>
<ElevPt gml:id="K2_4677011844_1">
<fid>46770-11844-i-30</fid>
<lfSpanFr gml:id="K2_4677011844_1-1">
<gml:timePosition>2015-09-29</gml:timePosition>
</lfSpanFr>
<devDate gml:id="K2_4677011844_1-2">
<gml:timePosition>2024-11-29</gml:timePosition>
</devDate>
<orgGILvl>25000</orgGILvl>
<vis>表示</vis>
<pos>
<gml:Point gml:id="K2_4677011844_1-g" srsName="fguuid:jgd2011.bl">
<gml:pos>32.907079444 129.924007778</gml:pos>
</gml:Point>
</pos>
<type>標高点（測点）</type>
<alti>4</alti>
</ElevPt>
<ElevPt gml:id="K2_4677311820_1">
<fid>46773-11820-i-1341</fid>
<lfSpanFr gml:id="K2_4677311820_1-1">
<gml:timePosition>2016-04-20</gml:timePosition>
</lfSpanFr>
<devDate gml:id="K2_4677311820_1-2">
<gml:timePosition>2024-11-29</gml:timePosition>
</devDate>
<orgGILvl>25000</orgGILvl>
<vis>表示</vis>
<pos>
<gml:Point gml:id="K2_4677311820_1-g" srsName="fguuid:jgd2011.bl">
<gml:pos>32.840416667 129.926750000</gml:pos>
</gml:Point>
</pos>
<type>標高点（測点）</type>
<alti>48</alti>
</ElevPt>
<ElevPt gml:id="K2_4677311826_1">
<fid>46773-11826-i-2555</fid>
<lfSpanFr gml:id="K2_4677311826_1-1">
<gml:timePosition>2020-12-08</gml:timePosition>
</lfSpanFr>
<devDate gml:id="K2_4677311826_1-2">
<gml:timePosition>2024-11-29</gml:timePosition>
</devDate>
<orgGILvl>25000</orgGILvl>
<vis>表示</vis>
<pos>
<gml:Point gml:id="K2_4677311826_1-g" srsName="fguuid:jgd2011.bl">
<gml:pos>32.850822222 129.926725000</gml:pos>
</gml:Point>
</pos>
<type>標高点（測点）</type>
<alti>14</alti>
</ElevPt>
<ElevPt gml:id="K2_4677311829_1">
<fid>46773-11829-i-1404</fid>
<lfSpanFr gml:id="K2_4677311829_1-1">
<gml:timePosition>2020-12-08</gml:timePosition>
</lfSpanFr>
<devDate gml:id="K2_4677311829_1-2">
<gml:timePosition>2024-11-29</gml:timePosition>
</devDate>
<orgGILvl>25000</orgGILvl>
<vis>表示</vis>
<pos>
<gml:Point gml:id="K2_4677311829_1-g" srsName="fguuid:jgd2011.bl">
<gml:pos>32.864045833 129.927585556</gml:pos>
</gml:Point>
</pos>
<type>標高点（測点）</type>
<alti>62</alti>
</ElevPt>
<ElevPt gml:id="K2_4677611823_1">
<fid>46776-11823-i-758</fid>
<lfSpanFr gml:id="K2_4677611823_1-1">
<gml:timePosition>2020-12-08</gml:timePosition>
</lfSpanFr>
<devDate gml:id="K2_4677611823_1-2">
<gml:timePosition>2024-11-29</gml:timePosition>
</devDate>
<orgGILvl>25000</orgGILvl>
<vis>表示</vis>
<pos>
<gml:Point gml:id="K2_4677611823_1-g" srsName="fguuid:jgd2011.bl">
<gml:pos>32.844197222 129.935451667</gml:pos>
</gml:Point>
</pos>
<type>標高点（測点）</type>
<alti>322</alti>
</ElevPt>
<ElevPt gml:id="K2_4677611823_2">
<fid>46776-11823-i-759</fid>
<lfSpanFr gml:id="K2_4677611823_2-1">
<gml:timePosition>2020-12-08</gml:timePosition>
</lfSpanFr>
<devDate gml:id="K2_4677611823_2-2">
<gml:timePosition>2024-11-29</gml:timePosition>
</devDate>
<orgGILvl>25000</orgGILvl>
<vis>表示</vis>
<pos>
<gml:Point gml:id="K2_4677611823_2-g" srsName="fguuid:jgd2011.bl">
<gml:pos>32.849185556 129.937761667</gml:pos>
</gml:Point>
</pos>
<type>標高点（測点）</type>
<alti>290</alti>
</ElevPt>
<ElevPt gml:id="K2_4677611826_1">
<fid>46776-11826-i-2061</fid>
<lfSpanFr gml:id="K2_4677611826_1-1">
<gml:timePosition>2020-12-08</gml:timePosition>
</lfSpanFr>
<devDate gml:id="K2_4677611826_1-2">
<gml:timePosition>2024-11-29</gml:timePosition>
</devDate>
<orgGILvl>25000</orgGILvl>
<vis>表示</vis>
<pos>
<gml:Point gml:id="K2_4677611826_1-g" srsName="fguuid:jgd2011.bl">
<gml:pos>32.852380556 129.933643056</gml:pos>
</gml:Point>
</pos>
<type>標高点（測点）</type>
<alti>109</alti>
</ElevPt>
<ElevPt gml:id="K2_4677611829_1">
<fid>46776-11829-i-569</fid>
<lfSpanFr gml:id="K2_4677611829_1-1">
<gml:timePosition>2020-12-08</gml:timePosition>
</lfSpanFr>
<devDate gml:id="K2_4677611829_1-2">
<gml:timePosition>2024-11-29</gml:timePosition>
</devDate>
<orgGILvl>25000</orgGILvl>
<vis>表示</vis>
<pos>
<gml:Point gml:id="K2_4677611829_1-g" srsName="fguuid:jgd2011.bl">
<gml:pos>32.858579167 129.939786667</gml:pos>
</gml:Point>
</pos>
<type>標高点（測点）</type>
<alti>99</alti>
</ElevPt>
<ElevPt gml:id="K2_4677911820_1">
<fid>46779-11820-i-584</fid>
<lfSpanFr gml:id="K2_4677911820_1-1">
<gml:timePosition>2016-04-20</gml:timePosition>
</lfSpanFr>
<devDate gml:id="K2_4677911820_1-2">
<gml:timePosition>2024-11-29</gml:timePosition>
</devDate>
<orgGILvl>25000</orgGILvl>
<vis>表示</vis>
<pos>
<gml:Point gml:id="K2_4677911820_1-g" srsName="fguuid:jgd2011.bl">
<gml:pos>32.834403889 129.946473611</gml:pos>
</gml:Point>
</pos>
<type>標高点（測点）</type>
<alti>324</alti>
</ElevPt>
<ElevPt gml:id="K2_4677911826_1">
<fid>46779-11826-i-1421</fid>
<lfSpanFr gml:id="K2_4677911826_1-1">
<gml:timePosition>2020-12-08</gml:timePosition>
</lfSpanFr>
<devDate gml:id="K2_4677911826_1-2">
<gml:timePosition>2024-11-29</gml:timePosition>
</devDate>
<orgGILvl>25000</orgGILvl>
<vis>表示</vis>
<pos>
<gml:Point gml:id="K2_4677911826_1-g" srsName="fguuid:jgd2011.bl">
<gml:pos>32.855664444 129.948600278</gml:pos>
</gml:Point>
</pos>
<type>標高点（測点）</type>
<alti>129</alti>
</ElevPt>
<ElevPt gml:id="K2_4677911829_1">
<fid>46779-11829-i-613</fid>
<lfSpanFr gml:id="K2_4677911829_1-1">
<gml:timePosition>2020-12-08</gml:timePosition>
</lfSpanFr>
<devDate gml:id="K2_4677911829_1-2">
<gml:timePosition>2024-11-29</gml:timePosition>
</devDate>
<orgGILvl>25000</orgGILvl>
<vis>表示</vis>
<pos>
<gml:Point gml:id="K2_4677911829_1-g" srsName="fguuid:jgd2011.bl">
<gml:pos>32.862101111 129.948674167</gml:pos>
</gml:Point>
</pos>
<type>標高点（測点）</type>
<alti>49</alti>
</ElevPt>
<ElevPt gml:id="K2_4677911847_1">
<fid>46779-11847-i-2271</fid>
<lfSpanFr gml:id="K2_4677911847_1-1">
<gml:timePosition>2020-12-08</gml:timePosition>
</lfSpanFr>
<devDate gml:id="K2_4677911847_1-2">
<gml:timePosition>2024-11-29</gml:timePosition>
</devDate>
<orgGILvl>25000</orgGILvl>
<vis>表示</vis>
<pos>
<gml:Point gml:id="K2_4677911847_1-g" srsName="fguuid:jgd2011.bl">
<gml:pos>32.915963056 129.944509722</gml:pos>
</gml:Point>
</pos>
<type>標高点（測点）</type>
<alti>5</alti>
</ElevPt>
<ElevPt gml:id="K2_4678211823_1">
<fid>46782-11823-i-2810</fid>
<lfSpanFr gml:id="K2_4678211823_1-1">
<gml:timePosition>2020-12-08</gml:timePosition>
</lfSpanFr>
<devDate gml:id="K2_4678211823_1-2">
<gml:timePosition>2024-11-29</gml:timePosition>
</devDate>
<orgGILvl>25000</orgGILvl>
<vis>表示</vis>
<pos>
<gml:Point gml:id="K2_4678211823_1-g" srsName="fguuid:jgd2011.bl">
<gml:pos>32.844875000 129.955679722</gml:pos>
</gml:Point>
</pos>
<type>標高点（測点）</type>
<alti>11</alti>
</ElevPt>
<ElevPt gml:id="K2_4678211823_2">
<fid>46782-11823-i-2811</fid>
<lfSpanFr gml:id="K2_4678211823_2-1">
<gml:timePosition>2020-12-08</gml:timePosition>
</lfSpanFr>
<devDate gml:id="K2_4678211823_2-2">
<gml:timePosition>2024-11-29</gml:timePosition>
</devDate>
<orgGILvl>25000</orgGILvl>
<vis>表示</vis>
<pos>
<gml:Point gml:id="K2_4678211823_2-g" srsName="fguuid:jgd2011.bl">
<gml:pos>32.847112778 129.950226111</gml:pos>
</gml:Point>
</pos>
<type>標高点（測点）</type>
<alti>18</alti>
</ElevPt>
<ElevPt gml:id="K2_4678211838_1">
<fid>46782-11838-i-407</fid>
<lfSpanFr gml:id="K2_4678211838_1-1">
<gml:timePosition>2020-12-08</gml:timePosition>
</lfSpanFr>
<devDate gml:id="K2_4678211838_1-2">
<gml:timePosition>2024-11-29</gml:timePosition>
</devDate>
<orgGILvl>25000</orgGILvl>
<pos>
<gml:Point gml:id="K2_4678211838_1-g" srsName="fguuid:jgd2011.bl">
<gml:pos>32.889943056 129.956339722</gml:pos>
</gml:Point>
</pos>
<type>標高点（測点）</type>
<alti>12</alti>
</ElevPt>
<ElevPt gml:id="K2_4678211841_1">
<fid>46782-11841-i-831</fid>
<lfSpanFr gml:id="K2_4678211841_1-1">
<gml:timePosition>2020-12-08</gml:timePosition>
</lfSpanFr>
<devDate gml:id="K2_4678211841_1-2">
<gml:timePosition>2024-11-29</gml:timePosition>
</devDate>
<orgGILvl>25000</orgGILvl>
<vis>表示</vis>
<pos>
<gml:Point gml:id="K2_4678211841_1-g" srsName="fguuid:jgd2011.bl">
<gml:pos>32.895290556 129.953027778</gml:pos>
</gml:Point>
</pos>
<type>標高点（測点）</type>
<alti>8</alti>
</ElevPt>
<ElevPt gml:id="K2_4678211844_1">
<fid>46782-11844-i-1903</fid>
<lfSpanFr gml:id="K2_4678211844_1-1">
<gml:timePosition>2020-12-08</gml:timePosition>
</lfSpanFr>
<devDate gml:id="K2_4678211844_1-2">
<gml:timePosition>2024-11-29</gml:timePosition>
</devDate>
<orgGILvl>25000</orgGILvl>
<vis>表示</vis>
<pos>
<gml:Point gml:id="K2_4678211844_1-g" srsName="fguuid:jgd2011.bl">
<gml:pos>32.905163056 129.957592778</gml:pos>
</gml:Point>
</pos>
<type>標高点（測点）</type>
<alti>3</alti>
</ElevPt>
<ElevPt gml:id="K2_4678211847_1">
<fid>46782-11847-i-4477</fid>
<lfSpanFr gml:id="K2_4678211847_1-1">
<gml:timePosition>2020-12-08</gml:timePosition>
</lfSpanFr>
<devDate gml:id="K2_4678211847_1-2">
<gml:timePosition>2024-11-29</gml:timePosition>
</devDate>
<orgGILvl>25000</orgGILvl>
<vis>表示</vis>
<pos>
<gml:Point gml:id="K2_4678211847_1-g" srsName="fguuid:jgd2011.bl">
<gml:pos>32.913118611 129.950597778</gml:pos>
</gml:Point>
</pos>
<type>標高点（測点）</type>
<alti>4</alti>
</ElevPt>
<ElevPt gml:id="K2_4678511820_1">
<fid>46785-11820-i-904</fid>
<lfSpanFr gml:id="K2_4678511820_1-1">
<gml:timePosition>2016-04-20</gml:timePosition>
</lfSpanFr>
<devDate gml:id="K2_4678511820_1-2">
<gml:timePosition>2024-11-29</gml:timePosition>
</devDate>
<orgGILvl>25000</orgGILvl>
<vis>表示</vis>
<pos>
<gml:Point gml:id="K2_4678511820_1-g" srsName="fguuid:jgd2011.bl">
<gml:pos>32.840145833 129.965230278</gml:pos>
</gml:Point>
</pos>
<type>標高点（測点）</type>
<alti>161</alti>
</ElevPt>
<ElevPt gml:id="K2_4678511844_1">
<fid>46785-11844-i-3581</fid>
<lfSpanFr gml:id="K2_4678511844_1-1">
<gml:timePosition>2020-12-08</gml:timePosition>
</lfSpanFr>
<devDate gml:id="K2_4678511844_1-2">
<gml:timePosition>2024-11-29</gml:timePosition>
</devDate>
<orgGILvl>25000</orgGILvl>
<vis>表示</vis>
<pos>
<gml:Point gml:id="K2_4678511844_1-g" srsName="fguuid:jgd2011.bl">
<gml:pos>32.903796111 129.965368889</gml:pos>
</gml:Point>
</pos>
<type>標高点（測点）</type>
<alti>18</alti>
</ElevPt>
<ElevPt gml:id="K2_4678511847_1">
<fid>46785-11847-i-3416</fid>
<lfSpanFr gml:id="K2_4678511847_1-1">
<gml:timePosition>2020-12-08</gml:timePosition>
</lfSpanFr>
<devDate gml:id="K2_4678511847_1-2">
<gml:timePosition>2024-11-29</gml:timePosition>
</devDate>
<orgGILvl>25000</orgGILvl>
<vis>表示</vis>
<pos>
<gml:Point gml:id="K2_4678511847_1-g" srsName="fguuid:jgd2011.bl">
<gml:pos>32.909755278 129.965859444</gml:pos>
</gml:Point>
</pos>
<type>標高点（測点）</type>
<alti>8</alti>
</ElevPt>
<ElevPt gml:id="K2_4678811823_1">
<fid>46788-11823-i-1149</fid>
<lfSpanFr gml:id="K2_4678811823_1-1">
<gml:timePosition>2016-04-20</gml:timePosition>
</lfSpanFr>
<devDate gml:id="K2_4678811823_1-2">
<gml:timePosition>2024-11-29</gml:timePosition>
</devDate>
<orgGILvl>25000</orgGILvl>
<vis>表示</vis>
<pos>
<gml:Point gml:id="K2_4678811823_1-g" srsName="fguuid:jgd2011.bl">
<gml:pos>32.846357500 129.971801111</gml:pos>
</gml:Point>
</pos>
<type>標高点（測点）</type>
<alti>102</alti>
</ElevPt>
<ElevPt gml:id="K2_4678811832_1">
<fid>46788-11832-i-549</fid>
<lfSpanFr gml:id="K2_4678811832_1-1">
<gml:timePosition>2020-12-08</gml:timePosition>
</lfSpanFr>
<devDate gml:id="K2_4678811832_1-2">
<gml:timePosition>2024-11-29</gml:timePosition>
</devDate>
<orgGILvl>25000</orgGILvl>
<vis>表示</vis>
<pos>
<gml:Point gml:id="K2_4678811832_1-g" srsName="fguuid:jgd2011.bl">
<gml:pos>32.874394167 129.969737778</gml:pos>
</gml:Point>
</pos>
<type>標高点（測点）</type>
<alti>60</alti>
</ElevPt>
<ElevPt gml:id="K2_4678811835_1">
<fid>46788-11835-i-771</fid>
<lfSpanFr gml:id="K2_4678811835_1-1">
<gml:timePosition>2020-12-08</gml:timePosition>
</lfSpanFr>
<devDate gml:id="K2_4678811835_1-2">
<gml:timePosition>2024-11-29</gml:timePosition>
</devDate>
<orgGILvl>25000</orgGILvl>
<vis>表示</vis>
<pos>
<gml:Point gml:id="K2_4678811835_1-g" srsName="fguuid:jgd2011.bl">
<gml:pos>32.882928889 129.968225000</gml:pos>
</gml:Point>
</pos>
<type>標高点（測点）</type>
<alti>97</alti>
</ElevPt>
<ElevPt gml:id="K2_4678811838_1">
<fid>46788-11838-i-994</fid>
<lfSpanFr gml:id="K2_4678811838_1-1">
<gml:timePosition>2020-12-08</gml:timePosition>
</lfSpanFr>
<devDate gml:id="K2_4678811838_1-2">
<gml:timePosition>2024-11-29</gml:timePosition>
</devDate>
<orgGILvl>25000</orgGILvl>
<vis>表示</vis>
<pos>
<gml:Point gml:id="K2_4678811838_1-g" srsName="fguuid:jgd2011.bl">
<gml:pos>32.891331444 129.969741528</gml:pos>
</gml:Point>
</pos>
<type>標高点（測点）</type>
<alti>6</alti>
</ElevPt>
<ElevPt gml:id="K2_4678811841_1">
<fid>46788-11841-i-2608</fid>
<lfSpanFr gml:id="K2_4678811841_1-1">
<gml:timePosition>2020-12-08</gml:timePosition>
</lfSpanFr>
<devDate gml:id="K2_4678811841_1-2">
<gml:timePosition>2024-11-29</gml:timePosition>
</devDate>
<orgGILvl>25000</orgGILvl>
<vis>表示</vis>
<pos>
<gml:Point gml:id="K2_4678811841_1-g" srsName="fguuid:jgd2011.bl">
<gml:pos>32.898657500 129.970919722</gml:pos>
</gml:Point>
</pos>
<type>標高点（測点）</type>
<alti>31</alti>
</ElevPt>
<ElevPt gml:id="K2_4678811847_1">
<fid>46788-11847-i-5199</fid>
<lfSpanFr gml:id="K2_4678811847_1-1">
<gml:timePosition>2021-08-24</gml:timePosition>
</lfSpanFr>
<devDate gml:id="K2_4678811847_1-2">
<gml:timePosition>2024-11-29</gml:timePosition>
</devDate>
<orgGILvl>25000</orgGILvl>
<vis>表示</vis>
<pos>
<gml:Point gml:id="K2_4678811847_1-g" srsName="fguuid:jgd2011.bl">
<gml:pos>32.908905833 129.971511389</gml:pos>
</gml:Point>
</pos>
<type>標高点（測点）</type>
<alti>37</alti>
</ElevPt>
<ElevPt gml:id="K2_4678811847_2">
<fid>46788-11847-i-5200</fid>
<lfSpanFr gml:id="K2_4678811847_2-1">
<gml:timePosition>2021-08-24</gml:timePosition>
</lfSpanFr>
<devDate gml:id="K2_4678811847_2-2">
<gml:timePosition>2024-11-29</gml:timePosition>
</devDate>
<orgGILvl>25000</orgGILvl>
<vis>表示</vis>
<pos>
<gml:Point gml:id="K2_4678811847_2-g" srsName="fguuid:jgd2011.bl">
<gml:pos>32.915655833 129.969794444</gml:pos>
</gml:Point>
</pos>
<type>標高点（測点）</type>
<alti>48</alti>
</ElevPt>
<ElevPt gml:id="K2_4679111820_1">
<fid>46791-11820-i-1835</fid>
<lfSpanFr gml:id="K2_4679111820_1-1">
<gml:timePosition>2020-12-08</gml:timePosition>
</lfSpanFr>
<devDate gml:id="K2_4679111820_1-2">
<gml:timePosition>2024-11-29</gml:timePosition>
</devDate>
<orgGILvl>25000</orgGILvl>
<vis>表示</vis>
<pos>
<gml:Point gml:id="K2_4679111820_1-g" srsName="fguuid:jgd2011.bl">
<gml:pos>32.837860833 129.979061111</gml:pos>
</gml:Point>
</pos>
<type>標高点（測点）</type>
<alti>7</alti>
</ElevPt>
<ElevPt gml:id="K2_4679111820_2">
<fid>46791-11820-i-1836</fid>
<lfSpanFr gml:id="K2_4679111820_2-1">
<gml:timePosition>2020-12-08</gml:timePosition>
</lfSpanFr>
<devDate gml:id="K2_4679111820_2-2">
<gml:timePosition>2024-11-29</gml:timePosition>
</devDate>
<orgGILvl>25000</orgGILvl>
<vis>表示</vis>
<pos>
<gml:Point gml:id="K2_4679111820_2-g" srsName="fguuid:jgd2011.bl">
<gml:pos>32.835975556 129.981920278</gml:pos>
</gml:Point>
</pos>
<type>標高点（測点）</type>
<alti>13</alti>
</ElevPt>
<ElevPt gml:id="K2_4679111832_1">
<fid>46791-11832-i-925</fid>
<lfSpanFr gml:id="K2_4679111832_1-1">
<gml:timePosition>2020-12-08</gml:timePosition>
</lfSpanFr>
<devDate gml:id="K2_4679111832_1-2">
<gml:timePosition>2024-11-29</gml:timePosition>
</devDate>
<orgGILvl>25000</orgGILvl>
<vis>表示</vis>
<pos>
<gml:Point gml:id="K2_4679111832_1-g" srsName="fguuid:jgd2011.bl">
<gml:pos>32.872972500 129.980626111</gml:pos>
</gml:Point>
</pos>
<type>標高点（測点）</type>
<alti>86</alti>
</ElevPt>
<ElevPt gml:id="K2_4679111835_1">
<fid>46791-11835-i-408</fid>
<lfSpanFr gml:id="K2_4679111835_1-1">
<gml:timePosition>2020-12-08</gml:timePosition>
</lfSpanFr>
<devDate gml:id="K2_4679111835_1-2">
<gml:timePosition>2024-11-29</gml:timePosition>
</devDate>
<orgGILvl>25000</orgGILvl>
<vis>表示</vis>
<pos>
<gml:Point gml:id="K2_4679111835_1-g" srsName="fguuid:jgd2011.bl">
<gml:pos>32.882094167 129.979974444</gml:pos>
</gml:Point>
</pos>
<type>標高点（測点）</type>
<alti>125</alti>
</ElevPt>
<ElevPt gml:id="K2_4679111838_1">
<fid>46791-11838-i-1107</fid>
<lfSpanFr gml:id="K2_4679111838_1-1">
<gml:timePosition>2020-12-08</gml:timePosition>
</lfSpanFr>
<devDate gml:id="K2_4679111838_1-2">
<gml:timePosition>2024-11-29</gml:timePosition>
</devDate>
<orgGILvl>25000</orgGILvl>
<vis>表示</vis>
<pos>
<gml:Point gml:id="K2_4679111838_1-g" srsName="fguuid:jgd2011.bl">
<gml:pos>32.887280000 129.976210000</gml:pos>
</gml:Point>
</pos>
<type>標高点（測点）</type>
<alti>4</alti>
</ElevPt>
<ElevPt gml:id="K2_4679111847_1">
<fid>46791-11847-i-2675</fid>
<lfSpanFr gml:id="K2_4679111847_1-1">
<gml:timePosition>2020-12-08</gml:timePosition>
</lfSpanFr>
<devDate gml:id="K2_4679111847_1-2">
<gml:timePosition>2024-11-29</gml:timePosition>
</devDate>
<orgGILvl>25000</orgGILvl>
<vis>表示</vis>
<pos>
<gml:Point gml:id="K2_4679111847_1-g" srsName="fguuid:jgd2011.bl">
<gml:pos>32.913145278 129.980133611</gml:pos>
</gml:Point>
</pos>
<type>標高点（測点）</type>
<alti>98</alti>
</ElevPt>
<ElevPt gml:id="K2_4679411829_1">
<fid>46794-11829-i-779</fid>
<lfSpanFr gml:id="K2_4679411829_1-1">
<gml:timePosition>2020-12-08</gml:timePosition>
</lfSpanFr>
<devDate gml:id="K2_4679411829_1-2">
<gml:timePosition>2024-11-29</gml:timePosition>
</devDate>
<orgGILvl>25000</orgGILvl>
<vis>表示</vis>
<pos>
<gml:Point gml:id="K2_4679411829_1-g" srsName="fguuid:jgd2011.bl">
<gml:pos>32.860465278 129.989761944</gml:pos>
</gml:Point>
</pos>
<type>標高点（測点）</type>
<alti>13</alti>
</ElevPt>
<ElevPt gml:id="K2_4679411829_2">
<fid>46794-11829-i-780</fid>
<lfSpanFr gml:id="K2_4679411829_2-1">
<gml:timePosition>2020-12-08</gml:timePosition>
</lfSpanFr>
<devDate gml:id="K2_4679411829_2-2">
<gml:timePosition>2024-11-29</gml:timePosition>
</devDate>
<orgGILvl>25000</orgGILvl>
<vis>表示</vis>
<pos>
<gml:Point gml:id="K2_4679411829_2-g" srsName="fguuid:jgd2011.bl">
<gml:pos>32.865280970 129.985688183</gml:pos>
</gml:Point>
</pos>
<type>標高点（測点）</type>
<alti>101</alti>
</ElevPt>
<ElevPt gml:id="K2_4679411832_1">
<fid>46794-11832-i-645</fid>
<lfSpanFr gml:id="K2_4679411832_1-1">
<gml:timePosition>2020-12-08</gml:timePosition>
</lfSpanFr>
<devDate gml:id="K2_4679411832_1-2">
<gml:timePosition>2024-11-29</gml:timePosition>
</devDate>
<orgGILvl>25000</orgGILvl>
<vis>表示</vis>
<pos>
<gml:Point gml:id="K2_4679411832_1-g" srsName="fguuid:jgd2011.bl">
<gml:pos>32.873014167 129.986955833</gml:pos>
</gml:Point>
</pos>
<type>標高点（測点）</type>
<alti>186</alti>
</ElevPt>
<ElevPt gml:id="K2_4679411835_1">
<fid>46794-11835-i-649</fid>
<lfSpanFr gml:id="K2_4679411835_1-1">
<gml:timePosition>2020-12-08</gml:timePosition>
</lfSpanFr>
<devDate gml:id="K2_4679411835_1-2">
<gml:timePosition>2024-11-29</gml:timePosition>
</devDate>
<orgGILvl>25000</orgGILvl>
<vis>表示</vis>
<pos>
<gml:Point gml:id="K2_4679411835_1-g" srsName="fguuid:jgd2011.bl">
<gml:pos>32.882876111 129.990247500</gml:pos>
</gml:Point>
</pos>
<type>標高点（測点）</type>
<alti>166</alti>
</ElevPt>
<ElevPt gml:id="K2_4679411844_1">
<fid>46794-11844-i-811</fid>
<lfSpanFr gml:id="K2_4679411844_1-1">
<gml:timePosition>2020-12-08</gml:timePosition>
</lfSpanFr>
<devDate gml:id="K2_4679411844_1-2">
<gml:timePosition>2024-11-29</gml:timePosition>
</devDate>
<orgGILvl>25000</orgGILvl>
<vis>表示</vis>
<pos>
<gml:Point gml:id="K2_4679411844_1-g" srsName="fguuid:jgd2011.bl">
<gml:pos>32.900200972 129.988827722</gml:pos>
</gml:Point>
</pos>
<type>標高点（測点）</type>
<alti>87</alti>
</ElevPt>
<ElevPt gml:id="K2_4679411844_2">
<fid>46794-11844-i-812</fid>
<lfSpanFr gml:id="K2_4679411844_2-1">
<gml:timePosition>2020-12-08</gml:timePosition>
</lfSpanFr>
<devDate gml:id="K2_4679411844_2-2">
<gml:timePosition>2024-11-29</gml:timePosition>
</devDate>
<orgGILvl>25000</orgGILvl>
<vis>表示</vis>
<pos>
<gml:Point gml:id="K2_4679411844_2-g" srsName="fguuid:jgd2011.bl">
<gml:pos>32.905097250 129.991495222</gml:pos>
</gml:Point>
</pos>
<type>標高点（測点）</type>
<alti>137</alti>
</ElevPt>
<ElevPt gml:id="K2_4679411847_1">
<fid>46794-11847-i-294</fid>
<lfSpanFr gml:id="K2_4679411847_1-1">
<gml:timePosition>2015-09-29</gml:timePosition>
</lfSpanFr>
<devDate gml:id="K2_4679411847_1-2">
<gml:timePosition>2024-11-29</gml:timePosition>
</devDate>
<orgGILvl>25000</orgGILvl>
<vis>表示</vis>
<pos>
<gml:Point gml:id="K2_4679411847_1-g" srsName="fguuid:jgd2011.bl">
<gml:pos>32.909682222 129.984514444</gml:pos>
</gml:Point>
</pos>
<type>標高点（測点）</type>
<alti>121</alti>
</ElevPt>
<ElevPt gml:id="K2_4679711820_1">
<fid>46797-11820-i-866</fid>
<lfSpanFr gml:id="K2_4679711820_1-1">
<gml:timePosition>2020-12-08</gml:timePosition>
</lfSpanFr>
<devDate gml:id="K2_4679711820_1-2">
<gml:timePosition>2024-11-29</gml:timePosition>
</devDate>
<orgGILvl>25000</orgGILvl>
<vis>表示</vis>
<pos>
<gml:Point gml:id="K2_4679711820_1-g" srsName="fguuid:jgd2011.bl">
<gml:pos>32.833825000 129.998264083</gml:pos>
</gml:Point>
</pos>
<type>標高点（測点）</type>
<alti>95</alti>
</ElevPt>
<ElevPt gml:id="K2_4679711826_1">
<fid>46797-11826-i-602</fid>
<lfSpanFr gml:id="K2_4679711826_1-1">
<gml:timePosition>2015-09-29</gml:timePosition>
</lfSpanFr>
<devDate gml:id="K2_4679711826_1-2">
<gml:timePosition>2024-11-29</gml:timePosition>
</devDate>
<orgGILvl>25000</orgGILvl>
<vis>表示</vis>
<pos>
<gml:Point gml:id="K2_4679711826_1-g" srsName="fguuid:jgd2011.bl">
<gml:pos>32.850966956 129.993885816</gml:pos>
</gml:Point>
</pos>
<type>標高点（測点）</type>
<alti>8</alti>
</ElevPt>
</Dataset>
