<?xml version="1.0" encoding="utf-8"?>
<Dataset xsi:schemaLocation="http://fgd.gsi.go.jp/spec/2008/FGD_GMLSchema FGD_GMLSchema.xsd"
	xmlns:gml="http://www.opengis.net/gml/3.2"
	xmlns:xsi="http://www.w3.org/2001/XMLSchema-instance"
	xmlns:xlink="http://www.w3.org/1999/xlink"
	xmlns="http://fgd.gsi.go.jp/spec/2008/FGD_GMLSchema"
	gml:id="Dataset1">
  <gml:description>基盤地図情報メタデータ ID=fmdid:24-0401</gml:description>
  <gml:name>基盤地図情報ダウンロードデータ（GML版）</gml:name>
<ElevPt gml:id="K2_4630511760_1">
<fid>46305-11760-i-25</fid>
<lfSpanFr gml:id="K2_4630511760_1-1">
<gml:timePosition>2015-11-17</gml:timePosition>
</lfSpanFr>
<devDate gml:id="K2_4630511760_1-2">
<gml:timePosition>2024-03-13</gml:timePosition>
</devDate>
<orgGILvl>25000</orgGILvl>
<vis>表示</vis>
<pos>
<gml:Point gml:id="K2_4630511760_1-g" srsName="fguuid:jgd2011.bl">
<gml:pos>32.667970000 128.626655000</gml:pos>
</gml:Point>
</pos>
<type>標高点（測点）</type>
<alti>181</alti>
</ElevPt>
<ElevPt gml:id="K2_4630511763_1">
<fid>46305-11763-i-23</fid>
<lfSpanFr gml:id="K2_4630511763_1-1">
<gml:timePosition>2015-11-17</gml:timePosition>
</lfSpanFr>
<devDate gml:id="K2_4630511763_1-2">
<gml:timePosition>2024-03-13</gml:timePosition>
</devDate>
<orgGILvl>25000</orgGILvl>
<vis>表示</vis>
<pos>
<gml:Point gml:id="K2_4630511763_1-g" srsName="fguuid:jgd2011.bl">
<gml:pos>32.675002500 128.632226389</gml:pos>
</gml:Point>
</pos>
<type>標高点（測点）</type>
<alti>212</alti>
</ElevPt>
<ElevPt gml:id="K2_4630811763_1">
<fid>46308-11763-i-8</fid>
<lfSpanFr gml:id="K2_4630811763_1-1">
<gml:timePosition>2015-11-17</gml:timePosition>
</lfSpanFr>
<devDate gml:id="K2_4630811763_1-2">
<gml:timePosition>2024-03-13</gml:timePosition>
</devDate>
<orgGILvl>25000</orgGILvl>
<vis>表示</vis>
<pos>
<gml:Point gml:id="K2_4630811763_1-g" srsName="fguuid:jgd2011.bl">
<gml:pos>32.681174722 128.634405833</gml:pos>
</gml:Point>
</pos>
<type>標高点（測点）</type>
<alti>31</alti>
</ElevPt>
<ElevPt gml:id="K2_4631411778_1">
<fid>46314-11778-i-141</fid>
<lfSpanFr gml:id="K2_4631411778_1-1">
<gml:timePosition>2015-11-17</gml:timePosition>
</lfSpanFr>
<devDate gml:id="K2_4631411778_1-2">
<gml:timePosition>2024-03-13</gml:timePosition>
</devDate>
<orgGILvl>25000</orgGILvl>
<vis>表示</vis>
<pos>
<gml:Point gml:id="K2_4631411778_1-g" srsName="fguuid:jgd2011.bl">
<gml:pos>32.720241389 128.654314444</gml:pos>
</gml:Point>
</pos>
<type>標高点（測点）</type>
<alti>23</alti>
</ElevPt>
<ElevPt gml:id="K2_4631411778_2">
<fid>46314-11778-i-142</fid>
<lfSpanFr gml:id="K2_4631411778_2-1">
<gml:timePosition>2015-11-17</gml:timePosition>
</lfSpanFr>
<devDate gml:id="K2_4631411778_2-2">
<gml:timePosition>2024-03-13</gml:timePosition>
</devDate>
<orgGILvl>25000</orgGILvl>
<vis>表示</vis>
<pos>
<gml:Point gml:id="K2_4631411778_2-g" srsName="fguuid:jgd2011.bl">
<gml:pos>32.724715000 128.652478611</gml:pos>
</gml:Point>
</pos>
<type>標高点（測点）</type>
<alti>24</alti>
</ElevPt>
<ElevPt gml:id="K2_4631411787_1">
<fid>46314-11787-i-125</fid>
<lfSpanFr gml:id="K2_4631411787_1-1">
<gml:timePosition>2015-11-17</gml:timePosition>
</lfSpanFr>
<devDate gml:id="K2_4631411787_1-2">
<gml:timePosition>2024-03-13</gml:timePosition>
</devDate>
<orgGILvl>25000</orgGILvl>
<vis>表示</vis>
<pos>
<gml:Point gml:id="K2_4631411787_1-g" srsName="fguuid:jgd2011.bl">
<gml:pos>32.747486944 128.654096667</gml:pos>
</gml:Point>
</pos>
<type>標高点（測点）</type>
<alti>18</alti>
</ElevPt>
<ElevPt gml:id="K2_4631711766_1">
<fid>46317-11766-i-21</fid>
<lfSpanFr gml:id="K2_4631711766_1-1">
<gml:timePosition>2015-11-17</gml:timePosition>
</lfSpanFr>
<devDate gml:id="K2_4631711766_1-2">
<gml:timePosition>2024-03-13</gml:timePosition>
</devDate>
<orgGILvl>25000</orgGILvl>
<vis>表示</vis>
<pos>
<gml:Point gml:id="K2_4631711766_1-g" srsName="fguuid:jgd2011.bl">
<gml:pos>32.689544444 128.660508333</gml:pos>
</gml:Point>
</pos>
<type>標高点（測点）</type>
<alti>242</alti>
</ElevPt>
<ElevPt gml:id="K2_4631711769_1">
<fid>46317-11769-i-17</fid>
<lfSpanFr gml:id="K2_4631711769_1-1">
<gml:timePosition>2015-11-17</gml:timePosition>
</lfSpanFr>
<devDate gml:id="K2_4631711769_1-2">
<gml:timePosition>2024-03-13</gml:timePosition>
</devDate>
<orgGILvl>25000</orgGILvl>
<vis>表示</vis>
<pos>
<gml:Point gml:id="K2_4631711769_1-g" srsName="fguuid:jgd2011.bl">
<gml:pos>32.694624722 128.662240556</gml:pos>
</gml:Point>
</pos>
<type>標高点（測点）</type>
<alti>222</alti>
</ElevPt>
<ElevPt gml:id="K2_4631711772_1">
<fid>46317-11772-i-473</fid>
<lfSpanFr gml:id="K2_4631711772_1-1">
<gml:timePosition>2015-11-17</gml:timePosition>
</lfSpanFr>
<devDate gml:id="K2_4631711772_1-2">
<gml:timePosition>2024-03-13</gml:timePosition>
</devDate>
<orgGILvl>25000</orgGILvl>
<vis>表示</vis>
<pos>
<gml:Point gml:id="K2_4631711772_1-g" srsName="fguuid:jgd2011.bl">
<gml:pos>32.705090556 128.662748889</gml:pos>
</gml:Point>
</pos>
<type>標高点（測点）</type>
<alti>146</alti>
</ElevPt>
<ElevPt gml:id="K2_4631711781_1">
<fid>46317-11781-i-107</fid>
<lfSpanFr gml:id="K2_4631711781_1-1">
<gml:timePosition>2015-11-17</gml:timePosition>
</lfSpanFr>
<devDate gml:id="K2_4631711781_1-2">
<gml:timePosition>2024-03-13</gml:timePosition>
</devDate>
<orgGILvl>25000</orgGILvl>
<vis>表示</vis>
<pos>
<gml:Point gml:id="K2_4631711781_1-g" srsName="fguuid:jgd2011.bl">
<gml:pos>32.727061389 128.659703611</gml:pos>
</gml:Point>
</pos>
<type>標高点（測点）</type>
<alti>28</alti>
</ElevPt>
<ElevPt gml:id="K2_4631711784_1">
<fid>46317-11784-i-107</fid>
<lfSpanFr gml:id="K2_4631711784_1-1">
<gml:timePosition>2015-11-17</gml:timePosition>
</lfSpanFr>
<devDate gml:id="K2_4631711784_1-2">
<gml:timePosition>2024-03-13</gml:timePosition>
</devDate>
<orgGILvl>25000</orgGILvl>
<vis>表示</vis>
<pos>
<gml:Point gml:id="K2_4631711784_1-g" srsName="fguuid:jgd2011.bl">
<gml:pos>32.735983611 128.665947222</gml:pos>
</gml:Point>
</pos>
<type>標高点（測点）</type>
<alti>28</alti>
</ElevPt>
<ElevPt gml:id="K2_4631711784_2">
<fid>46317-11784-i-108</fid>
<lfSpanFr gml:id="K2_4631711784_2-1">
<gml:timePosition>2015-11-17</gml:timePosition>
</lfSpanFr>
<devDate gml:id="K2_4631711784_2-2">
<gml:timePosition>2024-03-13</gml:timePosition>
</devDate>
<orgGILvl>25000</orgGILvl>
<vis>表示</vis>
<pos>
<gml:Point gml:id="K2_4631711784_2-g" srsName="fguuid:jgd2011.bl">
<gml:pos>32.739970833 128.659574722</gml:pos>
</gml:Point>
</pos>
<type>標高点（測点）</type>
<alti>30</alti>
</ElevPt>
<ElevPt gml:id="K2_4631711787_1">
<fid>46317-11787-i-117</fid>
<lfSpanFr gml:id="K2_4631711787_1-1">
<gml:timePosition>2015-11-17</gml:timePosition>
</lfSpanFr>
<devDate gml:id="K2_4631711787_1-2">
<gml:timePosition>2024-03-13</gml:timePosition>
</devDate>
<orgGILvl>25000</orgGILvl>
<vis>表示</vis>
<pos>
<gml:Point gml:id="K2_4631711787_1-g" srsName="fguuid:jgd2011.bl">
<gml:pos>32.747325833 128.663767500</gml:pos>
</gml:Point>
</pos>
<type>標高点（測点）</type>
<alti>50</alti>
</ElevPt>
<ElevPt gml:id="K2_4632011760_1">
<fid>46320-11760-i-74</fid>
<lfSpanFr gml:id="K2_4632011760_1-1">
<gml:timePosition>2015-11-17</gml:timePosition>
</lfSpanFr>
<devDate gml:id="K2_4632011760_1-2">
<gml:timePosition>2024-03-13</gml:timePosition>
</devDate>
<orgGILvl>25000</orgGILvl>
<vis>表示</vis>
<pos>
<gml:Point gml:id="K2_4632011760_1-g" srsName="fguuid:jgd2011.bl">
<gml:pos>32.667587778 128.673507222</gml:pos>
</gml:Point>
</pos>
<type>標高点（測点）</type>
<alti>73</alti>
</ElevPt>
<ElevPt gml:id="K2_4632011760_2">
<fid>46320-11760-i-122</fid>
<lfSpanFr gml:id="K2_4632011760_2-1">
<gml:timePosition>2017-09-25</gml:timePosition>
</lfSpanFr>
<devDate gml:id="K2_4632011760_2-2">
<gml:timePosition>2024-03-13</gml:timePosition>
</devDate>
<orgGILvl>25000</orgGILvl>
<vis>非表示</vis>
<pos>
<gml:Point gml:id="K2_4632011760_2-g" srsName="fguuid:jgd2011.bl">
<gml:pos>32.671199722 128.672421944</gml:pos>
</gml:Point>
</pos>
<type>標高点（測点）</type>
<alti>16</alti>
</ElevPt>
<ElevPt gml:id="K2_4632011766_1">
<fid>46320-11766-i-3</fid>
<lfSpanFr gml:id="K2_4632011766_1-1">
<gml:timePosition>2015-11-17</gml:timePosition>
</lfSpanFr>
<devDate gml:id="K2_4632011766_1-2">
<gml:timePosition>2024-03-13</gml:timePosition>
</devDate>
<orgGILvl>25000</orgGILvl>
<vis>表示</vis>
<pos>
<gml:Point gml:id="K2_4632011766_1-g" srsName="fguuid:jgd2011.bl">
<gml:pos>32.689007500 128.668622500</gml:pos>
</gml:Point>
</pos>
<type>標高点（測点）</type>
<alti>232</alti>
</ElevPt>
<ElevPt gml:id="K2_4632011769_1">
<fid>46320-11769-i-8</fid>
<lfSpanFr gml:id="K2_4632011769_1-1">
<gml:timePosition>2015-11-17</gml:timePosition>
</lfSpanFr>
<devDate gml:id="K2_4632011769_1-2">
<gml:timePosition>2024-03-13</gml:timePosition>
</devDate>
<orgGILvl>25000</orgGILvl>
<vis>表示</vis>
<pos>
<gml:Point gml:id="K2_4632011769_1-g" srsName="fguuid:jgd2011.bl">
<gml:pos>32.695700000 128.673961944</gml:pos>
</gml:Point>
</pos>
<type>標高点（測点）</type>
<alti>264</alti>
</ElevPt>
<ElevPt gml:id="K2_4632011775_1">
<fid>46320-11775-i-8</fid>
<lfSpanFr gml:id="K2_4632011775_1-1">
<gml:timePosition>2015-11-17</gml:timePosition>
</lfSpanFr>
<devDate gml:id="K2_4632011775_1-2">
<gml:timePosition>2024-03-13</gml:timePosition>
</devDate>
<orgGILvl>25000</orgGILvl>
<vis>表示</vis>
<pos>
<gml:Point gml:id="K2_4632011775_1-g" srsName="fguuid:jgd2011.bl">
<gml:pos>32.714190556 128.667332500</gml:pos>
</gml:Point>
</pos>
<type>標高点（測点）</type>
<alti>221</alti>
</ElevPt>
<ElevPt gml:id="K2_4632011778_1">
<fid>46320-11778-i-56</fid>
<lfSpanFr gml:id="K2_4632011778_1-1">
<gml:timePosition>2015-11-17</gml:timePosition>
</lfSpanFr>
<devDate gml:id="K2_4632011778_1-2">
<gml:timePosition>2024-03-13</gml:timePosition>
</devDate>
<orgGILvl>25000</orgGILvl>
<vis>表示</vis>
<pos>
<gml:Point gml:id="K2_4632011778_1-g" srsName="fguuid:jgd2011.bl">
<gml:pos>32.721198288 128.667351371</gml:pos>
</gml:Point>
</pos>
<type>標高点（測点）</type>
<alti>27</alti>
</ElevPt>
<ElevPt gml:id="K2_4632011781_1">
<fid>46320-11781-i-136</fid>
<lfSpanFr gml:id="K2_4632011781_1-1">
<gml:timePosition>2015-11-17</gml:timePosition>
</lfSpanFr>
<devDate gml:id="K2_4632011781_1-2">
<gml:timePosition>2024-03-13</gml:timePosition>
</devDate>
<orgGILvl>25000</orgGILvl>
<vis>表示</vis>
<pos>
<gml:Point gml:id="K2_4632011781_1-g" srsName="fguuid:jgd2011.bl">
<gml:pos>32.729827778 128.667538333</gml:pos>
</gml:Point>
</pos>
<type>標高点（測点）</type>
<alti>36</alti>
</ElevPt>
<ElevPt gml:id="K2_4632011781_2">
<fid>46320-11781-i-263</fid>
<lfSpanFr gml:id="K2_4632011781_2-1">
<gml:timePosition>2015-11-17</gml:timePosition>
</lfSpanFr>
<devDate gml:id="K2_4632011781_2-2">
<gml:timePosition>2024-03-13</gml:timePosition>
</devDate>
<orgGILvl>25000</orgGILvl>
<vis>非表示</vis>
<pos>
<gml:Point gml:id="K2_4632011781_2-g" srsName="fguuid:jgd2011.bl">
<gml:pos>32.725681132 128.673971082</gml:pos>
</gml:Point>
</pos>
<type>標高点（測点）</type>
<alti>28</alti>
</ElevPt>
<ElevPt gml:id="K2_4632011784_1">
<fid>46320-11784-i-118</fid>
<lfSpanFr gml:id="K2_4632011784_1-1">
<gml:timePosition>2015-11-17</gml:timePosition>
</lfSpanFr>
<devDate gml:id="K2_4632011784_1-2">
<gml:timePosition>2024-03-13</gml:timePosition>
</devDate>
<orgGILvl>25000</orgGILvl>
<vis>表示</vis>
<pos>
<gml:Point gml:id="K2_4632011784_1-g" srsName="fguuid:jgd2011.bl">
<gml:pos>32.735399722 128.674763056</gml:pos>
</gml:Point>
</pos>
<type>標高点（測点）</type>
<alti>30</alti>
</ElevPt>
<ElevPt gml:id="K2_4632311760_1">
<fid>46323-11760-i-56</fid>
<lfSpanFr gml:id="K2_4632311760_1-1">
<gml:timePosition>2015-11-17</gml:timePosition>
</lfSpanFr>
<devDate gml:id="K2_4632311760_1-2">
<gml:timePosition>2024-03-13</gml:timePosition>
</devDate>
<orgGILvl>25000</orgGILvl>
<vis>表示</vis>
<pos>
<gml:Point gml:id="K2_4632311760_1-g" srsName="fguuid:jgd2011.bl">
<gml:pos>32.667188889 128.680765278</gml:pos>
</gml:Point>
</pos>
<type>標高点（測点）</type>
<alti>4</alti>
</ElevPt>
<ElevPt gml:id="K2_4632311766_1">
<fid>46323-11766-i-3</fid>
<lfSpanFr gml:id="K2_4632311766_1-1">
<gml:timePosition>2015-11-17</gml:timePosition>
</lfSpanFr>
<devDate gml:id="K2_4632311766_1-2">
<gml:timePosition>2024-03-13</gml:timePosition>
</devDate>
<orgGILvl>25000</orgGILvl>
<vis>表示</vis>
<pos>
<gml:Point gml:id="K2_4632311766_1-g" srsName="fguuid:jgd2011.bl">
<gml:pos>32.685467500 128.680318889</gml:pos>
</gml:Point>
</pos>
<type>標高点（測点）</type>
<alti>314</alti>
</ElevPt>
<ElevPt gml:id="K2_4632311769_1">
<fid>46323-11769-i-9</fid>
<lfSpanFr gml:id="K2_4632311769_1-1">
<gml:timePosition>2015-11-17</gml:timePosition>
</lfSpanFr>
<devDate gml:id="K2_4632311769_1-2">
<gml:timePosition>2024-03-13</gml:timePosition>
</devDate>
<orgGILvl>25000</orgGILvl>
<vis>表示</vis>
<pos>
<gml:Point gml:id="K2_4632311769_1-g" srsName="fguuid:jgd2011.bl">
<gml:pos>32.693124444 128.677474722</gml:pos>
</gml:Point>
</pos>
<type>標高点（測点）</type>
<alti>358</alti>
</ElevPt>
<ElevPt gml:id="K2_4632311772_1">
<fid>46323-11772-i-4</fid>
<lfSpanFr gml:id="K2_4632311772_1-1">
<gml:timePosition>2015-11-17</gml:timePosition>
</lfSpanFr>
<devDate gml:id="K2_4632311772_1-2">
<gml:timePosition>2024-03-13</gml:timePosition>
</devDate>
<orgGILvl>25000</orgGILvl>
<vis>表示</vis>
<pos>
<gml:Point gml:id="K2_4632311772_1-g" srsName="fguuid:jgd2011.bl">
<gml:pos>32.705063056 128.678393889</gml:pos>
</gml:Point>
</pos>
<type>標高点（測点）</type>
<alti>354</alti>
</ElevPt>
<ElevPt gml:id="K2_4632311778_1">
<fid>46323-11778-i-28</fid>
<lfSpanFr gml:id="K2_4632311778_1-1">
<gml:timePosition>2015-11-17</gml:timePosition>
</lfSpanFr>
<devDate gml:id="K2_4632311778_1-2">
<gml:timePosition>2024-03-13</gml:timePosition>
</devDate>
<orgGILvl>25000</orgGILvl>
<vis>表示</vis>
<pos>
<gml:Point gml:id="K2_4632311778_1-g" srsName="fguuid:jgd2011.bl">
<gml:pos>32.722139444 128.683297778</gml:pos>
</gml:Point>
</pos>
<type>標高点（測点）</type>
<alti>227</alti>
</ElevPt>
<ElevPt gml:id="K2_4632311784_1">
<fid>46323-11784-i-60</fid>
<lfSpanFr gml:id="K2_4632311784_1-1">
<gml:timePosition>2015-11-17</gml:timePosition>
</lfSpanFr>
<devDate gml:id="K2_4632311784_1-2">
<gml:timePosition>2024-03-13</gml:timePosition>
</devDate>
<orgGILvl>25000</orgGILvl>
<vis>表示</vis>
<pos>
<gml:Point gml:id="K2_4632311784_1-g" srsName="fguuid:jgd2011.bl">
<gml:pos>32.738885556 128.682126111</gml:pos>
</gml:Point>
</pos>
<type>標高点（測点）</type>
<alti>30</alti>
</ElevPt>
<ElevPt gml:id="K2_4632311787_1">
<fid>46323-11787-i-97</fid>
<lfSpanFr gml:id="K2_4632311787_1-1">
<gml:timePosition>2015-11-17</gml:timePosition>
</lfSpanFr>
<devDate gml:id="K2_4632311787_1-2">
<gml:timePosition>2024-03-13</gml:timePosition>
</devDate>
<orgGILvl>25000</orgGILvl>
<vis>表示</vis>
<pos>
<gml:Point gml:id="K2_4632311787_1-g" srsName="fguuid:jgd2011.bl">
<gml:pos>32.746267524 128.675039988</gml:pos>
</gml:Point>
</pos>
<type>標高点（測点）</type>
<alti>65</alti>
</ElevPt>
<ElevPt gml:id="K2_4632611760_1">
<fid>46326-11760-i-32</fid>
<lfSpanFr gml:id="K2_4632611760_1-1">
<gml:timePosition>2015-11-17</gml:timePosition>
</lfSpanFr>
<devDate gml:id="K2_4632611760_1-2">
<gml:timePosition>2024-03-13</gml:timePosition>
</devDate>
<orgGILvl>25000</orgGILvl>
<vis>表示</vis>
<pos>
<gml:Point gml:id="K2_4632611760_1-g" srsName="fguuid:jgd2011.bl">
<gml:pos>32.673124167 128.688896389</gml:pos>
</gml:Point>
</pos>
<type>標高点（測点）</type>
<alti>249</alti>
</ElevPt>
<ElevPt gml:id="K2_4632611763_1">
<fid>46326-11763-i-40</fid>
<lfSpanFr gml:id="K2_4632611763_1-1">
<gml:timePosition>2015-11-17</gml:timePosition>
</lfSpanFr>
<devDate gml:id="K2_4632611763_1-2">
<gml:timePosition>2024-03-13</gml:timePosition>
</devDate>
<orgGILvl>25000</orgGILvl>
<vis>表示</vis>
<pos>
<gml:Point gml:id="K2_4632611763_1-g" srsName="fguuid:jgd2011.bl">
<gml:pos>32.682991667 128.689691111</gml:pos>
</gml:Point>
</pos>
<type>標高点（測点）</type>
<alti>29</alti>
</ElevPt>
<ElevPt gml:id="K2_4632611769_1">
<fid>46326-11769-i-8</fid>
<lfSpanFr gml:id="K2_4632611769_1-1">
<gml:timePosition>2015-11-17</gml:timePosition>
</lfSpanFr>
<devDate gml:id="K2_4632611769_1-2">
<gml:timePosition>2024-03-13</gml:timePosition>
</devDate>
<orgGILvl>25000</orgGILvl>
<vis>表示</vis>
<pos>
<gml:Point gml:id="K2_4632611769_1-g" srsName="fguuid:jgd2011.bl">
<gml:pos>32.693776389 128.687695556</gml:pos>
</gml:Point>
</pos>
<type>標高点（測点）</type>
<alti>328</alti>
</ElevPt>
<ElevPt gml:id="K2_4632611775_1">
<fid>46326-11775-i-7</fid>
<lfSpanFr gml:id="K2_4632611775_1-1">
<gml:timePosition>2015-11-17</gml:timePosition>
</lfSpanFr>
<devDate gml:id="K2_4632611775_1-2">
<gml:timePosition>2024-03-13</gml:timePosition>
</devDate>
<orgGILvl>25000</orgGILvl>
<vis>表示</vis>
<pos>
<gml:Point gml:id="K2_4632611775_1-g" srsName="fguuid:jgd2011.bl">
<gml:pos>32.711619167 128.689375833</gml:pos>
</gml:Point>
</pos>
<type>標高点（測点）</type>
<alti>393</alti>
</ElevPt>
<ElevPt gml:id="K2_4632611787_1">
<fid>46326-11787-i-74</fid>
<lfSpanFr gml:id="K2_4632611787_1-1">
<gml:timePosition>2015-11-17</gml:timePosition>
</lfSpanFr>
<devDate gml:id="K2_4632611787_1-2">
<gml:timePosition>2024-03-13</gml:timePosition>
</devDate>
<orgGILvl>25000</orgGILvl>
<vis>表示</vis>
<pos>
<gml:Point gml:id="K2_4632611787_1-g" srsName="fguuid:jgd2011.bl">
<gml:pos>32.744243361 128.689274083</gml:pos>
</gml:Point>
</pos>
<type>標高点（測点）</type>
<alti>26</alti>
</ElevPt>
<ElevPt gml:id="K2_4632911760_1">
<fid>46329-11760-i-19</fid>
<lfSpanFr gml:id="K2_4632911760_1-1">
<gml:timePosition>2015-11-17</gml:timePosition>
</lfSpanFr>
<devDate gml:id="K2_4632911760_1-2">
<gml:timePosition>2024-03-13</gml:timePosition>
</devDate>
<orgGILvl>25000</orgGILvl>
<vis>表示</vis>
<pos>
<gml:Point gml:id="K2_4632911760_1-g" srsName="fguuid:jgd2011.bl">
<gml:pos>32.667438056 128.692696389</gml:pos>
</gml:Point>
</pos>
<type>標高点（測点）</type>
<alti>125</alti>
</ElevPt>
<ElevPt gml:id="K2_4632911763_1">
<fid>46329-11763-i-33</fid>
<lfSpanFr gml:id="K2_4632911763_1-1">
<gml:timePosition>2015-11-17</gml:timePosition>
</lfSpanFr>
<devDate gml:id="K2_4632911763_1-2">
<gml:timePosition>2024-03-13</gml:timePosition>
</devDate>
<orgGILvl>25000</orgGILvl>
<vis>非表示</vis>
<pos>
<gml:Point gml:id="K2_4632911763_1-g" srsName="fguuid:jgd2011.bl">
<gml:pos>32.678531944 128.696853333</gml:pos>
</gml:Point>
</pos>
<type>標高点（測点）</type>
<alti>38</alti>
</ElevPt>
<ElevPt gml:id="K2_4632911766_1">
<fid>46329-11766-i-22</fid>
<lfSpanFr gml:id="K2_4632911766_1-1">
<gml:timePosition>2015-11-17</gml:timePosition>
</lfSpanFr>
<devDate gml:id="K2_4632911766_1-2">
<gml:timePosition>2024-03-13</gml:timePosition>
</devDate>
<orgGILvl>25000</orgGILvl>
<vis>表示</vis>
<pos>
<gml:Point gml:id="K2_4632911766_1-g" srsName="fguuid:jgd2011.bl">
<gml:pos>32.687466944 128.697485556</gml:pos>
</gml:Point>
</pos>
<type>標高点（測点）</type>
<alti>328</alti>
</ElevPt>
<ElevPt gml:id="K2_4632911769_1">
<fid>46329-11769-i-8</fid>
<lfSpanFr gml:id="K2_4632911769_1-1">
<gml:timePosition>2015-11-17</gml:timePosition>
</lfSpanFr>
<devDate gml:id="K2_4632911769_1-2">
<gml:timePosition>2024-03-13</gml:timePosition>
</devDate>
<orgGILvl>25000</orgGILvl>
<vis>表示</vis>
<pos>
<gml:Point gml:id="K2_4632911769_1-g" srsName="fguuid:jgd2011.bl">
<gml:pos>32.692635556 128.693562778</gml:pos>
</gml:Point>
</pos>
<type>標高点（測点）</type>
<alti>354</alti>
</ElevPt>
<ElevPt gml:id="K2_4632911772_1">
<fid>46329-11772-i-3</fid>
<lfSpanFr gml:id="K2_4632911772_1-1">
<gml:timePosition>2015-11-17</gml:timePosition>
</lfSpanFr>
<devDate gml:id="K2_4632911772_1-2">
<gml:timePosition>2024-03-13</gml:timePosition>
</devDate>
<orgGILvl>25000</orgGILvl>
<vis>表示</vis>
<pos>
<gml:Point gml:id="K2_4632911772_1-g" srsName="fguuid:jgd2011.bl">
<gml:pos>32.706806944 128.697733333</gml:pos>
</gml:Point>
</pos>
<type>標高点（測点）</type>
<alti>288</alti>
</ElevPt>
<ElevPt gml:id="K2_4632911778_1">
<fid>46329-11778-i-12</fid>
<lfSpanFr gml:id="K2_4632911778_1-1">
<gml:timePosition>2015-11-17</gml:timePosition>
</lfSpanFr>
<devDate gml:id="K2_4632911778_1-2">
<gml:timePosition>2024-03-13</gml:timePosition>
</devDate>
<orgGILvl>25000</orgGILvl>
<vis>表示</vis>
<pos>
<gml:Point gml:id="K2_4632911778_1-g" srsName="fguuid:jgd2011.bl">
<gml:pos>32.722351111 128.697810278</gml:pos>
</gml:Point>
</pos>
<type>標高点（測点）</type>
<alti>232</alti>
</ElevPt>
<ElevPt gml:id="K2_4632911784_1">
<fid>46329-11784-i-327</fid>
<lfSpanFr gml:id="K2_4632911784_1-1">
<gml:timePosition>2015-11-17</gml:timePosition>
</lfSpanFr>
<devDate gml:id="K2_4632911784_1-2">
<gml:timePosition>2024-03-13</gml:timePosition>
</devDate>
<orgGILvl>25000</orgGILvl>
<vis>表示</vis>
<pos>
<gml:Point gml:id="K2_4632911784_1-g" srsName="fguuid:jgd2011.bl">
<gml:pos>32.737046667 128.696397778</gml:pos>
</gml:Point>
</pos>
<type>標高点（測点）</type>
<alti>9</alti>
</ElevPt>
<ElevPt gml:id="K2_4633211760_1">
<fid>46332-11760-i-7</fid>
<lfSpanFr gml:id="K2_4633211760_1-1">
<gml:timePosition>2015-11-17</gml:timePosition>
</lfSpanFr>
<devDate gml:id="K2_4633211760_1-2">
<gml:timePosition>2024-03-13</gml:timePosition>
</devDate>
<orgGILvl>25000</orgGILvl>
<vis>表示</vis>
<pos>
<gml:Point gml:id="K2_4633211760_1-g" srsName="fguuid:jgd2011.bl">
<gml:pos>32.673507778 128.703728611</gml:pos>
</gml:Point>
</pos>
<type>標高点（測点）</type>
<alti>219</alti>
</ElevPt>
<ElevPt gml:id="K2_4633211766_1">
<fid>46332-11766-i-8</fid>
<lfSpanFr gml:id="K2_4633211766_1-1">
<gml:timePosition>2015-11-17</gml:timePosition>
</lfSpanFr>
<devDate gml:id="K2_4633211766_1-2">
<gml:timePosition>2024-03-13</gml:timePosition>
</devDate>
<orgGILvl>25000</orgGILvl>
<vis>表示</vis>
<pos>
<gml:Point gml:id="K2_4633211766_1-g" srsName="fguuid:jgd2011.bl">
<gml:pos>32.689328611 128.705414167</gml:pos>
</gml:Point>
</pos>
<type>標高点（測点）</type>
<alti>375</alti>
</ElevPt>
<ElevPt gml:id="K2_4633211775_1">
<fid>46332-11775-i-15</fid>
<lfSpanFr gml:id="K2_4633211775_1-1">
<gml:timePosition>2015-11-17</gml:timePosition>
</lfSpanFr>
<devDate gml:id="K2_4633211775_1-2">
<gml:timePosition>2024-03-13</gml:timePosition>
</devDate>
<orgGILvl>25000</orgGILvl>
<vis>表示</vis>
<pos>
<gml:Point gml:id="K2_4633211775_1-g" srsName="fguuid:jgd2011.bl">
<gml:pos>32.715535000 128.704297778</gml:pos>
</gml:Point>
</pos>
<type>標高点（測点）</type>
<alti>411</alti>
</ElevPt>
<ElevPt gml:id="K2_4633211781_1">
<fid>46332-11781-i-25</fid>
<lfSpanFr gml:id="K2_4633211781_1-1">
<gml:timePosition>2015-11-17</gml:timePosition>
</lfSpanFr>
<devDate gml:id="K2_4633211781_1-2">
<gml:timePosition>2024-03-13</gml:timePosition>
</devDate>
<orgGILvl>25000</orgGILvl>
<vis>表示</vis>
<pos>
<gml:Point gml:id="K2_4633211781_1-g" srsName="fguuid:jgd2011.bl">
<gml:pos>32.727923889 128.704128056</gml:pos>
</gml:Point>
</pos>
<type>標高点（測点）</type>
<alti>45</alti>
</ElevPt>
<ElevPt gml:id="K2_4633511760_1">
<fid>46335-11760-i-35</fid>
<lfSpanFr gml:id="K2_4633511760_1-1">
<gml:timePosition>2015-11-17</gml:timePosition>
</lfSpanFr>
<devDate gml:id="K2_4633511760_1-2">
<gml:timePosition>2024-03-13</gml:timePosition>
</devDate>
<orgGILvl>25000</orgGILvl>
<vis>表示</vis>
<pos>
<gml:Point gml:id="K2_4633511760_1-g" srsName="fguuid:jgd2011.bl">
<gml:pos>32.667368056 128.713150000</gml:pos>
</gml:Point>
</pos>
<type>標高点（測点）</type>
<alti>219</alti>
</ElevPt>
<ElevPt gml:id="K2_4633511763_1">
<fid>46335-11763-i-60</fid>
<lfSpanFr gml:id="K2_4633511763_1-1">
<gml:timePosition>2015-11-17</gml:timePosition>
</lfSpanFr>
<devDate gml:id="K2_4633511763_1-2">
<gml:timePosition>2024-03-13</gml:timePosition>
</devDate>
<orgGILvl>25000</orgGILvl>
<vis>表示</vis>
<pos>
<gml:Point gml:id="K2_4633511763_1-g" srsName="fguuid:jgd2011.bl">
<gml:pos>32.680298056 128.714011389</gml:pos>
</gml:Point>
</pos>
<type>標高点（測点）</type>
<alti>120</alti>
</ElevPt>
<ElevPt gml:id="K2_4633511769_1">
<fid>46335-11769-i-66</fid>
<lfSpanFr gml:id="K2_4633511769_1-1">
<gml:timePosition>2015-11-17</gml:timePosition>
</lfSpanFr>
<devDate gml:id="K2_4633511769_1-2">
<gml:timePosition>2024-03-13</gml:timePosition>
</devDate>
<orgGILvl>25000</orgGILvl>
<vis>表示</vis>
<pos>
<gml:Point gml:id="K2_4633511769_1-g" srsName="fguuid:jgd2011.bl">
<gml:pos>32.695983333 128.710139444</gml:pos>
</gml:Point>
</pos>
<type>標高点（測点）</type>
<alti>84</alti>
</ElevPt>
<ElevPt gml:id="K2_4633511775_1">
<fid>46335-11775-i-9</fid>
<lfSpanFr gml:id="K2_4633511775_1-1">
<gml:timePosition>2015-11-17</gml:timePosition>
</lfSpanFr>
<devDate gml:id="K2_4633511775_1-2">
<gml:timePosition>2024-03-13</gml:timePosition>
</devDate>
<orgGILvl>25000</orgGILvl>
<vis>表示</vis>
<pos>
<gml:Point gml:id="K2_4633511775_1-g" srsName="fguuid:jgd2011.bl">
<gml:pos>32.715294722 128.715939444</gml:pos>
</gml:Point>
</pos>
<type>標高点（測点）</type>
<alti>105</alti>
</ElevPt>
<ElevPt gml:id="K2_4633511781_1">
<fid>46335-11781-i-46</fid>
<lfSpanFr gml:id="K2_4633511781_1-1">
<gml:timePosition>2015-11-17</gml:timePosition>
</lfSpanFr>
<devDate gml:id="K2_4633511781_1-2">
<gml:timePosition>2024-03-13</gml:timePosition>
</devDate>
<orgGILvl>25000</orgGILvl>
<vis>表示</vis>
<pos>
<gml:Point gml:id="K2_4633511781_1-g" srsName="fguuid:jgd2011.bl">
<gml:pos>32.732961389 128.708344167</gml:pos>
</gml:Point>
</pos>
<type>標高点（測点）</type>
<alti>238</alti>
</ElevPt>
<ElevPt gml:id="K2_4633511781_2">
<fid>46335-11781-i-47</fid>
<lfSpanFr gml:id="K2_4633511781_2-1">
<gml:timePosition>2015-11-17</gml:timePosition>
</lfSpanFr>
<devDate gml:id="K2_4633511781_2-2">
<gml:timePosition>2024-03-13</gml:timePosition>
</devDate>
<orgGILvl>25000</orgGILvl>
<vis>表示</vis>
<pos>
<gml:Point gml:id="K2_4633511781_2-g" srsName="fguuid:jgd2011.bl">
<gml:pos>32.727678333 128.714486389</gml:pos>
</gml:Point>
</pos>
<type>標高点（測点）</type>
<alti>30</alti>
</ElevPt>
<ElevPt gml:id="K2_4633511784_1">
<fid>46335-11784-i-35</fid>
<lfSpanFr gml:id="K2_4633511784_1-1">
<gml:timePosition>2015-11-17</gml:timePosition>
</lfSpanFr>
<devDate gml:id="K2_4633511784_1-2">
<gml:timePosition>2024-03-13</gml:timePosition>
</devDate>
<orgGILvl>25000</orgGILvl>
<vis>表示</vis>
<pos>
<gml:Point gml:id="K2_4633511784_1-g" srsName="fguuid:jgd2011.bl">
<gml:pos>32.737578056 128.713473889</gml:pos>
</gml:Point>
</pos>
<type>標高点（測点）</type>
<alti>141</alti>
</ElevPt>
<ElevPt gml:id="K2_4633511787_1">
<fid>46335-11787-i-7</fid>
<lfSpanFr gml:id="K2_4633511787_1-1">
<gml:timePosition>2015-11-17</gml:timePosition>
</lfSpanFr>
<devDate gml:id="K2_4633511787_1-2">
<gml:timePosition>2024-03-13</gml:timePosition>
</devDate>
<orgGILvl>25000</orgGILvl>
<vis>表示</vis>
<pos>
<gml:Point gml:id="K2_4633511787_1-g" srsName="fguuid:jgd2011.bl">
<gml:pos>32.748040278 128.708682222</gml:pos>
</gml:Point>
</pos>
<type>標高点（測点）</type>
<alti>58</alti>
</ElevPt>
<ElevPt gml:id="K2_4633811760_1">
<fid>46338-11760-i-191</fid>
<lfSpanFr gml:id="K2_4633811760_1-1">
<gml:timePosition>2015-11-17</gml:timePosition>
</lfSpanFr>
<devDate gml:id="K2_4633811760_1-2">
<gml:timePosition>2024-03-13</gml:timePosition>
</devDate>
<orgGILvl>25000</orgGILvl>
<vis>表示</vis>
<pos>
<gml:Point gml:id="K2_4633811760_1-g" srsName="fguuid:jgd2011.bl">
<gml:pos>32.667888524 128.723191884</gml:pos>
</gml:Point>
</pos>
<type>標高点（測点）</type>
<alti>79</alti>
</ElevPt>
<ElevPt gml:id="K2_4633811769_1">
<fid>46338-11769-i-118</fid>
<lfSpanFr gml:id="K2_4633811769_1-1">
<gml:timePosition>2015-11-17</gml:timePosition>
</lfSpanFr>
<devDate gml:id="K2_4633811769_1-2">
<gml:timePosition>2024-03-13</gml:timePosition>
</devDate>
<orgGILvl>25000</orgGILvl>
<vis>表示</vis>
<pos>
<gml:Point gml:id="K2_4633811769_1-g" srsName="fguuid:jgd2011.bl">
<gml:pos>32.696814444 128.724400833</gml:pos>
</gml:Point>
</pos>
<type>標高点（測点）</type>
<alti>64</alti>
</ElevPt>
<ElevPt gml:id="K2_4633811772_1">
<fid>46338-11772-i-93</fid>
<lfSpanFr gml:id="K2_4633811772_1-1">
<gml:timePosition>2015-11-17</gml:timePosition>
</lfSpanFr>
<devDate gml:id="K2_4633811772_1-2">
<gml:timePosition>2024-03-13</gml:timePosition>
</devDate>
<orgGILvl>25000</orgGILvl>
<vis>表示</vis>
<pos>
<gml:Point gml:id="K2_4633811772_1-g" srsName="fguuid:jgd2011.bl">
<gml:pos>32.704144722 128.723656389</gml:pos>
</gml:Point>
</pos>
<type>標高点（測点）</type>
<alti>109</alti>
</ElevPt>
<ElevPt gml:id="K2_4633811775_1">
<fid>46338-11775-i-19</fid>
<lfSpanFr gml:id="K2_4633811775_1-1">
<gml:timePosition>2015-11-17</gml:timePosition>
</lfSpanFr>
<devDate gml:id="K2_4633811775_1-2">
<gml:timePosition>2024-03-13</gml:timePosition>
</devDate>
<orgGILvl>25000</orgGILvl>
<vis>表示</vis>
<pos>
<gml:Point gml:id="K2_4633811775_1-g" srsName="fguuid:jgd2011.bl">
<gml:pos>32.710398889 128.720531667</gml:pos>
</gml:Point>
</pos>
<type>標高点（測点）</type>
<alti>205</alti>
</ElevPt>
<ElevPt gml:id="K2_4633811778_1">
<fid>46338-11778-i-79</fid>
<lfSpanFr gml:id="K2_4633811778_1-1">
<gml:timePosition>2015-11-17</gml:timePosition>
</lfSpanFr>
<devDate gml:id="K2_4633811778_1-2">
<gml:timePosition>2024-03-13</gml:timePosition>
</devDate>
<orgGILvl>25000</orgGILvl>
<vis>表示</vis>
<pos>
<gml:Point gml:id="K2_4633811778_1-g" srsName="fguuid:jgd2011.bl">
<gml:pos>32.721044444 128.719955556</gml:pos>
</gml:Point>
</pos>
<type>標高点（測点）</type>
<alti>58</alti>
</ElevPt>
<ElevPt gml:id="K2_4633811781_1">
<fid>46338-11781-i-54</fid>
<lfSpanFr gml:id="K2_4633811781_1-1">
<gml:timePosition>2015-11-17</gml:timePosition>
</lfSpanFr>
<devDate gml:id="K2_4633811781_1-2">
<gml:timePosition>2024-03-13</gml:timePosition>
</devDate>
<orgGILvl>25000</orgGILvl>
<vis>表示</vis>
<pos>
<gml:Point gml:id="K2_4633811781_1-g" srsName="fguuid:jgd2011.bl">
<gml:pos>32.730040556 128.723020000</gml:pos>
</gml:Point>
</pos>
<type>標高点（測点）</type>
<alti>169</alti>
</ElevPt>
<ElevPt gml:id="K2_4633811784_1">
<fid>46338-11784-i-88</fid>
<lfSpanFr gml:id="K2_4633811784_1-1">
<gml:timePosition>2015-11-17</gml:timePosition>
</lfSpanFr>
<devDate gml:id="K2_4633811784_1-2">
<gml:timePosition>2024-03-13</gml:timePosition>
</devDate>
<orgGILvl>25000</orgGILvl>
<vis>表示</vis>
<pos>
<gml:Point gml:id="K2_4633811784_1-g" srsName="fguuid:jgd2011.bl">
<gml:pos>32.733418889 128.719212222</gml:pos>
</gml:Point>
</pos>
<type>標高点（測点）</type>
<alti>16</alti>
</ElevPt>
<ElevPt gml:id="K2_4633811787_1">
<fid>46338-11787-i-24</fid>
<lfSpanFr gml:id="K2_4633811787_1-1">
<gml:timePosition>2015-11-17</gml:timePosition>
</lfSpanFr>
<devDate gml:id="K2_4633811787_1-2">
<gml:timePosition>2024-03-13</gml:timePosition>
</devDate>
<orgGILvl>25000</orgGILvl>
<vis>表示</vis>
<pos>
<gml:Point gml:id="K2_4633811787_1-g" srsName="fguuid:jgd2011.bl">
<gml:pos>32.742808056 128.723466111</gml:pos>
</gml:Point>
</pos>
<type>標高点（測点）</type>
<alti>151</alti>
</ElevPt>
<ElevPt gml:id="K2_4634111760_1">
<fid>46341-11760-i-129</fid>
<lfSpanFr gml:id="K2_4634111760_1-1">
<gml:timePosition>2015-11-17</gml:timePosition>
</lfSpanFr>
<devDate gml:id="K2_4634111760_1-2">
<gml:timePosition>2024-03-13</gml:timePosition>
</devDate>
<orgGILvl>25000</orgGILvl>
<vis>表示</vis>
<pos>
<gml:Point gml:id="K2_4634111760_1-g" srsName="fguuid:jgd2011.bl">
<gml:pos>32.674310000 128.726712222</gml:pos>
</gml:Point>
</pos>
<type>標高点（測点）</type>
<alti>69</alti>
</ElevPt>
<ElevPt gml:id="K2_4634111763_1">
<fid>46341-11763-i-115</fid>
<lfSpanFr gml:id="K2_4634111763_1-1">
<gml:timePosition>2015-11-17</gml:timePosition>
</lfSpanFr>
<devDate gml:id="K2_4634111763_1-2">
<gml:timePosition>2024-03-13</gml:timePosition>
</devDate>
<orgGILvl>25000</orgGILvl>
<vis>表示</vis>
<pos>
<gml:Point gml:id="K2_4634111763_1-g" srsName="fguuid:jgd2011.bl">
<gml:pos>32.682395278 128.726751944</gml:pos>
</gml:Point>
</pos>
<type>標高点（測点）</type>
<alti>67</alti>
</ElevPt>
<ElevPt gml:id="K2_4634111766_1">
<fid>46341-11766-i-120</fid>
<lfSpanFr gml:id="K2_4634111766_1-1">
<gml:timePosition>2015-11-17</gml:timePosition>
</lfSpanFr>
<devDate gml:id="K2_4634111766_1-2">
<gml:timePosition>2024-03-13</gml:timePosition>
</devDate>
<orgGILvl>25000</orgGILvl>
<vis>表示</vis>
<pos>
<gml:Point gml:id="K2_4634111766_1-g" srsName="fguuid:jgd2011.bl">
<gml:pos>32.688212222 128.732043056</gml:pos>
</gml:Point>
</pos>
<type>標高点（測点）</type>
<alti>72</alti>
</ElevPt>
<ElevPt gml:id="K2_4634111772_1">
<fid>46341-11772-i-91</fid>
<lfSpanFr gml:id="K2_4634111772_1-1">
<gml:timePosition>2015-11-17</gml:timePosition>
</lfSpanFr>
<devDate gml:id="K2_4634111772_1-2">
<gml:timePosition>2024-03-13</gml:timePosition>
</devDate>
<orgGILvl>25000</orgGILvl>
<vis>表示</vis>
<pos>
<gml:Point gml:id="K2_4634111772_1-g" srsName="fguuid:jgd2011.bl">
<gml:pos>32.703359722 128.732758611</gml:pos>
</gml:Point>
</pos>
<type>標高点（測点）</type>
<alti>60</alti>
</ElevPt>
<ElevPt gml:id="K2_4634111784_1">
<fid>46341-11784-i-99</fid>
<lfSpanFr gml:id="K2_4634111784_1-1">
<gml:timePosition>2015-11-17</gml:timePosition>
</lfSpanFr>
<devDate gml:id="K2_4634111784_1-2">
<gml:timePosition>2024-03-13</gml:timePosition>
</devDate>
<orgGILvl>25000</orgGILvl>
<vis>表示</vis>
<pos>
<gml:Point gml:id="K2_4634111784_1-g" srsName="fguuid:jgd2011.bl">
<gml:pos>32.735042222 128.732100833</gml:pos>
</gml:Point>
</pos>
<type>標高点（測点）</type>
<alti>42</alti>
</ElevPt>
<ElevPt gml:id="K2_4634111784_2">
<fid>46341-11784-i-100</fid>
<lfSpanFr gml:id="K2_4634111784_2-1">
<gml:timePosition>2015-11-17</gml:timePosition>
</lfSpanFr>
<devDate gml:id="K2_4634111784_2-2">
<gml:timePosition>2024-03-13</gml:timePosition>
</devDate>
<orgGILvl>25000</orgGILvl>
<vis>表示</vis>
<pos>
<gml:Point gml:id="K2_4634111784_2-g" srsName="fguuid:jgd2011.bl">
<gml:pos>32.736566111 128.728128611</gml:pos>
</gml:Point>
</pos>
<type>標高点（測点）</type>
<alti>8</alti>
</ElevPt>
<ElevPt gml:id="K2_4634111787_1">
<fid>46341-11787-i-36</fid>
<lfSpanFr gml:id="K2_4634111787_1-1">
<gml:timePosition>2015-11-17</gml:timePosition>
</lfSpanFr>
<devDate gml:id="K2_4634111787_1-2">
<gml:timePosition>2024-03-13</gml:timePosition>
</devDate>
<orgGILvl>25000</orgGILvl>
<vis>表示</vis>
<pos>
<gml:Point gml:id="K2_4634111787_1-g" srsName="fguuid:jgd2011.bl">
<gml:pos>32.741810556 128.731590833</gml:pos>
</gml:Point>
</pos>
<type>標高点（測点）</type>
<alti>143</alti>
</ElevPt>
<ElevPt gml:id="K2_4634411769_1">
<fid>46344-11769-i-122</fid>
<lfSpanFr gml:id="K2_4634411769_1-1">
<gml:timePosition>2015-11-17</gml:timePosition>
</lfSpanFr>
<devDate gml:id="K2_4634411769_1-2">
<gml:timePosition>2024-03-13</gml:timePosition>
</devDate>
<orgGILvl>25000</orgGILvl>
<vis>表示</vis>
<pos>
<gml:Point gml:id="K2_4634411769_1-g" srsName="fguuid:jgd2011.bl">
<gml:pos>32.699859722 128.739691111</gml:pos>
</gml:Point>
</pos>
<type>標高点（測点）</type>
<alti>218</alti>
</ElevPt>
<ElevPt gml:id="K2_4634411775_1">
<fid>46344-11775-i-127</fid>
<lfSpanFr gml:id="K2_4634411775_1-1">
<gml:timePosition>2015-11-17</gml:timePosition>
</lfSpanFr>
<devDate gml:id="K2_4634411775_1-2">
<gml:timePosition>2024-03-13</gml:timePosition>
</devDate>
<orgGILvl>25000</orgGILvl>
<vis>表示</vis>
<pos>
<gml:Point gml:id="K2_4634411775_1-g" srsName="fguuid:jgd2011.bl">
<gml:pos>32.710666389 128.736329167</gml:pos>
</gml:Point>
</pos>
<type>標高点（測点）</type>
<alti>148</alti>
</ElevPt>
<ElevPt gml:id="K2_4634411775_2">
<fid>46344-11775-i-128</fid>
<lfSpanFr gml:id="K2_4634411775_2-1">
<gml:timePosition>2015-11-17</gml:timePosition>
</lfSpanFr>
<devDate gml:id="K2_4634411775_2-2">
<gml:timePosition>2024-03-13</gml:timePosition>
</devDate>
<orgGILvl>25000</orgGILvl>
<vis>表示</vis>
<pos>
<gml:Point gml:id="K2_4634411775_2-g" srsName="fguuid:jgd2011.bl">
<gml:pos>32.715847500 128.737702222</gml:pos>
</gml:Point>
</pos>
<type>標高点（測点）</type>
<alti>70</alti>
</ElevPt>
<ElevPt gml:id="K2_4634411778_1">
<fid>46344-11778-i-123</fid>
<lfSpanFr gml:id="K2_4634411778_1-1">
<gml:timePosition>2015-11-17</gml:timePosition>
</lfSpanFr>
<devDate gml:id="K2_4634411778_1-2">
<gml:timePosition>2024-03-13</gml:timePosition>
</devDate>
<orgGILvl>25000</orgGILvl>
<vis>表示</vis>
<pos>
<gml:Point gml:id="K2_4634411778_1-g" srsName="fguuid:jgd2011.bl">
<gml:pos>32.722413333 128.738527778</gml:pos>
</gml:Point>
</pos>
<type>標高点（測点）</type>
<alti>86</alti>
</ElevPt>
<ElevPt gml:id="K2_4634411781_1">
<fid>46344-11781-i-68</fid>
<lfSpanFr gml:id="K2_4634411781_1-1">
<gml:timePosition>2015-11-17</gml:timePosition>
</lfSpanFr>
<devDate gml:id="K2_4634411781_1-2">
<gml:timePosition>2024-03-13</gml:timePosition>
</devDate>
<orgGILvl>25000</orgGILvl>
<vis>表示</vis>
<pos>
<gml:Point gml:id="K2_4634411781_1-g" srsName="fguuid:jgd2011.bl">
<gml:pos>32.729129167 128.736429444</gml:pos>
</gml:Point>
</pos>
<type>標高点（測点）</type>
<alti>134</alti>
</ElevPt>
<ElevPt gml:id="K2_4634411784_1">
<fid>46344-11784-i-60</fid>
<lfSpanFr gml:id="K2_4634411784_1-1">
<gml:timePosition>2015-11-17</gml:timePosition>
</lfSpanFr>
<devDate gml:id="K2_4634411784_1-2">
<gml:timePosition>2024-03-13</gml:timePosition>
</devDate>
<orgGILvl>25000</orgGILvl>
<vis>表示</vis>
<pos>
<gml:Point gml:id="K2_4634411784_1-g" srsName="fguuid:jgd2011.bl">
<gml:pos>32.738560556 128.738841111</gml:pos>
</gml:Point>
</pos>
<type>標高点（測点）</type>
<alti>2</alti>
</ElevPt>
<ElevPt gml:id="K2_4634411787_1">
<fid>46344-11787-i-41</fid>
<lfSpanFr gml:id="K2_4634411787_1-1">
<gml:timePosition>2015-11-17</gml:timePosition>
</lfSpanFr>
<devDate gml:id="K2_4634411787_1-2">
<gml:timePosition>2024-03-13</gml:timePosition>
</devDate>
<orgGILvl>25000</orgGILvl>
<vis>表示</vis>
<pos>
<gml:Point gml:id="K2_4634411787_1-g" srsName="fguuid:jgd2011.bl">
<gml:pos>32.749443333 128.739831389</gml:pos>
</gml:Point>
</pos>
<type>標高点（測点）</type>
<alti>41</alti>
</ElevPt>
<ElevPt gml:id="K2_4634711760_1">
<fid>46347-11760-i-64</fid>
<lfSpanFr gml:id="K2_4634711760_1-1">
<gml:timePosition>2015-11-17</gml:timePosition>
</lfSpanFr>
<devDate gml:id="K2_4634711760_1-2">
<gml:timePosition>2024-03-13</gml:timePosition>
</devDate>
<orgGILvl>25000</orgGILvl>
<vis>表示</vis>
<pos>
<gml:Point gml:id="K2_4634711760_1-g" srsName="fguuid:jgd2011.bl">
<gml:pos>32.672606389 128.742263056</gml:pos>
</gml:Point>
</pos>
<type>標高点（測点）</type>
<alti>100</alti>
</ElevPt>
<ElevPt gml:id="K2_4634711766_1">
<fid>46347-11766-i-42</fid>
<lfSpanFr gml:id="K2_4634711766_1-1">
<gml:timePosition>2015-11-17</gml:timePosition>
</lfSpanFr>
<devDate gml:id="K2_4634711766_1-2">
<gml:timePosition>2024-03-13</gml:timePosition>
</devDate>
<orgGILvl>25000</orgGILvl>
<vis>表示</vis>
<pos>
<gml:Point gml:id="K2_4634711766_1-g" srsName="fguuid:jgd2011.bl">
<gml:pos>32.687390278 128.741820000</gml:pos>
</gml:Point>
</pos>
<type>標高点（測点）</type>
<alti>185</alti>
</ElevPt>
<ElevPt gml:id="K2_4634711775_1">
<fid>46347-11775-i-55</fid>
<lfSpanFr gml:id="K2_4634711775_1-1">
<gml:timePosition>2015-11-17</gml:timePosition>
</lfSpanFr>
<devDate gml:id="K2_4634711775_1-2">
<gml:timePosition>2024-03-13</gml:timePosition>
</devDate>
<orgGILvl>25000</orgGILvl>
<vis>表示</vis>
<pos>
<gml:Point gml:id="K2_4634711775_1-g" srsName="fguuid:jgd2011.bl">
<gml:pos>32.711950833 128.742697778</gml:pos>
</gml:Point>
</pos>
<type>標高点（測点）</type>
<alti>96</alti>
</ElevPt>
<ElevPt gml:id="K2_4634711778_1">
<fid>46347-11778-i-41</fid>
<lfSpanFr gml:id="K2_4634711778_1-1">
<gml:timePosition>2015-11-17</gml:timePosition>
</lfSpanFr>
<devDate gml:id="K2_4634711778_1-2">
<gml:timePosition>2024-03-13</gml:timePosition>
</devDate>
<orgGILvl>25000</orgGILvl>
<vis>表示</vis>
<pos>
<gml:Point gml:id="K2_4634711778_1-g" srsName="fguuid:jgd2011.bl">
<gml:pos>32.719533333 128.743492500</gml:pos>
</gml:Point>
</pos>
<type>標高点（測点）</type>
<alti>71</alti>
</ElevPt>
<ElevPt gml:id="K2_4634711781_1">
<fid>46347-11781-i-126</fid>
<lfSpanFr gml:id="K2_4634711781_1-1">
<gml:timePosition>2015-11-17</gml:timePosition>
</lfSpanFr>
<devDate gml:id="K2_4634711781_1-2">
<gml:timePosition>2024-03-13</gml:timePosition>
</devDate>
<orgGILvl>25000</orgGILvl>
<vis>表示</vis>
<pos>
<gml:Point gml:id="K2_4634711781_1-g" srsName="fguuid:jgd2011.bl">
<gml:pos>32.726607778 128.743484167</gml:pos>
</gml:Point>
</pos>
<type>標高点（測点）</type>
<alti>84</alti>
</ElevPt>
<ElevPt gml:id="K2_4634711784_1">
<fid>46347-11784-i-107</fid>
<lfSpanFr gml:id="K2_4634711784_1-1">
<gml:timePosition>2015-11-17</gml:timePosition>
</lfSpanFr>
<devDate gml:id="K2_4634711784_1-2">
<gml:timePosition>2024-03-13</gml:timePosition>
</devDate>
<orgGILvl>25000</orgGILvl>
<vis>表示</vis>
<pos>
<gml:Point gml:id="K2_4634711784_1-g" srsName="fguuid:jgd2011.bl">
<gml:pos>32.734485278 128.744123056</gml:pos>
</gml:Point>
</pos>
<type>標高点（測点）</type>
<alti>105</alti>
</ElevPt>
<ElevPt gml:id="K2_4634711784_2">
<fid>46347-11784-i-108</fid>
<lfSpanFr gml:id="K2_4634711784_2-1">
<gml:timePosition>2015-11-17</gml:timePosition>
</lfSpanFr>
<devDate gml:id="K2_4634711784_2-2">
<gml:timePosition>2024-03-13</gml:timePosition>
</devDate>
<orgGILvl>25000</orgGILvl>
<vis>表示</vis>
<pos>
<gml:Point gml:id="K2_4634711784_2-g" srsName="fguuid:jgd2011.bl">
<gml:pos>32.741138056 128.745984722</gml:pos>
</gml:Point>
</pos>
<type>標高点（測点）</type>
<alti>186</alti>
</ElevPt>
</Dataset>
