<?xml version="1.0" encoding="utf-8"?>
<Dataset xsi:schemaLocation="http://fgd.gsi.go.jp/spec/2008/FGD_GMLSchema FGD_GMLSchema.xsd"
	xmlns:gml="http://www.opengis.net/gml/3.2"
	xmlns:xsi="http://www.w3.org/2001/XMLSchema-instance"
	xmlns:xlink="http://www.w3.org/1999/xlink"
	xmlns="http://fgd.gsi.go.jp/spec/2008/FGD_GMLSchema"
	gml:id="Dataset1">
  <gml:description>基盤地図情報メタデータ ID=fmdid:24-0401</gml:description>
  <gml:name>基盤地図情報ダウンロードデータ（GML版）</gml:name>
<GCP gml:id="K1_492805_1">
<fid>10-00100-0-2303-145099</fid>
<lfSpanFr gml:id="K1_492805_1-1">
<gml:timePosition>2024-03-06</gml:timePosition>
</lfSpanFr>
<devDate gml:id="K1_492805_1-2">
<gml:timePosition>2024-03-13</gml:timePosition>
</devDate>
<orgGILvl>SJ12</orgGILvl>
<vis>表示</vis>
<pos>
<gml:Point gml:id="K1_492805_1-g" srsName="fguuid:jgd2011.bl">
<gml:pos>32.673218667 128.678938417</gml:pos>
</gml:Point>
</pos>
<orgName>国土地理院</orgName>
<type>水準点</type>
<gcpClass>二等水準点</gcpClass>
<gcpCode>L020000010541</gcpCode>
<name>１０５４１</name>
<B>117623.5872</B>
<L>463244.1783</L>
<alti>3.476</alti>
<altiAcc>3</altiAcc>
</GCP>
<GCP gml:id="K1_492805_2">
<fid>10-00100-0-2303-145100</fid>
<lfSpanFr gml:id="K1_492805_2-1">
<gml:timePosition>2024-03-06</gml:timePosition>
</lfSpanFr>
<devDate gml:id="K1_492805_2-2">
<gml:timePosition>2024-03-13</gml:timePosition>
</devDate>
<orgGILvl>SJ12</orgGILvl>
<vis>表示</vis>
<pos>
<gml:Point gml:id="K1_492805_2-g" srsName="fguuid:jgd2011.bl">
<gml:pos>32.717169444 128.658002778</gml:pos>
</gml:Point>
</pos>
<orgName>国土地理院</orgName>
<type>水準点</type>
<gcpClass>二等水準点</gcpClass>
<gcpCode>L020000010542</gcpCode>
<name>１０５４２</name>
<B>117781.81</B>
<L>463168.81</L>
<alti>8.74</alti>
<altiAcc>3</altiAcc>
</GCP>
<GCP gml:id="K1_492805_3">
<fid>10-00100-0-2303-145103</fid>
<lfSpanFr gml:id="K1_492805_3-1">
<gml:timePosition>2024-03-06</gml:timePosition>
</lfSpanFr>
<devDate gml:id="K1_492805_3-2">
<gml:timePosition>2024-03-13</gml:timePosition>
</devDate>
<orgGILvl>SJ12</orgGILvl>
<vis>表示</vis>
<pos>
<gml:Point gml:id="K1_492805_3-g" srsName="fguuid:jgd2011.bl">
<gml:pos>32.737711528 128.726775361</gml:pos>
</gml:Point>
</pos>
<orgName>国土地理院</orgName>
<type>水準点</type>
<gcpClass>二等水準点</gcpClass>
<gcpCode>L020000010545</gcpCode>
<name>１０５４５</name>
<B>117855.7615</B>
<L>463416.3913</L>
<alti>4.308</alti>
<altiAcc>3</altiAcc>
</GCP>
<GCP gml:id="K1_492805_4">
<fid>10-00100-0-2303-145107</fid>
<lfSpanFr gml:id="K1_492805_4-1">
<gml:timePosition>2024-03-06</gml:timePosition>
</lfSpanFr>
<devDate gml:id="K1_492805_4-2">
<gml:timePosition>2024-03-13</gml:timePosition>
</devDate>
<orgGILvl>SJ12</orgGILvl>
<vis>表示</vis>
<pos>
<gml:Point gml:id="K1_492805_4-g" srsName="fguuid:jgd2011.bl">
<gml:pos>32.674324417 128.737819611</gml:pos>
</gml:Point>
</pos>
<orgName>国土地理院</orgName>
<type>水準点</type>
<gcpClass>二等水準点</gcpClass>
<gcpCode>L020000010549</gcpCode>
<name>１０５４９</name>
<B>117627.5679</B>
<L>463456.1506</L>
<alti>70.127</alti>
<altiAcc>3</altiAcc>
</GCP>
<GCP gml:id="K1_492805_5">
<fid>10-00100-0-2303-152153</fid>
<lfSpanFr gml:id="K1_492805_5-1">
<gml:timePosition>2024-03-06</gml:timePosition>
</lfSpanFr>
<devDate gml:id="K1_492805_5-2">
<gml:timePosition>2024-03-13</gml:timePosition>
</devDate>
<orgGILvl>KJ12</orgGILvl>
<vis>表示</vis>
<pos>
<gml:Point gml:id="K1_492805_5-g" srsName="fguuid:jgd2011.bl">
<gml:pos>32.698195139 128.681048250</gml:pos>
</gml:Point>
</pos>
<orgName>国土地理院</orgName>
<type>三角点</type>
<gcpClass>二等三角点</gcpClass>
<gcpCode>TR24928053401</gcpCode>
<name>父ヶ岳</name>
<B>117713.5025</B>
<L>463251.7737</L>
<alti>460.36</alti>
<altiAcc>2</altiAcc>
</GCP>
<GCP gml:id="K1_492805_6">
<fid>10-00100-0-2303-158653</fid>
<lfSpanFr gml:id="K1_492805_6-1">
<gml:timePosition>2024-03-06</gml:timePosition>
</lfSpanFr>
<devDate gml:id="K1_492805_6-2">
<gml:timePosition>2024-03-13</gml:timePosition>
</devDate>
<orgGILvl>KJ13</orgGILvl>
<vis>表示</vis>
<pos>
<gml:Point gml:id="K1_492805_6-g" srsName="fguuid:jgd2011.bl">
<gml:pos>32.669721833 128.737340083</gml:pos>
</gml:Point>
</pos>
<orgName>国土地理院</orgName>
<type>三角点</type>
<gcpClass>三等三角点</gcpClass>
<gcpCode>TR34928050801</gcpCode>
<name>仁田</name>
<B>117610.9986</B>
<L>463454.4243</L>
<alti>91.95</alti>
<altiAcc>2</altiAcc>
</GCP>
<GCP gml:id="K1_492805_7">
<fid>10-00100-0-2303-158654</fid>
<lfSpanFr gml:id="K1_492805_7-1">
<gml:timePosition>2024-03-06</gml:timePosition>
</lfSpanFr>
<devDate gml:id="K1_492805_7-2">
<gml:timePosition>2024-03-13</gml:timePosition>
</devDate>
<orgGILvl>KJ13</orgGILvl>
<vis>表示</vis>
<pos>
<gml:Point gml:id="K1_492805_7-g" srsName="fguuid:jgd2011.bl">
<gml:pos>32.682689167 128.705735944</gml:pos>
</gml:Point>
</pos>
<orgName>国土地理院</orgName>
<type>三角点</type>
<gcpClass>三等三角点</gcpClass>
<gcpCode>TR34928051601</gcpCode>
<name>七岳</name>
<B>117657.681</B>
<L>463340.6494</L>
<alti>431.12</alti>
<altiAcc>2</altiAcc>
</GCP>
<GCP gml:id="K1_492805_8">
<fid>10-00100-0-2303-158655</fid>
<lfSpanFr gml:id="K1_492805_8-1">
<gml:timePosition>2024-03-06</gml:timePosition>
</lfSpanFr>
<devDate gml:id="K1_492805_8-2">
<gml:timePosition>2024-03-13</gml:timePosition>
</devDate>
<orgGILvl>KJ13</orgGILvl>
<vis>表示</vis>
<pos>
<gml:Point gml:id="K1_492805_8-g" srsName="fguuid:jgd2011.bl">
<gml:pos>32.697090639 128.652152750</gml:pos>
</gml:Point>
</pos>
<orgName>国土地理院</orgName>
<type>三角点</type>
<gcpClass>三等三角点</gcpClass>
<gcpCode>TR34928053201</gcpCode>
<name>野畠</name>
<B>117709.5263</B>
<L>463147.7499</L>
<alti>226.23</alti>
<altiAcc>2</altiAcc>
</GCP>
<GCP gml:id="K1_492805_9">
<fid>10-00100-0-2303-158656</fid>
<lfSpanFr gml:id="K1_492805_9-1">
<gml:timePosition>2024-03-06</gml:timePosition>
</lfSpanFr>
<devDate gml:id="K1_492805_9-2">
<gml:timePosition>2024-03-13</gml:timePosition>
</devDate>
<orgGILvl>KJ13</orgGILvl>
<vis>表示</vis>
<pos>
<gml:Point gml:id="K1_492805_9-g" srsName="fguuid:jgd2011.bl">
<gml:pos>32.693850667 128.732251917</gml:pos>
</gml:Point>
</pos>
<orgName>国土地理院</orgName>
<type>三角点</type>
<gcpClass>三等三角点</gcpClass>
<gcpCode>TR34928053801</gcpCode>
<name>中野</name>
<B>117697.8624</B>
<L>463436.1069</L>
<alti>161.74</alti>
<altiAcc>2</altiAcc>
</GCP>
<GCP gml:id="K1_492805_10">
<fid>10-00100-0-2303-158657</fid>
<lfSpanFr gml:id="K1_492805_10-1">
<gml:timePosition>2024-03-06</gml:timePosition>
</lfSpanFr>
<devDate gml:id="K1_492805_10-2">
<gml:timePosition>2024-03-13</gml:timePosition>
</devDate>
<orgGILvl>KJ13</orgGILvl>
<vis>表示</vis>
<pos>
<gml:Point gml:id="K1_492805_10-g" srsName="fguuid:jgd2011.bl">
<gml:pos>32.720628556 128.729407389</gml:pos>
</gml:Point>
</pos>
<orgName>国土地理院</orgName>
<type>三角点</type>
<gcpClass>三等三角点</gcpClass>
<gcpCode>TR34928056801</gcpCode>
<name>白木</name>
<B>117794.2628</B>
<L>463425.8666</L>
<alti>200.89</alti>
<altiAcc>2</altiAcc>
</GCP>
<GCP gml:id="K1_492805_11">
<fid>10-00100-0-2303-158658</fid>
<lfSpanFr gml:id="K1_492805_11-1">
<gml:timePosition>2024-03-06</gml:timePosition>
</lfSpanFr>
<devDate gml:id="K1_492805_11-2">
<gml:timePosition>2024-03-13</gml:timePosition>
</devDate>
<orgGILvl>KJ13</orgGILvl>
<vis>表示</vis>
<pos>
<gml:Point gml:id="K1_492805_11-g" srsName="fguuid:jgd2011.bl">
<gml:pos>32.730311694 128.694125111</gml:pos>
</gml:Point>
</pos>
<orgName>国土地理院</orgName>
<type>三角点</type>
<gcpClass>三等三角点</gcpClass>
<gcpCode>TR34928057501</gcpCode>
<name>横山</name>
<B>117829.1221</B>
<L>463298.8504</L>
<alti>237.88</alti>
<altiAcc>2</altiAcc>
</GCP>
<GCP gml:id="K1_492805_12">
<fid>10-00100-0-2303-158659</fid>
<lfSpanFr gml:id="K1_492805_12-1">
<gml:timePosition>2024-03-06</gml:timePosition>
</lfSpanFr>
<devDate gml:id="K1_492805_12-2">
<gml:timePosition>2024-03-13</gml:timePosition>
</devDate>
<orgGILvl>KJ13</orgGILvl>
<vis>表示</vis>
<pos>
<gml:Point gml:id="K1_492805_12-g" srsName="fguuid:jgd2011.bl">
<gml:pos>32.735480944 128.651373639</gml:pos>
</gml:Point>
</pos>
<orgName>国土地理院</orgName>
<type>三角点</type>
<gcpClass>三等三角点</gcpClass>
<gcpCode>TR34928058201</gcpCode>
<name>馬場</name>
<B>117847.7314</B>
<L>463144.9451</L>
<alti>16.97</alti>
<altiAcc>2</altiAcc>
</GCP>
<GCP gml:id="K1_492805_13">
<fid>10-00100-0-2303-158660</fid>
<lfSpanFr gml:id="K1_492805_13-1">
<gml:timePosition>2024-03-06</gml:timePosition>
</lfSpanFr>
<devDate gml:id="K1_492805_13-2">
<gml:timePosition>2024-03-13</gml:timePosition>
</devDate>
<orgGILvl>KJ13</orgGILvl>
<vis>表示</vis>
<pos>
<gml:Point gml:id="K1_492805_13-g" srsName="fguuid:jgd2011.bl">
<gml:pos>32.743949194 128.716559778</gml:pos>
</gml:Point>
</pos>
<orgName>国土地理院</orgName>
<type>三角点</type>
<gcpClass>三等三角点</gcpClass>
<gcpCode>TR34928059701</gcpCode>
<name>草津</name>
<B>117878.2171</B>
<L>463379.6152</L>
<alti>209.66</alti>
<altiAcc>2</altiAcc>
</GCP>
<GCP gml:id="K1_492805_14">
<fid>10-00100-0-2303-158661</fid>
<lfSpanFr gml:id="K1_492805_14-1">
<gml:timePosition>2024-03-06</gml:timePosition>
</lfSpanFr>
<devDate gml:id="K1_492805_14-2">
<gml:timePosition>2024-03-13</gml:timePosition>
</devDate>
<orgGILvl>KJ13</orgGILvl>
<vis>表示</vis>
<pos>
<gml:Point gml:id="K1_492805_14-g" srsName="fguuid:jgd2011.bl">
<gml:pos>32.743336639 128.748667111</gml:pos>
</gml:Point>
</pos>
<orgName>国土地理院</orgName>
<type>三角点</type>
<gcpClass>三等三角点</gcpClass>
<gcpCode>TR34928059901</gcpCode>
<name>城岳</name>
<B>117876.0119</B>
<L>463495.2016</L>
<alti>215.44</alti>
<altiAcc>2</altiAcc>
</GCP>
<GCP gml:id="K1_492805_15">
<fid>10-00100-0-2303-194553</fid>
<lfSpanFr gml:id="K1_492805_15-1">
<gml:timePosition>2024-03-06</gml:timePosition>
</lfSpanFr>
<devDate gml:id="K1_492805_15-2">
<gml:timePosition>2024-03-13</gml:timePosition>
</devDate>
<orgGILvl>KJ14</orgGILvl>
<vis>表示</vis>
<pos>
<gml:Point gml:id="K1_492805_15-g" srsName="fguuid:jgd2011.bl">
<gml:pos>32.671138722 128.630160528</gml:pos>
</gml:Point>
</pos>
<orgName>国土地理院</orgName>
<type>三角点</type>
<gcpClass>四等三角点</gcpClass>
<gcpCode>TR44928050001</gcpCode>
<name>昼寝ヶ浦</name>
<B>117616.0994</B>
<L>463068.5779</L>
<alti>217.66</alti>
<altiAcc>2</altiAcc>
</GCP>
<GCP gml:id="K1_492805_16">
<fid>10-00100-0-2303-194554</fid>
<lfSpanFr gml:id="K1_492805_16-1">
<gml:timePosition>2024-03-06</gml:timePosition>
</lfSpanFr>
<devDate gml:id="K1_492805_16-2">
<gml:timePosition>2024-03-13</gml:timePosition>
</devDate>
<orgGILvl>KJ14</orgGILvl>
<vis>表示</vis>
<pos>
<gml:Point gml:id="K1_492805_16-g" srsName="fguuid:jgd2011.bl">
<gml:pos>32.669945139 128.678467861</gml:pos>
</gml:Point>
</pos>
<orgName>国土地理院</orgName>
<type>三角点</type>
<gcpClass>四等三角点</gcpClass>
<gcpCode>TR44928050401</gcpCode>
<name>冷水川</name>
<B>117611.8025</B>
<L>463242.4843</L>
<alti>138.85</alti>
<altiAcc>2</altiAcc>
</GCP>
<GCP gml:id="K1_492805_17">
<fid>10-00100-0-2303-194555</fid>
<lfSpanFr gml:id="K1_492805_17-1">
<gml:timePosition>2024-03-06</gml:timePosition>
</lfSpanFr>
<devDate gml:id="K1_492805_17-2">
<gml:timePosition>2024-03-13</gml:timePosition>
</devDate>
<orgGILvl>KJ14</orgGILvl>
<vis>表示</vis>
<pos>
<gml:Point gml:id="K1_492805_17-g" srsName="fguuid:jgd2011.bl">
<gml:pos>32.668283444 128.702046222</gml:pos>
</gml:Point>
</pos>
<orgName>国土地理院</orgName>
<type>三角点</type>
<gcpClass>四等三角点</gcpClass>
<gcpCode>TR44928050601</gcpCode>
<name>黒谷越</name>
<B>117605.8204</B>
<L>463327.3664</L>
<alti>242.72</alti>
<altiAcc>2</altiAcc>
</GCP>
<GCP gml:id="K1_492805_18">
<fid>10-00100-0-2303-194556</fid>
<lfSpanFr gml:id="K1_492805_18-1">
<gml:timePosition>2024-03-06</gml:timePosition>
</lfSpanFr>
<devDate gml:id="K1_492805_18-2">
<gml:timePosition>2024-03-13</gml:timePosition>
</devDate>
<orgGILvl>KJ14</orgGILvl>
<vis>表示</vis>
<pos>
<gml:Point gml:id="K1_492805_18-g" srsName="fguuid:jgd2011.bl">
<gml:pos>32.672239306 128.748464639</gml:pos>
</gml:Point>
</pos>
<orgName>国土地理院</orgName>
<type>三角点</type>
<gcpClass>四等三角点</gcpClass>
<gcpCode>TR44928050901</gcpCode>
<name>乗越</name>
<B>117620.0615</B>
<L>463494.4727</L>
<alti>184.22</alti>
<altiAcc>2</altiAcc>
</GCP>
<GCP gml:id="K1_492805_19">
<fid>10-00100-0-2303-194557</fid>
<lfSpanFr gml:id="K1_492805_19-1">
<gml:timePosition>2024-03-06</gml:timePosition>
</lfSpanFr>
<devDate gml:id="K1_492805_19-2">
<gml:timePosition>2024-03-13</gml:timePosition>
</devDate>
<orgGILvl>KJ14</orgGILvl>
<vis>表示</vis>
<pos>
<gml:Point gml:id="K1_492805_19-g" srsName="fguuid:jgd2011.bl">
<gml:pos>32.681789833 128.654031194</gml:pos>
</gml:Point>
</pos>
<orgName>国土地理院</orgName>
<type>三角点</type>
<gcpClass>四等三角点</gcpClass>
<gcpCode>TR44928051201</gcpCode>
<name>立花河内</name>
<B>117654.4434</B>
<L>463154.5123</L>
<alti>181.41</alti>
<altiAcc>2</altiAcc>
</GCP>
<GCP gml:id="K1_492805_20">
<fid>10-00100-0-2303-194558</fid>
<lfSpanFr gml:id="K1_492805_20-1">
<gml:timePosition>2024-03-06</gml:timePosition>
</lfSpanFr>
<devDate gml:id="K1_492805_20-2">
<gml:timePosition>2024-03-13</gml:timePosition>
</devDate>
<orgGILvl>KJ14</orgGILvl>
<vis>表示</vis>
<pos>
<gml:Point gml:id="K1_492805_20-g" srsName="fguuid:jgd2011.bl">
<gml:pos>32.680055222 128.674515556</gml:pos>
</gml:Point>
</pos>
<orgName>国土地理院</orgName>
<type>三角点</type>
<gcpClass>四等三角点</gcpClass>
<gcpCode>TR44928051301</gcpCode>
<name>矢ノ口</name>
<B>117648.1988</B>
<L>463228.256</L>
<alti>371.4</alti>
<altiAcc>2</altiAcc>
</GCP>
<GCP gml:id="K1_492805_21">
<fid>10-00100-0-2303-194559</fid>
<lfSpanFr gml:id="K1_492805_21-1">
<gml:timePosition>2024-03-06</gml:timePosition>
</lfSpanFr>
<devDate gml:id="K1_492805_21-2">
<gml:timePosition>2024-03-13</gml:timePosition>
</devDate>
<orgGILvl>KJ14</orgGILvl>
<vis>表示</vis>
<pos>
<gml:Point gml:id="K1_492805_21-g" srsName="fguuid:jgd2011.bl">
<gml:pos>32.676272556 128.664308167</gml:pos>
</gml:Point>
</pos>
<orgName>国土地理院</orgName>
<type>三角点</type>
<gcpClass>四等三角点</gcpClass>
<gcpCode>TR44928051302</gcpCode>
<name>白泊</name>
<B>117634.5812</B>
<L>463191.5094</L>
<alti>183.7</alti>
<altiAcc>2</altiAcc>
</GCP>
<GCP gml:id="K1_492805_22">
<fid>10-00100-0-2303-194560</fid>
<lfSpanFr gml:id="K1_492805_22-1">
<gml:timePosition>2024-03-06</gml:timePosition>
</lfSpanFr>
<devDate gml:id="K1_492805_22-2">
<gml:timePosition>2024-03-13</gml:timePosition>
</devDate>
<orgGILvl>KJ14</orgGILvl>
<vis>表示</vis>
<pos>
<gml:Point gml:id="K1_492805_22-g" srsName="fguuid:jgd2011.bl">
<gml:pos>32.675971861 128.692986528</gml:pos>
</gml:Point>
</pos>
<orgName>国土地理院</orgName>
<type>三角点</type>
<gcpClass>四等三角点</gcpClass>
<gcpCode>TR44928051501</gcpCode>
<name>下ノ瀬戸ノ河</name>
<B>117633.4987</B>
<L>463294.7515</L>
<alti>227.01</alti>
<altiAcc>2</altiAcc>
</GCP>
<GCP gml:id="K1_492805_23">
<fid>10-00100-0-2303-194561</fid>
<lfSpanFr gml:id="K1_492805_23-1">
<gml:timePosition>2024-03-06</gml:timePosition>
</lfSpanFr>
<devDate gml:id="K1_492805_23-2">
<gml:timePosition>2024-03-13</gml:timePosition>
</devDate>
<orgGILvl>KJ14</orgGILvl>
<vis>表示</vis>
<pos>
<gml:Point gml:id="K1_492805_23-g" srsName="fguuid:jgd2011.bl">
<gml:pos>32.680459444 128.731870611</gml:pos>
</gml:Point>
</pos>
<orgName>国土地理院</orgName>
<type>三角点</type>
<gcpClass>四等三角点</gcpClass>
<gcpCode>TR44928051801</gcpCode>
<name>佐藤</name>
<B>117649.654</B>
<L>463434.7342</L>
<alti>64.3</alti>
<altiAcc>2</altiAcc>
</GCP>
<GCP gml:id="K1_492805_24">
<fid>10-00100-0-2303-194562</fid>
<lfSpanFr gml:id="K1_492805_24-1">
<gml:timePosition>2024-03-06</gml:timePosition>
</lfSpanFr>
<devDate gml:id="K1_492805_24-2">
<gml:timePosition>2024-03-13</gml:timePosition>
</devDate>
<orgGILvl>KJ14</orgGILvl>
<vis>表示</vis>
<pos>
<gml:Point gml:id="K1_492805_24-g" srsName="fguuid:jgd2011.bl">
<gml:pos>32.682438361 128.746926611</gml:pos>
</gml:Point>
</pos>
<orgName>国土地理院</orgName>
<type>三角点</type>
<gcpClass>四等三角点</gcpClass>
<gcpCode>TR44928051901</gcpCode>
<name>松ノ窄</name>
<B>117656.7781</B>
<L>463488.9358</L>
<alti>338.95</alti>
<altiAcc>2</altiAcc>
</GCP>
<GCP gml:id="K1_492805_25">
<fid>10-00100-0-2303-194563</fid>
<lfSpanFr gml:id="K1_492805_25-1">
<gml:timePosition>2024-03-06</gml:timePosition>
</lfSpanFr>
<devDate gml:id="K1_492805_25-2">
<gml:timePosition>2024-03-13</gml:timePosition>
</devDate>
<orgGILvl>KJ14</orgGILvl>
<vis>表示</vis>
<pos>
<gml:Point gml:id="K1_492805_25-g" srsName="fguuid:jgd2011.bl">
<gml:pos>32.690288583 128.663788472</gml:pos>
</gml:Point>
</pos>
<orgName>国土地理院</orgName>
<type>三角点</type>
<gcpClass>四等三角点</gcpClass>
<gcpCode>TR44928052301</gcpCode>
<name>子持坂</name>
<B>117685.0389</B>
<L>463189.6385</L>
<alti>196.66</alti>
<altiAcc>2</altiAcc>
</GCP>
<GCP gml:id="K1_492805_26">
<fid>10-00100-0-2303-194564</fid>
<lfSpanFr gml:id="K1_492805_26-1">
<gml:timePosition>2024-03-06</gml:timePosition>
</lfSpanFr>
<devDate gml:id="K1_492805_26-2">
<gml:timePosition>2024-03-13</gml:timePosition>
</devDate>
<orgGILvl>KJ14</orgGILvl>
<vis>表示</vis>
<pos>
<gml:Point gml:id="K1_492805_26-g" srsName="fguuid:jgd2011.bl">
<gml:pos>32.686020972 128.693341833</gml:pos>
</gml:Point>
</pos>
<orgName>国土地理院</orgName>
<type>三角点</type>
<gcpClass>四等三角点</gcpClass>
<gcpCode>TR44928052501</gcpCode>
<name>七嶽</name>
<B>117669.6755</B>
<L>463296.0306</L>
<alti>152.08</alti>
<altiAcc>2</altiAcc>
</GCP>
<GCP gml:id="K1_492805_27">
<fid>10-00100-0-2303-194565</fid>
<lfSpanFr gml:id="K1_492805_27-1">
<gml:timePosition>2024-03-06</gml:timePosition>
</lfSpanFr>
<devDate gml:id="K1_492805_27-2">
<gml:timePosition>2024-03-13</gml:timePosition>
</devDate>
<orgGILvl>KJ14</orgGILvl>
<vis>表示</vis>
<pos>
<gml:Point gml:id="K1_492805_27-g" srsName="fguuid:jgd2011.bl">
<gml:pos>32.687806694 128.721543556</gml:pos>
</gml:Point>
</pos>
<orgName>国土地理院</orgName>
<type>三角点</type>
<gcpClass>四等三角点</gcpClass>
<gcpCode>TR44928052701</gcpCode>
<name>安部</name>
<B>117676.1041</B>
<L>463397.5568</L>
<alti>144.94</alti>
<altiAcc>2</altiAcc>
</GCP>
<GCP gml:id="K1_492805_28">
<fid>10-00100-0-2303-194566</fid>
<lfSpanFr gml:id="K1_492805_28-1">
<gml:timePosition>2024-03-06</gml:timePosition>
</lfSpanFr>
<devDate gml:id="K1_492805_28-2">
<gml:timePosition>2024-03-13</gml:timePosition>
</devDate>
<orgGILvl>KJ14</orgGILvl>
<vis>表示</vis>
<pos>
<gml:Point gml:id="K1_492805_28-g" srsName="fguuid:jgd2011.bl">
<gml:pos>32.699345250 128.662527028</gml:pos>
</gml:Point>
</pos>
<orgName>国土地理院</orgName>
<type>三角点</type>
<gcpClass>四等三角点</gcpClass>
<gcpCode>TR44928053301</gcpCode>
<name>頓泊</name>
<B>117717.6429</B>
<L>463185.0973</L>
<alti>85.94</alti>
<altiAcc>2</altiAcc>
</GCP>
<GCP gml:id="K1_492805_29">
<fid>10-00100-0-2303-194567</fid>
<lfSpanFr gml:id="K1_492805_29-1">
<gml:timePosition>2024-03-06</gml:timePosition>
</lfSpanFr>
<devDate gml:id="K1_492805_29-2">
<gml:timePosition>2024-03-13</gml:timePosition>
</devDate>
<orgGILvl>KJ14</orgGILvl>
<vis>表示</vis>
<pos>
<gml:Point gml:id="K1_492805_29-g" srsName="fguuid:jgd2011.bl">
<gml:pos>32.701225833 128.672597861</gml:pos>
</gml:Point>
</pos>
<orgName>国土地理院</orgName>
<type>三角点</type>
<gcpClass>四等三角点</gcpClass>
<gcpCode>TR44928054301</gcpCode>
<name>仏峠</name>
<B>117724.413</B>
<L>463221.3523</L>
<alti>259.42</alti>
<altiAcc>2</altiAcc>
</GCP>
<GCP gml:id="K1_492805_30">
<fid>10-00100-0-2303-194568</fid>
<lfSpanFr gml:id="K1_492805_30-1">
<gml:timePosition>2024-03-06</gml:timePosition>
</lfSpanFr>
<devDate gml:id="K1_492805_30-2">
<gml:timePosition>2024-03-13</gml:timePosition>
</devDate>
<orgGILvl>KJ14</orgGILvl>
<vis>表示</vis>
<pos>
<gml:Point gml:id="K1_492805_30-g" srsName="fguuid:jgd2011.bl">
<gml:pos>32.704390028 128.689766861</gml:pos>
</gml:Point>
</pos>
<orgName>国土地理院</orgName>
<type>三角点</type>
<gcpClass>四等三角点</gcpClass>
<gcpCode>TR44928054501</gcpCode>
<name>大川原</name>
<B>117735.8041</B>
<L>463283.1607</L>
<alti>369.54</alti>
<altiAcc>2</altiAcc>
</GCP>
<GCP gml:id="K1_492805_31">
<fid>10-00100-0-2303-194569</fid>
<lfSpanFr gml:id="K1_492805_31-1">
<gml:timePosition>2024-03-06</gml:timePosition>
</lfSpanFr>
<devDate gml:id="K1_492805_31-2">
<gml:timePosition>2024-03-13</gml:timePosition>
</devDate>
<orgGILvl>KJ14</orgGILvl>
<vis>表示</vis>
<pos>
<gml:Point gml:id="K1_492805_31-g" srsName="fguuid:jgd2011.bl">
<gml:pos>32.701604083 128.695998667</gml:pos>
</gml:Point>
</pos>
<orgName>国土地理院</orgName>
<type>三角点</type>
<gcpClass>四等三角点</gcpClass>
<gcpCode>TR44928054502</gcpCode>
<name>金五郎山</name>
<B>117725.7747</B>
<L>463305.5952</L>
<alti>416.74</alti>
<altiAcc>2</altiAcc>
</GCP>
<GCP gml:id="K1_492805_32">
<fid>10-00100-0-2303-194570</fid>
<lfSpanFr gml:id="K1_492805_32-1">
<gml:timePosition>2024-03-06</gml:timePosition>
</lfSpanFr>
<devDate gml:id="K1_492805_32-2">
<gml:timePosition>2024-03-13</gml:timePosition>
</devDate>
<orgGILvl>KJ14</orgGILvl>
<vis>表示</vis>
<pos>
<gml:Point gml:id="K1_492805_32-g" srsName="fguuid:jgd2011.bl">
<gml:pos>32.704414667 128.714121639</gml:pos>
</gml:Point>
</pos>
<orgName>国土地理院</orgName>
<type>三角点</type>
<gcpClass>四等三角点</gcpClass>
<gcpCode>TR44928054701</gcpCode>
<name>桑木場</name>
<B>117735.8928</B>
<L>463370.8379</L>
<alti>268.83</alti>
<altiAcc>2</altiAcc>
</GCP>
<GCP gml:id="K1_492805_33">
<fid>10-00100-0-2303-194571</fid>
<lfSpanFr gml:id="K1_492805_33-1">
<gml:timePosition>2024-03-06</gml:timePosition>
</lfSpanFr>
<devDate gml:id="K1_492805_33-2">
<gml:timePosition>2024-03-13</gml:timePosition>
</devDate>
<orgGILvl>KJ14</orgGILvl>
<vis>表示</vis>
<pos>
<gml:Point gml:id="K1_492805_33-g" srsName="fguuid:jgd2011.bl">
<gml:pos>32.706981667 128.742642167</gml:pos>
</gml:Point>
</pos>
<orgName>国土地理院</orgName>
<type>三角点</type>
<gcpClass>四等三角点</gcpClass>
<gcpCode>TR44928054901</gcpCode>
<name>中山</name>
<B>117745.134</B>
<L>463473.5118</L>
<alti>274.86</alti>
<altiAcc>2</altiAcc>
</GCP>
<GCP gml:id="K1_492805_34">
<fid>10-00100-0-2303-194572</fid>
<lfSpanFr gml:id="K1_492805_34-1">
<gml:timePosition>2024-03-06</gml:timePosition>
</lfSpanFr>
<devDate gml:id="K1_492805_34-2">
<gml:timePosition>2024-03-13</gml:timePosition>
</devDate>
<orgGILvl>KJ14</orgGILvl>
<vis>表示</vis>
<pos>
<gml:Point gml:id="K1_492805_34-g" srsName="fguuid:jgd2011.bl">
<gml:pos>32.711623389 128.657405028</gml:pos>
</gml:Point>
</pos>
<orgName>国土地理院</orgName>
<type>三角点</type>
<gcpClass>四等三角点</gcpClass>
<gcpCode>TR44928055201</gcpCode>
<name>貝津</name>
<B>117761.8442</B>
<L>463166.6581</L>
<alti>57.03</alti>
<altiAcc>2</altiAcc>
</GCP>
<GCP gml:id="K1_492805_35">
<fid>10-00100-0-2303-194573</fid>
<lfSpanFr gml:id="K1_492805_35-1">
<gml:timePosition>2024-03-06</gml:timePosition>
</lfSpanFr>
<devDate gml:id="K1_492805_35-2">
<gml:timePosition>2024-03-13</gml:timePosition>
</devDate>
<orgGILvl>KJ14</orgGILvl>
<vis>表示</vis>
<pos>
<gml:Point gml:id="K1_492805_35-g" srsName="fguuid:jgd2011.bl">
<gml:pos>32.714739306 128.674738417</gml:pos>
</gml:Point>
</pos>
<orgName>国土地理院</orgName>
<type>三角点</type>
<gcpClass>四等三角点</gcpClass>
<gcpCode>TR44928055301</gcpCode>
<name>桐ノ木山</name>
<B>117773.0615</B>
<L>463229.0583</L>
<alti>321.92</alti>
<altiAcc>2</altiAcc>
</GCP>
<GCP gml:id="K1_492805_36">
<fid>10-00100-0-2303-194574</fid>
<lfSpanFr gml:id="K1_492805_36-1">
<gml:timePosition>2024-03-06</gml:timePosition>
</lfSpanFr>
<devDate gml:id="K1_492805_36-2">
<gml:timePosition>2024-03-13</gml:timePosition>
</devDate>
<orgGILvl>KJ14</orgGILvl>
<vis>表示</vis>
<pos>
<gml:Point gml:id="K1_492805_36-g" srsName="fguuid:jgd2011.bl">
<gml:pos>32.712807028 128.727167028</gml:pos>
</gml:Point>
</pos>
<orgName>国土地理院</orgName>
<type>三角点</type>
<gcpClass>四等三角点</gcpClass>
<gcpCode>TR44928055801</gcpCode>
<name>松山</name>
<B>117766.1053</B>
<L>463417.8013</L>
<alti>234.31</alti>
<altiAcc>2</altiAcc>
</GCP>
<GCP gml:id="K1_492805_37">
<fid>10-00100-0-2303-194575</fid>
<lfSpanFr gml:id="K1_492805_37-1">
<gml:timePosition>2024-03-06</gml:timePosition>
</lfSpanFr>
<devDate gml:id="K1_492805_37-2">
<gml:timePosition>2024-03-13</gml:timePosition>
</devDate>
<orgGILvl>KJ14</orgGILvl>
<vis>表示</vis>
<pos>
<gml:Point gml:id="K1_492805_37-g" srsName="fguuid:jgd2011.bl">
<gml:pos>32.716837139 128.690107000</gml:pos>
</gml:Point>
</pos>
<orgName>国土地理院</orgName>
<type>三角点</type>
<gcpClass>四等三角点</gcpClass>
<gcpCode>TR44928056501</gcpCode>
<name>杉ノ窄</name>
<B>117780.6137</B>
<L>463284.3852</L>
<alti>348.37</alti>
<altiAcc>2</altiAcc>
</GCP>
<GCP gml:id="K1_492805_38">
<fid>10-00100-0-2303-194576</fid>
<lfSpanFr gml:id="K1_492805_38-1">
<gml:timePosition>2024-03-06</gml:timePosition>
</lfSpanFr>
<devDate gml:id="K1_492805_38-2">
<gml:timePosition>2024-03-13</gml:timePosition>
</devDate>
<orgGILvl>KJ14</orgGILvl>
<vis>表示</vis>
<pos>
<gml:Point gml:id="K1_492805_38-g" srsName="fguuid:jgd2011.bl">
<gml:pos>32.720949917 128.710807500</gml:pos>
</gml:Point>
</pos>
<orgName>国土地理院</orgName>
<type>三角点</type>
<gcpClass>四等三角点</gcpClass>
<gcpCode>TR44928056601</gcpCode>
<name>千たたき</name>
<B>117795.4197</B>
<L>463358.907</L>
<alti>301.34</alti>
<altiAcc>2</altiAcc>
</GCP>
<GCP gml:id="K1_492805_39">
<fid>10-00100-0-2303-194577</fid>
<lfSpanFr gml:id="K1_492805_39-1">
<gml:timePosition>2024-03-06</gml:timePosition>
</lfSpanFr>
<devDate gml:id="K1_492805_39-2">
<gml:timePosition>2024-03-13</gml:timePosition>
</devDate>
<orgGILvl>KJ14</orgGILvl>
<vis>表示</vis>
<pos>
<gml:Point gml:id="K1_492805_39-g" srsName="fguuid:jgd2011.bl">
<gml:pos>32.725149000 128.650598694</gml:pos>
</gml:Point>
</pos>
<orgName>国土地理院</orgName>
<type>三角点</type>
<gcpClass>四等三角点</gcpClass>
<gcpCode>TR44928057201</gcpCode>
<name>円奈</name>
<B>117810.5364</B>
<L>463142.1553</L>
<alti>21.74</alti>
<altiAcc>2</altiAcc>
</GCP>
<GCP gml:id="K1_492805_40">
<fid>10-00100-0-2303-194578</fid>
<lfSpanFr gml:id="K1_492805_40-1">
<gml:timePosition>2024-03-06</gml:timePosition>
</lfSpanFr>
<devDate gml:id="K1_492805_40-2">
<gml:timePosition>2024-03-13</gml:timePosition>
</devDate>
<orgGILvl>KJ14</orgGILvl>
<vis>表示</vis>
<pos>
<gml:Point gml:id="K1_492805_40-g" srsName="fguuid:jgd2011.bl">
<gml:pos>32.731325917 128.664961528</gml:pos>
</gml:Point>
</pos>
<orgName>国土地理院</orgName>
<type>三角点</type>
<gcpClass>四等三角点</gcpClass>
<gcpCode>TR44928057301</gcpCode>
<name>桐之木</name>
<B>117832.7733</B>
<L>463193.8615</L>
<alti>38.07</alti>
<altiAcc>2</altiAcc>
</GCP>
<GCP gml:id="K1_492805_41">
<fid>10-00100-0-2303-194579</fid>
<lfSpanFr gml:id="K1_492805_41-1">
<gml:timePosition>2024-03-06</gml:timePosition>
</lfSpanFr>
<devDate gml:id="K1_492805_41-2">
<gml:timePosition>2024-03-13</gml:timePosition>
</devDate>
<orgGILvl>KJ14</orgGILvl>
<vis>表示</vis>
<pos>
<gml:Point gml:id="K1_492805_41-g" srsName="fguuid:jgd2011.bl">
<gml:pos>32.732084000 128.682983972</gml:pos>
</gml:Point>
</pos>
<orgName>国土地理院</orgName>
<type>三角点</type>
<gcpClass>四等三角点</gcpClass>
<gcpCode>TR44928057401</gcpCode>
<name>脇山</name>
<B>117835.5024</B>
<L>463258.7423</L>
<alti>90.81</alti>
<altiAcc>2</altiAcc>
</GCP>
<GCP gml:id="K1_492805_42">
<fid>10-00100-0-2303-194580</fid>
<lfSpanFr gml:id="K1_492805_42-1">
<gml:timePosition>2024-03-06</gml:timePosition>
</lfSpanFr>
<devDate gml:id="K1_492805_42-2">
<gml:timePosition>2024-03-13</gml:timePosition>
</devDate>
<orgGILvl>KJ14</orgGILvl>
<vis>表示</vis>
<pos>
<gml:Point gml:id="K1_492805_42-g" srsName="fguuid:jgd2011.bl">
<gml:pos>32.733307250 128.725696972</gml:pos>
</gml:Point>
</pos>
<orgName>国土地理院</orgName>
<type>三角点</type>
<gcpClass>四等三角点</gcpClass>
<gcpCode>TR44928057801</gcpCode>
<name>松原</name>
<B>117839.9061</B>
<L>463412.5091</L>
<alti>121.79</alti>
<altiAcc>2</altiAcc>
</GCP>
<GCP gml:id="K1_492805_43">
<fid>10-00100-0-2303-194581</fid>
<lfSpanFr gml:id="K1_492805_43-1">
<gml:timePosition>2024-03-06</gml:timePosition>
</lfSpanFr>
<devDate gml:id="K1_492805_43-2">
<gml:timePosition>2024-03-13</gml:timePosition>
</devDate>
<orgGILvl>KJ14</orgGILvl>
<vis>表示</vis>
<pos>
<gml:Point gml:id="K1_492805_43-g" srsName="fguuid:jgd2011.bl">
<gml:pos>32.730055778 128.746255611</gml:pos>
</gml:Point>
</pos>
<orgName>国土地理院</orgName>
<type>三角点</type>
<gcpClass>四等三角点</gcpClass>
<gcpCode>TR44928057901</gcpCode>
<name>楠原</name>
<B>117828.2008</B>
<L>463486.5202</L>
<alti>92.85</alti>
<altiAcc>2</altiAcc>
</GCP>
<GCP gml:id="K1_492805_44">
<fid>10-00100-0-2303-194582</fid>
<lfSpanFr gml:id="K1_492805_44-1">
<gml:timePosition>2024-03-06</gml:timePosition>
</lfSpanFr>
<devDate gml:id="K1_492805_44-2">
<gml:timePosition>2024-03-13</gml:timePosition>
</devDate>
<orgGILvl>KJ14</orgGILvl>
<vis>表示</vis>
<pos>
<gml:Point gml:id="K1_492805_44-g" srsName="fguuid:jgd2011.bl">
<gml:pos>32.744210778 128.667970139</gml:pos>
</gml:Point>
</pos>
<orgName>国土地理院</orgName>
<type>三角点</type>
<gcpClass>四等三角点</gcpClass>
<gcpCode>TR44928059301</gcpCode>
<name>下長尾</name>
<B>117879.1588</B>
<L>463204.6925</L>
<alti>53.88</alti>
<altiAcc>2</altiAcc>
</GCP>
<GCP gml:id="K1_492805_45">
<fid>10-00100-0-2303-194583</fid>
<lfSpanFr gml:id="K1_492805_45-1">
<gml:timePosition>2024-03-06</gml:timePosition>
</lfSpanFr>
<devDate gml:id="K1_492805_45-2">
<gml:timePosition>2024-03-13</gml:timePosition>
</devDate>
<orgGILvl>KJ14</orgGILvl>
<vis>表示</vis>
<pos>
<gml:Point gml:id="K1_492805_45-g" srsName="fguuid:jgd2011.bl">
<gml:pos>32.745532083 128.685315083</gml:pos>
</gml:Point>
</pos>
<orgName>国土地理院</orgName>
<type>三角点</type>
<gcpClass>四等三角点</gcpClass>
<gcpCode>TR44928059401</gcpCode>
<name>行者森</name>
<B>117883.9155</B>
<L>463267.1343</L>
<alti>59.46</alti>
<altiAcc>2</altiAcc>
</GCP>
</Dataset>
