<?xml version="1.0" encoding="utf-8"?>
<Dataset xsi:schemaLocation="http://fgd.gsi.go.jp/spec/2008/FGD_GMLSchema FGD_GMLSchema.xsd"
	xmlns:gml="http://www.opengis.net/gml/3.2"
	xmlns:xsi="http://www.w3.org/2001/XMLSchema-instance"
	xmlns:xlink="http://www.w3.org/1999/xlink"
	xmlns="http://fgd.gsi.go.jp/spec/2008/FGD_GMLSchema"
	gml:id="Dataset1">
  <gml:description>基盤地図情報メタデータ ID=fmdid:25-0101</gml:description>
  <gml:name>基盤地図情報ダウンロードデータ（GML版）</gml:name>
<WStrA gml:id="K28_4644011880_1">
<fid>20241129-46467-11886-s-1050</fid>
<lfSpanFr gml:id="K28_4644011880_1-1">
<gml:timePosition>2024-11-29</gml:timePosition>
</lfSpanFr>
<devDate gml:id="K28_4644011880_1-2">
<gml:timePosition>2024-11-29</gml:timePosition>
</devDate>
<orgGILvl>2500</orgGILvl>
<vis>表示</vis>
<area>
<gml:Surface gml:id="K28_4644011880_1-g" srsName="fguuid:jgd2011.bl">
<gml:patches>
<gml:PolygonPatch>
<gml:exterior>
<gml:Ring>
<gml:curveMember>
<gml:Curve gml:id="K28_4644011880_1-3">
<gml:segments>
<gml:LineStringSegment>
<gml:posList>
33.022986169 129.077423698
33.023145675 129.079047195
33.023196528 129.079037158
33.023035691 129.077428353
33.022986169 129.077423698
</gml:posList>
</gml:LineStringSegment>
</gml:segments>
</gml:Curve>
</gml:curveMember>
</gml:Ring>
</gml:exterior>
</gml:PolygonPatch>
</gml:patches>
</gml:Surface>
</area>
<type>防波堤</type>
</WStrA>
<WStrA gml:id="K28_4644011880_2">
<fid>20241129-46464-11880-s-552</fid>
<lfSpanFr gml:id="K28_4644011880_2-1">
<gml:timePosition>2024-11-29</gml:timePosition>
</lfSpanFr>
<devDate gml:id="K28_4644011880_2-2">
<gml:timePosition>2024-11-29</gml:timePosition>
</devDate>
<orgGILvl>2500</orgGILvl>
<vis>表示</vis>
<area>
<gml:Surface gml:id="K28_4644011880_2-g" srsName="fguuid:jgd2011.bl">
<gml:patches>
<gml:PolygonPatch>
<gml:exterior>
<gml:Ring>
<gml:curveMember>
<gml:Curve gml:id="K28_4644011880_2-3">
<gml:segments>
<gml:LineStringSegment>
<gml:posList>
33.004442814 129.070323967
33.004309195 129.07013124
33.004254207 129.070063442
33.004017801 129.069926908
33.003994416 129.06994713
33.004429865 129.070350324
33.004442814 129.070323967
</gml:posList>
</gml:LineStringSegment>
</gml:segments>
</gml:Curve>
</gml:curveMember>
</gml:Ring>
</gml:exterior>
</gml:PolygonPatch>
</gml:patches>
</gml:Surface>
</area>
<type>ダム</type>
</WStrA>
<WStrA gml:id="K28_4644011880_3">
<fid>20241129-46464-11883-s-1594</fid>
<lfSpanFr gml:id="K28_4644011880_3-1">
<gml:timePosition>2024-11-29</gml:timePosition>
</lfSpanFr>
<devDate gml:id="K28_4644011880_3-2">
<gml:timePosition>2024-11-29</gml:timePosition>
</devDate>
<orgGILvl>2500</orgGILvl>
<vis>表示</vis>
<area>
<gml:Surface gml:id="K28_4644011880_3-g" srsName="fguuid:jgd2011.bl">
<gml:patches>
<gml:PolygonPatch>
<gml:exterior>
<gml:Ring>
<gml:curveMember>
<gml:Curve gml:id="K28_4644011880_3-3">
<gml:segments>
<gml:LineStringSegment>
<gml:posList>
33.013325253 129.072849671
33.013316774 129.072867447
33.013338062 129.07289057
33.013353335 129.072907931
33.013361808 129.072917555
33.013390431 129.072947022
33.013410623 129.072963172
33.013420683 129.072970113
33.013450087 129.072982547
33.013513439 129.072999431
33.013526901 129.073004343
33.013556172 129.073015034
33.013562915 129.07299854
33.013502593 129.072960535
33.013473873 129.072942446
33.013376752 129.07288136
33.013325253 129.072849671
</gml:posList>
</gml:LineStringSegment>
</gml:segments>
</gml:Curve>
</gml:curveMember>
</gml:Ring>
</gml:exterior>
</gml:PolygonPatch>
</gml:patches>
</gml:Surface>
</area>
<type>ダム</type>
</WStrA>
<WStrA gml:id="K28_4644011880_4">
<fid>20241129-46461-11883-s-848</fid>
<lfSpanFr gml:id="K28_4644011880_4-1">
<gml:timePosition>2024-11-29</gml:timePosition>
</lfSpanFr>
<devDate gml:id="K28_4644011880_4-2">
<gml:timePosition>2024-11-29</gml:timePosition>
</devDate>
<orgGILvl>2500</orgGILvl>
<vis>表示</vis>
<area>
<gml:Surface gml:id="K28_4644011880_4-g" srsName="fguuid:jgd2011.bl">
<gml:patches>
<gml:PolygonPatch>
<gml:exterior>
<gml:Ring>
<gml:curveMember>
<gml:Curve gml:id="K28_4644011880_4-3">
<gml:segments>
<gml:LineStringSegment>
<gml:posList>
33.012967252 129.06606185
33.012784445 129.06606616
33.012784899 129.066093076
33.01280505 129.066092121
33.012859587 129.066140981
33.012884061 129.066141043
33.012917498 129.066141136
33.012968395 129.066079366
33.012967252 129.06606185
</gml:posList>
</gml:LineStringSegment>
</gml:segments>
</gml:Curve>
</gml:curveMember>
</gml:Ring>
</gml:exterior>
</gml:PolygonPatch>
</gml:patches>
</gml:Surface>
</area>
<type>ダム</type>
</WStrA>
</Dataset>
