<?xml version="1.0" encoding="utf-8"?>
<Dataset xsi:schemaLocation="http://fgd.gsi.go.jp/spec/2008/FGD_GMLSchema FGD_GMLSchema.xsd"
	xmlns:gml="http://www.opengis.net/gml/3.2"
	xmlns:xsi="http://www.w3.org/2001/XMLSchema-instance"
	xmlns:xlink="http://www.w3.org/1999/xlink"
	xmlns="http://fgd.gsi.go.jp/spec/2008/FGD_GMLSchema"
	gml:id="Dataset1">
  <gml:description>基盤地図情報メタデータ ID=fmdid:25-0101</gml:description>
  <gml:name>基盤地図情報ダウンロードデータ（GML版）</gml:name>
<ElevPt gml:id="K2_4644611883_1">
<fid>46446-11883-i-97</fid>
<lfSpanFr gml:id="K2_4644611883_1-1">
<gml:timePosition>2020-10-13</gml:timePosition>
</lfSpanFr>
<devDate gml:id="K2_4644611883_1-2">
<gml:timePosition>2024-11-29</gml:timePosition>
</devDate>
<orgGILvl>25000</orgGILvl>
<vis>表示</vis>
<pos>
<gml:Point gml:id="K2_4644611883_1-g" srsName="fguuid:jgd2011.bl">
<gml:pos>33.011334444 129.017774167</gml:pos>
</gml:Point>
</pos>
<type>標高点（測点）</type>
<alti>155</alti>
</ElevPt>
<ElevPt gml:id="K2_4645511883_1">
<fid>46455-11883-i-42</fid>
<lfSpanFr gml:id="K2_4645511883_1-1">
<gml:timePosition>2015-11-17</gml:timePosition>
</lfSpanFr>
<devDate gml:id="K2_4645511883_1-2">
<gml:timePosition>2024-11-29</gml:timePosition>
</devDate>
<orgGILvl>25000</orgGILvl>
<vis>表示</vis>
<pos>
<gml:Point gml:id="K2_4645511883_1-g" srsName="fguuid:jgd2011.bl">
<gml:pos>33.008528333 129.048578056</gml:pos>
</gml:Point>
</pos>
<type>標高点（測点）</type>
<alti>321</alti>
</ElevPt>
<ElevPt gml:id="K2_4645811883_1">
<fid>46458-11883-i-53</fid>
<lfSpanFr gml:id="K2_4645811883_1-1">
<gml:timePosition>2020-10-13</gml:timePosition>
</lfSpanFr>
<devDate gml:id="K2_4645811883_1-2">
<gml:timePosition>2024-11-29</gml:timePosition>
</devDate>
<orgGILvl>25000</orgGILvl>
<vis>表示</vis>
<pos>
<gml:Point gml:id="K2_4645811883_1-g" srsName="fguuid:jgd2011.bl">
<gml:pos>33.012447778 129.050194722</gml:pos>
</gml:Point>
</pos>
<type>標高点（測点）</type>
<alti>76</alti>
</ElevPt>
<ElevPt gml:id="K2_4645811886_1">
<fid>46458-11886-i-17</fid>
<lfSpanFr gml:id="K2_4645811886_1-1">
<gml:timePosition>2015-11-17</gml:timePosition>
</lfSpanFr>
<devDate gml:id="K2_4645811886_1-2">
<gml:timePosition>2024-11-29</gml:timePosition>
</devDate>
<orgGILvl>25000</orgGILvl>
<vis>表示</vis>
<pos>
<gml:Point gml:id="K2_4645811886_1-g" srsName="fguuid:jgd2011.bl">
<gml:pos>33.020457500 129.057643333</gml:pos>
</gml:Point>
</pos>
<type>標高点（測点）</type>
<alti>363</alti>
</ElevPt>
<ElevPt gml:id="K2_4645811892_1">
<fid>46458-11892-i-62</fid>
<lfSpanFr gml:id="K2_4645811892_1-1">
<gml:timePosition>2015-11-17</gml:timePosition>
</lfSpanFr>
<devDate gml:id="K2_4645811892_1-2">
<gml:timePosition>2024-11-29</gml:timePosition>
</devDate>
<orgGILvl>25000</orgGILvl>
<vis>表示</vis>
<pos>
<gml:Point gml:id="K2_4645811892_1-g" srsName="fguuid:jgd2011.bl">
<gml:pos>33.040474722 129.051873333</gml:pos>
</gml:Point>
</pos>
<type>標高点（測点）</type>
<alti>70</alti>
</ElevPt>
<ElevPt gml:id="K2_4646111880_1">
<fid>46461-11880-i-45</fid>
<lfSpanFr gml:id="K2_4646111880_1-1">
<gml:timePosition>2015-11-17</gml:timePosition>
</lfSpanFr>
<devDate gml:id="K2_4646111880_1-2">
<gml:timePosition>2024-11-29</gml:timePosition>
</devDate>
<orgGILvl>25000</orgGILvl>
<vis>表示</vis>
<pos>
<gml:Point gml:id="K2_4646111880_1-g" srsName="fguuid:jgd2011.bl">
<gml:pos>33.007180278 129.061601944</gml:pos>
</gml:Point>
</pos>
<type>標高点（測点）</type>
<alti>266</alti>
</ElevPt>
<ElevPt gml:id="K2_4646411883_1">
<fid>46464-11883-i-337</fid>
<lfSpanFr gml:id="K2_4646411883_1-1">
<gml:timePosition>2015-11-17</gml:timePosition>
</lfSpanFr>
<devDate gml:id="K2_4646411883_1-2">
<gml:timePosition>2024-11-29</gml:timePosition>
</devDate>
<orgGILvl>25000</orgGILvl>
<vis>表示</vis>
<pos>
<gml:Point gml:id="K2_4646411883_1-g" srsName="fguuid:jgd2011.bl">
<gml:pos>33.008729444 129.068211667</gml:pos>
</gml:Point>
</pos>
<type>標高点（測点）</type>
<alti>65</alti>
</ElevPt>
<ElevPt gml:id="K2_4646411889_1">
<fid>46464-11889-i-76</fid>
<lfSpanFr gml:id="K2_4646411889_1-1">
<gml:timePosition>2020-10-13</gml:timePosition>
</lfSpanFr>
<devDate gml:id="K2_4646411889_1-2">
<gml:timePosition>2024-11-29</gml:timePosition>
</devDate>
<orgGILvl>25000</orgGILvl>
<vis>表示</vis>
<pos>
<gml:Point gml:id="K2_4646411889_1-g" srsName="fguuid:jgd2011.bl">
<gml:pos>33.029466944 129.066815000</gml:pos>
</gml:Point>
</pos>
<type>標高点（測点）</type>
<alti>25</alti>
</ElevPt>
<ElevPt gml:id="K2_4646711883_1">
<fid>46467-11883-i-56</fid>
<lfSpanFr gml:id="K2_4646711883_1-1">
<gml:timePosition>2020-10-13</gml:timePosition>
</lfSpanFr>
<devDate gml:id="K2_4646711883_1-2">
<gml:timePosition>2024-11-29</gml:timePosition>
</devDate>
<orgGILvl>25000</orgGILvl>
<vis>表示</vis>
<pos>
<gml:Point gml:id="K2_4646711883_1-g" srsName="fguuid:jgd2011.bl">
<gml:pos>33.016136944 129.077093333</gml:pos>
</gml:Point>
</pos>
<type>標高点（測点）</type>
<alti>134</alti>
</ElevPt>
<ElevPt gml:id="K2_4646711892_1">
<fid>46467-11892-i-126</fid>
<lfSpanFr gml:id="K2_4646711892_1-1">
<gml:timePosition>2020-10-13</gml:timePosition>
</lfSpanFr>
<devDate gml:id="K2_4646711892_1-2">
<gml:timePosition>2024-11-29</gml:timePosition>
</devDate>
<orgGILvl>25000</orgGILvl>
<vis>表示</vis>
<pos>
<gml:Point gml:id="K2_4646711892_1-g" srsName="fguuid:jgd2011.bl">
<gml:pos>33.034795556 129.082298333</gml:pos>
</gml:Point>
</pos>
<type>標高点（測点）</type>
<alti>91</alti>
</ElevPt>
<ElevPt gml:id="K2_4646711892_2">
<fid>46467-11892-i-127</fid>
<lfSpanFr gml:id="K2_4646711892_2-1">
<gml:timePosition>2020-10-13</gml:timePosition>
</lfSpanFr>
<devDate gml:id="K2_4646711892_2-2">
<gml:timePosition>2024-11-29</gml:timePosition>
</devDate>
<orgGILvl>25000</orgGILvl>
<vis>表示</vis>
<pos>
<gml:Point gml:id="K2_4646711892_2-g" srsName="fguuid:jgd2011.bl">
<gml:pos>33.040704444 129.080983333</gml:pos>
</gml:Point>
</pos>
<type>標高点（測点）</type>
<alti>62</alti>
</ElevPt>
<ElevPt gml:id="K2_4647011880_1">
<fid>46470-11880-i-233</fid>
<lfSpanFr gml:id="K2_4647011880_1-1">
<gml:timePosition>2018-09-10</gml:timePosition>
</lfSpanFr>
<devDate gml:id="K2_4647011880_1-2">
<gml:timePosition>2024-11-29</gml:timePosition>
</devDate>
<orgGILvl>25000</orgGILvl>
<vis>表示</vis>
<pos>
<gml:Point gml:id="K2_4647011880_1-g" srsName="fguuid:jgd2011.bl">
<gml:pos>33.005720781 129.086505575</gml:pos>
</gml:Point>
</pos>
<type>標高点（測点）</type>
<alti>44</alti>
</ElevPt>
<ElevPt gml:id="K2_4647011883_1">
<fid>46470-11883-i-159</fid>
<lfSpanFr gml:id="K2_4647011883_1-1">
<gml:timePosition>2020-10-13</gml:timePosition>
</lfSpanFr>
<devDate gml:id="K2_4647011883_1-2">
<gml:timePosition>2024-11-29</gml:timePosition>
</devDate>
<orgGILvl>25000</orgGILvl>
<vis>表示</vis>
<pos>
<gml:Point gml:id="K2_4647011883_1-g" srsName="fguuid:jgd2011.bl">
<gml:pos>33.011304417 129.091011056</gml:pos>
</gml:Point>
</pos>
<type>標高点（測点）</type>
<alti>23</alti>
</ElevPt>
<ElevPt gml:id="K2_4647011886_1">
<fid>46470-11886-i-293</fid>
<lfSpanFr gml:id="K2_4647011886_1-1">
<gml:timePosition>2020-10-13</gml:timePosition>
</lfSpanFr>
<devDate gml:id="K2_4647011886_1-2">
<gml:timePosition>2024-11-29</gml:timePosition>
</devDate>
<orgGILvl>25000</orgGILvl>
<vis>表示</vis>
<pos>
<gml:Point gml:id="K2_4647011886_1-g" srsName="fguuid:jgd2011.bl">
<gml:pos>33.021635556 129.089932222</gml:pos>
</gml:Point>
</pos>
<type>標高点（測点）</type>
<alti>145</alti>
</ElevPt>
<ElevPt gml:id="K2_4647011889_1">
<fid>46470-11889-i-213</fid>
<lfSpanFr gml:id="K2_4647011889_1-1">
<gml:timePosition>2020-10-13</gml:timePosition>
</lfSpanFr>
<devDate gml:id="K2_4647011889_1-2">
<gml:timePosition>2024-11-29</gml:timePosition>
</devDate>
<orgGILvl>25000</orgGILvl>
<vis>表示</vis>
<pos>
<gml:Point gml:id="K2_4647011889_1-g" srsName="fguuid:jgd2011.bl">
<gml:pos>33.028829722 129.085135000</gml:pos>
</gml:Point>
</pos>
<type>標高点（測点）</type>
<alti>70</alti>
</ElevPt>
<ElevPt gml:id="K2_4647011895_1">
<fid>46470-11895-i-202</fid>
<lfSpanFr gml:id="K2_4647011895_1-1">
<gml:timePosition>2020-10-13</gml:timePosition>
</lfSpanFr>
<devDate gml:id="K2_4647011895_1-2">
<gml:timePosition>2024-11-29</gml:timePosition>
</devDate>
<orgGILvl>25000</orgGILvl>
<vis>表示</vis>
<pos>
<gml:Point gml:id="K2_4647011895_1-g" srsName="fguuid:jgd2011.bl">
<gml:pos>33.044680556 129.091250833</gml:pos>
</gml:Point>
</pos>
<type>標高点（測点）</type>
<alti>299</alti>
</ElevPt>
<ElevPt gml:id="K2_4647011898_1">
<fid>46470-11898-i-430</fid>
<lfSpanFr gml:id="K2_4647011898_1-1">
<gml:timePosition>2020-10-13</gml:timePosition>
</lfSpanFr>
<devDate gml:id="K2_4647011898_1-2">
<gml:timePosition>2024-11-29</gml:timePosition>
</devDate>
<orgGILvl>25000</orgGILvl>
<vis>非表示</vis>
<pos>
<gml:Point gml:id="K2_4647011898_1-g" srsName="fguuid:jgd2011.bl">
<gml:pos>33.052980833 129.083443889</gml:pos>
</gml:Point>
</pos>
<type>標高点（測点）</type>
<alti>143</alti>
</ElevPt>
<ElevPt gml:id="K2_4647011901_1">
<fid>46470-11901-i-263</fid>
<lfSpanFr gml:id="K2_4647011901_1-1">
<gml:timePosition>2020-10-13</gml:timePosition>
</lfSpanFr>
<devDate gml:id="K2_4647011901_1-2">
<gml:timePosition>2024-11-29</gml:timePosition>
</devDate>
<orgGILvl>25000</orgGILvl>
<vis>表示</vis>
<pos>
<gml:Point gml:id="K2_4647011901_1-g" srsName="fguuid:jgd2011.bl">
<gml:pos>33.060068152 129.088052357</gml:pos>
</gml:Point>
</pos>
<type>標高点（測点）</type>
<alti>190</alti>
</ElevPt>
<ElevPt gml:id="K2_4647011904_1">
<fid>46470-11904-i-41</fid>
<lfSpanFr gml:id="K2_4647011904_1-1">
<gml:timePosition>2015-11-17</gml:timePosition>
</lfSpanFr>
<devDate gml:id="K2_4647011904_1-2">
<gml:timePosition>2024-11-29</gml:timePosition>
</devDate>
<orgGILvl>25000</orgGILvl>
<vis>表示</vis>
<pos>
<gml:Point gml:id="K2_4647011904_1-g" srsName="fguuid:jgd2011.bl">
<gml:pos>33.072260681 129.091304047</gml:pos>
</gml:Point>
</pos>
<type>標高点（測点）</type>
<alti>358</alti>
</ElevPt>
<ElevPt gml:id="K2_4647311898_1">
<fid>46473-11898-i-250</fid>
<lfSpanFr gml:id="K2_4647311898_1-1">
<gml:timePosition>2020-10-13</gml:timePosition>
</lfSpanFr>
<devDate gml:id="K2_4647311898_1-2">
<gml:timePosition>2024-11-29</gml:timePosition>
</devDate>
<orgGILvl>25000</orgGILvl>
<vis>表示</vis>
<pos>
<gml:Point gml:id="K2_4647311898_1-g" srsName="fguuid:jgd2011.bl">
<gml:pos>33.051717222 129.095487500</gml:pos>
</gml:Point>
</pos>
<type>標高点（測点）</type>
<alti>35</alti>
</ElevPt>
<ElevPt gml:id="K2_4647611898_1">
<fid>46476-11898-i-39</fid>
<lfSpanFr gml:id="K2_4647611898_1-1">
<gml:timePosition>2020-10-13</gml:timePosition>
</lfSpanFr>
<devDate gml:id="K2_4647611898_1-2">
<gml:timePosition>2024-11-29</gml:timePosition>
</devDate>
<orgGILvl>25000</orgGILvl>
<vis>表示</vis>
<pos>
<gml:Point gml:id="K2_4647611898_1-g" srsName="fguuid:jgd2011.bl">
<gml:pos>33.052360278 129.107528056</gml:pos>
</gml:Point>
</pos>
<type>標高点（測点）</type>
<alti>55</alti>
</ElevPt>
<ElevPt gml:id="K2_4647611901_1">
<fid>46476-11901-i-221</fid>
<lfSpanFr gml:id="K2_4647611901_1-1">
<gml:timePosition>2020-10-13</gml:timePosition>
</lfSpanFr>
<devDate gml:id="K2_4647611901_1-2">
<gml:timePosition>2024-11-29</gml:timePosition>
</devDate>
<orgGILvl>25000</orgGILvl>
<vis>表示</vis>
<pos>
<gml:Point gml:id="K2_4647611901_1-g" srsName="fguuid:jgd2011.bl">
<gml:pos>33.062966028 129.105680028</gml:pos>
</gml:Point>
</pos>
<type>標高点（測点）</type>
<alti>32</alti>
</ElevPt>
<ElevPt gml:id="K2_4647611907_1">
<fid>46476-11907-i-147</fid>
<lfSpanFr gml:id="K2_4647611907_1-1">
<gml:timePosition>2020-10-13</gml:timePosition>
</lfSpanFr>
<devDate gml:id="K2_4647611907_1-2">
<gml:timePosition>2024-11-29</gml:timePosition>
</devDate>
<orgGILvl>25000</orgGILvl>
<vis>表示</vis>
<pos>
<gml:Point gml:id="K2_4647611907_1-g" srsName="fguuid:jgd2011.bl">
<gml:pos>33.078254389 129.103918778</gml:pos>
</gml:Point>
</pos>
<type>標高点（測点）</type>
<alti>161</alti>
</ElevPt>
</Dataset>
