<?xml version="1.0" encoding="utf-8"?>
<Dataset xsi:schemaLocation="http://fgd.gsi.go.jp/spec/2008/FGD_GMLSchema FGD_GMLSchema.xsd"
	xmlns:gml="http://www.opengis.net/gml/3.2"
	xmlns:xsi="http://www.w3.org/2001/XMLSchema-instance"
	xmlns:xlink="http://www.w3.org/1999/xlink"
	xmlns="http://fgd.gsi.go.jp/spec/2008/FGD_GMLSchema"
	gml:id="Dataset1">
  <gml:description>基盤地図情報メタデータ ID=fmdid:25-0101</gml:description>
  <gml:name>基盤地図情報ダウンロードデータ（GML版）</gml:name>
<WStrL gml:id="K27_4646111883_1">
<fid>46461-11883-s-831</fid>
<lfSpanFr gml:id="K27_4646111883_1-1">
<gml:timePosition>2018-02-09</gml:timePosition>
</lfSpanFr>
<devDate gml:id="K27_4646111883_1-2">
<gml:timePosition>2024-11-29</gml:timePosition>
</devDate>
<orgGILvl>2500</orgGILvl>
<vis>表示</vis>
<loc>
<gml:Curve gml:id="K27_4646111883_1-g" srsName="fguuid:jgd2011.bl">
<gml:segments>
<gml:LineStringSegment>
<gml:posList>
33.012784445 129.066066160
33.012967252 129.066061850
</gml:posList>
</gml:LineStringSegment>
</gml:segments>
</gml:Curve>
</loc>
<type>ダム</type>
</WStrL>
<WStrL gml:id="K27_4646111883_2">
<fid>46461-11883-s-913</fid>
<lfSpanFr gml:id="K27_4646111883_2-1">
<gml:timePosition>2018-02-09</gml:timePosition>
</lfSpanFr>
<devDate gml:id="K27_4646111883_2-2">
<gml:timePosition>2024-11-29</gml:timePosition>
</devDate>
<orgGILvl>2500</orgGILvl>
<vis>表示</vis>
<loc>
<gml:Curve gml:id="K27_4646111883_2-g" srsName="fguuid:jgd2011.bl">
<gml:segments>
<gml:LineStringSegment>
<gml:posList>
33.012968395 129.066079366
33.012917498 129.066141136
33.012884061 129.066141043
33.012859587 129.066140981
33.012805050 129.066092121
</gml:posList>
</gml:LineStringSegment>
</gml:segments>
</gml:Curve>
</loc>
<type>ダム</type>
</WStrL>
<WStrL gml:id="K27_4646111883_3">
<fid>46461-11883-s-914</fid>
<lfSpanFr gml:id="K27_4646111883_3-1">
<gml:timePosition>2018-02-09</gml:timePosition>
</lfSpanFr>
<devDate gml:id="K27_4646111883_3-2">
<gml:timePosition>2024-11-29</gml:timePosition>
</devDate>
<orgGILvl>2500</orgGILvl>
<vis>表示</vis>
<loc>
<gml:Curve gml:id="K27_4646111883_3-g" srsName="fguuid:jgd2011.bl">
<gml:segments>
<gml:LineStringSegment>
<gml:posList>
33.012805050 129.066092121
33.012784899 129.066093076
33.012784445 129.066066160
</gml:posList>
</gml:LineStringSegment>
</gml:segments>
</gml:Curve>
</loc>
<type>ダム</type>
</WStrL>
<WStrL gml:id="K27_4646111883_4">
<fid>46461-11883-s-915</fid>
<lfSpanFr gml:id="K27_4646111883_4-1">
<gml:timePosition>2018-02-09</gml:timePosition>
</lfSpanFr>
<devDate gml:id="K27_4646111883_4-2">
<gml:timePosition>2024-11-29</gml:timePosition>
</devDate>
<orgGILvl>2500</orgGILvl>
<vis>表示</vis>
<loc>
<gml:Curve gml:id="K27_4646111883_4-g" srsName="fguuid:jgd2011.bl">
<gml:segments>
<gml:LineStringSegment>
<gml:posList>
33.012968395 129.066079366
33.012805050 129.066092121
</gml:posList>
</gml:LineStringSegment>
</gml:segments>
</gml:Curve>
</loc>
<type>ダム</type>
</WStrL>
<WStrL gml:id="K27_4646111883_5">
<fid>46461-11883-s-916</fid>
<lfSpanFr gml:id="K27_4646111883_5-1">
<gml:timePosition>2018-02-09</gml:timePosition>
</lfSpanFr>
<devDate gml:id="K27_4646111883_5-2">
<gml:timePosition>2024-11-29</gml:timePosition>
</devDate>
<orgGILvl>2500</orgGILvl>
<vis>表示</vis>
<loc>
<gml:Curve gml:id="K27_4646111883_5-g" srsName="fguuid:jgd2011.bl">
<gml:segments>
<gml:LineStringSegment>
<gml:posList>
33.012968395 129.066079366
33.012967252 129.066061850
</gml:posList>
</gml:LineStringSegment>
</gml:segments>
</gml:Curve>
</loc>
<type>ダム</type>
</WStrL>
<WStrL gml:id="K27_4646411880_1">
<fid>46464-11880-s-525</fid>
<lfSpanFr gml:id="K27_4646411880_1-1">
<gml:timePosition>2015-11-17</gml:timePosition>
</lfSpanFr>
<devDate gml:id="K27_4646411880_1-2">
<gml:timePosition>2024-11-29</gml:timePosition>
</devDate>
<orgGILvl>2500</orgGILvl>
<vis>表示</vis>
<loc>
<gml:Curve gml:id="K27_4646411880_1-g" srsName="fguuid:jgd2011.bl">
<gml:segments>
<gml:LineStringSegment>
<gml:posList>
33.004442814 129.070323967
33.004429865 129.070350324
33.003994416 129.069947130
33.004017801 129.069926908
</gml:posList>
</gml:LineStringSegment>
</gml:segments>
</gml:Curve>
</loc>
<type>ダム</type>
</WStrL>
<WStrL gml:id="K27_4646411880_2">
<fid>46464-11880-s-526</fid>
<lfSpanFr gml:id="K27_4646411880_2-1">
<gml:timePosition>2015-11-17</gml:timePosition>
</lfSpanFr>
<devDate gml:id="K27_4646411880_2-2">
<gml:timePosition>2024-11-29</gml:timePosition>
</devDate>
<orgGILvl>2500</orgGILvl>
<vis>表示</vis>
<loc>
<gml:Curve gml:id="K27_4646411880_2-g" srsName="fguuid:jgd2011.bl">
<gml:segments>
<gml:LineStringSegment>
<gml:posList>
33.004017801 129.069926908
33.004254207 129.070063442
33.004309195 129.070131240
33.004442814 129.070323967
</gml:posList>
</gml:LineStringSegment>
</gml:segments>
</gml:Curve>
</loc>
<type>ダム</type>
</WStrL>
<WStrL gml:id="K27_4646411880_3">
<fid>46464-11880-s-527</fid>
<lfSpanFr gml:id="K27_4646411880_3-1">
<gml:timePosition>2015-11-17</gml:timePosition>
</lfSpanFr>
<devDate gml:id="K27_4646411880_3-2">
<gml:timePosition>2024-11-29</gml:timePosition>
</devDate>
<orgGILvl>2500</orgGILvl>
<vis>表示</vis>
<loc>
<gml:Curve gml:id="K27_4646411880_3-g" srsName="fguuid:jgd2011.bl">
<gml:segments>
<gml:LineStringSegment>
<gml:posList>
33.004017801 129.069926908
33.004442814 129.070323967
</gml:posList>
</gml:LineStringSegment>
</gml:segments>
</gml:Curve>
</loc>
<type>ダム</type>
</WStrL>
<WStrL gml:id="K27_4646411883_1">
<fid>46464-11883-s-1524</fid>
<lfSpanFr gml:id="K27_4646411883_1-1">
<gml:timePosition>2015-11-17</gml:timePosition>
</lfSpanFr>
<devDate gml:id="K27_4646411883_1-2">
<gml:timePosition>2024-11-29</gml:timePosition>
</devDate>
<orgGILvl>2500</orgGILvl>
<vis>表示</vis>
<loc>
<gml:Curve gml:id="K27_4646411883_1-g" srsName="fguuid:jgd2011.bl">
<gml:segments>
<gml:LineStringSegment>
<gml:posList>
33.013316774 129.072867447
33.013325253 129.072849671
</gml:posList>
</gml:LineStringSegment>
</gml:segments>
</gml:Curve>
</loc>
<type>ダム</type>
</WStrL>
<WStrL gml:id="K27_4646411883_2">
<fid>46464-11883-s-1750</fid>
<lfSpanFr gml:id="K27_4646411883_2-1">
<gml:timePosition>2018-02-09</gml:timePosition>
</lfSpanFr>
<devDate gml:id="K27_4646411883_2-2">
<gml:timePosition>2024-11-29</gml:timePosition>
</devDate>
<orgGILvl>2500</orgGILvl>
<vis>表示</vis>
<loc>
<gml:Curve gml:id="K27_4646411883_2-g" srsName="fguuid:jgd2011.bl">
<gml:segments>
<gml:LineStringSegment>
<gml:posList>
33.013556172 129.073015034
33.013526901 129.073004343
33.013513439 129.072999431
33.013450087 129.072982547
33.013420683 129.072970113
33.013410623 129.072963172
33.013390431 129.072947022
33.013361808 129.072917555
33.013353335 129.072907931
33.013338062 129.072890570
33.013316774 129.072867447
</gml:posList>
</gml:LineStringSegment>
</gml:segments>
</gml:Curve>
</loc>
<type>ダム</type>
</WStrL>
<WStrL gml:id="K27_4646411883_3">
<fid>46464-11883-s-1751</fid>
<lfSpanFr gml:id="K27_4646411883_3-1">
<gml:timePosition>2018-02-09</gml:timePosition>
</lfSpanFr>
<devDate gml:id="K27_4646411883_3-2">
<gml:timePosition>2024-11-29</gml:timePosition>
</devDate>
<orgGILvl>2500</orgGILvl>
<vis>表示</vis>
<loc>
<gml:Curve gml:id="K27_4646411883_3-g" srsName="fguuid:jgd2011.bl">
<gml:segments>
<gml:LineStringSegment>
<gml:posList>
33.013316774 129.072867447
33.013556172 129.073015034
</gml:posList>
</gml:LineStringSegment>
</gml:segments>
</gml:Curve>
</loc>
<type>ダム</type>
</WStrL>
<WStrL gml:id="K27_4646411883_4">
<fid>46464-11883-s-1752</fid>
<lfSpanFr gml:id="K27_4646411883_4-1">
<gml:timePosition>2018-02-09</gml:timePosition>
</lfSpanFr>
<devDate gml:id="K27_4646411883_4-2">
<gml:timePosition>2024-11-29</gml:timePosition>
</devDate>
<orgGILvl>2500</orgGILvl>
<vis>表示</vis>
<loc>
<gml:Curve gml:id="K27_4646411883_4-g" srsName="fguuid:jgd2011.bl">
<gml:segments>
<gml:LineStringSegment>
<gml:posList>
33.013325253 129.072849671
33.013376752 129.072881360
33.013473873 129.072942446
33.013502593 129.072960535
33.013562915 129.072998540
33.013556172 129.073015034
</gml:posList>
</gml:LineStringSegment>
</gml:segments>
</gml:Curve>
</loc>
<type>ダム</type>
</WStrL>
<WStrL gml:id="K27_4646411886_1">
<fid>46464-11886-s-2432</fid>
<lfSpanFr gml:id="K27_4646411886_1-1">
<gml:timePosition>2015-11-17</gml:timePosition>
</lfSpanFr>
<devDate gml:id="K27_4646411886_1-2">
<gml:timePosition>2024-11-29</gml:timePosition>
</devDate>
<orgGILvl>2500</orgGILvl>
<vis>表示</vis>
<loc>
<gml:Curve gml:id="K27_4646411886_1-g" srsName="fguuid:jgd2011.bl">
<gml:segments>
<gml:LineStringSegment>
<gml:posList>
33.022284018 129.070211926
33.022311083 129.069985305
</gml:posList>
</gml:LineStringSegment>
</gml:segments>
</gml:Curve>
</loc>
<type>防波堤</type>
</WStrL>
<WStrL gml:id="K27_4646411886_2">
<fid>46464-11886-s-2433</fid>
<lfSpanFr gml:id="K27_4646411886_2-1">
<gml:timePosition>2015-11-17</gml:timePosition>
</lfSpanFr>
<devDate gml:id="K27_4646411886_2-2">
<gml:timePosition>2024-11-29</gml:timePosition>
</devDate>
<orgGILvl>2500</orgGILvl>
<vis>表示</vis>
<loc>
<gml:Curve gml:id="K27_4646411886_2-g" srsName="fguuid:jgd2011.bl">
<gml:segments>
<gml:LineStringSegment>
<gml:posList>
33.023462383 129.075000000
33.023512259 129.074815828
33.023567332 129.074835153
33.023522211 129.075000000
</gml:posList>
</gml:LineStringSegment>
</gml:segments>
</gml:Curve>
</loc>
<type>防波堤</type>
</WStrL>
<WStrL gml:id="K27_4646411886_3">
<fid>46464-11886-s-2442</fid>
<lfSpanFr gml:id="K27_4646411886_3-1">
<gml:timePosition>2015-11-17</gml:timePosition>
</lfSpanFr>
<devDate gml:id="K27_4646411886_3-2">
<gml:timePosition>2024-11-29</gml:timePosition>
</devDate>
<orgGILvl>2500</orgGILvl>
<vis>表示</vis>
<loc>
<gml:Curve gml:id="K27_4646411886_3-g" srsName="fguuid:jgd2011.bl">
<gml:segments>
<gml:LineStringSegment>
<gml:posList>
33.018929596 129.073269102
33.019054096 129.073275684
33.019084274 129.073277284
33.019085221 129.073277333
33.019379750 129.073292323
33.019401026 129.073293398
33.019560989 129.073301544
33.019563823 129.073262803
33.019484240 129.073259173
33.018932045 129.073233950
</gml:posList>
</gml:LineStringSegment>
</gml:segments>
</gml:Curve>
</loc>
<type>防波堤</type>
</WStrL>
<WStrL gml:id="K27_4646411886_4">
<fid>46464-11886-s-2443</fid>
<lfSpanFr gml:id="K27_4646411886_4-1">
<gml:timePosition>2015-11-17</gml:timePosition>
</lfSpanFr>
<devDate gml:id="K27_4646411886_4-2">
<gml:timePosition>2024-11-29</gml:timePosition>
</devDate>
<orgGILvl>2500</orgGILvl>
<vis>表示</vis>
<loc>
<gml:Curve gml:id="K27_4646411886_4-g" srsName="fguuid:jgd2011.bl">
<gml:segments>
<gml:LineStringSegment>
<gml:posList>
33.019773134 129.074325750
33.019790484 129.074008607
33.019805660 129.073731250
33.019830740 129.073272778
33.019831827 129.073252960
33.019832735 129.073236418
33.019792504 129.073235381
33.019754104 129.073778028
33.019769297 129.073782857
33.019739029 129.074188123
</gml:posList>
</gml:LineStringSegment>
</gml:segments>
</gml:Curve>
</loc>
<type>防波堤</type>
</WStrL>
<WStrL gml:id="K27_4646411886_5">
<fid>46464-11886-s-2445</fid>
<lfSpanFr gml:id="K27_4646411886_5-1">
<gml:timePosition>2015-11-17</gml:timePosition>
</lfSpanFr>
<devDate gml:id="K27_4646411886_5-2">
<gml:timePosition>2024-11-29</gml:timePosition>
</devDate>
<orgGILvl>2500</orgGILvl>
<vis>表示</vis>
<loc>
<gml:Curve gml:id="K27_4646411886_5-g" srsName="fguuid:jgd2011.bl">
<gml:segments>
<gml:LineStringSegment>
<gml:posList>
33.021839444 129.072354042
33.021924736 129.071605700
33.022166956 129.071261727
33.022244074 129.070592878
33.022284018 129.070211926
</gml:posList>
</gml:LineStringSegment>
</gml:segments>
</gml:Curve>
</loc>
<type>防波堤</type>
</WStrL>
<WStrL gml:id="K27_4646411886_6">
<fid>46464-11886-s-2446</fid>
<lfSpanFr gml:id="K27_4646411886_6-1">
<gml:timePosition>2015-11-17</gml:timePosition>
</lfSpanFr>
<devDate gml:id="K27_4646411886_6-2">
<gml:timePosition>2024-11-29</gml:timePosition>
</devDate>
<orgGILvl>2500</orgGILvl>
<vis>表示</vis>
<loc>
<gml:Curve gml:id="K27_4646411886_6-g" srsName="fguuid:jgd2011.bl">
<gml:segments>
<gml:LineStringSegment>
<gml:posList>
33.022311083 129.069985305
33.022314456 129.069938169
33.022324445 129.069872054
</gml:posList>
</gml:LineStringSegment>
</gml:segments>
</gml:Curve>
</loc>
<type>防波堤</type>
</WStrL>
<WStrL gml:id="K27_4646411886_7">
<fid>46464-11886-s-2447</fid>
<lfSpanFr gml:id="K27_4646411886_7-1">
<gml:timePosition>2015-11-17</gml:timePosition>
</lfSpanFr>
<devDate gml:id="K27_4646411886_7-2">
<gml:timePosition>2024-11-29</gml:timePosition>
</devDate>
<orgGILvl>2500</orgGILvl>
<vis>表示</vis>
<loc>
<gml:Curve gml:id="K27_4646411886_7-g" srsName="fguuid:jgd2011.bl">
<gml:segments>
<gml:LineStringSegment>
<gml:posList>
33.022365668 129.069941302
33.022368922 129.069880679
</gml:posList>
</gml:LineStringSegment>
</gml:segments>
</gml:Curve>
</loc>
<type>防波堤</type>
</WStrL>
<WStrL gml:id="K27_4646411886_8">
<fid>46464-11886-s-2679</fid>
<lfSpanFr gml:id="K27_4646411886_8-1">
<gml:timePosition>2018-02-09</gml:timePosition>
</lfSpanFr>
<devDate gml:id="K27_4646411886_8-2">
<gml:timePosition>2024-11-29</gml:timePosition>
</devDate>
<orgGILvl>2500</orgGILvl>
<vis>表示</vis>
<loc>
<gml:Curve gml:id="K27_4646411886_8-g" srsName="fguuid:jgd2011.bl">
<gml:segments>
<gml:LineStringSegment>
<gml:posList>
33.022365668 129.069941302
33.022273993 129.070794475
33.022216596 129.071300664
33.021988766 129.071631101
33.021801543 129.073281137
33.021938019 129.073678374
33.021927507 129.073684355
33.021925590 129.073685435
33.021879339 129.073711711
33.021732480 129.073292485
33.021837869 129.072367836
</gml:posList>
</gml:LineStringSegment>
</gml:segments>
</gml:Curve>
</loc>
<type>防波堤</type>
</WStrL>
<WStrL gml:id="K27_4646711886_1">
<fid>46467-11886-s-1051</fid>
<lfSpanFr gml:id="K27_4646711886_1-1">
<gml:timePosition>2018-02-09</gml:timePosition>
</lfSpanFr>
<devDate gml:id="K27_4646711886_1-2">
<gml:timePosition>2024-11-29</gml:timePosition>
</devDate>
<orgGILvl>2500</orgGILvl>
<vis>表示</vis>
<loc>
<gml:Curve gml:id="K27_4646711886_1-g" srsName="fguuid:jgd2011.bl">
<gml:segments>
<gml:LineStringSegment>
<gml:posList>
33.022986169 129.077423698
33.023035691 129.077428353
33.023196528 129.079037158
33.023145675 129.079047195
33.022986169 129.077423698
</gml:posList>
</gml:LineStringSegment>
</gml:segments>
</gml:Curve>
</loc>
<type>防波堤</type>
</WStrL>
<WStrL gml:id="K27_4646711886_2">
<fid>46467-11886-s-1057</fid>
<lfSpanFr gml:id="K27_4646711886_2-1">
<gml:timePosition>2018-02-09</gml:timePosition>
</lfSpanFr>
<devDate gml:id="K27_4646711886_2-2">
<gml:timePosition>2024-11-29</gml:timePosition>
</devDate>
<orgGILvl>2500</orgGILvl>
<vis>表示</vis>
<loc>
<gml:Curve gml:id="K27_4646711886_2-g" srsName="fguuid:jgd2011.bl">
<gml:segments>
<gml:LineStringSegment>
<gml:posList>
33.023093949 129.076360473
33.023462383 129.075000000
</gml:posList>
</gml:LineStringSegment>
</gml:segments>
</gml:Curve>
</loc>
<type>防波堤</type>
</WStrL>
<WStrL gml:id="K27_4646711886_3">
<fid>46467-11886-s-1058</fid>
<lfSpanFr gml:id="K27_4646711886_3-1">
<gml:timePosition>2018-02-09</gml:timePosition>
</lfSpanFr>
<devDate gml:id="K27_4646711886_3-2">
<gml:timePosition>2024-11-29</gml:timePosition>
</devDate>
<orgGILvl>2500</orgGILvl>
<vis>表示</vis>
<loc>
<gml:Curve gml:id="K27_4646711886_3-g" srsName="fguuid:jgd2011.bl">
<gml:segments>
<gml:LineStringSegment>
<gml:posList>
33.023522211 129.075000000
33.023151692 129.076353667
</gml:posList>
</gml:LineStringSegment>
</gml:segments>
</gml:Curve>
</loc>
<type>防波堤</type>
</WStrL>
<WStrL gml:id="K27_4646711886_4">
<fid>46467-11886-s-1167</fid>
<lfSpanFr gml:id="K27_4646711886_4-1">
<gml:timePosition>2018-02-09</gml:timePosition>
</lfSpanFr>
<devDate gml:id="K27_4646711886_4-2">
<gml:timePosition>2024-11-29</gml:timePosition>
</devDate>
<orgGILvl>2500</orgGILvl>
<vis>表示</vis>
<loc>
<gml:Curve gml:id="K27_4646711886_4-g" srsName="fguuid:jgd2011.bl">
<gml:segments>
<gml:LineStringSegment>
<gml:posList>
33.023522222 129.075000000
33.023151694 129.076353667
33.023043722 129.077364667
33.023035694 129.077428361
33.023196528 129.079037167
33.023145667 129.079047194
33.022986167 129.077423694
33.021804278 129.077246500
</gml:posList>
</gml:LineStringSegment>
</gml:segments>
</gml:Curve>
</loc>
<type>防波堤</type>
</WStrL>
</Dataset>
