<?xml version="1.0" encoding="utf-8"?>
<Dataset xsi:schemaLocation="http://fgd.gsi.go.jp/spec/2008/FGD_GMLSchema FGD_GMLSchema.xsd"
	xmlns:gml="http://www.opengis.net/gml/3.2"
	xmlns:xsi="http://www.w3.org/2001/XMLSchema-instance"
	xmlns:xlink="http://www.w3.org/1999/xlink"
	xmlns="http://fgd.gsi.go.jp/spec/2008/FGD_GMLSchema"
	gml:id="Dataset1">
  <gml:description>基盤地図情報メタデータ ID=fmdid:25-0101</gml:description>
  <gml:name>基盤地図情報ダウンロードデータ（GML版）</gml:name>
<GCP gml:id="K1_492940_1">
<fid>10-00100-0-2411-145194</fid>
<lfSpanFr gml:id="K1_492940_1-1">
<gml:timePosition>2024-11-15</gml:timePosition>
</lfSpanFr>
<devDate gml:id="K1_492940_1-2">
<gml:timePosition>2024-11-29</gml:timePosition>
</devDate>
<orgGILvl>SJ12</orgGILvl>
<vis>表示</vis>
<pos>
<gml:Point gml:id="K1_492940_1-g" srsName="fguuid:jgd2011.bl">
<gml:pos>33.057177778 129.099047222</gml:pos>
</gml:Point>
</pos>
<orgName>国土地理院</orgName>
<type>水準点</type>
<gcpClass>二等水準点</gcpClass>
<gcpCode>L020000010591</gcpCode>
<name>１０５９１</name>
<B>119005.84</B>
<L>464756.57</L>
<alti>26.624</alti>
<altiAcc>3</altiAcc>
</GCP>
<GCP gml:id="K1_492940_2">
<fid>10-00100-0-2411-145195</fid>
<lfSpanFr gml:id="K1_492940_2-1">
<gml:timePosition>2024-11-15</gml:timePosition>
</lfSpanFr>
<devDate gml:id="K1_492940_2-2">
<gml:timePosition>2024-11-29</gml:timePosition>
</devDate>
<orgGILvl>SJ12</orgGILvl>
<vis>表示</vis>
<pos>
<gml:Point gml:id="K1_492940_2-g" srsName="fguuid:jgd2011.bl">
<gml:pos>33.021458333 129.082263889</gml:pos>
</gml:Point>
</pos>
<orgName>国土地理院</orgName>
<type>水準点</type>
<gcpClass>二等水準点</gcpClass>
<gcpCode>L020000010592</gcpCode>
<name>１０５９２</name>
<B>118877.25</B>
<L>464696.15</L>
<alti>9.63</alti>
<altiAcc>3</altiAcc>
</GCP>
<GCP gml:id="K1_492940_3">
<fid>10-00100-0-2411-151064</fid>
<lfSpanFr gml:id="K1_492940_3-1">
<gml:timePosition>2024-11-15</gml:timePosition>
</lfSpanFr>
<devDate gml:id="K1_492940_3-2">
<gml:timePosition>2024-11-29</gml:timePosition>
</devDate>
<orgGILvl>KJ11</orgGILvl>
<vis>表示</vis>
<pos>
<gml:Point gml:id="K1_492940_3-g" srsName="fguuid:jgd2011.bl">
<gml:pos>33.065683056 129.093209194</gml:pos>
</gml:Point>
</pos>
<orgName>国土地理院</orgName>
<type>三角点</type>
<gcpClass>一等三角点</gcpClass>
<gcpCode>TR14929407701</gcpCode>
<name>番岳</name>
<B>119036.459</B>
<L>464735.5531</L>
<alti>442.32</alti>
<altiAcc>2</altiAcc>
</GCP>
<GCP gml:id="K1_492940_4">
<fid>10-00100-0-2411-152252</fid>
<lfSpanFr gml:id="K1_492940_4-1">
<gml:timePosition>2024-11-15</gml:timePosition>
</lfSpanFr>
<devDate gml:id="K1_492940_4-2">
<gml:timePosition>2024-11-29</gml:timePosition>
</devDate>
<orgGILvl>KJ12</orgGILvl>
<vis>表示</vis>
<pos>
<gml:Point gml:id="K1_492940_4-g" srsName="fguuid:jgd2011.bl">
<gml:pos>33.009921778 129.056138806</gml:pos>
</gml:Point>
</pos>
<orgName>国土地理院</orgName>
<type>三角点</type>
<gcpClass>二等三角点</gcpClass>
<gcpCode>TR24929401401</gcpCode>
<name>内田留見</name>
<B>118835.7184</B>
<L>464602.0997</L>
<alti>430.26</alti>
<altiAcc>2</altiAcc>
</GCP>
<GCP gml:id="K1_492940_5">
<fid>10-00100-0-2411-158862</fid>
<lfSpanFr gml:id="K1_492940_5-1">
<gml:timePosition>2024-11-15</gml:timePosition>
</lfSpanFr>
<devDate gml:id="K1_492940_5-2">
<gml:timePosition>2024-11-29</gml:timePosition>
</devDate>
<orgGILvl>KJ13</orgGILvl>
<vis>表示</vis>
<pos>
<gml:Point gml:id="K1_492940_5-g" srsName="fguuid:jgd2011.bl">
<gml:pos>33.011992583 129.082610583</gml:pos>
</gml:Point>
</pos>
<orgName>国土地理院</orgName>
<type>三角点</type>
<gcpClass>三等三角点</gcpClass>
<gcpCode>TR34929401601</gcpCode>
<name>番岳</name>
<B>118843.1733</B>
<L>464697.3981</L>
<alti>367.72</alti>
<altiAcc>2</altiAcc>
</GCP>
<GCP gml:id="K1_492940_6">
<fid>10-00100-0-2411-158863</fid>
<lfSpanFr gml:id="K1_492940_6-1">
<gml:timePosition>2024-11-15</gml:timePosition>
</lfSpanFr>
<devDate gml:id="K1_492940_6-2">
<gml:timePosition>2024-11-29</gml:timePosition>
</devDate>
<orgGILvl>KJ13</orgGILvl>
<vis>表示</vis>
<pos>
<gml:Point gml:id="K1_492940_6-g" srsName="fguuid:jgd2011.bl">
<gml:pos>33.027327750 129.093868028</gml:pos>
</gml:Point>
</pos>
<orgName>国土地理院</orgName>
<type>三角点</type>
<gcpClass>三等三角点</gcpClass>
<gcpCode>TR34929403701</gcpCode>
<name>似首</name>
<B>118898.3799</B>
<L>464737.9249</L>
<alti>188.25</alti>
<altiAcc>2</altiAcc>
</GCP>
<GCP gml:id="K1_492940_7">
<fid>10-00100-0-2411-158864</fid>
<lfSpanFr gml:id="K1_492940_7-1">
<gml:timePosition>2024-11-15</gml:timePosition>
</lfSpanFr>
<devDate gml:id="K1_492940_7-2">
<gml:timePosition>2024-11-29</gml:timePosition>
</devDate>
<orgGILvl>KJ13</orgGILvl>
<vis>表示</vis>
<pos>
<gml:Point gml:id="K1_492940_7-g" srsName="fguuid:jgd2011.bl">
<gml:pos>33.036242583 129.059806972</gml:pos>
</gml:Point>
</pos>
<orgName>国土地理院</orgName>
<type>三角点</type>
<gcpClass>三等三角点</gcpClass>
<gcpCode>TR34929404401</gcpCode>
<name>網上</name>
<B>118930.4733</B>
<L>464615.3051</L>
<alti>316.5</alti>
<altiAcc>2</altiAcc>
</GCP>
<GCP gml:id="K1_492940_8">
<fid>10-00100-0-2411-158865</fid>
<lfSpanFr gml:id="K1_492940_8-1">
<gml:timePosition>2024-11-15</gml:timePosition>
</lfSpanFr>
<devDate gml:id="K1_492940_8-2">
<gml:timePosition>2024-11-29</gml:timePosition>
</devDate>
<orgGILvl>KJ13</orgGILvl>
<vis>表示</vis>
<pos>
<gml:Point gml:id="K1_492940_8-g" srsName="fguuid:jgd2011.bl">
<gml:pos>33.062423917 129.112045639</gml:pos>
</gml:Point>
</pos>
<orgName>国土地理院</orgName>
<type>三角点</type>
<gcpClass>三等三角点</gcpClass>
<gcpCode>TR34929407801</gcpCode>
<name>先筋</name>
<B>119024.7261</B>
<L>464803.3643</L>
<alti>81.49</alti>
<altiAcc>2</altiAcc>
</GCP>
<GCP gml:id="K1_492940_9">
<fid>10-00100-0-2411-194936</fid>
<lfSpanFr gml:id="K1_492940_9-1">
<gml:timePosition>2024-11-15</gml:timePosition>
</lfSpanFr>
<devDate gml:id="K1_492940_9-2">
<gml:timePosition>2024-11-29</gml:timePosition>
</devDate>
<orgGILvl>KJ14</orgGILvl>
<vis>表示</vis>
<pos>
<gml:Point gml:id="K1_492940_9-g" srsName="fguuid:jgd2011.bl">
<gml:pos>33.006075778 129.010204528</gml:pos>
</gml:Point>
</pos>
<orgName>国土地理院</orgName>
<type>三角点</type>
<gcpClass>四等三角点</gcpClass>
<gcpCode>TR44929400001</gcpCode>
<name>祝言島</name>
<B>118821.8728</B>
<L>464436.7363</L>
<alti>128.47</alti>
<altiAcc>2</altiAcc>
</GCP>
<GCP gml:id="K1_492940_10">
<fid>10-00100-0-2411-194937</fid>
<lfSpanFr gml:id="K1_492940_10-1">
<gml:timePosition>2024-11-15</gml:timePosition>
</lfSpanFr>
<devDate gml:id="K1_492940_10-2">
<gml:timePosition>2024-11-29</gml:timePosition>
</devDate>
<orgGILvl>KJ14</orgGILvl>
<vis>表示</vis>
<pos>
<gml:Point gml:id="K1_492940_10-g" srsName="fguuid:jgd2011.bl">
<gml:pos>33.000744056 129.055561722</gml:pos>
</gml:Point>
</pos>
<orgName>国土地理院</orgName>
<type>三角点</type>
<gcpClass>四等三角点</gcpClass>
<gcpCode>TR44929400401</gcpCode>
<name>日暮山</name>
<B>118802.6786</B>
<L>464600.0222</L>
<alti>295.6</alti>
<altiAcc>2</altiAcc>
</GCP>
<GCP gml:id="K1_492940_11">
<fid>10-00100-0-2411-194938</fid>
<lfSpanFr gml:id="K1_492940_11-1">
<gml:timePosition>2024-11-15</gml:timePosition>
</lfSpanFr>
<devDate gml:id="K1_492940_11-2">
<gml:timePosition>2024-11-29</gml:timePosition>
</devDate>
<orgGILvl>KJ14</orgGILvl>
<vis>表示</vis>
<pos>
<gml:Point gml:id="K1_492940_11-g" srsName="fguuid:jgd2011.bl">
<gml:pos>33.003628361 129.076968889</gml:pos>
</gml:Point>
</pos>
<orgName>国土地理院</orgName>
<type>三角点</type>
<gcpClass>四等三角点</gcpClass>
<gcpCode>TR44929400601</gcpCode>
<name>榎津</name>
<B>118813.0621</B>
<L>464677.088</L>
<alti>284.59</alti>
<altiAcc>2</altiAcc>
</GCP>
<GCP gml:id="K1_492940_12">
<fid>10-00100-0-2411-194939</fid>
<lfSpanFr gml:id="K1_492940_12-1">
<gml:timePosition>2024-11-15</gml:timePosition>
</lfSpanFr>
<devDate gml:id="K1_492940_12-2">
<gml:timePosition>2024-11-29</gml:timePosition>
</devDate>
<orgGILvl>KJ14</orgGILvl>
<vis>表示</vis>
<pos>
<gml:Point gml:id="K1_492940_12-g" srsName="fguuid:jgd2011.bl">
<gml:pos>33.010846583 129.026690611</gml:pos>
</gml:Point>
</pos>
<orgName>国土地理院</orgName>
<type>三角点</type>
<gcpClass>四等三角点</gcpClass>
<gcpCode>TR44929401201</gcpCode>
<name>上岳</name>
<B>118839.0477</B>
<L>464496.0862</L>
<alti>137.97</alti>
<altiAcc>2</altiAcc>
</GCP>
<GCP gml:id="K1_492940_13">
<fid>10-00100-0-2411-194940</fid>
<lfSpanFr gml:id="K1_492940_13-1">
<gml:timePosition>2024-11-15</gml:timePosition>
</lfSpanFr>
<devDate gml:id="K1_492940_13-2">
<gml:timePosition>2024-11-29</gml:timePosition>
</devDate>
<orgGILvl>KJ14</orgGILvl>
<vis>表示</vis>
<pos>
<gml:Point gml:id="K1_492940_13-g" srsName="fguuid:jgd2011.bl">
<gml:pos>33.020725028 129.048670444</gml:pos>
</gml:Point>
</pos>
<orgName>国土地理院</orgName>
<type>三角点</type>
<gcpClass>四等三角点</gcpClass>
<gcpCode>TR44929402301</gcpCode>
<name>熊高</name>
<B>118874.6101</B>
<L>464575.2136</L>
<alti>297.74</alti>
<altiAcc>2</altiAcc>
</GCP>
<GCP gml:id="K1_492940_14">
<fid>10-00100-0-2411-194941</fid>
<lfSpanFr gml:id="K1_492940_14-1">
<gml:timePosition>2024-11-15</gml:timePosition>
</lfSpanFr>
<devDate gml:id="K1_492940_14-2">
<gml:timePosition>2024-11-29</gml:timePosition>
</devDate>
<orgGILvl>KJ14</orgGILvl>
<vis>表示</vis>
<pos>
<gml:Point gml:id="K1_492940_14-g" srsName="fguuid:jgd2011.bl">
<gml:pos>33.027417750 129.057333639</gml:pos>
</gml:Point>
</pos>
<orgName>国土地理院</orgName>
<type>三角点</type>
<gcpClass>四等三角点</gcpClass>
<gcpCode>TR44929403401</gcpCode>
<name>弥八岳</name>
<B>118898.7039</B>
<L>464606.4011</L>
<alti>390.0</alti>
<altiAcc>2</altiAcc>
</GCP>
<GCP gml:id="K1_492940_15">
<fid>10-00100-0-2411-194942</fid>
<lfSpanFr gml:id="K1_492940_15-1">
<gml:timePosition>2024-11-15</gml:timePosition>
</lfSpanFr>
<devDate gml:id="K1_492940_15-2">
<gml:timePosition>2024-11-29</gml:timePosition>
</devDate>
<orgGILvl>KJ14</orgGILvl>
<vis>表示</vis>
<pos>
<gml:Point gml:id="K1_492940_15-g" srsName="fguuid:jgd2011.bl">
<gml:pos>33.035127806 129.087273028</gml:pos>
</gml:Point>
</pos>
<orgName>国土地理院</orgName>
<type>三角点</type>
<gcpClass>四等三角点</gcpClass>
<gcpCode>TR44929404601</gcpCode>
<name>大谷</name>
<B>118926.4601</B>
<L>464714.1829</L>
<alti>193.11</alti>
<altiAcc>2</altiAcc>
</GCP>
<GCP gml:id="K1_492940_16">
<fid>10-00100-0-2411-194943</fid>
<lfSpanFr gml:id="K1_492940_16-1">
<gml:timePosition>2024-11-15</gml:timePosition>
</lfSpanFr>
<devDate gml:id="K1_492940_16-2">
<gml:timePosition>2024-11-29</gml:timePosition>
</devDate>
<orgGILvl>KJ14</orgGILvl>
<vis>表示</vis>
<pos>
<gml:Point gml:id="K1_492940_16-g" srsName="fguuid:jgd2011.bl">
<gml:pos>33.049404528 129.087982222</gml:pos>
</gml:Point>
</pos>
<orgName>国土地理院</orgName>
<type>三角点</type>
<gcpClass>四等三角点</gcpClass>
<gcpCode>TR44929405701</gcpCode>
<name>船倉</name>
<B>118977.8563</B>
<L>464716.736</L>
<alti>313.2</alti>
<altiAcc>2</altiAcc>
</GCP>
<GCP gml:id="K1_492940_17">
<fid>10-00100-0-2411-194944</fid>
<lfSpanFr gml:id="K1_492940_17-1">
<gml:timePosition>2024-11-15</gml:timePosition>
</lfSpanFr>
<devDate gml:id="K1_492940_17-2">
<gml:timePosition>2024-11-29</gml:timePosition>
</devDate>
<orgGILvl>KJ14</orgGILvl>
<vis>表示</vis>
<pos>
<gml:Point gml:id="K1_492940_17-g" srsName="fguuid:jgd2011.bl">
<gml:pos>33.049450000 129.103955361</gml:pos>
</gml:Point>
</pos>
<orgName>国土地理院</orgName>
<type>三角点</type>
<gcpClass>四等三角点</gcpClass>
<gcpCode>TR44929405801</gcpCode>
<name>小串鼻</name>
<B>118978.02</B>
<L>464774.2393</L>
<alti>74.66</alti>
<altiAcc>2</altiAcc>
</GCP>
<GCP gml:id="K1_492940_18">
<fid>10-00100-0-2411-194945</fid>
<lfSpanFr gml:id="K1_492940_18-1">
<gml:timePosition>2024-11-15</gml:timePosition>
</lfSpanFr>
<devDate gml:id="K1_492940_18-2">
<gml:timePosition>2024-11-29</gml:timePosition>
</devDate>
<orgGILvl>KJ14</orgGILvl>
<vis>表示</vis>
<pos>
<gml:Point gml:id="K1_492940_18-g" srsName="fguuid:jgd2011.bl">
<gml:pos>33.056210417 129.074952278</gml:pos>
</gml:Point>
</pos>
<orgName>国土地理院</orgName>
<type>三角点</type>
<gcpClass>四等三角点</gcpClass>
<gcpCode>TR44929406501</gcpCode>
<name>曾根崎</name>
<B>119002.3575</B>
<L>464669.8282</L>
<alti>9.17</alti>
<altiAcc>2</altiAcc>
</GCP>
<GCP gml:id="K1_492940_19">
<fid>10-00100-0-2411-194946</fid>
<lfSpanFr gml:id="K1_492940_19-1">
<gml:timePosition>2024-11-15</gml:timePosition>
</lfSpanFr>
<devDate gml:id="K1_492940_19-2">
<gml:timePosition>2024-11-29</gml:timePosition>
</devDate>
<orgGILvl>KJ14</orgGILvl>
<vis>表示</vis>
<pos>
<gml:Point gml:id="K1_492940_19-g" srsName="fguuid:jgd2011.bl">
<gml:pos>33.058428833 129.101334472</gml:pos>
</gml:Point>
</pos>
<orgName>国土地理院</orgName>
<type>三角点</type>
<gcpClass>四等三角点</gcpClass>
<gcpCode>TR44929407802</gcpCode>
<name>浄水池</name>
<B>119010.3438</B>
<L>464764.8041</L>
<alti>63.86</alti>
<altiAcc>2</altiAcc>
</GCP>
<GCP gml:id="K1_492940_20">
<fid>10-00100-0-2411-194947</fid>
<lfSpanFr gml:id="K1_492940_20-1">
<gml:timePosition>2024-11-15</gml:timePosition>
</lfSpanFr>
<devDate gml:id="K1_492940_20-2">
<gml:timePosition>2024-11-29</gml:timePosition>
</devDate>
<orgGILvl>KJ14</orgGILvl>
<vis>表示</vis>
<pos>
<gml:Point gml:id="K1_492940_20-g" srsName="fguuid:jgd2011.bl">
<gml:pos>33.070516861 129.101577833</gml:pos>
</gml:Point>
</pos>
<orgName>国土地理院</orgName>
<type>三角点</type>
<gcpClass>四等三角点</gcpClass>
<gcpCode>TR44929408801</gcpCode>
<name>深河内</name>
<B>119053.8607</B>
<L>464765.6802</L>
<alti>348.66</alti>
<altiAcc>2</altiAcc>
</GCP>
<GCP gml:id="K1_492940_21">
<fid>10-00100-0-2411-194948</fid>
<lfSpanFr gml:id="K1_492940_21-1">
<gml:timePosition>2024-11-15</gml:timePosition>
</lfSpanFr>
<devDate gml:id="K1_492940_21-2">
<gml:timePosition>2024-11-29</gml:timePosition>
</devDate>
<orgGILvl>KJ14</orgGILvl>
<vis>表示</vis>
<pos>
<gml:Point gml:id="K1_492940_21-g" srsName="fguuid:jgd2011.bl">
<gml:pos>33.077223389 129.092888889</gml:pos>
</gml:Point>
</pos>
<orgName>国土地理院</orgName>
<type>三角点</type>
<gcpClass>四等三角点</gcpClass>
<gcpCode>TR44929409701</gcpCode>
<name>大水</name>
<B>119078.0042</B>
<L>464734.4</L>
<alti>107.92</alti>
<altiAcc>2</altiAcc>
</GCP>
<GCP gml:id="K1_492940_22">
<fid>10-00100-0-2411-194949</fid>
<lfSpanFr gml:id="K1_492940_22-1">
<gml:timePosition>2024-11-15</gml:timePosition>
</lfSpanFr>
<devDate gml:id="K1_492940_22-2">
<gml:timePosition>2024-11-29</gml:timePosition>
</devDate>
<orgGILvl>KJ14</orgGILvl>
<vis>表示</vis>
<pos>
<gml:Point gml:id="K1_492940_22-g" srsName="fguuid:jgd2011.bl">
<gml:pos>33.081389778 129.107466889</gml:pos>
</gml:Point>
</pos>
<orgName>国土地理院</orgName>
<type>三角点</type>
<gcpClass>四等三角点</gcpClass>
<gcpCode>TR44929409801</gcpCode>
<name>見張所</name>
<B>119093.0032</B>
<L>464786.8808</L>
<alti>207.37</alti>
<altiAcc>2</altiAcc>
</GCP>
</Dataset>
