<?xml version="1.0" encoding="utf-8"?>
<Dataset xsi:schemaLocation="http://fgd.gsi.go.jp/spec/2008/FGD_GMLSchema FGD_GMLSchema.xsd"
	xmlns:gml="http://www.opengis.net/gml/3.2"
	xmlns:xsi="http://www.w3.org/2001/XMLSchema-instance"
	xmlns:xlink="http://www.w3.org/1999/xlink"
	xmlns="http://fgd.gsi.go.jp/spec/2008/FGD_GMLSchema"
	gml:id="Dataset1">
  <gml:description>基盤地図情報メタデータ ID=fmdid:25-0101</gml:description>
  <gml:name>基盤地図情報ダウンロードデータ（GML版）</gml:name>
<AdmPt gml:id="K6_4644311880_1">
<fid>46443-11880-i-89</fid>
<lfSpanFr gml:id="K6_4644311880_1-1">
<gml:timePosition>2020-10-13</gml:timePosition>
</lfSpanFr>
<devDate gml:id="K6_4644311880_1-2">
<gml:timePosition>2024-11-29</gml:timePosition>
</devDate>
<orgGILvl>25000</orgGILvl>
<vis>非表示</vis>
<pos>
<gml:Point gml:id="K6_4644311880_1-g" srsName="fguuid:jgd2011.bl">
<gml:pos>33.008202768 129.011910613</gml:pos>
</gml:Point>
</pos>
<type>町村・指定都市の区</type>
<name>新上五島町</name>
<admCode>42411</admCode>
</AdmPt>
<AdmPt gml:id="K6_4647011895_1">
<fid>46470-11895-i-241</fid>
<lfSpanFr gml:id="K6_4647011895_1-1">
<gml:timePosition>2020-10-13</gml:timePosition>
</lfSpanFr>
<devDate gml:id="K6_4647011895_1-2">
<gml:timePosition>2024-11-29</gml:timePosition>
</devDate>
<orgGILvl>25000</orgGILvl>
<vis>非表示</vis>
<pos>
<gml:Point gml:id="K6_4647011895_1-g" srsName="fguuid:jgd2011.bl">
<gml:pos>33.041990508 129.090115350</gml:pos>
</gml:Point>
</pos>
<type>町村・指定都市の区</type>
<name>新上五島町</name>
<admCode>42411</admCode>
</AdmPt>
</Dataset>
