<?xml version="1.0" encoding="utf-8"?>
<Dataset xsi:schemaLocation="http://fgd.gsi.go.jp/spec/2008/FGD_GMLSchema FGD_GMLSchema.xsd"
	xmlns:gml="http://www.opengis.net/gml/3.2"
	xmlns:xsi="http://www.w3.org/2001/XMLSchema-instance"
	xmlns:xlink="http://www.w3.org/1999/xlink"
	xmlns="http://fgd.gsi.go.jp/spec/2008/FGD_GMLSchema"
	gml:id="Dataset1">
  <gml:description>基盤地図情報メタデータ ID=fmdid:24-0401</gml:description>
  <gml:name>基盤地図情報ダウンロードデータ（GML版）</gml:name>
<GCP gml:id="K1_482965_1">
<fid>10-00100-0-2303-152016</fid>
<lfSpanFr gml:id="K1_482965_1-1">
<gml:timePosition>2024-03-06</gml:timePosition>
</lfSpanFr>
<devDate gml:id="K1_482965_1-2">
<gml:timePosition>2024-03-13</gml:timePosition>
</devDate>
<orgGILvl>KJ12</orgGILvl>
<vis>表示</vis>
<pos>
<gml:Point gml:id="K1_482965_1-g" srsName="fguuid:jgd2011.bl">
<gml:pos>32.579810444 129.740528389</gml:pos>
</gml:Point>
</pos>
<orgName>国土地理院</orgName>
<type>三角点</type>
<gcpClass>二等三角点</gcpClass>
<gcpCode>TR24829659901</gcpCode>
<name>野母崎</name>
<B>117287.3176</B>
<L>467065.9022</L>
<alti>198.47</alti>
<altiAcc>2</altiAcc>
</GCP>
</Dataset>
