<?xml version="1.0" encoding="utf-8"?>
<Dataset xsi:schemaLocation="http://fgd.gsi.go.jp/spec/2008/FGD_GMLSchema FGD_GMLSchema.xsd"
	xmlns:gml="http://www.opengis.net/gml/3.2"
	xmlns:xsi="http://www.w3.org/2001/XMLSchema-instance"
	xmlns:xlink="http://www.w3.org/1999/xlink"
	xmlns="http://fgd.gsi.go.jp/spec/2008/FGD_GMLSchema"
	gml:id="Dataset1">
  <gml:description>基盤地図情報メタデータ ID=fmdid:25-0331</gml:description>
  <gml:name>基盤地図情報ダウンロードデータ（GML版）</gml:name>
<ElevPt gml:id="K2_4671011733_1">
<fid>46710-11733-i-201</fid>
<lfSpanFr gml:id="K2_4671011733_1-1">
<gml:timePosition>2023-02-21</gml:timePosition>
</lfSpanFr>
<devDate gml:id="K2_4671011733_1-2">
<gml:timePosition>2025-02-26</gml:timePosition>
</devDate>
<orgGILvl>25000</orgGILvl>
<vis>表示</vis>
<pos>
<gml:Point gml:id="K2_4671011733_1-g" srsName="fguuid:jgd2011.bl">
<gml:pos>32.591926667 129.754561944</gml:pos>
</gml:Point>
</pos>
<type>標高点（測点）</type>
<alti>39</alti>
</ElevPt>
<ElevPt gml:id="K2_4671011754_1">
<fid>46710-11754-i-767</fid>
<lfSpanFr gml:id="K2_4671011754_1-1">
<gml:timePosition>2023-02-21</gml:timePosition>
</lfSpanFr>
<devDate gml:id="K2_4671011754_1-2">
<gml:timePosition>2025-02-26</gml:timePosition>
</devDate>
<orgGILvl>25000</orgGILvl>
<vis>表示</vis>
<pos>
<gml:Point gml:id="K2_4671011754_1-g" srsName="fguuid:jgd2011.bl">
<gml:pos>32.654065556 129.756384167</gml:pos>
</gml:Point>
</pos>
<type>標高点（測点）</type>
<alti>41</alti>
</ElevPt>
<ElevPt gml:id="K2_4671011757_1">
<fid>46710-11757-i-2156</fid>
<lfSpanFr gml:id="K2_4671011757_1-1">
<gml:timePosition>2023-02-21</gml:timePosition>
</lfSpanFr>
<devDate gml:id="K2_4671011757_1-2">
<gml:timePosition>2025-02-26</gml:timePosition>
</devDate>
<orgGILvl>25000</orgGILvl>
<vis>表示</vis>
<pos>
<gml:Point gml:id="K2_4671011757_1-g" srsName="fguuid:jgd2011.bl">
<gml:pos>32.666458889 129.751417500</gml:pos>
</gml:Point>
</pos>
<type>標高点（測点）</type>
<alti>17</alti>
</ElevPt>
<ElevPt gml:id="K2_4671311730_1">
<fid>46713-11730-i-958</fid>
<lfSpanFr gml:id="K2_4671311730_1-1">
<gml:timePosition>2023-02-21</gml:timePosition>
</lfSpanFr>
<devDate gml:id="K2_4671311730_1-2">
<gml:timePosition>2025-02-26</gml:timePosition>
</devDate>
<orgGILvl>25000</orgGILvl>
<vis>表示</vis>
<pos>
<gml:Point gml:id="K2_4671311730_1-g" srsName="fguuid:jgd2011.bl">
<gml:pos>32.589240000 129.761501111</gml:pos>
</gml:Point>
</pos>
<type>標高点（測点）</type>
<alti>77</alti>
</ElevPt>
<ElevPt gml:id="K2_4671611733_1">
<fid>46716-11733-i-655</fid>
<lfSpanFr gml:id="K2_4671611733_1-1">
<gml:timePosition>2023-02-21</gml:timePosition>
</lfSpanFr>
<devDate gml:id="K2_4671611733_1-2">
<gml:timePosition>2025-02-26</gml:timePosition>
</devDate>
<orgGILvl>25000</orgGILvl>
<vis>表示</vis>
<pos>
<gml:Point gml:id="K2_4671611733_1-g" srsName="fguuid:jgd2011.bl">
<gml:pos>32.595620278 129.772147500</gml:pos>
</gml:Point>
</pos>
<type>標高点（測点）</type>
<alti>81</alti>
</ElevPt>
<ElevPt gml:id="K2_4671911736_1">
<fid>46719-11736-i-1195</fid>
<lfSpanFr gml:id="K2_4671911736_1-1">
<gml:timePosition>2023-02-21</gml:timePosition>
</lfSpanFr>
<devDate gml:id="K2_4671911736_1-2">
<gml:timePosition>2025-02-26</gml:timePosition>
</devDate>
<orgGILvl>25000</orgGILvl>
<vis>表示</vis>
<pos>
<gml:Point gml:id="K2_4671911736_1-g" srsName="fguuid:jgd2011.bl">
<gml:pos>32.601672222 129.776920278</gml:pos>
</gml:Point>
</pos>
<type>標高点（測点）</type>
<alti>28</alti>
</ElevPt>
<ElevPt gml:id="K2_4672211733_1">
<fid>46722-11733-i-300</fid>
<lfSpanFr gml:id="K2_4672211733_1-1">
<gml:timePosition>2023-02-21</gml:timePosition>
</lfSpanFr>
<devDate gml:id="K2_4672211733_1-2">
<gml:timePosition>2025-02-26</gml:timePosition>
</devDate>
<orgGILvl>25000</orgGILvl>
<vis>表示</vis>
<pos>
<gml:Point gml:id="K2_4672211733_1-g" srsName="fguuid:jgd2011.bl">
<gml:pos>32.593691667 129.786121944</gml:pos>
</gml:Point>
</pos>
<type>標高点（測点）</type>
<alti>263</alti>
</ElevPt>
<ElevPt gml:id="K2_4672211733_2">
<fid>46722-11733-i-301</fid>
<lfSpanFr gml:id="K2_4672211733_2-1">
<gml:timePosition>2023-02-21</gml:timePosition>
</lfSpanFr>
<devDate gml:id="K2_4672211733_2-2">
<gml:timePosition>2025-02-26</gml:timePosition>
</devDate>
<orgGILvl>25000</orgGILvl>
<vis>表示</vis>
<pos>
<gml:Point gml:id="K2_4672211733_2-g" srsName="fguuid:jgd2011.bl">
<gml:pos>32.599776389 129.788008056</gml:pos>
</gml:Point>
</pos>
<type>標高点（測点）</type>
<alti>92</alti>
</ElevPt>
<ElevPt gml:id="K2_4672211736_1">
<fid>46722-11736-i-1565</fid>
<lfSpanFr gml:id="K2_4672211736_1-1">
<gml:timePosition>2023-02-21</gml:timePosition>
</lfSpanFr>
<devDate gml:id="K2_4672211736_1-2">
<gml:timePosition>2025-02-26</gml:timePosition>
</devDate>
<orgGILvl>25000</orgGILvl>
<vis>表示</vis>
<pos>
<gml:Point gml:id="K2_4672211736_1-g" srsName="fguuid:jgd2011.bl">
<gml:pos>32.605639444 129.786705386</gml:pos>
</gml:Point>
</pos>
<type>標高点（測点）</type>
<alti>4</alti>
</ElevPt>
<ElevPt gml:id="K2_4672211739_1">
<fid>46722-11739-i-768</fid>
<lfSpanFr gml:id="K2_4672211739_1-1">
<gml:timePosition>2023-02-21</gml:timePosition>
</lfSpanFr>
<devDate gml:id="K2_4672211739_1-2">
<gml:timePosition>2025-02-26</gml:timePosition>
</devDate>
<orgGILvl>25000</orgGILvl>
<vis>表示</vis>
<pos>
<gml:Point gml:id="K2_4672211739_1-g" srsName="fguuid:jgd2011.bl">
<gml:pos>32.611701111 129.790452500</gml:pos>
</gml:Point>
</pos>
<type>標高点（測点）</type>
<alti>6</alti>
</ElevPt>
<ElevPt gml:id="K2_4672211739_2">
<fid>46722-11739-i-769</fid>
<lfSpanFr gml:id="K2_4672211739_2-1">
<gml:timePosition>2023-02-21</gml:timePosition>
</lfSpanFr>
<devDate gml:id="K2_4672211739_2-2">
<gml:timePosition>2025-02-26</gml:timePosition>
</devDate>
<orgGILvl>25000</orgGILvl>
<vis>表示</vis>
<pos>
<gml:Point gml:id="K2_4672211739_2-g" srsName="fguuid:jgd2011.bl">
<gml:pos>32.610148444 129.784511861</gml:pos>
</gml:Point>
</pos>
<type>標高点（測点）</type>
<alti>110</alti>
</ElevPt>
<ElevPt gml:id="K2_4672511733_1">
<fid>46725-11733-i-337</fid>
<lfSpanFr gml:id="K2_4672511733_1-1">
<gml:timePosition>2023-02-21</gml:timePosition>
</lfSpanFr>
<devDate gml:id="K2_4672511733_1-2">
<gml:timePosition>2025-02-26</gml:timePosition>
</devDate>
<orgGILvl>25000</orgGILvl>
<vis>表示</vis>
<pos>
<gml:Point gml:id="K2_4672511733_1-g" srsName="fguuid:jgd2011.bl">
<gml:pos>32.592327222 129.793020278</gml:pos>
</gml:Point>
</pos>
<type>標高点（測点）</type>
<alti>230</alti>
</ElevPt>
<ElevPt gml:id="K2_4672511736_1">
<fid>46725-11736-i-1107</fid>
<lfSpanFr gml:id="K2_4672511736_1-1">
<gml:timePosition>2023-02-21</gml:timePosition>
</lfSpanFr>
<devDate gml:id="K2_4672511736_1-2">
<gml:timePosition>2025-02-26</gml:timePosition>
</devDate>
<orgGILvl>25000</orgGILvl>
<vis>表示</vis>
<pos>
<gml:Point gml:id="K2_4672511736_1-g" srsName="fguuid:jgd2011.bl">
<gml:pos>32.605014917 129.795039861</gml:pos>
</gml:Point>
</pos>
<type>標高点（測点）</type>
<alti>117</alti>
</ElevPt>
<ElevPt gml:id="K2_4672511742_1">
<fid>46725-11742-i-651</fid>
<lfSpanFr gml:id="K2_4672511742_1-1">
<gml:timePosition>2023-02-21</gml:timePosition>
</lfSpanFr>
<devDate gml:id="K2_4672511742_1-2">
<gml:timePosition>2025-02-26</gml:timePosition>
</devDate>
<orgGILvl>25000</orgGILvl>
<vis>表示</vis>
<pos>
<gml:Point gml:id="K2_4672511742_1-g" srsName="fguuid:jgd2011.bl">
<gml:pos>32.624119722 129.798247222</gml:pos>
</gml:Point>
</pos>
<type>標高点（測点）</type>
<alti>162</alti>
</ElevPt>
<ElevPt gml:id="K2_4672511745_1">
<fid>46725-11745-i-1419</fid>
<lfSpanFr gml:id="K2_4672511745_1-1">
<gml:timePosition>2023-02-21</gml:timePosition>
</lfSpanFr>
<devDate gml:id="K2_4672511745_1-2">
<gml:timePosition>2025-02-26</gml:timePosition>
</devDate>
<orgGILvl>25000</orgGILvl>
<vis>表示</vis>
<pos>
<gml:Point gml:id="K2_4672511745_1-g" srsName="fguuid:jgd2011.bl">
<gml:pos>32.631029722 129.794483056</gml:pos>
</gml:Point>
</pos>
<type>標高点（測点）</type>
<alti>78</alti>
</ElevPt>
<ElevPt gml:id="K2_4672511751_1">
<fid>46725-11751-i-196</fid>
<lfSpanFr gml:id="K2_4672511751_1-1">
<gml:timePosition>2023-02-21</gml:timePosition>
</lfSpanFr>
<devDate gml:id="K2_4672511751_1-2">
<gml:timePosition>2025-02-26</gml:timePosition>
</devDate>
<orgGILvl>25000</orgGILvl>
<vis>表示</vis>
<pos>
<gml:Point gml:id="K2_4672511751_1-g" srsName="fguuid:jgd2011.bl">
<gml:pos>32.648631667 129.798400556</gml:pos>
</gml:Point>
</pos>
<type>標高点（測点）</type>
<alti>42</alti>
</ElevPt>
<ElevPt gml:id="K2_4672811733_1">
<fid>46728-11733-i-1054</fid>
<lfSpanFr gml:id="K2_4672811733_1-1">
<gml:timePosition>2023-02-21</gml:timePosition>
</lfSpanFr>
<devDate gml:id="K2_4672811733_1-2">
<gml:timePosition>2025-02-26</gml:timePosition>
</devDate>
<orgGILvl>25000</orgGILvl>
<vis>表示</vis>
<pos>
<gml:Point gml:id="K2_4672811733_1-g" srsName="fguuid:jgd2011.bl">
<gml:pos>32.594886944 129.808291389</gml:pos>
</gml:Point>
</pos>
<type>標高点（測点）</type>
<alti>52</alti>
</ElevPt>
<ElevPt gml:id="K2_4672811736_1">
<fid>46728-11736-i-1232</fid>
<lfSpanFr gml:id="K2_4672811736_1-1">
<gml:timePosition>2023-02-21</gml:timePosition>
</lfSpanFr>
<devDate gml:id="K2_4672811736_1-2">
<gml:timePosition>2025-02-26</gml:timePosition>
</devDate>
<orgGILvl>25000</orgGILvl>
<vis>表示</vis>
<pos>
<gml:Point gml:id="K2_4672811736_1-g" srsName="fguuid:jgd2011.bl">
<gml:pos>32.601843583 129.801488444</gml:pos>
</gml:Point>
</pos>
<type>標高点（測点）</type>
<alti>206</alti>
</ElevPt>
<ElevPt gml:id="K2_4672811742_1">
<fid>46728-11742-i-848</fid>
<lfSpanFr gml:id="K2_4672811742_1-1">
<gml:timePosition>2023-02-21</gml:timePosition>
</lfSpanFr>
<devDate gml:id="K2_4672811742_1-2">
<gml:timePosition>2025-02-26</gml:timePosition>
</devDate>
<orgGILvl>25000</orgGILvl>
<vis>表示</vis>
<pos>
<gml:Point gml:id="K2_4672811742_1-g" srsName="fguuid:jgd2011.bl">
<gml:pos>32.621353333 129.806931944</gml:pos>
</gml:Point>
</pos>
<type>標高点（測点）</type>
<alti>211</alti>
</ElevPt>
<ElevPt gml:id="K2_4672811748_1">
<fid>46728-11748-i-1014</fid>
<lfSpanFr gml:id="K2_4672811748_1-1">
<gml:timePosition>2023-02-21</gml:timePosition>
</lfSpanFr>
<devDate gml:id="K2_4672811748_1-2">
<gml:timePosition>2025-02-26</gml:timePosition>
</devDate>
<orgGILvl>25000</orgGILvl>
<vis>表示</vis>
<pos>
<gml:Point gml:id="K2_4672811748_1-g" srsName="fguuid:jgd2011.bl">
<gml:pos>32.634291111 129.800819722</gml:pos>
</gml:Point>
</pos>
<type>標高点（測点）</type>
<alti>136</alti>
</ElevPt>
<ElevPt gml:id="K2_4672811748_2">
<fid>46728-11748-i-1015</fid>
<lfSpanFr gml:id="K2_4672811748_2-1">
<gml:timePosition>2023-02-21</gml:timePosition>
</lfSpanFr>
<devDate gml:id="K2_4672811748_2-2">
<gml:timePosition>2025-02-26</gml:timePosition>
</devDate>
<orgGILvl>25000</orgGILvl>
<vis>表示</vis>
<pos>
<gml:Point gml:id="K2_4672811748_2-g" srsName="fguuid:jgd2011.bl">
<gml:pos>32.638353556 129.800008000</gml:pos>
</gml:Point>
</pos>
<type>標高点（測点）</type>
<alti>6</alti>
</ElevPt>
<ElevPt gml:id="K2_4673111745_1">
<fid>46731-11745-i-685</fid>
<lfSpanFr gml:id="K2_4673111745_1-1">
<gml:timePosition>2023-02-21</gml:timePosition>
</lfSpanFr>
<devDate gml:id="K2_4673111745_1-2">
<gml:timePosition>2025-02-26</gml:timePosition>
</devDate>
<orgGILvl>25000</orgGILvl>
<vis>表示</vis>
<pos>
<gml:Point gml:id="K2_4673111745_1-g" srsName="fguuid:jgd2011.bl">
<gml:pos>32.632098333 129.811332222</gml:pos>
</gml:Point>
</pos>
<type>標高点（測点）</type>
<alti>251</alti>
</ElevPt>
<ElevPt gml:id="K2_4673111751_1">
<fid>46731-11751-i-472</fid>
<lfSpanFr gml:id="K2_4673111751_1-1">
<gml:timePosition>2023-02-21</gml:timePosition>
</lfSpanFr>
<devDate gml:id="K2_4673111751_1-2">
<gml:timePosition>2025-02-26</gml:timePosition>
</devDate>
<orgGILvl>25000</orgGILvl>
<vis>表示</vis>
<pos>
<gml:Point gml:id="K2_4673111751_1-g" srsName="fguuid:jgd2011.bl">
<gml:pos>32.644899444 129.816026111</gml:pos>
</gml:Point>
</pos>
<type>標高点（測点）</type>
<alti>164</alti>
</ElevPt>
<ElevPt gml:id="K2_4673411739_1">
<fid>46734-11739-i-816</fid>
<lfSpanFr gml:id="K2_4673411739_1-1">
<gml:timePosition>2023-02-21</gml:timePosition>
</lfSpanFr>
<devDate gml:id="K2_4673411739_1-2">
<gml:timePosition>2025-02-26</gml:timePosition>
</devDate>
<orgGILvl>25000</orgGILvl>
<vis>表示</vis>
<pos>
<gml:Point gml:id="K2_4673411739_1-g" srsName="fguuid:jgd2011.bl">
<gml:pos>32.608466502 129.819797922</gml:pos>
</gml:Point>
</pos>
<type>標高点（測点）</type>
<alti>104</alti>
</ElevPt>
<ElevPt gml:id="K2_4673411742_1">
<fid>46734-11742-i-513</fid>
<lfSpanFr gml:id="K2_4673411742_1-1">
<gml:timePosition>2023-02-21</gml:timePosition>
</lfSpanFr>
<devDate gml:id="K2_4673411742_1-2">
<gml:timePosition>2025-02-26</gml:timePosition>
</devDate>
<orgGILvl>25000</orgGILvl>
<vis>表示</vis>
<pos>
<gml:Point gml:id="K2_4673411742_1-g" srsName="fguuid:jgd2011.bl">
<gml:pos>32.617461562 129.823279660</gml:pos>
</gml:Point>
</pos>
<type>標高点（測点）</type>
<alti>108</alti>
</ElevPt>
<ElevPt gml:id="K2_4673411745_1">
<fid>46734-11745-i-909</fid>
<lfSpanFr gml:id="K2_4673411745_1-1">
<gml:timePosition>2023-02-21</gml:timePosition>
</lfSpanFr>
<devDate gml:id="K2_4673411745_1-2">
<gml:timePosition>2025-02-26</gml:timePosition>
</devDate>
<orgGILvl>25000</orgGILvl>
<vis>表示</vis>
<pos>
<gml:Point gml:id="K2_4673411745_1-g" srsName="fguuid:jgd2011.bl">
<gml:pos>32.629197843 129.823294182</gml:pos>
</gml:Point>
</pos>
<type>標高点（測点）</type>
<alti>9</alti>
</ElevPt>
<ElevPt gml:id="K2_4673411751_1">
<fid>46734-11751-i-567</fid>
<lfSpanFr gml:id="K2_4673411751_1-1">
<gml:timePosition>2023-02-21</gml:timePosition>
</lfSpanFr>
<devDate gml:id="K2_4673411751_1-2">
<gml:timePosition>2025-02-26</gml:timePosition>
</devDate>
<orgGILvl>25000</orgGILvl>
<vis>表示</vis>
<pos>
<gml:Point gml:id="K2_4673411751_1-g" srsName="fguuid:jgd2011.bl">
<gml:pos>32.648812222 129.824673889</gml:pos>
</gml:Point>
</pos>
<type>標高点（測点）</type>
<alti>141</alti>
</ElevPt>
<ElevPt gml:id="K2_4673411754_1">
<fid>46734-11754-i-2153</fid>
<lfSpanFr gml:id="K2_4673411754_1-1">
<gml:timePosition>2023-02-21</gml:timePosition>
</lfSpanFr>
<devDate gml:id="K2_4673411754_1-2">
<gml:timePosition>2025-02-26</gml:timePosition>
</devDate>
<orgGILvl>25000</orgGILvl>
<vis>表示</vis>
<pos>
<gml:Point gml:id="K2_4673411754_1-g" srsName="fguuid:jgd2011.bl">
<gml:pos>32.650190524 129.817535495</gml:pos>
</gml:Point>
</pos>
<type>標高点（測点）</type>
<alti>23</alti>
</ElevPt>
<ElevPt gml:id="K2_4673711739_1">
<fid>46737-11739-i-380</fid>
<lfSpanFr gml:id="K2_4673711739_1-1">
<gml:timePosition>2023-02-21</gml:timePosition>
</lfSpanFr>
<devDate gml:id="K2_4673711739_1-2">
<gml:timePosition>2025-02-26</gml:timePosition>
</devDate>
<orgGILvl>25000</orgGILvl>
<vis>表示</vis>
<pos>
<gml:Point gml:id="K2_4673711739_1-g" srsName="fguuid:jgd2011.bl">
<gml:pos>32.612604722 129.826075000</gml:pos>
</gml:Point>
</pos>
<type>標高点（測点）</type>
<alti>136</alti>
</ElevPt>
<ElevPt gml:id="K2_4673711742_1">
<fid>46737-11742-i-945</fid>
<lfSpanFr gml:id="K2_4673711742_1-1">
<gml:timePosition>2023-02-21</gml:timePosition>
</lfSpanFr>
<devDate gml:id="K2_4673711742_1-2">
<gml:timePosition>2025-02-26</gml:timePosition>
</devDate>
<orgGILvl>25000</orgGILvl>
<vis>表示</vis>
<pos>
<gml:Point gml:id="K2_4673711742_1-g" srsName="fguuid:jgd2011.bl">
<gml:pos>32.624523611 129.828342222</gml:pos>
</gml:Point>
</pos>
<type>標高点（測点）</type>
<alti>66</alti>
</ElevPt>
<ElevPt gml:id="K2_4673711748_1">
<fid>46737-11748-i-1430</fid>
<lfSpanFr gml:id="K2_4673711748_1-1">
<gml:timePosition>2023-02-21</gml:timePosition>
</lfSpanFr>
<devDate gml:id="K2_4673711748_1-2">
<gml:timePosition>2025-02-26</gml:timePosition>
</devDate>
<orgGILvl>25000</orgGILvl>
<vis>表示</vis>
<pos>
<gml:Point gml:id="K2_4673711748_1-g" srsName="fguuid:jgd2011.bl">
<gml:pos>32.636743980 129.831346722</gml:pos>
</gml:Point>
</pos>
<type>標高点（測点）</type>
<alti>47</alti>
</ElevPt>
<ElevPt gml:id="K2_4673711751_1">
<fid>46737-11751-i-1107</fid>
<lfSpanFr gml:id="K2_4673711751_1-1">
<gml:timePosition>2023-02-21</gml:timePosition>
</lfSpanFr>
<devDate gml:id="K2_4673711751_1-2">
<gml:timePosition>2025-02-26</gml:timePosition>
</devDate>
<orgGILvl>25000</orgGILvl>
<vis>表示</vis>
<pos>
<gml:Point gml:id="K2_4673711751_1-g" srsName="fguuid:jgd2011.bl">
<gml:pos>32.642182500 129.828038889</gml:pos>
</gml:Point>
</pos>
<type>標高点（測点）</type>
<alti>125</alti>
</ElevPt>
<ElevPt gml:id="K2_4673711757_1">
<fid>46737-11757-i-4951</fid>
<lfSpanFr gml:id="K2_4673711757_1-1">
<gml:timePosition>2023-02-21</gml:timePosition>
</lfSpanFr>
<devDate gml:id="K2_4673711757_1-2">
<gml:timePosition>2025-02-26</gml:timePosition>
</devDate>
<orgGILvl>25000</orgGILvl>
<vis>表示</vis>
<pos>
<gml:Point gml:id="K2_4673711757_1-g" srsName="fguuid:jgd2011.bl">
<gml:pos>32.664355598 129.825044058</gml:pos>
</gml:Point>
</pos>
<type>標高点（測点）</type>
<alti>133</alti>
</ElevPt>
<ElevPt gml:id="K2_4674011745_1">
<fid>46740-11745-i-1159</fid>
<lfSpanFr gml:id="K2_4674011745_1-1">
<gml:timePosition>2023-02-21</gml:timePosition>
</lfSpanFr>
<devDate gml:id="K2_4674011745_1-2">
<gml:timePosition>2025-02-26</gml:timePosition>
</devDate>
<orgGILvl>25000</orgGILvl>
<vis>表示</vis>
<pos>
<gml:Point gml:id="K2_4674011745_1-g" srsName="fguuid:jgd2011.bl">
<gml:pos>32.630613611 129.833639167</gml:pos>
</gml:Point>
</pos>
<type>標高点（測点）</type>
<alti>58</alti>
</ElevPt>
<ElevPt gml:id="K2_4674011748_1">
<fid>46740-11748-i-1719</fid>
<lfSpanFr gml:id="K2_4674011748_1-1">
<gml:timePosition>2023-02-21</gml:timePosition>
</lfSpanFr>
<devDate gml:id="K2_4674011748_1-2">
<gml:timePosition>2025-02-26</gml:timePosition>
</devDate>
<orgGILvl>25000</orgGILvl>
<vis>表示</vis>
<pos>
<gml:Point gml:id="K2_4674011748_1-g" srsName="fguuid:jgd2011.bl">
<gml:pos>32.641565406 129.836307642</gml:pos>
</gml:Point>
</pos>
<type>標高点（測点）</type>
<alti>2</alti>
</ElevPt>
<ElevPt gml:id="K2_4674011751_1">
<fid>46740-11751-i-1333</fid>
<lfSpanFr gml:id="K2_4674011751_1-1">
<gml:timePosition>2023-02-21</gml:timePosition>
</lfSpanFr>
<devDate gml:id="K2_4674011751_1-2">
<gml:timePosition>2025-02-26</gml:timePosition>
</devDate>
<orgGILvl>25000</orgGILvl>
<vis>表示</vis>
<pos>
<gml:Point gml:id="K2_4674011751_1-g" srsName="fguuid:jgd2011.bl">
<gml:pos>32.647599722 129.834896389</gml:pos>
</gml:Point>
</pos>
<type>標高点（測点）</type>
<alti>132</alti>
</ElevPt>
<ElevPt gml:id="K2_4674011757_1">
<fid>46740-11757-i-2009</fid>
<lfSpanFr gml:id="K2_4674011757_1-1">
<gml:timePosition>2023-02-21</gml:timePosition>
</lfSpanFr>
<devDate gml:id="K2_4674011757_1-2">
<gml:timePosition>2025-02-26</gml:timePosition>
</devDate>
<orgGILvl>25000</orgGILvl>
<vis>表示</vis>
<pos>
<gml:Point gml:id="K2_4674011757_1-g" srsName="fguuid:jgd2011.bl">
<gml:pos>32.666608231 129.836799086</gml:pos>
</gml:Point>
</pos>
<type>標高点（測点）</type>
<alti>46</alti>
</ElevPt>
<ElevPt gml:id="K2_4674011757_2">
<fid>46740-11757-i-2435</fid>
<lfSpanFr gml:id="K2_4674011757_2-1">
<gml:timePosition>2023-02-21</gml:timePosition>
</lfSpanFr>
<devDate gml:id="K2_4674011757_2-2">
<gml:timePosition>2025-02-26</gml:timePosition>
</devDate>
<orgGILvl>25000</orgGILvl>
<vis>表示</vis>
<pos>
<gml:Point gml:id="K2_4674011757_2-g" srsName="fguuid:jgd2011.bl">
<gml:pos>32.658657159 129.833422847</gml:pos>
</gml:Point>
</pos>
<type>標高点（測点）</type>
<alti>23</alti>
</ElevPt>
<ElevPt gml:id="K2_4674311748_1">
<fid>46743-11748-i-573</fid>
<lfSpanFr gml:id="K2_4674311748_1-1">
<gml:timePosition>2023-02-21</gml:timePosition>
</lfSpanFr>
<devDate gml:id="K2_4674311748_1-2">
<gml:timePosition>2025-02-26</gml:timePosition>
</devDate>
<orgGILvl>25000</orgGILvl>
<vis>表示</vis>
<pos>
<gml:Point gml:id="K2_4674311748_1-g" srsName="fguuid:jgd2011.bl">
<gml:pos>32.641063611 129.845036667</gml:pos>
</gml:Point>
</pos>
<type>標高点（測点）</type>
<alti>94</alti>
</ElevPt>
<ElevPt gml:id="K2_4674311751_1">
<fid>46743-11751-i-750</fid>
<lfSpanFr gml:id="K2_4674311751_1-1">
<gml:timePosition>2023-02-21</gml:timePosition>
</lfSpanFr>
<devDate gml:id="K2_4674311751_1-2">
<gml:timePosition>2025-02-26</gml:timePosition>
</devDate>
<orgGILvl>25000</orgGILvl>
<vis>表示</vis>
<pos>
<gml:Point gml:id="K2_4674311751_1-g" srsName="fguuid:jgd2011.bl">
<gml:pos>32.645824167 129.843673333</gml:pos>
</gml:Point>
</pos>
<type>標高点（測点）</type>
<alti>121</alti>
</ElevPt>
<ElevPt gml:id="K2_4674611757_1">
<fid>46746-11757-i-120</fid>
<lfSpanFr gml:id="K2_4674611757_1-1">
<gml:timePosition>2023-02-21</gml:timePosition>
</lfSpanFr>
<devDate gml:id="K2_4674611757_1-2">
<gml:timePosition>2025-02-26</gml:timePosition>
</devDate>
<orgGILvl>25000</orgGILvl>
<vis>表示</vis>
<pos>
<gml:Point gml:id="K2_4674611757_1-g" srsName="fguuid:jgd2011.bl">
<gml:pos>32.658465833 129.851503889</gml:pos>
</gml:Point>
</pos>
<type>標高点（測点）</type>
<alti>502</alti>
</ElevPt>
<ElevPt gml:id="K2_4674911754_1">
<fid>46749-11754-i-442</fid>
<lfSpanFr gml:id="K2_4674911754_1-1">
<gml:timePosition>2023-02-21</gml:timePosition>
</lfSpanFr>
<devDate gml:id="K2_4674911754_1-2">
<gml:timePosition>2025-02-26</gml:timePosition>
</devDate>
<orgGILvl>25000</orgGILvl>
<vis>表示</vis>
<pos>
<gml:Point gml:id="K2_4674911754_1-g" srsName="fguuid:jgd2011.bl">
<gml:pos>32.651758611 129.864595278</gml:pos>
</gml:Point>
</pos>
<type>標高点（測点）</type>
<alti>183</alti>
</ElevPt>
<ElevPt gml:id="K2_4674911757_1">
<fid>46749-11757-i-259</fid>
<lfSpanFr gml:id="K2_4674911757_1-1">
<gml:timePosition>2023-02-21</gml:timePosition>
</lfSpanFr>
<devDate gml:id="K2_4674911757_1-2">
<gml:timePosition>2025-02-26</gml:timePosition>
</devDate>
<orgGILvl>25000</orgGILvl>
<vis>表示</vis>
<pos>
<gml:Point gml:id="K2_4674911757_1-g" srsName="fguuid:jgd2011.bl">
<gml:pos>32.665789167 129.860318889</gml:pos>
</gml:Point>
</pos>
<type>標高点（測点）</type>
<alti>564</alti>
</ElevPt>
<ElevPt gml:id="K2_4675211751_1">
<fid>46752-11751-i-465</fid>
<lfSpanFr gml:id="K2_4675211751_1-1">
<gml:timePosition>2023-02-21</gml:timePosition>
</lfSpanFr>
<devDate gml:id="K2_4675211751_1-2">
<gml:timePosition>2025-02-26</gml:timePosition>
</devDate>
<orgGILvl>25000</orgGILvl>
<vis>表示</vis>
<pos>
<gml:Point gml:id="K2_4675211751_1-g" srsName="fguuid:jgd2011.bl">
<gml:pos>32.644872778 129.871223611</gml:pos>
</gml:Point>
</pos>
<type>標高点（測点）</type>
<alti>38</alti>
</ElevPt>
</Dataset>
