<?xml version="1.0" encoding="utf-8"?>
<Dataset xsi:schemaLocation="http://fgd.gsi.go.jp/spec/2008/FGD_GMLSchema FGD_GMLSchema.xsd"
	xmlns:gml="http://www.opengis.net/gml/3.2"
	xmlns:xsi="http://www.w3.org/2001/XMLSchema-instance"
	xmlns:xlink="http://www.w3.org/1999/xlink"
	xmlns="http://fgd.gsi.go.jp/spec/2008/FGD_GMLSchema"
	gml:id="Dataset1">
  <gml:description>基盤地図情報メタデータ ID=fmdid:25-0331</gml:description>
  <gml:name>基盤地図情報ダウンロードデータ（GML版）</gml:name>
<SBAPt gml:id="K11_4673411757_1">
<fid>46734-11757-i-1723</fid>
<lfSpanFr gml:id="K11_4673411757_1-1">
<gml:timePosition>2023-02-21</gml:timePosition>
</lfSpanFr>
<devDate gml:id="K11_4673411757_1-2">
<gml:timePosition>2025-02-26</gml:timePosition>
</devDate>
<orgGILvl>2500</orgGILvl>
<vis>表示</vis>
<pos>
<gml:Point gml:id="K11_4673411757_1-g" srsName="fguuid:jgd2011.bl">
<gml:pos>32.664887789 129.824595173</gml:pos>
</gml:Point>
</pos>
<sbaNo>32</sbaNo>
</SBAPt>
<SBAPt gml:id="K11_4673411757_2">
<fid>46734-11757-i-1724</fid>
<lfSpanFr gml:id="K11_4673411757_2-1">
<gml:timePosition>2023-02-21</gml:timePosition>
</lfSpanFr>
<devDate gml:id="K11_4673411757_2-2">
<gml:timePosition>2025-02-26</gml:timePosition>
</devDate>
<orgGILvl>2500</orgGILvl>
<vis>表示</vis>
<pos>
<gml:Point gml:id="K11_4673411757_2-g" srsName="fguuid:jgd2011.bl">
<gml:pos>32.664471000 129.824531000</gml:pos>
</gml:Point>
</pos>
<sbaNo>33</sbaNo>
</SBAPt>
<SBAPt gml:id="K11_4673711757_1">
<fid>46737-11757-i-4617</fid>
<lfSpanFr gml:id="K11_4673711757_1-1">
<gml:timePosition>2023-02-21</gml:timePosition>
</lfSpanFr>
<devDate gml:id="K11_4673711757_1-2">
<gml:timePosition>2025-02-26</gml:timePosition>
</devDate>
<orgGILvl>2500</orgGILvl>
<vis>表示</vis>
<pos>
<gml:Point gml:id="K11_4673711757_1-g" srsName="fguuid:jgd2011.bl">
<gml:pos>32.664136459 129.827053689</gml:pos>
</gml:Point>
</pos>
<sbaNo>20</sbaNo>
</SBAPt>
<SBAPt gml:id="K11_4673711757_2">
<fid>46737-11757-i-4618</fid>
<lfSpanFr gml:id="K11_4673711757_2-1">
<gml:timePosition>2023-02-21</gml:timePosition>
</lfSpanFr>
<devDate gml:id="K11_4673711757_2-2">
<gml:timePosition>2025-02-26</gml:timePosition>
</devDate>
<orgGILvl>2500</orgGILvl>
<vis>表示</vis>
<pos>
<gml:Point gml:id="K11_4673711757_2-g" srsName="fguuid:jgd2011.bl">
<gml:pos>32.662044710 129.832113249</gml:pos>
</gml:Point>
</pos>
<sbaNo>8</sbaNo>
</SBAPt>
<SBAPt gml:id="K11_4673711757_3">
<fid>46737-11757-i-4619</fid>
<lfSpanFr gml:id="K11_4673711757_3-1">
<gml:timePosition>2023-02-21</gml:timePosition>
</lfSpanFr>
<devDate gml:id="K11_4673711757_3-2">
<gml:timePosition>2025-02-26</gml:timePosition>
</devDate>
<orgGILvl>2500</orgGILvl>
<vis>表示</vis>
<pos>
<gml:Point gml:id="K11_4673711757_3-g" srsName="fguuid:jgd2011.bl">
<gml:pos>32.661637000 129.832073000</gml:pos>
</gml:Point>
</pos>
<sbaNo>9</sbaNo>
</SBAPt>
<SBAPt gml:id="K11_4673711757_4">
<fid>46737-11757-i-4620</fid>
<lfSpanFr gml:id="K11_4673711757_4-1">
<gml:timePosition>2023-02-21</gml:timePosition>
</lfSpanFr>
<devDate gml:id="K11_4673711757_4-2">
<gml:timePosition>2025-02-26</gml:timePosition>
</devDate>
<orgGILvl>2500</orgGILvl>
<vis>表示</vis>
<pos>
<gml:Point gml:id="K11_4673711757_4-g" srsName="fguuid:jgd2011.bl">
<gml:pos>32.661221000 129.832159000</gml:pos>
</gml:Point>
</pos>
<sbaNo>10</sbaNo>
</SBAPt>
<SBAPt gml:id="K11_4673711757_5">
<fid>46737-11757-i-4621</fid>
<lfSpanFr gml:id="K11_4673711757_5-1">
<gml:timePosition>2023-02-21</gml:timePosition>
</lfSpanFr>
<devDate gml:id="K11_4673711757_5-2">
<gml:timePosition>2025-02-26</gml:timePosition>
</devDate>
<orgGILvl>2500</orgGILvl>
<vis>表示</vis>
<pos>
<gml:Point gml:id="K11_4673711757_5-g" srsName="fguuid:jgd2011.bl">
<gml:pos>32.662626852 129.832953120</gml:pos>
</gml:Point>
</pos>
<sbaNo>5</sbaNo>
</SBAPt>
<SBAPt gml:id="K11_4673711757_6">
<fid>46737-11757-i-4622</fid>
<lfSpanFr gml:id="K11_4673711757_6-1">
<gml:timePosition>2023-02-21</gml:timePosition>
</lfSpanFr>
<devDate gml:id="K11_4673711757_6-2">
<gml:timePosition>2025-02-26</gml:timePosition>
</devDate>
<orgGILvl>2500</orgGILvl>
<vis>表示</vis>
<pos>
<gml:Point gml:id="K11_4673711757_6-g" srsName="fguuid:jgd2011.bl">
<gml:pos>32.662749408 129.831994008</gml:pos>
</gml:Point>
</pos>
<sbaNo>6</sbaNo>
</SBAPt>
<SBAPt gml:id="K11_4673711757_7">
<fid>46737-11757-i-4623</fid>
<lfSpanFr gml:id="K11_4673711757_7-1">
<gml:timePosition>2023-02-21</gml:timePosition>
</lfSpanFr>
<devDate gml:id="K11_4673711757_7-2">
<gml:timePosition>2025-02-26</gml:timePosition>
</devDate>
<orgGILvl>2500</orgGILvl>
<vis>表示</vis>
<pos>
<gml:Point gml:id="K11_4673711757_7-g" srsName="fguuid:jgd2011.bl">
<gml:pos>32.662421000 129.832047000</gml:pos>
</gml:Point>
</pos>
<sbaNo>7</sbaNo>
</SBAPt>
<SBAPt gml:id="K11_4673711757_8">
<fid>46737-11757-i-4624</fid>
<lfSpanFr gml:id="K11_4673711757_8-1">
<gml:timePosition>2023-02-21</gml:timePosition>
</lfSpanFr>
<devDate gml:id="K11_4673711757_8-2">
<gml:timePosition>2025-02-26</gml:timePosition>
</devDate>
<orgGILvl>2500</orgGILvl>
<vis>表示</vis>
<pos>
<gml:Point gml:id="K11_4673711757_8-g" srsName="fguuid:jgd2011.bl">
<gml:pos>32.661202136 129.831550743</gml:pos>
</gml:Point>
</pos>
<sbaNo>11</sbaNo>
</SBAPt>
<SBAPt gml:id="K11_4673711757_9">
<fid>46737-11757-i-4625</fid>
<lfSpanFr gml:id="K11_4673711757_9-1">
<gml:timePosition>2023-02-21</gml:timePosition>
</lfSpanFr>
<devDate gml:id="K11_4673711757_9-2">
<gml:timePosition>2025-02-26</gml:timePosition>
</devDate>
<orgGILvl>2500</orgGILvl>
<vis>表示</vis>
<pos>
<gml:Point gml:id="K11_4673711757_9-g" srsName="fguuid:jgd2011.bl">
<gml:pos>32.662057000 129.830802000</gml:pos>
</gml:Point>
</pos>
<sbaNo>15</sbaNo>
</SBAPt>
<SBAPt gml:id="K11_4673711757_10">
<fid>46737-11757-i-4626</fid>
<lfSpanFr gml:id="K11_4673711757_10-1">
<gml:timePosition>2023-02-21</gml:timePosition>
</lfSpanFr>
<devDate gml:id="K11_4673711757_10-2">
<gml:timePosition>2025-02-26</gml:timePosition>
</devDate>
<orgGILvl>2500</orgGILvl>
<vis>表示</vis>
<pos>
<gml:Point gml:id="K11_4673711757_10-g" srsName="fguuid:jgd2011.bl">
<gml:pos>32.662443017 129.830858627</gml:pos>
</gml:Point>
</pos>
<sbaNo>16</sbaNo>
</SBAPt>
<SBAPt gml:id="K11_4673711757_11">
<fid>46737-11757-i-4627</fid>
<lfSpanFr gml:id="K11_4673711757_11-1">
<gml:timePosition>2023-02-21</gml:timePosition>
</lfSpanFr>
<devDate gml:id="K11_4673711757_11-2">
<gml:timePosition>2025-02-26</gml:timePosition>
</devDate>
<orgGILvl>2500</orgGILvl>
<vis>表示</vis>
<pos>
<gml:Point gml:id="K11_4673711757_11-g" srsName="fguuid:jgd2011.bl">
<gml:pos>32.662791000 129.830950000</gml:pos>
</gml:Point>
</pos>
<sbaNo>17</sbaNo>
</SBAPt>
<SBAPt gml:id="K11_4673711757_12">
<fid>46737-11757-i-4628</fid>
<lfSpanFr gml:id="K11_4673711757_12-1">
<gml:timePosition>2023-02-21</gml:timePosition>
</lfSpanFr>
<devDate gml:id="K11_4673711757_12-2">
<gml:timePosition>2025-02-26</gml:timePosition>
</devDate>
<orgGILvl>2500</orgGILvl>
<vis>表示</vis>
<pos>
<gml:Point gml:id="K11_4673711757_12-g" srsName="fguuid:jgd2011.bl">
<gml:pos>32.660939516 129.830576078</gml:pos>
</gml:Point>
</pos>
<sbaNo>12</sbaNo>
</SBAPt>
<SBAPt gml:id="K11_4673711757_13">
<fid>46737-11757-i-4629</fid>
<lfSpanFr gml:id="K11_4673711757_13-1">
<gml:timePosition>2023-02-21</gml:timePosition>
</lfSpanFr>
<devDate gml:id="K11_4673711757_13-2">
<gml:timePosition>2025-02-26</gml:timePosition>
</devDate>
<orgGILvl>2500</orgGILvl>
<vis>表示</vis>
<pos>
<gml:Point gml:id="K11_4673711757_13-g" srsName="fguuid:jgd2011.bl">
<gml:pos>32.661298430 129.830648659</gml:pos>
</gml:Point>
</pos>
<sbaNo>13</sbaNo>
</SBAPt>
<SBAPt gml:id="K11_4673711757_14">
<fid>46737-11757-i-4630</fid>
<lfSpanFr gml:id="K11_4673711757_14-1">
<gml:timePosition>2023-02-21</gml:timePosition>
</lfSpanFr>
<devDate gml:id="K11_4673711757_14-2">
<gml:timePosition>2025-02-26</gml:timePosition>
</devDate>
<orgGILvl>2500</orgGILvl>
<vis>表示</vis>
<pos>
<gml:Point gml:id="K11_4673711757_14-g" srsName="fguuid:jgd2011.bl">
<gml:pos>32.661690000 129.830569000</gml:pos>
</gml:Point>
</pos>
<sbaNo>14</sbaNo>
</SBAPt>
<SBAPt gml:id="K11_4673711757_15">
<fid>46737-11757-i-4631</fid>
<lfSpanFr gml:id="K11_4673711757_15-1">
<gml:timePosition>2023-02-21</gml:timePosition>
</lfSpanFr>
<devDate gml:id="K11_4673711757_15-2">
<gml:timePosition>2025-02-26</gml:timePosition>
</devDate>
<orgGILvl>2500</orgGILvl>
<vis>表示</vis>
<pos>
<gml:Point gml:id="K11_4673711757_15-g" srsName="fguuid:jgd2011.bl">
<gml:pos>32.662203689 129.828835549</gml:pos>
</gml:Point>
</pos>
<sbaNo>10</sbaNo>
</SBAPt>
<SBAPt gml:id="K11_4673711757_16">
<fid>46737-11757-i-4632</fid>
<lfSpanFr gml:id="K11_4673711757_16-1">
<gml:timePosition>2023-02-21</gml:timePosition>
</lfSpanFr>
<devDate gml:id="K11_4673711757_16-2">
<gml:timePosition>2025-02-26</gml:timePosition>
</devDate>
<orgGILvl>2500</orgGILvl>
<vis>表示</vis>
<pos>
<gml:Point gml:id="K11_4673711757_16-g" srsName="fguuid:jgd2011.bl">
<gml:pos>32.661843000 129.828834000</gml:pos>
</gml:Point>
</pos>
<sbaNo>11</sbaNo>
</SBAPt>
<SBAPt gml:id="K11_4673711757_17">
<fid>46737-11757-i-4633</fid>
<lfSpanFr gml:id="K11_4673711757_17-1">
<gml:timePosition>2023-02-21</gml:timePosition>
</lfSpanFr>
<devDate gml:id="K11_4673711757_17-2">
<gml:timePosition>2025-02-26</gml:timePosition>
</devDate>
<orgGILvl>2500</orgGILvl>
<vis>表示</vis>
<pos>
<gml:Point gml:id="K11_4673711757_17-g" srsName="fguuid:jgd2011.bl">
<gml:pos>32.661505442 129.828853271</gml:pos>
</gml:Point>
</pos>
<sbaNo>12</sbaNo>
</SBAPt>
<SBAPt gml:id="K11_4673711757_18">
<fid>46737-11757-i-4634</fid>
<lfSpanFr gml:id="K11_4673711757_18-1">
<gml:timePosition>2023-02-21</gml:timePosition>
</lfSpanFr>
<devDate gml:id="K11_4673711757_18-2">
<gml:timePosition>2025-02-26</gml:timePosition>
</devDate>
<orgGILvl>2500</orgGILvl>
<vis>表示</vis>
<pos>
<gml:Point gml:id="K11_4673711757_18-g" srsName="fguuid:jgd2011.bl">
<gml:pos>32.663263000 129.828666000</gml:pos>
</gml:Point>
</pos>
<sbaNo>7</sbaNo>
</SBAPt>
<SBAPt gml:id="K11_4673711757_19">
<fid>46737-11757-i-4635</fid>
<lfSpanFr gml:id="K11_4673711757_19-1">
<gml:timePosition>2023-02-21</gml:timePosition>
</lfSpanFr>
<devDate gml:id="K11_4673711757_19-2">
<gml:timePosition>2025-02-26</gml:timePosition>
</devDate>
<orgGILvl>2500</orgGILvl>
<vis>表示</vis>
<pos>
<gml:Point gml:id="K11_4673711757_19-g" srsName="fguuid:jgd2011.bl">
<gml:pos>32.662944000 129.828665000</gml:pos>
</gml:Point>
</pos>
<sbaNo>8</sbaNo>
</SBAPt>
<SBAPt gml:id="K11_4673711757_20">
<fid>46737-11757-i-4636</fid>
<lfSpanFr gml:id="K11_4673711757_20-1">
<gml:timePosition>2023-02-21</gml:timePosition>
</lfSpanFr>
<devDate gml:id="K11_4673711757_20-2">
<gml:timePosition>2025-02-26</gml:timePosition>
</devDate>
<orgGILvl>2500</orgGILvl>
<vis>表示</vis>
<pos>
<gml:Point gml:id="K11_4673711757_20-g" srsName="fguuid:jgd2011.bl">
<gml:pos>32.662592965 129.828816215</gml:pos>
</gml:Point>
</pos>
<sbaNo>9</sbaNo>
</SBAPt>
<SBAPt gml:id="K11_4673711757_21">
<fid>46737-11757-i-4637</fid>
<lfSpanFr gml:id="K11_4673711757_21-1">
<gml:timePosition>2023-02-21</gml:timePosition>
</lfSpanFr>
<devDate gml:id="K11_4673711757_21-2">
<gml:timePosition>2025-02-26</gml:timePosition>
</devDate>
<orgGILvl>2500</orgGILvl>
<vis>表示</vis>
<pos>
<gml:Point gml:id="K11_4673711757_21-g" srsName="fguuid:jgd2011.bl">
<gml:pos>32.661240027 129.828880659</gml:pos>
</gml:Point>
</pos>
<sbaNo>13</sbaNo>
</SBAPt>
<SBAPt gml:id="K11_4673711757_22">
<fid>46737-11757-i-4638</fid>
<lfSpanFr gml:id="K11_4673711757_22-1">
<gml:timePosition>2023-02-21</gml:timePosition>
</lfSpanFr>
<devDate gml:id="K11_4673711757_22-2">
<gml:timePosition>2025-02-26</gml:timePosition>
</devDate>
<orgGILvl>2500</orgGILvl>
<vis>表示</vis>
<pos>
<gml:Point gml:id="K11_4673711757_22-g" srsName="fguuid:jgd2011.bl">
<gml:pos>32.660186531 129.828136338</gml:pos>
</gml:Point>
</pos>
<sbaNo>17</sbaNo>
</SBAPt>
<SBAPt gml:id="K11_4673711757_23">
<fid>46737-11757-i-4639</fid>
<lfSpanFr gml:id="K11_4673711757_23-1">
<gml:timePosition>2023-02-21</gml:timePosition>
</lfSpanFr>
<devDate gml:id="K11_4673711757_23-2">
<gml:timePosition>2025-02-26</gml:timePosition>
</devDate>
<orgGILvl>2500</orgGILvl>
<vis>表示</vis>
<pos>
<gml:Point gml:id="K11_4673711757_23-g" srsName="fguuid:jgd2011.bl">
<gml:pos>32.662217300 129.828010674</gml:pos>
</gml:Point>
</pos>
<sbaNo>18</sbaNo>
</SBAPt>
<SBAPt gml:id="K11_4673711757_24">
<fid>46737-11757-i-4640</fid>
<lfSpanFr gml:id="K11_4673711757_24-1">
<gml:timePosition>2023-02-21</gml:timePosition>
</lfSpanFr>
<devDate gml:id="K11_4673711757_24-2">
<gml:timePosition>2025-02-26</gml:timePosition>
</devDate>
<orgGILvl>2500</orgGILvl>
<vis>表示</vis>
<pos>
<gml:Point gml:id="K11_4673711757_24-g" srsName="fguuid:jgd2011.bl">
<gml:pos>32.663567517 129.827253463</gml:pos>
</gml:Point>
</pos>
<sbaNo>19</sbaNo>
</SBAPt>
<SBAPt gml:id="K11_4673711757_25">
<fid>46737-11757-i-4641</fid>
<lfSpanFr gml:id="K11_4673711757_25-1">
<gml:timePosition>2023-02-21</gml:timePosition>
</lfSpanFr>
<devDate gml:id="K11_4673711757_25-2">
<gml:timePosition>2025-02-26</gml:timePosition>
</devDate>
<orgGILvl>2500</orgGILvl>
<vis>表示</vis>
<pos>
<gml:Point gml:id="K11_4673711757_25-g" srsName="fguuid:jgd2011.bl">
<gml:pos>32.660932417 129.828954769</gml:pos>
</gml:Point>
</pos>
<sbaNo>14</sbaNo>
</SBAPt>
<SBAPt gml:id="K11_4673711757_26">
<fid>46737-11757-i-4642</fid>
<lfSpanFr gml:id="K11_4673711757_26-1">
<gml:timePosition>2023-02-21</gml:timePosition>
</lfSpanFr>
<devDate gml:id="K11_4673711757_26-2">
<gml:timePosition>2025-02-26</gml:timePosition>
</devDate>
<orgGILvl>2500</orgGILvl>
<vis>表示</vis>
<pos>
<gml:Point gml:id="K11_4673711757_26-g" srsName="fguuid:jgd2011.bl">
<gml:pos>32.660556752 129.829015990</gml:pos>
</gml:Point>
</pos>
<sbaNo>15</sbaNo>
</SBAPt>
<SBAPt gml:id="K11_4673711757_27">
<fid>46737-11757-i-4643</fid>
<lfSpanFr gml:id="K11_4673711757_27-1">
<gml:timePosition>2023-02-21</gml:timePosition>
</lfSpanFr>
<devDate gml:id="K11_4673711757_27-2">
<gml:timePosition>2025-02-26</gml:timePosition>
</devDate>
<orgGILvl>2500</orgGILvl>
<vis>表示</vis>
<pos>
<gml:Point gml:id="K11_4673711757_27-g" srsName="fguuid:jgd2011.bl">
<gml:pos>32.660227364 129.829940753</gml:pos>
</gml:Point>
</pos>
<sbaNo>16</sbaNo>
</SBAPt>
<SBAPt gml:id="K11_4673711757_28">
<fid>46737-11757-i-4644</fid>
<lfSpanFr gml:id="K11_4673711757_28-1">
<gml:timePosition>2023-02-21</gml:timePosition>
</lfSpanFr>
<devDate gml:id="K11_4673711757_28-2">
<gml:timePosition>2025-02-26</gml:timePosition>
</devDate>
<orgGILvl>2500</orgGILvl>
<vis>表示</vis>
<pos>
<gml:Point gml:id="K11_4673711757_28-g" srsName="fguuid:jgd2011.bl">
<gml:pos>32.663646461 129.828651885</gml:pos>
</gml:Point>
</pos>
<sbaNo>6</sbaNo>
</SBAPt>
<SBAPt gml:id="K11_4673711757_29">
<fid>46737-11757-i-4645</fid>
<lfSpanFr gml:id="K11_4673711757_29-1">
<gml:timePosition>2023-02-21</gml:timePosition>
</lfSpanFr>
<devDate gml:id="K11_4673711757_29-2">
<gml:timePosition>2025-02-26</gml:timePosition>
</devDate>
<orgGILvl>2500</orgGILvl>
<vis>表示</vis>
<pos>
<gml:Point gml:id="K11_4673711757_29-g" srsName="fguuid:jgd2011.bl">
<gml:pos>32.664027494 129.830977868</gml:pos>
</gml:Point>
</pos>
<sbaNo>21</sbaNo>
</SBAPt>
<SBAPt gml:id="K11_4673711757_30">
<fid>46737-11757-i-4646</fid>
<lfSpanFr gml:id="K11_4673711757_30-1">
<gml:timePosition>2023-02-21</gml:timePosition>
</lfSpanFr>
<devDate gml:id="K11_4673711757_30-2">
<gml:timePosition>2025-02-26</gml:timePosition>
</devDate>
<orgGILvl>2500</orgGILvl>
<vis>表示</vis>
<pos>
<gml:Point gml:id="K11_4673711757_30-g" srsName="fguuid:jgd2011.bl">
<gml:pos>32.664649029 129.830137997</gml:pos>
</gml:Point>
</pos>
<sbaNo>22</sbaNo>
</SBAPt>
<SBAPt gml:id="K11_4673711757_31">
<fid>46737-11757-i-4647</fid>
<lfSpanFr gml:id="K11_4673711757_31-1">
<gml:timePosition>2023-02-21</gml:timePosition>
</lfSpanFr>
<devDate gml:id="K11_4673711757_31-2">
<gml:timePosition>2025-02-26</gml:timePosition>
</devDate>
<orgGILvl>2500</orgGILvl>
<vis>表示</vis>
<pos>
<gml:Point gml:id="K11_4673711757_31-g" srsName="fguuid:jgd2011.bl">
<gml:pos>32.664531000 129.829856000</gml:pos>
</gml:Point>
</pos>
<sbaNo>23</sbaNo>
</SBAPt>
<SBAPt gml:id="K11_4673711757_32">
<fid>46737-11757-i-4648</fid>
<lfSpanFr gml:id="K11_4673711757_32-1">
<gml:timePosition>2023-02-21</gml:timePosition>
</lfSpanFr>
<devDate gml:id="K11_4673711757_32-2">
<gml:timePosition>2025-02-26</gml:timePosition>
</devDate>
<orgGILvl>2500</orgGILvl>
<vis>表示</vis>
<pos>
<gml:Point gml:id="K11_4673711757_32-g" srsName="fguuid:jgd2011.bl">
<gml:pos>32.662524000 129.830110000</gml:pos>
</gml:Point>
</pos>
<sbaNo>18</sbaNo>
</SBAPt>
<SBAPt gml:id="K11_4673711757_33">
<fid>46737-11757-i-4649</fid>
<lfSpanFr gml:id="K11_4673711757_33-1">
<gml:timePosition>2023-02-21</gml:timePosition>
</lfSpanFr>
<devDate gml:id="K11_4673711757_33-2">
<gml:timePosition>2025-02-26</gml:timePosition>
</devDate>
<orgGILvl>2500</orgGILvl>
<vis>表示</vis>
<pos>
<gml:Point gml:id="K11_4673711757_33-g" srsName="fguuid:jgd2011.bl">
<gml:pos>32.663561343 129.830021348</gml:pos>
</gml:Point>
</pos>
<sbaNo>19</sbaNo>
</SBAPt>
<SBAPt gml:id="K11_4673711757_34">
<fid>46737-11757-i-4650</fid>
<lfSpanFr gml:id="K11_4673711757_34-1">
<gml:timePosition>2023-02-21</gml:timePosition>
</lfSpanFr>
<devDate gml:id="K11_4673711757_34-2">
<gml:timePosition>2025-02-26</gml:timePosition>
</devDate>
<orgGILvl>2500</orgGILvl>
<vis>表示</vis>
<pos>
<gml:Point gml:id="K11_4673711757_34-g" srsName="fguuid:jgd2011.bl">
<gml:pos>32.663527000 129.830431000</gml:pos>
</gml:Point>
</pos>
<sbaNo>20</sbaNo>
</SBAPt>
<SBAPt gml:id="K11_4673711757_35">
<fid>46737-11757-i-4651</fid>
<lfSpanFr gml:id="K11_4673711757_35-1">
<gml:timePosition>2023-02-21</gml:timePosition>
</lfSpanFr>
<devDate gml:id="K11_4673711757_35-2">
<gml:timePosition>2025-02-26</gml:timePosition>
</devDate>
<orgGILvl>2500</orgGILvl>
<vis>表示</vis>
<pos>
<gml:Point gml:id="K11_4673711757_35-g" srsName="fguuid:jgd2011.bl">
<gml:pos>32.662359854 129.829562530</gml:pos>
</gml:Point>
</pos>
<sbaNo>24</sbaNo>
</SBAPt>
<SBAPt gml:id="K11_4673711757_36">
<fid>46737-11757-i-4652</fid>
<lfSpanFr gml:id="K11_4673711757_36-1">
<gml:timePosition>2023-02-21</gml:timePosition>
</lfSpanFr>
<devDate gml:id="K11_4673711757_36-2">
<gml:timePosition>2025-02-26</gml:timePosition>
</devDate>
<orgGILvl>2500</orgGILvl>
<vis>表示</vis>
<pos>
<gml:Point gml:id="K11_4673711757_36-g" srsName="fguuid:jgd2011.bl">
<gml:pos>32.664697234 129.828932213</gml:pos>
</gml:Point>
</pos>
<sbaNo>3</sbaNo>
</SBAPt>
<SBAPt gml:id="K11_4673711757_37">
<fid>46737-11757-i-4653</fid>
<lfSpanFr gml:id="K11_4673711757_37-1">
<gml:timePosition>2023-02-21</gml:timePosition>
</lfSpanFr>
<devDate gml:id="K11_4673711757_37-2">
<gml:timePosition>2025-02-26</gml:timePosition>
</devDate>
<orgGILvl>2500</orgGILvl>
<vis>表示</vis>
<pos>
<gml:Point gml:id="K11_4673711757_37-g" srsName="fguuid:jgd2011.bl">
<gml:pos>32.664333819 129.828827494</gml:pos>
</gml:Point>
</pos>
<sbaNo>4</sbaNo>
</SBAPt>
<SBAPt gml:id="K11_4673711757_38">
<fid>46737-11757-i-4654</fid>
<lfSpanFr gml:id="K11_4673711757_38-1">
<gml:timePosition>2023-02-21</gml:timePosition>
</lfSpanFr>
<devDate gml:id="K11_4673711757_38-2">
<gml:timePosition>2025-02-26</gml:timePosition>
</devDate>
<orgGILvl>2500</orgGILvl>
<vis>表示</vis>
<pos>
<gml:Point gml:id="K11_4673711757_38-g" srsName="fguuid:jgd2011.bl">
<gml:pos>32.663994904 129.828761438</gml:pos>
</gml:Point>
</pos>
<sbaNo>5</sbaNo>
</SBAPt>
<SBAPt gml:id="K11_4673711757_39">
<fid>46737-11757-i-4655</fid>
<lfSpanFr gml:id="K11_4673711757_39-1">
<gml:timePosition>2023-02-21</gml:timePosition>
</lfSpanFr>
<devDate gml:id="K11_4673711757_39-2">
<gml:timePosition>2025-02-26</gml:timePosition>
</devDate>
<orgGILvl>2500</orgGILvl>
<vis>表示</vis>
<pos>
<gml:Point gml:id="K11_4673711757_39-g" srsName="fguuid:jgd2011.bl">
<gml:pos>32.660867295 129.832315440</gml:pos>
</gml:Point>
</pos>
<sbaNo>25</sbaNo>
</SBAPt>
<SBAPt gml:id="K11_4673711757_40">
<fid>46737-11757-i-4656</fid>
<lfSpanFr gml:id="K11_4673711757_40-1">
<gml:timePosition>2023-02-21</gml:timePosition>
</lfSpanFr>
<devDate gml:id="K11_4673711757_40-2">
<gml:timePosition>2025-02-26</gml:timePosition>
</devDate>
<orgGILvl>2500</orgGILvl>
<vis>表示</vis>
<pos>
<gml:Point gml:id="K11_4673711757_40-g" srsName="fguuid:jgd2011.bl">
<gml:pos>32.665505731 129.828922547</gml:pos>
</gml:Point>
</pos>
<sbaNo>1</sbaNo>
</SBAPt>
<SBAPt gml:id="K11_4673711757_41">
<fid>46737-11757-i-4657</fid>
<lfSpanFr gml:id="K11_4673711757_41-1">
<gml:timePosition>2023-02-21</gml:timePosition>
</lfSpanFr>
<devDate gml:id="K11_4673711757_41-2">
<gml:timePosition>2025-02-26</gml:timePosition>
</devDate>
<orgGILvl>2500</orgGILvl>
<vis>表示</vis>
<pos>
<gml:Point gml:id="K11_4673711757_41-g" srsName="fguuid:jgd2011.bl">
<gml:pos>32.665097399 129.829238320</gml:pos>
</gml:Point>
</pos>
<sbaNo>2</sbaNo>
</SBAPt>
<SBAPt gml:id="K11_4673711757_42">
<fid>46737-11757-i-4658</fid>
<lfSpanFr gml:id="K11_4673711757_42-1">
<gml:timePosition>2023-02-21</gml:timePosition>
</lfSpanFr>
<devDate gml:id="K11_4673711757_42-2">
<gml:timePosition>2025-02-26</gml:timePosition>
</devDate>
<orgGILvl>2500</orgGILvl>
<vis>表示</vis>
<pos>
<gml:Point gml:id="K11_4673711757_42-g" srsName="fguuid:jgd2011.bl">
<gml:pos>32.662373827 129.826681529</gml:pos>
</gml:Point>
</pos>
<sbaNo>34</sbaNo>
</SBAPt>
<SBAPt gml:id="K11_4673711757_43">
<fid>46737-11757-i-4659</fid>
<lfSpanFr gml:id="K11_4673711757_43-1">
<gml:timePosition>2023-02-21</gml:timePosition>
</lfSpanFr>
<devDate gml:id="K11_4673711757_43-2">
<gml:timePosition>2025-02-26</gml:timePosition>
</devDate>
<orgGILvl>2500</orgGILvl>
<vis>表示</vis>
<pos>
<gml:Point gml:id="K11_4673711757_43-g" srsName="fguuid:jgd2011.bl">
<gml:pos>32.665229427 129.827831842</gml:pos>
</gml:Point>
</pos>
<sbaNo>24</sbaNo>
</SBAPt>
<SBAPt gml:id="K11_4673711757_44">
<fid>46737-11757-i-4660</fid>
<lfSpanFr gml:id="K11_4673711757_44-1">
<gml:timePosition>2023-02-21</gml:timePosition>
</lfSpanFr>
<devDate gml:id="K11_4673711757_44-2">
<gml:timePosition>2025-02-26</gml:timePosition>
</devDate>
<orgGILvl>2500</orgGILvl>
<vis>表示</vis>
<pos>
<gml:Point gml:id="K11_4673711757_44-g" srsName="fguuid:jgd2011.bl">
<gml:pos>32.665500286 129.827859231</gml:pos>
</gml:Point>
</pos>
<sbaNo>25</sbaNo>
</SBAPt>
<SBAPt gml:id="K11_4673711757_45">
<fid>46737-11757-i-4661</fid>
<lfSpanFr gml:id="K11_4673711757_45-1">
<gml:timePosition>2023-02-21</gml:timePosition>
</lfSpanFr>
<devDate gml:id="K11_4673711757_45-2">
<gml:timePosition>2025-02-26</gml:timePosition>
</devDate>
<orgGILvl>2500</orgGILvl>
<vis>表示</vis>
<pos>
<gml:Point gml:id="K11_4673711757_45-g" srsName="fguuid:jgd2011.bl">
<gml:pos>32.665238954 129.826554253</gml:pos>
</gml:Point>
</pos>
<sbaNo>26</sbaNo>
</SBAPt>
<SBAPt gml:id="K11_4673711757_46">
<fid>46737-11757-i-4662</fid>
<lfSpanFr gml:id="K11_4673711757_46-1">
<gml:timePosition>2023-02-21</gml:timePosition>
</lfSpanFr>
<devDate gml:id="K11_4673711757_46-2">
<gml:timePosition>2025-02-26</gml:timePosition>
</devDate>
<orgGILvl>2500</orgGILvl>
<vis>表示</vis>
<pos>
<gml:Point gml:id="K11_4673711757_46-g" srsName="fguuid:jgd2011.bl">
<gml:pos>32.664318847 129.827343684</gml:pos>
</gml:Point>
</pos>
<sbaNo>21</sbaNo>
</SBAPt>
<SBAPt gml:id="K11_4673711757_47">
<fid>46737-11757-i-4663</fid>
<lfSpanFr gml:id="K11_4673711757_47-1">
<gml:timePosition>2023-02-21</gml:timePosition>
</lfSpanFr>
<devDate gml:id="K11_4673711757_47-2">
<gml:timePosition>2025-02-26</gml:timePosition>
</devDate>
<orgGILvl>2500</orgGILvl>
<vis>表示</vis>
<pos>
<gml:Point gml:id="K11_4673711757_47-g" srsName="fguuid:jgd2011.bl">
<gml:pos>32.664574735 129.827508015</gml:pos>
</gml:Point>
</pos>
<sbaNo>22</sbaNo>
</SBAPt>
<SBAPt gml:id="K11_4673711757_48">
<fid>46737-11757-i-4664</fid>
<lfSpanFr gml:id="K11_4673711757_48-1">
<gml:timePosition>2023-02-21</gml:timePosition>
</lfSpanFr>
<devDate gml:id="K11_4673711757_48-2">
<gml:timePosition>2025-02-26</gml:timePosition>
</devDate>
<orgGILvl>2500</orgGILvl>
<vis>表示</vis>
<pos>
<gml:Point gml:id="K11_4673711757_48-g" srsName="fguuid:jgd2011.bl">
<gml:pos>32.664855000 129.827688000</gml:pos>
</gml:Point>
</pos>
<sbaNo>23</sbaNo>
</SBAPt>
<SBAPt gml:id="K11_4673711757_49">
<fid>46737-11757-i-4665</fid>
<lfSpanFr gml:id="K11_4673711757_49-1">
<gml:timePosition>2023-02-21</gml:timePosition>
</lfSpanFr>
<devDate gml:id="K11_4673711757_49-2">
<gml:timePosition>2025-02-26</gml:timePosition>
</devDate>
<orgGILvl>2500</orgGILvl>
<vis>表示</vis>
<pos>
<gml:Point gml:id="K11_4673711757_49-g" srsName="fguuid:jgd2011.bl">
<gml:pos>32.664883000 129.826270000</gml:pos>
</gml:Point>
</pos>
<sbaNo>27</sbaNo>
</SBAPt>
<SBAPt gml:id="K11_4673711757_50">
<fid>46737-11757-i-4666</fid>
<lfSpanFr gml:id="K11_4673711757_50-1">
<gml:timePosition>2023-02-21</gml:timePosition>
</lfSpanFr>
<devDate gml:id="K11_4673711757_50-2">
<gml:timePosition>2025-02-26</gml:timePosition>
</devDate>
<orgGILvl>2500</orgGILvl>
<vis>表示</vis>
<pos>
<gml:Point gml:id="K11_4673711757_50-g" srsName="fguuid:jgd2011.bl">
<gml:pos>32.665441758 129.825289551</gml:pos>
</gml:Point>
</pos>
<sbaNo>31</sbaNo>
</SBAPt>
<SBAPt gml:id="K11_4673711757_51">
<fid>46737-11757-i-4667</fid>
<lfSpanFr gml:id="K11_4673711757_51-1">
<gml:timePosition>2023-02-21</gml:timePosition>
</lfSpanFr>
<devDate gml:id="K11_4673711757_51-2">
<gml:timePosition>2025-02-26</gml:timePosition>
</devDate>
<orgGILvl>2500</orgGILvl>
<vis>表示</vis>
<pos>
<gml:Point gml:id="K11_4673711757_51-g" srsName="fguuid:jgd2011.bl">
<gml:pos>32.664614000 129.826009000</gml:pos>
</gml:Point>
</pos>
<sbaNo>28</sbaNo>
</SBAPt>
<SBAPt gml:id="K11_4673711757_52">
<fid>46737-11757-i-4668</fid>
<lfSpanFr gml:id="K11_4673711757_52-1">
<gml:timePosition>2023-02-21</gml:timePosition>
</lfSpanFr>
<devDate gml:id="K11_4673711757_52-2">
<gml:timePosition>2025-02-26</gml:timePosition>
</devDate>
<orgGILvl>2500</orgGILvl>
<vis>表示</vis>
<pos>
<gml:Point gml:id="K11_4673711757_52-g" srsName="fguuid:jgd2011.bl">
<gml:pos>32.664351514 129.825732599</gml:pos>
</gml:Point>
</pos>
<sbaNo>29</sbaNo>
</SBAPt>
<SBAPt gml:id="K11_4673711757_53">
<fid>46737-11757-i-4669</fid>
<lfSpanFr gml:id="K11_4673711757_53-1">
<gml:timePosition>2023-02-21</gml:timePosition>
</lfSpanFr>
<devDate gml:id="K11_4673711757_53-2">
<gml:timePosition>2025-02-26</gml:timePosition>
</devDate>
<orgGILvl>2500</orgGILvl>
<vis>表示</vis>
<pos>
<gml:Point gml:id="K11_4673711757_53-g" srsName="fguuid:jgd2011.bl">
<gml:pos>32.665082427 129.825331439</gml:pos>
</gml:Point>
</pos>
<sbaNo>30</sbaNo>
</SBAPt>
<SBAPt gml:id="K11_4674011757_1">
<fid>46740-11757-i-2167</fid>
<lfSpanFr gml:id="K11_4674011757_1-1">
<gml:timePosition>2023-02-21</gml:timePosition>
</lfSpanFr>
<devDate gml:id="K11_4674011757_1-2">
<gml:timePosition>2025-02-26</gml:timePosition>
</devDate>
<orgGILvl>2500</orgGILvl>
<vis>表示</vis>
<pos>
<gml:Point gml:id="K11_4674011757_1-g" srsName="fguuid:jgd2011.bl">
<gml:pos>32.661950604 129.833474151</gml:pos>
</gml:Point>
</pos>
<sbaNo>4</sbaNo>
</SBAPt>
<SBAPt gml:id="K11_4674011757_2">
<fid>46740-11757-i-2168</fid>
<lfSpanFr gml:id="K11_4674011757_2-1">
<gml:timePosition>2023-02-21</gml:timePosition>
</lfSpanFr>
<devDate gml:id="K11_4674011757_2-2">
<gml:timePosition>2025-02-26</gml:timePosition>
</devDate>
<orgGILvl>2500</orgGILvl>
<vis>表示</vis>
<pos>
<gml:Point gml:id="K11_4674011757_2-g" srsName="fguuid:jgd2011.bl">
<gml:pos>32.661361897 129.834767656</gml:pos>
</gml:Point>
</pos>
<sbaNo>1</sbaNo>
</SBAPt>
<SBAPt gml:id="K11_4674011757_3">
<fid>46740-11757-i-2169</fid>
<lfSpanFr gml:id="K11_4674011757_3-1">
<gml:timePosition>2023-02-21</gml:timePosition>
</lfSpanFr>
<devDate gml:id="K11_4674011757_3-2">
<gml:timePosition>2025-02-26</gml:timePosition>
</devDate>
<orgGILvl>2500</orgGILvl>
<vis>表示</vis>
<pos>
<gml:Point gml:id="K11_4674011757_3-g" srsName="fguuid:jgd2011.bl">
<gml:pos>32.661679230 129.834251809</gml:pos>
</gml:Point>
</pos>
<sbaNo>2</sbaNo>
</SBAPt>
<SBAPt gml:id="K11_4674011757_4">
<fid>46740-11757-i-2170</fid>
<lfSpanFr gml:id="K11_4674011757_4-1">
<gml:timePosition>2023-02-21</gml:timePosition>
</lfSpanFr>
<devDate gml:id="K11_4674011757_4-2">
<gml:timePosition>2025-02-26</gml:timePosition>
</devDate>
<orgGILvl>2500</orgGILvl>
<vis>表示</vis>
<pos>
<gml:Point gml:id="K11_4674011757_4-g" srsName="fguuid:jgd2011.bl">
<gml:pos>32.661634000 129.833434000</gml:pos>
</gml:Point>
</pos>
<sbaNo>3</sbaNo>
</SBAPt>
</Dataset>
