<?xml version="1.0" encoding="utf-8"?>
<Dataset xsi:schemaLocation="http://fgd.gsi.go.jp/spec/2008/FGD_GMLSchema FGD_GMLSchema.xsd"
	xmlns:gml="http://www.opengis.net/gml/3.2"
	xmlns:xsi="http://www.w3.org/2001/XMLSchema-instance"
	xmlns:xlink="http://www.w3.org/1999/xlink"
	xmlns="http://fgd.gsi.go.jp/spec/2008/FGD_GMLSchema"
	gml:id="Dataset1">
  <gml:description>基盤地図情報メタデータ ID=fmdid:25-0331</gml:description>
  <gml:name>基盤地図情報ダウンロードデータ（GML版）</gml:name>
<GCP gml:id="K1_482976_1">
<fid>10-00100-0-2402-21520</fid>
<lfSpanFr gml:id="K1_482976_1-1">
<gml:timePosition>2025-02-19</gml:timePosition>
</lfSpanFr>
<devDate gml:id="K1_482976_1-2">
<gml:timePosition>2025-02-26</gml:timePosition>
</devDate>
<orgGILvl>KJ12</orgGILvl>
<vis>表示</vis>
<pos>
<gml:Point gml:id="K1_482976_1-g" srsName="fguuid:jgd2011.bl">
<gml:pos>32.609861250 129.804581500</gml:pos>
</gml:Point>
</pos>
<orgName>国土地理院</orgName>
<type>三角点</type>
<gcpClass>二等三角点</gcpClass>
<gcpCode>TR24829763401</gcpCode>
<name>高浜村</name>
<B>117395.5005</B>
<L>467296.4934</L>
<alti>325.52</alti>
<altiAcc>2</altiAcc>
</GCP>
<GCP gml:id="K1_482976_2">
<fid>10-00100-0-2402-21521</fid>
<lfSpanFr gml:id="K1_482976_2-1">
<gml:timePosition>2025-02-19</gml:timePosition>
</lfSpanFr>
<devDate gml:id="K1_482976_2-2">
<gml:timePosition>2025-02-26</gml:timePosition>
</devDate>
<orgGILvl>KJ12</orgGILvl>
<vis>表示</vis>
<pos>
<gml:Point gml:id="K1_482976_2-g" srsName="fguuid:jgd2011.bl">
<gml:pos>32.659114222 129.751271750</gml:pos>
</gml:Point>
</pos>
<orgName>国土地理院</orgName>
<type>三角点</type>
<gcpClass>二等三角点</gcpClass>
<gcpCode>TR24829769001</gcpCode>
<name>高島</name>
<B>117572.8112</B>
<L>467104.5783</L>
<alti>111.45</alti>
<altiAcc>2</altiAcc>
</GCP>
<GCP gml:id="K1_482976_3">
<fid>10-00100-0-2402-27290</fid>
<lfSpanFr gml:id="K1_482976_3-1">
<gml:timePosition>2025-02-19</gml:timePosition>
</lfSpanFr>
<devDate gml:id="K1_482976_3-2">
<gml:timePosition>2025-02-26</gml:timePosition>
</devDate>
<orgGILvl>KJ13</orgGILvl>
<vis>表示</vis>
<pos>
<gml:Point gml:id="K1_482976_3-g" srsName="fguuid:jgd2011.bl">
<gml:pos>32.584544889 129.758987472</gml:pos>
</gml:Point>
</pos>
<orgName>国土地理院</orgName>
<type>三角点</type>
<gcpClass>三等三角点</gcpClass>
<gcpCode>TR34829760002</gcpCode>
<name>松山</name>
<B>117304.3616</B>
<L>467132.3549</L>
<alti>66.01</alti>
<altiAcc>2</altiAcc>
</GCP>
<GCP gml:id="K1_482976_4">
<fid>10-00100-0-2402-27291</fid>
<lfSpanFr gml:id="K1_482976_4-1">
<gml:timePosition>2025-02-19</gml:timePosition>
</lfSpanFr>
<devDate gml:id="K1_482976_4-2">
<gml:timePosition>2025-02-26</gml:timePosition>
</devDate>
<orgGILvl>KJ13</orgGILvl>
<vis>表示</vis>
<pos>
<gml:Point gml:id="K1_482976_4-g" srsName="fguuid:jgd2011.bl">
<gml:pos>32.589616444 129.778832972</gml:pos>
</gml:Point>
</pos>
<orgName>国土地理院</orgName>
<type>三角点</type>
<gcpClass>三等三角点</gcpClass>
<gcpCode>TR34829760201</gcpCode>
<name>神ノ上</name>
<B>117322.6192</B>
<L>467203.7987</L>
<alti>259.0</alti>
<altiAcc>2</altiAcc>
</GCP>
<GCP gml:id="K1_482976_5">
<fid>10-00100-0-2402-27292</fid>
<lfSpanFr gml:id="K1_482976_5-1">
<gml:timePosition>2025-02-19</gml:timePosition>
</lfSpanFr>
<devDate gml:id="K1_482976_5-2">
<gml:timePosition>2025-02-26</gml:timePosition>
</devDate>
<orgGILvl>KJ13</orgGILvl>
<vis>表示</vis>
<pos>
<gml:Point gml:id="K1_482976_5-g" srsName="fguuid:jgd2011.bl">
<gml:pos>32.610841778 129.782376917</gml:pos>
</gml:Point>
</pos>
<orgName>国土地理院</orgName>
<type>三角点</type>
<gcpClass>三等三角点</gcpClass>
<gcpCode>TR34829763201</gcpCode>
<name>辨天山</name>
<B>117399.0304</B>
<L>467216.5569</L>
<alti>86.76</alti>
<altiAcc>2</altiAcc>
</GCP>
<GCP gml:id="K1_482976_6">
<fid>10-00100-0-2402-27293</fid>
<lfSpanFr gml:id="K1_482976_6-1">
<gml:timePosition>2025-02-19</gml:timePosition>
</lfSpanFr>
<devDate gml:id="K1_482976_6-2">
<gml:timePosition>2025-02-26</gml:timePosition>
</devDate>
<orgGILvl>KJ13</orgGILvl>
<vis>表示</vis>
<pos>
<gml:Point gml:id="K1_482976_6-g" srsName="fguuid:jgd2011.bl">
<gml:pos>32.627468389 129.803673222</gml:pos>
</gml:Point>
</pos>
<orgName>国土地理院</orgName>
<type>三角点</type>
<gcpClass>三等三角点</gcpClass>
<gcpCode>TR34829765401</gcpCode>
<name>川原村</name>
<B>117458.8862</B>
<L>467293.2236</L>
<alti>243.63</alti>
<altiAcc>2</altiAcc>
</GCP>
<GCP gml:id="K1_482976_7">
<fid>10-00100-0-2402-27294</fid>
<lfSpanFr gml:id="K1_482976_7-1">
<gml:timePosition>2025-02-19</gml:timePosition>
</lfSpanFr>
<devDate gml:id="K1_482976_7-2">
<gml:timePosition>2025-02-26</gml:timePosition>
</devDate>
<orgGILvl>KJ13</orgGILvl>
<vis>表示</vis>
<pos>
<gml:Point gml:id="K1_482976_7-g" srsName="fguuid:jgd2011.bl">
<gml:pos>32.639546806 129.817930972</gml:pos>
</gml:Point>
</pos>
<orgName>国土地理院</orgName>
<type>三角点</type>
<gcpClass>三等三角点</gcpClass>
<gcpCode>TR34829766501</gcpCode>
<name>芋洗川</name>
<B>117502.3685</B>
<L>467344.5515</L>
<alti>254.39</alti>
<altiAcc>2</altiAcc>
</GCP>
<GCP gml:id="K1_482976_8">
<fid>10-00100-0-2402-27295</fid>
<lfSpanFr gml:id="K1_482976_8-1">
<gml:timePosition>2025-02-19</gml:timePosition>
</lfSpanFr>
<devDate gml:id="K1_482976_8-2">
<gml:timePosition>2025-02-26</gml:timePosition>
</devDate>
<orgGILvl>KJ13</orgGILvl>
<vis>表示</vis>
<pos>
<gml:Point gml:id="K1_482976_8-g" srsName="fguuid:jgd2011.bl">
<gml:pos>32.657686583 129.796924583</gml:pos>
</gml:Point>
</pos>
<orgName>国土地理院</orgName>
<type>三角点</type>
<gcpClass>三等三角点</gcpClass>
<gcpCode>TR34829768301</gcpCode>
<name>黒島</name>
<B>117567.6717</B>
<L>467268.9285</L>
<alti>30.16</alti>
<altiAcc>2</altiAcc>
</GCP>
<GCP gml:id="K1_482976_9">
<fid>10-00100-0-2402-27296</fid>
<lfSpanFr gml:id="K1_482976_9-1">
<gml:timePosition>2025-02-19</gml:timePosition>
</lfSpanFr>
<devDate gml:id="K1_482976_9-2">
<gml:timePosition>2025-02-26</gml:timePosition>
</devDate>
<orgGILvl>KJ13</orgGILvl>
<vis>表示</vis>
<pos>
<gml:Point gml:id="K1_482976_9-g" srsName="fguuid:jgd2011.bl">
<gml:pos>32.653587306 129.845938944</gml:pos>
</gml:Point>
</pos>
<orgName>国土地理院</orgName>
<type>三角点</type>
<gcpClass>三等三角点</gcpClass>
<gcpCode>TR34829768701</gcpCode>
<name>公領塚</name>
<B>117552.9143</B>
<L>467445.3802</L>
<alti>451.76</alti>
<altiAcc>2</altiAcc>
</GCP>
<GCP gml:id="K1_482976_10">
<fid>10-00100-0-2402-61583</fid>
<lfSpanFr gml:id="K1_482976_10-1">
<gml:timePosition>2025-02-19</gml:timePosition>
</lfSpanFr>
<devDate gml:id="K1_482976_10-2">
<gml:timePosition>2025-02-26</gml:timePosition>
</devDate>
<orgGILvl>KJ14</orgGILvl>
<vis>表示</vis>
<pos>
<gml:Point gml:id="K1_482976_10-g" srsName="fguuid:jgd2011.bl">
<gml:pos>32.588819056 129.751571333</gml:pos>
</gml:Point>
</pos>
<orgName>国土地理院</orgName>
<type>三角点</type>
<gcpClass>四等三角点</gcpClass>
<gcpCode>TR44829760001</gcpCode>
<name>口ノ上</name>
<B>117319.7486</B>
<L>467105.6568</L>
<alti>125.34</alti>
<altiAcc>2</altiAcc>
</GCP>
<GCP gml:id="K1_482976_11">
<fid>10-00100-0-2402-61584</fid>
<lfSpanFr gml:id="K1_482976_11-1">
<gml:timePosition>2025-02-19</gml:timePosition>
</lfSpanFr>
<devDate gml:id="K1_482976_11-2">
<gml:timePosition>2025-02-26</gml:timePosition>
</devDate>
<orgGILvl>KJ14</orgGILvl>
<vis>表示</vis>
<pos>
<gml:Point gml:id="K1_482976_11-g" srsName="fguuid:jgd2011.bl">
<gml:pos>32.592240472 129.767670000</gml:pos>
</gml:Point>
</pos>
<orgName>国土地理院</orgName>
<type>三角点</type>
<gcpClass>四等三角点</gcpClass>
<gcpCode>TR44829761101</gcpCode>
<name>南越</name>
<B>117332.0657</B>
<L>467163.612</L>
<alti>83.05</alti>
<altiAcc>2</altiAcc>
</GCP>
<GCP gml:id="K1_482976_12">
<fid>10-00100-0-2402-61585</fid>
<lfSpanFr gml:id="K1_482976_12-1">
<gml:timePosition>2025-02-19</gml:timePosition>
</lfSpanFr>
<devDate gml:id="K1_482976_12-2">
<gml:timePosition>2025-02-26</gml:timePosition>
</devDate>
<orgGILvl>KJ14</orgGILvl>
<vis>表示</vis>
<pos>
<gml:Point gml:id="K1_482976_12-g" srsName="fguuid:jgd2011.bl">
<gml:pos>32.596834028 129.797655278</gml:pos>
</gml:Point>
</pos>
<orgName>国土地理院</orgName>
<type>三角点</type>
<gcpClass>四等三角点</gcpClass>
<gcpCode>TR44829761301</gcpCode>
<name>長迫</name>
<B>117348.6025</B>
<L>467271.559</L>
<alti>269.99</alti>
<altiAcc>2</altiAcc>
</GCP>
<GCP gml:id="K1_482976_13">
<fid>10-00100-0-2402-61586</fid>
<lfSpanFr gml:id="K1_482976_13-1">
<gml:timePosition>2025-02-19</gml:timePosition>
</lfSpanFr>
<devDate gml:id="K1_482976_13-2">
<gml:timePosition>2025-02-26</gml:timePosition>
</devDate>
<orgGILvl>KJ14</orgGILvl>
<vis>表示</vis>
<pos>
<gml:Point gml:id="K1_482976_13-g" srsName="fguuid:jgd2011.bl">
<gml:pos>32.603019417 129.790697417</gml:pos>
</gml:Point>
</pos>
<orgName>国土地理院</orgName>
<type>三角点</type>
<gcpClass>四等三角点</gcpClass>
<gcpCode>TR44829762301</gcpCode>
<name>浦ノ迫</name>
<B>117370.8699</B>
<L>467246.5107</L>
<alti>69.27</alti>
<altiAcc>2</altiAcc>
</GCP>
<GCP gml:id="K1_482976_14">
<fid>10-00100-0-2402-61587</fid>
<lfSpanFr gml:id="K1_482976_14-1">
<gml:timePosition>2025-02-19</gml:timePosition>
</lfSpanFr>
<devDate gml:id="K1_482976_14-2">
<gml:timePosition>2025-02-26</gml:timePosition>
</devDate>
<orgGILvl>KJ14</orgGILvl>
<vis>表示</vis>
<pos>
<gml:Point gml:id="K1_482976_14-g" srsName="fguuid:jgd2011.bl">
<gml:pos>32.604499806 129.812305889</gml:pos>
</gml:Point>
</pos>
<orgName>国土地理院</orgName>
<type>三角点</type>
<gcpClass>四等三角点</gcpClass>
<gcpCode>TR44829762401</gcpCode>
<name>岬木場</name>
<B>117376.1993</B>
<L>467324.3012</L>
<alti>222.36</alti>
<altiAcc>2</altiAcc>
</GCP>
<GCP gml:id="K1_482976_15">
<fid>10-00100-0-2402-61588</fid>
<lfSpanFr gml:id="K1_482976_15-1">
<gml:timePosition>2025-02-19</gml:timePosition>
</lfSpanFr>
<devDate gml:id="K1_482976_15-2">
<gml:timePosition>2025-02-26</gml:timePosition>
</devDate>
<orgGILvl>KJ14</orgGILvl>
<vis>表示</vis>
<pos>
<gml:Point gml:id="K1_482976_15-g" srsName="fguuid:jgd2011.bl">
<gml:pos>32.618395917 129.793800861</gml:pos>
</gml:Point>
</pos>
<orgName>国土地理院</orgName>
<type>三角点</type>
<gcpClass>四等三角点</gcpClass>
<gcpCode>TR44829764301</gcpCode>
<name>以下宿</name>
<B>117426.2253</B>
<L>467257.6831</L>
<alti>115.69</alti>
<altiAcc>2</altiAcc>
</GCP>
<GCP gml:id="K1_482976_16">
<fid>10-00100-0-2402-61589</fid>
<lfSpanFr gml:id="K1_482976_16-1">
<gml:timePosition>2025-02-19</gml:timePosition>
</lfSpanFr>
<devDate gml:id="K1_482976_16-2">
<gml:timePosition>2025-02-26</gml:timePosition>
</devDate>
<orgGILvl>KJ14</orgGILvl>
<vis>表示</vis>
<pos>
<gml:Point gml:id="K1_482976_16-g" srsName="fguuid:jgd2011.bl">
<gml:pos>32.617613417 129.815349611</gml:pos>
</gml:Point>
</pos>
<orgName>国土地理院</orgName>
<type>三角点</type>
<gcpClass>四等三角点</gcpClass>
<gcpCode>TR44829764501</gcpCode>
<name>熊ノ岳</name>
<B>117423.4083</B>
<L>467335.2586</L>
<alti>288.4</alti>
<altiAcc>2</altiAcc>
</GCP>
<GCP gml:id="K1_482976_17">
<fid>10-00100-0-2402-61590</fid>
<lfSpanFr gml:id="K1_482976_17-1">
<gml:timePosition>2025-02-19</gml:timePosition>
</lfSpanFr>
<devDate gml:id="K1_482976_17-2">
<gml:timePosition>2025-02-26</gml:timePosition>
</devDate>
<orgGILvl>KJ14</orgGILvl>
<vis>表示</vis>
<pos>
<gml:Point gml:id="K1_482976_17-g" srsName="fguuid:jgd2011.bl">
<gml:pos>32.620789972 129.836609389</gml:pos>
</gml:Point>
</pos>
<orgName>国土地理院</orgName>
<type>三角点</type>
<gcpClass>四等三角点</gcpClass>
<gcpCode>TR44829764601</gcpCode>
<name>大瀬鼻</name>
<B>117434.8439</B>
<L>467411.7938</L>
<alti>51.36</alti>
<altiAcc>2</altiAcc>
</GCP>
<GCP gml:id="K1_482976_18">
<fid>10-00100-0-2402-61591</fid>
<lfSpanFr gml:id="K1_482976_18-1">
<gml:timePosition>2025-02-19</gml:timePosition>
</lfSpanFr>
<devDate gml:id="K1_482976_18-2">
<gml:timePosition>2025-02-26</gml:timePosition>
</devDate>
<orgGILvl>KJ14</orgGILvl>
<vis>表示</vis>
<pos>
<gml:Point gml:id="K1_482976_18-g" srsName="fguuid:jgd2011.bl">
<gml:pos>32.637972944 129.806848194</gml:pos>
</gml:Point>
</pos>
<orgName>国土地理院</orgName>
<type>三角点</type>
<gcpClass>四等三角点</gcpClass>
<gcpCode>TR44829766401</gcpCode>
<name>樫木原</name>
<B>117496.7026</B>
<L>467304.6535</L>
<alti>157.52</alti>
<altiAcc>2</altiAcc>
</GCP>
<GCP gml:id="K1_482976_19">
<fid>10-00100-0-2402-61592</fid>
<lfSpanFr gml:id="K1_482976_19-1">
<gml:timePosition>2025-02-19</gml:timePosition>
</lfSpanFr>
<devDate gml:id="K1_482976_19-2">
<gml:timePosition>2025-02-26</gml:timePosition>
</devDate>
<orgGILvl>KJ14</orgGILvl>
<vis>表示</vis>
<pos>
<gml:Point gml:id="K1_482976_19-g" srsName="fguuid:jgd2011.bl">
<gml:pos>32.636616167 129.835992722</gml:pos>
</gml:Point>
</pos>
<orgName>国土地理院</orgName>
<type>三角点</type>
<gcpClass>四等三角点</gcpClass>
<gcpCode>TR44829766601</gcpCode>
<name>年崎</name>
<B>117491.8182</B>
<L>467409.5738</L>
<alti>50.84</alti>
<altiAcc>2</altiAcc>
</GCP>
<GCP gml:id="K1_482976_20">
<fid>10-00100-0-2402-61593</fid>
<lfSpanFr gml:id="K1_482976_20-1">
<gml:timePosition>2025-02-19</gml:timePosition>
</lfSpanFr>
<devDate gml:id="K1_482976_20-2">
<gml:timePosition>2025-02-26</gml:timePosition>
</devDate>
<orgGILvl>KJ14</orgGILvl>
<vis>表示</vis>
<pos>
<gml:Point gml:id="K1_482976_20-g" srsName="fguuid:jgd2011.bl">
<gml:pos>32.646359250 129.854146000</gml:pos>
</gml:Point>
</pos>
<orgName>国土地理院</orgName>
<type>三角点</type>
<gcpClass>四等三角点</gcpClass>
<gcpCode>TR44829767801</gcpCode>
<name>藤田尾</name>
<B>117526.8933</B>
<L>467474.9256</L>
<alti>169.42</alti>
<altiAcc>2</altiAcc>
</GCP>
<GCP gml:id="K1_482976_21">
<fid>10-00100-0-2402-61594</fid>
<lfSpanFr gml:id="K1_482976_21-1">
<gml:timePosition>2025-02-19</gml:timePosition>
</lfSpanFr>
<devDate gml:id="K1_482976_21-2">
<gml:timePosition>2025-02-26</gml:timePosition>
</devDate>
<orgGILvl>KJ14</orgGILvl>
<vis>表示</vis>
<pos>
<gml:Point gml:id="K1_482976_21-g" srsName="fguuid:jgd2011.bl">
<gml:pos>32.653678306 129.811768444</gml:pos>
</gml:Point>
</pos>
<orgName>国土地理院</orgName>
<type>三角点</type>
<gcpClass>四等三角点</gcpClass>
<gcpCode>TR44829768401</gcpCode>
<name>タン崎</name>
<B>117553.2419</B>
<L>467322.3664</L>
<alti>85.29</alti>
<altiAcc>2</altiAcc>
</GCP>
<GCP gml:id="K1_482976_22">
<fid>10-00100-0-2402-61595</fid>
<lfSpanFr gml:id="K1_482976_22-1">
<gml:timePosition>2025-02-19</gml:timePosition>
</lfSpanFr>
<devDate gml:id="K1_482976_22-2">
<gml:timePosition>2025-02-26</gml:timePosition>
</devDate>
<orgGILvl>KJ14</orgGILvl>
<vis>表示</vis>
<pos>
<gml:Point gml:id="K1_482976_22-g" srsName="fguuid:jgd2011.bl">
<gml:pos>32.656889167 129.827302056</gml:pos>
</gml:Point>
</pos>
<orgName>国土地理院</orgName>
<type>三角点</type>
<gcpClass>四等三角点</gcpClass>
<gcpCode>TR44829768601</gcpCode>
<name>蚊焼</name>
<B>117564.801</B>
<L>467378.2874</L>
<alti>151.36</alti>
<altiAcc>2</altiAcc>
</GCP>
<GCP gml:id="K1_482976_23">
<fid>10-00100-0-2402-61596</fid>
<lfSpanFr gml:id="K1_482976_23-1">
<gml:timePosition>2025-02-19</gml:timePosition>
</lfSpanFr>
<devDate gml:id="K1_482976_23-2">
<gml:timePosition>2025-02-26</gml:timePosition>
</devDate>
<orgGILvl>KJ14</orgGILvl>
<vis>表示</vis>
<pos>
<gml:Point gml:id="K1_482976_23-g" srsName="fguuid:jgd2011.bl">
<gml:pos>32.663437083 129.844256583</gml:pos>
</gml:Point>
</pos>
<orgName>国土地理院</orgName>
<type>三角点</type>
<gcpClass>四等三角点</gcpClass>
<gcpCode>TR44829769701</gcpCode>
<name>布巻</name>
<B>117588.3735</B>
<L>467439.3237</L>
<alti>296.85</alti>
<altiAcc>2</altiAcc>
</GCP>
</Dataset>
