<?xml version="1.0" encoding="utf-8"?>
<Dataset xsi:schemaLocation="http://fgd.gsi.go.jp/spec/2008/FGD_GMLSchema FGD_GMLSchema.xsd"
	xmlns:gml="http://www.opengis.net/gml/3.2"
	xmlns:xsi="http://www.w3.org/2001/XMLSchema-instance"
	xmlns:xlink="http://www.w3.org/1999/xlink"
	xmlns="http://fgd.gsi.go.jp/spec/2008/FGD_GMLSchema"
	gml:id="Dataset1">
  <gml:description>基盤地図情報メタデータ ID=fmdid:24-0101</gml:description>
  <gml:name>基盤地図情報ダウンロードデータ（GML版）</gml:name>
<AdmPt gml:id="K6_4632011796_1">
<fid>46320-11796-i-410</fid>
<lfSpanFr gml:id="K6_4632011796_1-1">
<gml:timePosition>2021-05-12</gml:timePosition>
</lfSpanFr>
<devDate gml:id="K6_4632011796_1-2">
<gml:timePosition>2023-12-15</gml:timePosition>
</devDate>
<orgGILvl>25000</orgGILvl>
<vis>非表示</vis>
<pos>
<gml:Point gml:id="K6_4632011796_1-g" srsName="fguuid:jgd2011.bl">
<gml:pos>32.767574245 128.671084446</gml:pos>
</gml:Point>
</pos>
<type>郡市・東京都の区</type>
<name>五島市</name>
<admCode>42211</admCode>
</AdmPt>
<AdmPt gml:id="K6_4633511790_1">
<fid>46335-11790-i-17</fid>
<lfSpanFr gml:id="K6_4633511790_1-1">
<gml:timePosition>2021-05-12</gml:timePosition>
</lfSpanFr>
<devDate gml:id="K6_4633511790_1-2">
<gml:timePosition>2023-12-15</gml:timePosition>
</devDate>
<orgGILvl>25000</orgGILvl>
<vis>非表示</vis>
<pos>
<gml:Point gml:id="K6_4633511790_1-g" srsName="fguuid:jgd2011.bl">
<gml:pos>32.750023750 128.709764899</gml:pos>
</gml:Point>
</pos>
<type>郡市・東京都の区</type>
<name>五島市</name>
<admCode>42211</admCode>
</AdmPt>
<AdmPt gml:id="K6_4634111790_1">
<fid>46341-11790-i-23</fid>
<lfSpanFr gml:id="K6_4634111790_1-1">
<gml:timePosition>2021-05-12</gml:timePosition>
</lfSpanFr>
<devDate gml:id="K6_4634111790_1-2">
<gml:timePosition>2023-12-15</gml:timePosition>
</devDate>
<orgGILvl>25000</orgGILvl>
<vis>非表示</vis>
<pos>
<gml:Point gml:id="K6_4634111790_1-g" srsName="fguuid:jgd2011.bl">
<gml:pos>32.753808524 128.725748281</gml:pos>
</gml:Point>
</pos>
<type>郡市・東京都の区</type>
<name>五島市</name>
<admCode>42211</admCode>
</AdmPt>
<AdmPt gml:id="K6_4634411790_1">
<fid>46344-11790-i-39</fid>
<lfSpanFr gml:id="K6_4634411790_1-1">
<gml:timePosition>2021-05-12</gml:timePosition>
</lfSpanFr>
<devDate gml:id="K6_4634411790_1-2">
<gml:timePosition>2023-12-15</gml:timePosition>
</devDate>
<orgGILvl>25000</orgGILvl>
<vis>非表示</vis>
<pos>
<gml:Point gml:id="K6_4634411790_1-g" srsName="fguuid:jgd2011.bl">
<gml:pos>32.750497656 128.741123357</gml:pos>
</gml:Point>
</pos>
<type>郡市・東京都の区</type>
<name>五島市</name>
<admCode>42211</admCode>
</AdmPt>
<AdmPt gml:id="K6_4634411790_2">
<fid>46344-11790-i-40</fid>
<lfSpanFr gml:id="K6_4634411790_2-1">
<gml:timePosition>2021-05-12</gml:timePosition>
</lfSpanFr>
<devDate gml:id="K6_4634411790_2-2">
<gml:timePosition>2023-12-15</gml:timePosition>
</devDate>
<orgGILvl>25000</orgGILvl>
<vis>非表示</vis>
<pos>
<gml:Point gml:id="K6_4634411790_2-g" srsName="fguuid:jgd2011.bl">
<gml:pos>32.750035879 128.739134858</gml:pos>
</gml:Point>
</pos>
<type>郡市・東京都の区</type>
<name>五島市</name>
<admCode>42211</admCode>
</AdmPt>
<AdmPt gml:id="K6_4634711790_1">
<fid>46347-11790-i-161</fid>
<lfSpanFr gml:id="K6_4634711790_1-1">
<gml:timePosition>2021-05-12</gml:timePosition>
</lfSpanFr>
<devDate gml:id="K6_4634711790_1-2">
<gml:timePosition>2023-12-15</gml:timePosition>
</devDate>
<orgGILvl>25000</orgGILvl>
<vis>非表示</vis>
<pos>
<gml:Point gml:id="K6_4634711790_1-g" srsName="fguuid:jgd2011.bl">
<gml:pos>32.755010334 128.747431976</gml:pos>
</gml:Point>
</pos>
<type>郡市・東京都の区</type>
<name>五島市</name>
<admCode>42211</admCode>
</AdmPt>
<AdmPt gml:id="K6_4634711790_2">
<fid>46347-11790-i-162</fid>
<lfSpanFr gml:id="K6_4634711790_2-1">
<gml:timePosition>2021-05-12</gml:timePosition>
</lfSpanFr>
<devDate gml:id="K6_4634711790_2-2">
<gml:timePosition>2023-12-15</gml:timePosition>
</devDate>
<orgGILvl>25000</orgGILvl>
<vis>非表示</vis>
<pos>
<gml:Point gml:id="K6_4634711790_2-g" srsName="fguuid:jgd2011.bl">
<gml:pos>32.750255215 128.745767243</gml:pos>
</gml:Point>
</pos>
<type>郡市・東京都の区</type>
<name>五島市</name>
<admCode>42211</admCode>
</AdmPt>
</Dataset>
