<?xml version="1.0" encoding="utf-8"?>
<Dataset xsi:schemaLocation="http://fgd.gsi.go.jp/spec/2008/FGD_GMLSchema FGD_GMLSchema.xsd"
	xmlns:gml="http://www.opengis.net/gml/3.2"
	xmlns:xsi="http://www.w3.org/2001/XMLSchema-instance"
	xmlns:xlink="http://www.w3.org/1999/xlink"
	xmlns="http://fgd.gsi.go.jp/spec/2008/FGD_GMLSchema"
	gml:id="Dataset1">
  <gml:description>基盤地図情報メタデータ ID=fmdid:24-0101</gml:description>
  <gml:name>基盤地図情報ダウンロードデータ（GML版）</gml:name>
<GCP gml:id="K1_492815_1">
<fid>10-00100-0-2312-275802</fid>
<lfSpanFr gml:id="K1_492815_1-1">
<gml:timePosition>2023-12-15</gml:timePosition>
</lfSpanFr>
<devDate gml:id="K1_492815_1-2">
<gml:timePosition>2023-12-15</gml:timePosition>
</devDate>
<orgGILvl>SJ12</orgGILvl>
<vis>表示</vis>
<pos>
<gml:Point gml:id="K1_492815_1-g" srsName="fguuid:jgd2011.bl">
<gml:pos>32.750453361 128.682635556</gml:pos>
</gml:Point>
</pos>
<orgName>国土地理院</orgName>
<type>水準点</type>
<gcpClass>二等水準点</gcpClass>
<gcpCode>L020000010543</gcpCode>
<name>１０５４３</name>
<B>117901.6321</B>
<L>463257.488</L>
<alti>77.523</alti>
<altiAcc>3</altiAcc>
</GCP>
<GCP gml:id="K1_492815_2">
<fid>10-00100-0-2312-275803</fid>
<lfSpanFr gml:id="K1_492815_2-1">
<gml:timePosition>2023-12-15</gml:timePosition>
</lfSpanFr>
<devDate gml:id="K1_492815_2-2">
<gml:timePosition>2023-12-15</gml:timePosition>
</devDate>
<orgGILvl>SJ12</orgGILvl>
<vis>表示</vis>
<pos>
<gml:Point gml:id="K1_492815_2-g" srsName="fguuid:jgd2011.bl">
<gml:pos>32.784014278 128.664768583</gml:pos>
</gml:Point>
</pos>
<orgName>国土地理院</orgName>
<type>水準点</type>
<gcpClass>二等水準点</gcpClass>
<gcpCode>L020000010544</gcpCode>
<name>１０５４４</name>
<B>118022.4514</B>
<L>463193.1669</L>
<alti>11.783</alti>
<altiAcc>3</altiAcc>
</GCP>
<GCP gml:id="K1_492815_3">
<fid>10-00100-0-2312-282851</fid>
<lfSpanFr gml:id="K1_492815_3-1">
<gml:timePosition>2023-12-15</gml:timePosition>
</lfSpanFr>
<devDate gml:id="K1_492815_3-2">
<gml:timePosition>2023-12-15</gml:timePosition>
</devDate>
<orgGILvl>KJ12</orgGILvl>
<vis>表示</vis>
<pos>
<gml:Point gml:id="K1_492815_3-g" srsName="fguuid:jgd2011.bl">
<gml:pos>32.807283083 128.678570750</gml:pos>
</gml:Point>
</pos>
<orgName>国土地理院</orgName>
<type>三角点</type>
<gcpClass>二等三角点</gcpClass>
<gcpCode>TR24928156401</gcpCode>
<name>姫島</name>
<B>118106.2191</B>
<L>463242.8547</L>
<alti>196.86</alti>
<altiAcc>2</altiAcc>
</GCP>
<GCP gml:id="K1_492815_4">
<fid>10-00100-0-2312-289375</fid>
<lfSpanFr gml:id="K1_492815_4-1">
<gml:timePosition>2023-12-15</gml:timePosition>
</lfSpanFr>
<devDate gml:id="K1_492815_4-2">
<gml:timePosition>2023-12-15</gml:timePosition>
</devDate>
<orgGILvl>KJ13</orgGILvl>
<vis>表示</vis>
<pos>
<gml:Point gml:id="K1_492815_4-g" srsName="fguuid:jgd2011.bl">
<gml:pos>32.764640861 128.693659167</gml:pos>
</gml:Point>
</pos>
<orgName>国土地理院</orgName>
<type>三角点</type>
<gcpClass>三等三角点</gcpClass>
<gcpCode>TR34928151501</gcpCode>
<name>牛泊</name>
<B>117952.7071</B>
<L>463297.173</L>
<alti>32.92</alti>
<altiAcc>2</altiAcc>
</GCP>
<GCP gml:id="K1_492815_5">
<fid>10-00100-0-2312-325322</fid>
<lfSpanFr gml:id="K1_492815_5-1">
<gml:timePosition>2023-12-15</gml:timePosition>
</lfSpanFr>
<devDate gml:id="K1_492815_5-2">
<gml:timePosition>2023-12-15</gml:timePosition>
</devDate>
<orgGILvl>KJ14</orgGILvl>
<vis>表示</vis>
<pos>
<gml:Point gml:id="K1_492815_5-g" srsName="fguuid:jgd2011.bl">
<gml:pos>32.755104778 128.677111389</gml:pos>
</gml:Point>
</pos>
<orgName>国土地理院</orgName>
<type>三角点</type>
<gcpClass>四等三角点</gcpClass>
<gcpCode>TR44928150401</gcpCode>
<name>岳道</name>
<B>117918.3772</B>
<L>463237.601</L>
<alti>98.63</alti>
<altiAcc>2</altiAcc>
</GCP>
<GCP gml:id="K1_492815_6">
<fid>10-00100-0-2312-325323</fid>
<lfSpanFr gml:id="K1_492815_6-1">
<gml:timePosition>2023-12-15</gml:timePosition>
</lfSpanFr>
<devDate gml:id="K1_492815_6-2">
<gml:timePosition>2023-12-15</gml:timePosition>
</devDate>
<orgGILvl>KJ14</orgGILvl>
<vis>表示</vis>
<pos>
<gml:Point gml:id="K1_492815_6-g" srsName="fguuid:jgd2011.bl">
<gml:pos>32.756447472 128.737437306</gml:pos>
</gml:Point>
</pos>
<orgName>国土地理院</orgName>
<type>三角点</type>
<gcpClass>四等三角点</gcpClass>
<gcpCode>TR44928150801</gcpCode>
<name>西津ノ鼻</name>
<B>117923.2109</B>
<L>463454.7743</L>
<alti>99.76</alti>
<altiAcc>2</altiAcc>
</GCP>
<GCP gml:id="K1_492815_7">
<fid>10-00100-0-2312-325324</fid>
<lfSpanFr gml:id="K1_492815_7-1">
<gml:timePosition>2023-12-15</gml:timePosition>
</lfSpanFr>
<devDate gml:id="K1_492815_7-2">
<gml:timePosition>2023-12-15</gml:timePosition>
</devDate>
<orgGILvl>KJ14</orgGILvl>
<vis>表示</vis>
<pos>
<gml:Point gml:id="K1_492815_7-g" srsName="fguuid:jgd2011.bl">
<gml:pos>32.761757389 128.641829389</gml:pos>
</gml:Point>
</pos>
<orgName>国土地理院</orgName>
<type>三角点</type>
<gcpClass>四等三角点</gcpClass>
<gcpCode>TR44928151101</gcpCode>
<name>長崎鼻</name>
<B>117942.3266</B>
<L>463110.5858</L>
<alti>9.25</alti>
<altiAcc>2</altiAcc>
</GCP>
<GCP gml:id="K1_492815_8">
<fid>10-00100-0-2312-325325</fid>
<lfSpanFr gml:id="K1_492815_8-1">
<gml:timePosition>2023-12-15</gml:timePosition>
</lfSpanFr>
<devDate gml:id="K1_492815_8-2">
<gml:timePosition>2023-12-15</gml:timePosition>
</devDate>
<orgGILvl>KJ14</orgGILvl>
<vis>表示</vis>
<pos>
<gml:Point gml:id="K1_492815_8-g" srsName="fguuid:jgd2011.bl">
<gml:pos>32.771013167 128.656045278</gml:pos>
</gml:Point>
</pos>
<orgName>国土地理院</orgName>
<type>三角点</type>
<gcpClass>四等三角点</gcpClass>
<gcpCode>TR44928152201</gcpCode>
<name>新村</name>
<B>117975.6474</B>
<L>463161.763</L>
<alti>69.21</alti>
<altiAcc>2</altiAcc>
</GCP>
<GCP gml:id="K1_492815_9">
<fid>10-00100-0-2312-325326</fid>
<lfSpanFr gml:id="K1_492815_9-1">
<gml:timePosition>2023-12-15</gml:timePosition>
</lfSpanFr>
<devDate gml:id="K1_492815_9-2">
<gml:timePosition>2023-12-15</gml:timePosition>
</devDate>
<orgGILvl>KJ14</orgGILvl>
<vis>表示</vis>
<pos>
<gml:Point gml:id="K1_492815_9-g" srsName="fguuid:jgd2011.bl">
<gml:pos>32.770436194 128.681387694</gml:pos>
</gml:Point>
</pos>
<orgName>国土地理院</orgName>
<type>三角点</type>
<gcpClass>四等三角点</gcpClass>
<gcpCode>TR44928152401</gcpCode>
<name>大川</name>
<B>117973.5703</B>
<L>463252.9957</L>
<alti>24.27</alti>
<altiAcc>2</altiAcc>
</GCP>
<GCP gml:id="K1_492815_10">
<fid>10-00100-0-2312-325327</fid>
<lfSpanFr gml:id="K1_492815_10-1">
<gml:timePosition>2023-12-15</gml:timePosition>
</lfSpanFr>
<devDate gml:id="K1_492815_10-2">
<gml:timePosition>2023-12-15</gml:timePosition>
</devDate>
<orgGILvl>KJ14</orgGILvl>
<vis>表示</vis>
<pos>
<gml:Point gml:id="K1_492815_10-g" srsName="fguuid:jgd2011.bl">
<gml:pos>32.781940667 128.663570222</gml:pos>
</gml:Point>
</pos>
<orgName>国土地理院</orgName>
<type>三角点</type>
<gcpClass>四等三角点</gcpClass>
<gcpCode>TR44928153301</gcpCode>
<name>組屋敷</name>
<B>118014.9864</B>
<L>463188.8528</L>
<alti>18.77</alti>
<altiAcc>2</altiAcc>
</GCP>
<GCP gml:id="K1_492815_11">
<fid>10-00100-0-2312-325328</fid>
<lfSpanFr gml:id="K1_492815_11-1">
<gml:timePosition>2023-12-15</gml:timePosition>
</lfSpanFr>
<devDate gml:id="K1_492815_11-2">
<gml:timePosition>2023-12-15</gml:timePosition>
</devDate>
<orgGILvl>KJ14</orgGILvl>
<vis>表示</vis>
<pos>
<gml:Point gml:id="K1_492815_11-g" srsName="fguuid:jgd2011.bl">
<gml:pos>32.779478250 128.673982861</gml:pos>
</gml:Point>
</pos>
<orgName>国土地理院</orgName>
<type>三角点</type>
<gcpClass>四等三角点</gcpClass>
<gcpCode>TR44928153302</gcpCode>
<name>柏崎</name>
<B>118006.1217</B>
<L>463226.3383</L>
<alti>28.58</alti>
<altiAcc>2</altiAcc>
</GCP>
</Dataset>
