<?xml version="1.0" encoding="utf-8"?>
<Dataset xsi:schemaLocation="http://fgd.gsi.go.jp/spec/2008/FGD_GMLSchema FGD_GMLSchema.xsd"
	xmlns:gml="http://www.opengis.net/gml/3.2"
	xmlns:xsi="http://www.w3.org/2001/XMLSchema-instance"
	xmlns:xlink="http://www.w3.org/1999/xlink"
	xmlns="http://fgd.gsi.go.jp/spec/2008/FGD_GMLSchema"
	gml:id="Dataset1">
  <gml:description>基盤地図情報メタデータ ID=fmdid:24-0101</gml:description>
  <gml:name>基盤地図情報ダウンロードデータ（GML版）</gml:name>
<WL gml:id="K13_4631711790_1">
<fid>46317-11790-s-286</fid>
<lfSpanFr gml:id="K13_4631711790_1-1">
<gml:timePosition>2015-11-17</gml:timePosition>
</lfSpanFr>
<devDate gml:id="K13_4631711790_1-2">
<gml:timePosition>2023-12-15</gml:timePosition>
</devDate>
<orgGILvl>25000</orgGILvl>
<loc>
<gml:Curve gml:id="K13_4631711790_1-g" srsName="fguuid:jgd2011.bl">
<gml:segments>
<gml:LineStringSegment>
<gml:posList>
32.754452222 128.664095833
32.754496389 128.664113333
32.754615000 128.664206667
32.754806667 128.664433611
32.754857222 128.664540278
32.754896944 128.664633611
32.754885556 128.664700556
32.754846111 128.664767222
32.754829167 128.664780556
32.754727778 128.664840556
32.754688056 128.664833889
32.754615000 128.664767222
32.754406389 128.664606944
32.754304444 128.664508056
</gml:posList>
</gml:LineStringSegment>
</gml:segments>
</gml:Curve>
</loc>
<type>水涯線（河川）</type>
</WL>
<WL gml:id="K13_4631711790_2">
<fid>46317-11790-s-449</fid>
<lfSpanFr gml:id="K13_4631711790_2-1">
<gml:timePosition>2021-05-12</gml:timePosition>
</lfSpanFr>
<devDate gml:id="K13_4631711790_2-2">
<gml:timePosition>2023-12-15</gml:timePosition>
</devDate>
<orgGILvl>25000</orgGILvl>
<loc>
<gml:Curve gml:id="K13_4631711790_2-g" srsName="fguuid:jgd2011.bl">
<gml:segments>
<gml:LineStringSegment>
<gml:posList>
32.754304444 128.664508056
32.754452222 128.664095833
</gml:posList>
</gml:LineStringSegment>
</gml:segments>
</gml:Curve>
</loc>
<type>水涯線（河川）</type>
</WL>
<WL gml:id="K13_4632011793_1">
<fid>46320-11793-s-355</fid>
<lfSpanFr gml:id="K13_4632011793_1-1">
<gml:timePosition>2015-11-17</gml:timePosition>
</lfSpanFr>
<devDate gml:id="K13_4632011793_1-2">
<gml:timePosition>2023-12-15</gml:timePosition>
</devDate>
<orgGILvl>25000</orgGILvl>
<loc>
<gml:Curve gml:id="K13_4632011793_1-g" srsName="fguuid:jgd2011.bl">
<gml:segments>
<gml:LineStringSegment>
<gml:posList>
32.759621307 128.667023141
32.759730658 128.666896190
32.759802757 128.666971292
32.760022632 128.667042884
32.760133692 128.667118798
32.760210593 128.667210718
32.760212444 128.667340049
32.760202548 128.667411433
32.760111961 128.667526043
32.760037703 128.667546798
32.759939689 128.667534370
32.759814575 128.667474062
32.759677339 128.667367228
32.759621307 128.667023141
</gml:posList>
</gml:LineStringSegment>
</gml:segments>
</gml:Curve>
</loc>
<type>水涯線（河川）</type>
</WL>
<WL gml:id="K13_4632311793_1">
<fid>46323-11793-s-286</fid>
<lfSpanFr gml:id="K13_4632311793_1-1">
<gml:timePosition>2015-11-17</gml:timePosition>
</lfSpanFr>
<devDate gml:id="K13_4632311793_1-2">
<gml:timePosition>2023-12-15</gml:timePosition>
</devDate>
<orgGILvl>25000</orgGILvl>
<loc>
<gml:Curve gml:id="K13_4632311793_1-g" srsName="fguuid:jgd2011.bl">
<gml:segments>
<gml:LineStringSegment>
<gml:posList>
32.762243889 128.680479722
32.762204444 128.680466389
32.762153611 128.680359722
32.762153611 128.680286389
</gml:posList>
</gml:LineStringSegment>
</gml:segments>
</gml:Curve>
</loc>
<type>水涯線（河川）</type>
</WL>
<WL gml:id="K13_4632311793_2">
<fid>46323-11793-s-300</fid>
<lfSpanFr gml:id="K13_4632311793_2-1">
<gml:timePosition>2015-11-17</gml:timePosition>
</lfSpanFr>
<devDate gml:id="K13_4632311793_2-2">
<gml:timePosition>2023-12-15</gml:timePosition>
</devDate>
<orgGILvl>25000</orgGILvl>
<loc>
<gml:Curve gml:id="K13_4632311793_2-g" srsName="fguuid:jgd2011.bl">
<gml:segments>
<gml:LineStringSegment>
<gml:posList>
32.762153611 128.680286389
32.762226944 128.680206111
32.762345556 128.680132778
32.762407500 128.680119444
32.762491944 128.680139444
32.762463889 128.680212778
32.762243889 128.680479722
</gml:posList>
</gml:LineStringSegment>
</gml:segments>
</gml:Curve>
</loc>
<type>水涯線（河川）</type>
</WL>
</Dataset>
