<?xml version="1.0" encoding="utf-8"?>
<Dataset xsi:schemaLocation="http://fgd.gsi.go.jp/spec/2008/FGD_GMLSchema FGD_GMLSchema.xsd"
	xmlns:gml="http://www.opengis.net/gml/3.2"
	xmlns:xsi="http://www.w3.org/2001/XMLSchema-instance"
	xmlns:xlink="http://www.w3.org/1999/xlink"
	xmlns="http://fgd.gsi.go.jp/spec/2008/FGD_GMLSchema"
	gml:id="Dataset1">
  <gml:description>基盤地図情報メタデータ ID=fmdid:25-0331</gml:description>
  <gml:name>基盤地図情報ダウンロードデータ（GML版）</gml:name>
<RailCL gml:id="K21_4671911721_1">
<fid>46719-11721-s-2072</fid>
<lfSpanFr gml:id="K21_4671911721_1-1">
<gml:timePosition>2023-02-21</gml:timePosition>
</lfSpanFr>
<devDate gml:id="K21_4671911721_1-2">
<gml:timePosition>2025-03-17</gml:timePosition>
</devDate>
<orgGILvl>2500</orgGILvl>
<vis>表示</vis>
<loc>
<gml:Curve gml:id="K21_4671911721_1-g" srsName="fguuid:jgd2011.bl">
<gml:segments>
<gml:LineStringSegment>
<gml:posList>
32.560405014 129.781705102
32.560398944 129.781697194
32.560351472 129.781671583
32.560327056 129.781658833
32.560278111 129.781642722
32.560200694 129.781585083
32.560114889 129.781519194
32.560064222 129.781470806
32.560054333 129.781457889
32.559971083 129.781349750
32.559944972 129.781332000
32.559924333 129.781317333
32.559894250 129.781297972
32.559831500 129.781300333
32.559748722 129.781293806
32.559692028 129.781272639
32.559532861 129.781191000
32.559466417 129.781151694
</gml:posList>
</gml:LineStringSegment>
</gml:segments>
</gml:Curve>
</loc>
<type>索道</type>
</RailCL>
</Dataset>
