<?xml version="1.0" encoding="utf-8"?>
<Dataset xsi:schemaLocation="http://fgd.gsi.go.jp/spec/2008/FGD_GMLSchema FGD_GMLSchema.xsd"
	xmlns:gml="http://www.opengis.net/gml/3.2"
	xmlns:xsi="http://www.w3.org/2001/XMLSchema-instance"
	xmlns:xlink="http://www.w3.org/1999/xlink"
	xmlns="http://fgd.gsi.go.jp/spec/2008/FGD_GMLSchema"
	gml:id="Dataset1">
  <gml:description>基盤地図情報メタデータ ID=fmdid:25-0331</gml:description>
  <gml:name>基盤地図情報ダウンロードデータ（GML版）</gml:name>
<GCP gml:id="K1_482966_1">
<fid>10-00100-0-2402-96</fid>
<lfSpanFr gml:id="K1_482966_1-1">
<gml:timePosition>2025-02-19</gml:timePosition>
</lfSpanFr>
<devDate gml:id="K1_482966_1-2">
<gml:timePosition>2025-03-17</gml:timePosition>
</devDate>
<orgGILvl>KJ10</orgGILvl>
<vis>表示</vis>
<pos>
<gml:Point gml:id="K1_482966_1-g" srsName="fguuid:jgd2011.bl">
<gml:pos>32.581731722 129.776968778</gml:pos>
</gml:Point>
</pos>
<orgName>国土地理院</orgName>
<type>電子基準点</type>
<gcpClass>電子基準点</gcpClass>
<gcpCode>EL04829669201</gcpCode>
<name>長崎Ａ</name>
<B>117294.2342</B>
<L>467197.0876</L>
<alti>9.05</alti>
<altiAcc>2</altiAcc>
</GCP>
<GCP gml:id="K1_482966_2">
<fid>10-00100-0-2402-1406</fid>
<lfSpanFr gml:id="K1_482966_2-1">
<gml:timePosition>2025-02-19</gml:timePosition>
</lfSpanFr>
<devDate gml:id="K1_482966_2-2">
<gml:timePosition>2025-03-17</gml:timePosition>
</devDate>
<orgGILvl>KJ10</orgGILvl>
<vis>表示</vis>
<pos>
<gml:Point gml:id="K1_482966_2-g" srsName="fguuid:jgd2011.bl">
<gml:pos>32.581726222 129.776968194</gml:pos>
</gml:Point>
</pos>
<orgName>国土地理院</orgName>
<type>電子基準点</type>
<gcpClass>電子基準点</gcpClass>
<gcpCode>EL14829669202</gcpCode>
<name>長崎Ａ（付）</name>
<B>117294.2144</B>
<L>467197.0855</L>
<alti>3.977</alti>
<altiAcc>3</altiAcc>
</GCP>
<GCP gml:id="K1_482966_3">
<fid>10-00100-0-2402-20058</fid>
<lfSpanFr gml:id="K1_482966_3-1">
<gml:timePosition>2025-02-19</gml:timePosition>
</lfSpanFr>
<devDate gml:id="K1_482966_3-2">
<gml:timePosition>2025-03-17</gml:timePosition>
</devDate>
<orgGILvl>SJ13</orgGILvl>
<vis>表示</vis>
<pos>
<gml:Point gml:id="K1_482966_3-g" srsName="fguuid:jgd2011.bl">
<gml:pos>32.581726222 129.776968194</gml:pos>
</gml:Point>
</pos>
<orgName>国土地理院</orgName>
<type>水準点</type>
<gcpClass>三等水準点</gcpClass>
<gcpCode>L0F000081168A</gcpCode>
<name>０８１１６８Ａ</name>
<B>117294.2144</B>
<L>467197.0855</L>
<alti>3.977</alti>
<altiAcc>3</altiAcc>
</GCP>
<GCP gml:id="K1_482966_4">
<fid>10-00100-0-2402-27289</fid>
<lfSpanFr gml:id="K1_482966_4-1">
<gml:timePosition>2025-02-19</gml:timePosition>
</lfSpanFr>
<devDate gml:id="K1_482966_4-2">
<gml:timePosition>2025-03-17</gml:timePosition>
</devDate>
<orgGILvl>KJ13</orgGILvl>
<vis>表示</vis>
<pos>
<gml:Point gml:id="K1_482966_4-g" srsName="fguuid:jgd2011.bl">
<gml:pos>32.553589722 129.778618861</gml:pos>
</gml:Point>
</pos>
<orgName>国土地理院</orgName>
<type>三角点</type>
<gcpClass>三等三角点</gcpClass>
<gcpCode>TR34829666201</gcpCode>
<name>椛島</name>
<B>117192.923</B>
<L>467203.0279</L>
<alti>118.03</alti>
<altiAcc>2</altiAcc>
</GCP>
</Dataset>
