<?xml version="1.0" encoding="utf-8"?>
<Dataset xsi:schemaLocation="http://fgd.gsi.go.jp/spec/2008/FGD_GMLSchema FGD_GMLSchema.xsd"
	xmlns:gml="http://www.opengis.net/gml/3.2"
	xmlns:xsi="http://www.w3.org/2001/XMLSchema-instance"
	xmlns:xlink="http://www.w3.org/1999/xlink"
	xmlns="http://fgd.gsi.go.jp/spec/2008/FGD_GMLSchema"
	gml:id="Dataset1">
  <gml:description>基盤地図情報メタデータ ID=fmdid:25-0331</gml:description>
  <gml:name>基盤地図情報ダウンロードデータ（GML版）</gml:name>
<ElevPt gml:id="K2_4671911721_1">
<fid>46719-11721-i-672</fid>
<lfSpanFr gml:id="K2_4671911721_1-1">
<gml:timePosition>2023-02-21</gml:timePosition>
</lfSpanFr>
<devDate gml:id="K2_4671911721_1-2">
<gml:timePosition>2025-03-17</gml:timePosition>
</devDate>
<orgGILvl>25000</orgGILvl>
<vis>表示</vis>
<pos>
<gml:Point gml:id="K2_4671911721_1-g" srsName="fguuid:jgd2011.bl">
<gml:pos>32.558381944 129.776494444</gml:pos>
</gml:Point>
</pos>
<type>標高点（測点）</type>
<alti>123</alti>
</ElevPt>
<ElevPt gml:id="K2_4671911721_2">
<fid>46719-11721-i-673</fid>
<lfSpanFr gml:id="K2_4671911721_2-1">
<gml:timePosition>2023-02-21</gml:timePosition>
</lfSpanFr>
<devDate gml:id="K2_4671911721_2-2">
<gml:timePosition>2025-03-17</gml:timePosition>
</devDate>
<orgGILvl>25000</orgGILvl>
<vis>表示</vis>
<pos>
<gml:Point gml:id="K2_4671911721_2-g" srsName="fguuid:jgd2011.bl">
<gml:pos>32.565746500 129.780824889</gml:pos>
</gml:Point>
</pos>
<type>標高点（測点）</type>
<alti>127</alti>
</ElevPt>
<ElevPt gml:id="K2_4671911724_1">
<fid>46719-11724-i-713</fid>
<lfSpanFr gml:id="K2_4671911724_1-1">
<gml:timePosition>2023-02-21</gml:timePosition>
</lfSpanFr>
<devDate gml:id="K2_4671911724_1-2">
<gml:timePosition>2025-03-17</gml:timePosition>
</devDate>
<orgGILvl>25000</orgGILvl>
<vis>表示</vis>
<pos>
<gml:Point gml:id="K2_4671911724_1-g" srsName="fguuid:jgd2011.bl">
<gml:pos>32.573772358 129.781197274</gml:pos>
</gml:Point>
</pos>
<type>標高点（測点）</type>
<alti>51</alti>
</ElevPt>
<ElevPt gml:id="K2_4671911727_1">
<fid>46719-11727-i-1753</fid>
<lfSpanFr gml:id="K2_4671911727_1-1">
<gml:timePosition>2023-02-21</gml:timePosition>
</lfSpanFr>
<devDate gml:id="K2_4671911727_1-2">
<gml:timePosition>2025-03-17</gml:timePosition>
</devDate>
<orgGILvl>25000</orgGILvl>
<vis>表示</vis>
<pos>
<gml:Point gml:id="K2_4671911727_1-g" srsName="fguuid:jgd2011.bl">
<gml:pos>32.576890833 129.783038056</gml:pos>
</gml:Point>
</pos>
<type>標高点（測点）</type>
<alti>28</alti>
</ElevPt>
<ElevPt gml:id="K2_4671911727_2">
<fid>46719-11727-i-1964</fid>
<lfSpanFr gml:id="K2_4671911727_2-1">
<gml:timePosition>2023-02-21</gml:timePosition>
</lfSpanFr>
<devDate gml:id="K2_4671911727_2-2">
<gml:timePosition>2025-03-17</gml:timePosition>
</devDate>
<orgGILvl>25000</orgGILvl>
<vis>表示</vis>
<pos>
<gml:Point gml:id="K2_4671911727_2-g" srsName="fguuid:jgd2011.bl">
<gml:pos>32.580700959 129.777962415</gml:pos>
</gml:Point>
</pos>
<type>標高点（測点）</type>
<alti>3</alti>
</ElevPt>
<ElevPt gml:id="K2_4672211721_1">
<fid>46722-11721-i-916</fid>
<lfSpanFr gml:id="K2_4672211721_1-1">
<gml:timePosition>2023-02-21</gml:timePosition>
</lfSpanFr>
<devDate gml:id="K2_4672211721_1-2">
<gml:timePosition>2025-03-17</gml:timePosition>
</devDate>
<orgGILvl>25000</orgGILvl>
<vis>表示</vis>
<pos>
<gml:Point gml:id="K2_4672211721_1-g" srsName="fguuid:jgd2011.bl">
<gml:pos>32.561266944 129.788960556</gml:pos>
</gml:Point>
</pos>
<type>標高点（測点）</type>
<alti>106</alti>
</ElevPt>
</Dataset>
