<?xml version="1.0" encoding="utf-8"?>
<Dataset xsi:schemaLocation="http://fgd.gsi.go.jp/spec/2008/FGD_GMLSchema FGD_GMLSchema.xsd"
	xmlns:gml="http://www.opengis.net/gml/3.2"
	xmlns:xsi="http://www.w3.org/2001/XMLSchema-instance"
	xmlns:xlink="http://www.w3.org/1999/xlink"
	xmlns="http://fgd.gsi.go.jp/spec/2008/FGD_GMLSchema"
	gml:id="Dataset1">
  <gml:description>基盤地図情報メタデータ ID=fmdid:24-0101</gml:description>
  <gml:name>基盤地図情報ダウンロードデータ（GML版）</gml:name>
<GCP gml:id="K1_483072_1">
<fid>10-00100-0-2311-391922</fid>
<lfSpanFr gml:id="K1_483072_1-1">
<gml:timePosition>2023-11-30</gml:timePosition>
</lfSpanFr>
<devDate gml:id="K1_483072_1-2">
<gml:timePosition>2023-12-01</gml:timePosition>
</devDate>
<orgGILvl>KJ10</orgGILvl>
<vis>表示</vis>
<pos>
<gml:Point gml:id="K1_483072_1-g" srsName="fguuid:jgd2011.bl">
<gml:pos>32.660652667 130.290713917</gml:pos>
</gml:Point>
</pos>
<orgName>国土地理院</orgName>
<type>電子基準点</type>
<gcpClass>電子基準点</gcpClass>
<gcpCode>EL04830729302</gcpCode>
<name>西有家</name>
<B>117578.3496</B>
<L>469046.5701</L>
<alti>50.72</alti>
<altiAcc>3</altiAcc>
</GCP>
<GCP gml:id="K1_483072_2">
<fid>10-00100-0-2311-393228</fid>
<lfSpanFr gml:id="K1_483072_2-1">
<gml:timePosition>2023-11-30</gml:timePosition>
</lfSpanFr>
<devDate gml:id="K1_483072_2-2">
<gml:timePosition>2023-12-01</gml:timePosition>
</devDate>
<orgGILvl>KJ10</orgGILvl>
<vis>表示</vis>
<pos>
<gml:Point gml:id="K1_483072_2-g" srsName="fguuid:jgd2011.bl">
<gml:pos>32.660653889 130.290719944</gml:pos>
</gml:Point>
</pos>
<orgName>国土地理院</orgName>
<type>電子基準点</type>
<gcpClass>電子基準点</gcpClass>
<gcpCode>EL14830729301</gcpCode>
<name>西有家（付）</name>
<B>117578.354</B>
<L>469046.5918</L>
<alti>45.656</alti>
<altiAcc>3</altiAcc>
</GCP>
<GCP gml:id="K1_483072_3">
<fid>10-00100-0-2311-398589</fid>
<lfSpanFr gml:id="K1_483072_3-1">
<gml:timePosition>2023-11-30</gml:timePosition>
</lfSpanFr>
<devDate gml:id="K1_483072_3-2">
<gml:timePosition>2023-12-01</gml:timePosition>
</devDate>
<orgGILvl>SJ11</orgGILvl>
<vis>表示</vis>
<pos>
<gml:Point gml:id="K1_483072_3-g" srsName="fguuid:jgd2011.bl">
<gml:pos>32.662536528 130.313502222</gml:pos>
</gml:Point>
</pos>
<orgName>国土地理院</orgName>
<type>水準点</type>
<gcpClass>一等水準点</gcpClass>
<gcpCode>L010000004296</gcpCode>
<name>４２９６</name>
<B>117585.1315</B>
<L>469128.608</L>
<alti>14.7555</alti>
<altiAcc>4</altiAcc>
</GCP>
<GCP gml:id="K1_483072_4">
<fid>10-00100-0-2311-398590</fid>
<lfSpanFr gml:id="K1_483072_4-1">
<gml:timePosition>2023-11-30</gml:timePosition>
</lfSpanFr>
<devDate gml:id="K1_483072_4-2">
<gml:timePosition>2023-12-01</gml:timePosition>
</devDate>
<orgGILvl>SJ11</orgGILvl>
<vis>表示</vis>
<pos>
<gml:Point gml:id="K1_483072_4-g" srsName="fguuid:jgd2011.bl">
<gml:pos>32.658794972 130.297247222</gml:pos>
</gml:Point>
</pos>
<orgName>国土地理院</orgName>
<type>水準点</type>
<gcpClass>一等水準点</gcpClass>
<gcpCode>L010000004297</gcpCode>
<name>４２９７</name>
<B>117571.6619</B>
<L>469070.09</L>
<alti>10.2735</alti>
<altiAcc>4</altiAcc>
</GCP>
<GCP gml:id="K1_483072_5">
<fid>10-00100-0-2311-398591</fid>
<lfSpanFr gml:id="K1_483072_5-1">
<gml:timePosition>2023-11-30</gml:timePosition>
</lfSpanFr>
<devDate gml:id="K1_483072_5-2">
<gml:timePosition>2023-12-01</gml:timePosition>
</devDate>
<orgGILvl>SJ11</orgGILvl>
<vis>表示</vis>
<pos>
<gml:Point gml:id="K1_483072_5-g" srsName="fguuid:jgd2011.bl">
<gml:pos>32.654224833 130.284327222</gml:pos>
</gml:Point>
</pos>
<orgName>国土地理院</orgName>
<type>水準点</type>
<gcpClass>一等水準点</gcpClass>
<gcpCode>L010000004298</gcpCode>
<name>４２９８</name>
<B>117555.2094</B>
<L>469023.578</L>
<alti>3.8843</alti>
<altiAcc>4</altiAcc>
</GCP>
<GCP gml:id="K1_483072_6">
<fid>10-00100-0-2311-398592</fid>
<lfSpanFr gml:id="K1_483072_6-1">
<gml:timePosition>2023-11-30</gml:timePosition>
</lfSpanFr>
<devDate gml:id="K1_483072_6-2">
<gml:timePosition>2023-12-01</gml:timePosition>
</devDate>
<orgGILvl>SJ11</orgGILvl>
<vis>表示</vis>
<pos>
<gml:Point gml:id="K1_483072_6-g" srsName="fguuid:jgd2011.bl">
<gml:pos>32.653424806 130.268379444</gml:pos>
</gml:Point>
</pos>
<orgName>国土地理院</orgName>
<type>水準点</type>
<gcpClass>一等水準点</gcpClass>
<gcpCode>L010000004299</gcpCode>
<name>４２９９</name>
<B>117552.3293</B>
<L>468966.166</L>
<alti>3.3033</alti>
<altiAcc>4</altiAcc>
</GCP>
<GCP gml:id="K1_483072_7">
<fid>10-00100-0-2311-398594</fid>
<lfSpanFr gml:id="K1_483072_7-1">
<gml:timePosition>2023-11-30</gml:timePosition>
</lfSpanFr>
<devDate gml:id="K1_483072_7-2">
<gml:timePosition>2023-12-01</gml:timePosition>
</devDate>
<orgGILvl>SJ11</orgGILvl>
<vis>表示</vis>
<pos>
<gml:Point gml:id="K1_483072_7-g" srsName="fguuid:jgd2011.bl">
<gml:pos>32.649228250 130.253353056</gml:pos>
</gml:Point>
</pos>
<orgName>国土地理院</orgName>
<type>水準点</type>
<gcpClass>一等水準点</gcpClass>
<gcpCode>L010000004300</gcpCode>
<name>４３００</name>
<B>117537.2217</B>
<L>468912.071</L>
<alti>5.0273</alti>
<altiAcc>4</altiAcc>
</GCP>
<GCP gml:id="K1_483072_8">
<fid>10-00100-0-2311-411620</fid>
<lfSpanFr gml:id="K1_483072_8-1">
<gml:timePosition>2023-11-30</gml:timePosition>
</lfSpanFr>
<devDate gml:id="K1_483072_8-2">
<gml:timePosition>2023-12-01</gml:timePosition>
</devDate>
<orgGILvl>SJ12</orgGILvl>
<vis>表示</vis>
<pos>
<gml:Point gml:id="K1_483072_8-g" srsName="fguuid:jgd2011.bl">
<gml:pos>32.660653889 130.290719944</gml:pos>
</gml:Point>
</pos>
<orgName>国土地理院</orgName>
<type>水準点</type>
<gcpClass>二等水準点</gcpClass>
<gcpCode>L0E000960697A</gcpCode>
<name>９６０６９７Ａ</name>
<B>117578.354</B>
<L>469046.5918</L>
<alti>45.656</alti>
<altiAcc>3</altiAcc>
</GCP>
<GCP gml:id="K1_483072_9">
<fid>10-00100-0-2311-413387</fid>
<lfSpanFr gml:id="K1_483072_9-1">
<gml:timePosition>2023-11-30</gml:timePosition>
</lfSpanFr>
<devDate gml:id="K1_483072_9-2">
<gml:timePosition>2023-12-01</gml:timePosition>
</devDate>
<orgGILvl>KJ12</orgGILvl>
<vis>表示</vis>
<pos>
<gml:Point gml:id="K1_483072_9-g" srsName="fguuid:jgd2011.bl">
<gml:pos>32.603714833 130.338398889</gml:pos>
</gml:Point>
</pos>
<orgName>国土地理院</orgName>
<type>三角点</type>
<gcpClass>二等三角点</gcpClass>
<gcpCode>TR24830722701</gcpCode>
<name>湯島</name>
<B>117373.3734</B>
<L>469218.236</L>
<alti>104.11</alti>
<altiAcc>2</altiAcc>
</GCP>
<GCP gml:id="K1_483072_10">
<fid>10-00100-0-2311-413388</fid>
<lfSpanFr gml:id="K1_483072_10-1">
<gml:timePosition>2023-11-30</gml:timePosition>
</lfSpanFr>
<devDate gml:id="K1_483072_10-2">
<gml:timePosition>2023-12-01</gml:timePosition>
</devDate>
<orgGILvl>KJ12</orgGILvl>
<vis>表示</vis>
<pos>
<gml:Point gml:id="K1_483072_10-g" srsName="fguuid:jgd2011.bl">
<gml:pos>32.629263528 130.255179944</gml:pos>
</gml:Point>
</pos>
<orgName>国土地理院</orgName>
<type>三角点</type>
<gcpClass>二等三角点</gcpClass>
<gcpCode>TR24830725001</gcpCode>
<name>本丸</name>
<B>117465.3487</B>
<L>468918.6478</L>
<alti>31.43</alti>
<altiAcc>2</altiAcc>
</GCP>
<GCP gml:id="K1_483072_11">
<fid>10-00100-0-2311-419530</fid>
<lfSpanFr gml:id="K1_483072_11-1">
<gml:timePosition>2023-11-30</gml:timePosition>
</lfSpanFr>
<devDate gml:id="K1_483072_11-2">
<gml:timePosition>2023-12-01</gml:timePosition>
</devDate>
<orgGILvl>KJ13</orgGILvl>
<vis>表示</vis>
<pos>
<gml:Point gml:id="K1_483072_11-g" srsName="fguuid:jgd2011.bl">
<gml:pos>32.655100111 130.291884889</gml:pos>
</gml:Point>
</pos>
<orgName>国土地理院</orgName>
<type>三角点</type>
<gcpClass>三等三角点</gcpClass>
<gcpCode>TR34830728301</gcpCode>
<name>八田</name>
<B>117558.3604</B>
<L>469050.7856</L>
<alti>21.05</alti>
<altiAcc>2</altiAcc>
</GCP>
<GCP gml:id="K1_483072_12">
<fid>10-00100-0-2311-454773</fid>
<lfSpanFr gml:id="K1_483072_12-1">
<gml:timePosition>2023-11-30</gml:timePosition>
</lfSpanFr>
<devDate gml:id="K1_483072_12-2">
<gml:timePosition>2023-12-01</gml:timePosition>
</devDate>
<orgGILvl>KJ14</orgGILvl>
<vis>表示</vis>
<pos>
<gml:Point gml:id="K1_483072_12-g" srsName="fguuid:jgd2011.bl">
<gml:pos>32.655337694 130.276432028</gml:pos>
</gml:Point>
</pos>
<orgName>国土地理院</orgName>
<type>三角点</type>
<gcpClass>四等三角点</gcpClass>
<gcpCode>TR44830728201</gcpCode>
<name>鼻崎原</name>
<B>117559.2157</B>
<L>468995.1553</L>
<alti>38.31</alti>
<altiAcc>2</altiAcc>
</GCP>
<GCP gml:id="K1_483072_13">
<fid>10-00100-0-2311-454774</fid>
<lfSpanFr gml:id="K1_483072_13-1">
<gml:timePosition>2023-11-30</gml:timePosition>
</lfSpanFr>
<devDate gml:id="K1_483072_13-2">
<gml:timePosition>2023-12-01</gml:timePosition>
</devDate>
<orgGILvl>KJ14</orgGILvl>
<vis>表示</vis>
<pos>
<gml:Point gml:id="K1_483072_13-g" srsName="fguuid:jgd2011.bl">
<gml:pos>32.654925778 130.306363083</gml:pos>
</gml:Point>
</pos>
<orgName>国土地理院</orgName>
<type>三角点</type>
<gcpClass>四等三角点</gcpClass>
<gcpCode>TR44830728401</gcpCode>
<name>西浜</name>
<B>117557.7328</B>
<L>469102.9071</L>
<alti>4.87</alti>
<altiAcc>2</altiAcc>
</GCP>
<GCP gml:id="K1_483072_14">
<fid>10-00100-0-2311-454775</fid>
<lfSpanFr gml:id="K1_483072_14-1">
<gml:timePosition>2023-11-30</gml:timePosition>
</lfSpanFr>
<devDate gml:id="K1_483072_14-2">
<gml:timePosition>2023-12-01</gml:timePosition>
</devDate>
<orgGILvl>KJ14</orgGILvl>
<vis>表示</vis>
<pos>
<gml:Point gml:id="K1_483072_14-g" srsName="fguuid:jgd2011.bl">
<gml:pos>32.663324917 130.259382972</gml:pos>
</gml:Point>
</pos>
<orgName>国土地理院</orgName>
<type>三角点</type>
<gcpClass>四等三角点</gcpClass>
<gcpCode>TR44830729001</gcpCode>
<name>北谷</name>
<B>117587.9697</B>
<L>468933.7787</L>
<alti>93.66</alti>
<altiAcc>2</altiAcc>
</GCP>
<GCP gml:id="K1_483072_15">
<fid>10-00100-0-2311-454776</fid>
<lfSpanFr gml:id="K1_483072_15-1">
<gml:timePosition>2023-11-30</gml:timePosition>
</lfSpanFr>
<devDate gml:id="K1_483072_15-2">
<gml:timePosition>2023-12-01</gml:timePosition>
</devDate>
<orgGILvl>KJ14</orgGILvl>
<vis>表示</vis>
<pos>
<gml:Point gml:id="K1_483072_15-g" srsName="fguuid:jgd2011.bl">
<gml:pos>32.664028917 130.282390278</gml:pos>
</gml:Point>
</pos>
<orgName>国土地理院</orgName>
<type>三角点</type>
<gcpClass>四等三角点</gcpClass>
<gcpCode>TR44830729201</gcpCode>
<name>中尾尻</name>
<B>117590.5041</B>
<L>469016.605</L>
<alti>76.34</alti>
<altiAcc>2</altiAcc>
</GCP>
</Dataset>
