<?xml version="1.0" encoding="utf-8"?>
<Dataset xsi:schemaLocation="http://fgd.gsi.go.jp/spec/2008/FGD_GMLSchema FGD_GMLSchema.xsd"
	xmlns:gml="http://www.opengis.net/gml/3.2"
	xmlns:xsi="http://www.w3.org/2001/XMLSchema-instance"
	xmlns:xlink="http://www.w3.org/1999/xlink"
	xmlns="http://fgd.gsi.go.jp/spec/2008/FGD_GMLSchema"
	gml:id="Dataset1">
  <gml:description>基盤地図情報メタデータ ID=fmdid:24-0101</gml:description>
  <gml:name>基盤地図情報ダウンロードデータ（GML版）</gml:name>
<ElevPt gml:id="K2_4689011748_1">
<fid>46890-11748-i-1741</fid>
<lfSpanFr gml:id="K2_4689011748_1-1">
<gml:timePosition>2021-02-10</gml:timePosition>
</lfSpanFr>
<devDate gml:id="K2_4689011748_1-2">
<gml:timePosition>2023-12-01</gml:timePosition>
</devDate>
<orgGILvl>25000</orgGILvl>
<vis>表示</vis>
<pos>
<gml:Point gml:id="K2_4689011748_1-g" srsName="fguuid:jgd2011.bl">
<gml:pos>32.639597055 130.255182846</gml:pos>
</gml:Point>
</pos>
<type>標高点（測点）</type>
<alti>0</alti>
</ElevPt>
<ElevPt gml:id="K2_4689011748_2">
<fid>46890-11748-i-1742</fid>
<lfSpanFr gml:id="K2_4689011748_2-1">
<gml:timePosition>2021-02-10</gml:timePosition>
</lfSpanFr>
<devDate gml:id="K2_4689011748_2-2">
<gml:timePosition>2023-12-01</gml:timePosition>
</devDate>
<orgGILvl>25000</orgGILvl>
<vis>表示</vis>
<pos>
<gml:Point gml:id="K2_4689011748_2-g" srsName="fguuid:jgd2011.bl">
<gml:pos>32.634310112 130.252831176</gml:pos>
</gml:Point>
</pos>
<type>標高点（測点）</type>
<alti>4</alti>
</ElevPt>
<ElevPt gml:id="K2_4689011751_1">
<fid>46890-11751-i-1000</fid>
<lfSpanFr gml:id="K2_4689011751_1-1">
<gml:timePosition>2021-02-10</gml:timePosition>
</lfSpanFr>
<devDate gml:id="K2_4689011751_1-2">
<gml:timePosition>2023-12-01</gml:timePosition>
</devDate>
<orgGILvl>25000</orgGILvl>
<vis>表示</vis>
<pos>
<gml:Point gml:id="K2_4689011751_1-g" srsName="fguuid:jgd2011.bl">
<gml:pos>32.647935160 130.257107071</gml:pos>
</gml:Point>
</pos>
<type>標高点（測点）</type>
<alti>0</alti>
</ElevPt>
<ElevPt gml:id="K2_4689011754_1">
<fid>46890-11754-i-1284</fid>
<lfSpanFr gml:id="K2_4689011754_1-1">
<gml:timePosition>2021-02-10</gml:timePosition>
</lfSpanFr>
<devDate gml:id="K2_4689011754_1-2">
<gml:timePosition>2023-12-01</gml:timePosition>
</devDate>
<orgGILvl>25000</orgGILvl>
<vis>表示</vis>
<pos>
<gml:Point gml:id="K2_4689011754_1-g" srsName="fguuid:jgd2011.bl">
<gml:pos>32.652491008 130.252723466</gml:pos>
</gml:Point>
</pos>
<type>標高点（測点）</type>
<alti>2</alti>
</ElevPt>
<ElevPt gml:id="K2_4689011754_2">
<fid>46890-11754-i-1285</fid>
<lfSpanFr gml:id="K2_4689011754_2-1">
<gml:timePosition>2021-02-10</gml:timePosition>
</lfSpanFr>
<devDate gml:id="K2_4689011754_2-2">
<gml:timePosition>2023-12-01</gml:timePosition>
</devDate>
<orgGILvl>25000</orgGILvl>
<vis>表示</vis>
<pos>
<gml:Point gml:id="K2_4689011754_2-g" srsName="fguuid:jgd2011.bl">
<gml:pos>32.656372445 130.257231305</gml:pos>
</gml:Point>
</pos>
<type>標高点（測点）</type>
<alti>1</alti>
</ElevPt>
<ElevPt gml:id="K2_4689011757_1">
<fid>46890-11757-i-2184</fid>
<lfSpanFr gml:id="K2_4689011757_1-1">
<gml:timePosition>2021-02-10</gml:timePosition>
</lfSpanFr>
<devDate gml:id="K2_4689011757_1-2">
<gml:timePosition>2023-12-01</gml:timePosition>
</devDate>
<orgGILvl>25000</orgGILvl>
<vis>非表示</vis>
<pos>
<gml:Point gml:id="K2_4689011757_1-g" srsName="fguuid:jgd2011.bl">
<gml:pos>32.664843318 130.250842172</gml:pos>
</gml:Point>
</pos>
<type>標高点（測点）</type>
<alti>130</alti>
</ElevPt>
<ElevPt gml:id="K2_4689311751_1">
<fid>46893-11751-i-1913</fid>
<lfSpanFr gml:id="K2_4689311751_1-1">
<gml:timePosition>2017-09-25</gml:timePosition>
</lfSpanFr>
<devDate gml:id="K2_4689311751_1-2">
<gml:timePosition>2023-12-01</gml:timePosition>
</devDate>
<orgGILvl>25000</orgGILvl>
<vis>表示</vis>
<pos>
<gml:Point gml:id="K2_4689311751_1-g" srsName="fguuid:jgd2011.bl">
<gml:pos>32.648184464 130.265995781</gml:pos>
</gml:Point>
</pos>
<type>標高点（測点）</type>
<alti>6</alti>
</ElevPt>
<ElevPt gml:id="K2_4689311757_1">
<fid>46893-11757-i-1063</fid>
<lfSpanFr gml:id="K2_4689311757_1-1">
<gml:timePosition>2021-02-10</gml:timePosition>
</lfSpanFr>
<devDate gml:id="K2_4689311757_1-2">
<gml:timePosition>2023-12-01</gml:timePosition>
</devDate>
<orgGILvl>25000</orgGILvl>
<vis>表示</vis>
<pos>
<gml:Point gml:id="K2_4689311757_1-g" srsName="fguuid:jgd2011.bl">
<gml:pos>32.663787513 130.262565833</gml:pos>
</gml:Point>
</pos>
<type>標高点（測点）</type>
<alti>109</alti>
</ElevPt>
<ElevPt gml:id="K2_4689911757_1">
<fid>46899-11757-i-811</fid>
<lfSpanFr gml:id="K2_4689911757_1-1">
<gml:timePosition>2021-02-10</gml:timePosition>
</lfSpanFr>
<devDate gml:id="K2_4689911757_1-2">
<gml:timePosition>2023-12-01</gml:timePosition>
</devDate>
<orgGILvl>25000</orgGILvl>
<vis>表示</vis>
<pos>
<gml:Point gml:id="K2_4689911757_1-g" srsName="fguuid:jgd2011.bl">
<gml:pos>32.663417563 130.275170072</gml:pos>
</gml:Point>
</pos>
<type>標高点（測点）</type>
<alti>32</alti>
</ElevPt>
<ElevPt gml:id="K2_4690511757_1">
<fid>46905-11757-i-2587</fid>
<lfSpanFr gml:id="K2_4690511757_1-1">
<gml:timePosition>2021-02-10</gml:timePosition>
</lfSpanFr>
<devDate gml:id="K2_4690511757_1-2">
<gml:timePosition>2023-12-01</gml:timePosition>
</devDate>
<orgGILvl>25000</orgGILvl>
<vis>非表示</vis>
<pos>
<gml:Point gml:id="K2_4690511757_1-g" srsName="fguuid:jgd2011.bl">
<gml:pos>32.663716503 130.293211547</gml:pos>
</gml:Point>
</pos>
<type>標高点（測点）</type>
<alti>58</alti>
</ElevPt>
<ElevPt gml:id="K2_4690811754_1">
<fid>46908-11754-i-4186</fid>
<lfSpanFr gml:id="K2_4690811754_1-1">
<gml:timePosition>2021-02-10</gml:timePosition>
</lfSpanFr>
<devDate gml:id="K2_4690811754_1-2">
<gml:timePosition>2023-12-01</gml:timePosition>
</devDate>
<orgGILvl>25000</orgGILvl>
<vis>表示</vis>
<pos>
<gml:Point gml:id="K2_4690811754_1-g" srsName="fguuid:jgd2011.bl">
<gml:pos>32.656155111 130.301493496</gml:pos>
</gml:Point>
</pos>
<type>標高点（測点）</type>
<alti>7</alti>
</ElevPt>
<ElevPt gml:id="K2_4690811757_1">
<fid>46908-11757-i-2180</fid>
<lfSpanFr gml:id="K2_4690811757_1-1">
<gml:timePosition>2021-02-10</gml:timePosition>
</lfSpanFr>
<devDate gml:id="K2_4690811757_1-2">
<gml:timePosition>2023-12-01</gml:timePosition>
</devDate>
<orgGILvl>25000</orgGILvl>
<vis>表示</vis>
<pos>
<gml:Point gml:id="K2_4690811757_1-g" srsName="fguuid:jgd2011.bl">
<gml:pos>32.661553727 130.305084625</gml:pos>
</gml:Point>
</pos>
<type>標高点（測点）</type>
<alti>12</alti>
</ElevPt>
<ElevPt gml:id="K2_4691111757_1">
<fid>46911-11757-i-1902</fid>
<lfSpanFr gml:id="K2_4691111757_1-1">
<gml:timePosition>2021-02-10</gml:timePosition>
</lfSpanFr>
<devDate gml:id="K2_4691111757_1-2">
<gml:timePosition>2023-12-01</gml:timePosition>
</devDate>
<orgGILvl>25000</orgGILvl>
<vis>表示</vis>
<pos>
<gml:Point gml:id="K2_4691111757_1-g" srsName="fguuid:jgd2011.bl">
<gml:pos>32.658569831 130.311674352</gml:pos>
</gml:Point>
</pos>
<type>標高点（測点）</type>
<alti>7</alti>
</ElevPt>
<ElevPt gml:id="K2_4691411757_1">
<fid>46914-11757-i-4962</fid>
<lfSpanFr gml:id="K2_4691411757_1-1">
<gml:timePosition>2021-02-10</gml:timePosition>
</lfSpanFr>
<devDate gml:id="K2_4691411757_1-2">
<gml:timePosition>2023-12-01</gml:timePosition>
</devDate>
<orgGILvl>25000</orgGILvl>
<vis>表示</vis>
<pos>
<gml:Point gml:id="K2_4691411757_1-g" srsName="fguuid:jgd2011.bl">
<gml:pos>32.664068999 130.317347426</gml:pos>
</gml:Point>
</pos>
<type>標高点（測点）</type>
<alti>9</alti>
</ElevPt>
<ElevPt gml:id="K2_4692011736_1">
<fid>46920-11736-i-189</fid>
<lfSpanFr gml:id="K2_4692011736_1-1">
<gml:timePosition>2022-02-08</gml:timePosition>
</lfSpanFr>
<devDate gml:id="K2_4692011736_1-2">
<gml:timePosition>2023-12-01</gml:timePosition>
</devDate>
<orgGILvl>25000</orgGILvl>
<vis>表示</vis>
<pos>
<gml:Point gml:id="K2_4692011736_1-g" srsName="fguuid:jgd2011.bl">
<gml:pos>32.602943241 130.333691367</gml:pos>
</gml:Point>
</pos>
<type>標高点（測点）</type>
<alti>32</alti>
</ElevPt>
<ElevPt gml:id="K2_4693211730_1">
<fid>46932-11730-i-136</fid>
<lfSpanFr gml:id="K2_4693211730_1-1">
<gml:timePosition>2022-02-08</gml:timePosition>
</lfSpanFr>
<devDate gml:id="K2_4693211730_1-2">
<gml:timePosition>2023-12-01</gml:timePosition>
</devDate>
<orgGILvl>25000</orgGILvl>
<vis>表示</vis>
<pos>
<gml:Point gml:id="K2_4693211730_1-g" srsName="fguuid:jgd2011.bl">
<gml:pos>32.588093170 130.374312162</gml:pos>
</gml:Point>
</pos>
<type>標高点（測点）</type>
<alti>35</alti>
</ElevPt>
</Dataset>
