<?xml version="1.0" encoding="utf-8"?>
<Dataset xsi:schemaLocation="http://fgd.gsi.go.jp/spec/2008/FGD_GMLSchema FGD_GMLSchema.xsd"
	xmlns:gml="http://www.opengis.net/gml/3.2"
	xmlns:xsi="http://www.w3.org/2001/XMLSchema-instance"
	xmlns:xlink="http://www.w3.org/1999/xlink"
	xmlns="http://fgd.gsi.go.jp/spec/2008/FGD_GMLSchema"
	gml:id="Dataset1">
  <gml:description>基盤地図情報メタデータ ID=fmdid:24-0101</gml:description>
  <gml:name>基盤地図情報ダウンロードデータ（GML版）</gml:name>
<AdmPt gml:id="K6_4689011751_1">
<fid>46890-11751-i-851</fid>
<lfSpanFr gml:id="K6_4689011751_1-1">
<gml:timePosition>2021-02-10</gml:timePosition>
</lfSpanFr>
<devDate gml:id="K6_4689011751_1-2">
<gml:timePosition>2023-12-01</gml:timePosition>
</devDate>
<orgGILvl>25000</orgGILvl>
<vis>非表示</vis>
<pos>
<gml:Point gml:id="K6_4689011751_1-g" srsName="fguuid:jgd2011.bl">
<gml:pos>32.647881455 130.258004771</gml:pos>
</gml:Point>
</pos>
<type>郡市・東京都の区</type>
<name>南島原市</name>
<admCode>42214</admCode>
</AdmPt>
<AdmPt gml:id="K6_4692011757_1">
<fid>46920-11757-i-73</fid>
<lfSpanFr gml:id="K6_4692011757_1-1">
<gml:timePosition>2017-09-25</gml:timePosition>
</lfSpanFr>
<devDate gml:id="K6_4692011757_1-2">
<gml:timePosition>2023-12-01</gml:timePosition>
</devDate>
<orgGILvl>25000</orgGILvl>
<vis>非表示</vis>
<pos>
<gml:Point gml:id="K6_4692011757_1-g" srsName="fguuid:jgd2011.bl">
<gml:pos>32.666265293 130.335867092</gml:pos>
</gml:Point>
</pos>
<type>郡市・東京都の区</type>
<name>南島原市</name>
<admCode>42214</admCode>
</AdmPt>
<AdmPt gml:id="K6_4692011757_2">
<fid>46920-11757-i-74</fid>
<lfSpanFr gml:id="K6_4692011757_2-1">
<gml:timePosition>2017-09-25</gml:timePosition>
</lfSpanFr>
<devDate gml:id="K6_4692011757_2-2">
<gml:timePosition>2023-12-01</gml:timePosition>
</devDate>
<orgGILvl>25000</orgGILvl>
<vis>非表示</vis>
<pos>
<gml:Point gml:id="K6_4692011757_2-g" srsName="fguuid:jgd2011.bl">
<gml:pos>32.665979078 130.333685646</gml:pos>
</gml:Point>
</pos>
<type>郡市・東京都の区</type>
<name>南島原市</name>
<admCode>42214</admCode>
</AdmPt>
</Dataset>
