<?xml version="1.0" encoding="utf-8"?>
<Dataset xsi:schemaLocation="http://fgd.gsi.go.jp/spec/2008/FGD_GMLSchema FGD_GMLSchema.xsd"
	xmlns:gml="http://www.opengis.net/gml/3.2"
	xmlns:xsi="http://www.w3.org/2001/XMLSchema-instance"
	xmlns:xlink="http://www.w3.org/1999/xlink"
	xmlns="http://fgd.gsi.go.jp/spec/2008/FGD_GMLSchema"
	gml:id="Dataset1">
  <gml:description>基盤地図情報メタデータ ID=fmdid:24-0101</gml:description>
  <gml:name>基盤地図情報ダウンロードデータ（GML版）</gml:name>
<CommPt gml:id="K8_4689011757_1">
<fid>46890-11757-i-1926</fid>
<lfSpanFr gml:id="K8_4689011757_1-1">
<gml:timePosition>2021-02-10</gml:timePosition>
</lfSpanFr>
<devDate gml:id="K8_4689011757_1-2">
<gml:timePosition>2023-12-01</gml:timePosition>
</devDate>
<orgGILvl>2500</orgGILvl>
<vis>表示</vis>
<pos>
<gml:Point gml:id="K8_4689011757_1-g" srsName="fguuid:jgd2011.bl">
<gml:pos>32.663977547 130.250559032</gml:pos>
</gml:Point>
</pos>
<type>大字・町・丁目</type>
<name>北有馬町戌</name>
<admCode>42214</admCode>
</CommPt>
<CommPt gml:id="K8_4690211754_1">
<fid>46902-11754-i-1579</fid>
<lfSpanFr gml:id="K8_4690211754_1-1">
<gml:timePosition>2021-02-10</gml:timePosition>
</lfSpanFr>
<devDate gml:id="K8_4690211754_1-2">
<gml:timePosition>2023-12-01</gml:timePosition>
</devDate>
<orgGILvl>2500</orgGILvl>
<vis>表示</vis>
<pos>
<gml:Point gml:id="K8_4690211754_1-g" srsName="fguuid:jgd2011.bl">
<gml:pos>32.658188237 130.288532029</gml:pos>
</gml:Point>
</pos>
<type>大字・町・丁目</type>
<name>西有家町須川</name>
<admCode>42214</admCode>
</CommPt>
<CommPt gml:id="K8_4690511757_1">
<fid>46905-11757-i-2262</fid>
<lfSpanFr gml:id="K8_4690511757_1-1">
<gml:timePosition>2021-02-10</gml:timePosition>
</lfSpanFr>
<devDate gml:id="K8_4690511757_1-2">
<gml:timePosition>2023-12-01</gml:timePosition>
</devDate>
<orgGILvl>2500</orgGILvl>
<vis>表示</vis>
<pos>
<gml:Point gml:id="K8_4690511757_1-g" srsName="fguuid:jgd2011.bl">
<gml:pos>32.665250254 130.295478082</gml:pos>
</gml:Point>
</pos>
<type>大字・町・丁目</type>
<name>西有家町里坊</name>
<admCode>42214</admCode>
</CommPt>
<CommPt gml:id="K8_4690811757_1">
<fid>46908-11757-i-1984</fid>
<lfSpanFr gml:id="K8_4690811757_1-1">
<gml:timePosition>2021-02-10</gml:timePosition>
</lfSpanFr>
<devDate gml:id="K8_4690811757_1-2">
<gml:timePosition>2023-12-01</gml:timePosition>
</devDate>
<orgGILvl>2500</orgGILvl>
<vis>表示</vis>
<pos>
<gml:Point gml:id="K8_4690811757_1-g" srsName="fguuid:jgd2011.bl">
<gml:pos>32.658718503 130.301579831</gml:pos>
</gml:Point>
</pos>
<type>大字・町・丁目</type>
<name>有家町中須川</name>
<admCode>42214</admCode>
</CommPt>
<CommPt gml:id="K8_4691111757_1">
<fid>46911-11757-i-1746</fid>
<lfSpanFr gml:id="K8_4691111757_1-1">
<gml:timePosition>2021-02-10</gml:timePosition>
</lfSpanFr>
<devDate gml:id="K8_4691111757_1-2">
<gml:timePosition>2023-12-01</gml:timePosition>
</devDate>
<orgGILvl>2500</orgGILvl>
<vis>表示</vis>
<pos>
<gml:Point gml:id="K8_4691111757_1-g" srsName="fguuid:jgd2011.bl">
<gml:pos>32.658803084 130.309927435</gml:pos>
</gml:Point>
</pos>
<type>大字・町・丁目</type>
<name>有家町小川</name>
<admCode>42214</admCode>
</CommPt>
</Dataset>
