<?xml version="1.0" encoding="utf-8"?>
<Dataset xsi:schemaLocation="http://fgd.gsi.go.jp/spec/2008/FGD_GMLSchema FGD_GMLSchema.xsd"
	xmlns:gml="http://www.opengis.net/gml/3.2"
	xmlns:xsi="http://www.w3.org/2001/XMLSchema-instance"
	xmlns:xlink="http://www.w3.org/1999/xlink"
	xmlns="http://fgd.gsi.go.jp/spec/2008/FGD_GMLSchema"
	gml:id="Dataset1">
  <gml:description>基盤地図情報メタデータ ID=fmdid:24-0101</gml:description>
  <gml:name>基盤地図情報ダウンロードデータ（GML版）</gml:name>
<GCP gml:id="K1_492950_1">
<fid>10-00100-0-2311-406448</fid>
<lfSpanFr gml:id="K1_492950_1-1">
<gml:timePosition>2023-11-30</gml:timePosition>
</lfSpanFr>
<devDate gml:id="K1_492950_1-2">
<gml:timePosition>2023-12-01</gml:timePosition>
</devDate>
<orgGILvl>SJ12</orgGILvl>
<vis>表示</vis>
<pos>
<gml:Point gml:id="K1_492950_1-g" srsName="fguuid:jgd2011.bl">
<gml:pos>33.145665556 129.110728778</gml:pos>
</gml:Point>
</pos>
<orgName>国土地理院</orgName>
<type>水準点</type>
<gcpClass>二等水準点</gcpClass>
<gcpCode>L020000010589</gcpCode>
<name>１０５８９</name>
<B>119324.396</B>
<L>464798.6236</L>
<alti>6.719</alti>
<altiAcc>3</altiAcc>
</GCP>
<GCP gml:id="K1_492950_2">
<fid>10-00100-0-2311-406449</fid>
<lfSpanFr gml:id="K1_492950_2-1">
<gml:timePosition>2023-11-30</gml:timePosition>
</lfSpanFr>
<devDate gml:id="K1_492950_2-2">
<gml:timePosition>2023-12-01</gml:timePosition>
</devDate>
<orgGILvl>SJ12</orgGILvl>
<vis>表示</vis>
<pos>
<gml:Point gml:id="K1_492950_2-g" srsName="fguuid:jgd2011.bl">
<gml:pos>33.104577778 129.108147222</gml:pos>
</gml:Point>
</pos>
<orgName>国土地理院</orgName>
<type>水準点</type>
<gcpClass>二等水準点</gcpClass>
<gcpCode>L020000010590</gcpCode>
<name>１０５９０</name>
<B>119176.48</B>
<L>464789.33</L>
<alti>74.614</alti>
<altiAcc>3</altiAcc>
</GCP>
<GCP gml:id="K1_492950_3">
<fid>10-00100-0-2311-413489</fid>
<lfSpanFr gml:id="K1_492950_3-1">
<gml:timePosition>2023-11-30</gml:timePosition>
</lfSpanFr>
<devDate gml:id="K1_492950_3-2">
<gml:timePosition>2023-12-01</gml:timePosition>
</devDate>
<orgGILvl>KJ12</orgGILvl>
<vis>表示</vis>
<pos>
<gml:Point gml:id="K1_492950_3-g" srsName="fguuid:jgd2011.bl">
<gml:pos>33.133928722 129.105321472</gml:pos>
</gml:Point>
</pos>
<orgName>国土地理院</orgName>
<type>三角点</type>
<gcpClass>二等三角点</gcpClass>
<gcpCode>TR24929506801</gcpCode>
<name>津和崎</name>
<B>119282.1434</B>
<L>464779.1573</L>
<alti>274.7</alti>
<altiAcc>2</altiAcc>
</GCP>
<GCP gml:id="K1_492950_4">
<fid>10-00100-0-2311-420127</fid>
<lfSpanFr gml:id="K1_492950_4-1">
<gml:timePosition>2023-11-30</gml:timePosition>
</lfSpanFr>
<devDate gml:id="K1_492950_4-2">
<gml:timePosition>2023-12-01</gml:timePosition>
</devDate>
<orgGILvl>KJ13</orgGILvl>
<vis>表示</vis>
<pos>
<gml:Point gml:id="K1_492950_4-g" srsName="fguuid:jgd2011.bl">
<gml:pos>33.091730556 129.111438750</gml:pos>
</gml:Point>
</pos>
<orgName>国土地理院</orgName>
<type>三角点</type>
<gcpClass>三等三角点</gcpClass>
<gcpCode>TR34929501801</gcpCode>
<name>下小河原</name>
<B>119130.23</B>
<L>464801.1795</L>
<alti>216.74</alti>
<altiAcc>2</altiAcc>
</GCP>
<GCP gml:id="K1_492950_5">
<fid>10-00100-0-2311-420128</fid>
<lfSpanFr gml:id="K1_492950_5-1">
<gml:timePosition>2023-11-30</gml:timePosition>
</lfSpanFr>
<devDate gml:id="K1_492950_5-2">
<gml:timePosition>2023-12-01</gml:timePosition>
</devDate>
<orgGILvl>KJ13</orgGILvl>
<vis>表示</vis>
<pos>
<gml:Point gml:id="K1_492950_5-g" srsName="fguuid:jgd2011.bl">
<gml:pos>33.106369806 129.113986444</gml:pos>
</gml:Point>
</pos>
<orgName>国土地理院</orgName>
<type>三角点</type>
<gcpClass>三等三角点</gcpClass>
<gcpCode>TR34929502901</gcpCode>
<name>深迫</name>
<B>119182.9313</B>
<L>464810.3512</L>
<alti>361.89</alti>
<altiAcc>2</altiAcc>
</GCP>
<GCP gml:id="K1_492950_6">
<fid>10-00100-0-2311-420129</fid>
<lfSpanFr gml:id="K1_492950_6-1">
<gml:timePosition>2023-11-30</gml:timePosition>
</lfSpanFr>
<devDate gml:id="K1_492950_6-2">
<gml:timePosition>2023-12-01</gml:timePosition>
</devDate>
<orgGILvl>KJ13</orgGILvl>
<vis>表示</vis>
<pos>
<gml:Point gml:id="K1_492950_6-g" srsName="fguuid:jgd2011.bl">
<gml:pos>33.157114250 129.113651417</gml:pos>
</gml:Point>
</pos>
<orgName>国土地理院</orgName>
<type>三角点</type>
<gcpClass>三等三角点</gcpClass>
<gcpCode>TR34929508901</gcpCode>
<name>上ノ山</name>
<B>119365.6113</B>
<L>464809.1451</L>
<alti>126.05</alti>
<altiAcc>2</altiAcc>
</GCP>
<GCP gml:id="K1_492950_7">
<fid>10-00100-0-2311-456288</fid>
<lfSpanFr gml:id="K1_492950_7-1">
<gml:timePosition>2023-11-30</gml:timePosition>
</lfSpanFr>
<devDate gml:id="K1_492950_7-2">
<gml:timePosition>2023-12-01</gml:timePosition>
</devDate>
<orgGILvl>KJ14</orgGILvl>
<vis>表示</vis>
<pos>
<gml:Point gml:id="K1_492950_7-g" srsName="fguuid:jgd2011.bl">
<gml:pos>33.104958444 129.101907944</gml:pos>
</gml:Point>
</pos>
<orgName>国土地理院</orgName>
<type>三角点</type>
<gcpClass>四等三角点</gcpClass>
<gcpCode>TR44929502801</gcpCode>
<name>ビシヤゴ</name>
<B>119177.8504</B>
<L>464766.8686</L>
<alti>159.31</alti>
<altiAcc>2</altiAcc>
</GCP>
<GCP gml:id="K1_492950_8">
<fid>10-00100-0-2311-456289</fid>
<lfSpanFr gml:id="K1_492950_8-1">
<gml:timePosition>2023-11-30</gml:timePosition>
</lfSpanFr>
<devDate gml:id="K1_492950_8-2">
<gml:timePosition>2023-12-01</gml:timePosition>
</devDate>
<orgGILvl>KJ14</orgGILvl>
<vis>表示</vis>
<pos>
<gml:Point gml:id="K1_492950_8-g" srsName="fguuid:jgd2011.bl">
<gml:pos>33.121983306 129.099630528</gml:pos>
</gml:Point>
</pos>
<orgName>国土地理院</orgName>
<type>三角点</type>
<gcpClass>四等三角点</gcpClass>
<gcpCode>TR44929504701</gcpCode>
<name>乗越</name>
<B>119239.1399</B>
<L>464758.6699</L>
<alti>143.5</alti>
<altiAcc>2</altiAcc>
</GCP>
<GCP gml:id="K1_492950_9">
<fid>10-00100-0-2311-456290</fid>
<lfSpanFr gml:id="K1_492950_9-1">
<gml:timePosition>2023-11-30</gml:timePosition>
</lfSpanFr>
<devDate gml:id="K1_492950_9-2">
<gml:timePosition>2023-12-01</gml:timePosition>
</devDate>
<orgGILvl>KJ14</orgGILvl>
<vis>表示</vis>
<pos>
<gml:Point gml:id="K1_492950_9-g" srsName="fguuid:jgd2011.bl">
<gml:pos>33.141717000 129.111799278</gml:pos>
</gml:Point>
</pos>
<orgName>国土地理院</orgName>
<type>三角点</type>
<gcpClass>四等三角点</gcpClass>
<gcpCode>TR44929507801</gcpCode>
<name>米ノ山</name>
<B>119310.1812</B>
<L>464802.4774</L>
<alti>62.14</alti>
<altiAcc>2</altiAcc>
</GCP>
</Dataset>
