<?xml version="1.0" encoding="utf-8"?>
<Dataset xsi:schemaLocation="http://fgd.gsi.go.jp/spec/2008/FGD_GMLSchema FGD_GMLSchema.xsd"
	xmlns:gml="http://www.opengis.net/gml/3.2"
	xmlns:xsi="http://www.w3.org/2001/XMLSchema-instance"
	xmlns:xlink="http://www.w3.org/1999/xlink"
	xmlns="http://fgd.gsi.go.jp/spec/2008/FGD_GMLSchema"
	gml:id="Dataset1">
  <gml:description>基盤地図情報メタデータ ID=fmdid:24-0101</gml:description>
  <gml:name>基盤地図情報ダウンロードデータ（GML版）</gml:name>
<ElevPt gml:id="K2_4644011934_1">
<fid>46440-11934-i-13</fid>
<lfSpanFr gml:id="K2_4644011934_1-1">
<gml:timePosition>2023-10-19</gml:timePosition>
</lfSpanFr>
<devDate gml:id="K2_4644011934_1-2">
<gml:timePosition>2023-12-01</gml:timePosition>
</devDate>
<orgGILvl>25000</orgGILvl>
<vis>非表示</vis>
<pos>
<gml:Point gml:id="K2_4644011934_1-g" srsName="fguuid:jgd2011.bl">
<gml:pos>33.154426389 129.007057778</gml:pos>
</gml:Point>
</pos>
<type>標高点（測点）</type>
<alti>9</alti>
</ElevPt>
<ElevPt gml:id="K2_4647311916_1">
<fid>46473-11916-i-6</fid>
<lfSpanFr gml:id="K2_4647311916_1-1">
<gml:timePosition>2015-11-17</gml:timePosition>
</lfSpanFr>
<devDate gml:id="K2_4647311916_1-2">
<gml:timePosition>2023-12-01</gml:timePosition>
</devDate>
<orgGILvl>25000</orgGILvl>
<vis>表示</vis>
<pos>
<gml:Point gml:id="K2_4647311916_1-g" srsName="fguuid:jgd2011.bl">
<gml:pos>33.102973889 129.098749750</gml:pos>
</gml:Point>
</pos>
<type>標高点（測点）</type>
<alti>22</alti>
</ElevPt>
<ElevPt gml:id="K2_4647311919_1">
<fid>46473-11919-i-40</fid>
<lfSpanFr gml:id="K2_4647311919_1-1">
<gml:timePosition>2015-11-17</gml:timePosition>
</lfSpanFr>
<devDate gml:id="K2_4647311919_1-2">
<gml:timePosition>2023-12-01</gml:timePosition>
</devDate>
<orgGILvl>25000</orgGILvl>
<vis>表示</vis>
<pos>
<gml:Point gml:id="K2_4647311919_1-g" srsName="fguuid:jgd2011.bl">
<gml:pos>33.114874444 129.094332500</gml:pos>
</gml:Point>
</pos>
<type>標高点（測点）</type>
<alti>42</alti>
</ElevPt>
<ElevPt gml:id="K2_4647611916_1">
<fid>46476-11916-i-88</fid>
<lfSpanFr gml:id="K2_4647611916_1-1">
<gml:timePosition>2015-11-17</gml:timePosition>
</lfSpanFr>
<devDate gml:id="K2_4647611916_1-2">
<gml:timePosition>2023-12-01</gml:timePosition>
</devDate>
<orgGILvl>25000</orgGILvl>
<vis>表示</vis>
<pos>
<gml:Point gml:id="K2_4647611916_1-g" srsName="fguuid:jgd2011.bl">
<gml:pos>33.108270278 129.104583611</gml:pos>
</gml:Point>
</pos>
<type>標高点（測点）</type>
<alti>109</alti>
</ElevPt>
<ElevPt gml:id="K2_4647611919_1">
<fid>46476-11919-i-149</fid>
<lfSpanFr gml:id="K2_4647611919_1-1">
<gml:timePosition>2015-11-17</gml:timePosition>
</lfSpanFr>
<devDate gml:id="K2_4647611919_1-2">
<gml:timePosition>2023-12-01</gml:timePosition>
</devDate>
<orgGILvl>25000</orgGILvl>
<vis>表示</vis>
<pos>
<gml:Point gml:id="K2_4647611919_1-g" srsName="fguuid:jgd2011.bl">
<gml:pos>33.114586389 129.107290556</gml:pos>
</gml:Point>
</pos>
<type>標高点（測点）</type>
<alti>112</alti>
</ElevPt>
<ElevPt gml:id="K2_4647611922_1">
<fid>46476-11922-i-175</fid>
<lfSpanFr gml:id="K2_4647611922_1-1">
<gml:timePosition>2015-11-17</gml:timePosition>
</lfSpanFr>
<devDate gml:id="K2_4647611922_1-2">
<gml:timePosition>2023-12-01</gml:timePosition>
</devDate>
<orgGILvl>25000</orgGILvl>
<vis>表示</vis>
<pos>
<gml:Point gml:id="K2_4647611922_1-g" srsName="fguuid:jgd2011.bl">
<gml:pos>33.119023889 129.105270278</gml:pos>
</gml:Point>
</pos>
<type>標高点（測点）</type>
<alti>164</alti>
</ElevPt>
<ElevPt gml:id="K2_4647611925_1">
<fid>46476-11925-i-84</fid>
<lfSpanFr gml:id="K2_4647611925_1-1">
<gml:timePosition>2015-11-17</gml:timePosition>
</lfSpanFr>
<devDate gml:id="K2_4647611925_1-2">
<gml:timePosition>2023-12-01</gml:timePosition>
</devDate>
<orgGILvl>25000</orgGILvl>
<vis>表示</vis>
<pos>
<gml:Point gml:id="K2_4647611925_1-g" srsName="fguuid:jgd2011.bl">
<gml:pos>33.129416389 129.101146667</gml:pos>
</gml:Point>
</pos>
<type>標高点（測点）</type>
<alti>245</alti>
</ElevPt>
<ElevPt gml:id="K2_4647611928_1">
<fid>46476-11928-i-39</fid>
<lfSpanFr gml:id="K2_4647611928_1-1">
<gml:timePosition>2015-11-17</gml:timePosition>
</lfSpanFr>
<devDate gml:id="K2_4647611928_1-2">
<gml:timePosition>2023-12-01</gml:timePosition>
</devDate>
<orgGILvl>25000</orgGILvl>
<vis>表示</vis>
<pos>
<gml:Point gml:id="K2_4647611928_1-g" srsName="fguuid:jgd2011.bl">
<gml:pos>33.140926111 129.106335278</gml:pos>
</gml:Point>
</pos>
<type>標高点（測点）</type>
<alti>206</alti>
</ElevPt>
<ElevPt gml:id="K2_4647911910_1">
<fid>46479-11910-i-147</fid>
<lfSpanFr gml:id="K2_4647911910_1-1">
<gml:timePosition>2017-09-25</gml:timePosition>
</lfSpanFr>
<devDate gml:id="K2_4647911910_1-2">
<gml:timePosition>2023-12-01</gml:timePosition>
</devDate>
<orgGILvl>25000</orgGILvl>
<vis>表示</vis>
<pos>
<gml:Point gml:id="K2_4647911910_1-g" srsName="fguuid:jgd2011.bl">
<gml:pos>33.087093889 129.115325556</gml:pos>
</gml:Point>
</pos>
<type>標高点（測点）</type>
<alti>174</alti>
</ElevPt>
<ElevPt gml:id="K2_4647911913_1">
<fid>46479-11913-i-74</fid>
<lfSpanFr gml:id="K2_4647911913_1-1">
<gml:timePosition>2015-11-17</gml:timePosition>
</lfSpanFr>
<devDate gml:id="K2_4647911913_1-2">
<gml:timePosition>2023-12-01</gml:timePosition>
</devDate>
<orgGILvl>25000</orgGILvl>
<vis>表示</vis>
<pos>
<gml:Point gml:id="K2_4647911913_1-g" srsName="fguuid:jgd2011.bl">
<gml:pos>33.092507500 129.108688333</gml:pos>
</gml:Point>
</pos>
<type>標高点（測点）</type>
<alti>217</alti>
</ElevPt>
<ElevPt gml:id="K2_4647911913_2">
<fid>46479-11913-i-75</fid>
<lfSpanFr gml:id="K2_4647911913_2-1">
<gml:timePosition>2015-11-17</gml:timePosition>
</lfSpanFr>
<devDate gml:id="K2_4647911913_2-2">
<gml:timePosition>2023-12-01</gml:timePosition>
</devDate>
<orgGILvl>25000</orgGILvl>
<vis>表示</vis>
<pos>
<gml:Point gml:id="K2_4647911913_2-g" srsName="fguuid:jgd2011.bl">
<gml:pos>33.099805278 129.113282222</gml:pos>
</gml:Point>
</pos>
<type>標高点（測点）</type>
<alti>133</alti>
</ElevPt>
<ElevPt gml:id="K2_4647911919_1">
<fid>46479-11919-i-104</fid>
<lfSpanFr gml:id="K2_4647911919_1-1">
<gml:timePosition>2015-11-17</gml:timePosition>
</lfSpanFr>
<devDate gml:id="K2_4647911919_1-2">
<gml:timePosition>2023-12-01</gml:timePosition>
</devDate>
<orgGILvl>25000</orgGILvl>
<vis>表示</vis>
<pos>
<gml:Point gml:id="K2_4647911919_1-g" srsName="fguuid:jgd2011.bl">
<gml:pos>33.111839722 129.115427222</gml:pos>
</gml:Point>
</pos>
<type>標高点（測点）</type>
<alti>146</alti>
</ElevPt>
<ElevPt gml:id="K2_4647911931_1">
<fid>46479-11931-i-94</fid>
<lfSpanFr gml:id="K2_4647911931_1-1">
<gml:timePosition>2015-11-17</gml:timePosition>
</lfSpanFr>
<devDate gml:id="K2_4647911931_1-2">
<gml:timePosition>2023-12-01</gml:timePosition>
</devDate>
<orgGILvl>25000</orgGILvl>
<vis>表示</vis>
<pos>
<gml:Point gml:id="K2_4647911931_1-g" srsName="fguuid:jgd2011.bl">
<gml:pos>33.149348611 129.108582778</gml:pos>
</gml:Point>
</pos>
<type>標高点（測点）</type>
<alti>112</alti>
</ElevPt>
<ElevPt gml:id="K2_4647911937_1">
<fid>46479-11937-i-42</fid>
<lfSpanFr gml:id="K2_4647911937_1-1">
<gml:timePosition>2015-11-17</gml:timePosition>
</lfSpanFr>
<devDate gml:id="K2_4647911937_1-2">
<gml:timePosition>2023-12-01</gml:timePosition>
</devDate>
<orgGILvl>25000</orgGILvl>
<vis>表示</vis>
<pos>
<gml:Point gml:id="K2_4647911937_1-g" srsName="fguuid:jgd2011.bl">
<gml:pos>33.161562778 129.112444722</gml:pos>
</gml:Point>
</pos>
<type>標高点（測点）</type>
<alti>112</alti>
</ElevPt>
<ElevPt gml:id="K2_4648211913_1">
<fid>46482-11913-i-17</fid>
<lfSpanFr gml:id="K2_4648211913_1-1">
<gml:timePosition>2015-11-17</gml:timePosition>
</lfSpanFr>
<devDate gml:id="K2_4648211913_1-2">
<gml:timePosition>2023-12-01</gml:timePosition>
</devDate>
<orgGILvl>25000</orgGILvl>
<vis>表示</vis>
<pos>
<gml:Point gml:id="K2_4648211913_1-g" srsName="fguuid:jgd2011.bl">
<gml:pos>33.093807778 129.117187222</gml:pos>
</gml:Point>
</pos>
<type>標高点（測点）</type>
<alti>92</alti>
</ElevPt>
</Dataset>
