<?xml version="1.0" encoding="utf-8"?>
<Dataset xsi:schemaLocation="http://fgd.gsi.go.jp/spec/2008/FGD_GMLSchema FGD_GMLSchema.xsd"
	xmlns:gml="http://www.opengis.net/gml/3.2"
	xmlns:xsi="http://www.w3.org/2001/XMLSchema-instance"
	xmlns:xlink="http://www.w3.org/1999/xlink"
	xmlns="http://fgd.gsi.go.jp/spec/2008/FGD_GMLSchema"
	gml:id="Dataset1">
  <gml:description>基盤地図情報メタデータ ID=fmdid:19-0701</gml:description>
  <gml:name>基盤地図情報ダウンロードデータ（GML版）</gml:name>
<Cntr gml:id="K3_4640111934_1">
<fid>46401-11934-s-1130</fid>
<lfSpanFr gml:id="K3_4640111934_1-1">
<gml:timePosition>2019-06-04</gml:timePosition>
</lfSpanFr>
<devDate gml:id="K3_4640111934_1-2">
<gml:timePosition>2019-06-26</gml:timePosition>
</devDate>
<orgGILvl>25000</orgGILvl>
<loc>
<gml:Curve gml:id="K3_4640111934_1-g" srsName="fguuid:jgd2011.bl">
<gml:segments>
<gml:LineStringSegment>
<gml:posList>
33.153737222 128.895676111
33.153791111 128.895720000
33.153812500 128.895800000
33.153821944 128.895890556
</gml:posList>
</gml:LineStringSegment>
</gml:segments>
</gml:Curve>
</loc>
<type>一般等高線</type>
<alti>10</alti>
</Cntr>
<Cntr gml:id="K3_4640111934_2">
<fid>46401-11934-s-1131</fid>
<lfSpanFr gml:id="K3_4640111934_2-1">
<gml:timePosition>2019-06-04</gml:timePosition>
</lfSpanFr>
<devDate gml:id="K3_4640111934_2-2">
<gml:timePosition>2019-06-26</gml:timePosition>
</devDate>
<orgGILvl>25000</orgGILvl>
<loc>
<gml:Curve gml:id="K3_4640111934_2-g" srsName="fguuid:jgd2011.bl">
<gml:segments>
<gml:LineStringSegment>
<gml:posList>
33.153511667 128.896546944
33.153573611 128.896493333
33.153618889 128.896419722
33.153635833 128.896312500
33.153641389 128.895910556
33.153686389 128.895736389
33.153737222 128.895676111
</gml:posList>
</gml:LineStringSegment>
</gml:segments>
</gml:Curve>
</loc>
<type>一般等高線</type>
<alti>10</alti>
</Cntr>
<Cntr gml:id="K3_4640111934_3">
<fid>46401-11934-s-1132</fid>
<lfSpanFr gml:id="K3_4640111934_3-1">
<gml:timePosition>2019-06-04</gml:timePosition>
</lfSpanFr>
<devDate gml:id="K3_4640111934_3-2">
<gml:timePosition>2019-06-26</gml:timePosition>
</devDate>
<orgGILvl>25000</orgGILvl>
<loc>
<gml:Curve gml:id="K3_4640111934_3-g" srsName="fguuid:jgd2011.bl">
<gml:segments>
<gml:LineStringSegment>
<gml:posList>
33.152761667 128.896574167
33.152834444 128.896678889
33.152978333 128.896742500
33.153178889 128.896722500
33.153322778 128.896693889
33.153511667 128.896546944
</gml:posList>
</gml:LineStringSegment>
</gml:segments>
</gml:Curve>
</loc>
<type>一般等高線</type>
<alti>10</alti>
</Cntr>
<Cntr gml:id="K3_4640111934_4">
<fid>46401-11934-s-1133</fid>
<lfSpanFr gml:id="K3_4640111934_4-1">
<gml:timePosition>2019-06-04</gml:timePosition>
</lfSpanFr>
<devDate gml:id="K3_4640111934_4-2">
<gml:timePosition>2019-06-26</gml:timePosition>
</devDate>
<orgGILvl>25000</orgGILvl>
<loc>
<gml:Curve gml:id="K3_4640111934_4-g" srsName="fguuid:jgd2011.bl">
<gml:segments>
<gml:LineStringSegment>
<gml:posList>
33.153511667 128.896620833
33.153352500 128.896742222
33.153108333 128.896864444
33.152944444 128.896828056
33.152758333 128.896757778
33.152705278 128.896728056
</gml:posList>
</gml:LineStringSegment>
</gml:segments>
</gml:Curve>
</loc>
<type>一般等高線</type>
<alti>20</alti>
</Cntr>
<Cntr gml:id="K3_4640111934_5">
<fid>46401-11934-s-1134</fid>
<lfSpanFr gml:id="K3_4640111934_5-1">
<gml:timePosition>2019-06-04</gml:timePosition>
</lfSpanFr>
<devDate gml:id="K3_4640111934_5-2">
<gml:timePosition>2019-06-26</gml:timePosition>
</devDate>
<orgGILvl>25000</orgGILvl>
<loc>
<gml:Curve gml:id="K3_4640111934_5-g" srsName="fguuid:jgd2011.bl">
<gml:segments>
<gml:LineStringSegment>
<gml:posList>
33.152705278 128.896728056
33.152648889 128.896728056
33.152620833 128.896761389
</gml:posList>
</gml:LineStringSegment>
</gml:segments>
</gml:Curve>
</loc>
<type>一般等高線</type>
<alti>20</alti>
</Cntr>
<Cntr gml:id="K3_4640111934_6">
<fid>46401-11934-s-1135</fid>
<lfSpanFr gml:id="K3_4640111934_6-1">
<gml:timePosition>2019-06-04</gml:timePosition>
</lfSpanFr>
<devDate gml:id="K3_4640111934_6-2">
<gml:timePosition>2019-06-26</gml:timePosition>
</devDate>
<orgGILvl>25000</orgGILvl>
<loc>
<gml:Curve gml:id="K3_4640111934_6-g" srsName="fguuid:jgd2011.bl">
<gml:segments>
<gml:LineStringSegment>
<gml:posList>
33.152559167 128.896741389
33.152575556 128.896641111
33.152637778 128.896574167
33.152665833 128.896560833
33.152750556 128.896560833
33.152761667 128.896574167
</gml:posList>
</gml:LineStringSegment>
</gml:segments>
</gml:Curve>
</loc>
<type>一般等高線</type>
<alti>10</alti>
</Cntr>
<Cntr gml:id="K3_4640111934_7">
<fid>46401-11934-s-1136</fid>
<lfSpanFr gml:id="K3_4640111934_7-1">
<gml:timePosition>2019-06-04</gml:timePosition>
</lfSpanFr>
<devDate gml:id="K3_4640111934_7-2">
<gml:timePosition>2019-06-26</gml:timePosition>
</devDate>
<orgGILvl>25000</orgGILvl>
<loc>
<gml:Curve gml:id="K3_4640111934_7-g" srsName="fguuid:jgd2011.bl">
<gml:segments>
<gml:LineStringSegment>
<gml:posList>
33.152620833 128.896761389
33.152565000 128.897119444
33.152510278 128.897340833
33.152361389 128.897371389
33.152148056 128.897322778
33.151810000 128.897448611
33.151426111 128.897284167
33.151147222 128.897233889
33.150822778 128.897541667
33.150391111 128.897598611
33.150205000 128.897815278
33.150225000 128.898117222
33.150225000 128.898718056
33.150343333 128.898919167
33.150453611 128.898925833
33.150701389 128.898531389
33.150978056 128.898224444
33.151170000 128.898187500
33.151680556 128.898043056
33.152061667 128.897918889
33.152321111 128.897938333
33.152503333 128.897971667
33.152704722 128.898059167
33.152864167 128.898277222
33.152915000 128.898542222
33.152992500 128.898624444
33.153055000 128.898624444
</gml:posList>
</gml:LineStringSegment>
</gml:segments>
</gml:Curve>
</loc>
<type>一般等高線</type>
<alti>20</alti>
</Cntr>
<Cntr gml:id="K3_4640111934_8">
<fid>46401-11934-s-1137</fid>
<lfSpanFr gml:id="K3_4640111934_8-1">
<gml:timePosition>2019-06-04</gml:timePosition>
</lfSpanFr>
<devDate gml:id="K3_4640111934_8-2">
<gml:timePosition>2019-06-26</gml:timePosition>
</devDate>
<orgGILvl>25000</orgGILvl>
<loc>
<gml:Curve gml:id="K3_4640111934_8-g" srsName="fguuid:jgd2011.bl">
<gml:segments>
<gml:LineStringSegment>
<gml:posList>
33.152790000 128.896902222
33.152806944 128.896982500
33.152823889 128.897002778
33.152908333 128.897043056
33.152953611 128.897090000
33.152959167 128.897176944
33.152863333 128.897505278
33.152846389 128.897833611
33.152801111 128.897954444
33.152744722 128.897994722
</gml:posList>
</gml:LineStringSegment>
</gml:segments>
</gml:Curve>
</loc>
<type>一般等高線</type>
<alti>30</alti>
</Cntr>
<Cntr gml:id="K3_4640111934_9">
<fid>46401-11934-s-1138</fid>
<lfSpanFr gml:id="K3_4640111934_9-1">
<gml:timePosition>2019-06-04</gml:timePosition>
</lfSpanFr>
<devDate gml:id="K3_4640111934_9-2">
<gml:timePosition>2019-06-26</gml:timePosition>
</devDate>
<orgGILvl>25000</orgGILvl>
<loc>
<gml:Curve gml:id="K3_4640111934_9-g" srsName="fguuid:jgd2011.bl">
<gml:segments>
<gml:LineStringSegment>
<gml:posList>
33.152665833 128.896982500
33.152653889 128.896923889
33.152670833 128.896863333
33.152749722 128.896856667
33.152790000 128.896902222
</gml:posList>
</gml:LineStringSegment>
</gml:segments>
</gml:Curve>
</loc>
<type>一般等高線</type>
<alti>30</alti>
</Cntr>
<Cntr gml:id="K3_4640111934_10">
<fid>46401-11934-s-1139</fid>
<lfSpanFr gml:id="K3_4640111934_10-1">
<gml:timePosition>2019-06-04</gml:timePosition>
</lfSpanFr>
<devDate gml:id="K3_4640111934_10-2">
<gml:timePosition>2019-06-26</gml:timePosition>
</devDate>
<orgGILvl>25000</orgGILvl>
<loc>
<gml:Curve gml:id="K3_4640111934_10-g" srsName="fguuid:jgd2011.bl">
<gml:segments>
<gml:LineStringSegment>
<gml:posList>
33.151375000 128.897398333
33.151173333 128.897329722
33.151088333 128.897396944
33.150825556 128.897625556
33.150662222 128.897722778
</gml:posList>
</gml:LineStringSegment>
</gml:segments>
</gml:Curve>
</loc>
<type>一般等高線</type>
<alti>40</alti>
</Cntr>
<Cntr gml:id="K3_4640111934_11">
<fid>46401-11934-s-1140</fid>
<lfSpanFr gml:id="K3_4640111934_11-1">
<gml:timePosition>2019-06-04</gml:timePosition>
</lfSpanFr>
<devDate gml:id="K3_4640111934_11-2">
<gml:timePosition>2019-06-26</gml:timePosition>
</devDate>
<orgGILvl>25000</orgGILvl>
<loc>
<gml:Curve gml:id="K3_4640111934_11-g" srsName="fguuid:jgd2011.bl">
<gml:segments>
<gml:LineStringSegment>
<gml:posList>
33.152586944 128.897425000
33.152620833 128.897418333
33.152694167 128.897317778
33.152716667 128.897217222
33.152716667 128.897150278
33.152665833 128.896982500
</gml:posList>
</gml:LineStringSegment>
</gml:segments>
</gml:Curve>
</loc>
<type>一般等高線</type>
<alti>30</alti>
</Cntr>
<Cntr gml:id="K3_4640111934_12">
<fid>46401-11934-s-1141</fid>
<lfSpanFr gml:id="K3_4640111934_12-1">
<gml:timePosition>2019-06-04</gml:timePosition>
</lfSpanFr>
<devDate gml:id="K3_4640111934_12-2">
<gml:timePosition>2019-06-26</gml:timePosition>
</devDate>
<orgGILvl>25000</orgGILvl>
<loc>
<gml:Curve gml:id="K3_4640111934_12-g" srsName="fguuid:jgd2011.bl">
<gml:segments>
<gml:LineStringSegment>
<gml:posList>
33.152310833 128.897491944
33.151958611 128.897554444
33.151814722 128.897592500
33.151760556 128.897592500
</gml:posList>
</gml:LineStringSegment>
</gml:segments>
</gml:Curve>
</loc>
<type>一般等高線</type>
<alti>40</alti>
</Cntr>
<Cntr gml:id="K3_4640111934_13">
<fid>46401-11934-s-1142</fid>
<lfSpanFr gml:id="K3_4640111934_13-1">
<gml:timePosition>2019-06-04</gml:timePosition>
</lfSpanFr>
<devDate gml:id="K3_4640111934_13-2">
<gml:timePosition>2019-06-26</gml:timePosition>
</devDate>
<orgGILvl>25000</orgGILvl>
<loc>
<gml:Curve gml:id="K3_4640111934_13-g" srsName="fguuid:jgd2011.bl">
<gml:segments>
<gml:LineStringSegment>
<gml:posList>
33.152525278 128.897511944
33.152465000 128.897472500
33.152380556 128.897472500
33.152310833 128.897491944
</gml:posList>
</gml:LineStringSegment>
</gml:segments>
</gml:Curve>
</loc>
<type>一般等高線</type>
<alti>40</alti>
</Cntr>
<Cntr gml:id="K3_4640111934_14">
<fid>46401-11934-s-1143</fid>
<lfSpanFr gml:id="K3_4640111934_14-1">
<gml:timePosition>2019-06-04</gml:timePosition>
</lfSpanFr>
<devDate gml:id="K3_4640111934_14-2">
<gml:timePosition>2019-06-26</gml:timePosition>
</devDate>
<orgGILvl>25000</orgGILvl>
<loc>
<gml:Curve gml:id="K3_4640111934_14-g" srsName="fguuid:jgd2011.bl">
<gml:segments>
<gml:LineStringSegment>
<gml:posList>
33.151668056 128.897572500
33.151493333 128.897599167
33.151465278 128.897565556
33.151375000 128.897398333
</gml:posList>
</gml:LineStringSegment>
</gml:segments>
</gml:Curve>
</loc>
<type>一般等高線</type>
<alti>40</alti>
</Cntr>
<Cntr gml:id="K3_4640111934_15">
<fid>46401-11934-s-1144</fid>
<lfSpanFr gml:id="K3_4640111934_15-1">
<gml:timePosition>2019-06-04</gml:timePosition>
</lfSpanFr>
<devDate gml:id="K3_4640111934_15-2">
<gml:timePosition>2019-06-26</gml:timePosition>
</devDate>
<orgGILvl>25000</orgGILvl>
<loc>
<gml:Curve gml:id="K3_4640111934_15-g" srsName="fguuid:jgd2011.bl">
<gml:segments>
<gml:LineStringSegment>
<gml:posList>
33.151760556 128.897592500
33.151721667 128.897567222
33.151668056 128.897572500
</gml:posList>
</gml:LineStringSegment>
</gml:segments>
</gml:Curve>
</loc>
<type>一般等高線</type>
<alti>40</alti>
</Cntr>
<Cntr gml:id="K3_4640111934_16">
<fid>46401-11934-s-1145</fid>
<lfSpanFr gml:id="K3_4640111934_16-1">
<gml:timePosition>2019-06-04</gml:timePosition>
</lfSpanFr>
<devDate gml:id="K3_4640111934_16-2">
<gml:timePosition>2019-06-26</gml:timePosition>
</devDate>
<orgGILvl>25000</orgGILvl>
<loc>
<gml:Curve gml:id="K3_4640111934_16-g" srsName="fguuid:jgd2011.bl">
<gml:segments>
<gml:LineStringSegment>
<gml:posList>
33.150662222 128.897722778
33.150559167 128.897731667
</gml:posList>
</gml:LineStringSegment>
</gml:segments>
</gml:Curve>
</loc>
<type>一般等高線</type>
<alti>40</alti>
</Cntr>
<Cntr gml:id="K3_4640111934_17">
<fid>46401-11934-s-1146</fid>
<lfSpanFr gml:id="K3_4640111934_17-1">
<gml:timePosition>2019-06-04</gml:timePosition>
</lfSpanFr>
<devDate gml:id="K3_4640111934_17-2">
<gml:timePosition>2019-06-26</gml:timePosition>
</devDate>
<orgGILvl>25000</orgGILvl>
<loc>
<gml:Curve gml:id="K3_4640111934_17-g" srsName="fguuid:jgd2011.bl">
<gml:segments>
<gml:LineStringSegment>
<gml:posList>
33.150559167 128.897731667
33.150512500 128.897702778
33.150486111 128.897758333
</gml:posList>
</gml:LineStringSegment>
</gml:segments>
</gml:Curve>
</loc>
<type>一般等高線</type>
<alti>40</alti>
</Cntr>
<Cntr gml:id="K3_4640111934_18">
<fid>46401-11934-s-1147</fid>
<lfSpanFr gml:id="K3_4640111934_18-1">
<gml:timePosition>2019-06-04</gml:timePosition>
</lfSpanFr>
<devDate gml:id="K3_4640111934_18-2">
<gml:timePosition>2019-06-26</gml:timePosition>
</devDate>
<orgGILvl>25000</orgGILvl>
<loc>
<gml:Curve gml:id="K3_4640111934_18-g" srsName="fguuid:jgd2011.bl">
<gml:segments>
<gml:LineStringSegment>
<gml:posList>
33.150486111 128.897758333
33.150416389 128.897833889
33.150416389 128.897874167
33.150478333 128.898303056
33.150495278 128.898363333
33.150512222 128.898376944
33.150534722 128.898376944
33.150608056 128.898343333
33.150692778 128.898236111
33.150771667 128.898088611
33.150867500 128.897968056
33.150923889 128.897921111
33.151014167 128.897894167
33.151171944 128.897914167
33.151296111 128.897914167
33.151341111 128.897900833
33.151414444 128.897860556
33.151515833 128.897773333
33.151555278 128.897773333
33.151589167 128.897786944
33.151735833 128.897880556
</gml:posList>
</gml:LineStringSegment>
</gml:segments>
</gml:Curve>
</loc>
<type>一般等高線</type>
<alti>40</alti>
</Cntr>
<Cntr gml:id="K3_4640111934_19">
<fid>46401-11934-s-1148</fid>
<lfSpanFr gml:id="K3_4640111934_19-1">
<gml:timePosition>2019-06-04</gml:timePosition>
</lfSpanFr>
<devDate gml:id="K3_4640111934_19-2">
<gml:timePosition>2019-06-26</gml:timePosition>
</devDate>
<orgGILvl>25000</orgGILvl>
<loc>
<gml:Curve gml:id="K3_4640111934_19-g" srsName="fguuid:jgd2011.bl">
<gml:segments>
<gml:LineStringSegment>
<gml:posList>
33.152474444 128.897760000
33.152513889 128.897706389
33.152530833 128.897639444
33.152525278 128.897511944
</gml:posList>
</gml:LineStringSegment>
</gml:segments>
</gml:Curve>
</loc>
<type>一般等高線</type>
<alti>40</alti>
</Cntr>
<Cntr gml:id="K3_4640111934_20">
<fid>46401-11934-s-1149</fid>
<lfSpanFr gml:id="K3_4640111934_20-1">
<gml:timePosition>2019-06-04</gml:timePosition>
</lfSpanFr>
<devDate gml:id="K3_4640111934_20-2">
<gml:timePosition>2019-06-26</gml:timePosition>
</devDate>
<orgGILvl>25000</orgGILvl>
<loc>
<gml:Curve gml:id="K3_4640111934_20-g" srsName="fguuid:jgd2011.bl">
<gml:segments>
<gml:LineStringSegment>
<gml:posList>
33.152271389 128.897766667
33.152305833 128.897847500
33.152408056 128.897828056
33.152474444 128.897760000
</gml:posList>
</gml:LineStringSegment>
</gml:segments>
</gml:Curve>
</loc>
<type>一般等高線</type>
<alti>40</alti>
</Cntr>
<Cntr gml:id="K3_4640111934_21">
<fid>46401-11934-s-1150</fid>
<lfSpanFr gml:id="K3_4640111934_21-1">
<gml:timePosition>2019-06-04</gml:timePosition>
</lfSpanFr>
<devDate gml:id="K3_4640111934_21-2">
<gml:timePosition>2019-06-26</gml:timePosition>
</devDate>
<orgGILvl>25000</orgGILvl>
<loc>
<gml:Curve gml:id="K3_4640111934_21-g" srsName="fguuid:jgd2011.bl">
<gml:segments>
<gml:LineStringSegment>
<gml:posList>
33.152198056 128.897786944
33.152125000 128.897793611
33.152051667 128.897793611
</gml:posList>
</gml:LineStringSegment>
</gml:segments>
</gml:Curve>
</loc>
<type>一般等高線</type>
<alti>30</alti>
</Cntr>
<Cntr gml:id="K3_4640111934_22">
<fid>46401-11934-s-1151</fid>
<lfSpanFr gml:id="K3_4640111934_22-1">
<gml:timePosition>2019-06-04</gml:timePosition>
</lfSpanFr>
<devDate gml:id="K3_4640111934_22-2">
<gml:timePosition>2019-06-26</gml:timePosition>
</devDate>
<orgGILvl>25000</orgGILvl>
<loc>
<gml:Curve gml:id="K3_4640111934_22-g" srsName="fguuid:jgd2011.bl">
<gml:segments>
<gml:LineStringSegment>
<gml:posList>
33.152051667 128.897793611
33.151993889 128.897874444
33.151820556 128.897945833
33.151668056 128.898014722
</gml:posList>
</gml:LineStringSegment>
</gml:segments>
</gml:Curve>
</loc>
<type>一般等高線</type>
<alti>30</alti>
</Cntr>
<Cntr gml:id="K3_4640111934_23">
<fid>46401-11934-s-1152</fid>
<lfSpanFr gml:id="K3_4640111934_23-1">
<gml:timePosition>2019-06-04</gml:timePosition>
</lfSpanFr>
<devDate gml:id="K3_4640111934_23-2">
<gml:timePosition>2019-06-26</gml:timePosition>
</devDate>
<orgGILvl>25000</orgGILvl>
<loc>
<gml:Curve gml:id="K3_4640111934_23-g" srsName="fguuid:jgd2011.bl">
<gml:segments>
<gml:LineStringSegment>
<gml:posList>
33.151843056 128.897833611
33.152034722 128.897666111
33.152102222 128.897639444
33.152130556 128.897639444
33.152170000 128.897652778
33.152203889 128.897679722
33.152271389 128.897766667
</gml:posList>
</gml:LineStringSegment>
</gml:segments>
</gml:Curve>
</loc>
<type>一般等高線</type>
<alti>40</alti>
</Cntr>
<Cntr gml:id="K3_4640111934_24">
<fid>46401-11934-s-1153</fid>
<lfSpanFr gml:id="K3_4640111934_24-1">
<gml:timePosition>2019-06-04</gml:timePosition>
</lfSpanFr>
<devDate gml:id="K3_4640111934_24-2">
<gml:timePosition>2019-06-26</gml:timePosition>
</devDate>
<orgGILvl>25000</orgGILvl>
<loc>
<gml:Curve gml:id="K3_4640111934_24-g" srsName="fguuid:jgd2011.bl">
<gml:segments>
<gml:LineStringSegment>
<gml:posList>
33.151735833 128.897880556
33.151803056 128.897878611
33.151843056 128.897833611
</gml:posList>
</gml:LineStringSegment>
</gml:segments>
</gml:Curve>
</loc>
<type>一般等高線</type>
<alti>40</alti>
</Cntr>
<Cntr gml:id="K3_4640111934_25">
<fid>46401-11934-s-1154</fid>
<lfSpanFr gml:id="K3_4640111934_25-1">
<gml:timePosition>2019-06-04</gml:timePosition>
</lfSpanFr>
<devDate gml:id="K3_4640111934_25-2">
<gml:timePosition>2019-06-26</gml:timePosition>
</devDate>
<orgGILvl>25000</orgGILvl>
<loc>
<gml:Curve gml:id="K3_4640111934_25-g" srsName="fguuid:jgd2011.bl">
<gml:segments>
<gml:LineStringSegment>
<gml:posList>
33.152744722 128.897994722
33.152535556 128.897926389
33.152314167 128.897894444
33.152248889 128.897815278
33.152198056 128.897786944
</gml:posList>
</gml:LineStringSegment>
</gml:segments>
</gml:Curve>
</loc>
<type>一般等高線</type>
<alti>30</alti>
</Cntr>
<Cntr gml:id="K3_4640111934_26">
<fid>46401-11934-s-1155</fid>
<lfSpanFr gml:id="K3_4640111934_26-1">
<gml:timePosition>2019-06-04</gml:timePosition>
</lfSpanFr>
<devDate gml:id="K3_4640111934_26-2">
<gml:timePosition>2019-06-26</gml:timePosition>
</devDate>
<orgGILvl>25000</orgGILvl>
<loc>
<gml:Curve gml:id="K3_4640111934_26-g" srsName="fguuid:jgd2011.bl">
<gml:segments>
<gml:LineStringSegment>
<gml:posList>
33.151668056 128.898014722
33.151589167 128.897934167
33.151555278 128.897920833
33.151532778 128.897920833
33.151487778 128.897941111
33.151341111 128.898088333
33.151262222 128.898128611
33.151177500 128.898141944
</gml:posList>
</gml:LineStringSegment>
</gml:segments>
</gml:Curve>
</loc>
<type>一般等高線</type>
<alti>30</alti>
</Cntr>
<Cntr gml:id="K3_4640111934_27">
<fid>46401-11934-s-1156</fid>
<lfSpanFr gml:id="K3_4640111934_27-1">
<gml:timePosition>2019-06-04</gml:timePosition>
</lfSpanFr>
<devDate gml:id="K3_4640111934_27-2">
<gml:timePosition>2019-06-26</gml:timePosition>
</devDate>
<orgGILvl>25000</orgGILvl>
<loc>
<gml:Curve gml:id="K3_4640111934_27-g" srsName="fguuid:jgd2011.bl">
<gml:segments>
<gml:LineStringSegment>
<gml:posList>
33.150334722 128.898019722
33.150292500 128.897935833
33.150278333 128.897815278
33.150408056 128.897654167
33.150817222 128.897593611
33.151068333 128.897372222
33.151158333 128.897285278
33.151409167 128.897315278
33.151628333 128.897457500
33.151807778 128.897502778
33.152161944 128.897386389
33.152405833 128.897422222
33.152586944 128.897425000
</gml:posList>
</gml:LineStringSegment>
</gml:segments>
</gml:Curve>
</loc>
<type>一般等高線</type>
<alti>30</alti>
</Cntr>
<Cntr gml:id="K3_4640111934_28">
<fid>46401-11934-s-1157</fid>
<lfSpanFr gml:id="K3_4640111934_28-1">
<gml:timePosition>2019-06-04</gml:timePosition>
</lfSpanFr>
<devDate gml:id="K3_4640111934_28-2">
<gml:timePosition>2019-06-26</gml:timePosition>
</devDate>
<orgGILvl>25000</orgGILvl>
<loc>
<gml:Curve gml:id="K3_4640111934_28-g" srsName="fguuid:jgd2011.bl">
<gml:segments>
<gml:LineStringSegment>
<gml:posList>
33.151177500 128.898141944
33.150983611 128.898167222
33.150858333 128.898238333
33.150720278 128.898410833
33.150636389 128.898456944
</gml:posList>
</gml:LineStringSegment>
</gml:segments>
</gml:Curve>
</loc>
<type>一般等高線</type>
<alti>30</alti>
</Cntr>
<Cntr gml:id="K3_4640111934_29">
<fid>46401-11934-s-1158</fid>
<lfSpanFr gml:id="K3_4640111934_29-1">
<gml:timePosition>2019-06-04</gml:timePosition>
</lfSpanFr>
<devDate gml:id="K3_4640111934_29-2">
<gml:timePosition>2019-06-26</gml:timePosition>
</devDate>
<orgGILvl>25000</orgGILvl>
<loc>
<gml:Curve gml:id="K3_4640111934_29-g" srsName="fguuid:jgd2011.bl">
<gml:segments>
<gml:LineStringSegment>
<gml:posList>
33.150373611 128.898205000
33.150365556 128.898128889
33.150334722 128.898019722
</gml:posList>
</gml:LineStringSegment>
</gml:segments>
</gml:Curve>
</loc>
<type>一般等高線</type>
<alti>30</alti>
</Cntr>
<Cntr gml:id="K3_4640111934_30">
<fid>46401-11934-s-1159</fid>
<lfSpanFr gml:id="K3_4640111934_30-1">
<gml:timePosition>2019-06-04</gml:timePosition>
</lfSpanFr>
<devDate gml:id="K3_4640111934_30-2">
<gml:timePosition>2019-06-26</gml:timePosition>
</devDate>
<orgGILvl>25000</orgGILvl>
<loc>
<gml:Curve gml:id="K3_4640111934_30-g" srsName="fguuid:jgd2011.bl">
<gml:segments>
<gml:LineStringSegment>
<gml:posList>
33.150360000 128.898363333
33.150362778 128.898280833
33.150373611 128.898205000
</gml:posList>
</gml:LineStringSegment>
</gml:segments>
</gml:Curve>
</loc>
<type>一般等高線</type>
<alti>30</alti>
</Cntr>
<Cntr gml:id="K3_4640111934_31">
<fid>46401-11934-s-1160</fid>
<lfSpanFr gml:id="K3_4640111934_31-1">
<gml:timePosition>2019-06-04</gml:timePosition>
</lfSpanFr>
<devDate gml:id="K3_4640111934_31-2">
<gml:timePosition>2019-06-26</gml:timePosition>
</devDate>
<orgGILvl>25000</orgGILvl>
<loc>
<gml:Curve gml:id="K3_4640111934_31-g" srsName="fguuid:jgd2011.bl">
<gml:segments>
<gml:LineStringSegment>
<gml:posList>
33.150636389 128.898456944
33.150591111 128.898470278
33.150546111 128.898517222
33.150517778 128.898638056
</gml:posList>
</gml:LineStringSegment>
</gml:segments>
</gml:Curve>
</loc>
<type>一般等高線</type>
<alti>30</alti>
</Cntr>
<Cntr gml:id="K3_4640111934_32">
<fid>46401-11934-s-1161</fid>
<lfSpanFr gml:id="K3_4640111934_32-1">
<gml:timePosition>2019-06-04</gml:timePosition>
</lfSpanFr>
<devDate gml:id="K3_4640111934_32-2">
<gml:timePosition>2019-06-26</gml:timePosition>
</devDate>
<orgGILvl>25000</orgGILvl>
<loc>
<gml:Curve gml:id="K3_4640111934_32-g" srsName="fguuid:jgd2011.bl">
<gml:segments>
<gml:LineStringSegment>
<gml:posList>
33.153055000 128.898624444
33.153094444 128.898584444
33.153133889 128.898483889
33.153156389 128.898390000
33.153150833 128.898269444
33.153083056 128.897880556
33.153088889 128.897753333
33.153133889 128.897545556
33.153207222 128.897317778
33.153258056 128.897210556
33.153472222 128.896969167
33.153596389 128.896754722
33.153596389 128.896707778
33.153556944 128.896647500
33.153511667 128.896620833
</gml:posList>
</gml:LineStringSegment>
</gml:segments>
</gml:Curve>
</loc>
<type>一般等高線</type>
<alti>20</alti>
</Cntr>
<Cntr gml:id="K3_4640111934_33">
<fid>46401-11934-s-1162</fid>
<lfSpanFr gml:id="K3_4640111934_33-1">
<gml:timePosition>2019-06-04</gml:timePosition>
</lfSpanFr>
<devDate gml:id="K3_4640111934_33-2">
<gml:timePosition>2019-06-26</gml:timePosition>
</devDate>
<orgGILvl>25000</orgGILvl>
<loc>
<gml:Curve gml:id="K3_4640111934_33-g" srsName="fguuid:jgd2011.bl">
<gml:segments>
<gml:LineStringSegment>
<gml:posList>
33.150517778 128.898638056
33.150504444 128.898747500
33.150465833 128.898806389
33.150422222 128.898792222
</gml:posList>
</gml:LineStringSegment>
</gml:segments>
</gml:Curve>
</loc>
<type>一般等高線</type>
<alti>30</alti>
</Cntr>
<Cntr gml:id="K3_4640111934_34">
<fid>46401-11934-s-1163</fid>
<lfSpanFr gml:id="K3_4640111934_34-1">
<gml:timePosition>2019-06-04</gml:timePosition>
</lfSpanFr>
<devDate gml:id="K3_4640111934_34-2">
<gml:timePosition>2019-06-26</gml:timePosition>
</devDate>
<orgGILvl>25000</orgGILvl>
<loc>
<gml:Curve gml:id="K3_4640111934_34-g" srsName="fguuid:jgd2011.bl">
<gml:segments>
<gml:LineStringSegment>
<gml:posList>
33.150422222 128.898792222
33.150394167 128.898738611
33.150360000 128.898363333
</gml:posList>
</gml:LineStringSegment>
</gml:segments>
</gml:Curve>
</loc>
<type>一般等高線</type>
<alti>30</alti>
</Cntr>
<Cntr gml:id="K3_4640111934_35">
<fid>46401-11934-s-1164</fid>
<lfSpanFr gml:id="K3_4640111934_35-1">
<gml:timePosition>2019-06-04</gml:timePosition>
</lfSpanFr>
<devDate gml:id="K3_4640111934_35-2">
<gml:timePosition>2019-06-26</gml:timePosition>
</devDate>
<orgGILvl>25000</orgGILvl>
<loc>
<gml:Curve gml:id="K3_4640111934_35-g" srsName="fguuid:jgd2011.bl">
<gml:segments>
<gml:LineStringSegment>
<gml:posList>
33.152829722 128.898798889
33.152834722 128.898584167
33.152805000 128.898300556
33.152652778 128.898099167
33.152468056 128.898010278
33.152335278 128.897985278
33.151892222 128.898030556
33.151672222 128.898073333
33.151175556 128.898234444
33.150975278 128.898281389
33.150704444 128.898635556
33.150476111 128.898986111
33.150272778 128.899009722
33.150154444 128.898754722
33.150145833 128.898117222
33.150173889 128.897784167
33.150376944 128.897545000
33.150588611 128.897507222
33.150808889 128.897514722
33.151135833 128.897176111
33.151443611 128.897232778
33.151808056 128.897388611
33.152150833 128.897258333
33.152340833 128.897313056
33.152480556 128.897290556
33.152540000 128.897099167
33.152531389 128.896892778
33.152559167 128.896741389
</gml:posList>
</gml:LineStringSegment>
</gml:segments>
</gml:Curve>
</loc>
<type>一般等高線</type>
<alti>10</alti>
</Cntr>
<Cntr gml:id="K3_4640111934_36">
<fid>46401-11934-s-1165</fid>
<lfSpanFr gml:id="K3_4640111934_36-1">
<gml:timePosition>2019-06-04</gml:timePosition>
</lfSpanFr>
<devDate gml:id="K3_4640111934_36-2">
<gml:timePosition>2019-06-26</gml:timePosition>
</devDate>
<orgGILvl>25000</orgGILvl>
<loc>
<gml:Curve gml:id="K3_4640111934_36-g" srsName="fguuid:jgd2011.bl">
<gml:segments>
<gml:LineStringSegment>
<gml:posList>
33.152824167 128.898879167
33.152829722 128.898798889
</gml:posList>
</gml:LineStringSegment>
</gml:segments>
</gml:Curve>
</loc>
<type>一般等高線</type>
<alti>10</alti>
</Cntr>
<Cntr gml:id="K3_4640111934_37">
<fid>46401-11934-s-1166</fid>
<lfSpanFr gml:id="K3_4640111934_37-1">
<gml:timePosition>2019-06-04</gml:timePosition>
</lfSpanFr>
<devDate gml:id="K3_4640111934_37-2">
<gml:timePosition>2019-06-26</gml:timePosition>
</devDate>
<orgGILvl>25000</orgGILvl>
<loc>
<gml:Curve gml:id="K3_4640111934_37-g" srsName="fguuid:jgd2011.bl">
<gml:segments>
<gml:LineStringSegment>
<gml:posList>
33.153049722 128.898953056
33.152984444 128.898981944
33.152891111 128.898971944
33.152848889 128.898946667
33.152824167 128.898879167
</gml:posList>
</gml:LineStringSegment>
</gml:segments>
</gml:Curve>
</loc>
<type>一般等高線</type>
<alti>10</alti>
</Cntr>
<Cntr gml:id="K3_4640111934_38">
<fid>46401-11934-s-1167</fid>
<lfSpanFr gml:id="K3_4640111934_38-1">
<gml:timePosition>2019-06-04</gml:timePosition>
</lfSpanFr>
<devDate gml:id="K3_4640111934_38-2">
<gml:timePosition>2019-06-26</gml:timePosition>
</devDate>
<orgGILvl>25000</orgGILvl>
<loc>
<gml:Curve gml:id="K3_4640111934_38-g" srsName="fguuid:jgd2011.bl">
<gml:segments>
<gml:LineStringSegment>
<gml:posList>
33.153231444 128.900000000
33.153269444 128.899790556
33.153432778 128.899301389
33.153460833 128.899174167
33.153460833 128.899033333
33.153444167 128.898966389
33.153404444 128.898899444
33.153331389 128.898832222
33.153258056 128.898798889
33.153212778 128.898798889
33.153100000 128.898885833
33.153049722 128.898953056
</gml:posList>
</gml:LineStringSegment>
</gml:segments>
</gml:Curve>
</loc>
<type>一般等高線</type>
<alti>10</alti>
</Cntr>
<Cntr gml:id="K3_4640111934_39">
<fid>46401-11934-s-1168</fid>
<lfSpanFr gml:id="K3_4640111934_39-1">
<gml:timePosition>2019-06-04</gml:timePosition>
</lfSpanFr>
<devDate gml:id="K3_4640111934_39-2">
<gml:timePosition>2019-06-26</gml:timePosition>
</devDate>
<orgGILvl>25000</orgGILvl>
<loc>
<gml:Curve gml:id="K3_4640111934_39-g" srsName="fguuid:jgd2011.bl">
<gml:segments>
<gml:LineStringSegment>
<gml:posList>
33.153448944 128.900000000
33.153450000 128.899998333
33.153596667 128.899850833
33.153624722 128.899837500
33.153658611 128.899837500
33.153681111 128.899850833
33.153720556 128.899904444
33.153736694 128.900000000
</gml:posList>
</gml:LineStringSegment>
</gml:segments>
</gml:Curve>
</loc>
<type>一般等高線</type>
<alti>20</alti>
</Cntr>
<Cntr gml:id="K3_4640111934_40">
<fid>46401-11934-s-1600</fid>
<lfSpanFr gml:id="K3_4640111934_40-1">
<gml:timePosition>2019-06-04</gml:timePosition>
</lfSpanFr>
<devDate gml:id="K3_4640111934_40-2">
<gml:timePosition>2019-06-26</gml:timePosition>
</devDate>
<orgGILvl>25000</orgGILvl>
<loc>
<gml:Curve gml:id="K3_4640111934_40-g" srsName="fguuid:jgd2011.bl">
<gml:segments>
<gml:LineStringSegment>
<gml:posList>
33.151341111 128.897579444
33.151341111 128.897639444
33.151312778 128.897672778
33.151256389 128.897699722
33.151205833 128.897699722
33.151177500 128.897680000
33.151177500 128.897653056
33.151245278 128.897559167
33.151279167 128.897539167
33.151341111 128.897579444
</gml:posList>
</gml:LineStringSegment>
</gml:segments>
</gml:Curve>
</loc>
<type>一般等高線</type>
<alti>50</alti>
</Cntr>
<Cntr gml:id="K3_4640111934_41">
<fid>46401-11934-s-1639</fid>
<lfSpanFr gml:id="K3_4640111934_41-1">
<gml:timePosition>2019-06-04</gml:timePosition>
</lfSpanFr>
<devDate gml:id="K3_4640111934_41-2">
<gml:timePosition>2019-06-26</gml:timePosition>
</devDate>
<orgGILvl>25000</orgGILvl>
<loc>
<gml:Curve gml:id="K3_4640111934_41-g" srsName="fguuid:jgd2011.bl">
<gml:segments>
<gml:LineStringSegment>
<gml:posList>
33.154169724 128.899154646
33.154213350 128.899259058
33.154312500 128.899368333
33.154340556 128.899435556
33.154345869 128.899534264
33.154332449 128.899669872
33.154314814 128.899735710
33.154307493 128.899798570
</gml:posList>
</gml:LineStringSegment>
</gml:segments>
</gml:Curve>
</loc>
<type>一般等高線</type>
<alti>10</alti>
</Cntr>
<Cntr gml:id="K3_4640111934_42">
<fid>46401-11934-s-1640</fid>
<lfSpanFr gml:id="K3_4640111934_42-1">
<gml:timePosition>2019-06-04</gml:timePosition>
</lfSpanFr>
<devDate gml:id="K3_4640111934_42-2">
<gml:timePosition>2019-06-26</gml:timePosition>
</devDate>
<orgGILvl>25000</orgGILvl>
<loc>
<gml:Curve gml:id="K3_4640111934_42-g" srsName="fguuid:jgd2011.bl">
<gml:segments>
<gml:LineStringSegment>
<gml:posList>
33.153821944 128.895890556
33.153754167 128.896151667
33.153720278 128.896339167
33.153720278 128.896446389
33.153759722 128.896587222
33.153759722 128.896687778
33.153731667 128.896855278
33.153731667 128.896989444
33.153754167 128.897103333
33.153821944 128.897217222
33.153833056 128.897250833
33.153833056 128.897284167
33.153805000 128.897351111
33.153737222 128.897431667
33.153596389 128.897525556
33.153568056 128.897558889
33.153562500 128.897605833
33.153579444 128.897632778
33.153630000 128.897652778
33.153697778 128.897652778
33.153754167 128.897679722
33.153782222 128.897733333
33.153766389 128.897849167
33.153551111 128.898141944
33.153483611 128.898249167
33.153460833 128.898343056
33.153466667 128.898436944
33.153477778 128.898456944
33.153523056 128.898456944
33.153562500 128.898443611
33.153652778 128.898363056
33.153748611 128.898316389
33.153810556 128.898323056
33.153833056 128.898343056
33.153861389 128.898403333
33.153872500 128.898463611
33.153872500 128.898564167
33.153827500 128.898725000
33.153833056 128.898758611
33.153850000 128.898792222
33.153951389 128.898872500
33.154047500 128.898932778
33.154222222 128.898906111
33.154250278 128.898953056
33.154203695 128.899055926
33.154186709 128.899100799
33.154169724 128.899154646
</gml:posList>
</gml:LineStringSegment>
</gml:segments>
</gml:Curve>
</loc>
<type>一般等高線</type>
<alti>10</alti>
</Cntr>
<Cntr gml:id="K3_4640111934_43">
<fid>46401-11934-s-1641</fid>
<lfSpanFr gml:id="K3_4640111934_43-1">
<gml:timePosition>2019-06-04</gml:timePosition>
</lfSpanFr>
<devDate gml:id="K3_4640111934_43-2">
<gml:timePosition>2019-06-26</gml:timePosition>
</devDate>
<orgGILvl>25000</orgGILvl>
<loc>
<gml:Curve gml:id="K3_4640111934_43-g" srsName="fguuid:jgd2011.bl">
<gml:segments>
<gml:LineStringSegment>
<gml:posList>
33.154307493 128.899798570
33.154301412 128.899854662
33.154352572 128.899909198
33.154389483 128.899921146
33.154492778 128.899958056
33.154538056 128.899991667
33.154545000 128.900000000
</gml:posList>
</gml:LineStringSegment>
</gml:segments>
</gml:Curve>
</loc>
<type>一般等高線</type>
<alti>10</alti>
</Cntr>
<Cntr gml:id="K3_4640111937_1">
<fid>46401-11937-s-29</fid>
<lfSpanFr gml:id="K3_4640111937_1-1">
<gml:timePosition>2019-06-04</gml:timePosition>
</lfSpanFr>
<devDate gml:id="K3_4640111937_1-2">
<gml:timePosition>2019-06-26</gml:timePosition>
</devDate>
<orgGILvl>25000</orgGILvl>
<loc>
<gml:Curve gml:id="K3_4640111937_1-g" srsName="fguuid:jgd2011.bl">
<gml:segments>
<gml:LineStringSegment>
<gml:posList>
33.166666667 128.899728750
33.166655278 128.899695000
33.166659444 128.899511111
33.166666667 128.899502917
</gml:posList>
</gml:LineStringSegment>
</gml:segments>
</gml:Curve>
</loc>
<type>一般等高線</type>
<alti>10</alti>
</Cntr>
<Cntr gml:id="K3_4640411934_1">
<fid>46404-11934-s-639</fid>
<lfSpanFr gml:id="K3_4640411934_1-1">
<gml:timePosition>2019-06-04</gml:timePosition>
</lfSpanFr>
<devDate gml:id="K3_4640411934_1-2">
<gml:timePosition>2019-06-26</gml:timePosition>
</devDate>
<orgGILvl>25000</orgGILvl>
<loc>
<gml:Curve gml:id="K3_4640411934_1-g" srsName="fguuid:jgd2011.bl">
<gml:segments>
<gml:LineStringSegment>
<gml:posList>
33.154545000 128.900000000
33.154566111 128.900025278
33.154600000 128.900092222
33.154628056 128.900186111
33.154628056 128.900226389
33.154611111 128.900233056
</gml:posList>
</gml:LineStringSegment>
</gml:segments>
</gml:Curve>
</loc>
<type>一般等高線</type>
<alti>10</alti>
</Cntr>
<Cntr gml:id="K3_4640411934_2">
<fid>46404-11934-s-640</fid>
<lfSpanFr gml:id="K3_4640411934_2-1">
<gml:timePosition>2019-06-04</gml:timePosition>
</lfSpanFr>
<devDate gml:id="K3_4640411934_2-2">
<gml:timePosition>2019-06-26</gml:timePosition>
</devDate>
<orgGILvl>25000</orgGILvl>
<loc>
<gml:Curve gml:id="K3_4640411934_2-g" srsName="fguuid:jgd2011.bl">
<gml:segments>
<gml:LineStringSegment>
<gml:posList>
33.153224444 128.900038611
33.153231444 128.900000000
</gml:posList>
</gml:LineStringSegment>
</gml:segments>
</gml:Curve>
</loc>
<type>一般等高線</type>
<alti>10</alti>
</Cntr>
<Cntr gml:id="K3_4640411934_3">
<fid>46404-11934-s-641</fid>
<lfSpanFr gml:id="K3_4640411934_3-1">
<gml:timePosition>2019-06-04</gml:timePosition>
</lfSpanFr>
<devDate gml:id="K3_4640411934_3-2">
<gml:timePosition>2019-06-26</gml:timePosition>
</devDate>
<orgGILvl>25000</orgGILvl>
<loc>
<gml:Curve gml:id="K3_4640411934_3-g" srsName="fguuid:jgd2011.bl">
<gml:segments>
<gml:LineStringSegment>
<gml:posList>
33.153342778 128.900165833
33.153448944 128.900000000
</gml:posList>
</gml:LineStringSegment>
</gml:segments>
</gml:Curve>
</loc>
<type>一般等高線</type>
<alti>20</alti>
</Cntr>
<Cntr gml:id="K3_4640411934_4">
<fid>46404-11934-s-642</fid>
<lfSpanFr gml:id="K3_4640411934_4-1">
<gml:timePosition>2019-06-04</gml:timePosition>
</lfSpanFr>
<devDate gml:id="K3_4640411934_4-2">
<gml:timePosition>2019-06-26</gml:timePosition>
</devDate>
<orgGILvl>25000</orgGILvl>
<loc>
<gml:Curve gml:id="K3_4640411934_4-g" srsName="fguuid:jgd2011.bl">
<gml:segments>
<gml:LineStringSegment>
<gml:posList>
33.153736694 128.900000000
33.153748889 128.900072222
33.153782500 128.900165833
33.153833333 128.900259722
33.153895278 128.900320000
33.153935000 128.900320000
33.153974444 128.900306667
33.154188611 128.900192778
33.154273333 128.900192778
33.154329167 128.900219444
33.154419722 128.900313333
</gml:posList>
</gml:LineStringSegment>
</gml:segments>
</gml:Curve>
</loc>
<type>一般等高線</type>
<alti>20</alti>
</Cntr>
<Cntr gml:id="K3_4640411934_5">
<fid>46404-11934-s-643</fid>
<lfSpanFr gml:id="K3_4640411934_5-1">
<gml:timePosition>2019-06-04</gml:timePosition>
</lfSpanFr>
<devDate gml:id="K3_4640411934_5-2">
<gml:timePosition>2019-06-26</gml:timePosition>
</devDate>
<orgGILvl>25000</orgGILvl>
<loc>
<gml:Curve gml:id="K3_4640411934_5-g" srsName="fguuid:jgd2011.bl">
<gml:segments>
<gml:LineStringSegment>
<gml:posList>
33.154611111 128.900233056
33.154482778 128.900450556
33.154374722 128.900624444
33.154378889 128.900745278
33.154461667 128.900830833
33.154743333 128.900933333
33.155047500 128.901042778
33.155124722 128.901123889
</gml:posList>
</gml:LineStringSegment>
</gml:segments>
</gml:Curve>
</loc>
<type>一般等高線</type>
<alti>10</alti>
</Cntr>
<Cntr gml:id="K3_4640411934_6">
<fid>46404-11934-s-644</fid>
<lfSpanFr gml:id="K3_4640411934_6-1">
<gml:timePosition>2019-06-04</gml:timePosition>
</lfSpanFr>
<devDate gml:id="K3_4640411934_6-2">
<gml:timePosition>2019-06-26</gml:timePosition>
</devDate>
<orgGILvl>25000</orgGILvl>
<loc>
<gml:Curve gml:id="K3_4640411934_6-g" srsName="fguuid:jgd2011.bl">
<gml:segments>
<gml:LineStringSegment>
<gml:posList>
33.154419722 128.900313333
33.154438889 128.900433056
33.154332500 128.900644444
33.154336667 128.900780556
33.154436111 128.900888611
33.154566389 128.900956389
</gml:posList>
</gml:LineStringSegment>
</gml:segments>
</gml:Curve>
</loc>
<type>一般等高線</type>
<alti>20</alti>
</Cntr>
<Cntr gml:id="K3_4640411934_7">
<fid>46404-11934-s-645</fid>
<lfSpanFr gml:id="K3_4640411934_7-1">
<gml:timePosition>2019-06-04</gml:timePosition>
</lfSpanFr>
<devDate gml:id="K3_4640411934_7-2">
<gml:timePosition>2019-06-26</gml:timePosition>
</devDate>
<orgGILvl>25000</orgGILvl>
<loc>
<gml:Curve gml:id="K3_4640411934_7-g" srsName="fguuid:jgd2011.bl">
<gml:segments>
<gml:LineStringSegment>
<gml:posList>
33.154250556 128.900735556
33.154283333 128.900778056
33.154318333 128.900842778
</gml:posList>
</gml:LineStringSegment>
</gml:segments>
</gml:Curve>
</loc>
<type>一般等高線</type>
<alti>30</alti>
</Cntr>
<Cntr gml:id="K3_4640411934_8">
<fid>46404-11934-s-646</fid>
<lfSpanFr gml:id="K3_4640411934_8-1">
<gml:timePosition>2019-06-04</gml:timePosition>
</lfSpanFr>
<devDate gml:id="K3_4640411934_8-2">
<gml:timePosition>2019-06-26</gml:timePosition>
</devDate>
<orgGILvl>25000</orgGILvl>
<loc>
<gml:Curve gml:id="K3_4640411934_8-g" srsName="fguuid:jgd2011.bl">
<gml:segments>
<gml:LineStringSegment>
<gml:posList>
33.153275278 128.900748889
33.153393611 128.900608333
33.153528889 128.900534444
33.153664167 128.900507778
33.153838889 128.900514444
33.153968611 128.900548056
33.154092778 128.900608333
33.154250556 128.900735556
</gml:posList>
</gml:LineStringSegment>
</gml:segments>
</gml:Curve>
</loc>
<type>一般等高線</type>
<alti>30</alti>
</Cntr>
<Cntr gml:id="K3_4640411934_9">
<fid>46404-11934-s-647</fid>
<lfSpanFr gml:id="K3_4640411934_9-1">
<gml:timePosition>2019-06-04</gml:timePosition>
</lfSpanFr>
<devDate gml:id="K3_4640411934_9-2">
<gml:timePosition>2019-06-26</gml:timePosition>
</devDate>
<orgGILvl>25000</orgGILvl>
<loc>
<gml:Curve gml:id="K3_4640411934_9-g" srsName="fguuid:jgd2011.bl">
<gml:segments>
<gml:LineStringSegment>
<gml:posList>
33.154318333 128.900842778
33.154385833 128.901050278
33.154385833 128.901385278
33.154408611 128.901546111
33.154419722 128.901573056
33.154481944 128.901686944
33.154555000 128.901760556
33.154622778 128.901787500
33.154808889 128.901780833
33.154831389 128.901794167
33.154859722 128.901827778
33.154870833 128.901935000
33.154893333 128.902008611
33.154972500 128.902129167
33.154983611 128.902196389
</gml:posList>
</gml:LineStringSegment>
</gml:segments>
</gml:Curve>
</loc>
<type>一般等高線</type>
<alti>30</alti>
</Cntr>
<Cntr gml:id="K3_4640411934_10">
<fid>46404-11934-s-648</fid>
<lfSpanFr gml:id="K3_4640411934_10-1">
<gml:timePosition>2019-06-04</gml:timePosition>
</lfSpanFr>
<devDate gml:id="K3_4640411934_10-2">
<gml:timePosition>2019-06-26</gml:timePosition>
</devDate>
<orgGILvl>25000</orgGILvl>
<loc>
<gml:Curve gml:id="K3_4640411934_10-g" srsName="fguuid:jgd2011.bl">
<gml:segments>
<gml:LineStringSegment>
<gml:posList>
33.154566389 128.900956389
33.154634167 128.901144167
33.154656667 128.901331667
33.154684722 128.901365278
33.154730000 128.901398889
33.154933056 128.901492500
33.155028889 128.901586389
33.155147222 128.901733889
33.155209167 128.901854444
33.155226111 128.901975000
</gml:posList>
</gml:LineStringSegment>
</gml:segments>
</gml:Curve>
</loc>
<type>一般等高線</type>
<alti>20</alti>
</Cntr>
<Cntr gml:id="K3_4640411934_11">
<fid>46404-11934-s-649</fid>
<lfSpanFr gml:id="K3_4640411934_11-1">
<gml:timePosition>2019-06-04</gml:timePosition>
</lfSpanFr>
<devDate gml:id="K3_4640411934_11-2">
<gml:timePosition>2019-06-26</gml:timePosition>
</devDate>
<orgGILvl>25000</orgGILvl>
<loc>
<gml:Curve gml:id="K3_4640411934_11-g" srsName="fguuid:jgd2011.bl">
<gml:segments>
<gml:LineStringSegment>
<gml:posList>
33.155124722 128.901123889
33.155214722 128.901311667
33.155417778 128.901613333
33.155457222 128.901693611
33.155485556 128.901787500
33.155479722 128.901867778
33.155423611 128.902055556
33.155400833 128.902082222
</gml:posList>
</gml:LineStringSegment>
</gml:segments>
</gml:Curve>
</loc>
<type>一般等高線</type>
<alti>10</alti>
</Cntr>
<Cntr gml:id="K3_4640411934_12">
<fid>46404-11934-s-650</fid>
<lfSpanFr gml:id="K3_4640411934_12-1">
<gml:timePosition>2019-06-04</gml:timePosition>
</lfSpanFr>
<devDate gml:id="K3_4640411934_12-2">
<gml:timePosition>2019-06-26</gml:timePosition>
</devDate>
<orgGILvl>25000</orgGILvl>
<loc>
<gml:Curve gml:id="K3_4640411934_12-g" srsName="fguuid:jgd2011.bl">
<gml:segments>
<gml:LineStringSegment>
<gml:posList>
33.153393611 128.901338611
33.153326111 128.901460000
33.153515556 128.901926667
33.153646389 128.902389444
33.153743056 128.902802500
33.153896389 128.903081389
33.153993056 128.903231111
33.154028611 128.903239444
33.154053333 128.903215000
</gml:posList>
</gml:LineStringSegment>
</gml:segments>
</gml:Curve>
</loc>
<type>一般等高線</type>
<alti>40</alti>
</Cntr>
<Cntr gml:id="K3_4640411934_13">
<fid>46404-11934-s-651</fid>
<lfSpanFr gml:id="K3_4640411934_13-1">
<gml:timePosition>2019-06-04</gml:timePosition>
</lfSpanFr>
<devDate gml:id="K3_4640411934_13-2">
<gml:timePosition>2019-06-26</gml:timePosition>
</devDate>
<orgGILvl>25000</orgGILvl>
<loc>
<gml:Curve gml:id="K3_4640411934_13-g" srsName="fguuid:jgd2011.bl">
<gml:segments>
<gml:LineStringSegment>
<gml:posList>
33.155226111 128.901975000
33.155082778 128.902303333
33.154937778 128.902665278
33.154789167 128.903043889
33.154656667 128.903107778
</gml:posList>
</gml:LineStringSegment>
</gml:segments>
</gml:Curve>
</loc>
<type>一般等高線</type>
<alti>20</alti>
</Cntr>
<Cntr gml:id="K3_4640411934_14">
<fid>46404-11934-s-652</fid>
<lfSpanFr gml:id="K3_4640411934_14-1">
<gml:timePosition>2019-06-04</gml:timePosition>
</lfSpanFr>
<devDate gml:id="K3_4640411934_14-2">
<gml:timePosition>2019-06-26</gml:timePosition>
</devDate>
<orgGILvl>25000</orgGILvl>
<loc>
<gml:Curve gml:id="K3_4640411934_14-g" srsName="fguuid:jgd2011.bl">
<gml:segments>
<gml:LineStringSegment>
<gml:posList>
33.155400833 128.902082222
33.155181944 128.902235833
33.155043889 128.902509444
33.154835278 128.903081667
33.154656667 128.903228333
</gml:posList>
</gml:LineStringSegment>
</gml:segments>
</gml:Curve>
</loc>
<type>一般等高線</type>
<alti>10</alti>
</Cntr>
<Cntr gml:id="K3_4640411934_15">
<fid>46404-11934-s-653</fid>
<lfSpanFr gml:id="K3_4640411934_15-1">
<gml:timePosition>2019-06-04</gml:timePosition>
</lfSpanFr>
<devDate gml:id="K3_4640411934_15-2">
<gml:timePosition>2019-06-26</gml:timePosition>
</devDate>
<orgGILvl>25000</orgGILvl>
<loc>
<gml:Curve gml:id="K3_4640411934_15-g" srsName="fguuid:jgd2011.bl">
<gml:segments>
<gml:LineStringSegment>
<gml:posList>
33.154983611 128.902196389
33.154990833 128.902320000
33.154948333 128.902437778
33.154904722 128.902504444
</gml:posList>
</gml:LineStringSegment>
</gml:segments>
</gml:Curve>
</loc>
<type>一般等高線</type>
<alti>30</alti>
</Cntr>
<Cntr gml:id="K3_4640411934_16">
<fid>46404-11934-s-654</fid>
<lfSpanFr gml:id="K3_4640411934_16-1">
<gml:timePosition>2019-06-04</gml:timePosition>
</lfSpanFr>
<devDate gml:id="K3_4640411934_16-2">
<gml:timePosition>2019-06-26</gml:timePosition>
</devDate>
<orgGILvl>25000</orgGILvl>
<loc>
<gml:Curve gml:id="K3_4640411934_16-g" srsName="fguuid:jgd2011.bl">
<gml:segments>
<gml:LineStringSegment>
<gml:posList>
33.154904722 128.902504444
33.154639722 128.902551389
33.154588889 128.902585000
33.154555000 128.902625278
33.154515556 128.902705556
33.154465000 128.902893333
33.154436667 128.903067500
33.154408611 128.903141111
33.154340833 128.903215000
33.154177222 128.903328889
</gml:posList>
</gml:LineStringSegment>
</gml:segments>
</gml:Curve>
</loc>
<type>一般等高線</type>
<alti>30</alti>
</Cntr>
<Cntr gml:id="K3_4640411934_17">
<fid>46404-11934-s-655</fid>
<lfSpanFr gml:id="K3_4640411934_17-1">
<gml:timePosition>2019-06-04</gml:timePosition>
</lfSpanFr>
<devDate gml:id="K3_4640411934_17-2">
<gml:timePosition>2019-06-26</gml:timePosition>
</devDate>
<orgGILvl>25000</orgGILvl>
<loc>
<gml:Curve gml:id="K3_4640411934_17-g" srsName="fguuid:jgd2011.bl">
<gml:segments>
<gml:LineStringSegment>
<gml:posList>
33.154656667 128.903107778
33.154622778 128.903114444
33.154470556 128.903221667
33.154278889 128.903395833
33.154211111 128.903469722
33.154149167 128.903563333
33.154143611 128.903563333
33.154098333 128.903476389
</gml:posList>
</gml:LineStringSegment>
</gml:segments>
</gml:Curve>
</loc>
<type>一般等高線</type>
<alti>20</alti>
</Cntr>
<Cntr gml:id="K3_4640411934_18">
<fid>46404-11934-s-656</fid>
<lfSpanFr gml:id="K3_4640411934_18-1">
<gml:timePosition>2019-06-04</gml:timePosition>
</lfSpanFr>
<devDate gml:id="K3_4640411934_18-2">
<gml:timePosition>2019-06-26</gml:timePosition>
</devDate>
<orgGILvl>25000</orgGILvl>
<loc>
<gml:Curve gml:id="K3_4640411934_18-g" srsName="fguuid:jgd2011.bl">
<gml:segments>
<gml:LineStringSegment>
<gml:posList>
33.154053333 128.903215000
33.154041944 128.902940278
33.154053333 128.902859722
33.154256389 128.902444167
33.154278889 128.902343611
33.154278889 128.902223056
33.154239444 128.902075556
33.154132222 128.901827778
33.154104167 128.901720556
33.154092778 128.901626667
33.154120833 128.901197778
33.154104167 128.901124167
33.154064444 128.901050556
33.154013889 128.901010278
33.153850278 128.900970278
33.153709444 128.900950000
33.153602222 128.900956667
33.153511944 128.900970278
33.153478056 128.900990278
33.153461111 128.901010278
33.153433056 128.901084167
33.153421667 128.901311944
33.153393611 128.901338611
</gml:posList>
</gml:LineStringSegment>
</gml:segments>
</gml:Curve>
</loc>
<type>一般等高線</type>
<alti>40</alti>
</Cntr>
<Cntr gml:id="K3_4640411934_19">
<fid>46404-11934-s-657</fid>
<lfSpanFr gml:id="K3_4640411934_19-1">
<gml:timePosition>2019-06-04</gml:timePosition>
</lfSpanFr>
<devDate gml:id="K3_4640411934_19-2">
<gml:timePosition>2019-06-26</gml:timePosition>
</devDate>
<orgGILvl>25000</orgGILvl>
<loc>
<gml:Curve gml:id="K3_4640411934_19-g" srsName="fguuid:jgd2011.bl">
<gml:segments>
<gml:LineStringSegment>
<gml:posList>
33.154656667 128.903228333
33.154571944 128.903328889
33.154391667 128.903476389
33.154194167 128.903690833
</gml:posList>
</gml:LineStringSegment>
</gml:segments>
</gml:Curve>
</loc>
<type>一般等高線</type>
<alti>10</alti>
</Cntr>
<Cntr gml:id="K3_4640411934_20">
<fid>46404-11934-s-658</fid>
<lfSpanFr gml:id="K3_4640411934_20-1">
<gml:timePosition>2019-06-04</gml:timePosition>
</lfSpanFr>
<devDate gml:id="K3_4640411934_20-2">
<gml:timePosition>2019-06-26</gml:timePosition>
</devDate>
<orgGILvl>25000</orgGILvl>
<loc>
<gml:Curve gml:id="K3_4640411934_20-g" srsName="fguuid:jgd2011.bl">
<gml:segments>
<gml:LineStringSegment>
<gml:posList>
33.154177222 128.903328889
33.154106389 128.903340556
33.154031944 128.903306944
33.153858333 128.903093889
33.153713333 128.902829167
33.153644722 128.902561667
33.153474167 128.901944167
33.153291111 128.901463889
33.153250000 128.900938056
33.153275278 128.900748889
</gml:posList>
</gml:LineStringSegment>
</gml:segments>
</gml:Curve>
</loc>
<type>一般等高線</type>
<alti>30</alti>
</Cntr>
<Cntr gml:id="K3_4640411934_21">
<fid>46404-11934-s-659</fid>
<lfSpanFr gml:id="K3_4640411934_21-1">
<gml:timePosition>2019-06-04</gml:timePosition>
</lfSpanFr>
<devDate gml:id="K3_4640411934_21-2">
<gml:timePosition>2019-06-26</gml:timePosition>
</devDate>
<orgGILvl>25000</orgGILvl>
<loc>
<gml:Curve gml:id="K3_4640411934_21-g" srsName="fguuid:jgd2011.bl">
<gml:segments>
<gml:LineStringSegment>
<gml:posList>
33.154098333 128.903476389
33.154028611 128.903368056
33.153826667 128.903116667
33.153684722 128.902850556
33.153622500 128.902591944
33.153443611 128.901961944
33.153260556 128.901471389
33.153211111 128.900990556
33.153158056 128.900632778
33.153211111 128.900325556
33.153342778 128.900165833
</gml:posList>
</gml:LineStringSegment>
</gml:segments>
</gml:Curve>
</loc>
<type>一般等高線</type>
<alti>20</alti>
</Cntr>
<Cntr gml:id="K3_4640411934_22">
<fid>46404-11934-s-660</fid>
<lfSpanFr gml:id="K3_4640411934_22-1">
<gml:timePosition>2019-06-04</gml:timePosition>
</lfSpanFr>
<devDate gml:id="K3_4640411934_22-2">
<gml:timePosition>2019-06-26</gml:timePosition>
</devDate>
<orgGILvl>25000</orgGILvl>
<loc>
<gml:Curve gml:id="K3_4640411934_22-g" srsName="fguuid:jgd2011.bl">
<gml:segments>
<gml:LineStringSegment>
<gml:posList>
33.154036389 128.903516389
33.154025000 128.903456389
33.153793889 128.903150556
33.153651944 128.902858056
33.153586389 128.902609444
33.153410833 128.901978333
33.153235000 128.901472500
33.153172222 128.901011667
33.153098056 128.900658056
33.153140278 128.900313056
33.153224444 128.900038611
</gml:posList>
</gml:LineStringSegment>
</gml:segments>
</gml:Curve>
</loc>
<type>一般等高線</type>
<alti>10</alti>
</Cntr>
<Cntr gml:id="K3_4640411934_23">
<fid>46404-11934-s-661</fid>
<lfSpanFr gml:id="K3_4640411934_23-1">
<gml:timePosition>2019-06-04</gml:timePosition>
</lfSpanFr>
<devDate gml:id="K3_4640411934_23-2">
<gml:timePosition>2019-06-26</gml:timePosition>
</devDate>
<orgGILvl>25000</orgGILvl>
<loc>
<gml:Curve gml:id="K3_4640411934_23-g" srsName="fguuid:jgd2011.bl">
<gml:segments>
<gml:LineStringSegment>
<gml:posList>
33.154030833 128.903684167
33.154036389 128.903516389
</gml:posList>
</gml:LineStringSegment>
</gml:segments>
</gml:Curve>
</loc>
<type>一般等高線</type>
<alti>10</alti>
</Cntr>
<Cntr gml:id="K3_4640411934_24">
<fid>46404-11934-s-662</fid>
<lfSpanFr gml:id="K3_4640411934_24-1">
<gml:timePosition>2019-06-04</gml:timePosition>
</lfSpanFr>
<devDate gml:id="K3_4640411934_24-2">
<gml:timePosition>2019-06-26</gml:timePosition>
</devDate>
<orgGILvl>25000</orgGILvl>
<loc>
<gml:Curve gml:id="K3_4640411934_24-g" srsName="fguuid:jgd2011.bl">
<gml:segments>
<gml:LineStringSegment>
<gml:posList>
33.154194167 128.903690833
33.154147222 128.903754722
33.154063611 128.903766111
33.154037222 128.903731944
33.154030833 128.903684167
</gml:posList>
</gml:LineStringSegment>
</gml:segments>
</gml:Curve>
</loc>
<type>一般等高線</type>
<alti>10</alti>
</Cntr>
<Cntr gml:id="K3_4640411934_25">
<fid>46404-11934-s-918</fid>
<lfSpanFr gml:id="K3_4640411934_25-1">
<gml:timePosition>2019-06-04</gml:timePosition>
</lfSpanFr>
<devDate gml:id="K3_4640411934_25-2">
<gml:timePosition>2019-06-26</gml:timePosition>
</devDate>
<orgGILvl>25000</orgGILvl>
<loc>
<gml:Curve gml:id="K3_4640411934_25-g" srsName="fguuid:jgd2011.bl">
<gml:segments>
<gml:LineStringSegment>
<gml:posList>
33.153985556 128.902089167
33.153985556 128.902162778
33.153957500 128.902283333
33.153895278 128.902410833
33.153844722 128.902471111
33.153816389 128.902471111
33.153799444 128.902444167
33.153793889 128.902336944
33.153726111 128.902048889
33.153528889 128.901673611
33.153478056 128.901553056
33.153461111 128.901466111
33.153466944 128.901405833
33.153495000 128.901378889
33.153545833 128.901358889
33.153720556 128.901352222
33.153827778 128.901365556
33.153901111 128.901405556
33.153935000 128.901438889
33.153946111 128.901506111
33.153895278 128.901640000
33.153889722 128.901720556
33.153901111 128.901794167
33.153957500 128.901941667
33.153985556 128.902089167
</gml:posList>
</gml:LineStringSegment>
</gml:segments>
</gml:Curve>
</loc>
<type>一般等高線</type>
<alti>50</alti>
</Cntr>
<Cntr gml:id="K3_4640411937_1">
<fid>46404-11937-s-168</fid>
<lfSpanFr gml:id="K3_4640411937_1-1">
<gml:timePosition>2019-06-04</gml:timePosition>
</lfSpanFr>
<devDate gml:id="K3_4640411937_1-2">
<gml:timePosition>2019-06-26</gml:timePosition>
</devDate>
<orgGILvl>25000</orgGILvl>
<loc>
<gml:Curve gml:id="K3_4640411937_1-g" srsName="fguuid:jgd2011.bl">
<gml:segments>
<gml:LineStringSegment>
<gml:posList>
33.166666667 128.902933917
33.166502222 128.903267500
33.166487778 128.903429722
33.166578333 128.903728611
33.166666667 128.903862944
</gml:posList>
</gml:LineStringSegment>
</gml:segments>
</gml:Curve>
</loc>
<type>一般等高線</type>
<alti>20</alti>
</Cntr>
<Cntr gml:id="K3_4640411937_2">
<fid>46404-11937-s-169</fid>
<lfSpanFr gml:id="K3_4640411937_2-1">
<gml:timePosition>2019-06-04</gml:timePosition>
</lfSpanFr>
<devDate gml:id="K3_4640411937_2-2">
<gml:timePosition>2019-06-26</gml:timePosition>
</devDate>
<orgGILvl>25000</orgGILvl>
<loc>
<gml:Curve gml:id="K3_4640411937_2-g" srsName="fguuid:jgd2011.bl">
<gml:segments>
<gml:LineStringSegment>
<gml:posList>
33.166666667 128.903104056
33.166661111 128.903116667
33.166655000 128.903255000
</gml:posList>
</gml:LineStringSegment>
</gml:segments>
</gml:Curve>
</loc>
<type>一般等高線</type>
<alti>30</alti>
</Cntr>
<Cntr gml:id="K3_4640411937_3">
<fid>46404-11937-s-170</fid>
<lfSpanFr gml:id="K3_4640411937_3-1">
<gml:timePosition>2019-06-04</gml:timePosition>
</lfSpanFr>
<devDate gml:id="K3_4640411937_3-2">
<gml:timePosition>2019-06-26</gml:timePosition>
</devDate>
<orgGILvl>25000</orgGILvl>
<loc>
<gml:Curve gml:id="K3_4640411937_3-g" srsName="fguuid:jgd2011.bl">
<gml:segments>
<gml:LineStringSegment>
<gml:posList>
33.166666667 128.903988000
33.166630278 128.903976111
33.166504444 128.903795556
33.166387778 128.903434722
33.166422222 128.903268889
33.166666667 128.902813056
</gml:posList>
</gml:LineStringSegment>
</gml:segments>
</gml:Curve>
</loc>
<type>一般等高線</type>
<alti>10</alti>
</Cntr>
<Cntr gml:id="K3_4640411937_4">
<fid>46404-11937-s-171</fid>
<lfSpanFr gml:id="K3_4640411937_4-1">
<gml:timePosition>2019-06-04</gml:timePosition>
</lfSpanFr>
<devDate gml:id="K3_4640411937_4-2">
<gml:timePosition>2019-06-26</gml:timePosition>
</devDate>
<orgGILvl>25000</orgGILvl>
<loc>
<gml:Curve gml:id="K3_4640411937_4-g" srsName="fguuid:jgd2011.bl">
<gml:segments>
<gml:LineStringSegment>
<gml:posList>
33.166655000 128.903255000
33.166626944 128.903509444
33.166643889 128.903583333
</gml:posList>
</gml:LineStringSegment>
</gml:segments>
</gml:Curve>
</loc>
<type>一般等高線</type>
<alti>30</alti>
</Cntr>
<Cntr gml:id="K3_4640411937_5">
<fid>46404-11937-s-172</fid>
<lfSpanFr gml:id="K3_4640411937_5-1">
<gml:timePosition>2019-06-04</gml:timePosition>
</lfSpanFr>
<devDate gml:id="K3_4640411937_5-2">
<gml:timePosition>2019-06-26</gml:timePosition>
</devDate>
<orgGILvl>25000</orgGILvl>
<loc>
<gml:Curve gml:id="K3_4640411937_5-g" srsName="fguuid:jgd2011.bl">
<gml:segments>
<gml:LineStringSegment>
<gml:posList>
33.166643889 128.903583333
33.166666667 128.903724111
</gml:posList>
</gml:LineStringSegment>
</gml:segments>
</gml:Curve>
</loc>
<type>一般等高線</type>
<alti>30</alti>
</Cntr>
<Cntr gml:id="K3_4643711937_1">
<fid>46437-11937-s-455</fid>
<lfSpanFr gml:id="K3_4643711937_1-1">
<gml:timePosition>2019-06-04</gml:timePosition>
</lfSpanFr>
<devDate gml:id="K3_4643711937_1-2">
<gml:timePosition>2019-06-26</gml:timePosition>
</devDate>
<orgGILvl>25000</orgGILvl>
<loc>
<gml:Curve gml:id="K3_4643711937_1-g" srsName="fguuid:jgd2011.bl">
<gml:segments>
<gml:LineStringSegment>
<gml:posList>
33.165484167 128.993013889
33.165506667 128.993148056
33.165551944 128.993201667
33.165591389 128.993221667
33.165692778 128.993248611
33.165726667 128.993235278
</gml:posList>
</gml:LineStringSegment>
</gml:segments>
</gml:Curve>
</loc>
<type>一般等高線</type>
<alti>30</alti>
</Cntr>
<Cntr gml:id="K3_4643711937_2">
<fid>46437-11937-s-456</fid>
<lfSpanFr gml:id="K3_4643711937_2-1">
<gml:timePosition>2019-06-04</gml:timePosition>
</lfSpanFr>
<devDate gml:id="K3_4643711937_2-2">
<gml:timePosition>2019-06-26</gml:timePosition>
</devDate>
<orgGILvl>25000</orgGILvl>
<loc>
<gml:Curve gml:id="K3_4643711937_2-g" srsName="fguuid:jgd2011.bl">
<gml:segments>
<gml:LineStringSegment>
<gml:posList>
33.165726667 128.993235278
33.165934167 128.993215278
33.166064722 128.993294722
33.166156944 128.993461389
33.166311667 128.993809167
33.166467222 128.993912500
33.166623611 128.993882778
33.166666667 128.993857278
</gml:posList>
</gml:LineStringSegment>
</gml:segments>
</gml:Curve>
</loc>
<type>一般等高線</type>
<alti>30</alti>
</Cntr>
<Cntr gml:id="K3_4643711937_3">
<fid>46437-11937-s-457</fid>
<lfSpanFr gml:id="K3_4643711937_3-1">
<gml:timePosition>2019-06-04</gml:timePosition>
</lfSpanFr>
<devDate gml:id="K3_4643711937_3-2">
<gml:timePosition>2019-06-26</gml:timePosition>
</devDate>
<orgGILvl>25000</orgGILvl>
<loc>
<gml:Curve gml:id="K3_4643711937_3-g" srsName="fguuid:jgd2011.bl">
<gml:segments>
<gml:LineStringSegment>
<gml:posList>
33.166666667 128.994184306
33.166646667 128.994196944
33.166232778 128.994196389
33.165991667 128.994320278
33.165648056 128.994634444
33.165530833 128.994603056
33.165403889 128.994443889
33.165403889 128.994210833
33.165388611 128.993685278
33.165416389 128.993489722
</gml:posList>
</gml:LineStringSegment>
</gml:segments>
</gml:Curve>
</loc>
<type>一般等高線</type>
<alti>30</alti>
</Cntr>
<Cntr gml:id="K3_4643711937_4">
<fid>46437-11937-s-458</fid>
<lfSpanFr gml:id="K3_4643711937_4-1">
<gml:timePosition>2019-06-04</gml:timePosition>
</lfSpanFr>
<devDate gml:id="K3_4643711937_4-2">
<gml:timePosition>2019-06-26</gml:timePosition>
</devDate>
<orgGILvl>25000</orgGILvl>
<loc>
<gml:Curve gml:id="K3_4643711937_4-g" srsName="fguuid:jgd2011.bl">
<gml:segments>
<gml:LineStringSegment>
<gml:posList>
33.165783056 128.993288889
33.165574444 128.993396111
33.165540556 128.993436111
33.165495556 128.993556944
33.165472778 128.993563611
</gml:posList>
</gml:LineStringSegment>
</gml:segments>
</gml:Curve>
</loc>
<type>一般等高線</type>
<alti>40</alti>
</Cntr>
<Cntr gml:id="K3_4643711937_5">
<fid>46437-11937-s-459</fid>
<lfSpanFr gml:id="K3_4643711937_5-1">
<gml:timePosition>2019-06-04</gml:timePosition>
</lfSpanFr>
<devDate gml:id="K3_4643711937_5-2">
<gml:timePosition>2019-06-26</gml:timePosition>
</devDate>
<orgGILvl>25000</orgGILvl>
<loc>
<gml:Curve gml:id="K3_4643711937_5-g" srsName="fguuid:jgd2011.bl">
<gml:segments>
<gml:LineStringSegment>
<gml:posList>
33.165348889 128.993355833
33.165197500 128.993293611
33.165173611 128.993044444
33.165232222 128.992920000
33.165352222 128.992881667
33.165446389 128.992951944
33.165484167 128.993013889
</gml:posList>
</gml:LineStringSegment>
</gml:segments>
</gml:Curve>
</loc>
<type>一般等高線</type>
<alti>30</alti>
</Cntr>
<Cntr gml:id="K3_4643711937_6">
<fid>46437-11937-s-460</fid>
<lfSpanFr gml:id="K3_4643711937_6-1">
<gml:timePosition>2019-06-04</gml:timePosition>
</lfSpanFr>
<devDate gml:id="K3_4643711937_6-2">
<gml:timePosition>2019-06-26</gml:timePosition>
</devDate>
<orgGILvl>25000</orgGILvl>
<loc>
<gml:Curve gml:id="K3_4643711937_6-g" srsName="fguuid:jgd2011.bl">
<gml:segments>
<gml:LineStringSegment>
<gml:posList>
33.165416389 128.993489722
33.165427778 128.993469722
33.165382778 128.993375833
33.165348889 128.993355833
</gml:posList>
</gml:LineStringSegment>
</gml:segments>
</gml:Curve>
</loc>
<type>一般等高線</type>
<alti>30</alti>
</Cntr>
<Cntr gml:id="K3_4643711937_7">
<fid>46437-11937-s-461</fid>
<lfSpanFr gml:id="K3_4643711937_7-1">
<gml:timePosition>2019-06-04</gml:timePosition>
</lfSpanFr>
<devDate gml:id="K3_4643711937_7-2">
<gml:timePosition>2019-06-26</gml:timePosition>
</devDate>
<orgGILvl>25000</orgGILvl>
<loc>
<gml:Curve gml:id="K3_4643711937_7-g" srsName="fguuid:jgd2011.bl">
<gml:segments>
<gml:LineStringSegment>
<gml:posList>
33.165472778 128.993563611
33.165450000 128.993603056
33.165434722 128.993690000
33.165442500 128.994215278
33.165435833 128.994436389
33.165547222 128.994572222
33.165636389 128.994580833
33.165982222 128.994282778
33.166240556 128.994147222
33.166637222 128.994146667
33.166666667 128.994129417
</gml:posList>
</gml:LineStringSegment>
</gml:segments>
</gml:Curve>
</loc>
<type>一般等高線</type>
<alti>40</alti>
</Cntr>
<Cntr gml:id="K3_4643711937_8">
<fid>46437-11937-s-462</fid>
<lfSpanFr gml:id="K3_4643711937_8-1">
<gml:timePosition>2019-06-04</gml:timePosition>
</lfSpanFr>
<devDate gml:id="K3_4643711937_8-2">
<gml:timePosition>2019-06-26</gml:timePosition>
</devDate>
<orgGILvl>25000</orgGILvl>
<loc>
<gml:Curve gml:id="K3_4643711937_8-g" srsName="fguuid:jgd2011.bl">
<gml:segments>
<gml:LineStringSegment>
<gml:posList>
33.166666667 128.993899306
33.166629444 128.993922778
33.166457500 128.993943333
33.166285556 128.993818333
33.166130000 128.993472778
33.166043611 128.993324444
33.165922500 128.993258056
33.165783056 128.993288889
</gml:posList>
</gml:LineStringSegment>
</gml:segments>
</gml:Curve>
</loc>
<type>一般等高線</type>
<alti>40</alti>
</Cntr>
<Cntr gml:id="K3_4643711937_9">
<fid>46437-11937-s-463</fid>
<lfSpanFr gml:id="K3_4643711937_9-1">
<gml:timePosition>2019-06-04</gml:timePosition>
</lfSpanFr>
<devDate gml:id="K3_4643711937_9-2">
<gml:timePosition>2019-06-26</gml:timePosition>
</devDate>
<orgGILvl>25000</orgGILvl>
<loc>
<gml:Curve gml:id="K3_4643711937_9-g" srsName="fguuid:jgd2011.bl">
<gml:segments>
<gml:LineStringSegment>
<gml:posList>
33.165695556 128.994446667
33.165634444 128.994491667
33.165608333 128.994481667
</gml:posList>
</gml:LineStringSegment>
</gml:segments>
</gml:Curve>
</loc>
<type>一般等高線</type>
<alti>50</alti>
</Cntr>
<Cntr gml:id="K3_4643711937_10">
<fid>46437-11937-s-464</fid>
<lfSpanFr gml:id="K3_4643711937_10-1">
<gml:timePosition>2019-06-04</gml:timePosition>
</lfSpanFr>
<devDate gml:id="K3_4643711937_10-2">
<gml:timePosition>2019-06-26</gml:timePosition>
</devDate>
<orgGILvl>25000</orgGILvl>
<loc>
<gml:Curve gml:id="K3_4643711937_10-g" srsName="fguuid:jgd2011.bl">
<gml:segments>
<gml:LineStringSegment>
<gml:posList>
33.165608333 128.994481667
33.165574444 128.994441389
33.165557500 128.994387778
33.165524444 128.994095556
33.165555000 128.993761111
33.165596944 128.993590278
33.165630833 128.993550278
33.165664722 128.993530000
33.165805556 128.993489722
33.165940833 128.993396111
33.165986111 128.993396111
33.166053611 128.993650556
33.166149444 128.993871944
33.166155278 128.993952222
33.166132500 128.994005833
33.165884444 128.994224444
33.165753333 128.994394167
33.165695556 128.994446667
</gml:posList>
</gml:LineStringSegment>
</gml:segments>
</gml:Curve>
</loc>
<type>一般等高線</type>
<alti>50</alti>
</Cntr>
<Cntr gml:id="K3_4643711937_11">
<fid>46437-11937-s-653</fid>
<lfSpanFr gml:id="K3_4643711937_11-1">
<gml:timePosition>2019-06-04</gml:timePosition>
</lfSpanFr>
<devDate gml:id="K3_4643711937_11-2">
<gml:timePosition>2019-06-26</gml:timePosition>
</devDate>
<orgGILvl>25000</orgGILvl>
<loc>
<gml:Curve gml:id="K3_4643711937_11-g" srsName="fguuid:jgd2011.bl">
<gml:segments>
<gml:LineStringSegment>
<gml:posList>
33.166666667 128.994260722
33.166641944 128.994275833
33.166230000 128.994274167
33.166002222 128.994398056
33.165660556 128.994720278
33.165472222 128.994658056
33.165319444 128.994463056
33.165296389 128.993715000
33.165262778 128.993524722
33.165116944 128.993310556
33.165118889 128.993021667
33.165195556 128.992858333
33.165338611 128.992810278
33.165507778 128.992878889
33.165751667 128.993077500
33.165949444 128.993143333
33.166123333 128.993229444
33.166235833 128.993433889
33.166363333 128.993776111
33.166481667 128.993850833
33.166609167 128.993792778
33.166666667 128.993773750
</gml:posList>
</gml:LineStringSegment>
</gml:segments>
</gml:Curve>
</loc>
<type>一般等高線</type>
<alti>10</alti>
</Cntr>
<Cntr gml:id="K3_4643711937_12">
<fid>46437-11937-s-654</fid>
<lfSpanFr gml:id="K3_4643711937_12-1">
<gml:timePosition>2019-06-04</gml:timePosition>
</lfSpanFr>
<devDate gml:id="K3_4643711937_12-2">
<gml:timePosition>2019-06-26</gml:timePosition>
</devDate>
<orgGILvl>25000</orgGILvl>
<loc>
<gml:Curve gml:id="K3_4643711937_12-g" srsName="fguuid:jgd2011.bl">
<gml:segments>
<gml:LineStringSegment>
<gml:posList>
33.166666667 128.994221000
33.166641111 128.994235833
33.166232778 128.994234167
33.165995556 128.994352500
33.165651667 128.994684722
33.165507778 128.994637500
33.165373333 128.994459722
33.165363611 128.994235833
33.165354167 128.993676667
33.165308889 128.993495000
33.165163056 128.993299167
33.165142778 128.993036389
33.165214722 128.992889167
33.165346389 128.992846389
33.165461667 128.992915556
33.165678611 128.993105000
33.165938889 128.993180000
33.166087778 128.993263889
33.166195278 128.993450000
33.166335556 128.993795556
33.166474722 128.993885278
33.166616944 128.993843056
33.166666667 128.993817222
</gml:posList>
</gml:LineStringSegment>
</gml:segments>
</gml:Curve>
</loc>
<type>一般等高線</type>
<alti>20</alti>
</Cntr>
<Cntr gml:id="K3_4643711937_13">
<fid>46437-11937-s-655</fid>
<lfSpanFr gml:id="K3_4643711937_13-1">
<gml:timePosition>2019-06-04</gml:timePosition>
</lfSpanFr>
<devDate gml:id="K3_4643711937_13-2">
<gml:timePosition>2019-06-26</gml:timePosition>
</devDate>
<orgGILvl>25000</orgGILvl>
<loc>
<gml:Curve gml:id="K3_4643711937_13-g" srsName="fguuid:jgd2011.bl">
<gml:segments>
<gml:LineStringSegment>
<gml:posList>
33.165867500 128.994046111
33.165839444 128.994153333
33.165783056 128.994233611
33.165687222 128.994327500
33.165630833 128.994334167
33.165602500 128.994314167
33.165591389 128.994273889
33.165591389 128.994220278
33.165619444 128.994032778
33.165658889 128.993918889
33.165704167 128.993858333
33.165788611 128.993845000
33.165850833 128.993965556
33.165867500 128.994046111
</gml:posList>
</gml:LineStringSegment>
</gml:segments>
</gml:Curve>
</loc>
<type>一般等高線</type>
<alti>60</alti>
</Cntr>
</Dataset>
