<?xml version="1.0" encoding="utf-8"?>
<Dataset xsi:schemaLocation="http://fgd.gsi.go.jp/spec/2008/FGD_GMLSchema FGD_GMLSchema.xsd"
	xmlns:gml="http://www.opengis.net/gml/3.2"
	xmlns:xsi="http://www.w3.org/2001/XMLSchema-instance"
	xmlns:xlink="http://www.w3.org/1999/xlink"
	xmlns="http://fgd.gsi.go.jp/spec/2008/FGD_GMLSchema"
	gml:id="Dataset1">
  <gml:description>基盤地図情報メタデータ ID=fmdid:23-0701</gml:description>
  <gml:name>基盤地図情報ダウンロードデータ（GML版）</gml:name>
<ElevPt gml:id="K2_4629611742_1">
<fid>46296-11742-i-52</fid>
<lfSpanFr gml:id="K2_4629611742_1-1">
<gml:timePosition>2022-03-16</gml:timePosition>
</lfSpanFr>
<devDate gml:id="K2_4629611742_1-2">
<gml:timePosition>2023-06-23</gml:timePosition>
</devDate>
<orgGILvl>25000</orgGILvl>
<vis>表示</vis>
<pos>
<gml:Point gml:id="K2_4629611742_1-g" srsName="fguuid:jgd2011.bl">
<gml:pos>32.623695556 128.606772222</gml:pos>
</gml:Point>
</pos>
<type>標高点（測点）</type>
<alti>186</alti>
</ElevPt>
<ElevPt gml:id="K2_4629911736_1">
<fid>46299-11736-i-13</fid>
<lfSpanFr gml:id="K2_4629911736_1-1">
<gml:timePosition>2022-03-16</gml:timePosition>
</lfSpanFr>
<devDate gml:id="K2_4629911736_1-2">
<gml:timePosition>2023-06-23</gml:timePosition>
</devDate>
<orgGILvl>25000</orgGILvl>
<vis>表示</vis>
<pos>
<gml:Point gml:id="K2_4629911736_1-g" srsName="fguuid:jgd2011.bl">
<gml:pos>32.607969722 128.614277778</gml:pos>
</gml:Point>
</pos>
<type>標高点（測点）</type>
<alti>46</alti>
</ElevPt>
<ElevPt gml:id="K2_4629911739_1">
<fid>46299-11739-i-61</fid>
<lfSpanFr gml:id="K2_4629911739_1-1">
<gml:timePosition>2015-11-17</gml:timePosition>
</lfSpanFr>
<devDate gml:id="K2_4629911739_1-2">
<gml:timePosition>2023-06-23</gml:timePosition>
</devDate>
<orgGILvl>25000</orgGILvl>
<vis>表示</vis>
<pos>
<gml:Point gml:id="K2_4629911739_1-g" srsName="fguuid:jgd2011.bl">
<gml:pos>32.615826750 128.614366222</gml:pos>
</gml:Point>
</pos>
<type>標高点（測点）</type>
<alti>8</alti>
</ElevPt>
<ElevPt gml:id="K2_4630211742_1">
<fid>46302-11742-i-130</fid>
<lfSpanFr gml:id="K2_4630211742_1-1">
<gml:timePosition>2022-03-16</gml:timePosition>
</lfSpanFr>
<devDate gml:id="K2_4630211742_1-2">
<gml:timePosition>2023-06-23</gml:timePosition>
</devDate>
<orgGILvl>25000</orgGILvl>
<vis>表示</vis>
<pos>
<gml:Point gml:id="K2_4630211742_1-g" srsName="fguuid:jgd2011.bl">
<gml:pos>32.624998333 128.618966944</gml:pos>
</gml:Point>
</pos>
<type>標高点（測点）</type>
<alti>177</alti>
</ElevPt>
<ElevPt gml:id="K2_4630211748_1">
<fid>46302-11748-i-145</fid>
<lfSpanFr gml:id="K2_4630211748_1-1">
<gml:timePosition>2022-03-16</gml:timePosition>
</lfSpanFr>
<devDate gml:id="K2_4630211748_1-2">
<gml:timePosition>2023-06-23</gml:timePosition>
</devDate>
<orgGILvl>25000</orgGILvl>
<vis>表示</vis>
<pos>
<gml:Point gml:id="K2_4630211748_1-g" srsName="fguuid:jgd2011.bl">
<gml:pos>32.634450278 128.622036111</gml:pos>
</gml:Point>
</pos>
<type>標高点（測点）</type>
<alti>28</alti>
</ElevPt>
<ElevPt gml:id="K2_4630211754_1">
<fid>46302-11754-i-14</fid>
<lfSpanFr gml:id="K2_4630211754_1-1">
<gml:timePosition>2022-03-16</gml:timePosition>
</lfSpanFr>
<devDate gml:id="K2_4630211754_1-2">
<gml:timePosition>2023-06-23</gml:timePosition>
</devDate>
<orgGILvl>25000</orgGILvl>
<vis>表示</vis>
<pos>
<gml:Point gml:id="K2_4630211754_1-g" srsName="fguuid:jgd2011.bl">
<gml:pos>32.657637778 128.616879167</gml:pos>
</gml:Point>
</pos>
<type>標高点（測点）</type>
<alti>92</alti>
</ElevPt>
<ElevPt gml:id="K2_4630211757_1">
<fid>46302-11757-i-11</fid>
<lfSpanFr gml:id="K2_4630211757_1-1">
<gml:timePosition>2015-11-17</gml:timePosition>
</lfSpanFr>
<devDate gml:id="K2_4630211757_1-2">
<gml:timePosition>2023-06-23</gml:timePosition>
</devDate>
<orgGILvl>25000</orgGILvl>
<vis>表示</vis>
<pos>
<gml:Point gml:id="K2_4630211757_1-g" srsName="fguuid:jgd2011.bl">
<gml:pos>32.659645000 128.623444444</gml:pos>
</gml:Point>
</pos>
<type>標高点（測点）</type>
<alti>265</alti>
</ElevPt>
</Dataset>
