<?xml version="1.0" encoding="utf-8"?>
<Dataset xsi:schemaLocation="http://fgd.gsi.go.jp/spec/2008/FGD_GMLSchema FGD_GMLSchema.xsd"
	xmlns:gml="http://www.opengis.net/gml/3.2"
	xmlns:xsi="http://www.w3.org/2001/XMLSchema-instance"
	xmlns:xlink="http://www.w3.org/1999/xlink"
	xmlns="http://fgd.gsi.go.jp/spec/2008/FGD_GMLSchema"
	gml:id="Dataset1">
  <gml:description>基盤地図情報メタデータ ID=fmdid:23-0701</gml:description>
  <gml:name>基盤地図情報ダウンロードデータ（GML版）</gml:name>
<GCP gml:id="K1_482874_1">
<fid>10-00100-0-2306-91</fid>
<lfSpanFr gml:id="K1_482874_1-1">
<gml:timePosition>2023-06-19</gml:timePosition>
</lfSpanFr>
<devDate gml:id="K1_482874_1-2">
<gml:timePosition>2023-06-23</gml:timePosition>
</devDate>
<orgGILvl>KJ10</orgGILvl>
<vis>表示</vis>
<pos>
<gml:Point gml:id="K1_482874_1-g" srsName="fguuid:jgd2011.bl">
<gml:pos>32.634276083 128.619358972</gml:pos>
</gml:Point>
</pos>
<orgName>国土地理院</orgName>
<type>電子基準点</type>
<gcpClass>電子基準点</gcpClass>
<gcpCode>EL04828746901</gcpCode>
<name>玉之浦</name>
<B>117483.3939</B>
<L>463029.6923</L>
<alti>8.851</alti>
<altiAcc>3</altiAcc>
</GCP>
<GCP gml:id="K1_482874_2">
<fid>10-00100-0-2306-1394</fid>
<lfSpanFr gml:id="K1_482874_2-1">
<gml:timePosition>2023-06-19</gml:timePosition>
</lfSpanFr>
<devDate gml:id="K1_482874_2-2">
<gml:timePosition>2023-06-23</gml:timePosition>
</devDate>
<orgGILvl>KJ10</orgGILvl>
<vis>表示</vis>
<pos>
<gml:Point gml:id="K1_482874_2-g" srsName="fguuid:jgd2011.bl">
<gml:pos>32.634271028 128.619358250</gml:pos>
</gml:Point>
</pos>
<orgName>国土地理院</orgName>
<type>電子基準点</type>
<gcpClass>電子基準点</gcpClass>
<gcpCode>EL14828746902</gcpCode>
<name>玉之浦（付）</name>
<B>117483.3757</B>
<L>463029.6897</L>
<alti>3.789</alti>
<altiAcc>3</altiAcc>
</GCP>
<GCP gml:id="K1_482874_3">
<fid>10-00100-0-2306-19809</fid>
<lfSpanFr gml:id="K1_482874_3-1">
<gml:timePosition>2023-06-19</gml:timePosition>
</lfSpanFr>
<devDate gml:id="K1_482874_3-2">
<gml:timePosition>2023-06-23</gml:timePosition>
</devDate>
<orgGILvl>SJ12</orgGILvl>
<vis>表示</vis>
<pos>
<gml:Point gml:id="K1_482874_3-g" srsName="fguuid:jgd2011.bl">
<gml:pos>32.634271028 128.619358250</gml:pos>
</gml:Point>
</pos>
<orgName>国土地理院</orgName>
<type>水準点</type>
<gcpClass>二等水準点</gcpClass>
<gcpCode>L0E000960698A</gcpCode>
<name>９６０６９８Ａ</name>
<B>117483.3757</B>
<L>463029.6897</L>
<alti>3.789</alti>
<altiAcc>3</altiAcc>
</GCP>
<GCP gml:id="K1_482874_4">
<fid>10-00100-0-2306-27262</fid>
<lfSpanFr gml:id="K1_482874_4-1">
<gml:timePosition>2023-06-19</gml:timePosition>
</lfSpanFr>
<devDate gml:id="K1_482874_4-2">
<gml:timePosition>2023-06-23</gml:timePosition>
</devDate>
<orgGILvl>KJ13</orgGILvl>
<vis>表示</vis>
<pos>
<gml:Point gml:id="K1_482874_4-g" srsName="fguuid:jgd2011.bl">
<gml:pos>32.634187583 128.610827667</gml:pos>
</gml:Point>
</pos>
<orgName>国土地理院</orgName>
<type>三角点</type>
<gcpClass>三等三角点</gcpClass>
<gcpCode>TR34828746801</gcpCode>
<name>元倉</name>
<B>117483.0753</B>
<L>462998.9796</L>
<alti>162.55</alti>
<altiAcc>2</altiAcc>
</GCP>
<GCP gml:id="K1_482874_5">
<fid>10-00100-0-2306-27263</fid>
<lfSpanFr gml:id="K1_482874_5-1">
<gml:timePosition>2023-06-19</gml:timePosition>
</lfSpanFr>
<devDate gml:id="K1_482874_5-2">
<gml:timePosition>2023-06-23</gml:timePosition>
</devDate>
<orgGILvl>KJ13</orgGILvl>
<vis>表示</vis>
<pos>
<gml:Point gml:id="K1_482874_5-g" srsName="fguuid:jgd2011.bl">
<gml:pos>32.652926500 128.620632333</gml:pos>
</gml:Point>
</pos>
<orgName>国土地理院</orgName>
<type>三角点</type>
<gcpClass>三等三角点</gcpClass>
<gcpCode>TR34828748901</gcpCode>
<name>綿打</name>
<B>117550.5354</B>
<L>463034.2764</L>
<alti>235.33</alti>
<altiAcc>2</altiAcc>
</GCP>
<GCP gml:id="K1_482874_6">
<fid>10-00100-0-2306-61550</fid>
<lfSpanFr gml:id="K1_482874_6-1">
<gml:timePosition>2023-06-19</gml:timePosition>
</lfSpanFr>
<devDate gml:id="K1_482874_6-2">
<gml:timePosition>2023-06-23</gml:timePosition>
</devDate>
<orgGILvl>KJ14</orgGILvl>
<vis>表示</vis>
<pos>
<gml:Point gml:id="K1_482874_6-g" srsName="fguuid:jgd2011.bl">
<gml:pos>32.616436611 128.620549778</gml:pos>
</gml:Point>
</pos>
<orgName>国土地理院</orgName>
<type>三角点</type>
<gcpClass>四等三角点</gcpClass>
<gcpCode>TR44828743901</gcpCode>
<name>戸町切</name>
<B>117419.1718</B>
<L>463033.9792</L>
<alti>195.54</alti>
<altiAcc>2</altiAcc>
</GCP>
<GCP gml:id="K1_482874_7">
<fid>10-00100-0-2306-61551</fid>
<lfSpanFr gml:id="K1_482874_7-1">
<gml:timePosition>2023-06-19</gml:timePosition>
</lfSpanFr>
<devDate gml:id="K1_482874_7-2">
<gml:timePosition>2023-06-23</gml:timePosition>
</devDate>
<orgGILvl>KJ14</orgGILvl>
<vis>表示</vis>
<pos>
<gml:Point gml:id="K1_482874_7-g" srsName="fguuid:jgd2011.bl">
<gml:pos>32.616859861 128.607049722</gml:pos>
</gml:Point>
</pos>
<orgName>国土地理院</orgName>
<type>三角点</type>
<gcpClass>四等三角点</gcpClass>
<gcpCode>TR44828744801</gcpCode>
<name>大瀬山</name>
<B>117420.6955</B>
<L>462985.379</L>
<alti>249.31</alti>
<altiAcc>2</altiAcc>
</GCP>
<GCP gml:id="K1_482874_8">
<fid>10-00100-0-2306-61552</fid>
<lfSpanFr gml:id="K1_482874_8-1">
<gml:timePosition>2023-06-19</gml:timePosition>
</lfSpanFr>
<devDate gml:id="K1_482874_8-2">
<gml:timePosition>2023-06-23</gml:timePosition>
</devDate>
<orgGILvl>KJ14</orgGILvl>
<vis>表示</vis>
<pos>
<gml:Point gml:id="K1_482874_8-g" srsName="fguuid:jgd2011.bl">
<gml:pos>32.626806111 128.624958278</gml:pos>
</gml:Point>
</pos>
<orgName>国土地理院</orgName>
<type>三角点</type>
<gcpClass>四等三角点</gcpClass>
<gcpCode>TR44828745901</gcpCode>
<name>戸竹崎</name>
<B>117456.502</B>
<L>463049.8498</L>
<alti>40.04</alti>
<altiAcc>2</altiAcc>
</GCP>
<GCP gml:id="K1_482874_9">
<fid>10-00100-0-2306-61553</fid>
<lfSpanFr gml:id="K1_482874_9-1">
<gml:timePosition>2023-06-19</gml:timePosition>
</lfSpanFr>
<devDate gml:id="K1_482874_9-2">
<gml:timePosition>2023-06-23</gml:timePosition>
</devDate>
<orgGILvl>KJ14</orgGILvl>
<vis>表示</vis>
<pos>
<gml:Point gml:id="K1_482874_9-g" srsName="fguuid:jgd2011.bl">
<gml:pos>32.645473028 128.612476944</gml:pos>
</gml:Point>
</pos>
<orgName>国土地理院</orgName>
<type>三角点</type>
<gcpClass>四等三角点</gcpClass>
<gcpCode>TR44828747801</gcpCode>
<name>鯛ノ鼻</name>
<B>117523.7029</B>
<L>463004.917</L>
<alti>103.36</alti>
<altiAcc>2</altiAcc>
</GCP>
</Dataset>
