<?xml version="1.0" encoding="utf-8"?>
<Dataset xsi:schemaLocation="http://fgd.gsi.go.jp/spec/2008/FGD_GMLSchema FGD_GMLSchema.xsd"
	xmlns:gml="http://www.opengis.net/gml/3.2"
	xmlns:xsi="http://www.w3.org/2001/XMLSchema-instance"
	xmlns:xlink="http://www.w3.org/1999/xlink"
	xmlns="http://fgd.gsi.go.jp/spec/2008/FGD_GMLSchema"
	gml:id="Dataset1">
  <gml:description>基盤地図情報メタデータ ID=fmdid:20-0401</gml:description>
  <gml:name>基盤地図情報ダウンロードデータ（GML版）</gml:name>
<AdmPt gml:id="K6_4638011820_1">
<fid>46380-11820-i-13</fid>
<lfSpanFr gml:id="K6_4638011820_1-1">
<gml:timePosition>2015-11-17</gml:timePosition>
</lfSpanFr>
<devDate gml:id="K6_4638011820_1-2">
<gml:timePosition>2020-04-02</gml:timePosition>
</devDate>
<orgGILvl>25000</orgGILvl>
<vis>非表示</vis>
<pos>
<gml:Point gml:id="K6_4638011820_1-g" srsName="fguuid:jgd2011.bl">
<gml:pos>32.835861187 128.838343703</gml:pos>
</gml:Point>
</pos>
<type>郡市・東京都の区</type>
<name>五島市</name>
<admCode>42211</admCode>
</AdmPt>
<AdmPt gml:id="K6_4638011820_2">
<fid>46380-11820-i-14</fid>
<lfSpanFr gml:id="K6_4638011820_2-1">
<gml:timePosition>2015-11-17</gml:timePosition>
</lfSpanFr>
<devDate gml:id="K6_4638011820_2-2">
<gml:timePosition>2020-04-02</gml:timePosition>
</devDate>
<orgGILvl>25000</orgGILvl>
<vis>非表示</vis>
<pos>
<gml:Point gml:id="K6_4638011820_2-g" srsName="fguuid:jgd2011.bl">
<gml:pos>32.833369444 128.834571407</gml:pos>
</gml:Point>
</pos>
<type>郡市・東京都の区</type>
<name>五島市</name>
<admCode>42211</admCode>
</AdmPt>
<AdmPt gml:id="K6_4638611820_1">
<fid>46386-11820-i-12</fid>
<lfSpanFr gml:id="K6_4638611820_1-1">
<gml:timePosition>2015-11-17</gml:timePosition>
</lfSpanFr>
<devDate gml:id="K6_4638611820_1-2">
<gml:timePosition>2020-04-02</gml:timePosition>
</devDate>
<orgGILvl>25000</orgGILvl>
<vis>非表示</vis>
<pos>
<gml:Point gml:id="K6_4638611820_1-g" srsName="fguuid:jgd2011.bl">
<gml:pos>32.834938260 128.857500096</gml:pos>
</gml:Point>
</pos>
<type>郡市・東京都の区</type>
<name>五島市</name>
<admCode>42211</admCode>
</AdmPt>
<AdmPt gml:id="K6_4638911820_1">
<fid>46389-11820-i-26</fid>
<lfSpanFr gml:id="K6_4638911820_1-1">
<gml:timePosition>2015-11-17</gml:timePosition>
</lfSpanFr>
<devDate gml:id="K6_4638911820_1-2">
<gml:timePosition>2020-04-02</gml:timePosition>
</devDate>
<orgGILvl>25000</orgGILvl>
<vis>非表示</vis>
<pos>
<gml:Point gml:id="K6_4638911820_1-g" srsName="fguuid:jgd2011.bl">
<gml:pos>32.833493750 128.862350738</gml:pos>
</gml:Point>
</pos>
<type>郡市・東京都の区</type>
<name>五島市</name>
<admCode>42211</admCode>
</AdmPt>
<AdmPt gml:id="K6_4639211820_1">
<fid>46392-11820-i-55</fid>
<lfSpanFr gml:id="K6_4639211820_1-1">
<gml:timePosition>2015-11-17</gml:timePosition>
</lfSpanFr>
<devDate gml:id="K6_4639211820_1-2">
<gml:timePosition>2020-04-02</gml:timePosition>
</devDate>
<orgGILvl>25000</orgGILvl>
<vis>非表示</vis>
<pos>
<gml:Point gml:id="K6_4639211820_1-g" srsName="fguuid:jgd2011.bl">
<gml:pos>32.839135828 128.868517091</gml:pos>
</gml:Point>
</pos>
<type>郡市・東京都の区</type>
<name>五島市</name>
<admCode>42211</admCode>
</AdmPt>
<AdmPt gml:id="K6_4639211829_1">
<fid>46392-11829-i-13</fid>
<lfSpanFr gml:id="K6_4639211829_1-1">
<gml:timePosition>2015-11-17</gml:timePosition>
</lfSpanFr>
<devDate gml:id="K6_4639211829_1-2">
<gml:timePosition>2020-04-02</gml:timePosition>
</devDate>
<orgGILvl>25000</orgGILvl>
<vis>非表示</vis>
<pos>
<gml:Point gml:id="K6_4639211829_1-g" srsName="fguuid:jgd2011.bl">
<gml:pos>32.863942926 128.874999629</gml:pos>
</gml:Point>
</pos>
<type>郡市・東京都の区</type>
<name>五島市</name>
<admCode>42211</admCode>
</AdmPt>
<AdmPt gml:id="K6_4639211829_2">
<fid>46392-11829-i-14</fid>
<lfSpanFr gml:id="K6_4639211829_2-1">
<gml:timePosition>2015-11-17</gml:timePosition>
</lfSpanFr>
<devDate gml:id="K6_4639211829_2-2">
<gml:timePosition>2020-04-02</gml:timePosition>
</devDate>
<orgGILvl>25000</orgGILvl>
<vis>非表示</vis>
<pos>
<gml:Point gml:id="K6_4639211829_2-g" srsName="fguuid:jgd2011.bl">
<gml:pos>32.862777867 128.874552253</gml:pos>
</gml:Point>
</pos>
<type>郡市・東京都の区</type>
<name>五島市</name>
<admCode>42211</admCode>
</AdmPt>
</Dataset>
