<?xml version="1.0" encoding="utf-8"?>
<Dataset xsi:schemaLocation="http://fgd.gsi.go.jp/spec/2008/FGD_GMLSchema FGD_GMLSchema.xsd"
	xmlns:gml="http://www.opengis.net/gml/3.2"
	xmlns:xsi="http://www.w3.org/2001/XMLSchema-instance"
	xmlns:xlink="http://www.w3.org/1999/xlink"
	xmlns="http://fgd.gsi.go.jp/spec/2008/FGD_GMLSchema"
	gml:id="Dataset1">
  <gml:description>基盤地図情報メタデータ ID=fmdid:20-0401</gml:description>
  <gml:name>基盤地図情報ダウンロードデータ（GML版）</gml:name>
<BldL gml:id="K18_4638911820_1">
<fid>46389-11820-s-1045</fid>
<lfSpanFr gml:id="K18_4638911820_1-1">
<gml:timePosition>2018-08-08</gml:timePosition>
</lfSpanFr>
<devDate gml:id="K18_4638911820_1-2">
<gml:timePosition>2020-04-02</gml:timePosition>
</devDate>
<orgGILvl>25000</orgGILvl>
<loc>
<gml:Curve gml:id="K18_4638911820_1-g" srsName="fguuid:jgd2011.bl">
<gml:segments>
<gml:LineStringSegment>
<gml:posList>
32.836865556 128.866605000
32.836854444 128.866618333
32.836781111 128.866618333
32.836736111 128.866451389
32.836815000 128.866438056
32.836831944 128.866484722
32.836865556 128.866605000
</gml:posList>
</gml:LineStringSegment>
</gml:segments>
</gml:Curve>
</loc>
<type>普通建物</type>
</BldL>
<BldL gml:id="K18_4638911820_2">
<fid>46389-11820-s-1458</fid>
<lfSpanFr gml:id="K18_4638911820_2-1">
<gml:timePosition>2018-08-08</gml:timePosition>
</lfSpanFr>
<devDate gml:id="K18_4638911820_2-2">
<gml:timePosition>2020-04-02</gml:timePosition>
</devDate>
<orgGILvl>25000</orgGILvl>
<loc>
<gml:Curve gml:id="K18_4638911820_2-g" srsName="fguuid:jgd2011.bl">
<gml:segments>
<gml:LineStringSegment>
<gml:posList>
32.837297464 128.866432434
32.837349790 128.866526062
32.837275508 128.866584272
32.837223183 128.866490644
32.837297464 128.866432434
</gml:posList>
</gml:LineStringSegment>
</gml:segments>
</gml:Curve>
</loc>
<type>普通建物</type>
</BldL>
<BldL gml:id="K18_4639211820_1">
<fid>46392-11820-s-497</fid>
<lfSpanFr gml:id="K18_4639211820_1-1">
<gml:timePosition>2018-08-08</gml:timePosition>
</lfSpanFr>
<devDate gml:id="K18_4639211820_1-2">
<gml:timePosition>2020-04-02</gml:timePosition>
</devDate>
<orgGILvl>25000</orgGILvl>
<loc>
<gml:Curve gml:id="K18_4639211820_1-g" srsName="fguuid:jgd2011.bl">
<gml:segments>
<gml:LineStringSegment>
<gml:posList>
32.837057500 128.867339444
32.837046111 128.867372778
32.837017778 128.867392778
32.836989722 128.867386111
32.836910833 128.867259722
32.836910833 128.867232778
32.836961389 128.867192778
32.836978333 128.867199444
32.837051667 128.867326111
32.837057500 128.867339444
</gml:posList>
</gml:LineStringSegment>
</gml:segments>
</gml:Curve>
</loc>
<type>普通建物</type>
</BldL>
</Dataset>
