<?xml version="1.0" encoding="utf-8"?>
<Dataset xsi:schemaLocation="http://fgd.gsi.go.jp/spec/2008/FGD_GMLSchema FGD_GMLSchema.xsd"
	xmlns:gml="http://www.opengis.net/gml/3.2"
	xmlns:xsi="http://www.w3.org/2001/XMLSchema-instance"
	xmlns:xlink="http://www.w3.org/1999/xlink"
	xmlns="http://fgd.gsi.go.jp/spec/2008/FGD_GMLSchema"
	gml:id="Dataset1">
  <gml:description>基盤地図情報メタデータ ID=fmdid:24-0401</gml:description>
  <gml:name>基盤地図情報ダウンロードデータ（GML版）</gml:name>
<AdmPt gml:id="K6_4641611850_1">
<fid>46416-11850-i-52</fid>
<lfSpanFr gml:id="K6_4641611850_1-1">
<gml:timePosition>2022-03-16</gml:timePosition>
</lfSpanFr>
<devDate gml:id="K6_4641611850_1-2">
<gml:timePosition>2024-03-13</gml:timePosition>
</devDate>
<orgGILvl>25000</orgGILvl>
<vis>非表示</vis>
<pos>
<gml:Point gml:id="K6_4641611850_1-g" srsName="fguuid:jgd2011.bl">
<gml:pos>32.921280091 128.941248943</gml:pos>
</gml:Point>
</pos>
<type>町村・指定都市の区</type>
<name>新上五島町</name>
<admCode>42411</admCode>
</AdmPt>
<AdmPt gml:id="K6_4642511853_1">
<fid>46425-11853-i-23</fid>
<lfSpanFr gml:id="K6_4642511853_1-1">
<gml:timePosition>2022-03-16</gml:timePosition>
</lfSpanFr>
<devDate gml:id="K6_4642511853_1-2">
<gml:timePosition>2024-03-13</gml:timePosition>
</devDate>
<orgGILvl>25000</orgGILvl>
<vis>非表示</vis>
<pos>
<gml:Point gml:id="K6_4642511853_1-g" srsName="fguuid:jgd2011.bl">
<gml:pos>32.925069108 128.962736573</gml:pos>
</gml:Point>
</pos>
<type>町村・指定都市の区</type>
<name>新上五島町</name>
<admCode>42411</admCode>
</AdmPt>
<AdmPt gml:id="K6_4643411862_1">
<fid>46434-11862-i-16</fid>
<lfSpanFr gml:id="K6_4643411862_1-1">
<gml:timePosition>2022-03-16</gml:timePosition>
</lfSpanFr>
<devDate gml:id="K6_4643411862_1-2">
<gml:timePosition>2024-03-13</gml:timePosition>
</devDate>
<orgGILvl>25000</orgGILvl>
<vis>非表示</vis>
<pos>
<gml:Point gml:id="K6_4643411862_1-g" srsName="fguuid:jgd2011.bl">
<gml:pos>32.955140174 128.986502973</gml:pos>
</gml:Point>
</pos>
<type>町村・指定都市の区</type>
<name>新上五島町</name>
<admCode>42411</admCode>
</AdmPt>
<AdmPt gml:id="K6_4643711850_1">
<fid>46437-11850-i-112</fid>
<lfSpanFr gml:id="K6_4643711850_1-1">
<gml:timePosition>2022-03-16</gml:timePosition>
</lfSpanFr>
<devDate gml:id="K6_4643711850_1-2">
<gml:timePosition>2024-03-13</gml:timePosition>
</devDate>
<orgGILvl>25000</orgGILvl>
<vis>非表示</vis>
<pos>
<gml:Point gml:id="K6_4643711850_1-g" srsName="fguuid:jgd2011.bl">
<gml:pos>32.924930058 128.995195461</gml:pos>
</gml:Point>
</pos>
<type>町村・指定都市の区</type>
<name>新上五島町</name>
<admCode>42411</admCode>
</AdmPt>
<AdmPt gml:id="K6_4643711859_1">
<fid>46437-11859-i-50</fid>
<lfSpanFr gml:id="K6_4643711859_1-1">
<gml:timePosition>2015-11-17</gml:timePosition>
</lfSpanFr>
<devDate gml:id="K6_4643711859_1-2">
<gml:timePosition>2024-03-13</gml:timePosition>
</devDate>
<orgGILvl>25000</orgGILvl>
<vis>非表示</vis>
<pos>
<gml:Point gml:id="K6_4643711859_1-g" srsName="fguuid:jgd2011.bl">
<gml:pos>32.943442822 128.995858464</gml:pos>
</gml:Point>
</pos>
<type>町村・指定都市の区</type>
<name>新上五島町</name>
<admCode>42411</admCode>
</AdmPt>
<AdmPt gml:id="K6_4643711859_2">
<fid>46437-11859-i-51</fid>
<lfSpanFr gml:id="K6_4643711859_2-1">
<gml:timePosition>2015-11-17</gml:timePosition>
</lfSpanFr>
<devDate gml:id="K6_4643711859_2-2">
<gml:timePosition>2024-03-13</gml:timePosition>
</devDate>
<orgGILvl>25000</orgGILvl>
<vis>非表示</vis>
<pos>
<gml:Point gml:id="K6_4643711859_2-g" srsName="fguuid:jgd2011.bl">
<gml:pos>32.949258790 128.998759780</gml:pos>
</gml:Point>
</pos>
<type>町村・指定都市の区</type>
<name>新上五島町</name>
<admCode>42411</admCode>
</AdmPt>
<AdmPt gml:id="K6_4643711862_1">
<fid>46437-11862-i-20</fid>
<lfSpanFr gml:id="K6_4643711862_1-1">
<gml:timePosition>2022-03-16</gml:timePosition>
</lfSpanFr>
<devDate gml:id="K6_4643711862_1-2">
<gml:timePosition>2024-03-13</gml:timePosition>
</devDate>
<orgGILvl>25000</orgGILvl>
<vis>非表示</vis>
<pos>
<gml:Point gml:id="K6_4643711862_1-g" srsName="fguuid:jgd2011.bl">
<gml:pos>32.954582657 128.999390854</gml:pos>
</gml:Point>
</pos>
<type>町村・指定都市の区</type>
<name>新上五島町</name>
<admCode>42411</admCode>
</AdmPt>
<AdmPt gml:id="K6_4643711862_2">
<fid>46437-11862-i-21</fid>
<lfSpanFr gml:id="K6_4643711862_2-1">
<gml:timePosition>2022-03-16</gml:timePosition>
</lfSpanFr>
<devDate gml:id="K6_4643711862_2-2">
<gml:timePosition>2024-03-13</gml:timePosition>
</devDate>
<orgGILvl>25000</orgGILvl>
<vis>非表示</vis>
<pos>
<gml:Point gml:id="K6_4643711862_2-g" srsName="fguuid:jgd2011.bl">
<gml:pos>32.957916890 128.999973046</gml:pos>
</gml:Point>
</pos>
<type>町村・指定都市の区</type>
<name>新上五島町</name>
<admCode>42411</admCode>
</AdmPt>
<AdmPt gml:id="K6_4643711865_1">
<fid>46437-11865-i-41</fid>
<lfSpanFr gml:id="K6_4643711865_1-1">
<gml:timePosition>2022-03-16</gml:timePosition>
</lfSpanFr>
<devDate gml:id="K6_4643711865_1-2">
<gml:timePosition>2024-03-13</gml:timePosition>
</devDate>
<orgGILvl>25000</orgGILvl>
<vis>非表示</vis>
<pos>
<gml:Point gml:id="K6_4643711865_1-g" srsName="fguuid:jgd2011.bl">
<gml:pos>32.964697066 128.998535121</gml:pos>
</gml:Point>
</pos>
<type>町村・指定都市の区</type>
<name>新上五島町</name>
<admCode>42411</admCode>
</AdmPt>
</Dataset>
