<?xml version="1.0" encoding="utf-8"?>
<Dataset xsi:schemaLocation="http://fgd.gsi.go.jp/spec/2008/FGD_GMLSchema FGD_GMLSchema.xsd"
	xmlns:gml="http://www.opengis.net/gml/3.2"
	xmlns:xsi="http://www.w3.org/2001/XMLSchema-instance"
	xmlns:xlink="http://www.w3.org/1999/xlink"
	xmlns="http://fgd.gsi.go.jp/spec/2008/FGD_GMLSchema"
	gml:id="Dataset1">
  <gml:description>基盤地図情報メタデータ ID=fmdid:24-0401</gml:description>
  <gml:name>基盤地図情報ダウンロードデータ（GML版）</gml:name>
<BldL gml:id="K18_4642211850_1">
<fid>46422-11850-s-286</fid>
<lfSpanFr gml:id="K18_4642211850_1-1">
<gml:timePosition>2015-11-17</gml:timePosition>
</lfSpanFr>
<devDate gml:id="K18_4642211850_1-2">
<gml:timePosition>2024-03-13</gml:timePosition>
</devDate>
<orgGILvl>25000</orgGILvl>
<loc>
<gml:Curve gml:id="K18_4642211850_1-g" srsName="fguuid:jgd2011.bl">
<gml:segments>
<gml:LineStringSegment>
<gml:posList>
32.917283889 128.951030278
32.917171111 128.951057222
32.917154167 128.951043889
32.917142778 128.950976944
32.917159722 128.950956944
32.917283889 128.950930278
32.917283889 128.951030278
</gml:posList>
</gml:LineStringSegment>
</gml:segments>
</gml:Curve>
</loc>
<type>普通建物</type>
</BldL>
<BldL gml:id="K18_4642211850_2">
<fid>46422-11850-s-287</fid>
<lfSpanFr gml:id="K18_4642211850_2-1">
<gml:timePosition>2015-11-17</gml:timePosition>
</lfSpanFr>
<devDate gml:id="K18_4642211850_2-2">
<gml:timePosition>2024-03-13</gml:timePosition>
</devDate>
<orgGILvl>25000</orgGILvl>
<loc>
<gml:Curve gml:id="K18_4642211850_2-g" srsName="fguuid:jgd2011.bl">
<gml:segments>
<gml:LineStringSegment>
<gml:posList>
32.917616389 128.951404444
32.917620556 128.951440556
32.917582778 128.951451111
32.917470000 128.951471111
32.917458611 128.951384444
32.917486944 128.951364444
32.917599444 128.951337500
32.917610833 128.951357778
32.917616389 128.951404444
</gml:posList>
</gml:LineStringSegment>
</gml:segments>
</gml:Curve>
</loc>
<type>普通建物</type>
</BldL>
<BldL gml:id="K18_4642211850_3">
<fid>46422-11850-s-288</fid>
<lfSpanFr gml:id="K18_4642211850_3-1">
<gml:timePosition>2015-11-17</gml:timePosition>
</lfSpanFr>
<devDate gml:id="K18_4642211850_3-2">
<gml:timePosition>2024-03-13</gml:timePosition>
</devDate>
<orgGILvl>25000</orgGILvl>
<loc>
<gml:Curve gml:id="K18_4642211850_3-g" srsName="fguuid:jgd2011.bl">
<gml:segments>
<gml:LineStringSegment>
<gml:posList>
32.917763056 128.951598056
32.917751944 128.951685000
32.917622222 128.951685000
32.917610833 128.951671667
32.917616389 128.951598056
32.917763056 128.951598056
</gml:posList>
</gml:LineStringSegment>
</gml:segments>
</gml:Curve>
</loc>
<type>普通建物</type>
</BldL>
<BldL gml:id="K18_4642211850_4">
<fid>46422-11850-s-289</fid>
<lfSpanFr gml:id="K18_4642211850_4-1">
<gml:timePosition>2015-11-17</gml:timePosition>
</lfSpanFr>
<devDate gml:id="K18_4642211850_4-2">
<gml:timePosition>2024-03-13</gml:timePosition>
</devDate>
<orgGILvl>25000</orgGILvl>
<loc>
<gml:Curve gml:id="K18_4642211850_4-g" srsName="fguuid:jgd2011.bl">
<gml:segments>
<gml:LineStringSegment>
<gml:posList>
32.916686111 128.951811944
32.916669167 128.951858611
32.916666667 128.951864500
</gml:posList>
</gml:LineStringSegment>
</gml:segments>
</gml:Curve>
</loc>
<type>普通建物</type>
</BldL>
<BldL gml:id="K18_4642211850_5">
<fid>46422-11850-s-290</fid>
<lfSpanFr gml:id="K18_4642211850_5-1">
<gml:timePosition>2015-11-17</gml:timePosition>
</lfSpanFr>
<devDate gml:id="K18_4642211850_5-2">
<gml:timePosition>2024-03-13</gml:timePosition>
</devDate>
<orgGILvl>25000</orgGILvl>
<loc>
<gml:Curve gml:id="K18_4642211850_5-g" srsName="fguuid:jgd2011.bl">
<gml:segments>
<gml:LineStringSegment>
<gml:posList>
32.916666667 128.951789694
32.916669167 128.951791667
32.916686111 128.951811944
</gml:posList>
</gml:LineStringSegment>
</gml:segments>
</gml:Curve>
</loc>
<type>普通建物</type>
</BldL>
<BldL gml:id="K18_4642211850_6">
<fid>46422-11850-s-483</fid>
<lfSpanFr gml:id="K18_4642211850_6-1">
<gml:timePosition>2015-11-17</gml:timePosition>
</lfSpanFr>
<devDate gml:id="K18_4642211850_6-2">
<gml:timePosition>2024-03-13</gml:timePosition>
</devDate>
<orgGILvl>25000</orgGILvl>
<loc>
<gml:Curve gml:id="K18_4642211850_6-g" srsName="fguuid:jgd2011.bl">
<gml:segments>
<gml:LineStringSegment>
<gml:posList>
32.916776190 128.951025523
32.916754282 128.951108730
32.916666667 128.951075532
</gml:posList>
</gml:LineStringSegment>
</gml:segments>
</gml:Curve>
</loc>
<type>普通建物</type>
</BldL>
<BldL gml:id="K18_4642211850_7">
<fid>46422-11850-s-484</fid>
<lfSpanFr gml:id="K18_4642211850_7-1">
<gml:timePosition>2015-11-17</gml:timePosition>
</lfSpanFr>
<devDate gml:id="K18_4642211850_7-2">
<gml:timePosition>2024-03-13</gml:timePosition>
</devDate>
<orgGILvl>25000</orgGILvl>
<loc>
<gml:Curve gml:id="K18_4642211850_7-g" srsName="fguuid:jgd2011.bl">
<gml:segments>
<gml:LineStringSegment>
<gml:posList>
32.916666667 128.950984778
32.916776190 128.951025523
</gml:posList>
</gml:LineStringSegment>
</gml:segments>
</gml:Curve>
</loc>
<type>普通建物</type>
</BldL>
<BldL gml:id="K18_4642511850_1">
<fid>46425-11850-s-389</fid>
<lfSpanFr gml:id="K18_4642511850_1-1">
<gml:timePosition>2015-11-17</gml:timePosition>
</lfSpanFr>
<devDate gml:id="K18_4642511850_1-2">
<gml:timePosition>2024-03-13</gml:timePosition>
</devDate>
<orgGILvl>25000</orgGILvl>
<loc>
<gml:Curve gml:id="K18_4642511850_1-g" srsName="fguuid:jgd2011.bl">
<gml:segments>
<gml:LineStringSegment>
<gml:posList>
32.917661667 128.960246389
32.917644722 128.960293056
32.917605278 128.960319722
32.917537500 128.960246389
32.917509444 128.960212778
32.917515000 128.960179444
32.917560000 128.960139444
32.917661667 128.960246389
</gml:posList>
</gml:LineStringSegment>
</gml:segments>
</gml:Curve>
</loc>
<type>普通建物</type>
</BldL>
<BldL gml:id="K18_4642511850_2">
<fid>46425-11850-s-390</fid>
<lfSpanFr gml:id="K18_4642511850_2-1">
<gml:timePosition>2015-11-17</gml:timePosition>
</lfSpanFr>
<devDate gml:id="K18_4642511850_2-2">
<gml:timePosition>2024-03-13</gml:timePosition>
</devDate>
<orgGILvl>25000</orgGILvl>
<loc>
<gml:Curve gml:id="K18_4642511850_2-g" srsName="fguuid:jgd2011.bl">
<gml:segments>
<gml:LineStringSegment>
<gml:posList>
32.919217778 128.960373056
32.919172778 128.960520000
32.919155833 128.960526667
32.919105000 128.960506667
32.919144444 128.960359722
32.919217778 128.960373056
</gml:posList>
</gml:LineStringSegment>
</gml:segments>
</gml:Curve>
</loc>
<type>普通建物</type>
</BldL>
<BldL gml:id="K18_4642511850_3">
<fid>46425-11850-s-391</fid>
<lfSpanFr gml:id="K18_4642511850_3-1">
<gml:timePosition>2015-11-17</gml:timePosition>
</lfSpanFr>
<devDate gml:id="K18_4642511850_3-2">
<gml:timePosition>2024-03-13</gml:timePosition>
</devDate>
<orgGILvl>25000</orgGILvl>
<loc>
<gml:Curve gml:id="K18_4642511850_3-g" srsName="fguuid:jgd2011.bl">
<gml:segments>
<gml:LineStringSegment>
<gml:posList>
32.917836389 128.960546944
32.917843333 128.960573056
32.917765556 128.960601944
32.917746111 128.960546944
32.917723611 128.960466667
32.917718611 128.960434167
32.917802500 128.960420000
32.917836389 128.960546944
</gml:posList>
</gml:LineStringSegment>
</gml:segments>
</gml:Curve>
</loc>
<type>普通建物</type>
</BldL>
<BldL gml:id="K18_4642511850_4">
<fid>46425-11850-s-392</fid>
<lfSpanFr gml:id="K18_4642511850_4-1">
<gml:timePosition>2015-11-17</gml:timePosition>
</lfSpanFr>
<devDate gml:id="K18_4642511850_4-2">
<gml:timePosition>2024-03-13</gml:timePosition>
</devDate>
<orgGILvl>25000</orgGILvl>
<loc>
<gml:Curve gml:id="K18_4642511850_4-g" srsName="fguuid:jgd2011.bl">
<gml:segments>
<gml:LineStringSegment>
<gml:posList>
32.919043056 128.960800556
32.919031667 128.960833889
32.919003611 128.960894167
32.918969722 128.960954167
32.918907778 128.960920833
32.918975278 128.960767222
32.919043056 128.960800556
</gml:posList>
</gml:LineStringSegment>
</gml:segments>
</gml:Curve>
</loc>
<type>普通建物</type>
</BldL>
<BldL gml:id="K18_4642511850_5">
<fid>46425-11850-s-393</fid>
<lfSpanFr gml:id="K18_4642511850_5-1">
<gml:timePosition>2015-11-17</gml:timePosition>
</lfSpanFr>
<devDate gml:id="K18_4642511850_5-2">
<gml:timePosition>2024-03-13</gml:timePosition>
</devDate>
<orgGILvl>25000</orgGILvl>
<loc>
<gml:Curve gml:id="K18_4642511850_5-g" srsName="fguuid:jgd2011.bl">
<gml:segments>
<gml:LineStringSegment>
<gml:posList>
32.918591944 128.960813889
32.918575000 128.960880833
32.918573611 128.960891389
32.918524167 128.960880833
32.918434167 128.960854167
32.918445278 128.960767222
32.918586389 128.960800556
32.918591944 128.960813889
</gml:posList>
</gml:LineStringSegment>
</gml:segments>
</gml:Curve>
</loc>
<type>普通建物</type>
</BldL>
<BldL gml:id="K18_4642511850_6">
<fid>46425-11850-s-394</fid>
<lfSpanFr gml:id="K18_4642511850_6-1">
<gml:timePosition>2015-11-17</gml:timePosition>
</lfSpanFr>
<devDate gml:id="K18_4642511850_6-2">
<gml:timePosition>2024-03-13</gml:timePosition>
</devDate>
<orgGILvl>25000</orgGILvl>
<loc>
<gml:Curve gml:id="K18_4642511850_6-g" srsName="fguuid:jgd2011.bl">
<gml:segments>
<gml:LineStringSegment>
<gml:posList>
32.917892222 128.960869167
32.917870278 128.960874167
32.917815278 128.960878611
32.917796944 128.960773889
32.917791111 128.960713333
32.917864444 128.960700556
32.917875833 128.960720556
32.917892222 128.960869167
</gml:posList>
</gml:LineStringSegment>
</gml:segments>
</gml:Curve>
</loc>
<type>普通建物</type>
</BldL>
<BldL gml:id="K18_4642511850_7">
<fid>46425-11850-s-395</fid>
<lfSpanFr gml:id="K18_4642511850_7-1">
<gml:timePosition>2015-11-17</gml:timePosition>
</lfSpanFr>
<devDate gml:id="K18_4642511850_7-2">
<gml:timePosition>2024-03-13</gml:timePosition>
</devDate>
<orgGILvl>25000</orgGILvl>
<loc>
<gml:Curve gml:id="K18_4642511850_7-g" srsName="fguuid:jgd2011.bl">
<gml:segments>
<gml:LineStringSegment>
<gml:posList>
32.918924444 128.961047778
32.918879444 128.961134444
32.918772222 128.961041111
32.918823056 128.960960833
32.918924444 128.961047778
</gml:posList>
</gml:LineStringSegment>
</gml:segments>
</gml:Curve>
</loc>
<type>普通建物</type>
</BldL>
<BldL gml:id="K18_4642511850_8">
<fid>46425-11850-s-396</fid>
<lfSpanFr gml:id="K18_4642511850_8-1">
<gml:timePosition>2015-11-17</gml:timePosition>
</lfSpanFr>
<devDate gml:id="K18_4642511850_8-2">
<gml:timePosition>2024-03-13</gml:timePosition>
</devDate>
<orgGILvl>25000</orgGILvl>
<loc>
<gml:Curve gml:id="K18_4642511850_8-g" srsName="fguuid:jgd2011.bl">
<gml:segments>
<gml:LineStringSegment>
<gml:posList>
32.918862500 128.961188056
32.918789167 128.961321667
32.918727222 128.961254722
32.918795000 128.961141111
32.918862500 128.961188056
</gml:posList>
</gml:LineStringSegment>
</gml:segments>
</gml:Curve>
</loc>
<type>普通建物</type>
</BldL>
<BldL gml:id="K18_4642511850_9">
<fid>46425-11850-s-397</fid>
<lfSpanFr gml:id="K18_4642511850_9-1">
<gml:timePosition>2015-11-17</gml:timePosition>
</lfSpanFr>
<devDate gml:id="K18_4642511850_9-2">
<gml:timePosition>2024-03-13</gml:timePosition>
</devDate>
<orgGILvl>25000</orgGILvl>
<loc>
<gml:Curve gml:id="K18_4642511850_9-g" srsName="fguuid:jgd2011.bl">
<gml:segments>
<gml:LineStringSegment>
<gml:posList>
32.918253611 128.961281389
32.918169167 128.961315000
32.918101389 128.961328333
32.918090000 128.961248056
32.918135278 128.961221389
32.918236667 128.961181389
32.918253611 128.961281389
</gml:posList>
</gml:LineStringSegment>
</gml:segments>
</gml:Curve>
</loc>
<type>普通建物</type>
</BldL>
<BldL gml:id="K18_4642511850_10">
<fid>46425-11850-s-398</fid>
<lfSpanFr gml:id="K18_4642511850_10-1">
<gml:timePosition>2015-11-17</gml:timePosition>
</lfSpanFr>
<devDate gml:id="K18_4642511850_10-2">
<gml:timePosition>2024-03-13</gml:timePosition>
</devDate>
<orgGILvl>25000</orgGILvl>
<loc>
<gml:Curve gml:id="K18_4642511850_10-g" srsName="fguuid:jgd2011.bl">
<gml:segments>
<gml:LineStringSegment>
<gml:posList>
32.919408605 128.961297434
32.919374716 128.961364101
32.919356661 128.961380212
32.919307216 128.961310767
32.919160549 128.961103545
32.919211383 128.961050212
32.919233883 128.961056878
32.919408605 128.961297434
</gml:posList>
</gml:LineStringSegment>
</gml:segments>
</gml:Curve>
</loc>
<type>普通建物</type>
</BldL>
<BldL gml:id="K18_4642511850_11">
<fid>46425-11850-s-399</fid>
<lfSpanFr gml:id="K18_4642511850_11-1">
<gml:timePosition>2015-11-17</gml:timePosition>
</lfSpanFr>
<devDate gml:id="K18_4642511850_11-2">
<gml:timePosition>2024-03-13</gml:timePosition>
</devDate>
<orgGILvl>25000</orgGILvl>
<loc>
<gml:Curve gml:id="K18_4642511850_11-g" srsName="fguuid:jgd2011.bl">
<gml:segments>
<gml:LineStringSegment>
<gml:posList>
32.918013728 128.961498911
32.918002339 128.961538911
32.917962894 128.961572244
32.917906506 128.961512244
32.917886228 128.961484466
32.917906506 128.961451966
32.917917894 128.961438633
32.917940950 128.961415300
32.917985672 128.961465578
32.918013728 128.961498911
</gml:posList>
</gml:LineStringSegment>
</gml:segments>
</gml:Curve>
</loc>
<type>普通建物</type>
</BldL>
<BldL gml:id="K18_4642511850_12">
<fid>46425-11850-s-400</fid>
<lfSpanFr gml:id="K18_4642511850_12-1">
<gml:timePosition>2015-11-17</gml:timePosition>
</lfSpanFr>
<devDate gml:id="K18_4642511850_12-2">
<gml:timePosition>2024-03-13</gml:timePosition>
</devDate>
<orgGILvl>25000</orgGILvl>
<loc>
<gml:Curve gml:id="K18_4642511850_12-g" srsName="fguuid:jgd2011.bl">
<gml:segments>
<gml:LineStringSegment>
<gml:posList>
32.918659839 128.961511133
32.918571783 128.961535300
32.918538172 128.961398911
32.918611783 128.961370022
32.918659839 128.961511133
</gml:posList>
</gml:LineStringSegment>
</gml:segments>
</gml:Curve>
</loc>
<type>普通建物</type>
</BldL>
<BldL gml:id="K18_4642511850_13">
<fid>46425-11850-s-401</fid>
<lfSpanFr gml:id="K18_4642511850_13-1">
<gml:timePosition>2015-11-17</gml:timePosition>
</lfSpanFr>
<devDate gml:id="K18_4642511850_13-2">
<gml:timePosition>2024-03-13</gml:timePosition>
</devDate>
<orgGILvl>25000</orgGILvl>
<loc>
<gml:Curve gml:id="K18_4642511850_13-g" srsName="fguuid:jgd2011.bl">
<gml:segments>
<gml:LineStringSegment>
<gml:posList>
32.918210950 128.961592244
32.918199839 128.961672522
32.918081506 128.961639189
32.918070117 128.961625855
32.918087061 128.961552244
32.918205394 128.961585577
32.918210950 128.961592244
</gml:posList>
</gml:LineStringSegment>
</gml:segments>
</gml:Curve>
</loc>
<type>普通建物</type>
</BldL>
<BldL gml:id="K18_4642511850_14">
<fid>46425-11850-s-402</fid>
<lfSpanFr gml:id="K18_4642511850_14-1">
<gml:timePosition>2015-11-17</gml:timePosition>
</lfSpanFr>
<devDate gml:id="K18_4642511850_14-2">
<gml:timePosition>2024-03-13</gml:timePosition>
</devDate>
<orgGILvl>25000</orgGILvl>
<loc>
<gml:Curve gml:id="K18_4642511850_14-g" srsName="fguuid:jgd2011.bl">
<gml:segments>
<gml:LineStringSegment>
<gml:posList>
32.918430950 128.961619189
32.918307061 128.961639189
32.918295672 128.961585577
32.918307061 128.961552244
32.918430950 128.961525578
32.918447894 128.961601689
32.918430950 128.961619189
</gml:posList>
</gml:LineStringSegment>
</gml:segments>
</gml:Curve>
</loc>
<type>普通建物</type>
</BldL>
<BldL gml:id="K18_4642511850_15">
<fid>46425-11850-s-403</fid>
<lfSpanFr gml:id="K18_4642511850_15-1">
<gml:timePosition>2015-11-17</gml:timePosition>
</lfSpanFr>
<devDate gml:id="K18_4642511850_15-2">
<gml:timePosition>2024-03-13</gml:timePosition>
</devDate>
<orgGILvl>25000</orgGILvl>
<loc>
<gml:Curve gml:id="K18_4642511850_15-g" srsName="fguuid:jgd2011.bl">
<gml:segments>
<gml:LineStringSegment>
<gml:posList>
32.919336111 128.961795833
32.919279722 128.961809167
32.919262778 128.961789167
32.919245833 128.961668889
32.919319167 128.961655556
32.919336111 128.961795833
</gml:posList>
</gml:LineStringSegment>
</gml:segments>
</gml:Curve>
</loc>
<type>普通建物</type>
</BldL>
<BldL gml:id="K18_4642511850_16">
<fid>46425-11850-s-404</fid>
<lfSpanFr gml:id="K18_4642511850_16-1">
<gml:timePosition>2015-11-17</gml:timePosition>
</lfSpanFr>
<devDate gml:id="K18_4642511850_16-2">
<gml:timePosition>2024-03-13</gml:timePosition>
</devDate>
<orgGILvl>25000</orgGILvl>
<loc>
<gml:Curve gml:id="K18_4642511850_16-g" srsName="fguuid:jgd2011.bl">
<gml:segments>
<gml:LineStringSegment>
<gml:posList>
32.919301678 128.962111257
32.919222789 128.962144590
32.919177789 128.961974312
32.919245566 128.961954312
32.919301678 128.962111257
</gml:posList>
</gml:LineStringSegment>
</gml:segments>
</gml:Curve>
</loc>
<type>普通建物</type>
</BldL>
<BldL gml:id="K18_4642511850_17">
<fid>46425-11850-s-405</fid>
<lfSpanFr gml:id="K18_4642511850_17-1">
<gml:timePosition>2015-11-17</gml:timePosition>
</lfSpanFr>
<devDate gml:id="K18_4642511850_17-2">
<gml:timePosition>2024-03-13</gml:timePosition>
</devDate>
<orgGILvl>25000</orgGILvl>
<loc>
<gml:Curve gml:id="K18_4642511850_17-g" srsName="fguuid:jgd2011.bl">
<gml:segments>
<gml:LineStringSegment>
<gml:posList>
32.919510833 128.962530556
32.919517778 128.962588333
32.919512222 128.962614444
32.919443056 128.962623056
32.919437778 128.962610278
32.919415000 128.962470278
32.919409444 128.962450278
32.919499722 128.962443611
32.919505278 128.962523611
32.919510833 128.962530556
</gml:posList>
</gml:LineStringSegment>
</gml:segments>
</gml:Curve>
</loc>
<type>普通建物</type>
</BldL>
<BldL gml:id="K18_4642511850_18">
<fid>46425-11850-s-406</fid>
<lfSpanFr gml:id="K18_4642511850_18-1">
<gml:timePosition>2015-11-17</gml:timePosition>
</lfSpanFr>
<devDate gml:id="K18_4642511850_18-2">
<gml:timePosition>2024-03-13</gml:timePosition>
</devDate>
<orgGILvl>25000</orgGILvl>
<loc>
<gml:Curve gml:id="K18_4642511850_18-g" srsName="fguuid:jgd2011.bl">
<gml:segments>
<gml:LineStringSegment>
<gml:posList>
32.919698889 128.962555278
32.919622222 128.962566944
32.919612500 128.962516667
32.919601111 128.962376944
32.919684167 128.962365278
32.919698889 128.962555278
</gml:posList>
</gml:LineStringSegment>
</gml:segments>
</gml:Curve>
</loc>
<type>普通建物</type>
</BldL>
<BldL gml:id="K18_4642511850_19">
<fid>46425-11850-s-407</fid>
<lfSpanFr gml:id="K18_4642511850_19-1">
<gml:timePosition>2015-11-17</gml:timePosition>
</lfSpanFr>
<devDate gml:id="K18_4642511850_19-2">
<gml:timePosition>2024-03-13</gml:timePosition>
</devDate>
<orgGILvl>25000</orgGILvl>
<loc>
<gml:Curve gml:id="K18_4642511850_19-g" srsName="fguuid:jgd2011.bl">
<gml:segments>
<gml:LineStringSegment>
<gml:posList>
32.919304223 128.962911001
32.919198390 128.963044056
32.919155890 128.962999612
32.919139501 128.962976556
32.919243112 128.962846834
32.919268667 128.962872667
32.919304223 128.962911001
</gml:posList>
</gml:LineStringSegment>
</gml:segments>
</gml:Curve>
</loc>
<type>普通建物</type>
</BldL>
<BldL gml:id="K18_4642511850_20">
<fid>46425-11850-s-408</fid>
<lfSpanFr gml:id="K18_4642511850_20-1">
<gml:timePosition>2015-11-17</gml:timePosition>
</lfSpanFr>
<devDate gml:id="K18_4642511850_20-2">
<gml:timePosition>2024-03-13</gml:timePosition>
</devDate>
<orgGILvl>25000</orgGILvl>
<loc>
<gml:Curve gml:id="K18_4642511850_20-g" srsName="fguuid:jgd2011.bl">
<gml:segments>
<gml:LineStringSegment>
<gml:posList>
32.919128667 128.963123223
32.919048945 128.963219890
32.919009501 128.963266556
32.918970056 128.963233223
32.918946723 128.963215723
32.919070334 128.963062945
32.919128667 128.963123223
</gml:posList>
</gml:LineStringSegment>
</gml:segments>
</gml:Curve>
</loc>
<type>普通建物</type>
</BldL>
<BldL gml:id="K18_4642511850_21">
<fid>46425-11850-s-409</fid>
<lfSpanFr gml:id="K18_4642511850_21-1">
<gml:timePosition>2015-11-17</gml:timePosition>
</lfSpanFr>
<devDate gml:id="K18_4642511850_21-2">
<gml:timePosition>2024-03-13</gml:timePosition>
</devDate>
<orgGILvl>25000</orgGILvl>
<loc>
<gml:Curve gml:id="K18_4642511850_21-g" srsName="fguuid:jgd2011.bl">
<gml:segments>
<gml:LineStringSegment>
<gml:posList>
32.919121944 128.963318333
32.919105000 128.963358333
32.919031667 128.963451944
32.919009167 128.963445278
32.918969722 128.963398333
32.919071111 128.963264722
32.919093611 128.963284722
32.919121944 128.963318333
</gml:posList>
</gml:LineStringSegment>
</gml:segments>
</gml:Curve>
</loc>
<type>普通建物</type>
</BldL>
<BldL gml:id="K18_4642511850_22">
<fid>46425-11850-s-410</fid>
<lfSpanFr gml:id="K18_4642511850_22-1">
<gml:timePosition>2015-11-17</gml:timePosition>
</lfSpanFr>
<devDate gml:id="K18_4642511850_22-2">
<gml:timePosition>2024-03-13</gml:timePosition>
</devDate>
<orgGILvl>25000</orgGILvl>
<loc>
<gml:Curve gml:id="K18_4642511850_22-g" srsName="fguuid:jgd2011.bl">
<gml:segments>
<gml:LineStringSegment>
<gml:posList>
32.918907834 128.963420168
32.918817556 128.963533779
32.918783945 128.963493779
32.918765334 128.963472668
32.918851723 128.963351834
32.918879779 128.963386834
32.918907834 128.963420168
</gml:posList>
</gml:LineStringSegment>
</gml:segments>
</gml:Curve>
</loc>
<type>普通建物</type>
</BldL>
<BldL gml:id="K18_4642511850_23">
<fid>46425-11850-s-411</fid>
<lfSpanFr gml:id="K18_4642511850_23-1">
<gml:timePosition>2015-11-17</gml:timePosition>
</lfSpanFr>
<devDate gml:id="K18_4642511850_23-2">
<gml:timePosition>2024-03-13</gml:timePosition>
</devDate>
<orgGILvl>25000</orgGILvl>
<loc>
<gml:Curve gml:id="K18_4642511850_23-g" srsName="fguuid:jgd2011.bl">
<gml:segments>
<gml:LineStringSegment>
<gml:posList>
32.919009167 128.963625556
32.919020000 128.963643611
32.918997778 128.963665556
32.918969722 128.963692222
32.918941389 128.963692222
32.918862500 128.963565278
32.918907778 128.963518611
32.918930278 128.963518611
32.919009167 128.963625556
</gml:posList>
</gml:LineStringSegment>
</gml:segments>
</gml:Curve>
</loc>
<type>普通建物</type>
</BldL>
<BldL gml:id="K18_4642511850_24">
<fid>46425-11850-s-412</fid>
<lfSpanFr gml:id="K18_4642511850_24-1">
<gml:timePosition>2015-11-17</gml:timePosition>
</lfSpanFr>
<devDate gml:id="K18_4642511850_24-2">
<gml:timePosition>2024-03-13</gml:timePosition>
</devDate>
<orgGILvl>25000</orgGILvl>
<loc>
<gml:Curve gml:id="K18_4642511850_24-g" srsName="fguuid:jgd2011.bl">
<gml:segments>
<gml:LineStringSegment>
<gml:posList>
32.918811667 128.963698889
32.918795000 128.963718889
32.918682222 128.963779167
32.918653889 128.963765833
32.918631389 128.963705556
32.918766667 128.963625556
32.918811667 128.963698889
</gml:posList>
</gml:LineStringSegment>
</gml:segments>
</gml:Curve>
</loc>
<type>普通建物</type>
</BldL>
<BldL gml:id="K18_4642511850_25">
<fid>46425-11850-s-413</fid>
<lfSpanFr gml:id="K18_4642511850_25-1">
<gml:timePosition>2015-11-17</gml:timePosition>
</lfSpanFr>
<devDate gml:id="K18_4642511850_25-2">
<gml:timePosition>2024-03-13</gml:timePosition>
</devDate>
<orgGILvl>25000</orgGILvl>
<loc>
<gml:Curve gml:id="K18_4642511850_25-g" srsName="fguuid:jgd2011.bl">
<gml:segments>
<gml:LineStringSegment>
<gml:posList>
32.918620000 128.963852500
32.918608889 128.963865833
32.918507778 128.963928889
32.918490556 128.963885833
32.918467778 128.963832500
32.918586389 128.963765833
32.918620000 128.963852500
</gml:posList>
</gml:LineStringSegment>
</gml:segments>
</gml:Curve>
</loc>
<type>普通建物</type>
</BldL>
<BldL gml:id="K18_4642511850_26">
<fid>46425-11850-s-414</fid>
<lfSpanFr gml:id="K18_4642511850_26-1">
<gml:timePosition>2015-11-17</gml:timePosition>
</lfSpanFr>
<devDate gml:id="K18_4642511850_26-2">
<gml:timePosition>2024-03-13</gml:timePosition>
</devDate>
<orgGILvl>25000</orgGILvl>
<loc>
<gml:Curve gml:id="K18_4642511850_26-g" srsName="fguuid:jgd2011.bl">
<gml:segments>
<gml:LineStringSegment>
<gml:posList>
32.922329722 128.964858889
32.922318611 128.965019444
32.922267778 128.965012778
32.922262222 128.964838889
32.922324167 128.964852222
32.922329722 128.964858889
</gml:posList>
</gml:LineStringSegment>
</gml:segments>
</gml:Curve>
</loc>
<type>普通建物</type>
</BldL>
<BldL gml:id="K18_4642511850_27">
<fid>46425-11850-s-415</fid>
<lfSpanFr gml:id="K18_4642511850_27-1">
<gml:timePosition>2015-11-17</gml:timePosition>
</lfSpanFr>
<devDate gml:id="K18_4642511850_27-2">
<gml:timePosition>2024-03-13</gml:timePosition>
</devDate>
<orgGILvl>25000</orgGILvl>
<loc>
<gml:Curve gml:id="K18_4642511850_27-g" srsName="fguuid:jgd2011.bl">
<gml:segments>
<gml:LineStringSegment>
<gml:posList>
32.919060000 128.964954444
32.919043056 128.965054722
32.918918889 128.965021389
32.918935833 128.964927778
32.919060000 128.964954444
</gml:posList>
</gml:LineStringSegment>
</gml:segments>
</gml:Curve>
</loc>
<type>普通建物</type>
</BldL>
<BldL gml:id="K18_4642511850_28">
<fid>46425-11850-s-416</fid>
<lfSpanFr gml:id="K18_4642511850_28-1">
<gml:timePosition>2015-11-17</gml:timePosition>
</lfSpanFr>
<devDate gml:id="K18_4642511850_28-2">
<gml:timePosition>2024-03-13</gml:timePosition>
</devDate>
<orgGILvl>25000</orgGILvl>
<loc>
<gml:Curve gml:id="K18_4642511850_28-g" srsName="fguuid:jgd2011.bl">
<gml:segments>
<gml:LineStringSegment>
<gml:posList>
32.922738889 128.965110278
32.922675278 128.965148333
32.922600833 128.964985556
32.922672500 128.964942222
32.922738889 128.965110278
</gml:posList>
</gml:LineStringSegment>
</gml:segments>
</gml:Curve>
</loc>
<type>普通建物</type>
</BldL>
<BldL gml:id="K18_4642511850_29">
<fid>46425-11850-s-417</fid>
<lfSpanFr gml:id="K18_4642511850_29-1">
<gml:timePosition>2015-11-17</gml:timePosition>
</lfSpanFr>
<devDate gml:id="K18_4642511850_29-2">
<gml:timePosition>2024-03-13</gml:timePosition>
</devDate>
<orgGILvl>25000</orgGILvl>
<loc>
<gml:Curve gml:id="K18_4642511850_29-g" srsName="fguuid:jgd2011.bl">
<gml:segments>
<gml:LineStringSegment>
<gml:posList>
32.919454722 128.965150278
32.919420833 128.965188333
32.919398056 128.965201667
32.919364444 128.965188333
32.919285278 128.965088056
32.919353056 128.965034722
32.919426389 128.965114722
32.919454722 128.965150278
</gml:posList>
</gml:LineStringSegment>
</gml:segments>
</gml:Curve>
</loc>
<type>普通建物</type>
</BldL>
<BldL gml:id="K18_4642511850_30">
<fid>46425-11850-s-418</fid>
<lfSpanFr gml:id="K18_4642511850_30-1">
<gml:timePosition>2015-11-17</gml:timePosition>
</lfSpanFr>
<devDate gml:id="K18_4642511850_30-2">
<gml:timePosition>2024-03-13</gml:timePosition>
</devDate>
<orgGILvl>25000</orgGILvl>
<loc>
<gml:Curve gml:id="K18_4642511850_30-g" srsName="fguuid:jgd2011.bl">
<gml:segments>
<gml:LineStringSegment>
<gml:posList>
32.919668889 128.965381944
32.919612500 128.965442222
32.919550278 128.965355278
32.919522222 128.965308611
32.919590000 128.965255000
32.919668889 128.965381944
</gml:posList>
</gml:LineStringSegment>
</gml:segments>
</gml:Curve>
</loc>
<type>普通建物</type>
</BldL>
<BldL gml:id="K18_4642511850_31">
<fid>46425-11850-s-419</fid>
<lfSpanFr gml:id="K18_4642511850_31-1">
<gml:timePosition>2015-11-17</gml:timePosition>
</lfSpanFr>
<devDate gml:id="K18_4642511850_31-2">
<gml:timePosition>2024-03-13</gml:timePosition>
</devDate>
<orgGILvl>25000</orgGILvl>
<loc>
<gml:Curve gml:id="K18_4642511850_31-g" srsName="fguuid:jgd2011.bl">
<gml:segments>
<gml:LineStringSegment>
<gml:posList>
32.919725278 128.965568889
32.919713889 128.965729167
32.919691389 128.965742778
32.919646389 128.965735833
32.919636009 128.965716203
32.919651944 128.965555556
32.919725278 128.965568889
</gml:posList>
</gml:LineStringSegment>
</gml:segments>
</gml:Curve>
</loc>
<type>普通建物</type>
</BldL>
<BldL gml:id="K18_4642511850_32">
<fid>46425-11850-s-420</fid>
<lfSpanFr gml:id="K18_4642511850_32-1">
<gml:timePosition>2015-11-17</gml:timePosition>
</lfSpanFr>
<devDate gml:id="K18_4642511850_32-2">
<gml:timePosition>2024-03-13</gml:timePosition>
</devDate>
<orgGILvl>25000</orgGILvl>
<loc>
<gml:Curve gml:id="K18_4642511850_32-g" srsName="fguuid:jgd2011.bl">
<gml:segments>
<gml:LineStringSegment>
<gml:posList>
32.919475833 128.966429444
32.919347500 128.966523889
32.919302222 128.966443611
32.919432500 128.966344167
32.919475833 128.966429444
</gml:posList>
</gml:LineStringSegment>
</gml:segments>
</gml:Curve>
</loc>
<type>普通建物</type>
</BldL>
<BldL gml:id="K18_4642511850_33">
<fid>46425-11850-s-494</fid>
<lfSpanFr gml:id="K18_4642511850_33-1">
<gml:timePosition>2015-11-17</gml:timePosition>
</lfSpanFr>
<devDate gml:id="K18_4642511850_33-2">
<gml:timePosition>2024-03-13</gml:timePosition>
</devDate>
<orgGILvl>25000</orgGILvl>
<loc>
<gml:Curve gml:id="K18_4642511850_33-g" srsName="fguuid:jgd2011.bl">
<gml:segments>
<gml:LineStringSegment>
<gml:posList>
32.920192621 128.962440377
32.920144557 128.962587145
32.920059532 128.962547886
32.920107597 128.962401224
32.920192621 128.962440377
</gml:posList>
</gml:LineStringSegment>
</gml:segments>
</gml:Curve>
</loc>
<type>普通建物</type>
</BldL>
<BldL gml:id="K18_4642511850_34">
<fid>46425-11850-s-495</fid>
<lfSpanFr gml:id="K18_4642511850_34-1">
<gml:timePosition>2015-11-17</gml:timePosition>
</lfSpanFr>
<devDate gml:id="K18_4642511850_34-2">
<gml:timePosition>2024-03-13</gml:timePosition>
</devDate>
<orgGILvl>25000</orgGILvl>
<loc>
<gml:Curve gml:id="K18_4642511850_34-g" srsName="fguuid:jgd2011.bl">
<gml:segments>
<gml:LineStringSegment>
<gml:posList>
32.919720108 128.962862350
32.919652381 128.963008060
32.919581031 128.962961447
32.919648759 128.962815737
32.919720108 128.962862350
</gml:posList>
</gml:LineStringSegment>
</gml:segments>
</gml:Curve>
</loc>
<type>普通建物</type>
</BldL>
<BldL gml:id="K18_4642511850_35">
<fid>46425-11850-s-496</fid>
<lfSpanFr gml:id="K18_4642511850_35-1">
<gml:timePosition>2015-11-17</gml:timePosition>
</lfSpanFr>
<devDate gml:id="K18_4642511850_35-2">
<gml:timePosition>2024-03-13</gml:timePosition>
</devDate>
<orgGILvl>25000</orgGILvl>
<loc>
<gml:Curve gml:id="K18_4642511850_35-g" srsName="fguuid:jgd2011.bl">
<gml:segments>
<gml:LineStringSegment>
<gml:posList>
32.919190496 128.963574621
32.919112203 128.963696124
32.919045665 128.963635903
32.919123867 128.963514295
32.919190496 128.963574621
</gml:posList>
</gml:LineStringSegment>
</gml:segments>
</gml:Curve>
</loc>
<type>普通建物</type>
</BldL>
<BldL gml:id="K18_4642511850_36">
<fid>46425-11850-s-497</fid>
<lfSpanFr gml:id="K18_4642511850_36-1">
<gml:timePosition>2015-11-17</gml:timePosition>
</lfSpanFr>
<devDate gml:id="K18_4642511850_36-2">
<gml:timePosition>2024-03-13</gml:timePosition>
</devDate>
<orgGILvl>25000</orgGILvl>
<loc>
<gml:Curve gml:id="K18_4642511850_36-g" srsName="fguuid:jgd2011.bl">
<gml:segments>
<gml:LineStringSegment>
<gml:posList>
32.918457776 128.964280838
32.918401251 128.964515966
32.918300740 128.964482037
32.918357174 128.964246910
32.918457776 128.964280838
</gml:posList>
</gml:LineStringSegment>
</gml:segments>
</gml:Curve>
</loc>
<type>普通建物</type>
</BldL>
<BldL gml:id="K18_4642511850_37">
<fid>46425-11850-s-498</fid>
<lfSpanFr gml:id="K18_4642511850_37-1">
<gml:timePosition>2015-11-17</gml:timePosition>
</lfSpanFr>
<devDate gml:id="K18_4642511850_37-2">
<gml:timePosition>2024-03-13</gml:timePosition>
</devDate>
<orgGILvl>25000</orgGILvl>
<loc>
<gml:Curve gml:id="K18_4642511850_37-g" srsName="fguuid:jgd2011.bl">
<gml:segments>
<gml:LineStringSegment>
<gml:posList>
32.916877194 128.960424725
32.916904984 128.960312700
32.917042082 128.960354434
32.917027261 128.960437904
32.916995767 128.960428110
32.916990207 128.960455477
32.916877194 128.960424725
</gml:posList>
</gml:LineStringSegment>
</gml:segments>
</gml:Curve>
</loc>
<type>普通建物</type>
</BldL>
<BldL gml:id="K18_4642511850_38">
<fid>46425-11850-s-574</fid>
<lfSpanFr gml:id="K18_4642511850_38-1">
<gml:timePosition>2019-11-19</gml:timePosition>
</lfSpanFr>
<devDate gml:id="K18_4642511850_38-2">
<gml:timePosition>2024-03-13</gml:timePosition>
</devDate>
<orgGILvl>25000</orgGILvl>
<loc>
<gml:Curve gml:id="K18_4642511850_38-g" srsName="fguuid:jgd2011.bl">
<gml:segments>
<gml:LineStringSegment>
<gml:posList>
32.919069191 128.961743142
32.919133034 128.961873726
32.919080233 128.961911927
32.919014284 128.961782633
32.919069191 128.961743142
</gml:posList>
</gml:LineStringSegment>
</gml:segments>
</gml:Curve>
</loc>
<type>普通建物</type>
</BldL>
<BldL gml:id="K18_4643711850_1">
<fid>46437-11850-s-447</fid>
<lfSpanFr gml:id="K18_4643711850_1-1">
<gml:timePosition>2015-11-17</gml:timePosition>
</lfSpanFr>
<devDate gml:id="K18_4643711850_1-2">
<gml:timePosition>2024-03-13</gml:timePosition>
</devDate>
<orgGILvl>25000</orgGILvl>
<loc>
<gml:Curve gml:id="K18_4643711850_1-g" srsName="fguuid:jgd2011.bl">
<gml:segments>
<gml:LineStringSegment>
<gml:posList>
32.919360556 128.998814722
32.919437500 128.998946111
32.919392222 128.998986944
32.919306111 128.998846389
32.919360556 128.998814722
</gml:posList>
</gml:LineStringSegment>
</gml:segments>
</gml:Curve>
</loc>
<type>普通建物</type>
</BldL>
<BldL gml:id="K18_4643711850_2">
<fid>46437-11850-s-448</fid>
<lfSpanFr gml:id="K18_4643711850_2-1">
<gml:timePosition>2015-11-17</gml:timePosition>
</lfSpanFr>
<devDate gml:id="K18_4643711850_2-2">
<gml:timePosition>2024-03-13</gml:timePosition>
</devDate>
<orgGILvl>25000</orgGILvl>
<loc>
<gml:Curve gml:id="K18_4643711850_2-g" srsName="fguuid:jgd2011.bl">
<gml:segments>
<gml:LineStringSegment>
<gml:posList>
32.920205000 128.999459167
32.920193611 128.999539167
32.920114722 128.999539167
32.920103611 128.999459167
32.920205000 128.999459167
</gml:posList>
</gml:LineStringSegment>
</gml:segments>
</gml:Curve>
</loc>
<type>普通建物</type>
</BldL>
<BldL gml:id="K18_4643711850_3">
<fid>46437-11850-s-449</fid>
<lfSpanFr gml:id="K18_4643711850_3-1">
<gml:timePosition>2015-11-17</gml:timePosition>
</lfSpanFr>
<devDate gml:id="K18_4643711850_3-2">
<gml:timePosition>2024-03-13</gml:timePosition>
</devDate>
<orgGILvl>25000</orgGILvl>
<loc>
<gml:Curve gml:id="K18_4643711850_3-g" srsName="fguuid:jgd2011.bl">
<gml:segments>
<gml:LineStringSegment>
<gml:posList>
32.920391111 128.999652778
32.920379722 128.999693056
32.920334722 128.999719722
32.920266944 128.999639444
32.920272778 128.999612778
32.920312222 128.999566111
32.920345833 128.999592778
32.920357222 128.999619444
32.920391111 128.999652778
</gml:posList>
</gml:LineStringSegment>
</gml:segments>
</gml:Curve>
</loc>
<type>普通建物</type>
</BldL>
<BldL gml:id="K18_4643711850_4">
<fid>46437-11850-s-450</fid>
<lfSpanFr gml:id="K18_4643711850_4-1">
<gml:timePosition>2015-11-17</gml:timePosition>
</lfSpanFr>
<devDate gml:id="K18_4643711850_4-2">
<gml:timePosition>2024-03-13</gml:timePosition>
</devDate>
<orgGILvl>25000</orgGILvl>
<loc>
<gml:Curve gml:id="K18_4643711850_4-g" srsName="fguuid:jgd2011.bl">
<gml:segments>
<gml:LineStringSegment>
<gml:posList>
32.920193611 128.999666389
32.920182500 128.999746389
32.920097778 128.999760000
32.920092222 128.999673056
32.920103611 128.999659722
32.920193611 128.999666389
</gml:posList>
</gml:LineStringSegment>
</gml:segments>
</gml:Curve>
</loc>
<type>普通建物</type>
</BldL>
<BldL gml:id="K18_4643711850_5">
<fid>46437-11850-s-451</fid>
<lfSpanFr gml:id="K18_4643711850_5-1">
<gml:timePosition>2015-11-17</gml:timePosition>
</lfSpanFr>
<devDate gml:id="K18_4643711850_5-2">
<gml:timePosition>2024-03-13</gml:timePosition>
</devDate>
<orgGILvl>25000</orgGILvl>
<loc>
<gml:Curve gml:id="K18_4643711850_5-g" srsName="fguuid:jgd2011.bl">
<gml:segments>
<gml:LineStringSegment>
<gml:posList>
32.920397500 128.999766111
32.920494167 128.999821667
32.920455556 128.999889167
32.920368611 128.999853056
32.920397500 128.999766111
</gml:posList>
</gml:LineStringSegment>
</gml:segments>
</gml:Curve>
</loc>
<type>普通建物</type>
</BldL>
<BldL gml:id="K18_4643711850_6">
<fid>46437-11850-s-452</fid>
<lfSpanFr gml:id="K18_4643711850_6-1">
<gml:timePosition>2015-11-17</gml:timePosition>
</lfSpanFr>
<devDate gml:id="K18_4643711850_6-2">
<gml:timePosition>2024-03-13</gml:timePosition>
</devDate>
<orgGILvl>25000</orgGILvl>
<loc>
<gml:Curve gml:id="K18_4643711850_6-g" srsName="fguuid:jgd2011.bl">
<gml:segments>
<gml:LineStringSegment>
<gml:posList>
32.922330278 128.999780000
32.922319167 128.999840000
32.922302222 128.999853333
32.922200556 128.999846667
32.922183889 128.999840000
32.922189444 128.999766667
32.922256944 128.999766667
32.922330278 128.999780000
</gml:posList>
</gml:LineStringSegment>
</gml:segments>
</gml:Curve>
</loc>
<type>普通建物</type>
</BldL>
<BldL gml:id="K18_4643711850_7">
<fid>46437-11850-s-453</fid>
<lfSpanFr gml:id="K18_4643711850_7-1">
<gml:timePosition>2015-11-17</gml:timePosition>
</lfSpanFr>
<devDate gml:id="K18_4643711850_7-2">
<gml:timePosition>2024-03-13</gml:timePosition>
</devDate>
<orgGILvl>25000</orgGILvl>
<loc>
<gml:Curve gml:id="K18_4643711850_7-g" srsName="fguuid:jgd2011.bl">
<gml:segments>
<gml:LineStringSegment>
<gml:posList>
32.922037222 128.999793333
32.922025833 128.999840000
32.922014722 128.999880278
32.921901944 128.999866944
32.921913056 128.999780000
32.922020278 128.999786667
32.922037222 128.999793333
</gml:posList>
</gml:LineStringSegment>
</gml:segments>
</gml:Curve>
</loc>
<type>普通建物</type>
</BldL>
<BldL gml:id="K18_4643711850_8">
<fid>46437-11850-s-454</fid>
<lfSpanFr gml:id="K18_4643711850_8-1">
<gml:timePosition>2015-11-17</gml:timePosition>
</lfSpanFr>
<devDate gml:id="K18_4643711850_8-2">
<gml:timePosition>2024-03-13</gml:timePosition>
</devDate>
<orgGILvl>25000</orgGILvl>
<loc>
<gml:Curve gml:id="K18_4643711850_8-g" srsName="fguuid:jgd2011.bl">
<gml:segments>
<gml:LineStringSegment>
<gml:posList>
32.920729444 128.999800000
32.920712500 128.999840000
32.920684167 128.999873611
32.920627778 128.999840000
32.920582778 128.999806667
32.920599722 128.999773333
32.920627778 128.999739722
32.920729444 128.999800000
</gml:posList>
</gml:LineStringSegment>
</gml:segments>
</gml:Curve>
</loc>
<type>普通建物</type>
</BldL>
<BldL gml:id="K18_4643711850_9">
<fid>46437-11850-s-455</fid>
<lfSpanFr gml:id="K18_4643711850_9-1">
<gml:timePosition>2015-11-17</gml:timePosition>
</lfSpanFr>
<devDate gml:id="K18_4643711850_9-2">
<gml:timePosition>2024-03-13</gml:timePosition>
</devDate>
<orgGILvl>25000</orgGILvl>
<loc>
<gml:Curve gml:id="K18_4643711850_9-g" srsName="fguuid:jgd2011.bl">
<gml:segments>
<gml:LineStringSegment>
<gml:posList>
32.922553611 128.999855278
32.922653611 128.999921667
32.922610556 128.999983611
32.922515556 128.999912222
32.922553611 128.999855278
</gml:posList>
</gml:LineStringSegment>
</gml:segments>
</gml:Curve>
</loc>
<type>普通建物</type>
</BldL>
<BldL gml:id="K18_4643711850_10">
<fid>46437-11850-s-456</fid>
<lfSpanFr gml:id="K18_4643711850_10-1">
<gml:timePosition>2015-11-17</gml:timePosition>
</lfSpanFr>
<devDate gml:id="K18_4643711850_10-2">
<gml:timePosition>2024-03-13</gml:timePosition>
</devDate>
<orgGILvl>25000</orgGILvl>
<loc>
<gml:Curve gml:id="K18_4643711850_10-g" srsName="fguuid:jgd2011.bl">
<gml:segments>
<gml:LineStringSegment>
<gml:posList>
32.920954722 128.999920278
32.920915278 128.999987222
32.920875556 128.999973889
32.920813611 128.999926944
32.920841944 128.999860278
32.920858889 128.999846667
32.920931944 128.999900278
32.920954722 128.999920278
</gml:posList>
</gml:LineStringSegment>
</gml:segments>
</gml:Curve>
</loc>
<type>普通建物</type>
</BldL>
<BldL gml:id="K18_4643711850_11">
<fid>46437-11850-s-646</fid>
<lfSpanFr gml:id="K18_4643711850_11-1">
<gml:timePosition>2015-11-17</gml:timePosition>
</lfSpanFr>
<devDate gml:id="K18_4643711850_11-2">
<gml:timePosition>2024-03-13</gml:timePosition>
</devDate>
<orgGILvl>25000</orgGILvl>
<loc>
<gml:Curve gml:id="K18_4643711850_11-g" srsName="fguuid:jgd2011.bl">
<gml:segments>
<gml:LineStringSegment>
<gml:posList>
32.920178486 128.999156576
32.920176861 128.999246290
32.920058628 128.999243214
32.920060253 128.999153607
32.920178486 128.999156576
</gml:posList>
</gml:LineStringSegment>
</gml:segments>
</gml:Curve>
</loc>
<type>普通建物</type>
</BldL>
<BldL gml:id="K18_4643711850_12">
<fid>46437-11850-s-647</fid>
<lfSpanFr gml:id="K18_4643711850_12-1">
<gml:timePosition>2015-11-17</gml:timePosition>
</lfSpanFr>
<devDate gml:id="K18_4643711850_12-2">
<gml:timePosition>2024-03-13</gml:timePosition>
</devDate>
<orgGILvl>25000</orgGILvl>
<loc>
<gml:Curve gml:id="K18_4643711850_12-g" srsName="fguuid:jgd2011.bl">
<gml:segments>
<gml:LineStringSegment>
<gml:posList>
32.921591265 128.999558122
32.921650431 128.999695823
32.921564611 128.999747734
32.921505354 128.999610034
32.921591265 128.999558122
</gml:posList>
</gml:LineStringSegment>
</gml:segments>
</gml:Curve>
</loc>
<type>普通建物</type>
</BldL>
<BldL gml:id="K18_4643711850_13">
<fid>46437-11850-s-648</fid>
<lfSpanFr gml:id="K18_4643711850_13-1">
<gml:timePosition>2015-11-17</gml:timePosition>
</lfSpanFr>
<devDate gml:id="K18_4643711850_13-2">
<gml:timePosition>2024-03-13</gml:timePosition>
</devDate>
<orgGILvl>25000</orgGILvl>
<loc>
<gml:Curve gml:id="K18_4643711850_13-g" srsName="fguuid:jgd2011.bl">
<gml:segments>
<gml:LineStringSegment>
<gml:posList>
32.920260373 128.999900660
32.920370156 128.999896887
32.920371861 129.000000000
</gml:posList>
</gml:LineStringSegment>
</gml:segments>
</gml:Curve>
</loc>
<type>普通建物</type>
</BldL>
<BldL gml:id="K18_4643711850_14">
<fid>46437-11850-s-649</fid>
<lfSpanFr gml:id="K18_4643711850_14-1">
<gml:timePosition>2015-11-17</gml:timePosition>
</lfSpanFr>
<devDate gml:id="K18_4643711850_14-2">
<gml:timePosition>2024-03-13</gml:timePosition>
</devDate>
<orgGILvl>25000</orgGILvl>
<loc>
<gml:Curve gml:id="K18_4643711850_14-g" srsName="fguuid:jgd2011.bl">
<gml:segments>
<gml:LineStringSegment>
<gml:posList>
32.920266272 129.000000000
32.920260373 128.999900660
</gml:posList>
</gml:LineStringSegment>
</gml:segments>
</gml:Curve>
</loc>
<type>普通建物</type>
</BldL>
<BldL gml:id="K18_4643711859_1">
<fid>46437-11859-s-361</fid>
<lfSpanFr gml:id="K18_4643711859_1-1">
<gml:timePosition>2015-11-17</gml:timePosition>
</lfSpanFr>
<devDate gml:id="K18_4643711859_1-2">
<gml:timePosition>2024-03-13</gml:timePosition>
</devDate>
<orgGILvl>25000</orgGILvl>
<loc>
<gml:Curve gml:id="K18_4643711859_1-g" srsName="fguuid:jgd2011.bl">
<gml:segments>
<gml:LineStringSegment>
<gml:posList>
32.944289167 128.998836389
32.944260833 128.998870000
32.944181944 128.998936667
32.944142500 128.998870000
32.944148056 128.998849722
32.944238333 128.998769722
32.944283333 128.998816389
32.944289167 128.998836389
</gml:posList>
</gml:LineStringSegment>
</gml:segments>
</gml:Curve>
</loc>
<type>普通建物</type>
</BldL>
<BldL gml:id="K18_4643711859_2">
<fid>46437-11859-s-362</fid>
<lfSpanFr gml:id="K18_4643711859_2-1">
<gml:timePosition>2015-11-17</gml:timePosition>
</lfSpanFr>
<devDate gml:id="K18_4643711859_2-2">
<gml:timePosition>2024-03-13</gml:timePosition>
</devDate>
<orgGILvl>25000</orgGILvl>
<loc>
<gml:Curve gml:id="K18_4643711859_2-g" srsName="fguuid:jgd2011.bl">
<gml:segments>
<gml:LineStringSegment>
<gml:posList>
32.944424444 128.999230833
32.944413056 128.999271111
32.944300278 128.999291111
32.944289167 128.999197500
32.944413056 128.999170833
32.944424444 128.999230833
</gml:posList>
</gml:LineStringSegment>
</gml:segments>
</gml:Curve>
</loc>
<type>普通建物</type>
</BldL>
<BldL gml:id="K18_4643711859_3">
<fid>46437-11859-s-363</fid>
<lfSpanFr gml:id="K18_4643711859_3-1">
<gml:timePosition>2015-11-17</gml:timePosition>
</lfSpanFr>
<devDate gml:id="K18_4643711859_3-2">
<gml:timePosition>2024-03-13</gml:timePosition>
</devDate>
<orgGILvl>25000</orgGILvl>
<loc>
<gml:Curve gml:id="K18_4643711859_3-g" srsName="fguuid:jgd2011.bl">
<gml:segments>
<gml:LineStringSegment>
<gml:posList>
32.943939722 128.999411389
32.943928611 128.999438056
32.943889167 128.999458333
32.943866389 128.999451389
32.943838333 128.999391389
32.943810000 128.999291111
32.943866389 128.999257778
32.943883333 128.999264444
32.943917222 128.999344444
32.943939722 128.999411389
</gml:posList>
</gml:LineStringSegment>
</gml:segments>
</gml:Curve>
</loc>
<type>普通建物</type>
</BldL>
<BldL gml:id="K18_4643711859_4">
<fid>46437-11859-s-590</fid>
<lfSpanFr gml:id="K18_4643711859_4-1">
<gml:timePosition>2015-11-17</gml:timePosition>
</lfSpanFr>
<devDate gml:id="K18_4643711859_4-2">
<gml:timePosition>2024-03-13</gml:timePosition>
</devDate>
<orgGILvl>25000</orgGILvl>
<loc>
<gml:Curve gml:id="K18_4643711859_4-g" srsName="fguuid:jgd2011.bl">
<gml:segments>
<gml:LineStringSegment>
<gml:posList>
32.945008557 128.997323745
32.944968200 128.997468674
32.944875624 128.997432408
32.944915981 128.997287479
32.945008557 128.997323745
</gml:posList>
</gml:LineStringSegment>
</gml:segments>
</gml:Curve>
</loc>
<type>普通建物</type>
</BldL>
<BldL gml:id="K18_4643711859_5">
<fid>46437-11859-s-591</fid>
<lfSpanFr gml:id="K18_4643711859_5-1">
<gml:timePosition>2015-11-17</gml:timePosition>
</lfSpanFr>
<devDate gml:id="K18_4643711859_5-2">
<gml:timePosition>2024-03-13</gml:timePosition>
</devDate>
<orgGILvl>25000</orgGILvl>
<loc>
<gml:Curve gml:id="K18_4643711859_5-g" srsName="fguuid:jgd2011.bl">
<gml:segments>
<gml:LineStringSegment>
<gml:posList>
32.945199770 128.994160628
32.945251020 128.994301723
32.945171019 128.994342604
32.945119769 128.994201511
32.945199770 128.994160628
</gml:posList>
</gml:LineStringSegment>
</gml:segments>
</gml:Curve>
</loc>
<type>普通建物</type>
</BldL>
</Dataset>
