<?xml version="1.0" encoding="utf-8"?>
<Dataset xsi:schemaLocation="http://fgd.gsi.go.jp/spec/2008/FGD_GMLSchema FGD_GMLSchema.xsd"
	xmlns:gml="http://www.opengis.net/gml/3.2"
	xmlns:xsi="http://www.w3.org/2001/XMLSchema-instance"
	xmlns:xlink="http://www.w3.org/1999/xlink"
	xmlns="http://fgd.gsi.go.jp/spec/2008/FGD_GMLSchema"
	gml:id="Dataset1">
  <gml:description>基盤地図情報メタデータ ID=fmdid:24-0401</gml:description>
  <gml:name>基盤地図情報ダウンロードデータ（GML版）</gml:name>
<GCP gml:id="K1_492837_1">
<fid>10-00100-0-2303-145163</fid>
<lfSpanFr gml:id="K1_492837_1-1">
<gml:timePosition>2024-03-06</gml:timePosition>
</lfSpanFr>
<devDate gml:id="K1_492837_1-2">
<gml:timePosition>2024-03-13</gml:timePosition>
</devDate>
<orgGILvl>SJ12</orgGILvl>
<vis>表示</vis>
<pos>
<gml:Point gml:id="K1_492837_1-g" srsName="fguuid:jgd2011.bl">
<gml:pos>32.917794444 128.961586111</gml:pos>
</gml:Point>
</pos>
<orgName>国土地理院</orgName>
<type>水準点</type>
<gcpClass>二等水準点</gcpClass>
<gcpCode>L020000010607</gcpCode>
<name>１０６０７</name>
<B>118504.06</B>
<L>464261.71</L>
<alti>2.137</alti>
<altiAcc>3</altiAcc>
</GCP>
<GCP gml:id="K1_492837_2">
<fid>10-00100-0-2303-152161</fid>
<lfSpanFr gml:id="K1_492837_2-1">
<gml:timePosition>2024-03-06</gml:timePosition>
</lfSpanFr>
<devDate gml:id="K1_492837_2-2">
<gml:timePosition>2024-03-13</gml:timePosition>
</devDate>
<orgGILvl>KJ12</orgGILvl>
<vis>表示</vis>
<pos>
<gml:Point gml:id="K1_492837_2-g" srsName="fguuid:jgd2011.bl">
<gml:pos>32.957810639 128.990222000</gml:pos>
</gml:Point>
</pos>
<orgName>国土地理院</orgName>
<type>三角点</type>
<gcpClass>二等三角点</gcpClass>
<gcpCode>TR24928374901</gcpCode>
<name>串島</name>
<B>118648.1183</B>
<L>464364.7992</L>
<alti>189.57</alti>
<altiAcc>2</altiAcc>
</GCP>
<GCP gml:id="K1_492837_3">
<fid>10-00100-0-2303-158695</fid>
<lfSpanFr gml:id="K1_492837_3-1">
<gml:timePosition>2024-03-06</gml:timePosition>
</lfSpanFr>
<devDate gml:id="K1_492837_3-2">
<gml:timePosition>2024-03-13</gml:timePosition>
</devDate>
<orgGILvl>KJ13</orgGILvl>
<vis>表示</vis>
<pos>
<gml:Point gml:id="K1_492837_3-g" srsName="fguuid:jgd2011.bl">
<gml:pos>32.923070250 128.995232250</gml:pos>
</gml:Point>
</pos>
<orgName>国土地理院</orgName>
<type>三角点</type>
<gcpClass>三等三角点</gcpClass>
<gcpCode>TR34928370901</gcpCode>
<name>葉山</name>
<B>118523.0529</B>
<L>464382.8361</L>
<alti>232.84</alti>
<altiAcc>2</altiAcc>
</GCP>
<GCP gml:id="K1_492837_4">
<fid>10-00100-0-2303-194637</fid>
<lfSpanFr gml:id="K1_492837_4-1">
<gml:timePosition>2024-03-06</gml:timePosition>
</lfSpanFr>
<devDate gml:id="K1_492837_4-2">
<gml:timePosition>2024-03-13</gml:timePosition>
</devDate>
<orgGILvl>KJ14</orgGILvl>
<vis>表示</vis>
<pos>
<gml:Point gml:id="K1_492837_4-g" srsName="fguuid:jgd2011.bl">
<gml:pos>32.916748944 128.985654500</gml:pos>
</gml:Point>
</pos>
<orgName>国土地理院</orgName>
<type>三角点</type>
<gcpClass>四等三角点</gcpClass>
<gcpCode>TR44928370801</gcpCode>
<name>新四郎崎</name>
<B>118500.2962</B>
<L>464348.3562</L>
<alti>183.91</alti>
<altiAcc>2</altiAcc>
</GCP>
<GCP gml:id="K1_492837_5">
<fid>10-00100-0-2303-194638</fid>
<lfSpanFr gml:id="K1_492837_5-1">
<gml:timePosition>2024-03-06</gml:timePosition>
</lfSpanFr>
<devDate gml:id="K1_492837_5-2">
<gml:timePosition>2024-03-13</gml:timePosition>
</devDate>
<orgGILvl>KJ14</orgGILvl>
<vis>表示</vis>
<pos>
<gml:Point gml:id="K1_492837_5-g" srsName="fguuid:jgd2011.bl">
<gml:pos>32.925086250 128.962424111</gml:pos>
</gml:Point>
</pos>
<orgName>国土地理院</orgName>
<type>三角点</type>
<gcpClass>四等三角点</gcpClass>
<gcpCode>TR44928371601</gcpCode>
<name>祇園山</name>
<B>118530.3105</B>
<L>464264.7268</L>
<alti>243.67</alti>
<altiAcc>2</altiAcc>
</GCP>
<GCP gml:id="K1_492837_6">
<fid>10-00100-0-2303-194639</fid>
<lfSpanFr gml:id="K1_492837_6-1">
<gml:timePosition>2024-03-06</gml:timePosition>
</lfSpanFr>
<devDate gml:id="K1_492837_6-2">
<gml:timePosition>2024-03-13</gml:timePosition>
</devDate>
<orgGILvl>KJ14</orgGILvl>
<vis>表示</vis>
<pos>
<gml:Point gml:id="K1_492837_6-g" srsName="fguuid:jgd2011.bl">
<gml:pos>32.943395139 128.997551528</gml:pos>
</gml:Point>
</pos>
<orgName>国土地理院</orgName>
<type>三角点</type>
<gcpClass>四等三角点</gcpClass>
<gcpCode>TR44928373901</gcpCode>
<name>焼崎</name>
<B>118596.2225</B>
<L>464391.1855</L>
<alti>110.77</alti>
<altiAcc>2</altiAcc>
</GCP>
</Dataset>
