<?xml version="1.0" encoding="utf-8"?>
<Dataset xsi:schemaLocation="http://fgd.gsi.go.jp/spec/2008/FGD_GMLSchema FGD_GMLSchema.xsd"
	xmlns:gml="http://www.opengis.net/gml/3.2"
	xmlns:xsi="http://www.w3.org/2001/XMLSchema-instance"
	xmlns:xlink="http://www.w3.org/1999/xlink"
	xmlns="http://fgd.gsi.go.jp/spec/2008/FGD_GMLSchema"
	gml:id="Dataset1">
  <gml:description>基盤地図情報メタデータ ID=fmdid:24-0401</gml:description>
  <gml:name>基盤地図情報ダウンロードデータ（GML版）</gml:name>
<ElevPt gml:id="K2_4641911850_1">
<fid>46419-11850-i-55</fid>
<lfSpanFr gml:id="K2_4641911850_1-1">
<gml:timePosition>2015-11-17</gml:timePosition>
</lfSpanFr>
<devDate gml:id="K2_4641911850_1-2">
<gml:timePosition>2024-03-13</gml:timePosition>
</devDate>
<orgGILvl>25000</orgGILvl>
<vis>表示</vis>
<pos>
<gml:Point gml:id="K2_4641911850_1-g" srsName="fguuid:jgd2011.bl">
<gml:pos>32.917121111 128.948110833</gml:pos>
</gml:Point>
</pos>
<type>標高点（測点）</type>
<alti>86</alti>
</ElevPt>
<ElevPt gml:id="K2_4642511850_1">
<fid>46425-11850-i-179</fid>
<lfSpanFr gml:id="K2_4642511850_1-1">
<gml:timePosition>2022-03-16</gml:timePosition>
</lfSpanFr>
<devDate gml:id="K2_4642511850_1-2">
<gml:timePosition>2024-03-13</gml:timePosition>
</devDate>
<orgGILvl>25000</orgGILvl>
<vis>表示</vis>
<pos>
<gml:Point gml:id="K2_4642511850_1-g" srsName="fguuid:jgd2011.bl">
<gml:pos>32.921017500 128.963457222</gml:pos>
</gml:Point>
</pos>
<type>標高点（測点）</type>
<alti>118</alti>
</ElevPt>
<ElevPt gml:id="K2_4642511853_1">
<fid>46425-11853-i-19</fid>
<lfSpanFr gml:id="K2_4642511853_1-1">
<gml:timePosition>2022-03-16</gml:timePosition>
</lfSpanFr>
<devDate gml:id="K2_4642511853_1-2">
<gml:timePosition>2024-03-13</gml:timePosition>
</devDate>
<orgGILvl>25000</orgGILvl>
<vis>表示</vis>
<pos>
<gml:Point gml:id="K2_4642511853_1-g" srsName="fguuid:jgd2011.bl">
<gml:pos>32.926759722 128.966080000</gml:pos>
</gml:Point>
</pos>
<type>標高点（測点）</type>
<alti>134</alti>
</ElevPt>
<ElevPt gml:id="K2_4642511853_2">
<fid>46425-11853-i-20</fid>
<lfSpanFr gml:id="K2_4642511853_2-1">
<gml:timePosition>2022-03-16</gml:timePosition>
</lfSpanFr>
<devDate gml:id="K2_4642511853_2-2">
<gml:timePosition>2024-03-13</gml:timePosition>
</devDate>
<orgGILvl>25000</orgGILvl>
<vis>表示</vis>
<pos>
<gml:Point gml:id="K2_4642511853_2-g" srsName="fguuid:jgd2011.bl">
<gml:pos>32.929197500 128.962410278</gml:pos>
</gml:Point>
</pos>
<type>標高点（測点）</type>
<alti>141</alti>
</ElevPt>
<ElevPt gml:id="K2_4642811853_1">
<fid>46428-11853-i-12</fid>
<lfSpanFr gml:id="K2_4642811853_1-1">
<gml:timePosition>2022-03-16</gml:timePosition>
</lfSpanFr>
<devDate gml:id="K2_4642811853_1-2">
<gml:timePosition>2024-03-13</gml:timePosition>
</devDate>
<orgGILvl>25000</orgGILvl>
<vis>表示</vis>
<pos>
<gml:Point gml:id="K2_4642811853_1-g" srsName="fguuid:jgd2011.bl">
<gml:pos>32.928549444 128.971021944</gml:pos>
</gml:Point>
</pos>
<type>標高点（測点）</type>
<alti>52</alti>
</ElevPt>
<ElevPt gml:id="K2_4643111850_1">
<fid>46431-11850-i-9</fid>
<lfSpanFr gml:id="K2_4643111850_1-1">
<gml:timePosition>2022-03-16</gml:timePosition>
</lfSpanFr>
<devDate gml:id="K2_4643111850_1-2">
<gml:timePosition>2024-03-13</gml:timePosition>
</devDate>
<orgGILvl>25000</orgGILvl>
<vis>表示</vis>
<pos>
<gml:Point gml:id="K2_4643111850_1-g" srsName="fguuid:jgd2011.bl">
<gml:pos>32.918468056 128.979098889</gml:pos>
</gml:Point>
</pos>
<type>標高点（測点）</type>
<alti>104</alti>
</ElevPt>
<ElevPt gml:id="K2_4643111859_1">
<fid>46431-11859-i-23</fid>
<lfSpanFr gml:id="K2_4643111859_1-1">
<gml:timePosition>2015-11-17</gml:timePosition>
</lfSpanFr>
<devDate gml:id="K2_4643111859_1-2">
<gml:timePosition>2024-03-13</gml:timePosition>
</devDate>
<orgGILvl>25000</orgGILvl>
<vis>表示</vis>
<pos>
<gml:Point gml:id="K2_4643111859_1-g" srsName="fguuid:jgd2011.bl">
<gml:pos>32.947761667 128.980217222</gml:pos>
</gml:Point>
</pos>
<type>標高点（測点）</type>
<alti>133</alti>
</ElevPt>
<ElevPt gml:id="K2_4643111862_1">
<fid>46431-11862-i-41</fid>
<lfSpanFr gml:id="K2_4643111862_1-1">
<gml:timePosition>2015-11-17</gml:timePosition>
</lfSpanFr>
<devDate gml:id="K2_4643111862_1-2">
<gml:timePosition>2024-03-13</gml:timePosition>
</devDate>
<orgGILvl>25000</orgGILvl>
<vis>表示</vis>
<pos>
<gml:Point gml:id="K2_4643111862_1-g" srsName="fguuid:jgd2011.bl">
<gml:pos>32.955773611 128.982339722</gml:pos>
</gml:Point>
</pos>
<type>標高点（測点）</type>
<alti>187</alti>
</ElevPt>
<ElevPt gml:id="K2_4643411850_1">
<fid>46434-11850-i-8</fid>
<lfSpanFr gml:id="K2_4643411850_1-1">
<gml:timePosition>2015-11-17</gml:timePosition>
</lfSpanFr>
<devDate gml:id="K2_4643411850_1-2">
<gml:timePosition>2024-03-13</gml:timePosition>
</devDate>
<orgGILvl>25000</orgGILvl>
<vis>表示</vis>
<pos>
<gml:Point gml:id="K2_4643411850_1-g" srsName="fguuid:jgd2011.bl">
<gml:pos>32.922518333 128.988687222</gml:pos>
</gml:Point>
</pos>
<type>標高点（測点）</type>
<alti>115</alti>
</ElevPt>
<ElevPt gml:id="K2_4643411853_1">
<fid>46434-11853-i-31</fid>
<lfSpanFr gml:id="K2_4643411853_1-1">
<gml:timePosition>2022-03-16</gml:timePosition>
</lfSpanFr>
<devDate gml:id="K2_4643411853_1-2">
<gml:timePosition>2024-03-13</gml:timePosition>
</devDate>
<orgGILvl>25000</orgGILvl>
<vis>表示</vis>
<pos>
<gml:Point gml:id="K2_4643411853_1-g" srsName="fguuid:jgd2011.bl">
<gml:pos>32.930156389 128.989397222</gml:pos>
</gml:Point>
</pos>
<type>標高点（測点）</type>
<alti>167</alti>
</ElevPt>
<ElevPt gml:id="K2_4643411853_2">
<fid>46434-11853-i-32</fid>
<lfSpanFr gml:id="K2_4643411853_2-1">
<gml:timePosition>2022-03-16</gml:timePosition>
</lfSpanFr>
<devDate gml:id="K2_4643411853_2-2">
<gml:timePosition>2024-03-13</gml:timePosition>
</devDate>
<orgGILvl>25000</orgGILvl>
<vis>表示</vis>
<pos>
<gml:Point gml:id="K2_4643411853_2-g" srsName="fguuid:jgd2011.bl">
<gml:pos>32.933278056 128.989332778</gml:pos>
</gml:Point>
</pos>
<type>標高点（測点）</type>
<alti>25</alti>
</ElevPt>
<ElevPt gml:id="K2_4643411853_3">
<fid>46434-11853-i-33</fid>
<lfSpanFr gml:id="K2_4643411853_3-1">
<gml:timePosition>2022-03-16</gml:timePosition>
</lfSpanFr>
<devDate gml:id="K2_4643411853_3-2">
<gml:timePosition>2024-03-13</gml:timePosition>
</devDate>
<orgGILvl>25000</orgGILvl>
<vis>表示</vis>
<pos>
<gml:Point gml:id="K2_4643411853_3-g" srsName="fguuid:jgd2011.bl">
<gml:pos>32.929865000 128.984691944</gml:pos>
</gml:Point>
</pos>
<type>標高点（測点）</type>
<alti>57</alti>
</ElevPt>
<ElevPt gml:id="K2_4643411862_1">
<fid>46434-11862-i-14</fid>
<lfSpanFr gml:id="K2_4643411862_1-1">
<gml:timePosition>2022-03-16</gml:timePosition>
</lfSpanFr>
<devDate gml:id="K2_4643411862_1-2">
<gml:timePosition>2024-03-13</gml:timePosition>
</devDate>
<orgGILvl>25000</orgGILvl>
<vis>表示</vis>
<pos>
<gml:Point gml:id="K2_4643411862_1-g" srsName="fguuid:jgd2011.bl">
<gml:pos>32.950003333 128.988751111</gml:pos>
</gml:Point>
</pos>
<type>標高点（測点）</type>
<alti>18</alti>
</ElevPt>
<ElevPt gml:id="K2_4643711850_1">
<fid>46437-11850-i-94</fid>
<lfSpanFr gml:id="K2_4643711850_1-1">
<gml:timePosition>2022-03-16</gml:timePosition>
</lfSpanFr>
<devDate gml:id="K2_4643711850_1-2">
<gml:timePosition>2024-03-13</gml:timePosition>
</devDate>
<orgGILvl>25000</orgGILvl>
<vis>表示</vis>
<pos>
<gml:Point gml:id="K2_4643711850_1-g" srsName="fguuid:jgd2011.bl">
<gml:pos>32.917945556 128.995578611</gml:pos>
</gml:Point>
</pos>
<type>標高点（測点）</type>
<alti>235</alti>
</ElevPt>
<ElevPt gml:id="K2_4643711853_1">
<fid>46437-11853-i-59</fid>
<lfSpanFr gml:id="K2_4643711853_1-1">
<gml:timePosition>2022-03-16</gml:timePosition>
</lfSpanFr>
<devDate gml:id="K2_4643711853_1-2">
<gml:timePosition>2024-03-13</gml:timePosition>
</devDate>
<orgGILvl>25000</orgGILvl>
<vis>表示</vis>
<pos>
<gml:Point gml:id="K2_4643711853_1-g" srsName="fguuid:jgd2011.bl">
<gml:pos>32.927761389 128.993253611</gml:pos>
</gml:Point>
</pos>
<type>標高点（測点）</type>
<alti>180</alti>
</ElevPt>
<ElevPt gml:id="K2_4643711862_1">
<fid>46437-11862-i-18</fid>
<lfSpanFr gml:id="K2_4643711862_1-1">
<gml:timePosition>2022-03-16</gml:timePosition>
</lfSpanFr>
<devDate gml:id="K2_4643711862_1-2">
<gml:timePosition>2024-03-13</gml:timePosition>
</devDate>
<orgGILvl>25000</orgGILvl>
<vis>表示</vis>
<pos>
<gml:Point gml:id="K2_4643711862_1-g" srsName="fguuid:jgd2011.bl">
<gml:pos>32.952491111 128.993415278</gml:pos>
</gml:Point>
</pos>
<type>標高点（測点）</type>
<alti>58</alti>
</ElevPt>
<ElevPt gml:id="K2_4643711865_1">
<fid>46437-11865-i-39</fid>
<lfSpanFr gml:id="K2_4643711865_1-1">
<gml:timePosition>2022-03-16</gml:timePosition>
</lfSpanFr>
<devDate gml:id="K2_4643711865_1-2">
<gml:timePosition>2024-03-13</gml:timePosition>
</devDate>
<orgGILvl>25000</orgGILvl>
<vis>表示</vis>
<pos>
<gml:Point gml:id="K2_4643711865_1-g" srsName="fguuid:jgd2011.bl">
<gml:pos>32.959272222 128.994039722</gml:pos>
</gml:Point>
</pos>
<type>標高点（測点）</type>
<alti>105</alti>
</ElevPt>
</Dataset>
