<?xml version="1.0" encoding="utf-8"?>
<Dataset xsi:schemaLocation="http://fgd.gsi.go.jp/spec/2008/FGD_GMLSchema FGD_GMLSchema.xsd"
	xmlns:gml="http://www.opengis.net/gml/3.2"
	xmlns:xsi="http://www.w3.org/2001/XMLSchema-instance"
	xmlns:xlink="http://www.w3.org/1999/xlink"
	xmlns="http://fgd.gsi.go.jp/spec/2008/FGD_GMLSchema"
	gml:id="Dataset1">
  <gml:description>基盤地図情報メタデータ ID=fmdid:25-0101</gml:description>
  <gml:name>基盤地図情報ダウンロードデータ（GML版）</gml:name>
<ElevPt gml:id="K2_4663211880_1">
<fid>46632-11880-i-3</fid>
<lfSpanFr gml:id="K2_4663211880_1-1">
<gml:timePosition>2014-09-19</gml:timePosition>
</lfSpanFr>
<devDate gml:id="K2_4663211880_1-2">
<gml:timePosition>2024-11-29</gml:timePosition>
</devDate>
<orgGILvl>25000</orgGILvl>
<vis>表示</vis>
<pos>
<gml:Point gml:id="K2_4663211880_1-g" srsName="fguuid:jgd2011.bl">
<gml:pos>33.008296944 129.541251111</gml:pos>
</gml:Point>
</pos>
<type>標高点（測点）</type>
<alti>43</alti>
</ElevPt>
<ElevPt gml:id="K2_4663811880_1">
<fid>46638-11880-i-65</fid>
<lfSpanFr gml:id="K2_4663811880_1-1">
<gml:timePosition>2014-09-19</gml:timePosition>
</lfSpanFr>
<devDate gml:id="K2_4663811880_1-2">
<gml:timePosition>2024-11-29</gml:timePosition>
</devDate>
<orgGILvl>25000</orgGILvl>
<vis>表示</vis>
<pos>
<gml:Point gml:id="K2_4663811880_1-g" srsName="fguuid:jgd2011.bl">
<gml:pos>33.002011389 129.550032222</gml:pos>
</gml:Point>
</pos>
<type>標高点（測点）</type>
<alti>76</alti>
</ElevPt>
<ElevPt gml:id="K2_4664111880_1">
<fid>46641-11880-i-96</fid>
<lfSpanFr gml:id="K2_4664111880_1-1">
<gml:timePosition>2014-09-19</gml:timePosition>
</lfSpanFr>
<devDate gml:id="K2_4664111880_1-2">
<gml:timePosition>2024-11-29</gml:timePosition>
</devDate>
<orgGILvl>25000</orgGILvl>
<vis>表示</vis>
<pos>
<gml:Point gml:id="K2_4664111880_1-g" srsName="fguuid:jgd2011.bl">
<gml:pos>33.005461389 129.560406667</gml:pos>
</gml:Point>
</pos>
<type>標高点（測点）</type>
<alti>73</alti>
</ElevPt>
<ElevPt gml:id="K2_4664111886_1">
<fid>46641-11886-i-59</fid>
<lfSpanFr gml:id="K2_4664111886_1-1">
<gml:timePosition>2014-09-19</gml:timePosition>
</lfSpanFr>
<devDate gml:id="K2_4664111886_1-2">
<gml:timePosition>2024-11-29</gml:timePosition>
</devDate>
<orgGILvl>25000</orgGILvl>
<vis>表示</vis>
<pos>
<gml:Point gml:id="K2_4664111886_1-g" srsName="fguuid:jgd2011.bl">
<gml:pos>33.019701389 129.562835278</gml:pos>
</gml:Point>
</pos>
<type>標高点（測点）</type>
<alti>42</alti>
</ElevPt>
<ElevPt gml:id="K2_4664411883_1">
<fid>46644-11883-i-75</fid>
<lfSpanFr gml:id="K2_4664411883_1-1">
<gml:timePosition>2014-09-19</gml:timePosition>
</lfSpanFr>
<devDate gml:id="K2_4664411883_1-2">
<gml:timePosition>2024-11-29</gml:timePosition>
</devDate>
<orgGILvl>25000</orgGILvl>
<vis>表示</vis>
<pos>
<gml:Point gml:id="K2_4664411883_1-g" srsName="fguuid:jgd2011.bl">
<gml:pos>33.010386389 129.568537500</gml:pos>
</gml:Point>
</pos>
<type>標高点（測点）</type>
<alti>69</alti>
</ElevPt>
<ElevPt gml:id="K2_4664411889_1">
<fid>46644-11889-i-27</fid>
<lfSpanFr gml:id="K2_4664411889_1-1">
<gml:timePosition>2014-09-19</gml:timePosition>
</lfSpanFr>
<devDate gml:id="K2_4664411889_1-2">
<gml:timePosition>2024-11-29</gml:timePosition>
</devDate>
<orgGILvl>25000</orgGILvl>
<vis>表示</vis>
<pos>
<gml:Point gml:id="K2_4664411889_1-g" srsName="fguuid:jgd2011.bl">
<gml:pos>33.025547222 129.574765278</gml:pos>
</gml:Point>
</pos>
<type>標高点（測点）</type>
<alti>52</alti>
</ElevPt>
<ElevPt gml:id="K2_4664411901_1">
<fid>46644-11901-i-44</fid>
<lfSpanFr gml:id="K2_4664411901_1-1">
<gml:timePosition>2013-12-10</gml:timePosition>
</lfSpanFr>
<devDate gml:id="K2_4664411901_1-2">
<gml:timePosition>2024-11-29</gml:timePosition>
</devDate>
<orgGILvl>25000</orgGILvl>
<vis>表示</vis>
<pos>
<gml:Point gml:id="K2_4664411901_1-g" srsName="fguuid:jgd2011.bl">
<gml:pos>33.063866389 129.568080000</gml:pos>
</gml:Point>
</pos>
<type>標高点（測点）</type>
<alti>96</alti>
</ElevPt>
<ElevPt gml:id="K2_4664711886_1">
<fid>46647-11886-i-63</fid>
<lfSpanFr gml:id="K2_4664711886_1-1">
<gml:timePosition>2014-09-19</gml:timePosition>
</lfSpanFr>
<devDate gml:id="K2_4664711886_1-2">
<gml:timePosition>2024-11-29</gml:timePosition>
</devDate>
<orgGILvl>25000</orgGILvl>
<vis>表示</vis>
<pos>
<gml:Point gml:id="K2_4664711886_1-g" srsName="fguuid:jgd2011.bl">
<gml:pos>33.021709444 129.578238056</gml:pos>
</gml:Point>
</pos>
<type>標高点（測点）</type>
<alti>70</alti>
</ElevPt>
<ElevPt gml:id="K2_4665011886_1">
<fid>46650-11886-i-61</fid>
<lfSpanFr gml:id="K2_4665011886_1-1">
<gml:timePosition>2014-09-19</gml:timePosition>
</lfSpanFr>
<devDate gml:id="K2_4665011886_1-2">
<gml:timePosition>2024-11-29</gml:timePosition>
</devDate>
<orgGILvl>25000</orgGILvl>
<vis>表示</vis>
<pos>
<gml:Point gml:id="K2_4665011886_1-g" srsName="fguuid:jgd2011.bl">
<gml:pos>33.020645000 129.587396389</gml:pos>
</gml:Point>
</pos>
<type>標高点（測点）</type>
<alti>126</alti>
</ElevPt>
<ElevPt gml:id="K2_4665011892_1">
<fid>46650-11892-i-135</fid>
<lfSpanFr gml:id="K2_4665011892_1-1">
<gml:timePosition>2023-02-21</gml:timePosition>
</lfSpanFr>
<devDate gml:id="K2_4665011892_1-2">
<gml:timePosition>2024-11-29</gml:timePosition>
</devDate>
<orgGILvl>25000</orgGILvl>
<vis>表示</vis>
<pos>
<gml:Point gml:id="K2_4665011892_1-g" srsName="fguuid:jgd2011.bl">
<gml:pos>33.041300710 129.590253219</gml:pos>
</gml:Point>
</pos>
<type>標高点（測点）</type>
<alti>17</alti>
</ElevPt>
<ElevPt gml:id="K2_4665311886_1">
<fid>46653-11886-i-9</fid>
<lfSpanFr gml:id="K2_4665311886_1-1">
<gml:timePosition>2018-12-14</gml:timePosition>
</lfSpanFr>
<devDate gml:id="K2_4665311886_1-2">
<gml:timePosition>2024-11-29</gml:timePosition>
</devDate>
<orgGILvl>25000</orgGILvl>
<vis>表示</vis>
<pos>
<gml:Point gml:id="K2_4665311886_1-g" srsName="fguuid:jgd2011.bl">
<gml:pos>33.023848611 129.599496667</gml:pos>
</gml:Point>
</pos>
<type>標高点（測点）</type>
<alti>32</alti>
</ElevPt>
<ElevPt gml:id="K2_4665311889_1">
<fid>46653-11889-i-85</fid>
<lfSpanFr gml:id="K2_4665311889_1-1">
<gml:timePosition>2018-12-14</gml:timePosition>
</lfSpanFr>
<devDate gml:id="K2_4665311889_1-2">
<gml:timePosition>2024-11-29</gml:timePosition>
</devDate>
<orgGILvl>25000</orgGILvl>
<vis>表示</vis>
<pos>
<gml:Point gml:id="K2_4665311889_1-g" srsName="fguuid:jgd2011.bl">
<gml:pos>33.031080556 129.591829444</gml:pos>
</gml:Point>
</pos>
<type>標高点（測点）</type>
<alti>88</alti>
</ElevPt>
<ElevPt gml:id="K2_4665311892_1">
<fid>46653-11892-i-237</fid>
<lfSpanFr gml:id="K2_4665311892_1-1">
<gml:timePosition>2023-02-21</gml:timePosition>
</lfSpanFr>
<devDate gml:id="K2_4665311892_1-2">
<gml:timePosition>2024-11-29</gml:timePosition>
</devDate>
<orgGILvl>25000</orgGILvl>
<vis>表示</vis>
<pos>
<gml:Point gml:id="K2_4665311892_1-g" srsName="fguuid:jgd2011.bl">
<gml:pos>33.036358056 129.599535833</gml:pos>
</gml:Point>
</pos>
<type>標高点（測点）</type>
<alti>145</alti>
</ElevPt>
<ElevPt gml:id="K2_4665311898_1">
<fid>46653-11898-i-13</fid>
<lfSpanFr gml:id="K2_4665311898_1-1">
<gml:timePosition>2023-02-21</gml:timePosition>
</lfSpanFr>
<devDate gml:id="K2_4665311898_1-2">
<gml:timePosition>2024-11-29</gml:timePosition>
</devDate>
<orgGILvl>25000</orgGILvl>
<vis>表示</vis>
<pos>
<gml:Point gml:id="K2_4665311898_1-g" srsName="fguuid:jgd2011.bl">
<gml:pos>33.051136389 129.599776389</gml:pos>
</gml:Point>
</pos>
<type>標高点（測点）</type>
<alti>41</alti>
</ElevPt>
<ElevPt gml:id="K2_4665611895_1">
<fid>46656-11895-i-148</fid>
<lfSpanFr gml:id="K2_4665611895_1-1">
<gml:timePosition>2023-02-21</gml:timePosition>
</lfSpanFr>
<devDate gml:id="K2_4665611895_1-2">
<gml:timePosition>2024-11-29</gml:timePosition>
</devDate>
<orgGILvl>25000</orgGILvl>
<vis>表示</vis>
<pos>
<gml:Point gml:id="K2_4665611895_1-g" srsName="fguuid:jgd2011.bl">
<gml:pos>33.048900556 129.607753889</gml:pos>
</gml:Point>
</pos>
<type>標高点（測点）</type>
<alti>115</alti>
</ElevPt>
<ElevPt gml:id="K2_4665611901_1">
<fid>46656-11901-i-51</fid>
<lfSpanFr gml:id="K2_4665611901_1-1">
<gml:timePosition>2023-02-21</gml:timePosition>
</lfSpanFr>
<devDate gml:id="K2_4665611901_1-2">
<gml:timePosition>2024-11-29</gml:timePosition>
</devDate>
<orgGILvl>25000</orgGILvl>
<vis>表示</vis>
<pos>
<gml:Point gml:id="K2_4665611901_1-g" srsName="fguuid:jgd2011.bl">
<gml:pos>33.063232778 129.606888333</gml:pos>
</gml:Point>
</pos>
<type>標高点（測点）</type>
<alti>87</alti>
</ElevPt>
<ElevPt gml:id="K2_4665911898_1">
<fid>46659-11898-i-503</fid>
<lfSpanFr gml:id="K2_4665911898_1-1">
<gml:timePosition>2023-02-21</gml:timePosition>
</lfSpanFr>
<devDate gml:id="K2_4665911898_1-2">
<gml:timePosition>2024-11-29</gml:timePosition>
</devDate>
<orgGILvl>25000</orgGILvl>
<vis>表示</vis>
<pos>
<gml:Point gml:id="K2_4665911898_1-g" srsName="fguuid:jgd2011.bl">
<gml:pos>33.056287500 129.614543611</gml:pos>
</gml:Point>
</pos>
<type>標高点（測点）</type>
<alti>82</alti>
</ElevPt>
<ElevPt gml:id="K2_4665911898_2">
<fid>46659-11898-i-596</fid>
<lfSpanFr gml:id="K2_4665911898_2-1">
<gml:timePosition>2023-02-21</gml:timePosition>
</lfSpanFr>
<devDate gml:id="K2_4665911898_2-2">
<gml:timePosition>2024-11-29</gml:timePosition>
</devDate>
<orgGILvl>25000</orgGILvl>
<vis>表示</vis>
<pos>
<gml:Point gml:id="K2_4665911898_2-g" srsName="fguuid:jgd2011.bl">
<gml:pos>33.053125711 129.609481451</gml:pos>
</gml:Point>
</pos>
<type>標高点（測点）</type>
<alti>2</alti>
</ElevPt>
<ElevPt gml:id="K2_4666211892_1">
<fid>46662-11892-i-638</fid>
<lfSpanFr gml:id="K2_4666211892_1-1">
<gml:timePosition>2018-12-14</gml:timePosition>
</lfSpanFr>
<devDate gml:id="K2_4666211892_1-2">
<gml:timePosition>2024-11-29</gml:timePosition>
</devDate>
<orgGILvl>25000</orgGILvl>
<vis>表示</vis>
<pos>
<gml:Point gml:id="K2_4666211892_1-g" srsName="fguuid:jgd2011.bl">
<gml:pos>33.036995000 129.624913889</gml:pos>
</gml:Point>
</pos>
<type>標高点（測点）</type>
<alti>3</alti>
</ElevPt>
<ElevPt gml:id="K2_4666211895_1">
<fid>46662-11895-i-366</fid>
<lfSpanFr gml:id="K2_4666211895_1-1">
<gml:timePosition>2018-12-14</gml:timePosition>
</lfSpanFr>
<devDate gml:id="K2_4666211895_1-2">
<gml:timePosition>2024-11-29</gml:timePosition>
</devDate>
<orgGILvl>25000</orgGILvl>
<vis>表示</vis>
<pos>
<gml:Point gml:id="K2_4666211895_1-g" srsName="fguuid:jgd2011.bl">
<gml:pos>33.045046667 129.617846111</gml:pos>
</gml:Point>
</pos>
<type>標高点（測点）</type>
<alti>146</alti>
</ElevPt>
<ElevPt gml:id="K2_4666211895_2">
<fid>46662-11895-i-367</fid>
<lfSpanFr gml:id="K2_4666211895_2-1">
<gml:timePosition>2018-12-14</gml:timePosition>
</lfSpanFr>
<devDate gml:id="K2_4666211895_2-2">
<gml:timePosition>2024-11-29</gml:timePosition>
</devDate>
<orgGILvl>25000</orgGILvl>
<vis>表示</vis>
<pos>
<gml:Point gml:id="K2_4666211895_2-g" srsName="fguuid:jgd2011.bl">
<gml:pos>33.045287778 129.624141944</gml:pos>
</gml:Point>
</pos>
<type>標高点（測点）</type>
<alti>5</alti>
</ElevPt>
<ElevPt gml:id="K2_4666211898_1">
<fid>46662-11898-i-180</fid>
<lfSpanFr gml:id="K2_4666211898_1-1">
<gml:timePosition>2023-02-21</gml:timePosition>
</lfSpanFr>
<devDate gml:id="K2_4666211898_1-2">
<gml:timePosition>2024-11-29</gml:timePosition>
</devDate>
<orgGILvl>25000</orgGILvl>
<vis>表示</vis>
<pos>
<gml:Point gml:id="K2_4666211898_1-g" srsName="fguuid:jgd2011.bl">
<gml:pos>33.053793611 129.619707778</gml:pos>
</gml:Point>
</pos>
<type>標高点（測点）</type>
<alti>123</alti>
</ElevPt>
<ElevPt gml:id="K2_4666211901_1">
<fid>46662-11901-i-12</fid>
<lfSpanFr gml:id="K2_4666211901_1-1">
<gml:timePosition>2023-02-21</gml:timePosition>
</lfSpanFr>
<devDate gml:id="K2_4666211901_1-2">
<gml:timePosition>2024-11-29</gml:timePosition>
</devDate>
<orgGILvl>25000</orgGILvl>
<vis>表示</vis>
<pos>
<gml:Point gml:id="K2_4666211901_1-g" srsName="fguuid:jgd2011.bl">
<gml:pos>33.059752778 129.618703333</gml:pos>
</gml:Point>
</pos>
<type>標高点（測点）</type>
<alti>83</alti>
</ElevPt>
</Dataset>
