<?xml version="1.0" encoding="utf-8"?>
<Dataset xsi:schemaLocation="http://fgd.gsi.go.jp/spec/2008/FGD_GMLSchema FGD_GMLSchema.xsd"
	xmlns:gml="http://www.opengis.net/gml/3.2"
	xmlns:xsi="http://www.w3.org/2001/XMLSchema-instance"
	xmlns:xlink="http://www.w3.org/1999/xlink"
	xmlns="http://fgd.gsi.go.jp/spec/2008/FGD_GMLSchema"
	gml:id="Dataset1">
  <gml:description>基盤地図情報メタデータ ID=fmdid:25-0101</gml:description>
  <gml:name>基盤地図情報ダウンロードデータ（GML版）</gml:name>
<GCP gml:id="K1_492944_1">
<fid>10-00100-0-2411-152256</fid>
<lfSpanFr gml:id="K1_492944_1-1">
<gml:timePosition>2024-11-15</gml:timePosition>
</lfSpanFr>
<devDate gml:id="K1_492944_1-2">
<gml:timePosition>2024-11-29</gml:timePosition>
</devDate>
<orgGILvl>KJ12</orgGILvl>
<vis>表示</vis>
<pos>
<gml:Point gml:id="K1_492944_1-g" srsName="fguuid:jgd2011.bl">
<gml:pos>33.004713639 129.546495000</gml:pos>
</gml:Point>
</pos>
<orgName>国土地理院</orgName>
<type>三角点</type>
<gcpClass>二等三角点</gcpClass>
<gcpCode>TR24929440301</gcpCode>
<name>崎戸島</name>
<B>118816.9691</B>
<L>466367.382</L>
<alti>74.97</alti>
<altiAcc>2</altiAcc>
</GCP>
<GCP gml:id="K1_492944_2">
<fid>10-00100-0-2411-152257</fid>
<lfSpanFr gml:id="K1_492944_2-1">
<gml:timePosition>2024-11-15</gml:timePosition>
</lfSpanFr>
<devDate gml:id="K1_492944_2-2">
<gml:timePosition>2024-11-29</gml:timePosition>
</devDate>
<orgGILvl>KJ12</orgGILvl>
<vis>表示</vis>
<pos>
<gml:Point gml:id="K1_492944_2-g" srsName="fguuid:jgd2011.bl">
<gml:pos>33.040400889 129.610148306</gml:pos>
</gml:Point>
</pos>
<orgName>国土地理院</orgName>
<type>三角点</type>
<gcpClass>二等三角点</gcpClass>
<gcpCode>TR24929444801</gcpCode>
<name>大島</name>
<B>118945.4432</B>
<L>466596.5339</L>
<alti>193.64</alti>
<altiAcc>2</altiAcc>
</GCP>
<GCP gml:id="K1_492944_3">
<fid>10-00100-0-2411-158869</fid>
<lfSpanFr gml:id="K1_492944_3-1">
<gml:timePosition>2024-11-15</gml:timePosition>
</lfSpanFr>
<devDate gml:id="K1_492944_3-2">
<gml:timePosition>2024-11-29</gml:timePosition>
</devDate>
<orgGILvl>KJ13</orgGILvl>
<vis>表示</vis>
<pos>
<gml:Point gml:id="K1_492944_3-g" srsName="fguuid:jgd2011.bl">
<gml:pos>33.016189333 129.584023694</gml:pos>
</gml:Point>
</pos>
<orgName>国土地理院</orgName>
<type>三角点</type>
<gcpClass>三等三角点</gcpClass>
<gcpCode>TR34929441601</gcpCode>
<name>蛎ノ浦</name>
<B>118858.2816</B>
<L>466502.4853</L>
<alti>123.57</alti>
<altiAcc>2</altiAcc>
</GCP>
<GCP gml:id="K1_492944_4">
<fid>10-00100-0-2411-158870</fid>
<lfSpanFr gml:id="K1_492944_4-1">
<gml:timePosition>2024-11-15</gml:timePosition>
</lfSpanFr>
<devDate gml:id="K1_492944_4-2">
<gml:timePosition>2024-11-29</gml:timePosition>
</devDate>
<orgGILvl>KJ13</orgGILvl>
<vis>表示</vis>
<pos>
<gml:Point gml:id="K1_492944_4-g" srsName="fguuid:jgd2011.bl">
<gml:pos>33.024893722 129.563444472</gml:pos>
</gml:Point>
</pos>
<orgName>国土地理院</orgName>
<type>三角点</type>
<gcpClass>三等三角点</gcpClass>
<gcpCode>TR34929442501</gcpCode>
<name>鶴崎</name>
<B>118889.6174</B>
<L>466428.4001</L>
<alti>58.25</alti>
<altiAcc>2</altiAcc>
</GCP>
<GCP gml:id="K1_492944_5">
<fid>10-00100-0-2411-194959</fid>
<lfSpanFr gml:id="K1_492944_5-1">
<gml:timePosition>2024-11-15</gml:timePosition>
</lfSpanFr>
<devDate gml:id="K1_492944_5-2">
<gml:timePosition>2024-11-29</gml:timePosition>
</devDate>
<orgGILvl>KJ14</orgGILvl>
<vis>表示</vis>
<pos>
<gml:Point gml:id="K1_492944_5-g" srsName="fguuid:jgd2011.bl">
<gml:pos>33.002435639 129.559854472</gml:pos>
</gml:Point>
</pos>
<orgName>国土地理院</orgName>
<type>三角点</type>
<gcpClass>四等三角点</gcpClass>
<gcpCode>TR44929440401</gcpCode>
<name>町有地</name>
<B>118808.7683</B>
<L>466415.4761</L>
<alti>82.46</alti>
<altiAcc>2</altiAcc>
</GCP>
<GCP gml:id="K1_492944_6">
<fid>10-00100-0-2411-194960</fid>
<lfSpanFr gml:id="K1_492944_6-1">
<gml:timePosition>2024-11-15</gml:timePosition>
</lfSpanFr>
<devDate gml:id="K1_492944_6-2">
<gml:timePosition>2024-11-29</gml:timePosition>
</devDate>
<orgGILvl>KJ14</orgGILvl>
<vis>表示</vis>
<pos>
<gml:Point gml:id="K1_492944_6-g" srsName="fguuid:jgd2011.bl">
<gml:pos>33.031961472 129.598371694</gml:pos>
</gml:Point>
</pos>
<orgName>国土地理院</orgName>
<type>三角点</type>
<gcpClass>四等三角点</gcpClass>
<gcpCode>TR44929443701</gcpCode>
<name>野田頭</name>
<B>118915.0613</B>
<L>466554.1381</L>
<alti>163.77</alti>
<altiAcc>2</altiAcc>
</GCP>
<GCP gml:id="K1_492944_7">
<fid>10-00100-0-2411-194961</fid>
<lfSpanFr gml:id="K1_492944_7-1">
<gml:timePosition>2024-11-15</gml:timePosition>
</lfSpanFr>
<devDate gml:id="K1_492944_7-2">
<gml:timePosition>2024-11-29</gml:timePosition>
</devDate>
<orgGILvl>KJ14</orgGILvl>
<vis>表示</vis>
<pos>
<gml:Point gml:id="K1_492944_7-g" srsName="fguuid:jgd2011.bl">
<gml:pos>33.026576250 129.607705750</gml:pos>
</gml:Point>
</pos>
<orgName>国土地理院</orgName>
<type>三角点</type>
<gcpClass>四等三角点</gcpClass>
<gcpCode>TR44929443801</gcpCode>
<name>蛤</name>
<B>118895.6745</B>
<L>466587.7407</L>
<alti>92.37</alti>
<altiAcc>2</altiAcc>
</GCP>
<GCP gml:id="K1_492944_8">
<fid>10-00100-0-2411-194962</fid>
<lfSpanFr gml:id="K1_492944_8-1">
<gml:timePosition>2024-11-15</gml:timePosition>
</lfSpanFr>
<devDate gml:id="K1_492944_8-2">
<gml:timePosition>2024-11-29</gml:timePosition>
</devDate>
<orgGILvl>KJ14</orgGILvl>
<vis>表示</vis>
<pos>
<gml:Point gml:id="K1_492944_8-g" srsName="fguuid:jgd2011.bl">
<gml:pos>33.045271667 129.598539278</gml:pos>
</gml:Point>
</pos>
<orgName>国土地理院</orgName>
<type>三角点</type>
<gcpClass>四等三角点</gcpClass>
<gcpCode>TR44929445701</gcpCode>
<name>塩田頭</name>
<B>118962.978</B>
<L>466554.7414</L>
<alti>126.54</alti>
<altiAcc>2</altiAcc>
</GCP>
<GCP gml:id="K1_492944_9">
<fid>10-00100-0-2411-194963</fid>
<lfSpanFr gml:id="K1_492944_9-1">
<gml:timePosition>2024-11-15</gml:timePosition>
</lfSpanFr>
<devDate gml:id="K1_492944_9-2">
<gml:timePosition>2024-11-29</gml:timePosition>
</devDate>
<orgGILvl>KJ14</orgGILvl>
<vis>表示</vis>
<pos>
<gml:Point gml:id="K1_492944_9-g" srsName="fguuid:jgd2011.bl">
<gml:pos>33.055826944 129.620455722</gml:pos>
</gml:Point>
</pos>
<orgName>国土地理院</orgName>
<type>三角点</type>
<gcpClass>四等三角点</gcpClass>
<gcpCode>TR44929446901</gcpCode>
<name>島岳</name>
<B>119000.977</B>
<L>466633.6406</L>
<alti>124.56</alti>
<altiAcc>2</altiAcc>
</GCP>
<GCP gml:id="K1_492944_10">
<fid>10-00100-0-2411-194964</fid>
<lfSpanFr gml:id="K1_492944_10-1">
<gml:timePosition>2024-11-15</gml:timePosition>
</lfSpanFr>
<devDate gml:id="K1_492944_10-2">
<gml:timePosition>2024-11-29</gml:timePosition>
</devDate>
<orgGILvl>KJ14</orgGILvl>
<vis>表示</vis>
<pos>
<gml:Point gml:id="K1_492944_10-g" srsName="fguuid:jgd2011.bl">
<gml:pos>33.059608944 129.608903889</gml:pos>
</gml:Point>
</pos>
<orgName>国土地理院</orgName>
<type>三角点</type>
<gcpClass>四等三角点</gcpClass>
<gcpCode>TR44929447801</gcpCode>
<name>鵜崎</name>
<B>119014.5922</B>
<L>466592.054</L>
<alti>72.93</alti>
<altiAcc>2</altiAcc>
</GCP>
</Dataset>
