<?xml version="1.0" encoding="utf-8"?>
<Dataset xsi:schemaLocation="http://fgd.gsi.go.jp/spec/2008/FGD_GMLSchema FGD_GMLSchema.xsd"
	xmlns:gml="http://www.opengis.net/gml/3.2"
	xmlns:xsi="http://www.w3.org/2001/XMLSchema-instance"
	xmlns:xlink="http://www.w3.org/1999/xlink"
	xmlns="http://fgd.gsi.go.jp/spec/2008/FGD_GMLSchema"
	gml:id="Dataset1">
  <gml:description>基盤地図情報メタデータ ID=fmdid:25-0101</gml:description>
  <gml:name>基盤地図情報ダウンロードデータ（GML版）</gml:name>
<WStrL gml:id="K27_4663811880_1">
<fid>46638-11880-s-1358</fid>
<lfSpanFr gml:id="K27_4663811880_1-1">
<gml:timePosition>2018-12-14</gml:timePosition>
</lfSpanFr>
<devDate gml:id="K27_4663811880_1-2">
<gml:timePosition>2024-11-29</gml:timePosition>
</devDate>
<orgGILvl>2500</orgGILvl>
<vis>表示</vis>
<loc>
<gml:Curve gml:id="K27_4663811880_1-g" srsName="fguuid:jgd2011.bl">
<gml:segments>
<gml:LineStringSegment>
<gml:posList>
33.007425288 129.553897261
33.008087059 129.554640990
33.008111411 129.554610471
33.008121560 129.554621886
33.008159537 129.554574283
33.007476340 129.553806460
33.007425288 129.553897261
</gml:posList>
</gml:LineStringSegment>
</gml:segments>
</gml:Curve>
</loc>
<type>防波堤</type>
</WStrL>
<WStrL gml:id="K27_4663811880_2">
<fid>46638-11880-s-1359</fid>
<lfSpanFr gml:id="K27_4663811880_2-1">
<gml:timePosition>2018-12-14</gml:timePosition>
</lfSpanFr>
<devDate gml:id="K27_4663811880_2-2">
<gml:timePosition>2024-11-29</gml:timePosition>
</devDate>
<orgGILvl>2500</orgGILvl>
<vis>表示</vis>
<loc>
<gml:Curve gml:id="K27_4663811880_2-g" srsName="fguuid:jgd2011.bl">
<gml:segments>
<gml:LineStringSegment>
<gml:posList>
33.007143304 129.553525093
33.006953330 129.554212782
33.006863291 129.554538723
33.006809425 129.554505191
33.006828693 129.554448876
33.006840234 129.554451933
33.006907026 129.554206899
33.007106111 129.553512891
33.007143304 129.553525093
</gml:posList>
</gml:LineStringSegment>
</gml:segments>
</gml:Curve>
</loc>
<type>防波堤</type>
</WStrL>
<WStrL gml:id="K27_4663811880_3">
<fid>46638-11880-s-1442</fid>
<lfSpanFr gml:id="K27_4663811880_3-1">
<gml:timePosition>2018-12-14</gml:timePosition>
</lfSpanFr>
<devDate gml:id="K27_4663811880_3-2">
<gml:timePosition>2024-11-29</gml:timePosition>
</devDate>
<orgGILvl>2500</orgGILvl>
<vis>表示</vis>
<loc>
<gml:Curve gml:id="K27_4663811880_3-g" srsName="fguuid:jgd2011.bl">
<gml:segments>
<gml:LineStringSegment>
<gml:posList>
33.000818306 129.554729946
33.000772964 129.554752573
33.000908760 129.555205693
33.001247989 129.556050230
33.001284772 129.556030252
33.000932650 129.555137752
33.000818306 129.554729946
</gml:posList>
</gml:LineStringSegment>
</gml:segments>
</gml:Curve>
</loc>
<type>防波堤</type>
</WStrL>
<WStrL gml:id="K27_4663811880_4">
<fid>46638-11880-s-1443</fid>
<lfSpanFr gml:id="K27_4663811880_4-1">
<gml:timePosition>2018-12-14</gml:timePosition>
</lfSpanFr>
<devDate gml:id="K27_4663811880_4-2">
<gml:timePosition>2024-11-29</gml:timePosition>
</devDate>
<orgGILvl>2500</orgGILvl>
<vis>表示</vis>
<loc>
<gml:Curve gml:id="K27_4663811880_4-g" srsName="fguuid:jgd2011.bl">
<gml:segments>
<gml:LineStringSegment>
<gml:posList>
33.002222825 129.553609246
33.002618863 129.553860359
33.002651102 129.553794541
33.002257933 129.553540100
33.002249710 129.553534797
</gml:posList>
</gml:LineStringSegment>
</gml:segments>
</gml:Curve>
</loc>
<type>防波堤</type>
</WStrL>
<WStrL gml:id="K27_4664111886_1">
<fid>46641-11886-s-1128</fid>
<lfSpanFr gml:id="K27_4664111886_1-1">
<gml:timePosition>2014-09-19</gml:timePosition>
</lfSpanFr>
<devDate gml:id="K27_4664111886_1-2">
<gml:timePosition>2024-11-29</gml:timePosition>
</devDate>
<orgGILvl>2500</orgGILvl>
<vis>表示</vis>
<loc>
<gml:Curve gml:id="K27_4664111886_1-g" srsName="fguuid:jgd2011.bl">
<gml:segments>
<gml:LineStringSegment>
<gml:posList>
33.018369211 129.565712874
33.018190022 129.566188525
33.018216852 129.566201293
33.018394254 129.565727760
33.018369211 129.565712874
</gml:posList>
</gml:LineStringSegment>
</gml:segments>
</gml:Curve>
</loc>
<type>防波堤</type>
</WStrL>
<WStrL gml:id="K27_4664111886_2">
<fid>46641-11886-s-1130</fid>
<lfSpanFr gml:id="K27_4664111886_2-1">
<gml:timePosition>2014-09-19</gml:timePosition>
</lfSpanFr>
<devDate gml:id="K27_4664111886_2-2">
<gml:timePosition>2024-11-29</gml:timePosition>
</devDate>
<orgGILvl>2500</orgGILvl>
<vis>表示</vis>
<loc>
<gml:Curve gml:id="K27_4664111886_2-g" srsName="fguuid:jgd2011.bl">
<gml:segments>
<gml:LineStringSegment>
<gml:posList>
33.022571992 129.562962259
33.022397558 129.562417970
33.022222050 129.561870343
33.022429666 129.561774192
33.022461233 129.561872640
33.022314465 129.561939087
33.022469626 129.562402275
33.022484807 129.562447586
33.022465694 129.562456736
33.022497975 129.562551791
33.022482614 129.562559145
33.022609820 129.562946850
</gml:posList>
</gml:LineStringSegment>
</gml:segments>
</gml:Curve>
</loc>
<type>防波堤</type>
</WStrL>
<WStrL gml:id="K27_4664111886_3">
<fid>46641-11886-s-1131</fid>
<lfSpanFr gml:id="K27_4664111886_3-1">
<gml:timePosition>2014-09-19</gml:timePosition>
</lfSpanFr>
<devDate gml:id="K27_4664111886_3-2">
<gml:timePosition>2024-11-29</gml:timePosition>
</devDate>
<orgGILvl>2500</orgGILvl>
<vis>表示</vis>
<loc>
<gml:Curve gml:id="K27_4664111886_3-g" srsName="fguuid:jgd2011.bl">
<gml:segments>
<gml:LineStringSegment>
<gml:posList>
33.023517049 129.566526088
33.023513272 129.566507738
33.023489032 129.566390035
33.023521247 129.566382973
33.023542909 129.566497741
33.023547450 129.566521787
</gml:posList>
</gml:LineStringSegment>
</gml:segments>
</gml:Curve>
</loc>
<type>防波堤</type>
</WStrL>
<WStrL gml:id="K27_4664111886_4">
<fid>46641-11886-s-1132</fid>
<lfSpanFr gml:id="K27_4664111886_4-1">
<gml:timePosition>2014-09-19</gml:timePosition>
</lfSpanFr>
<devDate gml:id="K27_4664111886_4-2">
<gml:timePosition>2024-11-29</gml:timePosition>
</devDate>
<orgGILvl>2500</orgGILvl>
<vis>表示</vis>
<loc>
<gml:Curve gml:id="K27_4664111886_4-g" srsName="fguuid:jgd2011.bl">
<gml:segments>
<gml:LineStringSegment>
<gml:posList>
33.023279327 129.565914067
33.023321652 129.565953747
33.023323789 129.565971957
33.023357283 129.566257533
33.023399633 129.566250479
33.023357446 129.565948818
33.023350804 129.565908093
33.023349743 129.565901584
</gml:posList>
</gml:LineStringSegment>
</gml:segments>
</gml:Curve>
</loc>
<type>防波堤</type>
</WStrL>
<WStrL gml:id="K27_4664111886_5">
<fid>46641-11886-s-1231</fid>
<lfSpanFr gml:id="K27_4664111886_5-1">
<gml:timePosition>2018-01-24</gml:timePosition>
</lfSpanFr>
<devDate gml:id="K27_4664111886_5-2">
<gml:timePosition>2024-11-29</gml:timePosition>
</devDate>
<orgGILvl>2500</orgGILvl>
<vis>表示</vis>
<loc>
<gml:Curve gml:id="K27_4664111886_5-g" srsName="fguuid:jgd2011.bl">
<gml:segments>
<gml:LineStringSegment>
<gml:posList>
33.023899520 129.561788517
33.023800354 129.561831796
33.023720951 129.561964145
33.023725484 129.561969671
33.023723453 129.561973309
33.023673902 129.562062250
33.023677679 129.562065087
</gml:posList>
</gml:LineStringSegment>
</gml:segments>
</gml:Curve>
</loc>
<type>防波堤</type>
</WStrL>
<WStrL gml:id="K27_4664411886_1">
<fid>46644-11886-s-1400</fid>
<lfSpanFr gml:id="K27_4664411886_1-1">
<gml:timePosition>2014-09-19</gml:timePosition>
</lfSpanFr>
<devDate gml:id="K27_4664411886_1-2">
<gml:timePosition>2024-11-29</gml:timePosition>
</devDate>
<orgGILvl>2500</orgGILvl>
<vis>表示</vis>
<loc>
<gml:Curve gml:id="K27_4664411886_1-g" srsName="fguuid:jgd2011.bl">
<gml:segments>
<gml:LineStringSegment>
<gml:posList>
33.023921286 129.572851541
33.023912699 129.572854114
33.023744870 129.572904351
33.023753195 129.572948257
33.023932708 129.572902653
</gml:posList>
</gml:LineStringSegment>
</gml:segments>
</gml:Curve>
</loc>
<type>防波堤</type>
</WStrL>
<WStrL gml:id="K27_4664711886_1">
<fid>46647-11886-s-949</fid>
<lfSpanFr gml:id="K27_4664711886_1-1">
<gml:timePosition>2014-09-19</gml:timePosition>
</lfSpanFr>
<devDate gml:id="K27_4664711886_1-2">
<gml:timePosition>2024-11-29</gml:timePosition>
</devDate>
<orgGILvl>2500</orgGILvl>
<vis>表示</vis>
<loc>
<gml:Curve gml:id="K27_4664711886_1-g" srsName="fguuid:jgd2011.bl">
<gml:segments>
<gml:LineStringSegment>
<gml:posList>
33.019851739 129.581048404
33.019731339 129.580847990
33.019696693 129.580876570
33.019819291 129.581079598
33.019851739 129.581048404
</gml:posList>
</gml:LineStringSegment>
</gml:segments>
</gml:Curve>
</loc>
<type>砂防ダム</type>
</WStrL>
<WStrL gml:id="K27_4664711886_2">
<fid>46647-11886-s-950</fid>
<lfSpanFr gml:id="K27_4664711886_2-1">
<gml:timePosition>2014-09-19</gml:timePosition>
</lfSpanFr>
<devDate gml:id="K27_4664711886_2-2">
<gml:timePosition>2024-11-29</gml:timePosition>
</devDate>
<orgGILvl>2500</orgGILvl>
<vis>表示</vis>
<loc>
<gml:Curve gml:id="K27_4664711886_2-g" srsName="fguuid:jgd2011.bl">
<gml:segments>
<gml:LineStringSegment>
<gml:posList>
33.020607038 129.576476615
33.020239597 129.576490459
33.020239015 129.576468505
33.020403861 129.576462942
33.020490793 129.576460009
33.020607051 129.576456085
33.020607038 129.576476615
</gml:posList>
</gml:LineStringSegment>
</gml:segments>
</gml:Curve>
</loc>
<type>砂防ダム</type>
</WStrL>
<WStrL gml:id="K27_4665011886_1">
<fid>46650-11886-s-603</fid>
<lfSpanFr gml:id="K27_4665011886_1-1">
<gml:timePosition>2014-09-19</gml:timePosition>
</lfSpanFr>
<devDate gml:id="K27_4665011886_1-2">
<gml:timePosition>2024-11-29</gml:timePosition>
</devDate>
<orgGILvl>2500</orgGILvl>
<vis>表示</vis>
<loc>
<gml:Curve gml:id="K27_4665011886_1-g" srsName="fguuid:jgd2011.bl">
<gml:segments>
<gml:LineStringSegment>
<gml:posList>
33.024076229 129.588129303
33.024417071 129.588240894
33.024674952 129.588325332
33.024682138 129.588288516
33.024460291 129.588216927
33.024083413 129.588095323
</gml:posList>
</gml:LineStringSegment>
</gml:segments>
</gml:Curve>
</loc>
<type>防波堤</type>
</WStrL>
<WStrL gml:id="K27_4665311889_1">
<fid>46653-11889-s-884</fid>
<lfSpanFr gml:id="K27_4665311889_1-1">
<gml:timePosition>2018-12-14</gml:timePosition>
</lfSpanFr>
<devDate gml:id="K27_4665311889_1-2">
<gml:timePosition>2024-11-29</gml:timePosition>
</devDate>
<orgGILvl>2500</orgGILvl>
<vis>表示</vis>
<loc>
<gml:Curve gml:id="K27_4665311889_1-g" srsName="fguuid:jgd2011.bl">
<gml:segments>
<gml:LineStringSegment>
<gml:posList>
33.027324637 129.593836784
33.027352696 129.593817545
33.027366413 129.593804928
33.027381216 129.593786210
33.027395570 129.593764494
33.027406318 129.593742239
33.027419147 129.593710245
33.027440113 129.593650427
33.027451961 129.593603338
33.027462182 129.593561707
33.027470967 129.593511510
33.027476143 129.593463771
33.027480868 129.593414855
33.027482525 129.593370110
33.027482125 129.593302454
33.027478749 129.593234689
33.027472321 129.593148293
33.027458885 129.593026136
33.027413093 129.592760820
33.027479563 129.592747080
33.027490927 129.592744737
33.027519993 129.592947412
33.027544122 129.593119894
33.027549673 129.593173531
33.027553344 129.593208326
33.027556294 129.593243548
33.027560404 129.593293652
33.027561461 129.593328551
33.027562334 129.593365698
33.027561937 129.593414833
33.027559282 129.593467713
33.027555366 129.593518771
33.027554911 129.593524766
33.027550193 129.593563191
33.027543490 129.593603006
33.027537155 129.593632974
33.027533899 129.593646887
33.027516265 129.593711954
33.027499271 129.593766103
33.027485085 129.593804947
33.027472980 129.593833302
33.027454644 129.593872998
33.027440285 129.593901136
33.027427936 129.593894272
33.027324637 129.593836784
</gml:posList>
</gml:LineStringSegment>
</gml:segments>
</gml:Curve>
</loc>
<type>透過水制</type>
</WStrL>
<WStrL gml:id="K27_4665311889_2">
<fid>46653-11889-s-885</fid>
<lfSpanFr gml:id="K27_4665311889_2-1">
<gml:timePosition>2018-12-14</gml:timePosition>
</lfSpanFr>
<devDate gml:id="K27_4665311889_2-2">
<gml:timePosition>2024-11-29</gml:timePosition>
</devDate>
<orgGILvl>2500</orgGILvl>
<vis>表示</vis>
<loc>
<gml:Curve gml:id="K27_4665311889_2-g" srsName="fguuid:jgd2011.bl">
<gml:segments>
<gml:LineStringSegment>
<gml:posList>
33.025973596 129.595762207
33.025932131 129.595741288
33.025925102 129.595734536
33.025920418 129.595728643
33.025917267 129.595722003
33.025915560 129.595713758
33.025915563 129.595709263
33.025918729 129.595696848
33.025923521 129.595680368
33.025943676 129.595620979
33.025950361 129.595605678
33.025962644 129.595580000
33.025981609 129.595544374
33.026136373 129.595279812
33.026148475 129.595255953
33.026204989 129.595171982
33.026250847 129.595109194
33.026296785 129.595058396
33.026304815 129.595052409
33.026311309 129.595051560
33.026320866 129.595053818
33.026327987 129.595056823
33.026340664 129.595106293
33.026352176 129.595146448
33.026310463 129.595215021
33.026256469 129.595304027
33.026195524 129.595404372
33.026153718 129.595475514
33.026119584 129.595536601
33.026103508 129.595568591
33.026084453 129.595605181
33.026060157 129.595655467
33.026044168 129.595692167
33.026028358 129.595730152
33.025973596 129.595762207
</gml:posList>
</gml:LineStringSegment>
</gml:segments>
</gml:Curve>
</loc>
<type>透過水制</type>
</WStrL>
<WStrL gml:id="K27_4665611886_1">
<fid>46656-11886-s-689</fid>
<lfSpanFr gml:id="K27_4665611886_1-1">
<gml:timePosition>2018-12-14</gml:timePosition>
</lfSpanFr>
<devDate gml:id="K27_4665611886_1-2">
<gml:timePosition>2024-11-29</gml:timePosition>
</devDate>
<orgGILvl>2500</orgGILvl>
<vis>表示</vis>
<loc>
<gml:Curve gml:id="K27_4665611886_1-g" srsName="fguuid:jgd2011.bl">
<gml:segments>
<gml:LineStringSegment>
<gml:posList>
33.024808149 129.603564922
33.024772900 129.603552036
33.024824282 129.603465602
33.024833669 129.603454909
33.024845039 129.603446572
33.024857127 129.603440271
33.024869666 129.603435147
33.024883376 129.603431096
33.024895732 129.603429397
33.024898483 129.603483352
33.024834542 129.603490770
33.024808149 129.603564922
</gml:posList>
</gml:LineStringSegment>
</gml:segments>
</gml:Curve>
</loc>
<type>透過水制</type>
</WStrL>
<WStrL gml:id="K27_4665611886_2">
<fid>46656-11886-s-690</fid>
<lfSpanFr gml:id="K27_4665611886_2-1">
<gml:timePosition>2018-12-14</gml:timePosition>
</lfSpanFr>
<devDate gml:id="K27_4665611886_2-2">
<gml:timePosition>2024-11-29</gml:timePosition>
</devDate>
<orgGILvl>2500</orgGILvl>
<vis>表示</vis>
<loc>
<gml:Curve gml:id="K27_4665611886_2-g" srsName="fguuid:jgd2011.bl">
<gml:segments>
<gml:LineStringSegment>
<gml:posList>
33.024904750 129.603428765
33.025000000 129.603423098
</gml:posList>
</gml:LineStringSegment>
</gml:segments>
</gml:Curve>
</loc>
<type>透過水制</type>
</WStrL>
<WStrL gml:id="K27_4665611886_3">
<fid>46656-11886-s-691</fid>
<lfSpanFr gml:id="K27_4665611886_3-1">
<gml:timePosition>2018-12-14</gml:timePosition>
</lfSpanFr>
<devDate gml:id="K27_4665611886_3-2">
<gml:timePosition>2024-11-29</gml:timePosition>
</devDate>
<orgGILvl>2500</orgGILvl>
<vis>表示</vis>
<loc>
<gml:Curve gml:id="K27_4665611886_3-g" srsName="fguuid:jgd2011.bl">
<gml:segments>
<gml:LineStringSegment>
<gml:posList>
33.025000000 129.603473002
33.024945559 129.603477840
33.024907411 129.603482292
33.024904750 129.603428765
</gml:posList>
</gml:LineStringSegment>
</gml:segments>
</gml:Curve>
</loc>
<type>透過水制</type>
</WStrL>
<WStrL gml:id="K27_4665611889_1">
<fid>46656-11889-s-1638</fid>
<lfSpanFr gml:id="K27_4665611889_1-1">
<gml:timePosition>2018-12-14</gml:timePosition>
</lfSpanFr>
<devDate gml:id="K27_4665611889_1-2">
<gml:timePosition>2024-11-29</gml:timePosition>
</devDate>
<orgGILvl>2500</orgGILvl>
<vis>表示</vis>
<loc>
<gml:Curve gml:id="K27_4665611889_1-g" srsName="fguuid:jgd2011.bl">
<gml:segments>
<gml:LineStringSegment>
<gml:posList>
33.028014982 129.603365813
33.028018773 129.603361428
33.028030146 129.603348382
33.028062640 129.603311273
</gml:posList>
</gml:LineStringSegment>
</gml:segments>
</gml:Curve>
</loc>
<type>防波堤</type>
</WStrL>
<WStrL gml:id="K27_4665611889_2">
<fid>46656-11889-s-1639</fid>
<lfSpanFr gml:id="K27_4665611889_2-1">
<gml:timePosition>2018-12-14</gml:timePosition>
</lfSpanFr>
<devDate gml:id="K27_4665611889_2-2">
<gml:timePosition>2024-11-29</gml:timePosition>
</devDate>
<orgGILvl>2500</orgGILvl>
<vis>表示</vis>
<loc>
<gml:Curve gml:id="K27_4665611889_2-g" srsName="fguuid:jgd2011.bl">
<gml:segments>
<gml:LineStringSegment>
<gml:posList>
33.026775351 129.602902345
33.026786547 129.602776469
33.026789172 129.602763841
33.026793511 129.602751000
33.026797486 129.602742869
33.026844445 129.602660817
33.026851126 129.602651404
33.026858343 129.602647880
33.026865105 129.602648959
33.026870782 129.602653568
33.026873303 129.602659245
33.026873748 129.602665775
33.026872571 129.602671341
33.026869769 129.602679259
33.026813776 129.602780676
33.026809801 129.602790413
33.026808174 129.602795228
33.026806092 129.602804324
33.026802434 129.602865873
33.026801794 129.602876577
33.026796948 129.602957072
33.026796308 129.602967776
33.026794846 129.602991325
33.026794563 129.603007168
</gml:posList>
</gml:LineStringSegment>
</gml:segments>
</gml:Curve>
</loc>
<type>防波堤</type>
</WStrL>
<WStrL gml:id="K27_4665611889_3">
<fid>46656-11889-s-1640</fid>
<lfSpanFr gml:id="K27_4665611889_3-1">
<gml:timePosition>2018-12-14</gml:timePosition>
</lfSpanFr>
<devDate gml:id="K27_4665611889_3-2">
<gml:timePosition>2024-11-29</gml:timePosition>
</devDate>
<orgGILvl>2500</orgGILvl>
<vis>表示</vis>
<loc>
<gml:Curve gml:id="K27_4665611889_3-g" srsName="fguuid:jgd2011.bl">
<gml:segments>
<gml:LineStringSegment>
<gml:posList>
33.026762479 129.603092555
33.026767683 129.603016129
33.026768779 129.602999216
33.026775351 129.602902345
</gml:posList>
</gml:LineStringSegment>
</gml:segments>
</gml:Curve>
</loc>
<type>防波堤</type>
</WStrL>
<WStrL gml:id="K27_4665611889_4">
<fid>46656-11889-s-1641</fid>
<lfSpanFr gml:id="K27_4665611889_4-1">
<gml:timePosition>2018-12-14</gml:timePosition>
</lfSpanFr>
<devDate gml:id="K27_4665611889_4-2">
<gml:timePosition>2024-11-29</gml:timePosition>
</devDate>
<orgGILvl>2500</orgGILvl>
<vis>表示</vis>
<loc>
<gml:Curve gml:id="K27_4665611889_4-g" srsName="fguuid:jgd2011.bl">
<gml:segments>
<gml:LineStringSegment>
<gml:posList>
33.026794563 129.603007168
33.026793628 129.603046561
33.026792598 129.603092590
33.026792504 129.603097943
</gml:posList>
</gml:LineStringSegment>
</gml:segments>
</gml:Curve>
</loc>
<type>防波堤</type>
</WStrL>
<WStrL gml:id="K27_4665611889_5">
<fid>46656-11889-s-1642</fid>
<lfSpanFr gml:id="K27_4665611889_5-1">
<gml:timePosition>2018-12-14</gml:timePosition>
</lfSpanFr>
<devDate gml:id="K27_4665611889_5-2">
<gml:timePosition>2024-11-29</gml:timePosition>
</devDate>
<orgGILvl>2500</orgGILvl>
<vis>表示</vis>
<loc>
<gml:Curve gml:id="K27_4665611889_5-g" srsName="fguuid:jgd2011.bl">
<gml:segments>
<gml:LineStringSegment>
<gml:posList>
33.028062640 129.603311273
33.028309054 129.603029804
33.028315999 129.603028421
33.028322580 129.603030141
33.028334291 129.603044607
33.028335908 129.603052209
33.028334008 129.603060664
33.028019717 129.603419772
</gml:posList>
</gml:LineStringSegment>
</gml:segments>
</gml:Curve>
</loc>
<type>防波堤</type>
</WStrL>
<WStrL gml:id="K27_4665611889_6">
<fid>46656-11889-s-1643</fid>
<lfSpanFr gml:id="K27_4665611889_6-1">
<gml:timePosition>2018-12-14</gml:timePosition>
</lfSpanFr>
<devDate gml:id="K27_4665611889_6-2">
<gml:timePosition>2024-11-29</gml:timePosition>
</devDate>
<orgGILvl>2500</orgGILvl>
<vis>表示</vis>
<loc>
<gml:Curve gml:id="K27_4665611889_6-g" srsName="fguuid:jgd2011.bl">
<gml:segments>
<gml:LineStringSegment>
<gml:posList>
33.032182295 129.605415213
33.032164774 129.605446452
</gml:posList>
</gml:LineStringSegment>
</gml:segments>
</gml:Curve>
</loc>
<type>せき</type>
</WStrL>
<WStrL gml:id="K27_4665611889_7">
<fid>46656-11889-s-1644</fid>
<lfSpanFr gml:id="K27_4665611889_7-1">
<gml:timePosition>2018-12-14</gml:timePosition>
</lfSpanFr>
<devDate gml:id="K27_4665611889_7-2">
<gml:timePosition>2024-11-29</gml:timePosition>
</devDate>
<orgGILvl>2500</orgGILvl>
<vis>表示</vis>
<loc>
<gml:Curve gml:id="K27_4665611889_7-g" srsName="fguuid:jgd2011.bl">
<gml:segments>
<gml:LineStringSegment>
<gml:posList>
33.032157204 129.605440769
33.032174635 129.605409423
</gml:posList>
</gml:LineStringSegment>
</gml:segments>
</gml:Curve>
</loc>
<type>せき</type>
</WStrL>
<WStrL gml:id="K27_4665611889_8">
<fid>46656-11889-s-1645</fid>
<lfSpanFr gml:id="K27_4665611889_8-1">
<gml:timePosition>2018-12-14</gml:timePosition>
</lfSpanFr>
<devDate gml:id="K27_4665611889_8-2">
<gml:timePosition>2024-11-29</gml:timePosition>
</devDate>
<orgGILvl>2500</orgGILvl>
<vis>表示</vis>
<loc>
<gml:Curve gml:id="K27_4665611889_8-g" srsName="fguuid:jgd2011.bl">
<gml:segments>
<gml:LineStringSegment>
<gml:posList>
33.028536731 129.603596795
33.028554996 129.603536333
33.028584023 129.603548784
33.028565847 129.603608926
33.028536731 129.603596795
</gml:posList>
</gml:LineStringSegment>
</gml:segments>
</gml:Curve>
</loc>
<type>水門</type>
</WStrL>
<WStrL gml:id="K27_4665611889_9">
<fid>46656-11889-s-1646</fid>
<lfSpanFr gml:id="K27_4665611889_9-1">
<gml:timePosition>2018-12-14</gml:timePosition>
</lfSpanFr>
<devDate gml:id="K27_4665611889_9-2">
<gml:timePosition>2024-11-29</gml:timePosition>
</devDate>
<orgGILvl>2500</orgGILvl>
<vis>表示</vis>
<loc>
<gml:Curve gml:id="K27_4665611889_9-g" srsName="fguuid:jgd2011.bl">
<gml:segments>
<gml:LineStringSegment>
<gml:posList>
33.027884908 129.603305499
33.027874178 129.603303346
33.027858219 129.603300972
33.027835948 129.603297949
33.027816381 129.603296427
33.027797986 129.603295978
33.027778777 129.603296704
33.027760380 129.603298931
33.027740088 129.603301905
33.027715464 129.603307764
33.027687953 129.603316938
33.027667206 129.603324514
33.027644023 129.603333801
33.027634280 129.603338713
33.027618222 129.603346723
33.027498510 129.603405354
33.027489849 129.603409518
33.027457643 129.603425324
33.027436083 129.603435040
33.027414976 129.603441867
33.027400004 129.603445810
33.027385303 129.603448469
33.027364290 129.603451121
33.027351484 129.603451534
33.027340574 129.603450558
33.027330476 129.603448512
33.027317584 129.603444536
33.027299465 129.603437022
33.027286034 129.603430690
33.027303836 129.603384787
33.027316998 129.603389298
33.027340080 129.603393821
33.027362533 129.603394811
33.027383275 129.603393229
33.027401764 129.603389611
33.027427382 129.603380114
33.027603115 129.603295322
33.027640551 129.603279522
33.027673655 129.603269070
33.027714153 129.603258626
33.027769260 129.603246594
33.027803621 129.603242887
33.027834462 129.603241746
33.027875487 129.603247574
33.027895231 129.603252736
33.027884908 129.603305499
</gml:posList>
</gml:LineStringSegment>
</gml:segments>
</gml:Curve>
</loc>
<type>透過水制</type>
</WStrL>
<WStrL gml:id="K27_4665611889_10">
<fid>46656-11889-s-1647</fid>
<lfSpanFr gml:id="K27_4665611889_10-1">
<gml:timePosition>2018-12-14</gml:timePosition>
</lfSpanFr>
<devDate gml:id="K27_4665611889_10-2">
<gml:timePosition>2024-11-29</gml:timePosition>
</devDate>
<orgGILvl>2500</orgGILvl>
<vis>表示</vis>
<loc>
<gml:Curve gml:id="K27_4665611889_10-g" srsName="fguuid:jgd2011.bl">
<gml:segments>
<gml:LineStringSegment>
<gml:posList>
33.027904067 129.603255101
33.027922639 129.603260047
33.027955635 129.603269934
33.028062599 129.603311257
33.028030092 129.603348365
33.027906276 129.603310234
33.027900956 129.603308729
33.027893834 129.603307329
33.027904067 129.603255101
</gml:posList>
</gml:LineStringSegment>
</gml:segments>
</gml:Curve>
</loc>
<type>透過水制</type>
</WStrL>
<WStrL gml:id="K27_4665611889_11">
<fid>46656-11889-s-1648</fid>
<lfSpanFr gml:id="K27_4665611889_11-1">
<gml:timePosition>2018-12-14</gml:timePosition>
</lfSpanFr>
<devDate gml:id="K27_4665611889_11-2">
<gml:timePosition>2024-11-29</gml:timePosition>
</devDate>
<orgGILvl>2500</orgGILvl>
<vis>表示</vis>
<loc>
<gml:Curve gml:id="K27_4665611889_11-g" srsName="fguuid:jgd2011.bl">
<gml:segments>
<gml:LineStringSegment>
<gml:posList>
33.027010315 129.603163710
33.026985976 129.603153191
33.026876720 129.603107568
33.026822364 129.603083526
33.026823177 129.603081279
33.026840895 129.603028739
33.027010362 129.603107616
33.027092751 129.603145929
33.027105461 129.603152259
33.027119431 129.603160626
33.027128444 129.603166845
33.027146106 129.603181531
33.027156197 129.603191820
33.027166647 129.603204785
33.027183577 129.603232209
33.027239589 129.603325835
33.027251477 129.603344689
33.027264722 129.603358300
33.027279681 129.603370307
33.027294552 129.603379959
33.027295634 129.603380496
33.027277831 129.603426292
33.027270531 129.603422001
33.027261337 129.603416210
33.027252866 129.603409670
33.027243135 129.603400452
33.027229801 129.603385985
33.027217639 129.603371412
33.027193319 129.603338199
33.027127124 129.603236318
33.027113161 129.603218639
33.027100997 129.603207063
33.027088289 129.603198699
33.027081168 129.603195158
33.027070171 129.603189578
33.027010315 129.603163710
</gml:posList>
</gml:LineStringSegment>
</gml:segments>
</gml:Curve>
</loc>
<type>透過水制</type>
</WStrL>
<WStrL gml:id="K27_4665611889_12">
<fid>46656-11889-s-1649</fid>
<lfSpanFr gml:id="K27_4665611889_12-1">
<gml:timePosition>2018-12-14</gml:timePosition>
</lfSpanFr>
<devDate gml:id="K27_4665611889_12-2">
<gml:timePosition>2024-11-29</gml:timePosition>
</devDate>
<orgGILvl>2500</orgGILvl>
<vis>表示</vis>
<loc>
<gml:Curve gml:id="K27_4665611889_12-g" srsName="fguuid:jgd2011.bl">
<gml:segments>
<gml:LineStringSegment>
<gml:posList>
33.027011863 129.601273660
33.026895562 129.601241413
33.026826770 129.601225705
33.026717770 129.601197213
33.026597051 129.601164960
33.026487236 129.601140107
33.026348837 129.601113079
33.026109268 129.601076838
33.026115094 129.601009191
33.026144584 129.601006013
33.026184265 129.601001883
33.026198514 129.601001043
33.026441866 129.601042641
33.026478473 129.601048999
33.026541046 129.601059882
33.026540683 129.601063093
33.026540501 129.601065234
33.026573861 129.601071053
33.026668803 129.601087539
33.026746061 129.601116316
33.026964786 129.601169769
33.027011937 129.601182562
33.027088300 129.601203417
33.027158527 129.601227262
33.027209731 129.601247874
33.027261205 129.601268700
33.027253243 129.601300484
33.027241934 129.601345967
33.027233284 129.601337394
33.027224632 129.601332566
33.027211379 129.601328912
33.027011863 129.601273660
</gml:posList>
</gml:LineStringSegment>
</gml:segments>
</gml:Curve>
</loc>
<type>透過水制</type>
</WStrL>
<WStrL gml:id="K27_4665611889_13">
<fid>46656-11889-s-1650</fid>
<lfSpanFr gml:id="K27_4665611889_13-1">
<gml:timePosition>2018-12-14</gml:timePosition>
</lfSpanFr>
<devDate gml:id="K27_4665611889_13-2">
<gml:timePosition>2024-11-29</gml:timePosition>
</devDate>
<orgGILvl>2500</orgGILvl>
<vis>表示</vis>
<loc>
<gml:Curve gml:id="K27_4665611889_13-g" srsName="fguuid:jgd2011.bl">
<gml:segments>
<gml:LineStringSegment>
<gml:posList>
33.026813439 129.603081053
33.026806406 129.603079118
33.026807903 129.603013392
33.026832512 129.603024875
33.026814794 129.603077201
33.026813439 129.603081053
</gml:posList>
</gml:LineStringSegment>
</gml:segments>
</gml:Curve>
</loc>
<type>透過水制</type>
</WStrL>
<WStrL gml:id="K27_4665611889_14">
<fid>46656-11889-s-1651</fid>
<lfSpanFr gml:id="K27_4665611889_14-1">
<gml:timePosition>2018-12-14</gml:timePosition>
</lfSpanFr>
<devDate gml:id="K27_4665611889_14-2">
<gml:timePosition>2024-11-29</gml:timePosition>
</devDate>
<orgGILvl>2500</orgGILvl>
<vis>表示</vis>
<loc>
<gml:Curve gml:id="K27_4665611889_14-g" srsName="fguuid:jgd2011.bl">
<gml:segments>
<gml:LineStringSegment>
<gml:posList>
33.025630054 129.603409381
33.025644211 129.603409718
33.025648361 129.603408118
33.025651791 129.603403518
33.025728769 129.603116936
33.025784662 129.602918107
33.025785480 129.602909759
33.025786298 129.602902159
33.025785315 129.602890918
33.025762596 129.602775067
33.025740643 129.602714560
33.025731561 129.602682756
33.025722400 129.602638642
33.025710829 129.602563482
33.025706849 129.602358161
33.025707453 129.601840053
33.025712069 129.601820255
33.025717579 129.601807737
33.025722635 129.601801106
33.025730395 129.601794585
33.025738424 129.601790740
33.025938715 129.601779088
33.025955578 129.601779643
33.025971896 129.601783408
33.025986772 129.601787707
33.025999213 129.601791468
33.026014989 129.601797802
33.026025533 129.601805736
33.026030397 129.601812378
33.026033367 129.601820196
33.026035251 129.601831546
33.026036683 129.601844821
33.026038648 129.601978954
33.025995812 129.601981688
33.025964789 129.601983579
33.025964639 129.601946433
33.025839295 129.601945647
33.025833158 129.602283159
33.025828580 129.602696571
33.025833711 129.602925872
33.025746715 129.603224646
33.025680242 129.603458467
33.025627850 129.603457763
33.025630054 129.603409381
</gml:posList>
</gml:LineStringSegment>
</gml:segments>
</gml:Curve>
</loc>
<type>透過水制</type>
</WStrL>
<WStrL gml:id="K27_4665611889_15">
<fid>46656-11889-s-1652</fid>
<lfSpanFr gml:id="K27_4665611889_15-1">
<gml:timePosition>2018-12-14</gml:timePosition>
</lfSpanFr>
<devDate gml:id="K27_4665611889_15-2">
<gml:timePosition>2024-11-29</gml:timePosition>
</devDate>
<orgGILvl>2500</orgGILvl>
<vis>表示</vis>
<loc>
<gml:Curve gml:id="K27_4665611889_15-g" srsName="fguuid:jgd2011.bl">
<gml:segments>
<gml:LineStringSegment>
<gml:posList>
33.025000000 129.603423098
33.025070593 129.603418897
33.025270438 129.603400825
33.025621037 129.603409156
33.025618832 129.603457646
33.025443351 129.603455193
33.025222330 129.603454506
33.025115554 129.603462731
33.025000000 129.603473002
</gml:posList>
</gml:LineStringSegment>
</gml:segments>
</gml:Curve>
</loc>
<type>透過水制</type>
</WStrL>
<WStrL gml:id="K27_4665611889_16">
<fid>46656-11889-s-1653</fid>
<lfSpanFr gml:id="K27_4665611889_16-1">
<gml:timePosition>2018-12-14</gml:timePosition>
</lfSpanFr>
<devDate gml:id="K27_4665611889_16-2">
<gml:timePosition>2024-11-29</gml:timePosition>
</devDate>
<orgGILvl>2500</orgGILvl>
<vis>表示</vis>
<loc>
<gml:Curve gml:id="K27_4665611889_16-g" srsName="fguuid:jgd2011.bl">
<gml:segments>
<gml:LineStringSegment>
<gml:posList>
33.026623709 129.603079227
33.026609782 129.603018943
33.026628542 129.603014254
33.026656319 129.603011610
33.026676249 129.603010349
33.026685449 129.603007362
33.026693209 129.603001912
33.026699798 129.602993677
33.026734154 129.602995322
33.026755344 129.602997702
33.026750049 129.603075948
33.026739589 129.603074973
33.026721284 129.603074630
33.026702616 129.603076107
33.026685209 129.603079512
33.026669966 129.603083562
33.026654722 129.603088148
33.026627391 129.603098392
33.026623709 129.603079227
</gml:posList>
</gml:LineStringSegment>
</gml:segments>
</gml:Curve>
</loc>
<type>透過水制</type>
</WStrL>
<WStrL gml:id="K27_4665611889_17">
<fid>46656-11889-s-1654</fid>
<lfSpanFr gml:id="K27_4665611889_17-1">
<gml:timePosition>2018-12-14</gml:timePosition>
</lfSpanFr>
<devDate gml:id="K27_4665611889_17-2">
<gml:timePosition>2024-11-29</gml:timePosition>
</devDate>
<orgGILvl>2500</orgGILvl>
<vis>表示</vis>
<loc>
<gml:Curve gml:id="K27_4665611889_17-g" srsName="fguuid:jgd2011.bl">
<gml:segments>
<gml:LineStringSegment>
<gml:posList>
33.026618821 129.603102343
33.026598074 129.603110134
33.026501284 129.603146310
33.026469083 129.603156871
33.026452757 129.603162204
33.026430026 129.603169992
33.026406844 129.603177458
33.026390970 129.603181508
33.026372300 129.603185126
33.026355254 129.603189066
33.026339830 129.603193866
33.026324674 129.603201341
33.026308886 129.603209780
33.026295353 129.603218328
33.026264402 129.603242913
33.026224332 129.603172214
33.026242649 129.603157891
33.026250842 129.603174065
33.026254087 129.603176317
33.026258325 129.603175680
33.026261122 129.603174719
33.026288647 129.603148739
33.026310754 129.603132065
33.026350177 129.603112093
33.026394380 129.603092769
33.026422792 129.603084452
33.026446874 129.603078593
33.026536707 129.603057181
33.026556191 129.603050352
33.026569634 129.603041804
33.026581816 129.603032933
33.026601032 129.603021823
33.026614960 129.603081786
33.026618821 129.603102343
</gml:posList>
</gml:LineStringSegment>
</gml:segments>
</gml:Curve>
</loc>
<type>透過水制</type>
</WStrL>
<WStrL gml:id="K27_4665611892_1">
<fid>46656-11892-s-1376</fid>
<lfSpanFr gml:id="K27_4665611892_1-1">
<gml:timePosition>2023-02-21</gml:timePosition>
</lfSpanFr>
<devDate gml:id="K27_4665611892_1-2">
<gml:timePosition>2024-11-29</gml:timePosition>
</devDate>
<orgGILvl>2500</orgGILvl>
<vis>表示</vis>
<loc>
<gml:Curve gml:id="K27_4665611892_1-g" srsName="fguuid:jgd2011.bl">
<gml:segments>
<gml:LineStringSegment>
<gml:posList>
33.035771249 129.606332381
33.035699045 129.606194723
33.035688782 129.606175012
33.035673477 129.606145874
33.035654841 129.606110307
33.035592540 129.605991504
</gml:posList>
</gml:LineStringSegment>
</gml:segments>
</gml:Curve>
</loc>
<type>砂防ダム</type>
</WStrL>
<WStrL gml:id="K27_4665611892_2">
<fid>46656-11892-s-1377</fid>
<lfSpanFr gml:id="K27_4665611892_2-1">
<gml:timePosition>2023-02-21</gml:timePosition>
</lfSpanFr>
<devDate gml:id="K27_4665611892_2-2">
<gml:timePosition>2024-11-29</gml:timePosition>
</devDate>
<orgGILvl>2500</orgGILvl>
<vis>表示</vis>
<loc>
<gml:Curve gml:id="K27_4665611892_2-g" srsName="fguuid:jgd2011.bl">
<gml:segments>
<gml:LineStringSegment>
<gml:posList>
33.035577741 129.606003156
33.035639501 129.606121638
33.035658137 129.606157311
33.035673352 129.606186449
33.035683615 129.606206160
33.035765001 129.606362457
</gml:posList>
</gml:LineStringSegment>
</gml:segments>
</gml:Curve>
</loc>
<type>砂防ダム</type>
</WStrL>
<WStrL gml:id="K27_4665911889_1">
<fid>46659-11889-s-1006</fid>
<lfSpanFr gml:id="K27_4665911889_1-1">
<gml:timePosition>2018-12-14</gml:timePosition>
</lfSpanFr>
<devDate gml:id="K27_4665911889_1-2">
<gml:timePosition>2024-11-29</gml:timePosition>
</devDate>
<orgGILvl>2500</orgGILvl>
<vis>表示</vis>
<loc>
<gml:Curve gml:id="K27_4665911889_1-g" srsName="fguuid:jgd2011.bl">
<gml:segments>
<gml:LineStringSegment>
<gml:posList>
33.030470134 129.611721050
33.030431273 129.611715113
</gml:posList>
</gml:LineStringSegment>
</gml:segments>
</gml:Curve>
</loc>
<type>防波堤</type>
</WStrL>
<WStrL gml:id="K27_4665911889_2">
<fid>46659-11889-s-1007</fid>
<lfSpanFr gml:id="K27_4665911889_2-1">
<gml:timePosition>2018-12-14</gml:timePosition>
</lfSpanFr>
<devDate gml:id="K27_4665911889_2-2">
<gml:timePosition>2024-11-29</gml:timePosition>
</devDate>
<orgGILvl>2500</orgGILvl>
<vis>表示</vis>
<loc>
<gml:Curve gml:id="K27_4665911889_2-g" srsName="fguuid:jgd2011.bl">
<gml:segments>
<gml:LineStringSegment>
<gml:posList>
33.030431273 129.611715113
33.030443092 129.611607539
33.030544616 129.611623297
33.030539071 129.611673605
</gml:posList>
</gml:LineStringSegment>
</gml:segments>
</gml:Curve>
</loc>
<type>防波堤</type>
</WStrL>
<WStrL gml:id="K27_4665911889_3">
<fid>46659-11889-s-1011</fid>
<lfSpanFr gml:id="K27_4665911889_3-1">
<gml:timePosition>2018-12-14</gml:timePosition>
</lfSpanFr>
<devDate gml:id="K27_4665911889_3-2">
<gml:timePosition>2024-11-29</gml:timePosition>
</devDate>
<orgGILvl>2500</orgGILvl>
<vis>表示</vis>
<loc>
<gml:Curve gml:id="K27_4665911889_3-g" srsName="fguuid:jgd2011.bl">
<gml:segments>
<gml:LineStringSegment>
<gml:posList>
33.030706557 129.611699584
33.030711777 129.611652305
33.030799506 129.611665905
33.030794324 129.611713216
</gml:posList>
</gml:LineStringSegment>
</gml:segments>
</gml:Curve>
</loc>
<type>防波堤</type>
</WStrL>
<WStrL gml:id="K27_4665911889_4">
<fid>46659-11889-s-1173</fid>
<lfSpanFr gml:id="K27_4665911889_4-1">
<gml:timePosition>2018-12-14</gml:timePosition>
</lfSpanFr>
<devDate gml:id="K27_4665911889_4-2">
<gml:timePosition>2024-11-29</gml:timePosition>
</devDate>
<orgGILvl>2500</orgGILvl>
<vis>表示</vis>
<loc>
<gml:Curve gml:id="K27_4665911889_4-g" srsName="fguuid:jgd2011.bl">
<gml:segments>
<gml:LineStringSegment>
<gml:posList>
33.030833583 129.611777604
33.030742067 129.611763358
33.030725116 129.611760767
33.030697707 129.611756450
33.030470134 129.611721050
</gml:posList>
</gml:LineStringSegment>
</gml:segments>
</gml:Curve>
</loc>
<type>防波堤</type>
</WStrL>
<WStrL gml:id="K27_4665911889_5">
<fid>46659-11889-s-1174</fid>
<lfSpanFr gml:id="K27_4665911889_5-1">
<gml:timePosition>2018-12-14</gml:timePosition>
</lfSpanFr>
<devDate gml:id="K27_4665911889_5-2">
<gml:timePosition>2024-11-29</gml:timePosition>
</devDate>
<orgGILvl>2500</orgGILvl>
<vis>表示</vis>
<loc>
<gml:Curve gml:id="K27_4665911889_5-g" srsName="fguuid:jgd2011.bl">
<gml:segments>
<gml:LineStringSegment>
<gml:posList>
33.030539071 129.611673605
33.030706557 129.611699584
</gml:posList>
</gml:LineStringSegment>
</gml:segments>
</gml:Curve>
</loc>
<type>防波堤</type>
</WStrL>
<WStrL gml:id="K27_4665911889_6">
<fid>46659-11889-s-1175</fid>
<lfSpanFr gml:id="K27_4665911889_6-1">
<gml:timePosition>2018-12-14</gml:timePosition>
</lfSpanFr>
<devDate gml:id="K27_4665911889_6-2">
<gml:timePosition>2024-11-29</gml:timePosition>
</devDate>
<orgGILvl>2500</orgGILvl>
<vis>表示</vis>
<loc>
<gml:Curve gml:id="K27_4665911889_6-g" srsName="fguuid:jgd2011.bl">
<gml:segments>
<gml:LineStringSegment>
<gml:posList>
33.030794324 129.611713216
33.030796849 129.611713647
33.030844094 129.611720986
</gml:posList>
</gml:LineStringSegment>
</gml:segments>
</gml:Curve>
</loc>
<type>防波堤</type>
</WStrL>
<WStrL gml:id="K27_4665911889_7">
<fid>46659-11889-s-1176</fid>
<lfSpanFr gml:id="K27_4665911889_7-1">
<gml:timePosition>2018-12-14</gml:timePosition>
</lfSpanFr>
<devDate gml:id="K27_4665911889_7-2">
<gml:timePosition>2024-11-29</gml:timePosition>
</devDate>
<orgGILvl>2500</orgGILvl>
<vis>表示</vis>
<loc>
<gml:Curve gml:id="K27_4665911889_7-g" srsName="fguuid:jgd2011.bl">
<gml:segments>
<gml:LineStringSegment>
<gml:posList>
33.028878241 129.610110601
33.028883025 129.610106004
33.029282384 129.610650536
33.029282023 129.610650963
33.029261895 129.610672134
33.028860101 129.610128028
33.028878241 129.610110601
</gml:posList>
</gml:LineStringSegment>
</gml:segments>
</gml:Curve>
</loc>
<type>透過水制</type>
</WStrL>
<WStrL gml:id="K27_4665911889_8">
<fid>46659-11889-s-1177</fid>
<lfSpanFr gml:id="K27_4665911889_8-1">
<gml:timePosition>2018-12-14</gml:timePosition>
</lfSpanFr>
<devDate gml:id="K27_4665911889_8-2">
<gml:timePosition>2024-11-29</gml:timePosition>
</devDate>
<orgGILvl>2500</orgGILvl>
<vis>表示</vis>
<loc>
<gml:Curve gml:id="K27_4665911889_8-g" srsName="fguuid:jgd2011.bl">
<gml:segments>
<gml:LineStringSegment>
<gml:posList>
33.028546526 129.610163928
33.028544815 129.610161571
33.028567200 129.610136977
33.028922513 129.610625678
33.028903649 129.610645352
33.028546526 129.610163928
</gml:posList>
</gml:LineStringSegment>
</gml:segments>
</gml:Curve>
</loc>
<type>透過水制</type>
</WStrL>
<WStrL gml:id="K27_4665911889_9">
<fid>46659-11889-s-1178</fid>
<lfSpanFr gml:id="K27_4665911889_9-1">
<gml:timePosition>2018-12-14</gml:timePosition>
</lfSpanFr>
<devDate gml:id="K27_4665911889_9-2">
<gml:timePosition>2024-11-29</gml:timePosition>
</devDate>
<orgGILvl>2500</orgGILvl>
<vis>表示</vis>
<loc>
<gml:Curve gml:id="K27_4665911889_9-g" srsName="fguuid:jgd2011.bl">
<gml:segments>
<gml:LineStringSegment>
<gml:posList>
33.029175499 129.610781647
33.029350842 129.611041466
33.029356335 129.611049609
33.029355426 129.611057958
33.029352805 129.611064699
33.029343054 129.611077747
33.029292955 129.611135813
33.029282490 129.611140617
33.029275276 129.611140180
33.029269146 129.611138888
33.029264188 129.611135991
33.029261486 129.611132669
33.029258333 129.611128918
33.029048297 129.610842293
33.029060664 129.610827963
33.029089575 129.610867716
33.029175499 129.610781647
</gml:posList>
</gml:LineStringSegment>
</gml:segments>
</gml:Curve>
</loc>
<type>透過水制</type>
</WStrL>
<WStrL gml:id="K27_4665911889_10">
<fid>46659-11889-s-1179</fid>
<lfSpanFr gml:id="K27_4665911889_10-1">
<gml:timePosition>2018-12-14</gml:timePosition>
</lfSpanFr>
<devDate gml:id="K27_4665911889_10-2">
<gml:timePosition>2024-11-29</gml:timePosition>
</devDate>
<orgGILvl>2500</orgGILvl>
<vis>表示</vis>
<loc>
<gml:Curve gml:id="K27_4665911889_10-g" srsName="fguuid:jgd2011.bl">
<gml:segments>
<gml:LineStringSegment>
<gml:posList>
33.029822686 129.611902649
33.029424334 129.611346869
33.029422090 129.611334449
33.029425803 129.611317325
33.029495566 129.611253289
33.029505667 129.611252445
33.029927814 129.611821958
33.029934114 129.611835561
33.029932643 129.611866498
33.029865766 129.611930002
33.029852420 129.611929129
33.029832683 129.611917221
33.029822686 129.611902649
</gml:posList>
</gml:LineStringSegment>
</gml:segments>
</gml:Curve>
</loc>
<type>透過水制</type>
</WStrL>
<WStrL gml:id="K27_4665911889_11">
<fid>46659-11889-s-1180</fid>
<lfSpanFr gml:id="K27_4665911889_11-1">
<gml:timePosition>2018-12-14</gml:timePosition>
</lfSpanFr>
<devDate gml:id="K27_4665911889_11-2">
<gml:timePosition>2024-11-29</gml:timePosition>
</devDate>
<orgGILvl>2500</orgGILvl>
<vis>表示</vis>
<loc>
<gml:Curve gml:id="K27_4665911889_11-g" srsName="fguuid:jgd2011.bl">
<gml:segments>
<gml:LineStringSegment>
<gml:posList>
33.033333333 129.614106447
33.033320229 129.614028712
33.033290234 129.613893033
33.033274321 129.613840555
33.033258392 129.613804778
33.033243806 129.613780243
33.033203011 129.613719811
33.033128511 129.613636533
33.033080305 129.613595254
33.033051024 129.613565348
33.033018970 129.613511993
33.032997193 129.613462184
33.032951280 129.613377658
33.032937865 129.613353874
33.032919759 129.613332761
33.032917056 129.613330724
33.032876997 129.613254342
33.032808558 129.613149768
33.032758392 129.613081295
33.032775470 129.613042456
33.032854070 129.613079812
33.032845676 129.613087830
33.032923666 129.613201623
33.033006128 129.613354711
33.033102741 129.613515098
33.033296221 129.613755580
33.033317748 129.613783228
33.033333333 129.613844031
</gml:posList>
</gml:LineStringSegment>
</gml:segments>
</gml:Curve>
</loc>
<type>透過水制</type>
</WStrL>
<WStrL gml:id="K27_4665911892_1">
<fid>46659-11892-s-2645</fid>
<lfSpanFr gml:id="K27_4665911892_1-1">
<gml:timePosition>2018-12-14</gml:timePosition>
</lfSpanFr>
<devDate gml:id="K27_4665911892_1-2">
<gml:timePosition>2024-11-29</gml:timePosition>
</devDate>
<orgGILvl>2500</orgGILvl>
<vis>表示</vis>
<loc>
<gml:Curve gml:id="K27_4665911892_1-g" srsName="fguuid:jgd2011.bl">
<gml:segments>
<gml:LineStringSegment>
<gml:posList>
33.034291602 129.613637383
33.034296104 129.613744768
33.034276083 129.613746133
33.034272754 129.613638858
33.034291602 129.613637383
</gml:posList>
</gml:LineStringSegment>
</gml:segments>
</gml:Curve>
</loc>
<type>透過水制</type>
</WStrL>
<WStrL gml:id="K27_4665911892_2">
<fid>46659-11892-s-2646</fid>
<lfSpanFr gml:id="K27_4665911892_2-1">
<gml:timePosition>2018-12-14</gml:timePosition>
</lfSpanFr>
<devDate gml:id="K27_4665911892_2-2">
<gml:timePosition>2024-11-29</gml:timePosition>
</devDate>
<orgGILvl>2500</orgGILvl>
<vis>表示</vis>
<loc>
<gml:Curve gml:id="K27_4665911892_2-g" srsName="fguuid:jgd2011.bl">
<gml:segments>
<gml:LineStringSegment>
<gml:posList>
33.033457359 129.613960586
33.033482163 129.613953981
33.033509301 129.613959368
33.033525344 129.613969131
33.033538496 129.613984029
33.033546504 129.614003202
33.033553689 129.614034686
33.033557180 129.614063489
33.033555522 129.614101813
33.033541421 129.614138301
33.033528871 129.614155628
33.033508929 129.614169413
33.033483221 129.614177944
33.033453093 129.614188183
33.033416388 129.614191454
33.033388436 129.614188634
33.033367973 129.614180686
33.033348250 129.614152612
33.033334489 129.614113304
33.033333333 129.614106447
</gml:posList>
</gml:LineStringSegment>
</gml:segments>
</gml:Curve>
</loc>
<type>透過水制</type>
</WStrL>
<WStrL gml:id="K27_4665911892_3">
<fid>46659-11892-s-2647</fid>
<lfSpanFr gml:id="K27_4665911892_3-1">
<gml:timePosition>2018-12-14</gml:timePosition>
</lfSpanFr>
<devDate gml:id="K27_4665911892_3-2">
<gml:timePosition>2024-11-29</gml:timePosition>
</devDate>
<orgGILvl>2500</orgGILvl>
<vis>表示</vis>
<loc>
<gml:Curve gml:id="K27_4665911892_3-g" srsName="fguuid:jgd2011.bl">
<gml:segments>
<gml:LineStringSegment>
<gml:posList>
33.033333333 129.613844031
33.033400595 129.614106431
33.033487190 129.614077851
33.033460052 129.613973436
33.033457359 129.613960586
</gml:posList>
</gml:LineStringSegment>
</gml:segments>
</gml:Curve>
</loc>
<type>透過水制</type>
</WStrL>
<WStrL gml:id="K27_4665911892_4">
<fid>46659-11892-s-2648</fid>
<lfSpanFr gml:id="K27_4665911892_4-1">
<gml:timePosition>2018-12-14</gml:timePosition>
</lfSpanFr>
<devDate gml:id="K27_4665911892_4-2">
<gml:timePosition>2024-11-29</gml:timePosition>
</devDate>
<orgGILvl>2500</orgGILvl>
<vis>表示</vis>
<loc>
<gml:Curve gml:id="K27_4665911892_4-g" srsName="fguuid:jgd2011.bl">
<gml:segments>
<gml:LineStringSegment>
<gml:posList>
33.034343798 129.616666667
33.034365477 129.616548801
33.034456040 129.616133643
33.034488780 129.615933060
33.034522166 129.615715884
33.034528891 129.615660223
33.034536361 129.615579404
33.034536803 129.615490868
33.034526195 129.615260144
33.034458434 129.614813947
33.034441405 129.614699801
33.034406708 129.614579209
33.034350223 129.614420905
33.034308801 129.614257482
33.034291787 129.614126636
33.033881095 129.614159294
33.033878619 129.614006949
33.034302003 129.614000000
33.034302183 129.614000000
33.034370534 129.614003193
33.034378443 129.614130816
33.034380234 129.614144093
33.034385070 129.614180499
33.034395931 129.614235969
33.034404908 129.614279874
33.034423235 129.614355694
33.034440839 129.614432263
33.034475996 129.614543114
33.034523650 129.614695304
33.034537218 129.614748316
33.034545563 129.614793397
33.034567967 129.614944699
33.034595810 129.615163669
33.034614699 129.615313681
33.034629199 129.615430286
33.034637616 129.615495281
33.034643246 129.615550209
33.034645647 129.615586719
33.034645896 129.615610701
33.034645330 129.615636608
33.034644051 129.615654913
33.034642502 129.615672361
33.034639779 129.615690986
33.034636155 129.615709823
33.034557886 129.616093737
33.034518286 129.616300628
33.034472442 129.616531170
33.034446568 129.616666667
</gml:posList>
</gml:LineStringSegment>
</gml:segments>
</gml:Curve>
</loc>
<type>透過水制</type>
</WStrL>
<WStrL gml:id="K27_4665911892_5">
<fid>46659-11892-s-2649</fid>
<lfSpanFr gml:id="K27_4665911892_5-1">
<gml:timePosition>2018-12-14</gml:timePosition>
</lfSpanFr>
<devDate gml:id="K27_4665911892_5-2">
<gml:timePosition>2024-11-29</gml:timePosition>
</devDate>
<orgGILvl>2500</orgGILvl>
<vis>表示</vis>
<loc>
<gml:Curve gml:id="K27_4665911892_5-g" srsName="fguuid:jgd2011.bl">
<gml:segments>
<gml:LineStringSegment>
<gml:posList>
33.034080681 129.612642765
33.034147608 129.612724428
33.034294146 129.612921921
33.034301077 129.612935954
33.034306747 129.612948059
33.034311786 129.612960270
33.034317451 129.612978263
33.034320953 129.612994754
33.034323820 129.613015099
33.034338870 129.613323123
33.034351536 129.613575474
33.034290314 129.613567580
33.034271474 129.613261586
33.034262392 129.613133426
33.034254418 129.613076890
33.034245547 129.613015106
33.034236753 129.612967669
33.034220472 129.612922256
33.034173374 129.612851002
33.034046093 129.612698391
33.034080681 129.612642765
</gml:posList>
</gml:LineStringSegment>
</gml:segments>
</gml:Curve>
</loc>
<type>透過水制</type>
</WStrL>
<WStrL gml:id="K27_4666211889_1">
<fid>46662-11889-s-1993</fid>
<lfSpanFr gml:id="K27_4666211889_1-1">
<gml:timePosition>2023-02-21</gml:timePosition>
</lfSpanFr>
<devDate gml:id="K27_4666211889_1-2">
<gml:timePosition>2024-11-29</gml:timePosition>
</devDate>
<orgGILvl>2500</orgGILvl>
<vis>表示</vis>
<loc>
<gml:Curve gml:id="K27_4666211889_1-g" srsName="fguuid:jgd2011.bl">
<gml:segments>
<gml:LineStringSegment>
<gml:posList>
33.033313406 129.617686387
33.033333333 129.617666055
</gml:posList>
</gml:LineStringSegment>
</gml:segments>
</gml:Curve>
</loc>
<type>防波堤</type>
</WStrL>
<WStrL gml:id="K27_4666211889_2">
<fid>46662-11889-s-1994</fid>
<lfSpanFr gml:id="K27_4666211889_2-1">
<gml:timePosition>2023-02-21</gml:timePosition>
</lfSpanFr>
<devDate gml:id="K27_4666211889_2-2">
<gml:timePosition>2024-11-29</gml:timePosition>
</devDate>
<orgGILvl>2500</orgGILvl>
<vis>表示</vis>
<loc>
<gml:Curve gml:id="K27_4666211889_2-g" srsName="fguuid:jgd2011.bl">
<gml:segments>
<gml:LineStringSegment>
<gml:posList>
33.032362225 129.622008330
33.032393545 129.622070572
33.032315579 129.622125812
33.032294372 129.622049132
33.032362225 129.622008330
</gml:posList>
</gml:LineStringSegment>
</gml:segments>
</gml:Curve>
</loc>
<type>透過水制</type>
</WStrL>
<WStrL gml:id="K27_4666211889_3">
<fid>46662-11889-s-1995</fid>
<lfSpanFr gml:id="K27_4666211889_3-1">
<gml:timePosition>2023-02-21</gml:timePosition>
</lfSpanFr>
<devDate gml:id="K27_4666211889_3-2">
<gml:timePosition>2024-11-29</gml:timePosition>
</devDate>
<orgGILvl>2500</orgGILvl>
<vis>表示</vis>
<loc>
<gml:Curve gml:id="K27_4666211889_3-g" srsName="fguuid:jgd2011.bl">
<gml:segments>
<gml:LineStringSegment>
<gml:posList>
33.032401916 129.622087070
33.032435936 129.622154669
33.032513786 129.622309578
33.032552761 129.622383393
33.032609736 129.622491063
33.032660854 129.622595406
33.032678579 129.622635790
33.032693510 129.622674565
33.032705561 129.622707662
33.032720396 129.622752967
33.032734864 129.622803303
33.032743665 129.622840356
33.032751736 129.622885973
33.032757466 129.622928161
33.032762468 129.622976986
33.032769140 129.623069491
33.032778591 129.623178058
33.032785426 129.623288335
33.032801340 129.623518420
33.032814968 129.623688657
33.032820567 129.623771419
33.032828478 129.623887479
33.032837238 129.623964571
33.032848349 129.624035886
33.032864691 129.624106672
33.032881853 129.624168253
33.032899478 129.624218273
33.032927268 129.624293358
33.033012806 129.624513264
33.033035201 129.624571962
33.032954631 129.624614885
33.032921718 129.624613982
33.032817554 129.624352620
33.032770633 129.624201499
33.032737383 129.624085404
33.032720476 129.623948456
33.032679996 129.623393852
33.032652735 129.623056482
33.032650101 129.622984644
33.032638188 129.622902302
33.032616896 129.622821232
33.032500844 129.622541549
33.032307778 129.622172371
33.032310504 129.622151820
33.032401916 129.622087070
</gml:posList>
</gml:LineStringSegment>
</gml:segments>
</gml:Curve>
</loc>
<type>透過水制</type>
</WStrL>
<WStrL gml:id="K27_4666211889_4">
<fid>46662-11889-s-1996</fid>
<lfSpanFr gml:id="K27_4666211889_4-1">
<gml:timePosition>2023-02-21</gml:timePosition>
</lfSpanFr>
<devDate gml:id="K27_4666211889_4-2">
<gml:timePosition>2024-11-29</gml:timePosition>
</devDate>
<orgGILvl>2500</orgGILvl>
<vis>表示</vis>
<loc>
<gml:Curve gml:id="K27_4666211889_4-g" srsName="fguuid:jgd2011.bl">
<gml:segments>
<gml:LineStringSegment>
<gml:posList>
33.033043836 129.624594670
33.033066321 129.624653690
33.033087911 129.624705535
33.033104108 129.624740458
33.033117970 129.624765636
33.033131655 129.624787388
33.033144263 129.624804213
33.033160565 129.624823613
33.033177772 129.624840446
33.033194980 129.624856528
33.033211199 129.624868648
33.033228231 129.624880128
33.033247699 129.624890539
33.033274829 129.624903317
33.033289702 129.624909441
33.033307190 129.624915781
33.033327924 129.624921699
33.033333333 129.624923004
</gml:posList>
</gml:LineStringSegment>
</gml:segments>
</gml:Curve>
</loc>
<type>透過水制</type>
</WStrL>
<WStrL gml:id="K27_4666211889_5">
<fid>46662-11889-s-1997</fid>
<lfSpanFr gml:id="K27_4666211889_5-1">
<gml:timePosition>2023-02-21</gml:timePosition>
</lfSpanFr>
<devDate gml:id="K27_4666211889_5-2">
<gml:timePosition>2024-11-29</gml:timePosition>
</devDate>
<orgGILvl>2500</orgGILvl>
<vis>表示</vis>
<loc>
<gml:Curve gml:id="K27_4666211889_5-g" srsName="fguuid:jgd2011.bl">
<gml:segments>
<gml:LineStringSegment>
<gml:posList>
33.033275186 129.625000000
33.033156939 129.624932377
33.033076207 129.624866959
33.033042526 129.624822269
33.032968228 129.624634817
33.033043836 129.624594670
</gml:posList>
</gml:LineStringSegment>
</gml:segments>
</gml:Curve>
</loc>
<type>透過水制</type>
</WStrL>
<WStrL gml:id="K27_4666211892_1">
<fid>46662-11892-s-5022</fid>
<lfSpanFr gml:id="K27_4666211892_1-1">
<gml:timePosition>2018-12-14</gml:timePosition>
</lfSpanFr>
<devDate gml:id="K27_4666211892_1-2">
<gml:timePosition>2024-11-29</gml:timePosition>
</devDate>
<orgGILvl>2500</orgGILvl>
<vis>表示</vis>
<loc>
<gml:Curve gml:id="K27_4666211892_1-g" srsName="fguuid:jgd2011.bl">
<gml:segments>
<gml:LineStringSegment>
<gml:posList>
33.033333333 129.617666055
33.033684567 129.617307686
33.033689504 129.617235750
33.033720794 129.617236648
33.033712577 129.617344872
33.033696978 129.617342603
33.033333853 129.617710181
</gml:posList>
</gml:LineStringSegment>
</gml:segments>
</gml:Curve>
</loc>
<type>防波堤</type>
</WStrL>
<WStrL gml:id="K27_4666211892_2">
<fid>46662-11892-s-5023</fid>
<lfSpanFr gml:id="K27_4666211892_2-1">
<gml:timePosition>2018-12-14</gml:timePosition>
</lfSpanFr>
<devDate gml:id="K27_4666211892_2-2">
<gml:timePosition>2024-11-29</gml:timePosition>
</devDate>
<orgGILvl>2500</orgGILvl>
<vis>表示</vis>
<loc>
<gml:Curve gml:id="K27_4666211892_2-g" srsName="fguuid:jgd2011.bl">
<gml:segments>
<gml:LineStringSegment>
<gml:posList>
33.033333333 129.624923004
33.033355151 129.624928268
33.033425833 129.624944319
33.033614891 129.624985909
33.033706860 129.624816140
33.033763992 129.624855404
33.033697335 129.625000000
</gml:posList>
</gml:LineStringSegment>
</gml:segments>
</gml:Curve>
</loc>
<type>透過水制</type>
</WStrL>
<WStrL gml:id="K27_4666211892_3">
<fid>46662-11892-s-5024</fid>
<lfSpanFr gml:id="K27_4666211892_3-1">
<gml:timePosition>2018-12-14</gml:timePosition>
</lfSpanFr>
<devDate gml:id="K27_4666211892_3-2">
<gml:timePosition>2024-11-29</gml:timePosition>
</devDate>
<orgGILvl>2500</orgGILvl>
<vis>表示</vis>
<loc>
<gml:Curve gml:id="K27_4666211892_3-g" srsName="fguuid:jgd2011.bl">
<gml:segments>
<gml:LineStringSegment>
<gml:posList>
33.033968957 129.618099857
33.033968446 129.618068060
33.033974046 129.618057897
33.033984245 129.618048383
33.034000672 129.618032774
33.034012407 129.618020264
33.034035431 129.617989141
33.034051148 129.617961863
33.034100029 129.617860009
33.034103556 129.617848880
33.034104738 129.617839033
33.034104296 129.617829183
33.034104035 129.617819868
33.034103410 129.617812481
33.034105859 129.617797710
33.034162194 129.617633452
33.034170259 129.617591068
33.034186393 129.617503409
33.034213787 129.617332689
33.034245818 129.617217859
33.034321971 129.616785341
33.034343798 129.616666667
</gml:posList>
</gml:LineStringSegment>
</gml:segments>
</gml:Curve>
</loc>
<type>透過水制</type>
</WStrL>
<WStrL gml:id="K27_4666211892_4">
<fid>46662-11892-s-5025</fid>
<lfSpanFr gml:id="K27_4666211892_4-1">
<gml:timePosition>2018-12-14</gml:timePosition>
</lfSpanFr>
<devDate gml:id="K27_4666211892_4-2">
<gml:timePosition>2024-11-29</gml:timePosition>
</devDate>
<orgGILvl>2500</orgGILvl>
<vis>表示</vis>
<loc>
<gml:Curve gml:id="K27_4666211892_4-g" srsName="fguuid:jgd2011.bl">
<gml:segments>
<gml:LineStringSegment>
<gml:posList>
33.034446568 129.616666667
33.034438188 129.616710554
33.034398303 129.616932538
33.034360156 129.617127333
33.034352811 129.617170467
33.034332873 129.617276428
33.034325441 129.617315387
33.034318643 129.617353169
33.034311118 129.617396196
33.034301326 129.617452281
33.034290627 129.617513397
33.034283735 129.617555033
33.034281558 129.617568198
33.034271056 129.617612506
33.034258394 129.617652636
33.034239320 129.617702071
33.034223325 129.617738128
33.034203535 129.617781674
33.034146434 129.617898291
33.034091598 129.618003027
33.034074709 129.618030197
33.034065499 129.618042389
33.034057916 129.618051051
33.034049161 129.618060139
33.034038962 129.618069011
33.034027863 129.618077132
33.034018299 129.618082794
33.034009186 129.618087920
33.034001969 129.618091658
33.033995023 129.618094217
33.033987807 129.618096563
33.033979960 129.618098266
33.033968957 129.618099857
</gml:posList>
</gml:LineStringSegment>
</gml:segments>
</gml:Curve>
</loc>
<type>透過水制</type>
</WStrL>
<WStrL gml:id="K27_4666211892_5">
<fid>46662-11892-s-5062</fid>
<lfSpanFr gml:id="K27_4666211892_5-1">
<gml:timePosition>2023-02-21</gml:timePosition>
</lfSpanFr>
<devDate gml:id="K27_4666211892_5-2">
<gml:timePosition>2024-11-29</gml:timePosition>
</devDate>
<orgGILvl>2500</orgGILvl>
<vis>表示</vis>
<loc>
<gml:Curve gml:id="K27_4666211892_5-g" srsName="fguuid:jgd2011.bl">
<gml:segments>
<gml:LineStringSegment>
<gml:posList>
33.035521906 129.622744968
33.035484669 129.622830028
33.035499089 129.622838506
33.035449374 129.622959092
33.035387818 129.622924105
33.035439878 129.622803201
33.035452495 129.622810820
33.035489641 129.622725867
</gml:posList>
</gml:LineStringSegment>
</gml:segments>
</gml:Curve>
</loc>
<type>桟橋（鉄，コンクリート）</type>
</WStrL>
<WStrL gml:id="K27_4666211895_1">
<fid>46662-11895-s-2378</fid>
<lfSpanFr gml:id="K27_4666211895_1-1">
<gml:timePosition>2018-12-14</gml:timePosition>
</lfSpanFr>
<devDate gml:id="K27_4666211895_1-2">
<gml:timePosition>2024-11-29</gml:timePosition>
</devDate>
<orgGILvl>2500</orgGILvl>
<vis>表示</vis>
<loc>
<gml:Curve gml:id="K27_4666211895_1-g" srsName="fguuid:jgd2011.bl">
<gml:segments>
<gml:LineStringSegment>
<gml:posList>
33.046924123 129.620993333
33.046948125 129.620976769
33.046968338 129.620962877
</gml:posList>
</gml:LineStringSegment>
</gml:segments>
</gml:Curve>
</loc>
<type>せき</type>
</WStrL>
<WStrL gml:id="K27_4666211895_2">
<fid>46662-11895-s-2379</fid>
<lfSpanFr gml:id="K27_4666211895_2-1">
<gml:timePosition>2018-12-14</gml:timePosition>
</lfSpanFr>
<devDate gml:id="K27_4666211895_2-2">
<gml:timePosition>2024-11-29</gml:timePosition>
</devDate>
<orgGILvl>2500</orgGILvl>
<vis>表示</vis>
<loc>
<gml:Curve gml:id="K27_4666211895_2-g" srsName="fguuid:jgd2011.bl">
<gml:segments>
<gml:LineStringSegment>
<gml:posList>
33.046974278 129.620974878
33.046953975 129.620988876
33.046930063 129.621005333
</gml:posList>
</gml:LineStringSegment>
</gml:segments>
</gml:Curve>
</loc>
<type>せき</type>
</WStrL>
<WStrL gml:id="K27_4666211895_3">
<fid>46662-11895-s-2482</fid>
<lfSpanFr gml:id="K27_4666211895_3-1">
<gml:timePosition>2023-02-21</gml:timePosition>
</lfSpanFr>
<devDate gml:id="K27_4666211895_3-2">
<gml:timePosition>2024-11-29</gml:timePosition>
</devDate>
<orgGILvl>2500</orgGILvl>
<vis>表示</vis>
<loc>
<gml:Curve gml:id="K27_4666211895_3-g" srsName="fguuid:jgd2011.bl">
<gml:segments>
<gml:LineStringSegment>
<gml:posList>
33.049764362 129.622870728
33.049798732 129.622857927
33.049797474 129.622853963
33.049915111 129.622804871
33.049900551 129.622755703
33.049956483 129.622732331
33.049979941 129.622811600
33.049806461 129.622884064
33.049804664 129.622878172
33.049770655 129.622890867
</gml:posList>
</gml:LineStringSegment>
</gml:segments>
</gml:Curve>
</loc>
<type>桟橋（鉄，コンクリート）</type>
</WStrL>
</Dataset>
