<?xml version="1.0" encoding="utf-8"?>
<Dataset xsi:schemaLocation="http://fgd.gsi.go.jp/spec/2008/FGD_GMLSchema FGD_GMLSchema.xsd"
	xmlns:gml="http://www.opengis.net/gml/3.2"
	xmlns:xsi="http://www.w3.org/2001/XMLSchema-instance"
	xmlns:xlink="http://www.w3.org/1999/xlink"
	xmlns="http://fgd.gsi.go.jp/spec/2008/FGD_GMLSchema"
	gml:id="Dataset1">
  <gml:description>基盤地図情報メタデータ ID=fmdid:25-0331</gml:description>
  <gml:name>基盤地図情報ダウンロードデータ（GML版）</gml:name>
<CommPt gml:id="K8_4673411898_1">
<fid>46734-11898-i-1895</fid>
<lfSpanFr gml:id="K8_4673411898_1-1">
<gml:timePosition>2020-08-28</gml:timePosition>
</lfSpanFr>
<devDate gml:id="K8_4673411898_1-2">
<gml:timePosition>2025-02-26</gml:timePosition>
</devDate>
<orgGILvl>2500</orgGILvl>
<vis>表示</vis>
<pos>
<gml:Point gml:id="K8_4673411898_1-g" srsName="fguuid:jgd2011.bl">
<gml:pos>33.051191486 129.818218319</gml:pos>
</gml:Point>
</pos>
<type>大字・町・丁目</type>
<name>小串郷</name>
<admCode>42322</admCode>
</CommPt>
<CommPt gml:id="K8_4673411904_1">
<fid>46734-11904-i-1573</fid>
<lfSpanFr gml:id="K8_4673411904_1-1">
<gml:timePosition>2024-11-28</gml:timePosition>
</lfSpanFr>
<devDate gml:id="K8_4673411904_1-2">
<gml:timePosition>2025-02-26</gml:timePosition>
</devDate>
<orgGILvl>2500</orgGILvl>
<vis>表示</vis>
<pos>
<gml:Point gml:id="K8_4673411904_1-g" srsName="fguuid:jgd2011.bl">
<gml:pos>33.071511223 129.822554853</gml:pos>
</gml:Point>
</pos>
<type>大字・町・丁目</type>
<name>新谷郷</name>
<admCode>42322</admCode>
</CommPt>
<CommPt gml:id="K8_4673711895_1">
<fid>46737-11895-i-574</fid>
<lfSpanFr gml:id="K8_4673711895_1-1">
<gml:timePosition>2018-10-03</gml:timePosition>
</lfSpanFr>
<devDate gml:id="K8_4673711895_1-2">
<gml:timePosition>2025-02-26</gml:timePosition>
</devDate>
<orgGILvl>2500</orgGILvl>
<vis>表示</vis>
<pos>
<gml:Point gml:id="K8_4673711895_1-g" srsName="fguuid:jgd2011.bl">
<gml:pos>33.047348913 129.831968622</gml:pos>
</gml:Point>
</pos>
<type>大字・町・丁目</type>
<name>三越郷</name>
<admCode>42322</admCode>
</CommPt>
<CommPt gml:id="K8_4674011901_1">
<fid>46740-11901-i-2059</fid>
<lfSpanFr gml:id="K8_4674011901_1-1">
<gml:timePosition>2020-08-28</gml:timePosition>
</lfSpanFr>
<devDate gml:id="K8_4674011901_1-2">
<gml:timePosition>2025-02-26</gml:timePosition>
</devDate>
<orgGILvl>2500</orgGILvl>
<vis>表示</vis>
<pos>
<gml:Point gml:id="K8_4674011901_1-g" srsName="fguuid:jgd2011.bl">
<gml:pos>33.060749404 129.839056223</gml:pos>
</gml:Point>
</pos>
<type>大字・町・丁目</type>
<name>小串郷</name>
<admCode>42322</admCode>
</CommPt>
<CommPt gml:id="K8_4674311901_1">
<fid>46743-11901-i-1362</fid>
<lfSpanFr gml:id="K8_4674311901_1-1">
<gml:timePosition>2020-08-28</gml:timePosition>
</lfSpanFr>
<devDate gml:id="K8_4674311901_1-2">
<gml:timePosition>2025-02-26</gml:timePosition>
</devDate>
<orgGILvl>2500</orgGILvl>
<vis>表示</vis>
<pos>
<gml:Point gml:id="K8_4674311901_1-g" srsName="fguuid:jgd2011.bl">
<gml:pos>33.064843696 129.846836247</gml:pos>
</gml:Point>
</pos>
<type>大字・町・丁目</type>
<name>白石郷</name>
<admCode>42322</admCode>
</CommPt>
<CommPt gml:id="K8_4674611904_1">
<fid>46746-11904-i-1275</fid>
<lfSpanFr gml:id="K8_4674611904_1-1">
<gml:timePosition>2020-08-28</gml:timePosition>
</lfSpanFr>
<devDate gml:id="K8_4674611904_1-2">
<gml:timePosition>2025-02-26</gml:timePosition>
</devDate>
<orgGILvl>2500</orgGILvl>
<vis>表示</vis>
<pos>
<gml:Point gml:id="K8_4674611904_1-g" srsName="fguuid:jgd2011.bl">
<gml:pos>33.073673073 129.851905280</gml:pos>
</gml:Point>
</pos>
<type>大字・町・丁目</type>
<name>下組郷</name>
<admCode>42322</admCode>
</CommPt>
<CommPt gml:id="K8_4674611907_1">
<fid>46746-11907-i-896</fid>
<lfSpanFr gml:id="K8_4674611907_1-1">
<gml:timePosition>2024-11-28</gml:timePosition>
</lfSpanFr>
<devDate gml:id="K8_4674611907_1-2">
<gml:timePosition>2025-02-26</gml:timePosition>
</devDate>
<orgGILvl>2500</orgGILvl>
<vis>表示</vis>
<pos>
<gml:Point gml:id="K8_4674611907_1-g" srsName="fguuid:jgd2011.bl">
<gml:pos>33.080637597 129.855496999</gml:pos>
</gml:Point>
</pos>
<type>大字・町・丁目</type>
<name>中組郷</name>
<admCode>42322</admCode>
</CommPt>
<CommPt gml:id="K8_4674911904_1">
<fid>46749-11904-i-2089</fid>
<lfSpanFr gml:id="K8_4674911904_1-1">
<gml:timePosition>2020-08-28</gml:timePosition>
</lfSpanFr>
<devDate gml:id="K8_4674911904_1-2">
<gml:timePosition>2025-02-26</gml:timePosition>
</devDate>
<orgGILvl>2500</orgGILvl>
<vis>表示</vis>
<pos>
<gml:Point gml:id="K8_4674911904_1-g" srsName="fguuid:jgd2011.bl">
<gml:pos>33.069666071 129.862019774</gml:pos>
</gml:Point>
</pos>
<type>大字・町・丁目</type>
<name>栄町</name>
<admCode>42322</admCode>
</CommPt>
<CommPt gml:id="K8_4675211904_1">
<fid>46752-11904-i-2498</fid>
<lfSpanFr gml:id="K8_4675211904_1-1">
<gml:timePosition>2020-08-28</gml:timePosition>
</lfSpanFr>
<devDate gml:id="K8_4675211904_1-2">
<gml:timePosition>2025-02-26</gml:timePosition>
</devDate>
<orgGILvl>2500</orgGILvl>
<vis>表示</vis>
<pos>
<gml:Point gml:id="K8_4675211904_1-g" srsName="fguuid:jgd2011.bl">
<gml:pos>33.074927494 129.869931586</gml:pos>
</gml:Point>
</pos>
<type>大字・町・丁目</type>
<name>百津郷</name>
<admCode>42322</admCode>
</CommPt>
<CommPt gml:id="K8_4675211904_2">
<fid>46752-11904-i-2499</fid>
<lfSpanFr gml:id="K8_4675211904_2-1">
<gml:timePosition>2020-08-28</gml:timePosition>
</lfSpanFr>
<devDate gml:id="K8_4675211904_2-2">
<gml:timePosition>2025-02-26</gml:timePosition>
</devDate>
<orgGILvl>2500</orgGILvl>
<vis>表示</vis>
<pos>
<gml:Point gml:id="K8_4675211904_2-g" srsName="fguuid:jgd2011.bl">
<gml:pos>33.070113173 129.867159293</gml:pos>
</gml:Point>
</pos>
<type>大字・町・丁目</type>
<name>城山町</name>
<admCode>42322</admCode>
</CommPt>
</Dataset>
