<?xml version="1.0" encoding="utf-8"?>
<Dataset xsi:schemaLocation="http://fgd.gsi.go.jp/spec/2008/FGD_GMLSchema FGD_GMLSchema.xsd"
	xmlns:gml="http://www.opengis.net/gml/3.2"
	xmlns:xsi="http://www.w3.org/2001/XMLSchema-instance"
	xmlns:xlink="http://www.w3.org/1999/xlink"
	xmlns="http://fgd.gsi.go.jp/spec/2008/FGD_GMLSchema"
	gml:id="Dataset1">
  <gml:description>基盤地図情報メタデータ ID=fmdid:25-0331</gml:description>
  <gml:name>基盤地図情報ダウンロードデータ（GML版）</gml:name>
<ElevPt gml:id="K2_4671011889_1">
<fid>46710-11889-i-18</fid>
<lfSpanFr gml:id="K2_4671011889_1-1">
<gml:timePosition>2023-02-21</gml:timePosition>
</lfSpanFr>
<devDate gml:id="K2_4671011889_1-2">
<gml:timePosition>2025-02-26</gml:timePosition>
</devDate>
<orgGILvl>25000</orgGILvl>
<vis>表示</vis>
<pos>
<gml:Point gml:id="K2_4671011889_1-g" srsName="fguuid:jgd2011.bl">
<gml:pos>33.029514167 129.754400000</gml:pos>
</gml:Point>
</pos>
<type>標高点（測点）</type>
<alti>18</alti>
</ElevPt>
<ElevPt gml:id="K2_4671011895_1">
<fid>46710-11895-i-708</fid>
<lfSpanFr gml:id="K2_4671011895_1-1">
<gml:timePosition>2023-02-21</gml:timePosition>
</lfSpanFr>
<devDate gml:id="K2_4671011895_1-2">
<gml:timePosition>2025-02-26</gml:timePosition>
</devDate>
<orgGILvl>25000</orgGILvl>
<vis>表示</vis>
<pos>
<gml:Point gml:id="K2_4671011895_1-g" srsName="fguuid:jgd2011.bl">
<gml:pos>33.045667500 129.754190000</gml:pos>
</gml:Point>
</pos>
<type>標高点（測点）</type>
<alti>78</alti>
</ElevPt>
<ElevPt gml:id="K2_4671011898_1">
<fid>46710-11898-i-991</fid>
<lfSpanFr gml:id="K2_4671011898_1-1">
<gml:timePosition>2024-11-28</gml:timePosition>
</lfSpanFr>
<devDate gml:id="K2_4671011898_1-2">
<gml:timePosition>2025-02-26</gml:timePosition>
</devDate>
<orgGILvl>25000</orgGILvl>
<vis>表示</vis>
<pos>
<gml:Point gml:id="K2_4671011898_1-g" srsName="fguuid:jgd2011.bl">
<gml:pos>33.051964218 129.750462136</gml:pos>
</gml:Point>
</pos>
<type>標高点（測点）</type>
<alti>59</alti>
</ElevPt>
<ElevPt gml:id="K2_4671011904_1">
<fid>46710-11904-i-1296</fid>
<lfSpanFr gml:id="K2_4671011904_1-1">
<gml:timePosition>2024-11-28</gml:timePosition>
</lfSpanFr>
<devDate gml:id="K2_4671011904_1-2">
<gml:timePosition>2025-02-26</gml:timePosition>
</devDate>
<orgGILvl>25000</orgGILvl>
<vis>表示</vis>
<pos>
<gml:Point gml:id="K2_4671011904_1-g" srsName="fguuid:jgd2011.bl">
<gml:pos>33.071838750 129.754400250</gml:pos>
</gml:Point>
</pos>
<type>標高点（測点）</type>
<alti>37</alti>
</ElevPt>
<ElevPt gml:id="K2_4671011907_1">
<fid>46710-11907-i-2306</fid>
<lfSpanFr gml:id="K2_4671011907_1-1">
<gml:timePosition>2024-11-28</gml:timePosition>
</lfSpanFr>
<devDate gml:id="K2_4671011907_1-2">
<gml:timePosition>2025-02-26</gml:timePosition>
</devDate>
<orgGILvl>25000</orgGILvl>
<vis>表示</vis>
<pos>
<gml:Point gml:id="K2_4671011907_1-g" srsName="fguuid:jgd2011.bl">
<gml:pos>33.082772444 129.755183778</gml:pos>
</gml:Point>
</pos>
<type>標高点（測点）</type>
<alti>67</alti>
</ElevPt>
<ElevPt gml:id="K2_4671311886_1">
<fid>46713-11886-i-121</fid>
<lfSpanFr gml:id="K2_4671311886_1-1">
<gml:timePosition>2023-02-21</gml:timePosition>
</lfSpanFr>
<devDate gml:id="K2_4671311886_1-2">
<gml:timePosition>2025-02-26</gml:timePosition>
</devDate>
<orgGILvl>25000</orgGILvl>
<vis>表示</vis>
<pos>
<gml:Point gml:id="K2_4671311886_1-g" srsName="fguuid:jgd2011.bl">
<gml:pos>33.019552222 129.763088333</gml:pos>
</gml:Point>
</pos>
<type>標高点（測点）</type>
<alti>64</alti>
</ElevPt>
<ElevPt gml:id="K2_4671311889_1">
<fid>46713-11889-i-7</fid>
<lfSpanFr gml:id="K2_4671311889_1-1">
<gml:timePosition>2023-02-21</gml:timePosition>
</lfSpanFr>
<devDate gml:id="K2_4671311889_1-2">
<gml:timePosition>2025-02-26</gml:timePosition>
</devDate>
<orgGILvl>25000</orgGILvl>
<vis>表示</vis>
<pos>
<gml:Point gml:id="K2_4671311889_1-g" srsName="fguuid:jgd2011.bl">
<gml:pos>33.033270000 129.758676944</gml:pos>
</gml:Point>
</pos>
<type>標高点（測点）</type>
<alti>23</alti>
</ElevPt>
<ElevPt gml:id="K2_4671311901_1">
<fid>46713-11901-i-2742</fid>
<lfSpanFr gml:id="K2_4671311901_1-1">
<gml:timePosition>2024-11-28</gml:timePosition>
</lfSpanFr>
<devDate gml:id="K2_4671311901_1-2">
<gml:timePosition>2025-02-26</gml:timePosition>
</devDate>
<orgGILvl>25000</orgGILvl>
<vis>表示</vis>
<pos>
<gml:Point gml:id="K2_4671311901_1-g" srsName="fguuid:jgd2011.bl">
<gml:pos>33.066269444 129.759806111</gml:pos>
</gml:Point>
</pos>
<type>標高点（測点）</type>
<alti>51</alti>
</ElevPt>
<ElevPt gml:id="K2_4671311907_1">
<fid>46713-11907-i-837</fid>
<lfSpanFr gml:id="K2_4671311907_1-1">
<gml:timePosition>2024-11-28</gml:timePosition>
</lfSpanFr>
<devDate gml:id="K2_4671311907_1-2">
<gml:timePosition>2025-02-26</gml:timePosition>
</devDate>
<orgGILvl>25000</orgGILvl>
<vis>表示</vis>
<pos>
<gml:Point gml:id="K2_4671311907_1-g" srsName="fguuid:jgd2011.bl">
<gml:pos>33.081809167 129.762750000</gml:pos>
</gml:Point>
</pos>
<type>標高点（測点）</type>
<alti>17</alti>
</ElevPt>
<ElevPt gml:id="K2_4671611880_1">
<fid>46716-11880-i-574</fid>
<lfSpanFr gml:id="K2_4671611880_1-1">
<gml:timePosition>2023-02-21</gml:timePosition>
</lfSpanFr>
<devDate gml:id="K2_4671611880_1-2">
<gml:timePosition>2025-02-26</gml:timePosition>
</devDate>
<orgGILvl>25000</orgGILvl>
<vis>表示</vis>
<pos>
<gml:Point gml:id="K2_4671611880_1-g" srsName="fguuid:jgd2011.bl">
<gml:pos>33.004290407 129.768573289</gml:pos>
</gml:Point>
</pos>
<type>標高点（測点）</type>
<alti>69</alti>
</ElevPt>
<ElevPt gml:id="K2_4671611901_1">
<fid>46716-11901-i-842</fid>
<lfSpanFr gml:id="K2_4671611901_1-1">
<gml:timePosition>2024-11-28</gml:timePosition>
</lfSpanFr>
<devDate gml:id="K2_4671611901_1-2">
<gml:timePosition>2025-02-26</gml:timePosition>
</devDate>
<orgGILvl>25000</orgGILvl>
<vis>表示</vis>
<pos>
<gml:Point gml:id="K2_4671611901_1-g" srsName="fguuid:jgd2011.bl">
<gml:pos>33.060923306 129.767645528</gml:pos>
</gml:Point>
</pos>
<type>標高点（測点）</type>
<alti>9</alti>
</ElevPt>
<ElevPt gml:id="K2_4671611904_1">
<fid>46716-11904-i-627</fid>
<lfSpanFr gml:id="K2_4671611904_1-1">
<gml:timePosition>2024-11-28</gml:timePosition>
</lfSpanFr>
<devDate gml:id="K2_4671611904_1-2">
<gml:timePosition>2025-02-26</gml:timePosition>
</devDate>
<orgGILvl>25000</orgGILvl>
<vis>表示</vis>
<pos>
<gml:Point gml:id="K2_4671611904_1-g" srsName="fguuid:jgd2011.bl">
<gml:pos>33.067619503 129.768598809</gml:pos>
</gml:Point>
</pos>
<type>標高点（測点）</type>
<alti>48</alti>
</ElevPt>
<ElevPt gml:id="K2_4671911880_1">
<fid>46719-11880-i-462</fid>
<lfSpanFr gml:id="K2_4671911880_1-1">
<gml:timePosition>2023-02-21</gml:timePosition>
</lfSpanFr>
<devDate gml:id="K2_4671911880_1-2">
<gml:timePosition>2025-02-26</gml:timePosition>
</devDate>
<orgGILvl>25000</orgGILvl>
<vis>表示</vis>
<pos>
<gml:Point gml:id="K2_4671911880_1-g" srsName="fguuid:jgd2011.bl">
<gml:pos>33.000413056 129.776078333</gml:pos>
</gml:Point>
</pos>
<type>標高点（測点）</type>
<alti>6</alti>
</ElevPt>
<ElevPt gml:id="K2_4671911886_1">
<fid>46719-11886-i-96</fid>
<lfSpanFr gml:id="K2_4671911886_1-1">
<gml:timePosition>2023-02-21</gml:timePosition>
</lfSpanFr>
<devDate gml:id="K2_4671911886_1-2">
<gml:timePosition>2025-02-26</gml:timePosition>
</devDate>
<orgGILvl>25000</orgGILvl>
<vis>表示</vis>
<pos>
<gml:Point gml:id="K2_4671911886_1-g" srsName="fguuid:jgd2011.bl">
<gml:pos>33.019128056 129.776138611</gml:pos>
</gml:Point>
</pos>
<type>標高点（測点）</type>
<alti>35</alti>
</ElevPt>
<ElevPt gml:id="K2_4671911901_1">
<fid>46719-11901-i-615</fid>
<lfSpanFr gml:id="K2_4671911901_1-1">
<gml:timePosition>2024-11-28</gml:timePosition>
</lfSpanFr>
<devDate gml:id="K2_4671911901_1-2">
<gml:timePosition>2025-02-26</gml:timePosition>
</devDate>
<orgGILvl>25000</orgGILvl>
<vis>表示</vis>
<pos>
<gml:Point gml:id="K2_4671911901_1-g" srsName="fguuid:jgd2011.bl">
<gml:pos>33.062792222 129.775883056</gml:pos>
</gml:Point>
</pos>
<type>標高点（測点）</type>
<alti>53</alti>
</ElevPt>
<ElevPt gml:id="K2_4672211880_1">
<fid>46722-11880-i-371</fid>
<lfSpanFr gml:id="K2_4672211880_1-1">
<gml:timePosition>2023-02-21</gml:timePosition>
</lfSpanFr>
<devDate gml:id="K2_4672211880_1-2">
<gml:timePosition>2025-02-26</gml:timePosition>
</devDate>
<orgGILvl>25000</orgGILvl>
<vis>表示</vis>
<pos>
<gml:Point gml:id="K2_4672211880_1-g" srsName="fguuid:jgd2011.bl">
<gml:pos>33.005881111 129.783903056</gml:pos>
</gml:Point>
</pos>
<type>標高点（測点）</type>
<alti>29</alti>
</ElevPt>
<ElevPt gml:id="K2_4672211880_2">
<fid>46722-11880-i-372</fid>
<lfSpanFr gml:id="K2_4672211880_2-1">
<gml:timePosition>2023-02-21</gml:timePosition>
</lfSpanFr>
<devDate gml:id="K2_4672211880_2-2">
<gml:timePosition>2025-02-26</gml:timePosition>
</devDate>
<orgGILvl>25000</orgGILvl>
<vis>表示</vis>
<pos>
<gml:Point gml:id="K2_4672211880_2-g" srsName="fguuid:jgd2011.bl">
<gml:pos>33.007471667 129.791640000</gml:pos>
</gml:Point>
</pos>
<type>標高点（測点）</type>
<alti>71</alti>
</ElevPt>
<ElevPt gml:id="K2_4672211901_1">
<fid>46722-11901-i-114</fid>
<lfSpanFr gml:id="K2_4672211901_1-1">
<gml:timePosition>2024-11-28</gml:timePosition>
</lfSpanFr>
<devDate gml:id="K2_4672211901_1-2">
<gml:timePosition>2025-02-26</gml:timePosition>
</devDate>
<orgGILvl>25000</orgGILvl>
<vis>表示</vis>
<pos>
<gml:Point gml:id="K2_4672211901_1-g" srsName="fguuid:jgd2011.bl">
<gml:pos>33.061923333 129.786778889</gml:pos>
</gml:Point>
</pos>
<type>標高点（測点）</type>
<alti>23</alti>
</ElevPt>
<ElevPt gml:id="K2_4672511880_1">
<fid>46725-11880-i-383</fid>
<lfSpanFr gml:id="K2_4672511880_1-1">
<gml:timePosition>2023-02-21</gml:timePosition>
</lfSpanFr>
<devDate gml:id="K2_4672511880_1-2">
<gml:timePosition>2025-02-26</gml:timePosition>
</devDate>
<orgGILvl>25000</orgGILvl>
<vis>表示</vis>
<pos>
<gml:Point gml:id="K2_4672511880_1-g" srsName="fguuid:jgd2011.bl">
<gml:pos>33.007837500 129.799719167</gml:pos>
</gml:Point>
</pos>
<type>標高点（測点）</type>
<alti>45</alti>
</ElevPt>
<ElevPt gml:id="K2_4672811904_1">
<fid>46728-11904-i-3166</fid>
<lfSpanFr gml:id="K2_4672811904_1-1">
<gml:timePosition>2024-11-28</gml:timePosition>
</lfSpanFr>
<devDate gml:id="K2_4672811904_1-2">
<gml:timePosition>2025-02-26</gml:timePosition>
</devDate>
<orgGILvl>25000</orgGILvl>
<vis>表示</vis>
<pos>
<gml:Point gml:id="K2_4672811904_1-g" srsName="fguuid:jgd2011.bl">
<gml:pos>33.073551944 129.800559722</gml:pos>
</gml:Point>
</pos>
<type>標高点（測点）</type>
<alti>23</alti>
</ElevPt>
<ElevPt gml:id="K2_4673111904_1">
<fid>46731-11904-i-1812</fid>
<lfSpanFr gml:id="K2_4673111904_1-1">
<gml:timePosition>2024-11-28</gml:timePosition>
</lfSpanFr>
<devDate gml:id="K2_4673111904_1-2">
<gml:timePosition>2025-02-26</gml:timePosition>
</devDate>
<orgGILvl>25000</orgGILvl>
<vis>表示</vis>
<pos>
<gml:Point gml:id="K2_4673111904_1-g" srsName="fguuid:jgd2011.bl">
<gml:pos>33.070125278 129.809200278</gml:pos>
</gml:Point>
</pos>
<type>標高点（測点）</type>
<alti>56</alti>
</ElevPt>
<ElevPt gml:id="K2_4673411895_1">
<fid>46734-11895-i-413</fid>
<lfSpanFr gml:id="K2_4673411895_1-1">
<gml:timePosition>2017-03-16</gml:timePosition>
</lfSpanFr>
<devDate gml:id="K2_4673411895_1-2">
<gml:timePosition>2025-02-26</gml:timePosition>
</devDate>
<orgGILvl>25000</orgGILvl>
<vis>表示</vis>
<pos>
<gml:Point gml:id="K2_4673411895_1-g" srsName="fguuid:jgd2011.bl">
<gml:pos>33.049863611 129.817580833</gml:pos>
</gml:Point>
</pos>
<type>標高点（測点）</type>
<alti>41</alti>
</ElevPt>
<ElevPt gml:id="K2_4673411901_1">
<fid>46734-11901-i-634</fid>
<lfSpanFr gml:id="K2_4673411901_1-1">
<gml:timePosition>2020-08-28</gml:timePosition>
</lfSpanFr>
<devDate gml:id="K2_4673411901_1-2">
<gml:timePosition>2025-02-26</gml:timePosition>
</devDate>
<orgGILvl>25000</orgGILvl>
<vis>表示</vis>
<pos>
<gml:Point gml:id="K2_4673411901_1-g" srsName="fguuid:jgd2011.bl">
<gml:pos>33.063306944 129.820086111</gml:pos>
</gml:Point>
</pos>
<type>標高点（測点）</type>
<alti>43</alti>
</ElevPt>
<ElevPt gml:id="K2_4673411907_1">
<fid>46734-11907-i-1995</fid>
<lfSpanFr gml:id="K2_4673411907_1-1">
<gml:timePosition>2024-11-28</gml:timePosition>
</lfSpanFr>
<devDate gml:id="K2_4673411907_1-2">
<gml:timePosition>2025-02-26</gml:timePosition>
</devDate>
<orgGILvl>25000</orgGILvl>
<vis>表示</vis>
<pos>
<gml:Point gml:id="K2_4673411907_1-g" srsName="fguuid:jgd2011.bl">
<gml:pos>33.076844722 129.819601111</gml:pos>
</gml:Point>
</pos>
<type>標高点（測点）</type>
<alti>157</alti>
</ElevPt>
<ElevPt gml:id="K2_4673711895_1">
<fid>46737-11895-i-318</fid>
<lfSpanFr gml:id="K2_4673711895_1-1">
<gml:timePosition>2017-03-16</gml:timePosition>
</lfSpanFr>
<devDate gml:id="K2_4673711895_1-2">
<gml:timePosition>2025-02-26</gml:timePosition>
</devDate>
<orgGILvl>25000</orgGILvl>
<vis>表示</vis>
<pos>
<gml:Point gml:id="K2_4673711895_1-g" srsName="fguuid:jgd2011.bl">
<gml:pos>33.045660556 129.825778333</gml:pos>
</gml:Point>
</pos>
<type>標高点（測点）</type>
<alti>153</alti>
</ElevPt>
<ElevPt gml:id="K2_4673711898_1">
<fid>46737-11898-i-381</fid>
<lfSpanFr gml:id="K2_4673711898_1-1">
<gml:timePosition>2017-03-16</gml:timePosition>
</lfSpanFr>
<devDate gml:id="K2_4673711898_1-2">
<gml:timePosition>2025-02-26</gml:timePosition>
</devDate>
<orgGILvl>25000</orgGILvl>
<vis>表示</vis>
<pos>
<gml:Point gml:id="K2_4673711898_1-g" srsName="fguuid:jgd2011.bl">
<gml:pos>33.053458056 129.833323333</gml:pos>
</gml:Point>
</pos>
<type>標高点（測点）</type>
<alti>80</alti>
</ElevPt>
<ElevPt gml:id="K2_4673711901_1">
<fid>46737-11901-i-1646</fid>
<lfSpanFr gml:id="K2_4673711901_1-1">
<gml:timePosition>2020-08-28</gml:timePosition>
</lfSpanFr>
<devDate gml:id="K2_4673711901_1-2">
<gml:timePosition>2025-02-26</gml:timePosition>
</devDate>
<orgGILvl>25000</orgGILvl>
<vis>表示</vis>
<pos>
<gml:Point gml:id="K2_4673711901_1-g" srsName="fguuid:jgd2011.bl">
<gml:pos>33.066367778 129.829515000</gml:pos>
</gml:Point>
</pos>
<type>標高点（測点）</type>
<alti>48</alti>
</ElevPt>
<ElevPt gml:id="K2_4673711901_2">
<fid>46737-11901-i-1647</fid>
<lfSpanFr gml:id="K2_4673711901_2-1">
<gml:timePosition>2020-08-28</gml:timePosition>
</lfSpanFr>
<devDate gml:id="K2_4673711901_2-2">
<gml:timePosition>2025-02-26</gml:timePosition>
</devDate>
<orgGILvl>25000</orgGILvl>
<vis>表示</vis>
<pos>
<gml:Point gml:id="K2_4673711901_2-g" srsName="fguuid:jgd2011.bl">
<gml:pos>33.061205556 129.830855000</gml:pos>
</gml:Point>
</pos>
<type>標高点（測点）</type>
<alti>5</alti>
</ElevPt>
<ElevPt gml:id="K2_4673711904_1">
<fid>46737-11904-i-1461</fid>
<lfSpanFr gml:id="K2_4673711904_1-1">
<gml:timePosition>2024-11-28</gml:timePosition>
</lfSpanFr>
<devDate gml:id="K2_4673711904_1-2">
<gml:timePosition>2025-02-26</gml:timePosition>
</devDate>
<orgGILvl>25000</orgGILvl>
<vis>表示</vis>
<pos>
<gml:Point gml:id="K2_4673711904_1-g" srsName="fguuid:jgd2011.bl">
<gml:pos>33.074200833 129.825058889</gml:pos>
</gml:Point>
</pos>
<type>標高点（測点）</type>
<alti>102</alti>
</ElevPt>
<ElevPt gml:id="K2_4673711907_1">
<fid>46737-11907-i-2330</fid>
<lfSpanFr gml:id="K2_4673711907_1-1">
<gml:timePosition>2024-11-28</gml:timePosition>
</lfSpanFr>
<devDate gml:id="K2_4673711907_1-2">
<gml:timePosition>2025-02-26</gml:timePosition>
</devDate>
<orgGILvl>25000</orgGILvl>
<vis>表示</vis>
<pos>
<gml:Point gml:id="K2_4673711907_1-g" srsName="fguuid:jgd2011.bl">
<gml:pos>33.081064557 129.830886755</gml:pos>
</gml:Point>
</pos>
<type>標高点（測点）</type>
<alti>97</alti>
</ElevPt>
<ElevPt gml:id="K2_4674011904_1">
<fid>46740-11904-i-597</fid>
<lfSpanFr gml:id="K2_4674011904_1-1">
<gml:timePosition>2020-08-28</gml:timePosition>
</lfSpanFr>
<devDate gml:id="K2_4674011904_1-2">
<gml:timePosition>2025-02-26</gml:timePosition>
</devDate>
<orgGILvl>25000</orgGILvl>
<vis>表示</vis>
<pos>
<gml:Point gml:id="K2_4674011904_1-g" srsName="fguuid:jgd2011.bl">
<gml:pos>33.074102222 129.834894167</gml:pos>
</gml:Point>
</pos>
<type>標高点（測点）</type>
<alti>102</alti>
</ElevPt>
<ElevPt gml:id="K2_4674011904_2">
<fid>46740-11904-i-598</fid>
<lfSpanFr gml:id="K2_4674011904_2-1">
<gml:timePosition>2020-08-28</gml:timePosition>
</lfSpanFr>
<devDate gml:id="K2_4674011904_2-2">
<gml:timePosition>2025-02-26</gml:timePosition>
</devDate>
<orgGILvl>25000</orgGILvl>
<vis>表示</vis>
<pos>
<gml:Point gml:id="K2_4674011904_2-g" srsName="fguuid:jgd2011.bl">
<gml:pos>33.073023333 129.841367778</gml:pos>
</gml:Point>
</pos>
<type>標高点（測点）</type>
<alti>133</alti>
</ElevPt>
<ElevPt gml:id="K2_4674011904_3">
<fid>46740-11904-i-599</fid>
<lfSpanFr gml:id="K2_4674011904_3-1">
<gml:timePosition>2020-08-28</gml:timePosition>
</lfSpanFr>
<devDate gml:id="K2_4674011904_3-2">
<gml:timePosition>2025-02-26</gml:timePosition>
</devDate>
<orgGILvl>25000</orgGILvl>
<vis>表示</vis>
<pos>
<gml:Point gml:id="K2_4674011904_3-g" srsName="fguuid:jgd2011.bl">
<gml:pos>33.068081111 129.837283333</gml:pos>
</gml:Point>
</pos>
<type>標高点（測点）</type>
<alti>34</alti>
</ElevPt>
<ElevPt gml:id="K2_4674311898_1">
<fid>46743-11898-i-1210</fid>
<lfSpanFr gml:id="K2_4674311898_1-1">
<gml:timePosition>2020-08-28</gml:timePosition>
</lfSpanFr>
<devDate gml:id="K2_4674311898_1-2">
<gml:timePosition>2025-02-26</gml:timePosition>
</devDate>
<orgGILvl>25000</orgGILvl>
<vis>表示</vis>
<pos>
<gml:Point gml:id="K2_4674311898_1-g" srsName="fguuid:jgd2011.bl">
<gml:pos>33.057595833 129.843697222</gml:pos>
</gml:Point>
</pos>
<type>標高点（測点）</type>
<alti>52</alti>
</ElevPt>
<ElevPt gml:id="K2_4674311904_1">
<fid>46743-11904-i-710</fid>
<lfSpanFr gml:id="K2_4674311904_1-1">
<gml:timePosition>2020-08-28</gml:timePosition>
</lfSpanFr>
<devDate gml:id="K2_4674311904_1-2">
<gml:timePosition>2025-02-26</gml:timePosition>
</devDate>
<orgGILvl>25000</orgGILvl>
<vis>表示</vis>
<pos>
<gml:Point gml:id="K2_4674311904_1-g" srsName="fguuid:jgd2011.bl">
<gml:pos>33.071093889 129.847946389</gml:pos>
</gml:Point>
</pos>
<type>標高点（測点）</type>
<alti>74</alti>
</ElevPt>
<ElevPt gml:id="K2_4674311907_1">
<fid>46743-11907-i-263</fid>
<lfSpanFr gml:id="K2_4674311907_1-1">
<gml:timePosition>2017-03-16</gml:timePosition>
</lfSpanFr>
<devDate gml:id="K2_4674311907_1-2">
<gml:timePosition>2025-02-26</gml:timePosition>
</devDate>
<orgGILvl>25000</orgGILvl>
<vis>表示</vis>
<pos>
<gml:Point gml:id="K2_4674311907_1-g" srsName="fguuid:jgd2011.bl">
<gml:pos>33.081080833 129.848947222</gml:pos>
</gml:Point>
</pos>
<type>標高点（測点）</type>
<alti>223</alti>
</ElevPt>
<ElevPt gml:id="K2_4674911904_1">
<fid>46749-11904-i-1651</fid>
<lfSpanFr gml:id="K2_4674911904_1-1">
<gml:timePosition>2020-08-28</gml:timePosition>
</lfSpanFr>
<devDate gml:id="K2_4674911904_1-2">
<gml:timePosition>2025-02-26</gml:timePosition>
</devDate>
<orgGILvl>25000</orgGILvl>
<vis>表示</vis>
<pos>
<gml:Point gml:id="K2_4674911904_1-g" srsName="fguuid:jgd2011.bl">
<gml:pos>33.072546111 129.861911111</gml:pos>
</gml:Point>
</pos>
<type>標高点（測点）</type>
<alti>3</alti>
</ElevPt>
<ElevPt gml:id="K2_4674911907_1">
<fid>46749-11907-i-924</fid>
<lfSpanFr gml:id="K2_4674911907_1-1">
<gml:timePosition>2019-11-19</gml:timePosition>
</lfSpanFr>
<devDate gml:id="K2_4674911907_1-2">
<gml:timePosition>2025-02-26</gml:timePosition>
</devDate>
<orgGILvl>25000</orgGILvl>
<vis>表示</vis>
<pos>
<gml:Point gml:id="K2_4674911907_1-g" srsName="fguuid:jgd2011.bl">
<gml:pos>33.079619458 129.861608432</gml:pos>
</gml:Point>
</pos>
<type>標高点（測点）</type>
<alti>121</alti>
</ElevPt>
<ElevPt gml:id="K2_4675211904_1">
<fid>46752-11904-i-1949</fid>
<lfSpanFr gml:id="K2_4675211904_1-1">
<gml:timePosition>2020-08-28</gml:timePosition>
</lfSpanFr>
<devDate gml:id="K2_4675211904_1-2">
<gml:timePosition>2025-02-26</gml:timePosition>
</devDate>
<orgGILvl>25000</orgGILvl>
<vis>表示</vis>
<pos>
<gml:Point gml:id="K2_4675211904_1-g" srsName="fguuid:jgd2011.bl">
<gml:pos>33.066673333 129.866730000</gml:pos>
</gml:Point>
</pos>
<type>標高点（測点）</type>
<alti>2</alti>
</ElevPt>
<ElevPt gml:id="K2_4675211904_2">
<fid>46752-11904-i-1950</fid>
<lfSpanFr gml:id="K2_4675211904_2-1">
<gml:timePosition>2020-08-28</gml:timePosition>
</lfSpanFr>
<devDate gml:id="K2_4675211904_2-2">
<gml:timePosition>2025-02-26</gml:timePosition>
</devDate>
<orgGILvl>25000</orgGILvl>
<vis>表示</vis>
<pos>
<gml:Point gml:id="K2_4675211904_2-g" srsName="fguuid:jgd2011.bl">
<gml:pos>33.071758056 129.868388056</gml:pos>
</gml:Point>
</pos>
<type>標高点（測点）</type>
<alti>51</alti>
</ElevPt>
</Dataset>
