<?xml version="1.0" encoding="utf-8"?>
<Dataset xsi:schemaLocation="http://fgd.gsi.go.jp/spec/2008/FGD_GMLSchema FGD_GMLSchema.xsd"
	xmlns:gml="http://www.opengis.net/gml/3.2"
	xmlns:xsi="http://www.w3.org/2001/XMLSchema-instance"
	xmlns:xlink="http://www.w3.org/1999/xlink"
	xmlns="http://fgd.gsi.go.jp/spec/2008/FGD_GMLSchema"
	gml:id="Dataset1">
  <gml:description>基盤地図情報メタデータ ID=fmdid:25-0331</gml:description>
  <gml:name>基盤地図情報ダウンロードデータ（GML版）</gml:name>
<RailCL gml:id="K21_4673111904_1">
<fid>46731-11904-s-2236</fid>
<lfSpanFr gml:id="K21_4673111904_1-1">
<gml:timePosition>2024-11-28</gml:timePosition>
</lfSpanFr>
<devDate gml:id="K21_4673111904_1-2">
<gml:timePosition>2025-02-26</gml:timePosition>
</devDate>
<orgGILvl>2500</orgGILvl>
<vis>表示</vis>
<loc>
<gml:Curve gml:id="K21_4673111904_1-g" srsName="fguuid:jgd2011.bl">
<gml:segments>
<gml:LineStringSegment>
<gml:posList>
33.075000000 129.816153528
33.074876389 129.816231694
33.074592694 129.816443833
33.074444861 129.816568833
33.074345250 129.816666667
</gml:posList>
</gml:LineStringSegment>
</gml:segments>
</gml:Curve>
</loc>
<type>普通鉄道</type>
</RailCL>
<RailCL gml:id="K21_4673111907_1">
<fid>46731-11907-s-2690</fid>
<lfSpanFr gml:id="K21_4673111907_1-1">
<gml:timePosition>2024-11-28</gml:timePosition>
</lfSpanFr>
<devDate gml:id="K21_4673111907_1-2">
<gml:timePosition>2025-02-26</gml:timePosition>
</devDate>
<orgGILvl>2500</orgGILvl>
<vis>表示</vis>
<loc>
<gml:Curve gml:id="K21_4673111907_1-g" srsName="fguuid:jgd2011.bl">
<gml:segments>
<gml:LineStringSegment>
<gml:posList>
33.076411972 129.815694056
33.076222583 129.815707306
33.075999028 129.815746250
33.075730778 129.815811472
33.075402500 129.815933694
33.075241056 129.816013972
33.075063333 129.816113472
33.075000000 129.816153528
</gml:posList>
</gml:LineStringSegment>
</gml:segments>
</gml:Curve>
</loc>
<type>普通鉄道</type>
</RailCL>
<RailCL gml:id="K21_4673111907_2">
<fid>46731-11907-s-2731</fid>
<lfSpanFr gml:id="K21_4673111907_2-1">
<gml:timePosition>2024-11-28</gml:timePosition>
</lfSpanFr>
<devDate gml:id="K21_4673111907_2-2">
<gml:timePosition>2025-02-26</gml:timePosition>
</devDate>
<orgGILvl>2500</orgGILvl>
<vis>表示</vis>
<loc>
<gml:Curve gml:id="K21_4673111907_2-g" srsName="fguuid:jgd2011.bl">
<gml:segments>
<gml:LineStringSegment>
<gml:posList>
33.076411972 129.815694056
33.076422331 129.815693814
</gml:posList>
</gml:LineStringSegment>
</gml:segments>
</gml:Curve>
</loc>
<type>普通鉄道</type>
</RailCL>
<RailCL gml:id="K21_4673111907_3">
<fid>46731-11907-s-2732</fid>
<lfSpanFr gml:id="K21_4673111907_3-1">
<gml:timePosition>2024-11-28</gml:timePosition>
</lfSpanFr>
<devDate gml:id="K21_4673111907_3-2">
<gml:timePosition>2025-02-26</gml:timePosition>
</devDate>
<orgGILvl>2500</orgGILvl>
<vis>表示</vis>
<loc>
<gml:Curve gml:id="K21_4673111907_3-g" srsName="fguuid:jgd2011.bl">
<gml:segments>
<gml:LineStringSegment>
<gml:posList>
33.080343787 129.814469385
33.080252046 129.814530911
</gml:posList>
</gml:LineStringSegment>
</gml:segments>
</gml:Curve>
</loc>
<type>普通鉄道</type>
</RailCL>
<RailCL gml:id="K21_4673111907_4">
<fid>46731-11907-s-2733</fid>
<lfSpanFr gml:id="K21_4673111907_4-1">
<gml:timePosition>2024-11-28</gml:timePosition>
</lfSpanFr>
<devDate gml:id="K21_4673111907_4-2">
<gml:timePosition>2025-02-26</gml:timePosition>
</devDate>
<orgGILvl>2500</orgGILvl>
<vis>表示</vis>
<loc>
<gml:Curve gml:id="K21_4673111907_4-g" srsName="fguuid:jgd2011.bl">
<gml:segments>
<gml:LineStringSegment>
<gml:posList>
33.083245778 129.809891060
33.083203299 129.809982126
</gml:posList>
</gml:LineStringSegment>
</gml:segments>
</gml:Curve>
</loc>
<type>普通鉄道</type>
</RailCL>
<RailCL gml:id="K21_4673111907_5">
<fid>46731-11907-s-2734</fid>
<lfSpanFr gml:id="K21_4673111907_5-1">
<gml:timePosition>2024-11-28</gml:timePosition>
</lfSpanFr>
<devDate gml:id="K21_4673111907_5-2">
<gml:timePosition>2025-02-26</gml:timePosition>
</devDate>
<orgGILvl>2500</orgGILvl>
<vis>表示</vis>
<loc>
<gml:Curve gml:id="K21_4673111907_5-g" srsName="fguuid:jgd2011.bl">
<gml:segments>
<gml:LineStringSegment>
<gml:posList>
33.083333333 129.809701139
33.083302417 129.809769639
33.083245778 129.809891060
</gml:posList>
</gml:LineStringSegment>
</gml:segments>
</gml:Curve>
</loc>
<type>普通鉄道</type>
</RailCL>
<RailCL gml:id="K21_4673111907_6">
<fid>46731-11907-s-2735</fid>
<lfSpanFr gml:id="K21_4673111907_6-1">
<gml:timePosition>2024-11-28</gml:timePosition>
</lfSpanFr>
<devDate gml:id="K21_4673111907_6-2">
<gml:timePosition>2025-02-26</gml:timePosition>
</devDate>
<orgGILvl>2500</orgGILvl>
<vis>表示</vis>
<loc>
<gml:Curve gml:id="K21_4673111907_6-g" srsName="fguuid:jgd2011.bl">
<gml:segments>
<gml:LineStringSegment>
<gml:posList>
33.080252046 129.814530911
33.080130639 129.814612333
33.079756778 129.814870000
33.079522472 129.815023722
33.079321361 129.815168472
33.079168472 129.815255306
33.079024917 129.815333528
33.078883167 129.815396444
33.078747750 129.815455500
33.078564083 129.815520306
33.078410778 129.815563444
33.078156333 129.815622000
33.077887694 129.815655611
33.077735028 129.815666000
33.077542111 129.815672167
33.077423177 129.815670483
</gml:posList>
</gml:LineStringSegment>
</gml:segments>
</gml:Curve>
</loc>
<type>普通鉄道</type>
</RailCL>
<RailCL gml:id="K21_4673111907_7">
<fid>46731-11907-s-2736</fid>
<lfSpanFr gml:id="K21_4673111907_7-1">
<gml:timePosition>2024-11-28</gml:timePosition>
</lfSpanFr>
<devDate gml:id="K21_4673111907_7-2">
<gml:timePosition>2025-02-26</gml:timePosition>
</devDate>
<orgGILvl>2500</orgGILvl>
<vis>表示</vis>
<loc>
<gml:Curve gml:id="K21_4673111907_7-g" srsName="fguuid:jgd2011.bl">
<gml:segments>
<gml:LineStringSegment>
<gml:posList>
33.083203299 129.809982126
33.083132611 129.810133667
33.082958667 129.810496389
33.082889694 129.810636917
33.082821722 129.810771194
33.082518444 129.811434361
33.082237611 129.812056667
33.082136833 129.812298194
33.082012861 129.812576556
33.081916750 129.812778028
33.081830028 129.812951028
33.081747528 129.813093639
33.081642417 129.813258111
33.081576444 129.813353111
33.081432944 129.813546139
33.081332361 129.813666722
33.081207583 129.813801444
33.081038528 129.813965056
33.080967139 129.814034000
33.080762667 129.814190417
33.080638472 129.814277278
33.080383750 129.814442583
33.080343787 129.814469385
</gml:posList>
</gml:LineStringSegment>
</gml:segments>
</gml:Curve>
</loc>
<type>普通鉄道</type>
</RailCL>
<RailCL gml:id="K21_4673111907_8">
<fid>46731-11907-s-2947</fid>
<lfSpanFr gml:id="K21_4673111907_8-1">
<gml:timePosition>2024-11-28</gml:timePosition>
</lfSpanFr>
<devDate gml:id="K21_4673111907_8-2">
<gml:timePosition>2025-02-26</gml:timePosition>
</devDate>
<orgGILvl>25000</orgGILvl>
<vis>非表示</vis>
<loc>
<gml:Curve gml:id="K21_4673111907_8-g" srsName="fguuid:jgd2011.bl">
<gml:segments>
<gml:LineStringSegment>
<gml:posList>
33.076422331 129.815693814
33.077423177 129.815670483
</gml:posList>
</gml:LineStringSegment>
</gml:segments>
</gml:Curve>
</loc>
<type>トンネル内の鉄道</type>
</RailCL>
<RailCL gml:id="K21_4673411904_1">
<fid>46734-11904-s-5594</fid>
<lfSpanFr gml:id="K21_4673411904_1-1">
<gml:timePosition>2024-11-28</gml:timePosition>
</lfSpanFr>
<devDate gml:id="K21_4673411904_1-2">
<gml:timePosition>2025-02-26</gml:timePosition>
</devDate>
<orgGILvl>2500</orgGILvl>
<vis>表示</vis>
<loc>
<gml:Curve gml:id="K21_4673411904_1-g" srsName="fguuid:jgd2011.bl">
<gml:segments>
<gml:LineStringSegment>
<gml:posList>
33.074345250 129.816666667
33.074209639 129.816799861
33.074151222 129.816861778
33.074104389 129.816914417
33.074029306 129.817004333
33.073942556 129.817107917
</gml:posList>
</gml:LineStringSegment>
</gml:segments>
</gml:Curve>
</loc>
<type>普通鉄道</type>
</RailCL>
<RailCL gml:id="K21_4673411904_2">
<fid>46734-11904-s-5595</fid>
<lfSpanFr gml:id="K21_4673411904_2-1">
<gml:timePosition>2024-11-28</gml:timePosition>
</lfSpanFr>
<devDate gml:id="K21_4673411904_2-2">
<gml:timePosition>2025-02-26</gml:timePosition>
</devDate>
<orgGILvl>25000</orgGILvl>
<vis>非表示</vis>
<loc>
<gml:Curve gml:id="K21_4673411904_2-g" srsName="fguuid:jgd2011.bl">
<gml:segments>
<gml:LineStringSegment>
<gml:posList>
33.073942556 129.817107917
33.073470000 129.817731667
33.073367694 129.817853194
33.073106356 129.818162280
33.072899722 129.818406667
</gml:posList>
</gml:LineStringSegment>
</gml:segments>
</gml:Curve>
</loc>
<type>トンネル内の鉄道</type>
</RailCL>
<RailCL gml:id="K21_4673411904_3">
<fid>46734-11904-s-5596</fid>
<lfSpanFr gml:id="K21_4673411904_3-1">
<gml:timePosition>2024-11-28</gml:timePosition>
</lfSpanFr>
<devDate gml:id="K21_4673411904_3-2">
<gml:timePosition>2025-02-26</gml:timePosition>
</devDate>
<orgGILvl>25000</orgGILvl>
<vis>非表示</vis>
<loc>
<gml:Curve gml:id="K21_4673411904_3-g" srsName="fguuid:jgd2011.bl">
<gml:segments>
<gml:LineStringSegment>
<gml:posList>
33.072899722 129.818406667
33.072571238 129.818816747
</gml:posList>
</gml:LineStringSegment>
</gml:segments>
</gml:Curve>
</loc>
<type>トンネル内の鉄道</type>
</RailCL>
<RailCL gml:id="K21_4673411904_4">
<fid>46734-11904-s-5597</fid>
<lfSpanFr gml:id="K21_4673411904_4-1">
<gml:timePosition>2024-11-28</gml:timePosition>
</lfSpanFr>
<devDate gml:id="K21_4673411904_4-2">
<gml:timePosition>2025-02-26</gml:timePosition>
</devDate>
<orgGILvl>2500</orgGILvl>
<vis>表示</vis>
<loc>
<gml:Curve gml:id="K21_4673411904_4-g" srsName="fguuid:jgd2011.bl">
<gml:segments>
<gml:LineStringSegment>
<gml:posList>
33.071587618 129.821307391
33.071599852 129.821284088
33.071634467 129.821218667
33.071636551 129.821214819
33.071665209 129.821151947
33.071697241 129.821074200
33.071742872 129.820968227
33.071771661 129.820889076
33.071800469 129.820802428
33.071838008 129.820687001
33.071883524 129.820520622
33.071939099 129.820299550
33.071997392 129.820073025
33.072018700 129.819992561
33.072048731 129.819885995
33.072090456 129.819755588
33.072120348 129.819667872
33.072149217 129.819592576
33.072208391 129.819444346
33.072251816 129.819354108
33.072304016 129.819252870
33.072347685 129.819172808
33.072394514 129.819091364
33.072448756 129.819002558
33.072571238 129.818816747
</gml:posList>
</gml:LineStringSegment>
</gml:segments>
</gml:Curve>
</loc>
<type>普通鉄道</type>
</RailCL>
<RailCL gml:id="K21_4673411904_5">
<fid>46734-11904-s-5598</fid>
<lfSpanFr gml:id="K21_4673411904_5-1">
<gml:timePosition>2024-11-28</gml:timePosition>
</lfSpanFr>
<devDate gml:id="K21_4673411904_5-2">
<gml:timePosition>2025-02-26</gml:timePosition>
</devDate>
<orgGILvl>2500</orgGILvl>
<vis>表示</vis>
<loc>
<gml:Curve gml:id="K21_4673411904_5-g" srsName="fguuid:jgd2011.bl">
<gml:segments>
<gml:LineStringSegment>
<gml:posList>
33.071587618 129.821307391
33.071565960 129.821348868
33.071540584 129.821398150
33.071503352 129.821463989
33.071445569 129.821561349
33.071420126 129.821601634
33.071331686 129.821733154
33.071303361 129.821771715
33.071232705 129.821860888
33.071167665 129.821939799
33.071138635 129.821972359
33.071034646 129.822083580
33.070979309 129.822141427
33.070921638 129.822195731
33.070852214 129.822261131
33.070715264 129.822390760
33.070578050 129.822517709
33.070465326 129.822623970
33.070330461 129.822749321
33.070219088 129.822856551
33.070154171 129.822922394
33.070071533 129.823006701
33.070001278 129.823079594
33.069917348 129.823175142
33.069828520 129.823281489
33.069751887 129.823379954
33.069701213 129.823447884
33.069625816 129.823556208
33.069557286 129.823659201
33.069507747 129.823741272
33.069443809 129.823846745
33.069410742 129.823905850
33.069342855 129.824038833
33.069272944 129.824187337
33.069209537 129.824331688
33.069169510 129.824431358
33.069139542 129.824512215
33.069113033 129.824580446
33.069088049 129.824651790
33.069021021 129.824870561
33.068986236 129.825000000
</gml:posList>
</gml:LineStringSegment>
</gml:segments>
</gml:Curve>
</loc>
<type>普通鉄道</type>
</RailCL>
<RailCL gml:id="K21_4673711901_1">
<fid>46737-11901-s-3402</fid>
<lfSpanFr gml:id="K21_4673711901_1-1">
<gml:timePosition>2024-11-28</gml:timePosition>
</lfSpanFr>
<devDate gml:id="K21_4673711901_1-2">
<gml:timePosition>2025-02-26</gml:timePosition>
</devDate>
<orgGILvl>2500</orgGILvl>
<vis>表示</vis>
<loc>
<gml:Curve gml:id="K21_4673711901_1-g" srsName="fguuid:jgd2011.bl">
<gml:segments>
<gml:LineStringSegment>
<gml:posList>
33.066666667 129.831261028
33.066484108 129.831456306
33.066189287 129.831776058
33.065909569 129.832078730
33.065788378 129.832212572
33.065517615 129.832504673
33.065262566 129.832788049
33.064955624 129.833120170
33.064760459 129.833333333
</gml:posList>
</gml:LineStringSegment>
</gml:segments>
</gml:Curve>
</loc>
<type>普通鉄道</type>
</RailCL>
<RailCL gml:id="K21_4673711904_1">
<fid>46737-11904-s-4982</fid>
<lfSpanFr gml:id="K21_4673711904_1-1">
<gml:timePosition>2024-11-28</gml:timePosition>
</lfSpanFr>
<devDate gml:id="K21_4673711904_1-2">
<gml:timePosition>2025-02-26</gml:timePosition>
</devDate>
<orgGILvl>2500</orgGILvl>
<vis>表示</vis>
<loc>
<gml:Curve gml:id="K21_4673711904_1-g" srsName="fguuid:jgd2011.bl">
<gml:segments>
<gml:LineStringSegment>
<gml:posList>
33.068986236 129.825000000
33.068955004 129.825116217
33.068884902 129.825406304
33.068813998 129.825692746
33.068732874 129.826025095
</gml:posList>
</gml:LineStringSegment>
</gml:segments>
</gml:Curve>
</loc>
<type>普通鉄道</type>
</RailCL>
<RailCL gml:id="K21_4673711904_2">
<fid>46737-11904-s-4983</fid>
<lfSpanFr gml:id="K21_4673711904_2-1">
<gml:timePosition>2024-11-28</gml:timePosition>
</lfSpanFr>
<devDate gml:id="K21_4673711904_2-2">
<gml:timePosition>2025-02-26</gml:timePosition>
</devDate>
<orgGILvl>2500</orgGILvl>
<vis>表示</vis>
<loc>
<gml:Curve gml:id="K21_4673711904_2-g" srsName="fguuid:jgd2011.bl">
<gml:segments>
<gml:LineStringSegment>
<gml:posList>
33.068732874 129.826025095
33.068712104 129.826109996
</gml:posList>
</gml:LineStringSegment>
</gml:segments>
</gml:Curve>
</loc>
<type>普通鉄道</type>
</RailCL>
<RailCL gml:id="K21_4673711904_3">
<fid>46737-11904-s-4984</fid>
<lfSpanFr gml:id="K21_4673711904_3-1">
<gml:timePosition>2024-11-28</gml:timePosition>
</lfSpanFr>
<devDate gml:id="K21_4673711904_3-2">
<gml:timePosition>2025-02-26</gml:timePosition>
</devDate>
<orgGILvl>2500</orgGILvl>
<vis>表示</vis>
<loc>
<gml:Curve gml:id="K21_4673711904_3-g" srsName="fguuid:jgd2011.bl">
<gml:segments>
<gml:LineStringSegment>
<gml:posList>
33.068712104 129.826109996
33.068582385 129.826640249
33.068440410 129.827240009
33.068303238 129.827795554
33.068183185 129.828286796
33.068082061 129.828711705
33.067991984 129.829050977
33.067955029 129.829181284
33.067919935 129.829289643
33.067874773 129.829420134
33.067817030 129.829568463
33.067704364 129.829821435
33.067627004 129.829987897
33.067584306 129.830073201
33.067493445 129.830229866
33.067369122 129.830423354
33.067271994 129.830563074
33.067216615 129.830635478
33.067193812 129.830665273
33.067177705 129.830686418
33.067107511 129.830768512
33.066928958 129.830974754
33.066694724 129.831231015
33.066666667 129.831261028
</gml:posList>
</gml:LineStringSegment>
</gml:segments>
</gml:Curve>
</loc>
<type>普通鉄道</type>
</RailCL>
<RailCL gml:id="K21_4674011898_1">
<fid>46740-11898-s-2034</fid>
<lfSpanFr gml:id="K21_4674011898_1-1">
<gml:timePosition>2024-11-28</gml:timePosition>
</lfSpanFr>
<devDate gml:id="K21_4674011898_1-2">
<gml:timePosition>2025-02-26</gml:timePosition>
</devDate>
<orgGILvl>2500</orgGILvl>
<vis>表示</vis>
<loc>
<gml:Curve gml:id="K21_4674011898_1-g" srsName="fguuid:jgd2011.bl">
<gml:segments>
<gml:LineStringSegment>
<gml:posList>
33.057323771 129.841666667
33.057368872 129.841603865
33.057464527 129.841479802
33.057578182 129.841335676
33.057637764 129.841258846
</gml:posList>
</gml:LineStringSegment>
</gml:segments>
</gml:Curve>
</loc>
<type>普通鉄道</type>
</RailCL>
<RailCL gml:id="K21_4674011898_2">
<fid>46740-11898-s-2039</fid>
<lfSpanFr gml:id="K21_4674011898_2-1">
<gml:timePosition>2024-11-28</gml:timePosition>
</lfSpanFr>
<devDate gml:id="K21_4674011898_2-2">
<gml:timePosition>2025-02-26</gml:timePosition>
</devDate>
<orgGILvl>2500</orgGILvl>
<vis>表示</vis>
<loc>
<gml:Curve gml:id="K21_4674011898_2-g" srsName="fguuid:jgd2011.bl">
<gml:segments>
<gml:LineStringSegment>
<gml:posList>
33.057685122 129.841197634
33.057753018 129.841109973
33.057880623 129.840942341
33.058019459 129.840756655
33.058082839 129.840662449
33.058139708 129.840575072
33.058210626 129.840461192
33.058333333 129.840258294
</gml:posList>
</gml:LineStringSegment>
</gml:segments>
</gml:Curve>
</loc>
<type>普通鉄道</type>
</RailCL>
<RailCL gml:id="K21_4674011898_3">
<fid>46740-11898-s-2040</fid>
<lfSpanFr gml:id="K21_4674011898_3-1">
<gml:timePosition>2024-11-28</gml:timePosition>
</lfSpanFr>
<devDate gml:id="K21_4674011898_3-2">
<gml:timePosition>2025-02-26</gml:timePosition>
</devDate>
<orgGILvl>2500</orgGILvl>
<vis>非表示</vis>
<loc>
<gml:Curve gml:id="K21_4674011898_3-g" srsName="fguuid:jgd2011.bl">
<gml:segments>
<gml:LineStringSegment>
<gml:posList>
33.057637764 129.841258846
33.057685122 129.841197634
</gml:posList>
</gml:LineStringSegment>
</gml:segments>
</gml:Curve>
</loc>
<type>普通鉄道</type>
</RailCL>
<RailCL gml:id="K21_4674011901_1">
<fid>46740-11901-s-4768</fid>
<lfSpanFr gml:id="K21_4674011901_1-1">
<gml:timePosition>2024-11-28</gml:timePosition>
</lfSpanFr>
<devDate gml:id="K21_4674011901_1-2">
<gml:timePosition>2025-02-26</gml:timePosition>
</devDate>
<orgGILvl>2500</orgGILvl>
<vis>非表示</vis>
<loc>
<gml:Curve gml:id="K21_4674011901_1-g" srsName="fguuid:jgd2011.bl">
<gml:segments>
<gml:LineStringSegment>
<gml:posList>
33.063607990 129.834582993
33.063595044 129.834597421
</gml:posList>
</gml:LineStringSegment>
</gml:segments>
</gml:Curve>
</loc>
<type>普通鉄道</type>
</RailCL>
<RailCL gml:id="K21_4674011901_2">
<fid>46740-11901-s-4769</fid>
<lfSpanFr gml:id="K21_4674011901_2-1">
<gml:timePosition>2024-11-28</gml:timePosition>
</lfSpanFr>
<devDate gml:id="K21_4674011901_2-2">
<gml:timePosition>2025-02-26</gml:timePosition>
</devDate>
<orgGILvl>2500</orgGILvl>
<vis>表示</vis>
<loc>
<gml:Curve gml:id="K21_4674011901_2-g" srsName="fguuid:jgd2011.bl">
<gml:segments>
<gml:LineStringSegment>
<gml:posList>
33.064760459 129.833333333
33.064579143 129.833531369
</gml:posList>
</gml:LineStringSegment>
</gml:segments>
</gml:Curve>
</loc>
<type>普通鉄道</type>
</RailCL>
<RailCL gml:id="K21_4674011901_3">
<fid>46740-11901-s-4770</fid>
<lfSpanFr gml:id="K21_4674011901_3-1">
<gml:timePosition>2024-11-28</gml:timePosition>
</lfSpanFr>
<devDate gml:id="K21_4674011901_3-2">
<gml:timePosition>2025-02-26</gml:timePosition>
</devDate>
<orgGILvl>2500</orgGILvl>
<vis>表示</vis>
<loc>
<gml:Curve gml:id="K21_4674011901_3-g" srsName="fguuid:jgd2011.bl">
<gml:segments>
<gml:LineStringSegment>
<gml:posList>
33.058333333 129.840258294
33.058349219 129.840232026
33.058420734 129.840097909
33.058500693 129.839941870
33.058568799 129.839800992
33.058631583 129.839660308
33.058696931 129.839505605
33.058754097 129.839374965
33.058826967 129.839206048
33.058883775 129.839074336
33.058945626 129.838944998
33.059093015 129.838663710
33.059117384 129.838622468
33.059190380 129.838506344
33.059233024 129.838443326
33.059288973 129.838361726
33.059361106 129.838264659
33.059456494 129.838138233
33.059555009 129.838022205
33.059648442 129.837918259
33.059739419 129.837821907
33.059841764 129.837723456
33.059922854 129.837648697
33.060020729 129.837568862
33.060117689 129.837494484
33.060213281 129.837425456
33.060364137 129.837328153
</gml:posList>
</gml:LineStringSegment>
</gml:segments>
</gml:Curve>
</loc>
<type>普通鉄道</type>
</RailCL>
<RailCL gml:id="K21_4674011901_4">
<fid>46740-11901-s-4771</fid>
<lfSpanFr gml:id="K21_4674011901_4-1">
<gml:timePosition>2024-11-28</gml:timePosition>
</lfSpanFr>
<devDate gml:id="K21_4674011901_4-2">
<gml:timePosition>2025-02-26</gml:timePosition>
</devDate>
<orgGILvl>2500</orgGILvl>
<vis>表示</vis>
<loc>
<gml:Curve gml:id="K21_4674011901_4-g" srsName="fguuid:jgd2011.bl">
<gml:segments>
<gml:LineStringSegment>
<gml:posList>
33.064579143 129.833531369
33.064569359 129.833542056
33.064519377 129.833595731
</gml:posList>
</gml:LineStringSegment>
</gml:segments>
</gml:Curve>
</loc>
<type>普通鉄道</type>
</RailCL>
<RailCL gml:id="K21_4674011901_5">
<fid>46740-11901-s-4772</fid>
<lfSpanFr gml:id="K21_4674011901_5-1">
<gml:timePosition>2024-11-28</gml:timePosition>
</lfSpanFr>
<devDate gml:id="K21_4674011901_5-2">
<gml:timePosition>2025-02-26</gml:timePosition>
</devDate>
<orgGILvl>2500</orgGILvl>
<vis>表示</vis>
<loc>
<gml:Curve gml:id="K21_4674011901_5-g" srsName="fguuid:jgd2011.bl">
<gml:segments>
<gml:LineStringSegment>
<gml:posList>
33.064519377 129.833595731
33.064209428 129.833928589
33.063863321 129.834304248
33.063607990 129.834582993
</gml:posList>
</gml:LineStringSegment>
</gml:segments>
</gml:Curve>
</loc>
<type>普通鉄道</type>
</RailCL>
<RailCL gml:id="K21_4674011901_6">
<fid>46740-11901-s-4773</fid>
<lfSpanFr gml:id="K21_4674011901_6-1">
<gml:timePosition>2024-11-28</gml:timePosition>
</lfSpanFr>
<devDate gml:id="K21_4674011901_6-2">
<gml:timePosition>2025-02-26</gml:timePosition>
</devDate>
<orgGILvl>2500</orgGILvl>
<vis>表示</vis>
<loc>
<gml:Curve gml:id="K21_4674011901_6-g" srsName="fguuid:jgd2011.bl">
<gml:segments>
<gml:LineStringSegment>
<gml:posList>
33.063595044 129.834597421
33.063383175 129.834828361
33.063002704 129.835239330
33.062663374 129.835608472
33.062471539 129.835821391
33.062460508 129.835832272
33.062251106 129.836039126
33.062021244 129.836241724
33.061948134 129.836300345
33.061786592 129.836415067
33.061644663 129.836512621
33.061297347 129.836732118
33.060962396 129.836947484
33.060851562 129.837017526
33.060598097 129.837177943
33.060364137 129.837328153
</gml:posList>
</gml:LineStringSegment>
</gml:segments>
</gml:Curve>
</loc>
<type>普通鉄道</type>
</RailCL>
<RailCL gml:id="K21_4674311898_1">
<fid>46743-11898-s-4392</fid>
<lfSpanFr gml:id="K21_4674311898_1-1">
<gml:timePosition>2024-11-28</gml:timePosition>
</lfSpanFr>
<devDate gml:id="K21_4674311898_1-2">
<gml:timePosition>2025-02-26</gml:timePosition>
</devDate>
<orgGILvl>2500</orgGILvl>
<vis>表示</vis>
<loc>
<gml:Curve gml:id="K21_4674311898_1-g" srsName="fguuid:jgd2011.bl">
<gml:segments>
<gml:LineStringSegment>
<gml:posList>
33.057515623 129.849307581
33.057714426 129.849512578
33.057768582 129.849558624
33.057932390 129.849701909
33.058150392 129.849877535
33.058301716 129.850000000
</gml:posList>
</gml:LineStringSegment>
</gml:segments>
</gml:Curve>
</loc>
<type>普通鉄道</type>
</RailCL>
<RailCL gml:id="K21_4674311898_2">
<fid>46743-11898-s-4393</fid>
<lfSpanFr gml:id="K21_4674311898_2-1">
<gml:timePosition>2024-11-28</gml:timePosition>
</lfSpanFr>
<devDate gml:id="K21_4674311898_2-2">
<gml:timePosition>2025-02-26</gml:timePosition>
</devDate>
<orgGILvl>25000</orgGILvl>
<vis>非表示</vis>
<loc>
<gml:Curve gml:id="K21_4674311898_2-g" srsName="fguuid:jgd2011.bl">
<gml:segments>
<gml:LineStringSegment>
<gml:posList>
33.056537274 129.843617726
33.056453206 129.844064361
33.056413874 129.844332554
33.056378653 129.844630394
33.056348974 129.845013300
33.056338827 129.845207926
33.056331038 129.845542216
</gml:posList>
</gml:LineStringSegment>
</gml:segments>
</gml:Curve>
</loc>
<type>トンネル内の鉄道</type>
</RailCL>
<RailCL gml:id="K21_4674311898_3">
<fid>46743-11898-s-4394</fid>
<lfSpanFr gml:id="K21_4674311898_3-1">
<gml:timePosition>2024-11-28</gml:timePosition>
</lfSpanFr>
<devDate gml:id="K21_4674311898_3-2">
<gml:timePosition>2025-02-26</gml:timePosition>
</devDate>
<orgGILvl>25000</orgGILvl>
<vis>非表示</vis>
<loc>
<gml:Curve gml:id="K21_4674311898_3-g" srsName="fguuid:jgd2011.bl">
<gml:segments>
<gml:LineStringSegment>
<gml:posList>
33.056755598 129.842773626
33.056694352 129.842971092
33.056643135 129.843151711
33.056577170 129.843430344
33.056537274 129.843617726
</gml:posList>
</gml:LineStringSegment>
</gml:segments>
</gml:Curve>
</loc>
<type>トンネル内の鉄道</type>
</RailCL>
<RailCL gml:id="K21_4674311898_4">
<fid>46743-11898-s-4395</fid>
<lfSpanFr gml:id="K21_4674311898_4-1">
<gml:timePosition>2024-11-28</gml:timePosition>
</lfSpanFr>
<devDate gml:id="K21_4674311898_4-2">
<gml:timePosition>2025-02-26</gml:timePosition>
</devDate>
<orgGILvl>25000</orgGILvl>
<vis>非表示</vis>
<loc>
<gml:Curve gml:id="K21_4674311898_4-g" srsName="fguuid:jgd2011.bl">
<gml:segments>
<gml:LineStringSegment>
<gml:posList>
33.056331038 129.845542216
33.056339673 129.845995397
33.056355554 129.846272265
</gml:posList>
</gml:LineStringSegment>
</gml:segments>
</gml:Curve>
</loc>
<type>トンネル内の鉄道</type>
</RailCL>
<RailCL gml:id="K21_4674311898_5">
<fid>46743-11898-s-4396</fid>
<lfSpanFr gml:id="K21_4674311898_5-1">
<gml:timePosition>2024-11-28</gml:timePosition>
</lfSpanFr>
<devDate gml:id="K21_4674311898_5-2">
<gml:timePosition>2025-02-26</gml:timePosition>
</devDate>
<orgGILvl>2500</orgGILvl>
<vis>表示</vis>
<loc>
<gml:Curve gml:id="K21_4674311898_5-g" srsName="fguuid:jgd2011.bl">
<gml:segments>
<gml:LineStringSegment>
<gml:posList>
33.057515623 129.849307581
33.057427887 129.849209359
33.057350147 129.849115889
33.057246188 129.848982372
33.057155564 129.848852550
33.057094064 129.848756253
33.057024842 129.848647610
33.056991288 129.848586119
33.056937993 129.848489854
33.056873867 129.848364956
33.056825355 129.848267318
33.056764506 129.848131189
33.056704779 129.847980608
33.056641863 129.847809455
33.056584726 129.847635434
33.056556679 129.847539591
33.056535962 129.847466478
33.056507598 129.847354357
33.056485486 129.847263999
33.056467782 129.847177620
33.056442087 129.847046127
33.056415613 129.846870621
33.056399778 129.846760477
33.056389610 129.846655388
33.056373343 129.846510115
33.056355554 129.846272265
</gml:posList>
</gml:LineStringSegment>
</gml:segments>
</gml:Curve>
</loc>
<type>普通鉄道</type>
</RailCL>
<RailCL gml:id="K21_4674311898_6">
<fid>46743-11898-s-4397</fid>
<lfSpanFr gml:id="K21_4674311898_6-1">
<gml:timePosition>2024-11-28</gml:timePosition>
</lfSpanFr>
<devDate gml:id="K21_4674311898_6-2">
<gml:timePosition>2025-02-26</gml:timePosition>
</devDate>
<orgGILvl>2500</orgGILvl>
<vis>表示</vis>
<loc>
<gml:Curve gml:id="K21_4674311898_6-g" srsName="fguuid:jgd2011.bl">
<gml:segments>
<gml:LineStringSegment>
<gml:posList>
33.056755598 129.842773626
33.056789997 129.842670435
33.056823526 129.842578151
33.056918545 129.842357391
33.056979946 129.842228913
33.057107382 129.841992321
33.057153657 129.841920968
33.057262963 129.841751340
33.057323771 129.841666667
</gml:posList>
</gml:LineStringSegment>
</gml:segments>
</gml:Curve>
</loc>
<type>普通鉄道</type>
</RailCL>
<RailCL gml:id="K21_4674611898_1">
<fid>46746-11898-s-415</fid>
<lfSpanFr gml:id="K21_4674611898_1-1">
<gml:timePosition>2024-11-28</gml:timePosition>
</lfSpanFr>
<devDate gml:id="K21_4674611898_1-2">
<gml:timePosition>2025-02-26</gml:timePosition>
</devDate>
<orgGILvl>2500</orgGILvl>
<vis>表示</vis>
<loc>
<gml:Curve gml:id="K21_4674611898_1-g" srsName="fguuid:jgd2011.bl">
<gml:segments>
<gml:LineStringSegment>
<gml:posList>
33.058301716 129.850000000
33.058333333 129.850025587
</gml:posList>
</gml:LineStringSegment>
</gml:segments>
</gml:Curve>
</loc>
<type>普通鉄道</type>
</RailCL>
<RailCL gml:id="K21_4674611901_1">
<fid>46746-11901-s-6032</fid>
<lfSpanFr gml:id="K21_4674611901_1-1">
<gml:timePosition>2024-11-28</gml:timePosition>
</lfSpanFr>
<devDate gml:id="K21_4674611901_1-2">
<gml:timePosition>2025-02-26</gml:timePosition>
</devDate>
<orgGILvl>2500</orgGILvl>
<vis>表示</vis>
<loc>
<gml:Curve gml:id="K21_4674611901_1-g" srsName="fguuid:jgd2011.bl">
<gml:segments>
<gml:LineStringSegment>
<gml:posList>
33.058333333 129.850025587
33.058343199 129.850033572
33.058532772 129.850185635
33.058639650 129.850274725
33.058699548 129.850331076
33.058794529 129.850417871
33.058939206 129.850565581
33.058968421 129.850598465
33.059039255 129.850678097
33.059121214 129.850777906
33.059156621 129.850821309
33.059244666 129.850937312
33.059328190 129.851057902
33.059414825 129.851194140
33.059485746 129.851306970
33.059585455 129.851475600
33.059685868 129.851650766
33.059800540 129.851853403
33.059973822 129.852153082
33.059995629 129.852190435
33.060125121 129.852414122
33.060219697 129.852579843
33.060329171 129.852770790
33.060369914 129.852839917
33.060448979 129.852974093
33.060553101 129.853144244
33.060637754 129.853278978
33.060660926 129.853311947
33.060770066 129.853461129
33.060871436 129.853583722
33.061002242 129.853724639
33.061129222 129.853846908
33.061241850 129.853942561
33.061340014 129.854018880
33.061487884 129.854120457
33.061594198 129.854184923
33.061696839 129.854240485
33.061857854 129.854317271
33.062134200 129.854426861
33.062171071 129.854440302
33.062229042 129.854461436
33.062408950 129.854527021
33.062727490 129.854639030
33.063098268 129.854773632
33.063444992 129.854900321
33.063763971 129.855016404
33.064129714 129.855145955
33.064432118 129.855255869
33.064819738 129.855397612
33.065080529 129.855490976
33.065307453 129.855570602
33.065462572 129.855627056
33.065573463 129.855667414
33.065577841 129.855669261
33.065722884 129.855730451
33.065862468 129.855796127
33.065980246 129.855856038
33.066102680 129.855927535
33.066252280 129.856022381
33.066381687 129.856115112
33.066478411 129.856188775
33.066518779 129.856219517
33.066527724 129.856226330
33.066646647 129.856327158
33.066666667 129.856345506
</gml:posList>
</gml:LineStringSegment>
</gml:segments>
</gml:Curve>
</loc>
<type>普通鉄道</type>
</RailCL>
<RailCL gml:id="K21_4674611904_1">
<fid>46746-11904-s-4913</fid>
<lfSpanFr gml:id="K21_4674611904_1-1">
<gml:timePosition>2024-11-28</gml:timePosition>
</lfSpanFr>
<devDate gml:id="K21_4674611904_1-2">
<gml:timePosition>2025-02-26</gml:timePosition>
</devDate>
<orgGILvl>2500</orgGILvl>
<vis>表示</vis>
<loc>
<gml:Curve gml:id="K21_4674611904_1-g" srsName="fguuid:jgd2011.bl">
<gml:segments>
<gml:LineStringSegment>
<gml:posList>
33.066666667 129.856345506
33.066744411 129.856416763
33.066801650 129.856473170
33.066838381 129.856509367
33.066846113 129.856516986
33.066964058 129.856644692
33.067065541 129.856758088
33.067121694 129.856830284
33.067135979 129.856848655
33.067236770 129.856983146
33.067338708 129.857126639
33.067353195 129.857149890
33.067444538 129.857296494
33.067500880 129.857397071
33.067561597 129.857512767
33.067609113 129.857609347
33.067623383 129.857638501
33.067662006 129.857717407
33.067681742 129.857762934
33.067737165 129.857890781
33.067790155 129.858027973
33.067842589 129.858170303
33.067878692 129.858284401
33.067893030 129.858333333
</gml:posList>
</gml:LineStringSegment>
</gml:segments>
</gml:Curve>
</loc>
<type>普通鉄道</type>
</RailCL>
<RailCL gml:id="K21_4674911904_1">
<fid>46749-11904-s-11629</fid>
<lfSpanFr gml:id="K21_4674911904_1-1">
<gml:timePosition>2024-11-28</gml:timePosition>
</lfSpanFr>
<devDate gml:id="K21_4674911904_1-2">
<gml:timePosition>2025-02-26</gml:timePosition>
</devDate>
<orgGILvl>2500</orgGILvl>
<vis>表示</vis>
<loc>
<gml:Curve gml:id="K21_4674911904_1-g" srsName="fguuid:jgd2011.bl">
<gml:segments>
<gml:LineStringSegment>
<gml:posList>
33.068421766 129.864062182
33.068426783 129.864135136
</gml:posList>
</gml:LineStringSegment>
</gml:segments>
</gml:Curve>
</loc>
<type>普通鉄道</type>
</RailCL>
<RailCL gml:id="K21_4674911904_2">
<fid>46749-11904-s-11630</fid>
<lfSpanFr gml:id="K21_4674911904_2-1">
<gml:timePosition>2024-11-28</gml:timePosition>
</lfSpanFr>
<devDate gml:id="K21_4674911904_2-2">
<gml:timePosition>2025-02-26</gml:timePosition>
</devDate>
<orgGILvl>2500</orgGILvl>
<vis>表示</vis>
<loc>
<gml:Curve gml:id="K21_4674911904_2-g" srsName="fguuid:jgd2011.bl">
<gml:segments>
<gml:LineStringSegment>
<gml:posList>
33.068209140 129.861175558
33.068217569 129.861409601
33.068225826 129.861703082
33.068230530 129.861977915
33.068228054 129.862147226
33.068227449 129.862169500
33.068223105 129.862329915
33.068215112 129.862566996
33.068212726 129.862705250
33.068217015 129.862842781
33.068220686 129.862975918
33.068229184 129.863098321
</gml:posList>
</gml:LineStringSegment>
</gml:segments>
</gml:Curve>
</loc>
<type>普通鉄道</type>
</RailCL>
<RailCL gml:id="K21_4674911904_3">
<fid>46749-11904-s-11631</fid>
<lfSpanFr gml:id="K21_4674911904_3-1">
<gml:timePosition>2024-11-28</gml:timePosition>
</lfSpanFr>
<devDate gml:id="K21_4674911904_3-2">
<gml:timePosition>2025-02-26</gml:timePosition>
</devDate>
<orgGILvl>2500</orgGILvl>
<vis>表示</vis>
<loc>
<gml:Curve gml:id="K21_4674911904_3-g" srsName="fguuid:jgd2011.bl">
<gml:segments>
<gml:LineStringSegment>
<gml:posList>
33.068421766 129.864062182
33.068378831 129.863416740
33.068361104 129.863119792
</gml:posList>
</gml:LineStringSegment>
</gml:segments>
</gml:Curve>
</loc>
<type>普通鉄道</type>
</RailCL>
<RailCL gml:id="K21_4674911904_4">
<fid>46749-11904-s-11632</fid>
<lfSpanFr gml:id="K21_4674911904_4-1">
<gml:timePosition>2024-11-28</gml:timePosition>
</lfSpanFr>
<devDate gml:id="K21_4674911904_4-2">
<gml:timePosition>2025-02-26</gml:timePosition>
</devDate>
<orgGILvl>2500</orgGILvl>
<vis>表示</vis>
<loc>
<gml:Curve gml:id="K21_4674911904_4-g" srsName="fguuid:jgd2011.bl">
<gml:segments>
<gml:LineStringSegment>
<gml:posList>
33.068359141 129.863087012
33.068345040 129.862850803
33.068303050 129.862219610
33.068267453 129.861776936
33.068245432 129.861534484
33.068227820 129.861388545
33.068213879 129.861251724
33.068209140 129.861175558
33.068197592 129.860990660
</gml:posList>
</gml:LineStringSegment>
</gml:segments>
</gml:Curve>
</loc>
<type>普通鉄道</type>
</RailCL>
<RailCL gml:id="K21_4674911904_5">
<fid>46749-11904-s-11633</fid>
<lfSpanFr gml:id="K21_4674911904_5-1">
<gml:timePosition>2024-11-28</gml:timePosition>
</lfSpanFr>
<devDate gml:id="K21_4674911904_5-2">
<gml:timePosition>2025-02-26</gml:timePosition>
</devDate>
<orgGILvl>2500</orgGILvl>
<vis>非表示</vis>
<loc>
<gml:Curve gml:id="K21_4674911904_5-g" srsName="fguuid:jgd2011.bl">
<gml:segments>
<gml:LineStringSegment>
<gml:posList>
33.068193110 129.863101417
33.068195251 129.863134876
</gml:posList>
</gml:LineStringSegment>
</gml:segments>
</gml:Curve>
</loc>
<type>普通鉄道</type>
</RailCL>
<RailCL gml:id="K21_4674911904_6">
<fid>46749-11904-s-11634</fid>
<lfSpanFr gml:id="K21_4674911904_6-1">
<gml:timePosition>2024-11-28</gml:timePosition>
</lfSpanFr>
<devDate gml:id="K21_4674911904_6-2">
<gml:timePosition>2025-02-26</gml:timePosition>
</devDate>
<orgGILvl>2500</orgGILvl>
<vis>非表示</vis>
<loc>
<gml:Curve gml:id="K21_4674911904_6-g" srsName="fguuid:jgd2011.bl">
<gml:segments>
<gml:LineStringSegment>
<gml:posList>
33.068229184 129.863098321
33.068231522 129.863131678
</gml:posList>
</gml:LineStringSegment>
</gml:segments>
</gml:Curve>
</loc>
<type>普通鉄道</type>
</RailCL>
<RailCL gml:id="K21_4674911904_7">
<fid>46749-11904-s-11635</fid>
<lfSpanFr gml:id="K21_4674911904_7-1">
<gml:timePosition>2024-11-28</gml:timePosition>
</lfSpanFr>
<devDate gml:id="K21_4674911904_7-2">
<gml:timePosition>2025-02-26</gml:timePosition>
</devDate>
<orgGILvl>2500</orgGILvl>
<vis>非表示</vis>
<loc>
<gml:Curve gml:id="K21_4674911904_7-g" srsName="fguuid:jgd2011.bl">
<gml:segments>
<gml:LineStringSegment>
<gml:posList>
33.068361104 129.863119792
33.068359141 129.863087012
</gml:posList>
</gml:LineStringSegment>
</gml:segments>
</gml:Curve>
</loc>
<type>普通鉄道</type>
</RailCL>
<RailCL gml:id="K21_4674911904_8">
<fid>46749-11904-s-11636</fid>
<lfSpanFr gml:id="K21_4674911904_8-1">
<gml:timePosition>2024-11-28</gml:timePosition>
</lfSpanFr>
<devDate gml:id="K21_4674911904_8-2">
<gml:timePosition>2025-02-26</gml:timePosition>
</devDate>
<orgGILvl>2500</orgGILvl>
<vis>表示</vis>
<loc>
<gml:Curve gml:id="K21_4674911904_8-g" srsName="fguuid:jgd2011.bl">
<gml:segments>
<gml:LineStringSegment>
<gml:posList>
33.068132411 129.860003840
33.068136764 129.860072264
33.068191067 129.860892149
</gml:posList>
</gml:LineStringSegment>
</gml:segments>
</gml:Curve>
</loc>
<type>普通鉄道</type>
</RailCL>
<RailCL gml:id="K21_4674911904_9">
<fid>46749-11904-s-11637</fid>
<lfSpanFr gml:id="K21_4674911904_9-1">
<gml:timePosition>2024-11-28</gml:timePosition>
</lfSpanFr>
<devDate gml:id="K21_4674911904_9-2">
<gml:timePosition>2025-02-26</gml:timePosition>
</devDate>
<orgGILvl>2500</orgGILvl>
<vis>表示</vis>
<loc>
<gml:Curve gml:id="K21_4674911904_9-g" srsName="fguuid:jgd2011.bl">
<gml:segments>
<gml:LineStringSegment>
<gml:posList>
33.068191067 129.860892149
33.068197592 129.860990660
</gml:posList>
</gml:LineStringSegment>
</gml:segments>
</gml:Curve>
</loc>
<type>普通鉄道</type>
</RailCL>
<RailCL gml:id="K21_4674911904_10">
<fid>46749-11904-s-11638</fid>
<lfSpanFr gml:id="K21_4674911904_10-1">
<gml:timePosition>2024-11-28</gml:timePosition>
</lfSpanFr>
<devDate gml:id="K21_4674911904_10-2">
<gml:timePosition>2025-02-26</gml:timePosition>
</devDate>
<orgGILvl>2500</orgGILvl>
<vis>表示</vis>
<loc>
<gml:Curve gml:id="K21_4674911904_10-g" srsName="fguuid:jgd2011.bl">
<gml:segments>
<gml:LineStringSegment>
<gml:posList>
33.068620974 129.866666667
33.068618353 129.866584511
33.068604324 129.866325811
33.068590816 129.866104705
33.068563081 129.865753522
33.068526411 129.865435182
33.068506344 129.865236218
33.068494264 129.865111613
33.068485675 129.864996019
33.068460614 129.864623535
33.068426783 129.864135136
</gml:posList>
</gml:LineStringSegment>
</gml:segments>
</gml:Curve>
</loc>
<type>普通鉄道</type>
</RailCL>
<RailCL gml:id="K21_4674911904_11">
<fid>46749-11904-s-11639</fid>
<lfSpanFr gml:id="K21_4674911904_11-1">
<gml:timePosition>2024-11-28</gml:timePosition>
</lfSpanFr>
<devDate gml:id="K21_4674911904_11-2">
<gml:timePosition>2025-02-26</gml:timePosition>
</devDate>
<orgGILvl>2500</orgGILvl>
<vis>表示</vis>
<loc>
<gml:Curve gml:id="K21_4674911904_11-g" srsName="fguuid:jgd2011.bl">
<gml:segments>
<gml:LineStringSegment>
<gml:posList>
33.068195251 129.863134876
33.068224857 129.863586821
33.068263387 129.864011194
</gml:posList>
</gml:LineStringSegment>
</gml:segments>
</gml:Curve>
</loc>
<type>普通鉄道</type>
</RailCL>
<RailCL gml:id="K21_4674911904_12">
<fid>46749-11904-s-11640</fid>
<lfSpanFr gml:id="K21_4674911904_12-1">
<gml:timePosition>2024-11-28</gml:timePosition>
</lfSpanFr>
<devDate gml:id="K21_4674911904_12-2">
<gml:timePosition>2025-02-26</gml:timePosition>
</devDate>
<orgGILvl>2500</orgGILvl>
<vis>表示</vis>
<loc>
<gml:Curve gml:id="K21_4674911904_12-g" srsName="fguuid:jgd2011.bl">
<gml:segments>
<gml:LineStringSegment>
<gml:posList>
33.067893030 129.858333333
33.067918877 129.858421541
33.067949464 129.858540543
33.067987347 129.858694275
33.068014753 129.858822046
33.068035735 129.858944832
33.068036126 129.858947116
33.068045858 129.859006229
33.068059257 129.859087614
33.068078823 129.859276079
33.068100961 129.859542199
33.068119166 129.859795666
33.068132411 129.860003840
</gml:posList>
</gml:LineStringSegment>
</gml:segments>
</gml:Curve>
</loc>
<type>普通鉄道</type>
</RailCL>
<RailCL gml:id="K21_4674911904_13">
<fid>46749-11904-s-11641</fid>
<lfSpanFr gml:id="K21_4674911904_13-1">
<gml:timePosition>2024-11-28</gml:timePosition>
</lfSpanFr>
<devDate gml:id="K21_4674911904_13-2">
<gml:timePosition>2025-02-26</gml:timePosition>
</devDate>
<orgGILvl>2500</orgGILvl>
<vis>表示</vis>
<loc>
<gml:Curve gml:id="K21_4674911904_13-g" srsName="fguuid:jgd2011.bl">
<gml:segments>
<gml:LineStringSegment>
<gml:posList>
33.068227449 129.862169500
33.068215810 129.862295721
33.068196947 129.862425339
33.068184703 129.862542668
33.068179253 129.862618363
33.068176892 129.862686039
33.068182885 129.862888907
33.068190151 129.863056866
33.068193110 129.863101417
</gml:posList>
</gml:LineStringSegment>
</gml:segments>
</gml:Curve>
</loc>
<type>普通鉄道</type>
</RailCL>
<RailCL gml:id="K21_4674911904_14">
<fid>46749-11904-s-11642</fid>
<lfSpanFr gml:id="K21_4674911904_14-1">
<gml:timePosition>2024-11-28</gml:timePosition>
</lfSpanFr>
<devDate gml:id="K21_4674911904_14-2">
<gml:timePosition>2025-02-26</gml:timePosition>
</devDate>
<orgGILvl>2500</orgGILvl>
<vis>表示</vis>
<loc>
<gml:Curve gml:id="K21_4674911904_14-g" srsName="fguuid:jgd2011.bl">
<gml:segments>
<gml:LineStringSegment>
<gml:posList>
33.068231522 129.863131678
33.068234621 129.863176248
33.068256625 129.863516053
33.068290986 129.864009379
33.068299457 129.864134612
33.068302397 129.864177891
33.068309770 129.864308474
33.068323599 129.864513409
33.068337531 129.864745012
33.068353321 129.864988297
33.068361300 129.865096606
33.068370215 129.865193352
33.068376253 129.865256136
33.068387438 129.865347430
33.068404396 129.865468842
33.068447092 129.865761610
33.068487127 129.866039053
33.068499506 129.866122854
33.068519460 129.866267519
33.068552019 129.866480458
33.068565474 129.866596716
33.068572359 129.866666667
</gml:posList>
</gml:LineStringSegment>
</gml:segments>
</gml:Curve>
</loc>
<type>普通鉄道</type>
</RailCL>
<RailCL gml:id="K21_4674911904_15">
<fid>46749-11904-s-11643</fid>
<lfSpanFr gml:id="K21_4674911904_15-1">
<gml:timePosition>2024-11-28</gml:timePosition>
</lfSpanFr>
<devDate gml:id="K21_4674911904_15-2">
<gml:timePosition>2025-02-26</gml:timePosition>
</devDate>
<orgGILvl>2500</orgGILvl>
<vis>表示</vis>
<loc>
<gml:Curve gml:id="K21_4674911904_15-g" srsName="fguuid:jgd2011.bl">
<gml:segments>
<gml:LineStringSegment>
<gml:posList>
33.068239819 129.863867800
33.068257436 129.864134439
33.068277298 129.864435037
33.068311458 129.864965098
33.068312632 129.864995304
</gml:posList>
</gml:LineStringSegment>
</gml:segments>
</gml:Curve>
</loc>
<type>普通鉄道</type>
</RailCL>
<RailCL gml:id="K21_4675211901_1">
<fid>46752-11901-s-2219</fid>
<lfSpanFr gml:id="K21_4675211901_1-1">
<gml:timePosition>2024-11-28</gml:timePosition>
</lfSpanFr>
<devDate gml:id="K21_4675211901_1-2">
<gml:timePosition>2025-02-26</gml:timePosition>
</devDate>
<orgGILvl>2500</orgGILvl>
<vis>非表示</vis>
<loc>
<gml:Curve gml:id="K21_4675211901_1-g" srsName="fguuid:jgd2011.bl">
<gml:segments>
<gml:LineStringSegment>
<gml:posList>
33.065723051 129.875000000
33.065723877 129.874999089
</gml:posList>
</gml:LineStringSegment>
</gml:segments>
</gml:Curve>
</loc>
<type>普通鉄道</type>
</RailCL>
<RailCL gml:id="K21_4675211901_2">
<fid>46752-11901-s-2220</fid>
<lfSpanFr gml:id="K21_4675211901_2-1">
<gml:timePosition>2024-11-28</gml:timePosition>
</lfSpanFr>
<devDate gml:id="K21_4675211901_2-2">
<gml:timePosition>2025-02-26</gml:timePosition>
</devDate>
<orgGILvl>2500</orgGILvl>
<vis>表示</vis>
<loc>
<gml:Curve gml:id="K21_4675211901_2-g" srsName="fguuid:jgd2011.bl">
<gml:segments>
<gml:LineStringSegment>
<gml:posList>
33.065723877 129.874999089
33.065834709 129.874876781
33.065993312 129.874701603
33.066125948 129.874555231
33.066372120 129.874286928
33.066629704 129.874001538
33.066666667 129.873961099
</gml:posList>
</gml:LineStringSegment>
</gml:segments>
</gml:Curve>
</loc>
<type>普通鉄道</type>
</RailCL>
<RailCL gml:id="K21_4675211904_1">
<fid>46752-11904-s-9653</fid>
<lfSpanFr gml:id="K21_4675211904_1-1">
<gml:timePosition>2024-11-28</gml:timePosition>
</lfSpanFr>
<devDate gml:id="K21_4675211904_1-2">
<gml:timePosition>2025-02-26</gml:timePosition>
</devDate>
<orgGILvl>2500</orgGILvl>
<vis>表示</vis>
<loc>
<gml:Curve gml:id="K21_4675211904_1-g" srsName="fguuid:jgd2011.bl">
<gml:segments>
<gml:LineStringSegment>
<gml:posList>
33.068572359 129.866666667
33.068575281 129.866696357
33.068596183 129.866886436
33.068629812 129.867194912
</gml:posList>
</gml:LineStringSegment>
</gml:segments>
</gml:Curve>
</loc>
<type>普通鉄道</type>
</RailCL>
<RailCL gml:id="K21_4675211904_2">
<fid>46752-11904-s-9654</fid>
<lfSpanFr gml:id="K21_4675211904_2-1">
<gml:timePosition>2024-11-28</gml:timePosition>
</lfSpanFr>
<devDate gml:id="K21_4675211904_2-2">
<gml:timePosition>2025-02-26</gml:timePosition>
</devDate>
<orgGILvl>2500</orgGILvl>
<vis>表示</vis>
<loc>
<gml:Curve gml:id="K21_4675211904_2-g" srsName="fguuid:jgd2011.bl">
<gml:segments>
<gml:LineStringSegment>
<gml:posList>
33.068564982 129.870183406
33.068566816 129.870172085
33.068598211 129.869984795
33.068620458 129.869811282
33.068646612 129.869566993
33.068674185 129.869300005
33.068687882 129.869150768
33.068695476 129.869022281
33.068699110 129.868952468
33.068701998 129.868890685
33.068707583 129.868709712
33.068707549 129.868599186
33.068704190 129.868515207
33.068686202 129.868132684
33.068674441 129.867931933
33.068658175 129.867668511
33.068642529 129.867408733
33.068629812 129.867194912
33.068628074 129.867019799
33.068625207 129.866859889
33.068624710 129.866783741
33.068620974 129.866666667
</gml:posList>
</gml:LineStringSegment>
</gml:segments>
</gml:Curve>
</loc>
<type>普通鉄道</type>
</RailCL>
<RailCL gml:id="K21_4675211904_3">
<fid>46752-11904-s-9655</fid>
<lfSpanFr gml:id="K21_4675211904_3-1">
<gml:timePosition>2024-11-28</gml:timePosition>
</lfSpanFr>
<devDate gml:id="K21_4675211904_3-2">
<gml:timePosition>2025-02-26</gml:timePosition>
</devDate>
<orgGILvl>2500</orgGILvl>
<vis>表示</vis>
<loc>
<gml:Curve gml:id="K21_4675211904_3-g" srsName="fguuid:jgd2011.bl">
<gml:segments>
<gml:LineStringSegment>
<gml:posList>
33.068553321 129.870255387
33.068564982 129.870183406
</gml:posList>
</gml:LineStringSegment>
</gml:segments>
</gml:Curve>
</loc>
<type>普通鉄道</type>
</RailCL>
<RailCL gml:id="K21_4675211904_4">
<fid>46752-11904-s-9656</fid>
<lfSpanFr gml:id="K21_4675211904_4-1">
<gml:timePosition>2024-11-28</gml:timePosition>
</lfSpanFr>
<devDate gml:id="K21_4675211904_4-2">
<gml:timePosition>2025-02-26</gml:timePosition>
</devDate>
<orgGILvl>2500</orgGILvl>
<vis>表示</vis>
<loc>
<gml:Curve gml:id="K21_4675211904_4-g" srsName="fguuid:jgd2011.bl">
<gml:segments>
<gml:LineStringSegment>
<gml:posList>
33.066666667 129.873961099
33.066793820 129.873821989
33.066877597 129.873730134
33.067072833 129.873517195
33.067083418 129.873505673
33.067155720 129.873421265
33.067287283 129.873271458
33.067372004 129.873165468
33.067512237 129.872980997
33.067585426 129.872871317
33.067652213 129.872761610
33.067708753 129.872670923
33.067767141 129.872565571
33.067828650 129.872441491
33.067884262 129.872329487
33.067958238 129.872167439
33.068089818 129.871829993
33.068174520 129.871608978
33.068239254 129.871431254
33.068308840 129.871229024
33.068361173 129.871066777
33.068393423 129.870956708
33.068431258 129.870817747
33.068456718 129.870716539
33.068479359 129.870623030
33.068495992 129.870548559
33.068512719 129.870472911
33.068523506 129.870423906
33.068543392 129.870316677
33.068553321 129.870255387
</gml:posList>
</gml:LineStringSegment>
</gml:segments>
</gml:Curve>
</loc>
<type>普通鉄道</type>
</RailCL>
</Dataset>
