<?xml version="1.0" encoding="utf-8"?>
<Dataset xsi:schemaLocation="http://fgd.gsi.go.jp/spec/2008/FGD_GMLSchema FGD_GMLSchema.xsd"
	xmlns:gml="http://www.opengis.net/gml/3.2"
	xmlns:xsi="http://www.w3.org/2001/XMLSchema-instance"
	xmlns:xlink="http://www.w3.org/1999/xlink"
	xmlns="http://fgd.gsi.go.jp/spec/2008/FGD_GMLSchema"
	gml:id="Dataset1">
  <gml:description>基盤地図情報メタデータ ID=fmdid:25-0331</gml:description>
  <gml:name>基盤地図情報ダウンロードデータ（GML版）</gml:name>
<AdmPt gml:id="K6_4671011880_1">
<fid>46710-11880-i-145</fid>
<lfSpanFr gml:id="K6_4671011880_1-1">
<gml:timePosition>2023-02-21</gml:timePosition>
</lfSpanFr>
<devDate gml:id="K6_4671011880_1-2">
<gml:timePosition>2025-02-26</gml:timePosition>
</devDate>
<orgGILvl>25000</orgGILvl>
<vis>非表示</vis>
<pos>
<gml:Point gml:id="K6_4671011880_1-g" srsName="fguuid:jgd2011.bl">
<gml:pos>33.000117361 129.756438514</gml:pos>
</gml:Point>
</pos>
<type>郡市・東京都の区</type>
<name>西海市</name>
<admCode>42212</admCode>
</AdmPt>
<AdmPt gml:id="K6_4671011880_2">
<fid>46710-11880-i-146</fid>
<lfSpanFr gml:id="K6_4671011880_2-1">
<gml:timePosition>2023-02-21</gml:timePosition>
</lfSpanFr>
<devDate gml:id="K6_4671011880_2-2">
<gml:timePosition>2025-02-26</gml:timePosition>
</devDate>
<orgGILvl>25000</orgGILvl>
<vis>非表示</vis>
<pos>
<gml:Point gml:id="K6_4671011880_2-g" srsName="fguuid:jgd2011.bl">
<gml:pos>33.000320199 129.752727552</gml:pos>
</gml:Point>
</pos>
<type>郡市・東京都の区</type>
<name>西海市</name>
<admCode>42212</admCode>
</AdmPt>
<AdmPt gml:id="K6_4671011895_1">
<fid>46710-11895-i-785</fid>
<lfSpanFr gml:id="K6_4671011895_1-1">
<gml:timePosition>2023-02-21</gml:timePosition>
</lfSpanFr>
<devDate gml:id="K6_4671011895_1-2">
<gml:timePosition>2025-02-26</gml:timePosition>
</devDate>
<orgGILvl>25000</orgGILvl>
<vis>非表示</vis>
<pos>
<gml:Point gml:id="K6_4671011895_1-g" srsName="fguuid:jgd2011.bl">
<gml:pos>33.046911734 129.755933459</gml:pos>
</gml:Point>
</pos>
<type>郡市・東京都の区</type>
<name>西海市</name>
<admCode>42212</admCode>
</AdmPt>
<AdmPt gml:id="K6_4671011901_1">
<fid>46710-11901-i-1153</fid>
<lfSpanFr gml:id="K6_4671011901_1-1">
<gml:timePosition>2024-11-28</gml:timePosition>
</lfSpanFr>
<devDate gml:id="K6_4671011901_1-2">
<gml:timePosition>2025-02-26</gml:timePosition>
</devDate>
<orgGILvl>25000</orgGILvl>
<vis>非表示</vis>
<pos>
<gml:Point gml:id="K6_4671011901_1-g" srsName="fguuid:jgd2011.bl">
<gml:pos>33.058842916 129.750165554</gml:pos>
</gml:Point>
</pos>
<type>郡市・東京都の区</type>
<name>西海市</name>
<admCode>42212</admCode>
</AdmPt>
<AdmPt gml:id="K6_4671011901_2">
<fid>46710-11901-i-1154</fid>
<lfSpanFr gml:id="K6_4671011901_2-1">
<gml:timePosition>2024-11-28</gml:timePosition>
</lfSpanFr>
<devDate gml:id="K6_4671011901_2-2">
<gml:timePosition>2025-02-26</gml:timePosition>
</devDate>
<orgGILvl>25000</orgGILvl>
<vis>非表示</vis>
<pos>
<gml:Point gml:id="K6_4671011901_2-g" srsName="fguuid:jgd2011.bl">
<gml:pos>33.059740795 129.750150433</gml:pos>
</gml:Point>
</pos>
<type>郡市・東京都の区</type>
<name>西海市</name>
<admCode>42212</admCode>
</AdmPt>
<AdmPt gml:id="K6_4671311880_1">
<fid>46713-11880-i-320</fid>
<lfSpanFr gml:id="K6_4671311880_1-1">
<gml:timePosition>2023-02-21</gml:timePosition>
</lfSpanFr>
<devDate gml:id="K6_4671311880_1-2">
<gml:timePosition>2025-02-26</gml:timePosition>
</devDate>
<orgGILvl>25000</orgGILvl>
<vis>非表示</vis>
<pos>
<gml:Point gml:id="K6_4671311880_1-g" srsName="fguuid:jgd2011.bl">
<gml:pos>33.000125803 129.760049520</gml:pos>
</gml:Point>
</pos>
<type>郡市・東京都の区</type>
<name>西海市</name>
<admCode>42212</admCode>
</AdmPt>
<AdmPt gml:id="K6_4671311880_2">
<fid>46713-11880-i-321</fid>
<lfSpanFr gml:id="K6_4671311880_2-1">
<gml:timePosition>2023-02-21</gml:timePosition>
</lfSpanFr>
<devDate gml:id="K6_4671311880_2-2">
<gml:timePosition>2025-02-26</gml:timePosition>
</devDate>
<orgGILvl>25000</orgGILvl>
<vis>非表示</vis>
<pos>
<gml:Point gml:id="K6_4671311880_2-g" srsName="fguuid:jgd2011.bl">
<gml:pos>33.000413232 129.761750825</gml:pos>
</gml:Point>
</pos>
<type>郡市・東京都の区</type>
<name>西海市</name>
<admCode>42212</admCode>
</AdmPt>
<AdmPt gml:id="K6_4671311901_1">
<fid>46713-11901-i-2897</fid>
<lfSpanFr gml:id="K6_4671311901_1-1">
<gml:timePosition>2024-11-28</gml:timePosition>
</lfSpanFr>
<devDate gml:id="K6_4671311901_1-2">
<gml:timePosition>2025-02-26</gml:timePosition>
</devDate>
<orgGILvl>25000</orgGILvl>
<vis>非表示</vis>
<pos>
<gml:Point gml:id="K6_4671311901_1-g" srsName="fguuid:jgd2011.bl">
<gml:pos>33.066414501 129.760463719</gml:pos>
</gml:Point>
</pos>
<type>郡市・東京都の区</type>
<name>佐世保市</name>
<admCode>42202</admCode>
</AdmPt>
<AdmPt gml:id="K6_4671611883_1">
<fid>46716-11883-i-335</fid>
<lfSpanFr gml:id="K6_4671611883_1-1">
<gml:timePosition>2023-02-21</gml:timePosition>
</lfSpanFr>
<devDate gml:id="K6_4671611883_1-2">
<gml:timePosition>2025-02-26</gml:timePosition>
</devDate>
<orgGILvl>25000</orgGILvl>
<vis>非表示</vis>
<pos>
<gml:Point gml:id="K6_4671611883_1-g" srsName="fguuid:jgd2011.bl">
<gml:pos>33.011379830 129.769081448</gml:pos>
</gml:Point>
</pos>
<type>郡市・東京都の区</type>
<name>西海市</name>
<admCode>42212</admCode>
</AdmPt>
<AdmPt gml:id="K6_4671911907_1">
<fid>46719-11907-i-1387</fid>
<lfSpanFr gml:id="K6_4671911907_1-1">
<gml:timePosition>2024-11-28</gml:timePosition>
</lfSpanFr>
<devDate gml:id="K6_4671911907_1-2">
<gml:timePosition>2025-02-26</gml:timePosition>
</devDate>
<orgGILvl>25000</orgGILvl>
<vis>非表示</vis>
<pos>
<gml:Point gml:id="K6_4671911907_1-g" srsName="fguuid:jgd2011.bl">
<gml:pos>33.079597314 129.777423064</gml:pos>
</gml:Point>
</pos>
<type>郡市・東京都の区</type>
<name>佐世保市</name>
<admCode>42202</admCode>
</AdmPt>
<AdmPt gml:id="K6_4673111904_1">
<fid>46731-11904-i-1950</fid>
<lfSpanFr gml:id="K6_4673111904_1-1">
<gml:timePosition>2024-11-28</gml:timePosition>
</lfSpanFr>
<devDate gml:id="K6_4673111904_1-2">
<gml:timePosition>2025-02-26</gml:timePosition>
</devDate>
<orgGILvl>25000</orgGILvl>
<vis>非表示</vis>
<pos>
<gml:Point gml:id="K6_4673111904_1-g" srsName="fguuid:jgd2011.bl">
<gml:pos>33.074646191 129.809327439</gml:pos>
</gml:Point>
</pos>
<type>郡市・東京都の区</type>
<name>佐世保市</name>
<admCode>42202</admCode>
</AdmPt>
<AdmPt gml:id="K6_4674311901_1">
<fid>46743-11901-i-1145</fid>
<lfSpanFr gml:id="K6_4674311901_1-1">
<gml:timePosition>2020-08-28</gml:timePosition>
</lfSpanFr>
<devDate gml:id="K6_4674311901_1-2">
<gml:timePosition>2025-02-26</gml:timePosition>
</devDate>
<orgGILvl>25000</orgGILvl>
<vis>非表示</vis>
<pos>
<gml:Point gml:id="K6_4674311901_1-g" srsName="fguuid:jgd2011.bl">
<gml:pos>33.058333954 129.844020881</gml:pos>
</gml:Point>
</pos>
<type>町村・指定都市の区</type>
<name>川棚町</name>
<admCode>42322</admCode>
</AdmPt>
</Dataset>
