<?xml version="1.0" encoding="utf-8"?>
<Dataset xsi:schemaLocation="http://fgd.gsi.go.jp/spec/2008/FGD_GMLSchema FGD_GMLSchema.xsd"
	xmlns:gml="http://www.opengis.net/gml/3.2"
	xmlns:xsi="http://www.w3.org/2001/XMLSchema-instance"
	xmlns:xlink="http://www.w3.org/1999/xlink"
	xmlns="http://fgd.gsi.go.jp/spec/2008/FGD_GMLSchema"
	gml:id="Dataset1">
  <gml:description>基盤地図情報メタデータ ID=fmdid:25-0331</gml:description>
  <gml:name>基盤地図情報ダウンロードデータ（GML版）</gml:name>
<GCP gml:id="K1_492946_1">
<fid>10-00100-0-2402-136</fid>
<lfSpanFr gml:id="K1_492946_1-1">
<gml:timePosition>2025-02-19</gml:timePosition>
</lfSpanFr>
<devDate gml:id="K1_492946_1-2">
<gml:timePosition>2025-02-26</gml:timePosition>
</devDate>
<orgGILvl>KJ10</orgGILvl>
<vis>表示</vis>
<pos>
<gml:Point gml:id="K1_492946_1-g" srsName="fguuid:jgd2011.bl">
<gml:pos>33.073388194 129.862947750</gml:pos>
</gml:Point>
</pos>
<orgName>国土地理院</orgName>
<type>電子基準点</type>
<gcpClass>電子基準点</gcpClass>
<gcpCode>EL04929468902</gcpCode>
<name>川棚</name>
<B>119064.1975</B>
<L>467506.6119</L>
<alti>10.598</alti>
<altiAcc>3</altiAcc>
</GCP>
<GCP gml:id="K1_492946_2">
<fid>10-00100-0-2402-1444</fid>
<lfSpanFr gml:id="K1_492946_2-1">
<gml:timePosition>2025-02-19</gml:timePosition>
</lfSpanFr>
<devDate gml:id="K1_492946_2-2">
<gml:timePosition>2025-02-26</gml:timePosition>
</devDate>
<orgGILvl>KJ10</orgGILvl>
<vis>表示</vis>
<pos>
<gml:Point gml:id="K1_492946_2-g" srsName="fguuid:jgd2011.bl">
<gml:pos>33.073393917 129.862950250</gml:pos>
</gml:Point>
</pos>
<orgName>国土地理院</orgName>
<type>電子基準点</type>
<gcpClass>電子基準点</gcpClass>
<gcpCode>EL14929468901</gcpCode>
<name>川棚（付）</name>
<B>119064.2181</B>
<L>467506.6209</L>
<alti>6.125</alti>
<altiAcc>3</altiAcc>
</GCP>
<GCP gml:id="K1_492946_3">
<fid>10-00100-0-2402-5820</fid>
<lfSpanFr gml:id="K1_492946_3-1">
<gml:timePosition>2025-02-19</gml:timePosition>
</lfSpanFr>
<devDate gml:id="K1_492946_3-2">
<gml:timePosition>2025-02-26</gml:timePosition>
</devDate>
<orgGILvl>SJ11</orgGILvl>
<vis>表示</vis>
<pos>
<gml:Point gml:id="K1_492946_3-g" srsName="fguuid:jgd2011.bl">
<gml:pos>33.075572917 129.823667250</gml:pos>
</gml:Point>
</pos>
<orgName>国土地理院</orgName>
<type>水準点</type>
<gcpClass>一等水準点</gcpClass>
<gcpCode>L010000003281</gcpCode>
<name>３２８１</name>
<B>119072.0625</B>
<L>467365.2021</L>
<alti>55.4355</alti>
<altiAcc>4</altiAcc>
</GCP>
<GCP gml:id="K1_492946_4">
<fid>10-00100-0-2402-5821</fid>
<lfSpanFr gml:id="K1_492946_4-1">
<gml:timePosition>2025-02-19</gml:timePosition>
</lfSpanFr>
<devDate gml:id="K1_492946_4-2">
<gml:timePosition>2025-02-26</gml:timePosition>
</devDate>
<orgGILvl>SJ11</orgGILvl>
<vis>表示</vis>
<pos>
<gml:Point gml:id="K1_492946_4-g" srsName="fguuid:jgd2011.bl">
<gml:pos>33.066388889 129.833222222</gml:pos>
</gml:Point>
</pos>
<orgName>国土地理院</orgName>
<type>水準点</type>
<gcpClass>一等水準点</gcpClass>
<gcpCode>L010000003282</gcpCode>
<name>３２８２</name>
<B>119039</B>
<L>467399.6</L>
<alti>5.9075</alti>
<altiAcc>4</altiAcc>
</GCP>
<GCP gml:id="K1_492946_5">
<fid>10-00100-0-2402-5822</fid>
<lfSpanFr gml:id="K1_492946_5-1">
<gml:timePosition>2025-02-19</gml:timePosition>
</lfSpanFr>
<devDate gml:id="K1_492946_5-2">
<gml:timePosition>2025-02-26</gml:timePosition>
</devDate>
<orgGILvl>SJ11</orgGILvl>
<vis>表示</vis>
<pos>
<gml:Point gml:id="K1_492946_5-g" srsName="fguuid:jgd2011.bl">
<gml:pos>33.058186389 129.846228583</gml:pos>
</gml:Point>
</pos>
<orgName>国土地理院</orgName>
<type>水準点</type>
<gcpClass>一等水準点</gcpClass>
<gcpCode>L010000003283</gcpCode>
<name>３２８３</name>
<B>119009.471</B>
<L>467446.4229</L>
<alti>35.5429</alti>
<altiAcc>4</altiAcc>
</GCP>
<GCP gml:id="K1_492946_6">
<fid>10-00100-0-2402-5823</fid>
<lfSpanFr gml:id="K1_492946_6-1">
<gml:timePosition>2025-02-19</gml:timePosition>
</lfSpanFr>
<devDate gml:id="K1_492946_6-2">
<gml:timePosition>2025-02-26</gml:timePosition>
</devDate>
<orgGILvl>SJ11</orgGILvl>
<vis>表示</vis>
<pos>
<gml:Point gml:id="K1_492946_6-g" srsName="fguuid:jgd2011.bl">
<gml:pos>33.067735972 129.860053833</gml:pos>
</gml:Point>
</pos>
<orgName>国土地理院</orgName>
<type>水準点</type>
<gcpClass>一等水準点</gcpClass>
<gcpCode>L010000003284</gcpCode>
<name>３２８４</name>
<B>119043.8495</B>
<L>467496.1938</L>
<alti>2.7969</alti>
<altiAcc>4</altiAcc>
</GCP>
<GCP gml:id="K1_492946_7">
<fid>10-00100-0-2402-18668</fid>
<lfSpanFr gml:id="K1_492946_7-1">
<gml:timePosition>2025-02-19</gml:timePosition>
</lfSpanFr>
<devDate gml:id="K1_492946_7-2">
<gml:timePosition>2025-02-26</gml:timePosition>
</devDate>
<orgGILvl>SJ11</orgGILvl>
<vis>表示</vis>
<pos>
<gml:Point gml:id="K1_492946_7-g" srsName="fguuid:jgd2011.bl">
<gml:pos>33.064333083 129.854651861</gml:pos>
</gml:Point>
</pos>
<orgName>国土地理院</orgName>
<type>水準点</type>
<gcpClass>一等水準点</gcpClass>
<gcpCode>L050000002266</gcpCode>
<name>準基２２６６</name>
<B>119031.5991</B>
<L>467476.7467</L>
<alti>2.2605</alti>
<altiAcc>4</altiAcc>
</GCP>
<GCP gml:id="K1_492946_8">
<fid>10-00100-0-2402-19122</fid>
<lfSpanFr gml:id="K1_492946_8-1">
<gml:timePosition>2025-02-19</gml:timePosition>
</lfSpanFr>
<devDate gml:id="K1_492946_8-2">
<gml:timePosition>2025-02-26</gml:timePosition>
</devDate>
<orgGILvl>SJ12</orgGILvl>
<vis>表示</vis>
<pos>
<gml:Point gml:id="K1_492946_8-g" srsName="fguuid:jgd2011.bl">
<gml:pos>33.073393917 129.862950250</gml:pos>
</gml:Point>
</pos>
<orgName>国土地理院</orgName>
<type>水準点</type>
<gcpClass>二等水準点</gcpClass>
<gcpCode>L0E000021067A</gcpCode>
<name>０２１０６７Ａ</name>
<B>119064.2181</B>
<L>467506.6209</L>
<alti>6.125</alti>
<altiAcc>3</altiAcc>
</GCP>
<GCP gml:id="K1_492946_9">
<fid>10-00100-0-2402-21693</fid>
<lfSpanFr gml:id="K1_492946_9-1">
<gml:timePosition>2025-02-19</gml:timePosition>
</lfSpanFr>
<devDate gml:id="K1_492946_9-2">
<gml:timePosition>2025-02-26</gml:timePosition>
</devDate>
<orgGILvl>KJ12</orgGILvl>
<vis>表示</vis>
<pos>
<gml:Point gml:id="K1_492946_9-g" srsName="fguuid:jgd2011.bl">
<gml:pos>33.041043528 129.829349500</gml:pos>
</gml:Point>
</pos>
<orgName>国土地理院</orgName>
<type>三角点</type>
<gcpClass>二等三角点</gcpClass>
<gcpCode>TR24929464601</gcpCode>
<name>大崎</name>
<B>118947.7567</B>
<L>467385.6582</L>
<alti>154.45</alti>
<altiAcc>2</altiAcc>
</GCP>
<GCP gml:id="K1_492946_10">
<fid>10-00100-0-2402-28310</fid>
<lfSpanFr gml:id="K1_492946_10-1">
<gml:timePosition>2025-02-19</gml:timePosition>
</lfSpanFr>
<devDate gml:id="K1_492946_10-2">
<gml:timePosition>2025-02-26</gml:timePosition>
</devDate>
<orgGILvl>KJ13</orgGILvl>
<vis>表示</vis>
<pos>
<gml:Point gml:id="K1_492946_10-g" srsName="fguuid:jgd2011.bl">
<gml:pos>33.001994333 129.795989778</gml:pos>
</gml:Point>
</pos>
<orgName>国土地理院</orgName>
<type>三角点</type>
<gcpClass>三等三角点</gcpClass>
<gcpCode>TR34929460301</gcpCode>
<name>城原</name>
<B>118807.1796</B>
<L>467265.5632</L>
<alti>126.23</alti>
<altiAcc>2</altiAcc>
</GCP>
<GCP gml:id="K1_492946_11">
<fid>10-00100-0-2402-28311</fid>
<lfSpanFr gml:id="K1_492946_11-1">
<gml:timePosition>2025-02-19</gml:timePosition>
</lfSpanFr>
<devDate gml:id="K1_492946_11-2">
<gml:timePosition>2025-02-26</gml:timePosition>
</devDate>
<orgGILvl>KJ13</orgGILvl>
<vis>表示</vis>
<pos>
<gml:Point gml:id="K1_492946_11-g" srsName="fguuid:jgd2011.bl">
<gml:pos>33.064802528 129.858105694</gml:pos>
</gml:Point>
</pos>
<orgName>国土地理院</orgName>
<type>三角点</type>
<gcpClass>三等三角点</gcpClass>
<gcpCode>TR34929467801</gcpCode>
<name>川棚</name>
<B>119033.2891</B>
<L>467489.1805</L>
<alti>2.15</alti>
<altiAcc>2</altiAcc>
</GCP>
<GCP gml:id="K1_492946_12">
<fid>10-00100-0-2402-28312</fid>
<lfSpanFr gml:id="K1_492946_12-1">
<gml:timePosition>2025-02-19</gml:timePosition>
</lfSpanFr>
<devDate gml:id="K1_492946_12-2">
<gml:timePosition>2025-02-26</gml:timePosition>
</devDate>
<orgGILvl>KJ13</orgGILvl>
<vis>表示</vis>
<pos>
<gml:Point gml:id="K1_492946_12-g" srsName="fguuid:jgd2011.bl">
<gml:pos>33.070804806 129.763450167</gml:pos>
</gml:Point>
</pos>
<orgName>国土地理院</orgName>
<type>三角点</type>
<gcpClass>三等三角点</gcpClass>
<gcpCode>TR34929468101</gcpCode>
<name>高畑</name>
<B>119054.8973</B>
<L>467148.4206</L>
<alti>74.5</alti>
<altiAcc>2</altiAcc>
</GCP>
<GCP gml:id="K1_492946_13">
<fid>10-00100-0-2402-28313</fid>
<lfSpanFr gml:id="K1_492946_13-1">
<gml:timePosition>2025-02-19</gml:timePosition>
</lfSpanFr>
<devDate gml:id="K1_492946_13-2">
<gml:timePosition>2025-02-26</gml:timePosition>
</devDate>
<orgGILvl>KJ13</orgGILvl>
<vis>表示</vis>
<pos>
<gml:Point gml:id="K1_492946_13-g" srsName="fguuid:jgd2011.bl">
<gml:pos>33.080281556 129.839751972</gml:pos>
</gml:Point>
</pos>
<orgName>国土地理院</orgName>
<type>三角点</type>
<gcpClass>三等三角点</gcpClass>
<gcpCode>TR34929469701</gcpCode>
<name>白石岳</name>
<B>119089.0136</B>
<L>467423.1071</L>
<alti>300.05</alti>
<altiAcc>2</altiAcc>
</GCP>
<GCP gml:id="K1_492946_14">
<fid>10-00100-0-2402-64398</fid>
<lfSpanFr gml:id="K1_492946_14-1">
<gml:timePosition>2025-02-19</gml:timePosition>
</lfSpanFr>
<devDate gml:id="K1_492946_14-2">
<gml:timePosition>2025-02-26</gml:timePosition>
</devDate>
<orgGILvl>KJ14</orgGILvl>
<vis>表示</vis>
<pos>
<gml:Point gml:id="K1_492946_14-g" srsName="fguuid:jgd2011.bl">
<gml:pos>33.005367278 129.758332917</gml:pos>
</gml:Point>
</pos>
<orgName>国土地理院</orgName>
<type>三角点</type>
<gcpClass>四等三角点</gcpClass>
<gcpCode>TR44929460001</gcpCode>
<name>白崎</name>
<B>118819.3222</B>
<L>467129.9985</L>
<alti>61.23</alti>
<altiAcc>2</altiAcc>
</GCP>
<GCP gml:id="K1_492946_15">
<fid>10-00100-0-2402-64400</fid>
<lfSpanFr gml:id="K1_492946_15-1">
<gml:timePosition>2025-02-19</gml:timePosition>
</lfSpanFr>
<devDate gml:id="K1_492946_15-2">
<gml:timePosition>2025-02-26</gml:timePosition>
</devDate>
<orgGILvl>KJ14</orgGILvl>
<vis>表示</vis>
<pos>
<gml:Point gml:id="K1_492946_15-g" srsName="fguuid:jgd2011.bl">
<gml:pos>33.034411167 129.758200222</gml:pos>
</gml:Point>
</pos>
<orgName>国土地理院</orgName>
<type>三角点</type>
<gcpClass>四等三角点</gcpClass>
<gcpCode>TR44929464001</gcpCode>
<name>矢筈</name>
<B>118923.8802</B>
<L>467129.5208</L>
<alti>15.52</alti>
<altiAcc>2</altiAcc>
</GCP>
<GCP gml:id="K1_492946_16">
<fid>10-00100-0-2402-64401</fid>
<lfSpanFr gml:id="K1_492946_16-1">
<gml:timePosition>2025-02-19</gml:timePosition>
</lfSpanFr>
<devDate gml:id="K1_492946_16-2">
<gml:timePosition>2025-02-26</gml:timePosition>
</devDate>
<orgGILvl>KJ14</orgGILvl>
<vis>表示</vis>
<pos>
<gml:Point gml:id="K1_492946_16-g" srsName="fguuid:jgd2011.bl">
<gml:pos>33.048156194 129.753067639</gml:pos>
</gml:Point>
</pos>
<orgName>国土地理院</orgName>
<type>三角点</type>
<gcpClass>四等三角点</gcpClass>
<gcpCode>TR44929465001</gcpCode>
<name>上杉崎</name>
<B>118973.3623</B>
<L>467111.0435</L>
<alti>101.44</alti>
<altiAcc>2</altiAcc>
</GCP>
<GCP gml:id="K1_492946_17">
<fid>10-00100-0-2402-64402</fid>
<lfSpanFr gml:id="K1_492946_17-1">
<gml:timePosition>2025-02-19</gml:timePosition>
</lfSpanFr>
<devDate gml:id="K1_492946_17-2">
<gml:timePosition>2025-02-26</gml:timePosition>
</devDate>
<orgGILvl>KJ14</orgGILvl>
<vis>表示</vis>
<pos>
<gml:Point gml:id="K1_492946_17-g" srsName="fguuid:jgd2011.bl">
<gml:pos>33.048231250 129.844130306</gml:pos>
</gml:Point>
</pos>
<orgName>国土地理院</orgName>
<type>三角点</type>
<gcpClass>四等三角点</gcpClass>
<gcpCode>TR44929465701</gcpCode>
<name>片島</name>
<B>118973.6325</B>
<L>467438.8691</L>
<alti>53.94</alti>
<altiAcc>2</altiAcc>
</GCP>
<GCP gml:id="K1_492946_18">
<fid>10-00100-0-2402-64403</fid>
<lfSpanFr gml:id="K1_492946_18-1">
<gml:timePosition>2025-02-19</gml:timePosition>
</lfSpanFr>
<devDate gml:id="K1_492946_18-2">
<gml:timePosition>2025-02-26</gml:timePosition>
</devDate>
<orgGILvl>KJ14</orgGILvl>
<vis>表示</vis>
<pos>
<gml:Point gml:id="K1_492946_18-g" srsName="fguuid:jgd2011.bl">
<gml:pos>33.050977167 129.767356361</gml:pos>
</gml:Point>
</pos>
<orgName>国土地理院</orgName>
<type>三角点</type>
<gcpClass>四等三角点</gcpClass>
<gcpCode>TR44929466101</gcpCode>
<name>明星ノ鼻</name>
<B>118983.5178</B>
<L>467162.4829</L>
<alti>20.47</alti>
<altiAcc>2</altiAcc>
</GCP>
<GCP gml:id="K1_492946_19">
<fid>10-00100-0-2402-64404</fid>
<lfSpanFr gml:id="K1_492946_19-1">
<gml:timePosition>2025-02-19</gml:timePosition>
</lfSpanFr>
<devDate gml:id="K1_492946_19-2">
<gml:timePosition>2025-02-26</gml:timePosition>
</devDate>
<orgGILvl>KJ14</orgGILvl>
<vis>表示</vis>
<pos>
<gml:Point gml:id="K1_492946_19-g" srsName="fguuid:jgd2011.bl">
<gml:pos>33.064568972 129.772556056</gml:pos>
</gml:Point>
</pos>
<orgName>国土地理院</orgName>
<type>三角点</type>
<gcpClass>四等三角点</gcpClass>
<gcpCode>TR44929467101</gcpCode>
<name>古里</name>
<B>119032.4483</B>
<L>467181.2018</L>
<alti>44.1</alti>
<altiAcc>2</altiAcc>
</GCP>
<GCP gml:id="K1_492946_20">
<fid>10-00100-0-2402-64405</fid>
<lfSpanFr gml:id="K1_492946_20-1">
<gml:timePosition>2025-02-19</gml:timePosition>
</lfSpanFr>
<devDate gml:id="K1_492946_20-2">
<gml:timePosition>2025-02-26</gml:timePosition>
</devDate>
<orgGILvl>KJ14</orgGILvl>
<vis>表示</vis>
<pos>
<gml:Point gml:id="K1_492946_20-g" srsName="fguuid:jgd2011.bl">
<gml:pos>33.060859111 129.788587139</gml:pos>
</gml:Point>
</pos>
<orgName>国土地理院</orgName>
<type>三角点</type>
<gcpClass>四等三角点</gcpClass>
<gcpCode>TR44929467301</gcpCode>
<name>鳥島</name>
<B>119019.0928</B>
<L>467238.9137</L>
<alti>12.76</alti>
<altiAcc>2</altiAcc>
</GCP>
<GCP gml:id="K1_492946_21">
<fid>10-00100-0-2402-64406</fid>
<lfSpanFr gml:id="K1_492946_21-1">
<gml:timePosition>2025-02-19</gml:timePosition>
</lfSpanFr>
<devDate gml:id="K1_492946_21-2">
<gml:timePosition>2025-02-26</gml:timePosition>
</devDate>
<orgGILvl>KJ14</orgGILvl>
<vis>表示</vis>
<pos>
<gml:Point gml:id="K1_492946_21-g" srsName="fguuid:jgd2011.bl">
<gml:pos>33.064210278 129.842976694</gml:pos>
</gml:Point>
</pos>
<orgName>国土地理院</orgName>
<type>三角点</type>
<gcpClass>四等三角点</gcpClass>
<gcpCode>TR44929467701</gcpCode>
<name>鳥越</name>
<B>119031.157</B>
<L>467434.7161</L>
<alti>124.2</alti>
<altiAcc>2</altiAcc>
</GCP>
<GCP gml:id="K1_492946_22">
<fid>10-00100-0-2402-64407</fid>
<lfSpanFr gml:id="K1_492946_22-1">
<gml:timePosition>2025-02-19</gml:timePosition>
</lfSpanFr>
<devDate gml:id="K1_492946_22-2">
<gml:timePosition>2025-02-26</gml:timePosition>
</devDate>
<orgGILvl>KJ14</orgGILvl>
<vis>表示</vis>
<pos>
<gml:Point gml:id="K1_492946_22-g" srsName="fguuid:jgd2011.bl">
<gml:pos>33.067644611 129.751951444</gml:pos>
</gml:Point>
</pos>
<orgName>国土地理院</orgName>
<type>三角点</type>
<gcpClass>四等三角点</gcpClass>
<gcpCode>TR44929468001</gcpCode>
<name>針尾送信所</name>
<B>119043.5206</B>
<L>467107.0252</L>
<alti>61.2</alti>
<altiAcc>2</altiAcc>
</GCP>
<GCP gml:id="K1_492946_23">
<fid>10-00100-0-2402-64408</fid>
<lfSpanFr gml:id="K1_492946_23-1">
<gml:timePosition>2025-02-19</gml:timePosition>
</lfSpanFr>
<devDate gml:id="K1_492946_23-2">
<gml:timePosition>2025-02-26</gml:timePosition>
</devDate>
<orgGILvl>KJ14</orgGILvl>
<vis>表示</vis>
<pos>
<gml:Point gml:id="K1_492946_23-g" srsName="fguuid:jgd2011.bl">
<gml:pos>33.067825139 129.799229472</gml:pos>
</gml:Point>
</pos>
<orgName>国土地理院</orgName>
<type>三角点</type>
<gcpClass>四等三角点</gcpClass>
<gcpCode>TR44929468301</gcpCode>
<name>戸尺鼻</name>
<B>119044.1705</B>
<L>467277.2261</L>
<alti>18.11</alti>
<altiAcc>2</altiAcc>
</GCP>
<GCP gml:id="K1_492946_24">
<fid>10-00100-0-2402-64409</fid>
<lfSpanFr gml:id="K1_492946_24-1">
<gml:timePosition>2025-02-19</gml:timePosition>
</lfSpanFr>
<devDate gml:id="K1_492946_24-2">
<gml:timePosition>2025-02-26</gml:timePosition>
</devDate>
<orgGILvl>KJ14</orgGILvl>
<vis>表示</vis>
<pos>
<gml:Point gml:id="K1_492946_24-g" srsName="fguuid:jgd2011.bl">
<gml:pos>33.075622667 129.781695083</gml:pos>
</gml:Point>
</pos>
<orgName>国土地理院</orgName>
<type>三角点</type>
<gcpClass>四等三角点</gcpClass>
<gcpCode>TR44929469201</gcpCode>
<name>大島</name>
<B>119072.2416</B>
<L>467214.1023</L>
<alti>50.83</alti>
<altiAcc>2</altiAcc>
</GCP>
<GCP gml:id="K1_492946_25">
<fid>10-00100-0-2402-64410</fid>
<lfSpanFr gml:id="K1_492946_25-1">
<gml:timePosition>2025-02-19</gml:timePosition>
</lfSpanFr>
<devDate gml:id="K1_492946_25-2">
<gml:timePosition>2025-02-26</gml:timePosition>
</devDate>
<orgGILvl>KJ14</orgGILvl>
<vis>表示</vis>
<pos>
<gml:Point gml:id="K1_492946_25-g" srsName="fguuid:jgd2011.bl">
<gml:pos>33.081329639 129.805234806</gml:pos>
</gml:Point>
</pos>
<orgName>国土地理院</orgName>
<type>三角点</type>
<gcpClass>四等三角点</gcpClass>
<gcpCode>TR44929469401</gcpCode>
<name>尾崎</name>
<B>119092.7867</B>
<L>467298.8453</L>
<alti>70.82</alti>
<altiAcc>2</altiAcc>
</GCP>
<GCP gml:id="K1_492946_26">
<fid>10-00100-0-2402-64411</fid>
<lfSpanFr gml:id="K1_492946_26-1">
<gml:timePosition>2025-02-19</gml:timePosition>
</lfSpanFr>
<devDate gml:id="K1_492946_26-2">
<gml:timePosition>2025-02-26</gml:timePosition>
</devDate>
<orgGILvl>KJ14</orgGILvl>
<vis>表示</vis>
<pos>
<gml:Point gml:id="K1_492946_26-g" srsName="fguuid:jgd2011.bl">
<gml:pos>33.077903444 129.871742500</gml:pos>
</gml:Point>
</pos>
<orgName>国土地理院</orgName>
<type>三角点</type>
<gcpClass>四等三角点</gcpClass>
<gcpCode>TR44929469901</gcpCode>
<name>甚五平</name>
<B>119080.4524</B>
<L>467538.273</L>
<alti>109.81</alti>
<altiAcc>2</altiAcc>
</GCP>
</Dataset>
