<?xml version="1.0" encoding="utf-8"?>
<Dataset xsi:schemaLocation="http://fgd.gsi.go.jp/spec/2008/FGD_GMLSchema FGD_GMLSchema.xsd"
	xmlns:gml="http://www.opengis.net/gml/3.2"
	xmlns:xsi="http://www.w3.org/2001/XMLSchema-instance"
	xmlns:xlink="http://www.w3.org/1999/xlink"
	xmlns="http://fgd.gsi.go.jp/spec/2008/FGD_GMLSchema"
	gml:id="Dataset1">
  <gml:description>基盤地図情報メタデータ ID=fmdid:18-1001</gml:description>
  <gml:name>基盤地図情報ダウンロードデータ（GML版）</gml:name>
<BldL gml:id="K18_4629311775_1">
<fid>46293-11775-s-473</fid>
<lfSpanFr gml:id="K18_4629311775_1-1">
<gml:timePosition>2015-11-17</gml:timePosition>
</lfSpanFr>
<devDate gml:id="K18_4629311775_1-2">
<gml:timePosition>2018-09-05</gml:timePosition>
</devDate>
<orgGILvl>25000</orgGILvl>
<loc>
<gml:Curve gml:id="K18_4629311775_1-g" srsName="fguuid:jgd2011.bl">
<gml:segments>
<gml:LineStringSegment>
<gml:posList>
32.715556944 128.598078889
32.715545833 128.598205556
32.715461111 128.598205556
32.715449722 128.598198889
32.715466667 128.598072222
32.715556944 128.598078889
</gml:posList>
</gml:LineStringSegment>
</gml:segments>
</gml:Curve>
</loc>
<type>普通建物</type>
</BldL>
<BldL gml:id="K18_4629311775_2">
<fid>46293-11775-s-474</fid>
<lfSpanFr gml:id="K18_4629311775_2-1">
<gml:timePosition>2015-11-17</gml:timePosition>
</lfSpanFr>
<devDate gml:id="K18_4629311775_2-2">
<gml:timePosition>2018-09-05</gml:timePosition>
</devDate>
<orgGILvl>25000</orgGILvl>
<loc>
<gml:Curve gml:id="K18_4629311775_2-g" srsName="fguuid:jgd2011.bl">
<gml:segments>
<gml:LineStringSegment>
<gml:posList>
32.715385278 128.598193889
32.715373889 128.598240556
32.715356944 128.598240556
32.715278056 128.598287222
32.715250000 128.598200556
32.715255556 128.598180556
32.715356944 128.598127222
32.715368333 128.598133889
32.715385278 128.598193889
</gml:posList>
</gml:LineStringSegment>
</gml:segments>
</gml:Curve>
</loc>
<type>普通建物</type>
</BldL>
<BldL gml:id="K18_4629311775_3">
<fid>46293-11775-s-475</fid>
<lfSpanFr gml:id="K18_4629311775_3-1">
<gml:timePosition>2015-11-17</gml:timePosition>
</lfSpanFr>
<devDate gml:id="K18_4629311775_3-2">
<gml:timePosition>2018-09-05</gml:timePosition>
</devDate>
<orgGILvl>25000</orgGILvl>
<loc>
<gml:Curve gml:id="K18_4629311775_3-g" srsName="fguuid:jgd2011.bl">
<gml:segments>
<gml:LineStringSegment>
<gml:posList>
32.715503611 128.598403611
32.715492500 128.598443611
32.715413333 128.598436944
32.715402222 128.598336944
32.715458611 128.598323611
32.715498056 128.598336944
32.715503611 128.598403611
</gml:posList>
</gml:LineStringSegment>
</gml:segments>
</gml:Curve>
</loc>
<type>普通建物</type>
</BldL>
<BldL gml:id="K18_4629311775_4">
<fid>46293-11775-s-476</fid>
<lfSpanFr gml:id="K18_4629311775_4-1">
<gml:timePosition>2015-11-17</gml:timePosition>
</lfSpanFr>
<devDate gml:id="K18_4629311775_4-2">
<gml:timePosition>2018-09-05</gml:timePosition>
</devDate>
<orgGILvl>25000</orgGILvl>
<loc>
<gml:Curve gml:id="K18_4629311775_4-g" srsName="fguuid:jgd2011.bl">
<gml:segments>
<gml:LineStringSegment>
<gml:posList>
32.716020376 128.598666217
32.716009264 128.598772884
32.715913431 128.598772884
32.715902042 128.598786217
32.715902042 128.598846217
32.715817598 128.598846217
32.715817598 128.598666217
32.716020376 128.598666217
</gml:posList>
</gml:LineStringSegment>
</gml:segments>
</gml:Curve>
</loc>
<type>普通建物</type>
</BldL>
<BldL gml:id="K18_4629311775_5">
<fid>46293-11775-s-477</fid>
<lfSpanFr gml:id="K18_4629311775_5-1">
<gml:timePosition>2015-11-17</gml:timePosition>
</lfSpanFr>
<devDate gml:id="K18_4629311775_5-2">
<gml:timePosition>2018-09-05</gml:timePosition>
</devDate>
<orgGILvl>25000</orgGILvl>
<loc>
<gml:Curve gml:id="K18_4629311775_5-g" srsName="fguuid:jgd2011.bl">
<gml:segments>
<gml:LineStringSegment>
<gml:posList>
32.715756389 128.598718611
32.715733889 128.598818611
32.715654722 128.598805278
32.715632222 128.598851944
32.715626667 128.598871944
32.715547778 128.598851944
32.715581667 128.598685278
32.715756389 128.598718611
</gml:posList>
</gml:LineStringSegment>
</gml:segments>
</gml:Curve>
</loc>
<type>普通建物</type>
</BldL>
<BldL gml:id="K18_4629311778_1">
<fid>46293-11778-s-153</fid>
<lfSpanFr gml:id="K18_4629311778_1-1">
<gml:timePosition>2015-11-17</gml:timePosition>
</lfSpanFr>
<devDate gml:id="K18_4629311778_1-2">
<gml:timePosition>2018-09-05</gml:timePosition>
</devDate>
<orgGILvl>25000</orgGILvl>
<loc>
<gml:Curve gml:id="K18_4629311778_1-g" srsName="fguuid:jgd2011.bl">
<gml:segments>
<gml:LineStringSegment>
<gml:posList>
32.722268889 128.594107500
32.722257778 128.594167500
32.722240833 128.594207222
32.722066111 128.594140833
32.722094167 128.594047500
32.722139444 128.594054444
32.722206944 128.594087500
32.722229444 128.594087500
32.722268889 128.594107500
</gml:posList>
</gml:LineStringSegment>
</gml:segments>
</gml:Curve>
</loc>
<type>普通建物</type>
</BldL>
<BldL gml:id="K18_4629311778_2">
<fid>46293-11778-s-154</fid>
<lfSpanFr gml:id="K18_4629311778_2-1">
<gml:timePosition>2015-11-17</gml:timePosition>
</lfSpanFr>
<devDate gml:id="K18_4629311778_2-2">
<gml:timePosition>2018-09-05</gml:timePosition>
</devDate>
<orgGILvl>25000</orgGILvl>
<loc>
<gml:Curve gml:id="K18_4629311778_2-g" srsName="fguuid:jgd2011.bl">
<gml:segments>
<gml:LineStringSegment>
<gml:posList>
32.720336389 128.597078889
32.720325000 128.597212222
32.720240556 128.597205556
32.720246111 128.597078889
32.720336389 128.597078889
</gml:posList>
</gml:LineStringSegment>
</gml:segments>
</gml:Curve>
</loc>
<type>普通建物</type>
</BldL>
<BldL gml:id="K18_4629311778_3">
<fid>46293-11778-s-155</fid>
<lfSpanFr gml:id="K18_4629311778_3-1">
<gml:timePosition>2015-11-17</gml:timePosition>
</lfSpanFr>
<devDate gml:id="K18_4629311778_3-2">
<gml:timePosition>2018-09-05</gml:timePosition>
</devDate>
<orgGILvl>25000</orgGILvl>
<loc>
<gml:Curve gml:id="K18_4629311778_3-g" srsName="fguuid:jgd2011.bl">
<gml:segments>
<gml:LineStringSegment>
<gml:posList>
32.724823056 128.598060556
32.724738611 128.598080556
32.724721667 128.597927222
32.724800556 128.597913889
32.724823056 128.598060556
</gml:posList>
</gml:LineStringSegment>
</gml:segments>
</gml:Curve>
</loc>
<type>普通建物</type>
</BldL>
<BldL gml:id="K18_4629311778_4">
<fid>46293-11778-s-156</fid>
<lfSpanFr gml:id="K18_4629311778_4-1">
<gml:timePosition>2015-11-17</gml:timePosition>
</lfSpanFr>
<devDate gml:id="K18_4629311778_4-2">
<gml:timePosition>2018-09-05</gml:timePosition>
</devDate>
<orgGILvl>25000</orgGILvl>
<loc>
<gml:Curve gml:id="K18_4629311778_4-g" srsName="fguuid:jgd2011.bl">
<gml:segments>
<gml:LineStringSegment>
<gml:posList>
32.721008907 128.598154504
32.721003629 128.598254504
32.720941407 128.598267837
32.720738629 128.598261171
32.720727241 128.598241171
32.720732796 128.598187837
32.720744185 128.598161171
32.721008907 128.598154504
</gml:posList>
</gml:LineStringSegment>
</gml:segments>
</gml:Curve>
</loc>
<type>普通建物</type>
</BldL>
<BldL gml:id="K18_4629311778_5">
<fid>46293-11778-s-157</fid>
<lfSpanFr gml:id="K18_4629311778_5-1">
<gml:timePosition>2015-11-17</gml:timePosition>
</lfSpanFr>
<devDate gml:id="K18_4629311778_5-2">
<gml:timePosition>2018-09-05</gml:timePosition>
</devDate>
<orgGILvl>25000</orgGILvl>
<loc>
<gml:Curve gml:id="K18_4629311778_5-g" srsName="fguuid:jgd2011.bl">
<gml:segments>
<gml:LineStringSegment>
<gml:posList>
32.720591963 128.598214504
32.720580574 128.598301171
32.720479185 128.598314504
32.720219741 128.598314504
32.720219741 128.598267837
32.720225574 128.598214504
32.720586407 128.598194504
32.720591963 128.598214504
</gml:posList>
</gml:LineStringSegment>
</gml:segments>
</gml:Curve>
</loc>
<type>普通建物</type>
</BldL>
<BldL gml:id="K18_4629311778_6">
<fid>46293-11778-s-158</fid>
<lfSpanFr gml:id="K18_4629311778_6-1">
<gml:timePosition>2015-11-17</gml:timePosition>
</lfSpanFr>
<devDate gml:id="K18_4629311778_6-2">
<gml:timePosition>2018-09-05</gml:timePosition>
</devDate>
<orgGILvl>25000</orgGILvl>
<loc>
<gml:Curve gml:id="K18_4629311778_6-g" srsName="fguuid:jgd2011.bl">
<gml:segments>
<gml:LineStringSegment>
<gml:posList>
32.719450278 128.598169722
32.719438889 128.598263056
32.719213333 128.598276389
32.719207778 128.598183056
32.719444444 128.598163056
32.719450278 128.598169722
</gml:posList>
</gml:LineStringSegment>
</gml:segments>
</gml:Curve>
</loc>
<type>普通建物</type>
</BldL>
<BldL gml:id="K18_4629311778_7">
<fid>46293-11778-s-159</fid>
<lfSpanFr gml:id="K18_4629311778_7-1">
<gml:timePosition>2015-11-17</gml:timePosition>
</lfSpanFr>
<devDate gml:id="K18_4629311778_7-2">
<gml:timePosition>2018-09-05</gml:timePosition>
</devDate>
<orgGILvl>25000</orgGILvl>
<loc>
<gml:Curve gml:id="K18_4629311778_7-g" srsName="fguuid:jgd2011.bl">
<gml:segments>
<gml:LineStringSegment>
<gml:posList>
32.719602500 128.598225556
32.719591111 128.598372222
32.719506667 128.598365556
32.719517778 128.598218889
32.719602500 128.598225556
</gml:posList>
</gml:LineStringSegment>
</gml:segments>
</gml:Curve>
</loc>
<type>普通建物</type>
</BldL>
<BldL gml:id="K18_4629311778_8">
<fid>46293-11778-s-160</fid>
<lfSpanFr gml:id="K18_4629311778_8-1">
<gml:timePosition>2015-11-17</gml:timePosition>
</lfSpanFr>
<devDate gml:id="K18_4629311778_8-2">
<gml:timePosition>2018-09-05</gml:timePosition>
</devDate>
<orgGILvl>25000</orgGILvl>
<loc>
<gml:Curve gml:id="K18_4629311778_8-g" srsName="fguuid:jgd2011.bl">
<gml:segments>
<gml:LineStringSegment>
<gml:posList>
32.724993889 128.598402222
32.725000000 128.598425361
</gml:posList>
</gml:LineStringSegment>
</gml:segments>
</gml:Curve>
</loc>
<type>普通建物</type>
</BldL>
<BldL gml:id="K18_4629311778_9">
<fid>46293-11778-s-161</fid>
<lfSpanFr gml:id="K18_4629311778_9-1">
<gml:timePosition>2015-11-17</gml:timePosition>
</lfSpanFr>
<devDate gml:id="K18_4629311778_9-2">
<gml:timePosition>2018-09-05</gml:timePosition>
</devDate>
<orgGILvl>25000</orgGILvl>
<loc>
<gml:Curve gml:id="K18_4629311778_9-g" srsName="fguuid:jgd2011.bl">
<gml:segments>
<gml:LineStringSegment>
<gml:posList>
32.725000000 128.598588694
32.724961389 128.598606944
32.724910278 128.598437222
32.724993889 128.598402222
</gml:posList>
</gml:LineStringSegment>
</gml:segments>
</gml:Curve>
</loc>
<type>普通建物</type>
</BldL>
<BldL gml:id="K18_4629311778_10">
<fid>46293-11778-s-162</fid>
<lfSpanFr gml:id="K18_4629311778_10-1">
<gml:timePosition>2015-11-17</gml:timePosition>
</lfSpanFr>
<devDate gml:id="K18_4629311778_10-2">
<gml:timePosition>2018-09-05</gml:timePosition>
</devDate>
<orgGILvl>25000</orgGILvl>
<loc>
<gml:Curve gml:id="K18_4629311778_10-g" srsName="fguuid:jgd2011.bl">
<gml:segments>
<gml:LineStringSegment>
<gml:posList>
32.724986667 128.599333889
32.724947222 128.599420278
32.724834444 128.599340556
32.724868333 128.599267222
32.724879444 128.599253889
32.724986667 128.599333889
</gml:posList>
</gml:LineStringSegment>
</gml:segments>
</gml:Curve>
</loc>
<type>普通建物</type>
</BldL>
<BldL gml:id="K18_4629311781_1">
<fid>46293-11781-s-903</fid>
<lfSpanFr gml:id="K18_4629311781_1-1">
<gml:timePosition>2018-02-09</gml:timePosition>
</lfSpanFr>
<devDate gml:id="K18_4629311781_1-2">
<gml:timePosition>2018-09-05</gml:timePosition>
</devDate>
<orgGILvl>25000</orgGILvl>
<loc>
<gml:Curve gml:id="K18_4629311781_1-g" srsName="fguuid:jgd2011.bl">
<gml:segments>
<gml:LineStringSegment>
<gml:posList>
32.729891944 128.597220833
32.729830000 128.597347500
32.729801667 128.597374167
32.729750833 128.597334167
32.729734167 128.597320833
32.729818611 128.597167500
32.729852500 128.597187500
32.729891944 128.597220833
</gml:posList>
</gml:LineStringSegment>
</gml:segments>
</gml:Curve>
</loc>
<type>普通建物</type>
</BldL>
<BldL gml:id="K18_4629311781_2">
<fid>46293-11781-s-904</fid>
<lfSpanFr gml:id="K18_4629311781_2-1">
<gml:timePosition>2018-02-09</gml:timePosition>
</lfSpanFr>
<devDate gml:id="K18_4629311781_2-2">
<gml:timePosition>2018-09-05</gml:timePosition>
</devDate>
<orgGILvl>25000</orgGILvl>
<loc>
<gml:Curve gml:id="K18_4629311781_2-g" srsName="fguuid:jgd2011.bl">
<gml:segments>
<gml:LineStringSegment>
<gml:posList>
32.725753333 128.597245556
32.725702500 128.597332222
32.725589722 128.597225556
32.725601111 128.597198889
32.725640556 128.597138889
32.725753333 128.597245556
</gml:posList>
</gml:LineStringSegment>
</gml:segments>
</gml:Curve>
</loc>
<type>普通建物</type>
</BldL>
<BldL gml:id="K18_4629311781_3">
<fid>46293-11781-s-905</fid>
<lfSpanFr gml:id="K18_4629311781_3-1">
<gml:timePosition>2018-02-09</gml:timePosition>
</lfSpanFr>
<devDate gml:id="K18_4629311781_3-2">
<gml:timePosition>2018-09-05</gml:timePosition>
</devDate>
<orgGILvl>25000</orgGILvl>
<loc>
<gml:Curve gml:id="K18_4629311781_3-g" srsName="fguuid:jgd2011.bl">
<gml:segments>
<gml:LineStringSegment>
<gml:posList>
32.728346944 128.597300556
32.728301944 128.597380556
32.728211667 128.597320556
32.728183611 128.597293889
32.728228611 128.597213889
32.728346944 128.597300556
</gml:posList>
</gml:LineStringSegment>
</gml:segments>
</gml:Curve>
</loc>
<type>普通建物</type>
</BldL>
<BldL gml:id="K18_4629311781_4">
<fid>46293-11781-s-906</fid>
<lfSpanFr gml:id="K18_4629311781_4-1">
<gml:timePosition>2018-02-09</gml:timePosition>
</lfSpanFr>
<devDate gml:id="K18_4629311781_4-2">
<gml:timePosition>2018-09-05</gml:timePosition>
</devDate>
<orgGILvl>25000</orgGILvl>
<loc>
<gml:Curve gml:id="K18_4629311781_4-g" srsName="fguuid:jgd2011.bl">
<gml:segments>
<gml:LineStringSegment>
<gml:posList>
32.728375278 128.597500556
32.728358333 128.597540556
32.728318889 128.597580556
32.728206111 128.597493889
32.728251111 128.597407222
32.728341389 128.597473889
32.728375278 128.597500556
</gml:posList>
</gml:LineStringSegment>
</gml:segments>
</gml:Curve>
</loc>
<type>普通建物</type>
</BldL>
<BldL gml:id="K18_4629311781_5">
<fid>46293-11781-s-907</fid>
<lfSpanFr gml:id="K18_4629311781_5-1">
<gml:timePosition>2018-02-09</gml:timePosition>
</lfSpanFr>
<devDate gml:id="K18_4629311781_5-2">
<gml:timePosition>2018-09-05</gml:timePosition>
</devDate>
<orgGILvl>25000</orgGILvl>
<loc>
<gml:Curve gml:id="K18_4629311781_5-g" srsName="fguuid:jgd2011.bl">
<gml:segments>
<gml:LineStringSegment>
<gml:posList>
32.725925278 128.597558889
32.725891389 128.597592222
32.725851944 128.597612222
32.725744722 128.597378889
32.725818056 128.597332222
32.725925278 128.597558889
</gml:posList>
</gml:LineStringSegment>
</gml:segments>
</gml:Curve>
</loc>
<type>普通建物</type>
</BldL>
<BldL gml:id="K18_4629311781_6">
<fid>46293-11781-s-908</fid>
<lfSpanFr gml:id="K18_4629311781_6-1">
<gml:timePosition>2018-02-09</gml:timePosition>
</lfSpanFr>
<devDate gml:id="K18_4629311781_6-2">
<gml:timePosition>2018-09-05</gml:timePosition>
</devDate>
<orgGILvl>25000</orgGILvl>
<loc>
<gml:Curve gml:id="K18_4629311781_6-g" srsName="fguuid:jgd2011.bl">
<gml:segments>
<gml:LineStringSegment>
<gml:posList>
32.727353611 128.597686944
32.727342222 128.597726944
32.727297222 128.597760278
32.727280278 128.597753611
32.727257778 128.597713611
32.727184444 128.597586944
32.727173056 128.597546944
32.727240833 128.597500278
32.727263333 128.597520278
32.727297222 128.597586944
32.727353611 128.597686944
</gml:posList>
</gml:LineStringSegment>
</gml:segments>
</gml:Curve>
</loc>
<type>普通建物</type>
</BldL>
<BldL gml:id="K18_4629311781_7">
<fid>46293-11781-s-909</fid>
<lfSpanFr gml:id="K18_4629311781_7-1">
<gml:timePosition>2018-02-09</gml:timePosition>
</lfSpanFr>
<devDate gml:id="K18_4629311781_7-2">
<gml:timePosition>2018-09-05</gml:timePosition>
</devDate>
<orgGILvl>25000</orgGILvl>
<loc>
<gml:Curve gml:id="K18_4629311781_7-g" srsName="fguuid:jgd2011.bl">
<gml:segments>
<gml:LineStringSegment>
<gml:posList>
32.727235278 128.597800556
32.727206944 128.597833889
32.727161944 128.597853889
32.727026667 128.597613889
32.727054722 128.597580556
32.727100000 128.597553889
32.727178889 128.597700556
32.727235278 128.597800556
</gml:posList>
</gml:LineStringSegment>
</gml:segments>
</gml:Curve>
</loc>
<type>普通建物</type>
</BldL>
<BldL gml:id="K18_4629311781_8">
<fid>46293-11781-s-910</fid>
<lfSpanFr gml:id="K18_4629311781_8-1">
<gml:timePosition>2018-02-09</gml:timePosition>
</lfSpanFr>
<devDate gml:id="K18_4629311781_8-2">
<gml:timePosition>2018-09-05</gml:timePosition>
</devDate>
<orgGILvl>25000</orgGILvl>
<loc>
<gml:Curve gml:id="K18_4629311781_8-g" srsName="fguuid:jgd2011.bl">
<gml:segments>
<gml:LineStringSegment>
<gml:posList>
32.726012778 128.597893889
32.725995833 128.597920556
32.725922500 128.597980556
32.725888889 128.597933889
32.725871944 128.597920556
32.725877500 128.597900556
32.725961944 128.597827222
32.725984722 128.597840556
32.725995833 128.597867222
32.726012778 128.597893889
</gml:posList>
</gml:LineStringSegment>
</gml:segments>
</gml:Curve>
</loc>
<type>普通建物</type>
</BldL>
<BldL gml:id="K18_4629311781_9">
<fid>46293-11781-s-911</fid>
<lfSpanFr gml:id="K18_4629311781_9-1">
<gml:timePosition>2018-02-09</gml:timePosition>
</lfSpanFr>
<devDate gml:id="K18_4629311781_9-2">
<gml:timePosition>2018-09-05</gml:timePosition>
</devDate>
<orgGILvl>25000</orgGILvl>
<loc>
<gml:Curve gml:id="K18_4629311781_9-g" srsName="fguuid:jgd2011.bl">
<gml:segments>
<gml:LineStringSegment>
<gml:posList>
32.726841667 128.597904722
32.726830278 128.598004722
32.726711944 128.597998056
32.726717500 128.597898056
32.726841667 128.597904722
</gml:posList>
</gml:LineStringSegment>
</gml:segments>
</gml:Curve>
</loc>
<type>普通建物</type>
</BldL>
<BldL gml:id="K18_4629311781_10">
<fid>46293-11781-s-912</fid>
<lfSpanFr gml:id="K18_4629311781_10-1">
<gml:timePosition>2018-02-09</gml:timePosition>
</lfSpanFr>
<devDate gml:id="K18_4629311781_10-2">
<gml:timePosition>2018-09-05</gml:timePosition>
</devDate>
<orgGILvl>25000</orgGILvl>
<loc>
<gml:Curve gml:id="K18_4629311781_10-g" srsName="fguuid:jgd2011.bl">
<gml:segments>
<gml:LineStringSegment>
<gml:posList>
32.727058056 128.597949167
32.727041389 128.597989167
32.727001667 128.598022500
32.726922778 128.597942500
32.726911667 128.597929167
32.726968056 128.597862500
32.727058056 128.597949167
</gml:posList>
</gml:LineStringSegment>
</gml:segments>
</gml:Curve>
</loc>
<type>普通建物</type>
</BldL>
<BldL gml:id="K18_4629311781_11">
<fid>46293-11781-s-913</fid>
<lfSpanFr gml:id="K18_4629311781_11-1">
<gml:timePosition>2018-02-09</gml:timePosition>
</lfSpanFr>
<devDate gml:id="K18_4629311781_11-2">
<gml:timePosition>2018-09-05</gml:timePosition>
</devDate>
<orgGILvl>25000</orgGILvl>
<loc>
<gml:Curve gml:id="K18_4629311781_11-g" srsName="fguuid:jgd2011.bl">
<gml:segments>
<gml:LineStringSegment>
<gml:posList>
32.725353056 128.598027222
32.725308056 128.598053889
32.725274167 128.598067222
32.725223333 128.597920556
32.725155833 128.597953889
32.725127500 128.597860556
32.725274167 128.597787222
32.725353056 128.598027222
</gml:posList>
</gml:LineStringSegment>
</gml:segments>
</gml:Curve>
</loc>
<type>普通建物</type>
</BldL>
<BldL gml:id="K18_4629311781_12">
<fid>46293-11781-s-914</fid>
<lfSpanFr gml:id="K18_4629311781_12-1">
<gml:timePosition>2018-02-09</gml:timePosition>
</lfSpanFr>
<devDate gml:id="K18_4629311781_12-2">
<gml:timePosition>2018-09-05</gml:timePosition>
</devDate>
<orgGILvl>25000</orgGILvl>
<loc>
<gml:Curve gml:id="K18_4629311781_12-g" srsName="fguuid:jgd2011.bl">
<gml:segments>
<gml:LineStringSegment>
<gml:posList>
32.728702222 128.598127222
32.728674167 128.598160556
32.728634444 128.598187222
32.728555556 128.598067222
32.728623333 128.598007222
32.728702222 128.598127222
</gml:posList>
</gml:LineStringSegment>
</gml:segments>
</gml:Curve>
</loc>
<type>普通建物</type>
</BldL>
<BldL gml:id="K18_4629311781_13">
<fid>46293-11781-s-915</fid>
<lfSpanFr gml:id="K18_4629311781_13-1">
<gml:timePosition>2018-02-09</gml:timePosition>
</lfSpanFr>
<devDate gml:id="K18_4629311781_13-2">
<gml:timePosition>2018-09-05</gml:timePosition>
</devDate>
<orgGILvl>25000</orgGILvl>
<loc>
<gml:Curve gml:id="K18_4629311781_13-g" srsName="fguuid:jgd2011.bl">
<gml:segments>
<gml:LineStringSegment>
<gml:posList>
32.727261111 128.598139167
32.727249722 128.598165833
32.727199167 128.598219167
32.727103333 128.598119167
32.727159444 128.598045833
32.727249722 128.598132500
32.727261111 128.598139167
</gml:posList>
</gml:LineStringSegment>
</gml:segments>
</gml:Curve>
</loc>
<type>普通建物</type>
</BldL>
<BldL gml:id="K18_4629311781_14">
<fid>46293-11781-s-916</fid>
<lfSpanFr gml:id="K18_4629311781_14-1">
<gml:timePosition>2018-02-09</gml:timePosition>
</lfSpanFr>
<devDate gml:id="K18_4629311781_14-2">
<gml:timePosition>2018-09-05</gml:timePosition>
</devDate>
<orgGILvl>25000</orgGILvl>
<loc>
<gml:Curve gml:id="K18_4629311781_14-g" srsName="fguuid:jgd2011.bl">
<gml:segments>
<gml:LineStringSegment>
<gml:posList>
32.728989722 128.598153889
32.728972778 128.598187222
32.728910833 128.598213889
32.728871389 128.598127222
32.728871389 128.598060556
32.728899444 128.598060556
32.728944722 128.598047222
32.728989722 128.598153889
</gml:posList>
</gml:LineStringSegment>
</gml:segments>
</gml:Curve>
</loc>
<type>普通建物</type>
</BldL>
<BldL gml:id="K18_4629311781_15">
<fid>46293-11781-s-917</fid>
<lfSpanFr gml:id="K18_4629311781_15-1">
<gml:timePosition>2018-02-09</gml:timePosition>
</lfSpanFr>
<devDate gml:id="K18_4629311781_15-2">
<gml:timePosition>2018-09-05</gml:timePosition>
</devDate>
<orgGILvl>25000</orgGILvl>
<loc>
<gml:Curve gml:id="K18_4629311781_15-g" srsName="fguuid:jgd2011.bl">
<gml:segments>
<gml:LineStringSegment>
<gml:posList>
32.726912778 128.598399722
32.726907222 128.598446389
32.726822500 128.598453056
32.726811389 128.598319722
32.726901389 128.598306389
32.726912778 128.598399722
</gml:posList>
</gml:LineStringSegment>
</gml:segments>
</gml:Curve>
</loc>
<type>普通建物</type>
</BldL>
<BldL gml:id="K18_4629311781_16">
<fid>46293-11781-s-918</fid>
<lfSpanFr gml:id="K18_4629311781_16-1">
<gml:timePosition>2018-02-09</gml:timePosition>
</lfSpanFr>
<devDate gml:id="K18_4629311781_16-2">
<gml:timePosition>2018-09-05</gml:timePosition>
</devDate>
<orgGILvl>25000</orgGILvl>
<loc>
<gml:Curve gml:id="K18_4629311781_16-g" srsName="fguuid:jgd2011.bl">
<gml:segments>
<gml:LineStringSegment>
<gml:posList>
32.725000000 128.598425361
32.725038333 128.598570556
32.725000000 128.598588694
</gml:posList>
</gml:LineStringSegment>
</gml:segments>
</gml:Curve>
</loc>
<type>普通建物</type>
</BldL>
<BldL gml:id="K18_4629311781_17">
<fid>46293-11781-s-919</fid>
<lfSpanFr gml:id="K18_4629311781_17-1">
<gml:timePosition>2018-02-09</gml:timePosition>
</lfSpanFr>
<devDate gml:id="K18_4629311781_17-2">
<gml:timePosition>2018-09-05</gml:timePosition>
</devDate>
<orgGILvl>25000</orgGILvl>
<loc>
<gml:Curve gml:id="K18_4629311781_17-g" srsName="fguuid:jgd2011.bl">
<gml:segments>
<gml:LineStringSegment>
<gml:posList>
32.729412778 128.598487222
32.729401389 128.598587222
32.729277222 128.598573889
32.729288611 128.598480556
32.729412778 128.598487222
</gml:posList>
</gml:LineStringSegment>
</gml:segments>
</gml:Curve>
</loc>
<type>普通建物</type>
</BldL>
<BldL gml:id="K18_4629311781_18">
<fid>46293-11781-s-920</fid>
<lfSpanFr gml:id="K18_4629311781_18-1">
<gml:timePosition>2018-02-09</gml:timePosition>
</lfSpanFr>
<devDate gml:id="K18_4629311781_18-2">
<gml:timePosition>2018-09-05</gml:timePosition>
</devDate>
<orgGILvl>25000</orgGILvl>
<loc>
<gml:Curve gml:id="K18_4629311781_18-g" srsName="fguuid:jgd2011.bl">
<gml:segments>
<gml:LineStringSegment>
<gml:posList>
32.727096944 128.598495278
32.727017778 128.598541667
32.726967500 128.598451667
32.727042500 128.598392778
32.727096944 128.598495278
</gml:posList>
</gml:LineStringSegment>
</gml:segments>
</gml:Curve>
</loc>
<type>普通建物</type>
</BldL>
<BldL gml:id="K18_4629311781_19">
<fid>46293-11781-s-921</fid>
<lfSpanFr gml:id="K18_4629311781_19-1">
<gml:timePosition>2018-02-09</gml:timePosition>
</lfSpanFr>
<devDate gml:id="K18_4629311781_19-2">
<gml:timePosition>2018-09-05</gml:timePosition>
</devDate>
<orgGILvl>25000</orgGILvl>
<loc>
<gml:Curve gml:id="K18_4629311781_19-g" srsName="fguuid:jgd2011.bl">
<gml:segments>
<gml:LineStringSegment>
<gml:posList>
32.726965556 128.598675278
32.726942778 128.598695278
32.726869722 128.598695278
32.726858333 128.598608611
32.726942778 128.598575278
32.726965556 128.598675278
</gml:posList>
</gml:LineStringSegment>
</gml:segments>
</gml:Curve>
</loc>
<type>普通建物</type>
</BldL>
<BldL gml:id="K18_4629311781_20">
<fid>46293-11781-s-922</fid>
<lfSpanFr gml:id="K18_4629311781_20-1">
<gml:timePosition>2018-02-09</gml:timePosition>
</lfSpanFr>
<devDate gml:id="K18_4629311781_20-2">
<gml:timePosition>2018-09-05</gml:timePosition>
</devDate>
<orgGILvl>25000</orgGILvl>
<loc>
<gml:Curve gml:id="K18_4629311781_20-g" srsName="fguuid:jgd2011.bl">
<gml:segments>
<gml:LineStringSegment>
<gml:posList>
32.728764167 128.598707222
32.728753056 128.598767222
32.728623333 128.598800556
32.728606389 128.598700556
32.728713611 128.598667222
32.728758611 128.598667222
32.728764167 128.598707222
</gml:posList>
</gml:LineStringSegment>
</gml:segments>
</gml:Curve>
</loc>
<type>普通建物</type>
</BldL>
<BldL gml:id="K18_4629311781_21">
<fid>46293-11781-s-923</fid>
<lfSpanFr gml:id="K18_4629311781_21-1">
<gml:timePosition>2018-02-09</gml:timePosition>
</lfSpanFr>
<devDate gml:id="K18_4629311781_21-2">
<gml:timePosition>2018-09-05</gml:timePosition>
</devDate>
<orgGILvl>25000</orgGILvl>
<loc>
<gml:Curve gml:id="K18_4629311781_21-g" srsName="fguuid:jgd2011.bl">
<gml:segments>
<gml:LineStringSegment>
<gml:posList>
32.727337778 128.598793889
32.727326389 128.598900556
32.727219444 128.598907222
32.727219444 128.598800556
32.727337778 128.598793889
</gml:posList>
</gml:LineStringSegment>
</gml:segments>
</gml:Curve>
</loc>
<type>普通建物</type>
</BldL>
<BldL gml:id="K18_4629311781_22">
<fid>46293-11781-s-924</fid>
<lfSpanFr gml:id="K18_4629311781_22-1">
<gml:timePosition>2018-02-09</gml:timePosition>
</lfSpanFr>
<devDate gml:id="K18_4629311781_22-2">
<gml:timePosition>2018-09-05</gml:timePosition>
</devDate>
<orgGILvl>25000</orgGILvl>
<loc>
<gml:Curve gml:id="K18_4629311781_22-g" srsName="fguuid:jgd2011.bl">
<gml:segments>
<gml:LineStringSegment>
<gml:posList>
32.726672500 128.598831944
32.726655556 128.598865278
32.726610556 128.598898611
32.726531389 128.598791944
32.726537222 128.598771944
32.726593611 128.598731944
32.726616111 128.598745278
32.726672500 128.598831944
</gml:posList>
</gml:LineStringSegment>
</gml:segments>
</gml:Curve>
</loc>
<type>普通建物</type>
</BldL>
<BldL gml:id="K18_4629311781_23">
<fid>46293-11781-s-925</fid>
<lfSpanFr gml:id="K18_4629311781_23-1">
<gml:timePosition>2018-02-09</gml:timePosition>
</lfSpanFr>
<devDate gml:id="K18_4629311781_23-2">
<gml:timePosition>2018-09-05</gml:timePosition>
</devDate>
<orgGILvl>25000</orgGILvl>
<loc>
<gml:Curve gml:id="K18_4629311781_23-g" srsName="fguuid:jgd2011.bl">
<gml:segments>
<gml:LineStringSegment>
<gml:posList>
32.728533056 128.598840556
32.728521944 128.598860556
32.728437222 128.598887222
32.728409167 128.598887222
32.728392222 128.598793889
32.728465556 128.598767222
32.728493611 128.598760556
32.728516111 128.598753889
32.728533056 128.598840556
</gml:posList>
</gml:LineStringSegment>
</gml:segments>
</gml:Curve>
</loc>
<type>普通建物</type>
</BldL>
<BldL gml:id="K18_4629311781_24">
<fid>46293-11781-s-926</fid>
<lfSpanFr gml:id="K18_4629311781_24-1">
<gml:timePosition>2018-02-09</gml:timePosition>
</lfSpanFr>
<devDate gml:id="K18_4629311781_24-2">
<gml:timePosition>2018-09-05</gml:timePosition>
</devDate>
<orgGILvl>25000</orgGILvl>
<loc>
<gml:Curve gml:id="K18_4629311781_24-g" srsName="fguuid:jgd2011.bl">
<gml:segments>
<gml:LineStringSegment>
<gml:posList>
32.728240000 128.598947222
32.728228611 128.598960556
32.728132778 128.598993889
32.728110278 128.598900556
32.728223056 128.598860556
32.728240000 128.598947222
</gml:posList>
</gml:LineStringSegment>
</gml:segments>
</gml:Curve>
</loc>
<type>普通建物</type>
</BldL>
<BldL gml:id="K18_4629311781_25">
<fid>46293-11781-s-927</fid>
<lfSpanFr gml:id="K18_4629311781_25-1">
<gml:timePosition>2018-02-09</gml:timePosition>
</lfSpanFr>
<devDate gml:id="K18_4629311781_25-2">
<gml:timePosition>2018-09-05</gml:timePosition>
</devDate>
<orgGILvl>25000</orgGILvl>
<loc>
<gml:Curve gml:id="K18_4629311781_25-g" srsName="fguuid:jgd2011.bl">
<gml:segments>
<gml:LineStringSegment>
<gml:posList>
32.729559167 128.599013889
32.729480278 128.599067222
32.729452222 128.599027222
32.729418333 128.598953889
32.729401389 128.598927222
32.729474722 128.598873889
32.729536667 128.598967222
32.729559167 128.599013889
</gml:posList>
</gml:LineStringSegment>
</gml:segments>
</gml:Curve>
</loc>
<type>普通建物</type>
</BldL>
<BldL gml:id="K18_4629311781_26">
<fid>46293-11781-s-928</fid>
<lfSpanFr gml:id="K18_4629311781_26-1">
<gml:timePosition>2018-02-09</gml:timePosition>
</lfSpanFr>
<devDate gml:id="K18_4629311781_26-2">
<gml:timePosition>2018-09-05</gml:timePosition>
</devDate>
<orgGILvl>25000</orgGILvl>
<loc>
<gml:Curve gml:id="K18_4629311781_26-g" srsName="fguuid:jgd2011.bl">
<gml:segments>
<gml:LineStringSegment>
<gml:posList>
32.727801944 128.599018889
32.727790556 128.599045556
32.727717500 128.599058889
32.727706111 128.599032222
32.727706111 128.598998889
32.727689167 128.598938889
32.727734167 128.598918889
32.727773889 128.598912222
32.727801944 128.599018889
</gml:posList>
</gml:LineStringSegment>
</gml:segments>
</gml:Curve>
</loc>
<type>普通建物</type>
</BldL>
<BldL gml:id="K18_4629311781_27">
<fid>46293-11781-s-929</fid>
<lfSpanFr gml:id="K18_4629311781_27-1">
<gml:timePosition>2018-02-09</gml:timePosition>
</lfSpanFr>
<devDate gml:id="K18_4629311781_27-2">
<gml:timePosition>2018-09-05</gml:timePosition>
</devDate>
<orgGILvl>25000</orgGILvl>
<loc>
<gml:Curve gml:id="K18_4629311781_27-g" srsName="fguuid:jgd2011.bl">
<gml:segments>
<gml:LineStringSegment>
<gml:posList>
32.726733056 128.599064167
32.726721944 128.599097500
32.726631667 128.599110833
32.726614722 128.599037500
32.726626111 128.599010833
32.726716389 128.598990833
32.726727500 128.599004167
32.726733056 128.599064167
</gml:posList>
</gml:LineStringSegment>
</gml:segments>
</gml:Curve>
</loc>
<type>普通建物</type>
</BldL>
<BldL gml:id="K18_4629311781_28">
<fid>46293-11781-s-930</fid>
<lfSpanFr gml:id="K18_4629311781_28-1">
<gml:timePosition>2018-02-09</gml:timePosition>
</lfSpanFr>
<devDate gml:id="K18_4629311781_28-2">
<gml:timePosition>2018-09-05</gml:timePosition>
</devDate>
<orgGILvl>25000</orgGILvl>
<loc>
<gml:Curve gml:id="K18_4629311781_28-g" srsName="fguuid:jgd2011.bl">
<gml:segments>
<gml:LineStringSegment>
<gml:posList>
32.726562778 128.599145556
32.726551667 128.599165556
32.726483889 128.599185556
32.726466944 128.599165556
32.726438889 128.599045556
32.726528889 128.599012222
32.726557222 128.599138889
32.726562778 128.599145556
</gml:posList>
</gml:LineStringSegment>
</gml:segments>
</gml:Curve>
</loc>
<type>普通建物</type>
</BldL>
<BldL gml:id="K18_4629311781_29">
<fid>46293-11781-s-931</fid>
<lfSpanFr gml:id="K18_4629311781_29-1">
<gml:timePosition>2018-02-09</gml:timePosition>
</lfSpanFr>
<devDate gml:id="K18_4629311781_29-2">
<gml:timePosition>2018-09-05</gml:timePosition>
</devDate>
<orgGILvl>25000</orgGILvl>
<loc>
<gml:Curve gml:id="K18_4629311781_29-g" srsName="fguuid:jgd2011.bl">
<gml:segments>
<gml:LineStringSegment>
<gml:posList>
32.727873333 128.599163333
32.727862222 128.599203333
32.727777500 128.599223333
32.727760556 128.599130000
32.727856389 128.599096667
32.727873333 128.599163333
</gml:posList>
</gml:LineStringSegment>
</gml:segments>
</gml:Curve>
</loc>
<type>普通建物</type>
</BldL>
<BldL gml:id="K18_4629311781_30">
<fid>46293-11781-s-932</fid>
<lfSpanFr gml:id="K18_4629311781_30-1">
<gml:timePosition>2018-02-09</gml:timePosition>
</lfSpanFr>
<devDate gml:id="K18_4629311781_30-2">
<gml:timePosition>2018-09-05</gml:timePosition>
</devDate>
<orgGILvl>25000</orgGILvl>
<loc>
<gml:Curve gml:id="K18_4629311781_30-g" srsName="fguuid:jgd2011.bl">
<gml:segments>
<gml:LineStringSegment>
<gml:posList>
32.726749722 128.599242222
32.726732778 128.599268889
32.726665278 128.599295556
32.726642778 128.599288889
32.726625833 128.599202222
32.726721667 128.599168889
32.726749722 128.599242222
</gml:posList>
</gml:LineStringSegment>
</gml:segments>
</gml:Curve>
</loc>
<type>普通建物</type>
</BldL>
<BldL gml:id="K18_4629311781_31">
<fid>46293-11781-s-933</fid>
<lfSpanFr gml:id="K18_4629311781_31-1">
<gml:timePosition>2018-02-09</gml:timePosition>
</lfSpanFr>
<devDate gml:id="K18_4629311781_31-2">
<gml:timePosition>2018-09-05</gml:timePosition>
</devDate>
<orgGILvl>25000</orgGILvl>
<loc>
<gml:Curve gml:id="K18_4629311781_31-g" srsName="fguuid:jgd2011.bl">
<gml:segments>
<gml:LineStringSegment>
<gml:posList>
32.727326389 128.599267222
32.727303889 128.599287222
32.727253333 128.599307222
32.727241944 128.599313889
32.727208056 128.599173889
32.727247500 128.599153889
32.727281389 128.599147222
32.727292778 128.599140556
32.727326389 128.599267222
</gml:posList>
</gml:LineStringSegment>
</gml:segments>
</gml:Curve>
</loc>
<type>普通建物</type>
</BldL>
<BldL gml:id="K18_4629311781_32">
<fid>46293-11781-s-934</fid>
<lfSpanFr gml:id="K18_4629311781_32-1">
<gml:timePosition>2018-02-09</gml:timePosition>
</lfSpanFr>
<devDate gml:id="K18_4629311781_32-2">
<gml:timePosition>2018-09-05</gml:timePosition>
</devDate>
<orgGILvl>25000</orgGILvl>
<loc>
<gml:Curve gml:id="K18_4629311781_32-g" srsName="fguuid:jgd2011.bl">
<gml:segments>
<gml:LineStringSegment>
<gml:posList>
32.729632500 128.599327222
32.729621389 128.599340556
32.729542222 128.599333889
32.729536667 128.599227222
32.729621389 128.599220556
32.729632500 128.599327222
</gml:posList>
</gml:LineStringSegment>
</gml:segments>
</gml:Curve>
</loc>
<type>普通建物</type>
</BldL>
<BldL gml:id="K18_4629311781_33">
<fid>46293-11781-s-935</fid>
<lfSpanFr gml:id="K18_4629311781_33-1">
<gml:timePosition>2018-02-09</gml:timePosition>
</lfSpanFr>
<devDate gml:id="K18_4629311781_33-2">
<gml:timePosition>2018-09-05</gml:timePosition>
</devDate>
<orgGILvl>25000</orgGILvl>
<loc>
<gml:Curve gml:id="K18_4629311781_33-g" srsName="fguuid:jgd2011.bl">
<gml:segments>
<gml:LineStringSegment>
<gml:posList>
32.726523611 128.599353333
32.726512500 128.599406389
32.726489722 128.599486389
32.726444722 128.599486389
32.726405278 128.599473056
32.726439167 128.599333333
32.726523611 128.599353333
</gml:posList>
</gml:LineStringSegment>
</gml:segments>
</gml:Curve>
</loc>
<type>普通建物</type>
</BldL>
<BldL gml:id="K18_4629311781_34">
<fid>46293-11781-s-936</fid>
<lfSpanFr gml:id="K18_4629311781_34-1">
<gml:timePosition>2018-02-09</gml:timePosition>
</lfSpanFr>
<devDate gml:id="K18_4629311781_34-2">
<gml:timePosition>2018-09-05</gml:timePosition>
</devDate>
<orgGILvl>25000</orgGILvl>
<loc>
<gml:Curve gml:id="K18_4629311781_34-g" srsName="fguuid:jgd2011.bl">
<gml:segments>
<gml:LineStringSegment>
<gml:posList>
32.725116389 128.599360556
32.725110556 128.599426944
32.725037500 128.599440278
32.725009167 128.599247222
32.725099444 128.599240556
32.725116389 128.599360556
</gml:posList>
</gml:LineStringSegment>
</gml:segments>
</gml:Curve>
</loc>
<type>普通建物</type>
</BldL>
<BldL gml:id="K18_4629311781_35">
<fid>46293-11781-s-937</fid>
<lfSpanFr gml:id="K18_4629311781_35-1">
<gml:timePosition>2018-02-09</gml:timePosition>
</lfSpanFr>
<devDate gml:id="K18_4629311781_35-2">
<gml:timePosition>2018-09-05</gml:timePosition>
</devDate>
<orgGILvl>25000</orgGILvl>
<loc>
<gml:Curve gml:id="K18_4629311781_35-g" srsName="fguuid:jgd2011.bl">
<gml:segments>
<gml:LineStringSegment>
<gml:posList>
32.728121389 128.599380278
32.728110278 128.599480000
32.727986111 128.599473333
32.727997500 128.599373611
32.728121389 128.599380278
</gml:posList>
</gml:LineStringSegment>
</gml:segments>
</gml:Curve>
</loc>
<type>普通建物</type>
</BldL>
<BldL gml:id="K18_4629311781_36">
<fid>46293-11781-s-938</fid>
<lfSpanFr gml:id="K18_4629311781_36-1">
<gml:timePosition>2018-02-09</gml:timePosition>
</lfSpanFr>
<devDate gml:id="K18_4629311781_36-2">
<gml:timePosition>2018-09-05</gml:timePosition>
</devDate>
<orgGILvl>25000</orgGILvl>
<loc>
<gml:Curve gml:id="K18_4629311781_36-g" srsName="fguuid:jgd2011.bl">
<gml:segments>
<gml:LineStringSegment>
<gml:posList>
32.726322778 128.599395278
32.726305833 128.599488333
32.726187500 128.599475000
32.726198611 128.599375278
32.726311389 128.599381944
32.726322778 128.599395278
</gml:posList>
</gml:LineStringSegment>
</gml:segments>
</gml:Curve>
</loc>
<type>普通建物</type>
</BldL>
<BldL gml:id="K18_4629311781_37">
<fid>46293-11781-s-939</fid>
<lfSpanFr gml:id="K18_4629311781_37-1">
<gml:timePosition>2018-02-09</gml:timePosition>
</lfSpanFr>
<devDate gml:id="K18_4629311781_37-2">
<gml:timePosition>2018-09-05</gml:timePosition>
</devDate>
<orgGILvl>25000</orgGILvl>
<loc>
<gml:Curve gml:id="K18_4629311781_37-g" srsName="fguuid:jgd2011.bl">
<gml:segments>
<gml:LineStringSegment>
<gml:posList>
32.727530000 128.599411667
32.727524444 128.599445000
32.727445556 128.599451667
32.727423056 128.599318611
32.727490556 128.599298611
32.727507500 128.599298611
32.727530000 128.599411667
</gml:posList>
</gml:LineStringSegment>
</gml:segments>
</gml:Curve>
</loc>
<type>普通建物</type>
</BldL>
<BldL gml:id="K18_4629311781_38">
<fid>46293-11781-s-940</fid>
<lfSpanFr gml:id="K18_4629311781_38-1">
<gml:timePosition>2018-02-09</gml:timePosition>
</lfSpanFr>
<devDate gml:id="K18_4629311781_38-2">
<gml:timePosition>2018-09-05</gml:timePosition>
</devDate>
<orgGILvl>25000</orgGILvl>
<loc>
<gml:Curve gml:id="K18_4629311781_38-g" srsName="fguuid:jgd2011.bl">
<gml:segments>
<gml:LineStringSegment>
<gml:posList>
32.726046667 128.599480278
32.726024167 128.599506944
32.725973333 128.599540278
32.725894444 128.599440278
32.725900000 128.599420278
32.725961944 128.599367222
32.726046667 128.599480278
</gml:posList>
</gml:LineStringSegment>
</gml:segments>
</gml:Curve>
</loc>
<type>普通建物</type>
</BldL>
<BldL gml:id="K18_4629311781_39">
<fid>46293-11781-s-941</fid>
<lfSpanFr gml:id="K18_4629311781_39-1">
<gml:timePosition>2018-02-09</gml:timePosition>
</lfSpanFr>
<devDate gml:id="K18_4629311781_39-2">
<gml:timePosition>2018-09-05</gml:timePosition>
</devDate>
<orgGILvl>25000</orgGILvl>
<loc>
<gml:Curve gml:id="K18_4629311781_39-g" srsName="fguuid:jgd2011.bl">
<gml:segments>
<gml:LineStringSegment>
<gml:posList>
32.727063611 128.599480833
32.727052222 128.599500833
32.726984722 128.599527500
32.726945000 128.599394444
32.727024167 128.599361111
32.727063611 128.599480833
</gml:posList>
</gml:LineStringSegment>
</gml:segments>
</gml:Curve>
</loc>
<type>普通建物</type>
</BldL>
<BldL gml:id="K18_4629311781_40">
<fid>46293-11781-s-942</fid>
<lfSpanFr gml:id="K18_4629311781_40-1">
<gml:timePosition>2018-02-09</gml:timePosition>
</lfSpanFr>
<devDate gml:id="K18_4629311781_40-2">
<gml:timePosition>2018-09-05</gml:timePosition>
</devDate>
<orgGILvl>25000</orgGILvl>
<loc>
<gml:Curve gml:id="K18_4629311781_40-g" srsName="fguuid:jgd2011.bl">
<gml:segments>
<gml:LineStringSegment>
<gml:posList>
32.727382778 128.599500278
32.727377222 128.599526944
32.727309722 128.599546944
32.727286944 128.599493611
32.727275833 128.599426944
32.727354722 128.599400278
32.727382778 128.599500278
</gml:posList>
</gml:LineStringSegment>
</gml:segments>
</gml:Curve>
</loc>
<type>普通建物</type>
</BldL>
<BldL gml:id="K18_4629311781_41">
<fid>46293-11781-s-943</fid>
<lfSpanFr gml:id="K18_4629311781_41-1">
<gml:timePosition>2018-02-09</gml:timePosition>
</lfSpanFr>
<devDate gml:id="K18_4629311781_41-2">
<gml:timePosition>2018-09-05</gml:timePosition>
</devDate>
<orgGILvl>25000</orgGILvl>
<loc>
<gml:Curve gml:id="K18_4629311781_41-g" srsName="fguuid:jgd2011.bl">
<gml:segments>
<gml:LineStringSegment>
<gml:posList>
32.726718611 128.599503056
32.726695833 128.599523056
32.726645278 128.599549722
32.726577500 128.599396667
32.726583056 128.599383333
32.726650833 128.599343333
32.726667778 128.599376667
32.726718611 128.599503056
</gml:posList>
</gml:LineStringSegment>
</gml:segments>
</gml:Curve>
</loc>
<type>普通建物</type>
</BldL>
<BldL gml:id="K18_4629311781_42">
<fid>46293-11781-s-944</fid>
<lfSpanFr gml:id="K18_4629311781_42-1">
<gml:timePosition>2018-02-09</gml:timePosition>
</lfSpanFr>
<devDate gml:id="K18_4629311781_42-2">
<gml:timePosition>2018-09-05</gml:timePosition>
</devDate>
<orgGILvl>25000</orgGILvl>
<loc>
<gml:Curve gml:id="K18_4629311781_42-g" srsName="fguuid:jgd2011.bl">
<gml:segments>
<gml:LineStringSegment>
<gml:posList>
32.727941111 128.599533611
32.727929722 128.599560278
32.727862222 128.599573611
32.727833889 128.599426944
32.727912778 128.599406944
32.727941111 128.599533611
</gml:posList>
</gml:LineStringSegment>
</gml:segments>
</gml:Curve>
</loc>
<type>普通建物</type>
</BldL>
<BldL gml:id="K18_4629311781_43">
<fid>46293-11781-s-945</fid>
<lfSpanFr gml:id="K18_4629311781_43-1">
<gml:timePosition>2018-02-09</gml:timePosition>
</lfSpanFr>
<devDate gml:id="K18_4629311781_43-2">
<gml:timePosition>2018-09-05</gml:timePosition>
</devDate>
<orgGILvl>25000</orgGILvl>
<loc>
<gml:Curve gml:id="K18_4629311781_43-g" srsName="fguuid:jgd2011.bl">
<gml:segments>
<gml:LineStringSegment>
<gml:posList>
32.726991389 128.599665278
32.726980000 128.599698611
32.726889722 128.599725278
32.726873056 128.599691944
32.726861667 128.599631944
32.726974444 128.599598611
32.726991389 128.599665278
</gml:posList>
</gml:LineStringSegment>
</gml:segments>
</gml:Curve>
</loc>
<type>普通建物</type>
</BldL>
<BldL gml:id="K18_4629311781_44">
<fid>46293-11781-s-946</fid>
<lfSpanFr gml:id="K18_4629311781_44-1">
<gml:timePosition>2018-02-09</gml:timePosition>
</lfSpanFr>
<devDate gml:id="K18_4629311781_44-2">
<gml:timePosition>2018-09-05</gml:timePosition>
</devDate>
<orgGILvl>25000</orgGILvl>
<loc>
<gml:Curve gml:id="K18_4629311781_44-g" srsName="fguuid:jgd2011.bl">
<gml:segments>
<gml:LineStringSegment>
<gml:posList>
32.729384444 128.599684167
32.729373056 128.599724167
32.729300000 128.599730833
32.729283056 128.599610833
32.729345000 128.599597500
32.729367500 128.599597500
32.729378889 128.599630833
32.729384444 128.599684167
</gml:posList>
</gml:LineStringSegment>
</gml:segments>
</gml:Curve>
</loc>
<type>普通建物</type>
</BldL>
<BldL gml:id="K18_4629311781_45">
<fid>46293-11781-s-947</fid>
<lfSpanFr gml:id="K18_4629311781_45-1">
<gml:timePosition>2018-02-09</gml:timePosition>
</lfSpanFr>
<devDate gml:id="K18_4629311781_45-2">
<gml:timePosition>2018-09-05</gml:timePosition>
</devDate>
<orgGILvl>25000</orgGILvl>
<loc>
<gml:Curve gml:id="K18_4629311781_45-g" srsName="fguuid:jgd2011.bl">
<gml:segments>
<gml:LineStringSegment>
<gml:posList>
32.726401944 128.599727500
32.726390556 128.599820833
32.726379167 128.599834167
32.726368056 128.599820833
32.726260833 128.599800833
32.726272222 128.599707500
32.726311667 128.599707500
32.726401944 128.599727500
</gml:posList>
</gml:LineStringSegment>
</gml:segments>
</gml:Curve>
</loc>
<type>普通建物</type>
</BldL>
<BldL gml:id="K18_4629311781_46">
<fid>46293-11781-s-948</fid>
<lfSpanFr gml:id="K18_4629311781_46-1">
<gml:timePosition>2018-02-09</gml:timePosition>
</lfSpanFr>
<devDate gml:id="K18_4629311781_46-2">
<gml:timePosition>2018-09-05</gml:timePosition>
</devDate>
<orgGILvl>25000</orgGILvl>
<loc>
<gml:Curve gml:id="K18_4629311781_46-g" srsName="fguuid:jgd2011.bl">
<gml:segments>
<gml:LineStringSegment>
<gml:posList>
32.728115833 128.599740278
32.728036944 128.599786944
32.727986111 128.599646944
32.728065000 128.599606944
32.728115833 128.599740278
</gml:posList>
</gml:LineStringSegment>
</gml:segments>
</gml:Curve>
</loc>
<type>普通建物</type>
</BldL>
<BldL gml:id="K18_4629311781_47">
<fid>46293-11781-s-949</fid>
<lfSpanFr gml:id="K18_4629311781_47-1">
<gml:timePosition>2018-02-09</gml:timePosition>
</lfSpanFr>
<devDate gml:id="K18_4629311781_47-2">
<gml:timePosition>2018-09-05</gml:timePosition>
</devDate>
<orgGILvl>25000</orgGILvl>
<loc>
<gml:Curve gml:id="K18_4629311781_47-g" srsName="fguuid:jgd2011.bl">
<gml:segments>
<gml:LineStringSegment>
<gml:posList>
32.727952222 128.599766944
32.727873333 128.599813611
32.727822778 128.599673611
32.727901667 128.599633611
32.727952222 128.599766944
</gml:posList>
</gml:LineStringSegment>
</gml:segments>
</gml:Curve>
</loc>
<type>普通建物</type>
</BldL>
<BldL gml:id="K18_4629311781_48">
<fid>46293-11781-s-950</fid>
<lfSpanFr gml:id="K18_4629311781_48-1">
<gml:timePosition>2018-02-09</gml:timePosition>
</lfSpanFr>
<devDate gml:id="K18_4629311781_48-2">
<gml:timePosition>2018-09-05</gml:timePosition>
</devDate>
<orgGILvl>25000</orgGILvl>
<loc>
<gml:Curve gml:id="K18_4629311781_48-g" srsName="fguuid:jgd2011.bl">
<gml:segments>
<gml:LineStringSegment>
<gml:posList>
32.726604722 128.599782500
32.726593611 128.599882500
32.726514722 128.599882500
32.726475000 128.599869167
32.726486389 128.599762500
32.726604722 128.599782500
</gml:posList>
</gml:LineStringSegment>
</gml:segments>
</gml:Curve>
</loc>
<type>普通建物</type>
</BldL>
<BldL gml:id="K18_4629311781_49">
<fid>46293-11781-s-951</fid>
<lfSpanFr gml:id="K18_4629311781_49-1">
<gml:timePosition>2018-02-09</gml:timePosition>
</lfSpanFr>
<devDate gml:id="K18_4629311781_49-2">
<gml:timePosition>2018-09-05</gml:timePosition>
</devDate>
<orgGILvl>25000</orgGILvl>
<loc>
<gml:Curve gml:id="K18_4629311781_49-g" srsName="fguuid:jgd2011.bl">
<gml:segments>
<gml:LineStringSegment>
<gml:posList>
32.727652031 128.599825528
32.727635365 128.599852194
32.727545087 128.599892194
32.727533698 128.599878861
32.727522587 128.599818861
32.727516754 128.599792194
32.727595920 128.599758861
32.727612587 128.599745528
32.727623976 128.599752194
32.727635365 128.599785527
32.727652031 128.599825528
</gml:posList>
</gml:LineStringSegment>
</gml:segments>
</gml:Curve>
</loc>
<type>普通建物</type>
</BldL>
<BldL gml:id="K18_4629311781_50">
<fid>46293-11781-s-952</fid>
<lfSpanFr gml:id="K18_4629311781_50-1">
<gml:timePosition>2018-02-09</gml:timePosition>
</lfSpanFr>
<devDate gml:id="K18_4629311781_50-2">
<gml:timePosition>2018-09-05</gml:timePosition>
</devDate>
<orgGILvl>25000</orgGILvl>
<loc>
<gml:Curve gml:id="K18_4629311781_50-g" srsName="fguuid:jgd2011.bl">
<gml:segments>
<gml:LineStringSegment>
<gml:posList>
32.728583889 128.599853611
32.728578333 128.599926944
32.728454167 128.599933611
32.728448611 128.599833611
32.728578333 128.599826944
32.728583889 128.599853611
</gml:posList>
</gml:LineStringSegment>
</gml:segments>
</gml:Curve>
</loc>
<type>普通建物</type>
</BldL>
<BldL gml:id="K18_4629311781_51">
<fid>46293-11781-s-953</fid>
<lfSpanFr gml:id="K18_4629311781_51-1">
<gml:timePosition>2018-02-09</gml:timePosition>
</lfSpanFr>
<devDate gml:id="K18_4629311781_51-2">
<gml:timePosition>2018-09-05</gml:timePosition>
</devDate>
<orgGILvl>25000</orgGILvl>
<loc>
<gml:Curve gml:id="K18_4629311781_51-g" srsName="fguuid:jgd2011.bl">
<gml:segments>
<gml:LineStringSegment>
<gml:posList>
32.729080000 128.599853611
32.729035000 128.599933611
32.728967222 128.599893611
32.728910833 128.599846944
32.728961667 128.599773611
32.729080000 128.599853611
</gml:posList>
</gml:LineStringSegment>
</gml:segments>
</gml:Curve>
</loc>
<type>普通建物</type>
</BldL>
<BldL gml:id="K18_4629311781_52">
<fid>46293-11781-s-954</fid>
<lfSpanFr gml:id="K18_4629311781_52-1">
<gml:timePosition>2018-02-09</gml:timePosition>
</lfSpanFr>
<devDate gml:id="K18_4629311781_52-2">
<gml:timePosition>2018-09-05</gml:timePosition>
</devDate>
<orgGILvl>25000</orgGILvl>
<loc>
<gml:Curve gml:id="K18_4629311781_52-g" srsName="fguuid:jgd2011.bl">
<gml:segments>
<gml:LineStringSegment>
<gml:posList>
32.727416667 128.599880278
32.727405556 128.599920278
32.727270000 128.599953611
32.727253333 128.599886944
32.727247500 128.599860278
32.727394167 128.599820278
32.727416667 128.599880278
</gml:posList>
</gml:LineStringSegment>
</gml:segments>
</gml:Curve>
</loc>
<type>普通建物</type>
</BldL>
<BldL gml:id="K18_4629311781_53">
<fid>46293-11781-s-955</fid>
<lfSpanFr gml:id="K18_4629311781_53-1">
<gml:timePosition>2018-02-09</gml:timePosition>
</lfSpanFr>
<devDate gml:id="K18_4629311781_53-2">
<gml:timePosition>2018-09-05</gml:timePosition>
</devDate>
<orgGILvl>25000</orgGILvl>
<loc>
<gml:Curve gml:id="K18_4629311781_53-g" srsName="fguuid:jgd2011.bl">
<gml:segments>
<gml:LineStringSegment>
<gml:posList>
32.728230278 128.599926944
32.728151111 128.599973611
32.728100556 128.599833611
32.728179444 128.599793611
32.728230278 128.599926944
</gml:posList>
</gml:LineStringSegment>
</gml:segments>
</gml:Curve>
</loc>
<type>普通建物</type>
</BldL>
<BldL gml:id="K18_4629311781_54">
<fid>46293-11781-s-956</fid>
<lfSpanFr gml:id="K18_4629311781_54-1">
<gml:timePosition>2018-02-09</gml:timePosition>
</lfSpanFr>
<devDate gml:id="K18_4629311781_54-2">
<gml:timePosition>2018-09-05</gml:timePosition>
</devDate>
<orgGILvl>25000</orgGILvl>
<loc>
<gml:Curve gml:id="K18_4629311781_54-g" srsName="fguuid:jgd2011.bl">
<gml:segments>
<gml:LineStringSegment>
<gml:posList>
32.727123617 128.599806116
32.727106672 128.599832783
32.727044728 128.599846116
32.727022228 128.599772783
32.727027783 128.599732783
32.727050561 128.599719449
32.727106672 128.599719449
32.727106672 128.599746116
32.727123617 128.599806116
</gml:posList>
</gml:LineStringSegment>
</gml:segments>
</gml:Curve>
</loc>
<type>普通建物</type>
</BldL>
<BldL gml:id="K18_4629311781_55">
<fid>46293-11781-s-957</fid>
<lfSpanFr gml:id="K18_4629311781_55-1">
<gml:timePosition>2018-02-09</gml:timePosition>
</lfSpanFr>
<devDate gml:id="K18_4629311781_55-2">
<gml:timePosition>2018-09-05</gml:timePosition>
</devDate>
<orgGILvl>25000</orgGILvl>
<loc>
<gml:Curve gml:id="K18_4629311781_55-g" srsName="fguuid:jgd2011.bl">
<gml:segments>
<gml:LineStringSegment>
<gml:posList>
32.727777031 128.599992194
32.727772071 128.600000000
</gml:posList>
</gml:LineStringSegment>
</gml:segments>
</gml:Curve>
</loc>
<type>普通建物</type>
</BldL>
<BldL gml:id="K18_4629311781_56">
<fid>46293-11781-s-958</fid>
<lfSpanFr gml:id="K18_4629311781_56-1">
<gml:timePosition>2018-02-09</gml:timePosition>
</lfSpanFr>
<devDate gml:id="K18_4629311781_56-2">
<gml:timePosition>2018-09-05</gml:timePosition>
</devDate>
<orgGILvl>25000</orgGILvl>
<loc>
<gml:Curve gml:id="K18_4629311781_56-g" srsName="fguuid:jgd2011.bl">
<gml:segments>
<gml:LineStringSegment>
<gml:posList>
32.727676758 128.600000000
32.727641754 128.599925528
32.727647309 128.599898861
32.727681198 128.599878861
32.727715087 128.599865527
32.727777031 128.599992194
</gml:posList>
</gml:LineStringSegment>
</gml:segments>
</gml:Curve>
</loc>
<type>普通建物</type>
</BldL>
<BldL gml:id="K18_4629311781_57">
<fid>46293-11781-s-959</fid>
<lfSpanFr gml:id="K18_4629311781_57-1">
<gml:timePosition>2018-02-09</gml:timePosition>
</lfSpanFr>
<devDate gml:id="K18_4629311781_57-2">
<gml:timePosition>2018-09-05</gml:timePosition>
</devDate>
<orgGILvl>25000</orgGILvl>
<loc>
<gml:Curve gml:id="K18_4629311781_57-g" srsName="fguuid:jgd2011.bl">
<gml:segments>
<gml:LineStringSegment>
<gml:posList>
32.728036944 128.599980278
32.728003611 128.600000000
</gml:posList>
</gml:LineStringSegment>
</gml:segments>
</gml:Curve>
</loc>
<type>普通建物</type>
</BldL>
<BldL gml:id="K18_4629311781_58">
<fid>46293-11781-s-960</fid>
<lfSpanFr gml:id="K18_4629311781_58-1">
<gml:timePosition>2018-02-09</gml:timePosition>
</lfSpanFr>
<devDate gml:id="K18_4629311781_58-2">
<gml:timePosition>2018-09-05</gml:timePosition>
</devDate>
<orgGILvl>25000</orgGILvl>
<loc>
<gml:Curve gml:id="K18_4629311781_58-g" srsName="fguuid:jgd2011.bl">
<gml:segments>
<gml:LineStringSegment>
<gml:posList>
32.727948278 128.600000000
32.727907222 128.599886944
32.727986111 128.599846944
32.728036944 128.599980278
</gml:posList>
</gml:LineStringSegment>
</gml:segments>
</gml:Curve>
</loc>
<type>普通建物</type>
</BldL>
<BldL gml:id="K18_4629311781_59">
<fid>46293-11781-s-961</fid>
<lfSpanFr gml:id="K18_4629311781_59-1">
<gml:timePosition>2018-02-09</gml:timePosition>
</lfSpanFr>
<devDate gml:id="K18_4629311781_59-2">
<gml:timePosition>2018-09-05</gml:timePosition>
</devDate>
<orgGILvl>25000</orgGILvl>
<loc>
<gml:Curve gml:id="K18_4629311781_59-g" srsName="fguuid:jgd2011.bl">
<gml:segments>
<gml:LineStringSegment>
<gml:posList>
32.727630833 128.599986944
32.727629472 128.600000000
</gml:posList>
</gml:LineStringSegment>
</gml:segments>
</gml:Curve>
</loc>
<type>普通建物</type>
</BldL>
<BldL gml:id="K18_4629311781_60">
<fid>46293-11781-s-962</fid>
<lfSpanFr gml:id="K18_4629311781_60-1">
<gml:timePosition>2018-02-09</gml:timePosition>
</lfSpanFr>
<devDate gml:id="K18_4629311781_60-2">
<gml:timePosition>2018-09-05</gml:timePosition>
</devDate>
<orgGILvl>25000</orgGILvl>
<loc>
<gml:Curve gml:id="K18_4629311781_60-g" srsName="fguuid:jgd2011.bl">
<gml:segments>
<gml:LineStringSegment>
<gml:posList>
32.727545361 128.600000000
32.727585833 128.599993611
32.727630833 128.599986944
</gml:posList>
</gml:LineStringSegment>
</gml:segments>
</gml:Curve>
</loc>
<type>普通建物</type>
</BldL>
<BldL gml:id="K18_4629311781_61">
<fid>46293-11781-s-963</fid>
<lfSpanFr gml:id="K18_4629311781_61-1">
<gml:timePosition>2018-02-09</gml:timePosition>
</lfSpanFr>
<devDate gml:id="K18_4629311781_61-2">
<gml:timePosition>2018-09-05</gml:timePosition>
</devDate>
<orgGILvl>25000</orgGILvl>
<loc>
<gml:Curve gml:id="K18_4629311781_61-g" srsName="fguuid:jgd2011.bl">
<gml:segments>
<gml:LineStringSegment>
<gml:posList>
32.726903611 128.599993611
32.726902944 128.600000000
</gml:posList>
</gml:LineStringSegment>
</gml:segments>
</gml:Curve>
</loc>
<type>普通建物</type>
</BldL>
<BldL gml:id="K18_4629311781_62">
<fid>46293-11781-s-964</fid>
<lfSpanFr gml:id="K18_4629311781_62-1">
<gml:timePosition>2018-02-09</gml:timePosition>
</lfSpanFr>
<devDate gml:id="K18_4629311781_62-2">
<gml:timePosition>2018-09-05</gml:timePosition>
</devDate>
<orgGILvl>25000</orgGILvl>
<loc>
<gml:Curve gml:id="K18_4629311781_62-g" srsName="fguuid:jgd2011.bl">
<gml:segments>
<gml:LineStringSegment>
<gml:posList>
32.726807778 128.600000000
32.726807778 128.599953611
32.726898056 128.599953611
32.726903611 128.599993611
</gml:posList>
</gml:LineStringSegment>
</gml:segments>
</gml:Curve>
</loc>
<type>普通建物</type>
</BldL>
<BldL gml:id="K18_4629311781_63">
<fid>46293-11781-s-965</fid>
<lfSpanFr gml:id="K18_4629311781_63-1">
<gml:timePosition>2018-02-09</gml:timePosition>
</lfSpanFr>
<devDate gml:id="K18_4629311781_63-2">
<gml:timePosition>2018-09-05</gml:timePosition>
</devDate>
<orgGILvl>25000</orgGILvl>
<loc>
<gml:Curve gml:id="K18_4629311781_63-g" srsName="fguuid:jgd2011.bl">
<gml:segments>
<gml:LineStringSegment>
<gml:posList>
32.726989417 128.600000000
32.727044722 128.599986944
32.727047694 128.600000000
</gml:posList>
</gml:LineStringSegment>
</gml:segments>
</gml:Curve>
</loc>
<type>普通建物</type>
</BldL>
<BldL gml:id="K18_4629311781_64">
<fid>46293-11781-s-1226</fid>
<lfSpanFr gml:id="K18_4629311781_64-1">
<gml:timePosition>2018-02-09</gml:timePosition>
</lfSpanFr>
<devDate gml:id="K18_4629311781_64-2">
<gml:timePosition>2018-09-05</gml:timePosition>
</devDate>
<orgGILvl>25000</orgGILvl>
<loc>
<gml:Curve gml:id="K18_4629311781_64-g" srsName="fguuid:jgd2011.bl">
<gml:segments>
<gml:LineStringSegment>
<gml:posList>
32.730072163 128.594112092
32.730043587 128.594026178
32.730092029 128.594003604
32.730120694 128.594089517
32.730072163 128.594112092
</gml:posList>
</gml:LineStringSegment>
</gml:segments>
</gml:Curve>
</loc>
<type>普通建物</type>
</BldL>
<BldL gml:id="K18_4629311781_65">
<fid>46293-11781-s-1227</fid>
<lfSpanFr gml:id="K18_4629311781_65-1">
<gml:timePosition>2018-02-09</gml:timePosition>
</lfSpanFr>
<devDate gml:id="K18_4629311781_65-2">
<gml:timePosition>2018-09-05</gml:timePosition>
</devDate>
<orgGILvl>25000</orgGILvl>
<loc>
<gml:Curve gml:id="K18_4629311781_65-g" srsName="fguuid:jgd2011.bl">
<gml:segments>
<gml:LineStringSegment>
<gml:posList>
32.726204331 128.597938217
32.726458008 128.598077657
32.726501519 128.598121812
32.726569988 128.598250636
32.726477601 128.598319416
32.726411052 128.598194200
32.726158281 128.598055178
32.726204331 128.597938217
</gml:posList>
</gml:LineStringSegment>
</gml:segments>
</gml:Curve>
</loc>
<type>普通建物</type>
</BldL>
<BldL gml:id="K18_4629311781_66">
<fid>46293-11781-s-1228</fid>
<lfSpanFr gml:id="K18_4629311781_66-1">
<gml:timePosition>2018-02-09</gml:timePosition>
</lfSpanFr>
<devDate gml:id="K18_4629311781_66-2">
<gml:timePosition>2018-09-05</gml:timePosition>
</devDate>
<orgGILvl>25000</orgGILvl>
<loc>
<gml:Curve gml:id="K18_4629311781_66-g" srsName="fguuid:jgd2011.bl">
<gml:segments>
<gml:LineStringSegment>
<gml:posList>
32.726417768 128.598312977
32.726221309 128.598468257
32.726139471 128.598323459
32.726335839 128.598168180
32.726417768 128.598312977
</gml:posList>
</gml:LineStringSegment>
</gml:segments>
</gml:Curve>
</loc>
<type>普通建物</type>
</BldL>
<BldL gml:id="K18_4629311781_67">
<fid>46293-11781-s-1229</fid>
<lfSpanFr gml:id="K18_4629311781_67-1">
<gml:timePosition>2018-02-09</gml:timePosition>
</lfSpanFr>
<devDate gml:id="K18_4629311781_67-2">
<gml:timePosition>2018-09-05</gml:timePosition>
</devDate>
<orgGILvl>25000</orgGILvl>
<loc>
<gml:Curve gml:id="K18_4629311781_67-g" srsName="fguuid:jgd2011.bl">
<gml:segments>
<gml:LineStringSegment>
<gml:posList>
32.726732559 128.598348748
32.726335072 128.598663408
32.726284197 128.598573453
32.726681684 128.598258792
32.726732559 128.598348748
</gml:posList>
</gml:LineStringSegment>
</gml:segments>
</gml:Curve>
</loc>
<type>普通建物</type>
</BldL>
<BldL gml:id="K18_4629311781_68">
<fid>46293-11781-s-1230</fid>
<lfSpanFr gml:id="K18_4629311781_68-1">
<gml:timePosition>2018-02-09</gml:timePosition>
</lfSpanFr>
<devDate gml:id="K18_4629311781_68-2">
<gml:timePosition>2018-09-05</gml:timePosition>
</devDate>
<orgGILvl>25000</orgGILvl>
<loc>
<gml:Curve gml:id="K18_4629311781_68-g" srsName="fguuid:jgd2011.bl">
<gml:segments>
<gml:LineStringSegment>
<gml:posList>
32.725642329 128.598812372
32.725668169 128.598994964
32.725615851 128.599005305
32.725590011 128.598822713
32.725642329 128.598812372
</gml:posList>
</gml:LineStringSegment>
</gml:segments>
</gml:Curve>
</loc>
<type>普通建物</type>
</BldL>
<BldL gml:id="K18_4629311781_69">
<fid>46293-11781-s-1231</fid>
<lfSpanFr gml:id="K18_4629311781_69-1">
<gml:timePosition>2018-02-09</gml:timePosition>
</lfSpanFr>
<devDate gml:id="K18_4629311781_69-2">
<gml:timePosition>2018-09-05</gml:timePosition>
</devDate>
<orgGILvl>25000</orgGILvl>
<loc>
<gml:Curve gml:id="K18_4629311781_69-g" srsName="fguuid:jgd2011.bl">
<gml:segments>
<gml:LineStringSegment>
<gml:posList>
32.727319946 128.599763861
32.727297136 128.599626361
32.727368617 128.599609854
32.727391427 128.599747353
32.727319946 128.599763861
</gml:posList>
</gml:LineStringSegment>
</gml:segments>
</gml:Curve>
</loc>
<type>普通建物</type>
</BldL>
<BldL gml:id="K18_4629311781_70">
<fid>46293-11781-s-1232</fid>
<lfSpanFr gml:id="K18_4629311781_70-1">
<gml:timePosition>2018-02-09</gml:timePosition>
</lfSpanFr>
<devDate gml:id="K18_4629311781_70-2">
<gml:timePosition>2018-09-05</gml:timePosition>
</devDate>
<orgGILvl>25000</orgGILvl>
<loc>
<gml:Curve gml:id="K18_4629311781_70-g" srsName="fguuid:jgd2011.bl">
<gml:segments>
<gml:LineStringSegment>
<gml:posList>
32.726828881 128.597298017
32.726956835 128.597259708
32.726978016 128.597358390
32.726849972 128.597396806
32.726828881 128.597298017
</gml:posList>
</gml:LineStringSegment>
</gml:segments>
</gml:Curve>
</loc>
<type>普通建物</type>
</BldL>
<BldL gml:id="K18_4629311781_71">
<fid>46293-11781-s-1233</fid>
<lfSpanFr gml:id="K18_4629311781_71-1">
<gml:timePosition>2018-02-09</gml:timePosition>
</lfSpanFr>
<devDate gml:id="K18_4629311781_71-2">
<gml:timePosition>2018-09-05</gml:timePosition>
</devDate>
<orgGILvl>25000</orgGILvl>
<loc>
<gml:Curve gml:id="K18_4629311781_71-g" srsName="fguuid:jgd2011.bl">
<gml:segments>
<gml:LineStringSegment>
<gml:posList>
32.727585875 128.598358508
32.727636277 128.598495623
32.727589289 128.598519779
32.727563536 128.598449734
32.727523376 128.598470408
32.727498727 128.598403338
32.727585875 128.598358508
</gml:posList>
</gml:LineStringSegment>
</gml:segments>
</gml:Curve>
</loc>
<type>普通建物</type>
</BldL>
<BldL gml:id="K18_4629311781_72">
<fid>46293-11781-s-1234</fid>
<lfSpanFr gml:id="K18_4629311781_72-1">
<gml:timePosition>2018-02-09</gml:timePosition>
</lfSpanFr>
<devDate gml:id="K18_4629311781_72-2">
<gml:timePosition>2018-09-05</gml:timePosition>
</devDate>
<orgGILvl>25000</orgGILvl>
<loc>
<gml:Curve gml:id="K18_4629311781_72-g" srsName="fguuid:jgd2011.bl">
<gml:segments>
<gml:LineStringSegment>
<gml:posList>
32.729072024 128.598415560
32.728985933 128.598557145
32.728918519 128.598499679
32.729004610 128.598358095
32.729072024 128.598415560
</gml:posList>
</gml:LineStringSegment>
</gml:segments>
</gml:Curve>
</loc>
<type>普通建物</type>
</BldL>
<BldL gml:id="K18_4629311781_73">
<fid>46293-11781-s-1235</fid>
<lfSpanFr gml:id="K18_4629311781_73-1">
<gml:timePosition>2018-02-09</gml:timePosition>
</lfSpanFr>
<devDate gml:id="K18_4629311781_73-2">
<gml:timePosition>2018-09-05</gml:timePosition>
</devDate>
<orgGILvl>25000</orgGILvl>
<loc>
<gml:Curve gml:id="K18_4629311781_73-g" srsName="fguuid:jgd2011.bl">
<gml:segments>
<gml:LineStringSegment>
<gml:posList>
32.729640957 128.597953428
32.729630012 128.598074094
32.729551036 128.598064114
32.729562651 128.597936294
32.729529435 128.597932041
32.729534115 128.597880571
32.729662282 128.597896883
32.729657023 128.597955507
32.729640957 128.597953428
</gml:posList>
</gml:LineStringSegment>
</gml:segments>
</gml:Curve>
</loc>
<type>普通建物</type>
</BldL>
<BldL gml:id="K18_4629311781_74">
<fid>46293-11781-s-1236</fid>
<lfSpanFr gml:id="K18_4629311781_74-1">
<gml:timePosition>2018-02-09</gml:timePosition>
</lfSpanFr>
<devDate gml:id="K18_4629311781_74-2">
<gml:timePosition>2018-09-05</gml:timePosition>
</devDate>
<orgGILvl>25000</orgGILvl>
<loc>
<gml:Curve gml:id="K18_4629311781_74-g" srsName="fguuid:jgd2011.bl">
<gml:segments>
<gml:LineStringSegment>
<gml:posList>
32.729983343 128.595523816
32.729915402 128.595468599
32.729947466 128.595413224
32.730015497 128.595468441
32.729983343 128.595523816
</gml:posList>
</gml:LineStringSegment>
</gml:segments>
</gml:Curve>
</loc>
<type>普通建物</type>
</BldL>
<BldL gml:id="K18_4629311781_75">
<fid>46293-11781-s-1237</fid>
<lfSpanFr gml:id="K18_4629311781_75-1">
<gml:timePosition>2018-02-09</gml:timePosition>
</lfSpanFr>
<devDate gml:id="K18_4629311781_75-2">
<gml:timePosition>2018-09-05</gml:timePosition>
</devDate>
<orgGILvl>25000</orgGILvl>
<loc>
<gml:Curve gml:id="K18_4629311781_75-g" srsName="fguuid:jgd2011.bl">
<gml:segments>
<gml:LineStringSegment>
<gml:posList>
32.730355931 128.596897065
32.730289264 128.596905846
32.730284381 128.596853938
32.730351048 128.596845158
32.730355931 128.596897065
</gml:posList>
</gml:LineStringSegment>
</gml:segments>
</gml:Curve>
</loc>
<type>普通建物</type>
</BldL>
<BldL gml:id="K18_4629311781_76">
<fid>46293-11781-s-1238</fid>
<lfSpanFr gml:id="K18_4629311781_76-1">
<gml:timePosition>2018-02-09</gml:timePosition>
</lfSpanFr>
<devDate gml:id="K18_4629311781_76-2">
<gml:timePosition>2018-09-05</gml:timePosition>
</devDate>
<orgGILvl>25000</orgGILvl>
<loc>
<gml:Curve gml:id="K18_4629311781_76-g" srsName="fguuid:jgd2011.bl">
<gml:segments>
<gml:LineStringSegment>
<gml:posList>
32.729772702 128.599345321
32.729866593 128.599234916
32.729922803 128.599301884
32.729828912 128.599412288
32.729772702 128.599345321
</gml:posList>
</gml:LineStringSegment>
</gml:segments>
</gml:Curve>
</loc>
<type>普通建物</type>
</BldL>
<BldL gml:id="K18_4629311781_77">
<fid>46293-11781-s-1239</fid>
<lfSpanFr gml:id="K18_4629311781_77-1">
<gml:timePosition>2018-02-09</gml:timePosition>
</lfSpanFr>
<devDate gml:id="K18_4629311781_77-2">
<gml:timePosition>2018-09-05</gml:timePosition>
</devDate>
<orgGILvl>25000</orgGILvl>
<loc>
<gml:Curve gml:id="K18_4629311781_77-g" srsName="fguuid:jgd2011.bl">
<gml:segments>
<gml:LineStringSegment>
<gml:posList>
32.730226186 128.599858620
32.730196282 128.599725241
32.730274289 128.599700773
32.730282116 128.599736008
32.730312528 128.599726527
32.730334514 128.599824671
32.730226186 128.599858620
</gml:posList>
</gml:LineStringSegment>
</gml:segments>
</gml:Curve>
</loc>
<type>普通建物</type>
</BldL>
<BldL gml:id="K18_4629311781_78">
<fid>46293-11781-s-1240</fid>
<lfSpanFr gml:id="K18_4629311781_78-1">
<gml:timePosition>2018-02-09</gml:timePosition>
</lfSpanFr>
<devDate gml:id="K18_4629311781_78-2">
<gml:timePosition>2018-09-05</gml:timePosition>
</devDate>
<orgGILvl>25000</orgGILvl>
<loc>
<gml:Curve gml:id="K18_4629311781_78-g" srsName="fguuid:jgd2011.bl">
<gml:segments>
<gml:LineStringSegment>
<gml:posList>
32.729710725 128.598128819
32.729723247 128.598180052
32.729740542 128.598174135
32.729758519 128.598247686
32.729726450 128.598258656
32.729740394 128.598315706
32.729684286 128.598334900
32.729657872 128.598226827
32.729621548 128.598239254
32.729603520 128.598165494
32.729710725 128.598128819
</gml:posList>
</gml:LineStringSegment>
</gml:segments>
</gml:Curve>
</loc>
<type>普通建物</type>
</BldL>
<BldL gml:id="K18_4629611781_1">
<fid>46296-11781-s-835</fid>
<lfSpanFr gml:id="K18_4629611781_1-1">
<gml:timePosition>2018-02-09</gml:timePosition>
</lfSpanFr>
<devDate gml:id="K18_4629611781_1-2">
<gml:timePosition>2018-09-05</gml:timePosition>
</devDate>
<orgGILvl>25000</orgGILvl>
<loc>
<gml:Curve gml:id="K18_4629611781_1-g" srsName="fguuid:jgd2011.bl">
<gml:segments>
<gml:LineStringSegment>
<gml:posList>
32.727714281 128.600038583
32.727698143 128.600045527
32.727694892 128.600038583
</gml:posList>
</gml:LineStringSegment>
</gml:segments>
</gml:Curve>
</loc>
<type>普通建物</type>
</BldL>
<BldL gml:id="K18_4629611781_2">
<fid>46296-11781-s-836</fid>
<lfSpanFr gml:id="K18_4629611781_2-1">
<gml:timePosition>2018-02-09</gml:timePosition>
</lfSpanFr>
<devDate gml:id="K18_4629611781_2-2">
<gml:timePosition>2018-09-05</gml:timePosition>
</devDate>
<orgGILvl>25000</orgGILvl>
<loc>
<gml:Curve gml:id="K18_4629611781_2-g" srsName="fguuid:jgd2011.bl">
<gml:segments>
<gml:LineStringSegment>
<gml:posList>
32.728003611 128.600000000
32.727958056 128.600026944
32.727948278 128.600000000
</gml:posList>
</gml:LineStringSegment>
</gml:segments>
</gml:Curve>
</loc>
<type>普通建物</type>
</BldL>
<BldL gml:id="K18_4629611781_3">
<fid>46296-11781-s-837</fid>
<lfSpanFr gml:id="K18_4629611781_3-1">
<gml:timePosition>2018-02-09</gml:timePosition>
</lfSpanFr>
<devDate gml:id="K18_4629611781_3-2">
<gml:timePosition>2018-09-05</gml:timePosition>
</devDate>
<orgGILvl>25000</orgGILvl>
<loc>
<gml:Curve gml:id="K18_4629611781_3-g" srsName="fguuid:jgd2011.bl">
<gml:segments>
<gml:LineStringSegment>
<gml:posList>
32.727629472 128.600000000
32.727619722 128.600093611
32.727506944 128.600106944
32.727501389 128.600006944
32.727545361 128.600000000
</gml:posList>
</gml:LineStringSegment>
</gml:segments>
</gml:Curve>
</loc>
<type>普通建物</type>
</BldL>
<BldL gml:id="K18_4629611781_4">
<fid>46296-11781-s-838</fid>
<lfSpanFr gml:id="K18_4629611781_4-1">
<gml:timePosition>2018-02-09</gml:timePosition>
</lfSpanFr>
<devDate gml:id="K18_4629611781_4-2">
<gml:timePosition>2018-09-05</gml:timePosition>
</devDate>
<orgGILvl>25000</orgGILvl>
<loc>
<gml:Curve gml:id="K18_4629611781_4-g" srsName="fguuid:jgd2011.bl">
<gml:segments>
<gml:LineStringSegment>
<gml:posList>
32.726902944 128.600000000
32.726898056 128.600046944
32.726807778 128.600060278
32.726807778 128.600000000
</gml:posList>
</gml:LineStringSegment>
</gml:segments>
</gml:Curve>
</loc>
<type>普通建物</type>
</BldL>
<BldL gml:id="K18_4629611781_5">
<fid>46296-11781-s-839</fid>
<lfSpanFr gml:id="K18_4629611781_5-1">
<gml:timePosition>2018-02-09</gml:timePosition>
</lfSpanFr>
<devDate gml:id="K18_4629611781_5-2">
<gml:timePosition>2018-09-05</gml:timePosition>
</devDate>
<orgGILvl>25000</orgGILvl>
<loc>
<gml:Curve gml:id="K18_4629611781_5-g" srsName="fguuid:jgd2011.bl">
<gml:segments>
<gml:LineStringSegment>
<gml:posList>
32.727416667 128.600046944
32.727405556 128.600146944
32.727309722 128.600153611
32.727298333 128.600060278
32.727343333 128.600046944
32.727416667 128.600046944
</gml:posList>
</gml:LineStringSegment>
</gml:segments>
</gml:Curve>
</loc>
<type>普通建物</type>
</BldL>
<BldL gml:id="K18_4629611781_6">
<fid>46296-11781-s-840</fid>
<lfSpanFr gml:id="K18_4629611781_6-1">
<gml:timePosition>2018-02-09</gml:timePosition>
</lfSpanFr>
<devDate gml:id="K18_4629611781_6-2">
<gml:timePosition>2018-09-05</gml:timePosition>
</devDate>
<orgGILvl>25000</orgGILvl>
<loc>
<gml:Curve gml:id="K18_4629611781_6-g" srsName="fguuid:jgd2011.bl">
<gml:segments>
<gml:LineStringSegment>
<gml:posList>
32.727061389 128.600060278
32.727055833 128.600113611
32.726976944 128.600120278
32.726960000 128.600006944
32.726989417 128.600000000
</gml:posList>
</gml:LineStringSegment>
</gml:segments>
</gml:Curve>
</loc>
<type>普通建物</type>
</BldL>
<BldL gml:id="K18_4629611781_7">
<fid>46296-11781-s-841</fid>
<lfSpanFr gml:id="K18_4629611781_7-1">
<gml:timePosition>2018-02-09</gml:timePosition>
</lfSpanFr>
<devDate gml:id="K18_4629611781_7-2">
<gml:timePosition>2018-09-05</gml:timePosition>
</devDate>
<orgGILvl>25000</orgGILvl>
<loc>
<gml:Curve gml:id="K18_4629611781_7-g" srsName="fguuid:jgd2011.bl">
<gml:segments>
<gml:LineStringSegment>
<gml:posList>
32.727047694 128.600000000
32.727061389 128.600060278
</gml:posList>
</gml:LineStringSegment>
</gml:segments>
</gml:Curve>
</loc>
<type>普通建物</type>
</BldL>
<BldL gml:id="K18_4629611781_8">
<fid>46296-11781-s-842</fid>
<lfSpanFr gml:id="K18_4629611781_8-1">
<gml:timePosition>2018-02-09</gml:timePosition>
</lfSpanFr>
<devDate gml:id="K18_4629611781_8-2">
<gml:timePosition>2018-09-05</gml:timePosition>
</devDate>
<orgGILvl>25000</orgGILvl>
<loc>
<gml:Curve gml:id="K18_4629611781_8-g" srsName="fguuid:jgd2011.bl">
<gml:segments>
<gml:LineStringSegment>
<gml:posList>
32.726655556 128.600166944
32.726638611 128.600193611
32.726576667 128.600220278
32.726531389 128.600073611
32.726616111 128.600040278
32.726655556 128.600166944
</gml:posList>
</gml:LineStringSegment>
</gml:segments>
</gml:Curve>
</loc>
<type>普通建物</type>
</BldL>
<BldL gml:id="K18_4629611781_9">
<fid>46296-11781-s-843</fid>
<lfSpanFr gml:id="K18_4629611781_9-1">
<gml:timePosition>2018-02-09</gml:timePosition>
</lfSpanFr>
<devDate gml:id="K18_4629611781_9-2">
<gml:timePosition>2018-09-05</gml:timePosition>
</devDate>
<orgGILvl>25000</orgGILvl>
<loc>
<gml:Curve gml:id="K18_4629611781_9-g" srsName="fguuid:jgd2011.bl">
<gml:segments>
<gml:LineStringSegment>
<gml:posList>
32.727230556 128.600173611
32.727219444 128.600206944
32.727174167 128.600226944
32.727146111 128.600220278
32.727129167 128.600113611
32.727208056 128.600086944
32.727230556 128.600173611
</gml:posList>
</gml:LineStringSegment>
</gml:segments>
</gml:Curve>
</loc>
<type>普通建物</type>
</BldL>
<BldL gml:id="K18_4629611781_10">
<fid>46296-11781-s-844</fid>
<lfSpanFr gml:id="K18_4629611781_10-1">
<gml:timePosition>2018-02-09</gml:timePosition>
</lfSpanFr>
<devDate gml:id="K18_4629611781_10-2">
<gml:timePosition>2018-09-05</gml:timePosition>
</devDate>
<orgGILvl>25000</orgGILvl>
<loc>
<gml:Curve gml:id="K18_4629611781_10-g" srsName="fguuid:jgd2011.bl">
<gml:segments>
<gml:LineStringSegment>
<gml:posList>
32.728653099 128.600236045
32.728309210 128.600296045
32.728292266 128.600202712
32.728636154 128.600142712
32.728653099 128.600236045
</gml:posList>
</gml:LineStringSegment>
</gml:segments>
</gml:Curve>
</loc>
<type>普通建物</type>
</BldL>
<BldL gml:id="K18_4629611781_11">
<fid>46296-11781-s-845</fid>
<lfSpanFr gml:id="K18_4629611781_11-1">
<gml:timePosition>2018-02-09</gml:timePosition>
</lfSpanFr>
<devDate gml:id="K18_4629611781_11-2">
<gml:timePosition>2018-09-05</gml:timePosition>
</devDate>
<orgGILvl>25000</orgGILvl>
<loc>
<gml:Curve gml:id="K18_4629611781_11-g" srsName="fguuid:jgd2011.bl">
<gml:segments>
<gml:LineStringSegment>
<gml:posList>
32.726514722 128.600220278
32.726497778 128.600246944
32.726435556 128.600273611
32.726390556 128.600126944
32.726475000 128.600093611
32.726514722 128.600220278
</gml:posList>
</gml:LineStringSegment>
</gml:segments>
</gml:Curve>
</loc>
<type>普通建物</type>
</BldL>
<BldL gml:id="K18_4629611781_12">
<fid>46296-11781-s-846</fid>
<lfSpanFr gml:id="K18_4629611781_12-1">
<gml:timePosition>2018-02-09</gml:timePosition>
</lfSpanFr>
<devDate gml:id="K18_4629611781_12-2">
<gml:timePosition>2018-09-05</gml:timePosition>
</devDate>
<orgGILvl>25000</orgGILvl>
<loc>
<gml:Curve gml:id="K18_4629611781_12-g" srsName="fguuid:jgd2011.bl">
<gml:segments>
<gml:LineStringSegment>
<gml:posList>
32.729593056 128.600249444
32.729565000 128.600316111
32.729548056 128.600336111
32.729480278 128.600296111
32.729446389 128.600322778
32.729406944 128.600296111
32.729378889 128.600282778
32.729418333 128.600169444
32.729435278 128.600149444
32.729581667 128.600242778
32.729593056 128.600249444
</gml:posList>
</gml:LineStringSegment>
</gml:segments>
</gml:Curve>
</loc>
<type>普通建物</type>
</BldL>
<BldL gml:id="K18_4629611781_13">
<fid>46296-11781-s-847</fid>
<lfSpanFr gml:id="K18_4629611781_13-1">
<gml:timePosition>2018-02-09</gml:timePosition>
</lfSpanFr>
<devDate gml:id="K18_4629611781_13-2">
<gml:timePosition>2018-09-05</gml:timePosition>
</devDate>
<orgGILvl>25000</orgGILvl>
<loc>
<gml:Curve gml:id="K18_4629611781_13-g" srsName="fguuid:jgd2011.bl">
<gml:segments>
<gml:LineStringSegment>
<gml:posList>
32.726362500 128.600293611
32.726345556 128.600320278
32.726283333 128.600346944
32.726238333 128.600200278
32.726322778 128.600166944
32.726362500 128.600293611
</gml:posList>
</gml:LineStringSegment>
</gml:segments>
</gml:Curve>
</loc>
<type>普通建物</type>
</BldL>
<BldL gml:id="K18_4629611781_14">
<fid>46296-11781-s-848</fid>
<lfSpanFr gml:id="K18_4629611781_14-1">
<gml:timePosition>2018-02-09</gml:timePosition>
</lfSpanFr>
<devDate gml:id="K18_4629611781_14-2">
<gml:timePosition>2018-09-05</gml:timePosition>
</devDate>
<orgGILvl>25000</orgGILvl>
<loc>
<gml:Curve gml:id="K18_4629611781_14-g" srsName="fguuid:jgd2011.bl">
<gml:segments>
<gml:LineStringSegment>
<gml:posList>
32.728529210 128.600416045
32.728500877 128.600442712
32.728410599 128.600489379
32.728376988 128.600402712
32.728489766 128.600336045
32.728529210 128.600416045
</gml:posList>
</gml:LineStringSegment>
</gml:segments>
</gml:Curve>
</loc>
<type>普通建物</type>
</BldL>
<BldL gml:id="K18_4629611781_15">
<fid>46296-11781-s-849</fid>
<lfSpanFr gml:id="K18_4629611781_15-1">
<gml:timePosition>2018-02-09</gml:timePosition>
</lfSpanFr>
<devDate gml:id="K18_4629611781_15-2">
<gml:timePosition>2018-09-05</gml:timePosition>
</devDate>
<orgGILvl>25000</orgGILvl>
<loc>
<gml:Curve gml:id="K18_4629611781_15-g" srsName="fguuid:jgd2011.bl">
<gml:segments>
<gml:LineStringSegment>
<gml:posList>
32.729703889 128.600407778
32.729681389 128.600454444
32.729647500 128.600487778
32.729568611 128.600407778
32.729574167 128.600381111
32.729625000 128.600321111
32.729681389 128.600381111
32.729703889 128.600407778
</gml:posList>
</gml:LineStringSegment>
</gml:segments>
</gml:Curve>
</loc>
<type>普通建物</type>
</BldL>
<BldL gml:id="K18_4629611781_16">
<fid>46296-11781-s-850</fid>
<lfSpanFr gml:id="K18_4629611781_16-1">
<gml:timePosition>2018-02-09</gml:timePosition>
</lfSpanFr>
<devDate gml:id="K18_4629611781_16-2">
<gml:timePosition>2018-09-05</gml:timePosition>
</devDate>
<orgGILvl>25000</orgGILvl>
<loc>
<gml:Curve gml:id="K18_4629611781_16-g" srsName="fguuid:jgd2011.bl">
<gml:segments>
<gml:LineStringSegment>
<gml:posList>
32.729783333 128.600601944
32.729721389 128.600668611
32.729636667 128.600581944
32.729681944 128.600515278
32.729704444 128.600515278
32.729783333 128.600601944
</gml:posList>
</gml:LineStringSegment>
</gml:segments>
</gml:Curve>
</loc>
<type>普通建物</type>
</BldL>
<BldL gml:id="K18_4629611781_17">
<fid>46296-11781-s-851</fid>
<lfSpanFr gml:id="K18_4629611781_17-1">
<gml:timePosition>2018-02-09</gml:timePosition>
</lfSpanFr>
<devDate gml:id="K18_4629611781_17-2">
<gml:timePosition>2018-09-05</gml:timePosition>
</devDate>
<orgGILvl>25000</orgGILvl>
<loc>
<gml:Curve gml:id="K18_4629611781_17-g" srsName="fguuid:jgd2011.bl">
<gml:segments>
<gml:LineStringSegment>
<gml:posList>
32.725212500 128.600640278
32.725195556 128.600673611
32.725144722 128.600706944
32.725077222 128.600580278
32.725127778 128.600540278
32.725150556 128.600526944
32.725212500 128.600640278
</gml:posList>
</gml:LineStringSegment>
</gml:segments>
</gml:Curve>
</loc>
<type>普通建物</type>
</BldL>
<BldL gml:id="K18_4629611781_18">
<fid>46296-11781-s-852</fid>
<lfSpanFr gml:id="K18_4629611781_18-1">
<gml:timePosition>2018-02-09</gml:timePosition>
</lfSpanFr>
<devDate gml:id="K18_4629611781_18-2">
<gml:timePosition>2018-09-05</gml:timePosition>
</devDate>
<orgGILvl>25000</orgGILvl>
<loc>
<gml:Curve gml:id="K18_4629611781_18-g" srsName="fguuid:jgd2011.bl">
<gml:segments>
<gml:LineStringSegment>
<gml:posList>
32.730293889 128.600821111
32.730237500 128.600901111
32.730192500 128.600861111
32.730141667 128.600807778
32.730164167 128.600774444
32.730198056 128.600734444
32.730220556 128.600741111
32.730293889 128.600821111
</gml:posList>
</gml:LineStringSegment>
</gml:segments>
</gml:Curve>
</loc>
<type>普通建物</type>
</BldL>
<BldL gml:id="K18_4629611781_19">
<fid>46296-11781-s-853</fid>
<lfSpanFr gml:id="K18_4629611781_19-1">
<gml:timePosition>2018-02-09</gml:timePosition>
</lfSpanFr>
<devDate gml:id="K18_4629611781_19-2">
<gml:timePosition>2018-09-05</gml:timePosition>
</devDate>
<orgGILvl>25000</orgGILvl>
<loc>
<gml:Curve gml:id="K18_4629611781_19-g" srsName="fguuid:jgd2011.bl">
<gml:segments>
<gml:LineStringSegment>
<gml:posList>
32.730014444 128.600849167
32.729969444 128.600909167
32.729958056 128.600922500
32.729896111 128.600849167
32.729896111 128.600802500
32.729918611 128.600789167
32.729946944 128.600762500
32.729969444 128.600775833
32.729975000 128.600795833
32.730014444 128.600849167
</gml:posList>
</gml:LineStringSegment>
</gml:segments>
</gml:Curve>
</loc>
<type>普通建物</type>
</BldL>
<BldL gml:id="K18_4629611781_20">
<fid>46296-11781-s-854</fid>
<lfSpanFr gml:id="K18_4629611781_20-1">
<gml:timePosition>2018-02-09</gml:timePosition>
</lfSpanFr>
<devDate gml:id="K18_4629611781_20-2">
<gml:timePosition>2018-09-05</gml:timePosition>
</devDate>
<orgGILvl>25000</orgGILvl>
<loc>
<gml:Curve gml:id="K18_4629611781_20-g" srsName="fguuid:jgd2011.bl">
<gml:segments>
<gml:LineStringSegment>
<gml:posList>
32.730109167 128.601041667
32.730082778 128.601068056
32.730006944 128.600965833
32.730047778 128.600933333
32.730113889 128.601017500
32.730109167 128.601041667
</gml:posList>
</gml:LineStringSegment>
</gml:segments>
</gml:Curve>
</loc>
<type>普通建物</type>
</BldL>
<BldL gml:id="K18_4629611781_21">
<fid>46296-11781-s-855</fid>
<lfSpanFr gml:id="K18_4629611781_21-1">
<gml:timePosition>2018-02-09</gml:timePosition>
</lfSpanFr>
<devDate gml:id="K18_4629611781_21-2">
<gml:timePosition>2018-09-05</gml:timePosition>
</devDate>
<orgGILvl>25000</orgGILvl>
<loc>
<gml:Curve gml:id="K18_4629611781_21-g" srsName="fguuid:jgd2011.bl">
<gml:segments>
<gml:LineStringSegment>
<gml:posList>
32.730523333 128.601075833
32.730466944 128.601155833
32.730371111 128.601049167
32.730376667 128.601022500
32.730421944 128.600969167
32.730506389 128.601055833
32.730523333 128.601075833
</gml:posList>
</gml:LineStringSegment>
</gml:segments>
</gml:Curve>
</loc>
<type>普通建物</type>
</BldL>
<BldL gml:id="K18_4629611781_22">
<fid>46296-11781-s-856</fid>
<lfSpanFr gml:id="K18_4629611781_22-1">
<gml:timePosition>2018-02-09</gml:timePosition>
</lfSpanFr>
<devDate gml:id="K18_4629611781_22-2">
<gml:timePosition>2018-09-05</gml:timePosition>
</devDate>
<orgGILvl>25000</orgGILvl>
<loc>
<gml:Curve gml:id="K18_4629611781_22-g" srsName="fguuid:jgd2011.bl">
<gml:segments>
<gml:LineStringSegment>
<gml:posList>
32.731121111 128.601206944
32.731131389 128.601235556
32.731109722 128.601260278
32.731053333 128.601326944
32.731035833 128.601352778
32.730975556 128.601280278
32.730996944 128.601253611
32.731008333 128.601240278
32.731002778 128.601213611
32.730991389 128.601200278
32.730973889 128.601183889
32.730996944 128.601146944
32.731019444 128.601113611
32.731032778 128.601101667
32.731053333 128.601120278
32.731121111 128.601206944
</gml:posList>
</gml:LineStringSegment>
</gml:segments>
</gml:Curve>
</loc>
<type>普通建物</type>
</BldL>
<BldL gml:id="K18_4629611781_23">
<fid>46296-11781-s-857</fid>
<lfSpanFr gml:id="K18_4629611781_23-1">
<gml:timePosition>2018-02-09</gml:timePosition>
</lfSpanFr>
<devDate gml:id="K18_4629611781_23-2">
<gml:timePosition>2018-09-05</gml:timePosition>
</devDate>
<orgGILvl>25000</orgGILvl>
<loc>
<gml:Curve gml:id="K18_4629611781_23-g" srsName="fguuid:jgd2011.bl">
<gml:segments>
<gml:LineStringSegment>
<gml:posList>
32.731301389 128.601753611
32.731290278 128.601926944
32.731288333 128.601937778
32.731262222 128.601939167
32.731253611 128.601930556
32.731205278 128.601929167
32.731205556 128.601913611
32.731216944 128.601746944
32.731290278 128.601746944
32.731301389 128.601753611
</gml:posList>
</gml:LineStringSegment>
</gml:segments>
</gml:Curve>
</loc>
<type>普通建物</type>
</BldL>
<BldL gml:id="K18_4629611781_24">
<fid>46296-11781-s-858</fid>
<lfSpanFr gml:id="K18_4629611781_24-1">
<gml:timePosition>2018-02-09</gml:timePosition>
</lfSpanFr>
<devDate gml:id="K18_4629611781_24-2">
<gml:timePosition>2018-09-05</gml:timePosition>
</devDate>
<orgGILvl>25000</orgGILvl>
<loc>
<gml:Curve gml:id="K18_4629611781_24-g" srsName="fguuid:jgd2011.bl">
<gml:segments>
<gml:LineStringSegment>
<gml:posList>
32.731064722 128.602573611
32.731036389 128.602713611
32.730951944 128.602686944
32.730980000 128.602553611
32.731008333 128.602553611
32.731064722 128.602573611
</gml:posList>
</gml:LineStringSegment>
</gml:segments>
</gml:Curve>
</loc>
<type>普通建物</type>
</BldL>
<BldL gml:id="K18_4629611781_25">
<fid>46296-11781-s-859</fid>
<lfSpanFr gml:id="K18_4629611781_25-1">
<gml:timePosition>2018-02-09</gml:timePosition>
</lfSpanFr>
<devDate gml:id="K18_4629611781_25-2">
<gml:timePosition>2018-09-05</gml:timePosition>
</devDate>
<orgGILvl>25000</orgGILvl>
<loc>
<gml:Curve gml:id="K18_4629611781_25-g" srsName="fguuid:jgd2011.bl">
<gml:segments>
<gml:LineStringSegment>
<gml:posList>
32.731053333 128.602840278
32.731036389 128.602920278
32.731025278 128.602940278
32.730895556 128.602893611
32.730878611 128.602860278
32.730895556 128.602833611
32.730901111 128.602800278
32.730923611 128.602786944
32.731053333 128.602840278
</gml:posList>
</gml:LineStringSegment>
</gml:segments>
</gml:Curve>
</loc>
<type>普通建物</type>
</BldL>
<BldL gml:id="K18_4629611781_26">
<fid>46296-11781-s-860</fid>
<lfSpanFr gml:id="K18_4629611781_26-1">
<gml:timePosition>2018-02-09</gml:timePosition>
</lfSpanFr>
<devDate gml:id="K18_4629611781_26-2">
<gml:timePosition>2018-09-05</gml:timePosition>
</devDate>
<orgGILvl>25000</orgGILvl>
<loc>
<gml:Curve gml:id="K18_4629611781_26-g" srsName="fguuid:jgd2011.bl">
<gml:segments>
<gml:LineStringSegment>
<gml:posList>
32.731256389 128.602960278
32.731233889 128.603046944
32.731211389 128.603046944
32.731109722 128.602993611
32.731115278 128.602953611
32.731138056 128.602900278
32.731256389 128.602960278
</gml:posList>
</gml:LineStringSegment>
</gml:segments>
</gml:Curve>
</loc>
<type>普通建物</type>
</BldL>
<BldL gml:id="K18_4629611781_27">
<fid>46296-11781-s-861</fid>
<lfSpanFr gml:id="K18_4629611781_27-1">
<gml:timePosition>2018-02-09</gml:timePosition>
</lfSpanFr>
<devDate gml:id="K18_4629611781_27-2">
<gml:timePosition>2018-09-05</gml:timePosition>
</devDate>
<orgGILvl>25000</orgGILvl>
<loc>
<gml:Curve gml:id="K18_4629611781_27-g" srsName="fguuid:jgd2011.bl">
<gml:segments>
<gml:LineStringSegment>
<gml:posList>
32.732331944 128.605365278
32.732326111 128.605471944
32.732247222 128.605471944
32.732247222 128.605318611
32.732315000 128.605305278
32.732326111 128.605318611
32.732331944 128.605365278
</gml:posList>
</gml:LineStringSegment>
</gml:segments>
</gml:Curve>
</loc>
<type>普通建物</type>
</BldL>
<BldL gml:id="K18_4629611781_28">
<fid>46296-11781-s-862</fid>
<lfSpanFr gml:id="K18_4629611781_28-1">
<gml:timePosition>2018-02-09</gml:timePosition>
</lfSpanFr>
<devDate gml:id="K18_4629611781_28-2">
<gml:timePosition>2018-09-05</gml:timePosition>
</devDate>
<orgGILvl>25000</orgGILvl>
<loc>
<gml:Curve gml:id="K18_4629611781_28-g" srsName="fguuid:jgd2011.bl">
<gml:segments>
<gml:LineStringSegment>
<gml:posList>
32.732776944 128.605894167
32.732765556 128.605914167
32.732681111 128.605987500
32.732630278 128.605927500
32.732641389 128.605900833
32.732720556 128.605827500
32.732776944 128.605894167
</gml:posList>
</gml:LineStringSegment>
</gml:segments>
</gml:Curve>
</loc>
<type>普通建物</type>
</BldL>
<BldL gml:id="K18_4629611781_29">
<fid>46296-11781-s-863</fid>
<lfSpanFr gml:id="K18_4629611781_29-1">
<gml:timePosition>2018-02-09</gml:timePosition>
</lfSpanFr>
<devDate gml:id="K18_4629611781_29-2">
<gml:timePosition>2018-09-05</gml:timePosition>
</devDate>
<orgGILvl>25000</orgGILvl>
<loc>
<gml:Curve gml:id="K18_4629611781_29-g" srsName="fguuid:jgd2011.bl">
<gml:segments>
<gml:LineStringSegment>
<gml:posList>
32.732385278 128.606000000
32.732356944 128.606086667
32.732323056 128.606166667
32.732244167 128.606126667
32.732311944 128.605966667
32.732385278 128.606000000
</gml:posList>
</gml:LineStringSegment>
</gml:segments>
</gml:Curve>
</loc>
<type>普通建物</type>
</BldL>
<BldL gml:id="K18_4629611781_30">
<fid>46296-11781-s-864</fid>
<lfSpanFr gml:id="K18_4629611781_30-1">
<gml:timePosition>2018-02-09</gml:timePosition>
</lfSpanFr>
<devDate gml:id="K18_4629611781_30-2">
<gml:timePosition>2018-09-05</gml:timePosition>
</devDate>
<orgGILvl>25000</orgGILvl>
<loc>
<gml:Curve gml:id="K18_4629611781_30-g" srsName="fguuid:jgd2011.bl">
<gml:segments>
<gml:LineStringSegment>
<gml:posList>
32.732836111 128.606043889
32.732819167 128.606077222
32.732728889 128.606157222
32.732689444 128.606123889
32.732672500 128.606097222
32.732678056 128.606070556
32.732762778 128.605990556
32.732779722 128.605977222
32.732836111 128.606043889
</gml:posList>
</gml:LineStringSegment>
</gml:segments>
</gml:Curve>
</loc>
<type>普通建物</type>
</BldL>
<BldL gml:id="K18_4629611781_31">
<fid>46296-11781-s-1140</fid>
<lfSpanFr gml:id="K18_4629611781_31-1">
<gml:timePosition>2018-02-09</gml:timePosition>
</lfSpanFr>
<devDate gml:id="K18_4629611781_31-2">
<gml:timePosition>2018-09-05</gml:timePosition>
</devDate>
<orgGILvl>25000</orgGILvl>
<loc>
<gml:Curve gml:id="K18_4629611781_31-g" srsName="fguuid:jgd2011.bl">
<gml:segments>
<gml:LineStringSegment>
<gml:posList>
32.727814045 128.600181897
32.727772318 128.600047041
32.727841359 128.600017223
32.727882995 128.600151973
32.727814045 128.600181897
</gml:posList>
</gml:LineStringSegment>
</gml:segments>
</gml:Curve>
</loc>
<type>普通建物</type>
</BldL>
<BldL gml:id="K18_4629611781_32">
<fid>46296-11781-s-1141</fid>
<lfSpanFr gml:id="K18_4629611781_32-1">
<gml:timePosition>2018-02-09</gml:timePosition>
</lfSpanFr>
<devDate gml:id="K18_4629611781_32-2">
<gml:timePosition>2018-09-05</gml:timePosition>
</devDate>
<orgGILvl>25000</orgGILvl>
<loc>
<gml:Curve gml:id="K18_4629611781_32-g" srsName="fguuid:jgd2011.bl">
<gml:segments>
<gml:LineStringSegment>
<gml:posList>
32.729632214 128.600954284
32.729683362 128.601019703
32.729640863 128.601066325
32.729589625 128.601000907
32.729632214 128.600954284
</gml:posList>
</gml:LineStringSegment>
</gml:segments>
</gml:Curve>
</loc>
<type>普通建物</type>
</BldL>
<BldL gml:id="K18_4629611781_33">
<fid>46296-11781-s-1142</fid>
<lfSpanFr gml:id="K18_4629611781_33-1">
<gml:timePosition>2018-02-09</gml:timePosition>
</lfSpanFr>
<devDate gml:id="K18_4629611781_33-2">
<gml:timePosition>2018-09-05</gml:timePosition>
</devDate>
<orgGILvl>25000</orgGILvl>
<loc>
<gml:Curve gml:id="K18_4629611781_33-g" srsName="fguuid:jgd2011.bl">
<gml:segments>
<gml:LineStringSegment>
<gml:posList>
32.729567524 128.600874065
32.729618762 128.600939483
32.729576173 128.600986106
32.729525024 128.600920687
32.729567524 128.600874065
</gml:posList>
</gml:LineStringSegment>
</gml:segments>
</gml:Curve>
</loc>
<type>普通建物</type>
</BldL>
<BldL gml:id="K18_4629611781_34">
<fid>46296-11781-s-1143</fid>
<lfSpanFr gml:id="K18_4629611781_34-1">
<gml:timePosition>2018-02-09</gml:timePosition>
</lfSpanFr>
<devDate gml:id="K18_4629611781_34-2">
<gml:timePosition>2018-09-05</gml:timePosition>
</devDate>
<orgGILvl>25000</orgGILvl>
<loc>
<gml:Curve gml:id="K18_4629611781_34-g" srsName="fguuid:jgd2011.bl">
<gml:segments>
<gml:LineStringSegment>
<gml:posList>
32.729501931 128.600793749
32.729553169 128.600859167
32.729510580 128.600905789
32.729459432 128.600840371
32.729501931 128.600793749
</gml:posList>
</gml:LineStringSegment>
</gml:segments>
</gml:Curve>
</loc>
<type>普通建物</type>
</BldL>
<BldL gml:id="K18_4629611781_35">
<fid>46296-11781-s-1144</fid>
<lfSpanFr gml:id="K18_4629611781_35-1">
<gml:timePosition>2018-02-09</gml:timePosition>
</lfSpanFr>
<devDate gml:id="K18_4629611781_35-2">
<gml:timePosition>2018-09-05</gml:timePosition>
</devDate>
<orgGILvl>25000</orgGILvl>
<loc>
<gml:Curve gml:id="K18_4629611781_35-g" srsName="fguuid:jgd2011.bl">
<gml:segments>
<gml:LineStringSegment>
<gml:posList>
32.730514895 128.601827622
32.730515973 128.601952969
32.730436895 128.601953869
32.730435817 128.601828522
32.730514895 128.601827622
</gml:posList>
</gml:LineStringSegment>
</gml:segments>
</gml:Curve>
</loc>
<type>普通建物</type>
</BldL>
<BldL gml:id="K18_4629611781_36">
<fid>46296-11781-s-1149</fid>
<lfSpanFr gml:id="K18_4629611781_36-1">
<gml:timePosition>2018-02-09</gml:timePosition>
</lfSpanFr>
<devDate gml:id="K18_4629611781_36-2">
<gml:timePosition>2018-09-05</gml:timePosition>
</devDate>
<orgGILvl>25000</orgGILvl>
<loc>
<gml:Curve gml:id="K18_4629611781_36-g" srsName="fguuid:jgd2011.bl">
<gml:segments>
<gml:LineStringSegment>
<gml:posList>
32.727772071 128.600000000
32.727760087 128.600018861
32.727714281 128.600038583
</gml:posList>
</gml:LineStringSegment>
</gml:segments>
</gml:Curve>
</loc>
<type>普通建物</type>
</BldL>
<BldL gml:id="K18_4629611781_37">
<fid>46296-11781-s-1150</fid>
<lfSpanFr gml:id="K18_4629611781_37-1">
<gml:timePosition>2018-02-09</gml:timePosition>
</lfSpanFr>
<devDate gml:id="K18_4629611781_37-2">
<gml:timePosition>2018-09-05</gml:timePosition>
</devDate>
<orgGILvl>25000</orgGILvl>
<loc>
<gml:Curve gml:id="K18_4629611781_37-g" srsName="fguuid:jgd2011.bl">
<gml:segments>
<gml:LineStringSegment>
<gml:posList>
32.727694892 128.600038583
32.727676758 128.600000000
</gml:posList>
</gml:LineStringSegment>
</gml:segments>
</gml:Curve>
</loc>
<type>普通建物</type>
</BldL>
</Dataset>
