<?xml version="1.0" encoding="utf-8"?>
<Dataset xsi:schemaLocation="http://fgd.gsi.go.jp/spec/2008/FGD_GMLSchema FGD_GMLSchema.xsd"
	xmlns:gml="http://www.opengis.net/gml/3.2"
	xmlns:xsi="http://www.w3.org/2001/XMLSchema-instance"
	xmlns:xlink="http://www.w3.org/1999/xlink"
	xmlns="http://fgd.gsi.go.jp/spec/2008/FGD_GMLSchema"
	gml:id="Dataset1">
  <gml:description>基盤地図情報メタデータ ID=fmdid:18-1001</gml:description>
  <gml:name>基盤地図情報ダウンロードデータ（GML版）</gml:name>
<ElevPt gml:id="K2_4629311775_1">
<fid>46293-11775-i-36</fid>
<lfSpanFr gml:id="K2_4629311775_1-1">
<gml:timePosition>2015-11-17</gml:timePosition>
</lfSpanFr>
<devDate gml:id="K2_4629311775_1-2">
<gml:timePosition>2018-09-05</gml:timePosition>
</devDate>
<orgGILvl>25000</orgGILvl>
<vis>表示</vis>
<pos>
<gml:Point gml:id="K2_4629311775_1-g" srsName="fguuid:jgd2011.bl">
<gml:pos>32.715048333 128.598869444</gml:pos>
</gml:Point>
</pos>
<type>標高点（測点）</type>
<alti>24</alti>
</ElevPt>
<ElevPt gml:id="K2_4629311778_1">
<fid>46293-11778-i-72</fid>
<lfSpanFr gml:id="K2_4629311778_1-1">
<gml:timePosition>2015-11-17</gml:timePosition>
</lfSpanFr>
<devDate gml:id="K2_4629311778_1-2">
<gml:timePosition>2018-09-05</gml:timePosition>
</devDate>
<orgGILvl>25000</orgGILvl>
<vis>表示</vis>
<pos>
<gml:Point gml:id="K2_4629311778_1-g" srsName="fguuid:jgd2011.bl">
<gml:pos>32.719936111 128.598080278</gml:pos>
</gml:Point>
</pos>
<type>標高点（測点）</type>
<alti>44</alti>
</ElevPt>
<ElevPt gml:id="K2_4629311781_1">
<fid>46293-11781-i-89</fid>
<lfSpanFr gml:id="K2_4629311781_1-1">
<gml:timePosition>2015-11-17</gml:timePosition>
</lfSpanFr>
<devDate gml:id="K2_4629311781_1-2">
<gml:timePosition>2018-09-05</gml:timePosition>
</devDate>
<orgGILvl>25000</orgGILvl>
<vis>表示</vis>
<pos>
<gml:Point gml:id="K2_4629311781_1-g" srsName="fguuid:jgd2011.bl">
<gml:pos>32.725081944 128.592825833</gml:pos>
</gml:Point>
</pos>
<type>標高点（測点）</type>
<alti>40</alti>
</ElevPt>
<ElevPt gml:id="K2_4629311781_2">
<fid>46293-11781-i-90</fid>
<lfSpanFr gml:id="K2_4629311781_2-1">
<gml:timePosition>2015-11-17</gml:timePosition>
</lfSpanFr>
<devDate gml:id="K2_4629311781_2-2">
<gml:timePosition>2018-09-05</gml:timePosition>
</devDate>
<orgGILvl>25000</orgGILvl>
<vis>表示</vis>
<pos>
<gml:Point gml:id="K2_4629311781_2-g" srsName="fguuid:jgd2011.bl">
<gml:pos>32.728903333 128.598927500</gml:pos>
</gml:Point>
</pos>
<type>標高点（測点）</type>
<alti>7</alti>
</ElevPt>
<ElevPt gml:id="K2_4629611784_1">
<fid>46296-11784-i-23</fid>
<lfSpanFr gml:id="K2_4629611784_1-1">
<gml:timePosition>2015-11-17</gml:timePosition>
</lfSpanFr>
<devDate gml:id="K2_4629611784_1-2">
<gml:timePosition>2018-09-05</gml:timePosition>
</devDate>
<orgGILvl>25000</orgGILvl>
<vis>表示</vis>
<pos>
<gml:Point gml:id="K2_4629611784_1-g" srsName="fguuid:jgd2011.bl">
<gml:pos>32.736266389 128.607379167</gml:pos>
</gml:Point>
</pos>
<type>標高点（測点）</type>
<alti>109</alti>
</ElevPt>
<ElevPt gml:id="K2_4629611784_2">
<fid>46296-11784-i-37</fid>
<lfSpanFr gml:id="K2_4629611784_2-1">
<gml:timePosition>2018-02-09</gml:timePosition>
</lfSpanFr>
<devDate gml:id="K2_4629611784_2-2">
<gml:timePosition>2018-09-05</gml:timePosition>
</devDate>
<orgGILvl>25000</orgGILvl>
<vis>表示</vis>
<pos>
<gml:Point gml:id="K2_4629611784_2-g" srsName="fguuid:jgd2011.bl">
<gml:pos>32.734861809 128.600343942</gml:pos>
</gml:Point>
</pos>
<type>標高点（測点）</type>
<alti>150</alti>
</ElevPt>
</Dataset>
