<?xml version="1.0" encoding="utf-8"?>
<Dataset xsi:schemaLocation="http://fgd.gsi.go.jp/spec/2008/FGD_GMLSchema FGD_GMLSchema.xsd"
	xmlns:gml="http://www.opengis.net/gml/3.2"
	xmlns:xsi="http://www.w3.org/2001/XMLSchema-instance"
	xmlns:xlink="http://www.w3.org/1999/xlink"
	xmlns="http://fgd.gsi.go.jp/spec/2008/FGD_GMLSchema"
	gml:id="Dataset1">
  <gml:description>基盤地図情報メタデータ ID=fmdid:18-1001</gml:description>
  <gml:name>基盤地図情報ダウンロードデータ（GML版）</gml:name>
<GCP gml:id="K1_492804_1">
<fid>10-00100-0-1808-416329</fid>
<lfSpanFr gml:id="K1_492804_1-1">
<gml:timePosition>2018-08-24</gml:timePosition>
</lfSpanFr>
<devDate gml:id="K1_492804_1-2">
<gml:timePosition>2018-09-05</gml:timePosition>
</devDate>
<orgGILvl>KJ12</orgGILvl>
<vis>表示</vis>
<pos>
<gml:Point gml:id="K1_492804_1-g" srsName="fguuid:jgd2011.bl">
<gml:pos>32.717739944 128.591855111</gml:pos>
</gml:Point>
</pos>
<orgName>国土地理院</orgName>
<type>三角点</type>
<gcpClass>二等三角点</gcpClass>
<gcpCode>TR24928046701</gcpCode>
<name>嵯峨島</name>
<B>117783.8638</B>
<L>462930.6784</L>
<alti>129.31</alti>
<altiAcc>2</altiAcc>
</GCP>
</Dataset>
