<?xml version="1.0" encoding="utf-8"?>
<Dataset xsi:schemaLocation="http://fgd.gsi.go.jp/spec/2008/FGD_GMLSchema FGD_GMLSchema.xsd"
	xmlns:gml="http://www.opengis.net/gml/3.2"
	xmlns:xsi="http://www.w3.org/2001/XMLSchema-instance"
	xmlns:xlink="http://www.w3.org/1999/xlink"
	xmlns="http://fgd.gsi.go.jp/spec/2008/FGD_GMLSchema"
	gml:id="Dataset1">
  <gml:description>基盤地図情報メタデータ ID=fmdid:19-0701</gml:description>
  <gml:name>基盤地図情報ダウンロードデータ（GML版）</gml:name>
<Cntr gml:id="K3_4636811943_1">
<fid>46368-11943-s-161</fid>
<lfSpanFr gml:id="K3_4636811943_1-1">
<gml:timePosition>2015-11-17</gml:timePosition>
</lfSpanFr>
<devDate gml:id="K3_4636811943_1-2">
<gml:timePosition>2019-06-26</gml:timePosition>
</devDate>
<orgGILvl>25000</orgGILvl>
<loc>
<gml:Curve gml:id="K3_4636811943_1-g" srsName="fguuid:jgd2011.bl">
<gml:segments>
<gml:LineStringSegment>
<gml:posList>
33.182945056 128.803131667
33.183013222 128.803005861
</gml:posList>
</gml:LineStringSegment>
</gml:segments>
</gml:Curve>
</loc>
<type>一般等高線</type>
<alti>10</alti>
</Cntr>
<Cntr gml:id="K3_4636811943_2">
<fid>46368-11943-s-162</fid>
<lfSpanFr gml:id="K3_4636811943_2-1">
<gml:timePosition>2015-11-17</gml:timePosition>
</lfSpanFr>
<devDate gml:id="K3_4636811943_2-2">
<gml:timePosition>2019-06-26</gml:timePosition>
</devDate>
<orgGILvl>25000</orgGILvl>
<loc>
<gml:Curve gml:id="K3_4636811943_2-g" srsName="fguuid:jgd2011.bl">
<gml:segments>
<gml:LineStringSegment>
<gml:posList>
33.183050417 128.803848417
33.183088194 128.803890889
33.183101306 128.803919861
33.183077028 128.803938028
33.183041833 128.803944028
33.182990222 128.803944056
33.182956333 128.803950417
33.182826639 128.803953306
</gml:posList>
</gml:LineStringSegment>
</gml:segments>
</gml:Curve>
</loc>
<type>一般等高線</type>
<alti>10</alti>
</Cntr>
<Cntr gml:id="K3_4636811943_3">
<fid>46368-11943-s-163</fid>
<lfSpanFr gml:id="K3_4636811943_3-1">
<gml:timePosition>2015-11-17</gml:timePosition>
</lfSpanFr>
<devDate gml:id="K3_4636811943_3-2">
<gml:timePosition>2019-06-26</gml:timePosition>
</devDate>
<orgGILvl>25000</orgGILvl>
<loc>
<gml:Curve gml:id="K3_4636811943_3-g" srsName="fguuid:jgd2011.bl">
<gml:segments>
<gml:LineStringSegment>
<gml:posList>
33.182826639 128.803953306
33.182769139 128.803904750
33.182764139 128.803831972
33.182762639 128.803661139
33.182832500 128.803422444
33.182945056 128.803131667
</gml:posList>
</gml:LineStringSegment>
</gml:segments>
</gml:Curve>
</loc>
<type>一般等高線</type>
<alti>10</alti>
</Cntr>
<Cntr gml:id="K3_4636811943_4">
<fid>46368-11943-s-274</fid>
<lfSpanFr gml:id="K3_4636811943_4-1">
<gml:timePosition>2015-11-17</gml:timePosition>
</lfSpanFr>
<devDate gml:id="K3_4636811943_4-2">
<gml:timePosition>2019-06-26</gml:timePosition>
</devDate>
<orgGILvl>25000</orgGILvl>
<loc>
<gml:Curve gml:id="K3_4636811943_4-g" srsName="fguuid:jgd2011.bl">
<gml:segments>
<gml:LineStringSegment>
<gml:posList>
33.183013222 128.803005861
33.183112972 128.802926500
33.183218722 128.802854417
33.183251361 128.802825972
33.183292556 128.802790028
33.183333333 128.802778472
</gml:posList>
</gml:LineStringSegment>
</gml:segments>
</gml:Curve>
</loc>
<type>一般等高線</type>
<alti>10</alti>
</Cntr>
<Cntr gml:id="K3_4636811943_5">
<fid>46368-11943-s-275</fid>
<lfSpanFr gml:id="K3_4636811943_5-1">
<gml:timePosition>2015-11-17</gml:timePosition>
</lfSpanFr>
<devDate gml:id="K3_4636811943_5-2">
<gml:timePosition>2019-06-26</gml:timePosition>
</devDate>
<orgGILvl>25000</orgGILvl>
<loc>
<gml:Curve gml:id="K3_4636811943_5-g" srsName="fguuid:jgd2011.bl">
<gml:segments>
<gml:LineStringSegment>
<gml:posList>
33.183333333 128.802932306
33.183326750 128.802954528
33.183265778 128.802999111
33.183222417 128.803044639
33.183128361 128.803304361
33.183040389 128.803625000
33.182978250 128.803782667
33.182951806 128.803860944
33.182879972 128.803867472
33.182825389 128.803831750
33.182797222 128.803756333
33.182813278 128.803569472
33.182930500 128.803310278
33.183147167 128.802958222
33.183248000 128.802919528
33.183322111 128.802863028
33.183333333 128.802876000
</gml:posList>
</gml:LineStringSegment>
</gml:segments>
</gml:Curve>
</loc>
<type>一般等高線</type>
<alti>20</alti>
</Cntr>
<Cntr gml:id="K3_4636811943_6">
<fid>46368-11943-s-276</fid>
<lfSpanFr gml:id="K3_4636811943_6-1">
<gml:timePosition>2015-11-17</gml:timePosition>
</lfSpanFr>
<devDate gml:id="K3_4636811943_6-2">
<gml:timePosition>2019-06-26</gml:timePosition>
</devDate>
<orgGILvl>25000</orgGILvl>
<loc>
<gml:Curve gml:id="K3_4636811943_6-g" srsName="fguuid:jgd2011.bl">
<gml:segments>
<gml:LineStringSegment>
<gml:posList>
33.183333333 128.803043806
33.183231389 128.803101750
33.183215556 128.803153972
33.183122472 128.803465222
33.183045611 128.803659361
33.183010278 128.803788556
33.183050417 128.803848417
</gml:posList>
</gml:LineStringSegment>
</gml:segments>
</gml:Curve>
</loc>
<type>一般等高線</type>
<alti>10</alti>
</Cntr>
<Cntr gml:id="K3_4636811943_7">
<fid>46368-11943-s-277</fid>
<lfSpanFr gml:id="K3_4636811943_7-1">
<gml:timePosition>2015-11-17</gml:timePosition>
</lfSpanFr>
<devDate gml:id="K3_4636811943_7-2">
<gml:timePosition>2019-06-26</gml:timePosition>
</devDate>
<orgGILvl>25000</orgGILvl>
<loc>
<gml:Curve gml:id="K3_4636811943_7-g" srsName="fguuid:jgd2011.bl">
<gml:segments>
<gml:LineStringSegment>
<gml:posList>
33.183076722 128.803360694
33.183021250 128.803605806
33.182978083 128.803689306
33.182939194 128.803748333
33.182898389 128.803737472
33.182868750 128.803714389
33.182853917 128.803674778
33.182864694 128.803596111
33.182903361 128.803473417
33.182993333 128.803309139
33.183040694 128.803255944
33.183076722 128.803360694
</gml:posList>
</gml:LineStringSegment>
</gml:segments>
</gml:Curve>
</loc>
<type>一般等高線</type>
<alti>30</alti>
</Cntr>
<Cntr gml:id="K3_4636811946_1">
<fid>46368-11946-s-51</fid>
<lfSpanFr gml:id="K3_4636811946_1-1">
<gml:timePosition>2015-11-17</gml:timePosition>
</lfSpanFr>
<devDate gml:id="K3_4636811946_1-2">
<gml:timePosition>2019-06-26</gml:timePosition>
</devDate>
<orgGILvl>25000</orgGILvl>
<loc>
<gml:Curve gml:id="K3_4636811946_1-g" srsName="fguuid:jgd2011.bl">
<gml:segments>
<gml:LineStringSegment>
<gml:posList>
33.183333333 128.802778472
33.183355778 128.802772139
33.183410556 128.802873750
33.183369306 128.803023389
33.183333333 128.803043806
</gml:posList>
</gml:LineStringSegment>
</gml:segments>
</gml:Curve>
</loc>
<type>一般等高線</type>
<alti>10</alti>
</Cntr>
<Cntr gml:id="K3_4636811946_2">
<fid>46368-11946-s-52</fid>
<lfSpanFr gml:id="K3_4636811946_2-1">
<gml:timePosition>2015-11-17</gml:timePosition>
</lfSpanFr>
<devDate gml:id="K3_4636811946_2-2">
<gml:timePosition>2019-06-26</gml:timePosition>
</devDate>
<orgGILvl>25000</orgGILvl>
<loc>
<gml:Curve gml:id="K3_4636811946_2-g" srsName="fguuid:jgd2011.bl">
<gml:segments>
<gml:LineStringSegment>
<gml:posList>
33.183333333 128.802876000
33.183345750 128.802890333
33.183333333 128.802932306
</gml:posList>
</gml:LineStringSegment>
</gml:segments>
</gml:Curve>
</loc>
<type>一般等高線</type>
<alti>20</alti>
</Cntr>
</Dataset>
