<?xml version="1.0" encoding="utf-8"?>
<Dataset xsi:schemaLocation="http://fgd.gsi.go.jp/spec/2008/FGD_GMLSchema FGD_GMLSchema.xsd"
	xmlns:gml="http://www.opengis.net/gml/3.2"
	xmlns:xsi="http://www.w3.org/2001/XMLSchema-instance"
	xmlns:xlink="http://www.w3.org/1999/xlink"
	xmlns="http://fgd.gsi.go.jp/spec/2008/FGD_GMLSchema"
	gml:id="Dataset1">
  <gml:description>基盤地図情報メタデータ ID=fmdid:24-0101</gml:description>
  <gml:name>基盤地図情報ダウンロードデータ（GML版）</gml:name>
<ElevPt gml:id="K2_4635011790_1">
<fid>46350-11790-i-381</fid>
<lfSpanFr gml:id="K2_4635011790_1-1">
<gml:timePosition>2021-05-12</gml:timePosition>
</lfSpanFr>
<devDate gml:id="K2_4635011790_1-2">
<gml:timePosition>2023-12-15</gml:timePosition>
</devDate>
<orgGILvl>25000</orgGILvl>
<vis>表示</vis>
<pos>
<gml:Point gml:id="K2_4635011790_1-g" srsName="fguuid:jgd2011.bl">
<gml:pos>32.755630833 128.751470556</gml:pos>
</gml:Point>
</pos>
<type>標高点（測点）</type>
<alti>18</alti>
</ElevPt>
<ElevPt gml:id="K2_4635011793_1">
<fid>46350-11793-i-68</fid>
<lfSpanFr gml:id="K2_4635011793_1-1">
<gml:timePosition>2015-11-17</gml:timePosition>
</lfSpanFr>
<devDate gml:id="K2_4635011793_1-2">
<gml:timePosition>2023-12-15</gml:timePosition>
</devDate>
<orgGILvl>25000</orgGILvl>
<vis>表示</vis>
<pos>
<gml:Point gml:id="K2_4635011793_1-g" srsName="fguuid:jgd2011.bl">
<gml:pos>32.762091111 128.753398611</gml:pos>
</gml:Point>
</pos>
<type>標高点（測点）</type>
<alti>12</alti>
</ElevPt>
<ElevPt gml:id="K2_4635311790_1">
<fid>46353-11790-i-274</fid>
<lfSpanFr gml:id="K2_4635311790_1-1">
<gml:timePosition>2015-11-17</gml:timePosition>
</lfSpanFr>
<devDate gml:id="K2_4635311790_1-2">
<gml:timePosition>2023-12-15</gml:timePosition>
</devDate>
<orgGILvl>25000</orgGILvl>
<vis>表示</vis>
<pos>
<gml:Point gml:id="K2_4635311790_1-g" srsName="fguuid:jgd2011.bl">
<gml:pos>32.755836667 128.763968611</gml:pos>
</gml:Point>
</pos>
<type>標高点（測点）</type>
<alti>18</alti>
</ElevPt>
<ElevPt gml:id="K2_4635611793_1">
<fid>46356-11793-i-23</fid>
<lfSpanFr gml:id="K2_4635611793_1-1">
<gml:timePosition>2015-11-17</gml:timePosition>
</lfSpanFr>
<devDate gml:id="K2_4635611793_1-2">
<gml:timePosition>2023-12-15</gml:timePosition>
</devDate>
<orgGILvl>25000</orgGILvl>
<vis>表示</vis>
<pos>
<gml:Point gml:id="K2_4635611793_1-g" srsName="fguuid:jgd2011.bl">
<gml:pos>32.758350833 128.770458889</gml:pos>
</gml:Point>
</pos>
<type>標高点（測点）</type>
<alti>108</alti>
</ElevPt>
<ElevPt gml:id="K2_4635911793_1">
<fid>46359-11793-i-4</fid>
<lfSpanFr gml:id="K2_4635911793_1-1">
<gml:timePosition>2015-11-17</gml:timePosition>
</lfSpanFr>
<devDate gml:id="K2_4635911793_1-2">
<gml:timePosition>2023-12-15</gml:timePosition>
</devDate>
<orgGILvl>25000</orgGILvl>
<vis>表示</vis>
<pos>
<gml:Point gml:id="K2_4635911793_1-g" srsName="fguuid:jgd2011.bl">
<gml:pos>32.766528889 128.776282222</gml:pos>
</gml:Point>
</pos>
<type>標高点（測点）</type>
<alti>131</alti>
</ElevPt>
<ElevPt gml:id="K2_4635911796_1">
<fid>46359-11796-i-3</fid>
<lfSpanFr gml:id="K2_4635911796_1-1">
<gml:timePosition>2015-11-17</gml:timePosition>
</lfSpanFr>
<devDate gml:id="K2_4635911796_1-2">
<gml:timePosition>2023-12-15</gml:timePosition>
</devDate>
<orgGILvl>25000</orgGILvl>
<vis>表示</vis>
<pos>
<gml:Point gml:id="K2_4635911796_1-g" srsName="fguuid:jgd2011.bl">
<gml:pos>32.771241389 128.781123889</gml:pos>
</gml:Point>
</pos>
<type>標高点（測点）</type>
<alti>270</alti>
</ElevPt>
<ElevPt gml:id="K2_4636211793_1">
<fid>46362-11793-i-63</fid>
<lfSpanFr gml:id="K2_4636211793_1-1">
<gml:timePosition>2021-05-12</gml:timePosition>
</lfSpanFr>
<devDate gml:id="K2_4636211793_1-2">
<gml:timePosition>2023-12-15</gml:timePosition>
</devDate>
<orgGILvl>25000</orgGILvl>
<vis>表示</vis>
<pos>
<gml:Point gml:id="K2_4636211793_1-g" srsName="fguuid:jgd2011.bl">
<gml:pos>32.763488333 128.784302500</gml:pos>
</gml:Point>
</pos>
<type>標高点（測点）</type>
<alti>64</alti>
</ElevPt>
<ElevPt gml:id="K2_4636211796_1">
<fid>46362-11796-i-32</fid>
<lfSpanFr gml:id="K2_4636211796_1-1">
<gml:timePosition>2021-05-12</gml:timePosition>
</lfSpanFr>
<devDate gml:id="K2_4636211796_1-2">
<gml:timePosition>2023-12-15</gml:timePosition>
</devDate>
<orgGILvl>25000</orgGILvl>
<vis>表示</vis>
<pos>
<gml:Point gml:id="K2_4636211796_1-g" srsName="fguuid:jgd2011.bl">
<gml:pos>32.769550000 128.785950000</gml:pos>
</gml:Point>
</pos>
<type>標高点（測点）</type>
<alti>252</alti>
</ElevPt>
<ElevPt gml:id="K2_4636211796_2">
<fid>46362-11796-i-33</fid>
<lfSpanFr gml:id="K2_4636211796_2-1">
<gml:timePosition>2021-05-12</gml:timePosition>
</lfSpanFr>
<devDate gml:id="K2_4636211796_2-2">
<gml:timePosition>2023-12-15</gml:timePosition>
</devDate>
<orgGILvl>25000</orgGILvl>
<vis>表示</vis>
<pos>
<gml:Point gml:id="K2_4636211796_2-g" srsName="fguuid:jgd2011.bl">
<gml:pos>32.773672500 128.786803611</gml:pos>
</gml:Point>
</pos>
<type>標高点（測点）</type>
<alti>99</alti>
</ElevPt>
<ElevPt gml:id="K2_4636511790_1">
<fid>46365-11790-i-149</fid>
<lfSpanFr gml:id="K2_4636511790_1-1">
<gml:timePosition>2021-05-12</gml:timePosition>
</lfSpanFr>
<devDate gml:id="K2_4636511790_1-2">
<gml:timePosition>2023-12-15</gml:timePosition>
</devDate>
<orgGILvl>25000</orgGILvl>
<vis>表示</vis>
<pos>
<gml:Point gml:id="K2_4636511790_1-g" srsName="fguuid:jgd2011.bl">
<gml:pos>32.757240000 128.792911944</gml:pos>
</gml:Point>
</pos>
<type>標高点（測点）</type>
<alti>123</alti>
</ElevPt>
<ElevPt gml:id="K2_4636511796_1">
<fid>46365-11796-i-33</fid>
<lfSpanFr gml:id="K2_4636511796_1-1">
<gml:timePosition>2015-11-17</gml:timePosition>
</lfSpanFr>
<devDate gml:id="K2_4636511796_1-2">
<gml:timePosition>2023-12-15</gml:timePosition>
</devDate>
<orgGILvl>25000</orgGILvl>
<vis>表示</vis>
<pos>
<gml:Point gml:id="K2_4636511796_1-g" srsName="fguuid:jgd2011.bl">
<gml:pos>32.773167500 128.793583333</gml:pos>
</gml:Point>
</pos>
<type>標高点（測点）</type>
<alti>164</alti>
</ElevPt>
<ElevPt gml:id="K2_4636511796_2">
<fid>46365-11796-i-34</fid>
<lfSpanFr gml:id="K2_4636511796_2-1">
<gml:timePosition>2015-11-17</gml:timePosition>
</lfSpanFr>
<devDate gml:id="K2_4636511796_2-2">
<gml:timePosition>2023-12-15</gml:timePosition>
</devDate>
<orgGILvl>25000</orgGILvl>
<vis>表示</vis>
<pos>
<gml:Point gml:id="K2_4636511796_2-g" srsName="fguuid:jgd2011.bl">
<gml:pos>32.768061667 128.793685000</gml:pos>
</gml:Point>
</pos>
<type>標高点（測点）</type>
<alti>10</alti>
</ElevPt>
<ElevPt gml:id="K2_4636511799_1">
<fid>46365-11799-i-47</fid>
<lfSpanFr gml:id="K2_4636511799_1-1">
<gml:timePosition>2021-05-12</gml:timePosition>
</lfSpanFr>
<devDate gml:id="K2_4636511799_1-2">
<gml:timePosition>2023-12-15</gml:timePosition>
</devDate>
<orgGILvl>25000</orgGILvl>
<vis>表示</vis>
<pos>
<gml:Point gml:id="K2_4636511799_1-g" srsName="fguuid:jgd2011.bl">
<gml:pos>32.780891667 128.793635000</gml:pos>
</gml:Point>
</pos>
<type>標高点（測点）</type>
<alti>89</alti>
</ElevPt>
<ElevPt gml:id="K2_4636511799_2">
<fid>46365-11799-i-48</fid>
<lfSpanFr gml:id="K2_4636511799_2-1">
<gml:timePosition>2021-05-12</gml:timePosition>
</lfSpanFr>
<devDate gml:id="K2_4636511799_2-2">
<gml:timePosition>2023-12-15</gml:timePosition>
</devDate>
<orgGILvl>25000</orgGILvl>
<vis>表示</vis>
<pos>
<gml:Point gml:id="K2_4636511799_2-g" srsName="fguuid:jgd2011.bl">
<gml:pos>32.777091100 128.799142268</gml:pos>
</gml:Point>
</pos>
<type>標高点（測点）</type>
<alti>86</alti>
</ElevPt>
<ElevPt gml:id="K2_4636511802_1">
<fid>46365-11802-i-55</fid>
<lfSpanFr gml:id="K2_4636511802_1-1">
<gml:timePosition>2021-05-12</gml:timePosition>
</lfSpanFr>
<devDate gml:id="K2_4636511802_1-2">
<gml:timePosition>2023-12-15</gml:timePosition>
</devDate>
<orgGILvl>25000</orgGILvl>
<vis>表示</vis>
<pos>
<gml:Point gml:id="K2_4636511802_1-g" srsName="fguuid:jgd2011.bl">
<gml:pos>32.787698889 128.796272222</gml:pos>
</gml:Point>
</pos>
<type>標高点（測点）</type>
<alti>110</alti>
</ElevPt>
<ElevPt gml:id="K2_4636511805_1">
<fid>46365-11805-i-9</fid>
<lfSpanFr gml:id="K2_4636511805_1-1">
<gml:timePosition>2021-05-12</gml:timePosition>
</lfSpanFr>
<devDate gml:id="K2_4636511805_1-2">
<gml:timePosition>2023-12-15</gml:timePosition>
</devDate>
<orgGILvl>25000</orgGILvl>
<vis>表示</vis>
<pos>
<gml:Point gml:id="K2_4636511805_1-g" srsName="fguuid:jgd2011.bl">
<gml:pos>32.799405000 128.796601389</gml:pos>
</gml:Point>
</pos>
<type>標高点（測点）</type>
<alti>36</alti>
</ElevPt>
<ElevPt gml:id="K2_4636811790_1">
<fid>46368-11790-i-375</fid>
<lfSpanFr gml:id="K2_4636811790_1-1">
<gml:timePosition>2021-05-12</gml:timePosition>
</lfSpanFr>
<devDate gml:id="K2_4636811790_1-2">
<gml:timePosition>2023-12-15</gml:timePosition>
</devDate>
<orgGILvl>25000</orgGILvl>
<vis>表示</vis>
<pos>
<gml:Point gml:id="K2_4636811790_1-g" srsName="fguuid:jgd2011.bl">
<gml:pos>32.750539444 128.805123889</gml:pos>
</gml:Point>
</pos>
<type>標高点（測点）</type>
<alti>12</alti>
</ElevPt>
<ElevPt gml:id="K2_4636811793_1">
<fid>46368-11793-i-66</fid>
<lfSpanFr gml:id="K2_4636811793_1-1">
<gml:timePosition>2021-05-12</gml:timePosition>
</lfSpanFr>
<devDate gml:id="K2_4636811793_1-2">
<gml:timePosition>2023-12-15</gml:timePosition>
</devDate>
<orgGILvl>25000</orgGILvl>
<vis>表示</vis>
<pos>
<gml:Point gml:id="K2_4636811793_1-g" srsName="fguuid:jgd2011.bl">
<gml:pos>32.764521944 128.807878889</gml:pos>
</gml:Point>
</pos>
<type>標高点（測点）</type>
<alti>169</alti>
</ElevPt>
<ElevPt gml:id="K2_4636811793_2">
<fid>46368-11793-i-67</fid>
<lfSpanFr gml:id="K2_4636811793_2-1">
<gml:timePosition>2021-05-12</gml:timePosition>
</lfSpanFr>
<devDate gml:id="K2_4636811793_2-2">
<gml:timePosition>2023-12-15</gml:timePosition>
</devDate>
<orgGILvl>25000</orgGILvl>
<vis>表示</vis>
<pos>
<gml:Point gml:id="K2_4636811793_2-g" srsName="fguuid:jgd2011.bl">
<gml:pos>32.759605556 128.808053056</gml:pos>
</gml:Point>
</pos>
<type>標高点（測点）</type>
<alti>109</alti>
</ElevPt>
<ElevPt gml:id="K2_4636811793_3">
<fid>46368-11793-i-68</fid>
<lfSpanFr gml:id="K2_4636811793_3-1">
<gml:timePosition>2021-05-12</gml:timePosition>
</lfSpanFr>
<devDate gml:id="K2_4636811793_3-2">
<gml:timePosition>2023-12-15</gml:timePosition>
</devDate>
<orgGILvl>25000</orgGILvl>
<vis>表示</vis>
<pos>
<gml:Point gml:id="K2_4636811793_3-g" srsName="fguuid:jgd2011.bl">
<gml:pos>32.762585833 128.800977500</gml:pos>
</gml:Point>
</pos>
<type>標高点（測点）</type>
<alti>146</alti>
</ElevPt>
<ElevPt gml:id="K2_4636811796_1">
<fid>46368-11796-i-42</fid>
<lfSpanFr gml:id="K2_4636811796_1-1">
<gml:timePosition>2021-05-12</gml:timePosition>
</lfSpanFr>
<devDate gml:id="K2_4636811796_1-2">
<gml:timePosition>2023-12-15</gml:timePosition>
</devDate>
<orgGILvl>25000</orgGILvl>
<vis>表示</vis>
<pos>
<gml:Point gml:id="K2_4636811796_1-g" srsName="fguuid:jgd2011.bl">
<gml:pos>32.769072222 128.808147778</gml:pos>
</gml:Point>
</pos>
<type>標高点（測点）</type>
<alti>199</alti>
</ElevPt>
<ElevPt gml:id="K2_4636811796_2">
<fid>46368-11796-i-43</fid>
<lfSpanFr gml:id="K2_4636811796_2-1">
<gml:timePosition>2021-05-12</gml:timePosition>
</lfSpanFr>
<devDate gml:id="K2_4636811796_2-2">
<gml:timePosition>2023-12-15</gml:timePosition>
</devDate>
<orgGILvl>25000</orgGILvl>
<vis>表示</vis>
<pos>
<gml:Point gml:id="K2_4636811796_2-g" srsName="fguuid:jgd2011.bl">
<gml:pos>32.767253611 128.800051111</gml:pos>
</gml:Point>
</pos>
<type>標高点（測点）</type>
<alti>230</alti>
</ElevPt>
<ElevPt gml:id="K2_4636811796_3">
<fid>46368-11796-i-44</fid>
<lfSpanFr gml:id="K2_4636811796_3-1">
<gml:timePosition>2021-05-12</gml:timePosition>
</lfSpanFr>
<devDate gml:id="K2_4636811796_3-2">
<gml:timePosition>2023-12-15</gml:timePosition>
</devDate>
<orgGILvl>25000</orgGILvl>
<vis>表示</vis>
<pos>
<gml:Point gml:id="K2_4636811796_3-g" srsName="fguuid:jgd2011.bl">
<gml:pos>32.769838889 128.803158611</gml:pos>
</gml:Point>
</pos>
<type>標高点（測点）</type>
<alti>111</alti>
</ElevPt>
<ElevPt gml:id="K2_4636811799_1">
<fid>46368-11799-i-57</fid>
<lfSpanFr gml:id="K2_4636811799_1-1">
<gml:timePosition>2021-05-12</gml:timePosition>
</lfSpanFr>
<devDate gml:id="K2_4636811799_1-2">
<gml:timePosition>2023-12-15</gml:timePosition>
</devDate>
<orgGILvl>25000</orgGILvl>
<vis>表示</vis>
<pos>
<gml:Point gml:id="K2_4636811799_1-g" srsName="fguuid:jgd2011.bl">
<gml:pos>32.778660000 128.807424167</gml:pos>
</gml:Point>
</pos>
<type>標高点（測点）</type>
<alti>85</alti>
</ElevPt>
<ElevPt gml:id="K2_4636811799_2">
<fid>46368-11799-i-58</fid>
<lfSpanFr gml:id="K2_4636811799_2-1">
<gml:timePosition>2021-05-12</gml:timePosition>
</lfSpanFr>
<devDate gml:id="K2_4636811799_2-2">
<gml:timePosition>2023-12-15</gml:timePosition>
</devDate>
<orgGILvl>25000</orgGILvl>
<vis>表示</vis>
<pos>
<gml:Point gml:id="K2_4636811799_2-g" srsName="fguuid:jgd2011.bl">
<gml:pos>32.781971944 128.801762222</gml:pos>
</gml:Point>
</pos>
<type>標高点（測点）</type>
<alti>205</alti>
</ElevPt>
<ElevPt gml:id="K2_4636811802_1">
<fid>46368-11802-i-47</fid>
<lfSpanFr gml:id="K2_4636811802_1-1">
<gml:timePosition>2021-05-12</gml:timePosition>
</lfSpanFr>
<devDate gml:id="K2_4636811802_1-2">
<gml:timePosition>2023-12-15</gml:timePosition>
</devDate>
<orgGILvl>25000</orgGILvl>
<vis>表示</vis>
<pos>
<gml:Point gml:id="K2_4636811802_1-g" srsName="fguuid:jgd2011.bl">
<gml:pos>32.791393611 128.801704722</gml:pos>
</gml:Point>
</pos>
<type>標高点（測点）</type>
<alti>72</alti>
</ElevPt>
<ElevPt gml:id="K2_4637111793_1">
<fid>46371-11793-i-103</fid>
<lfSpanFr gml:id="K2_4637111793_1-1">
<gml:timePosition>2021-05-12</gml:timePosition>
</lfSpanFr>
<devDate gml:id="K2_4637111793_1-2">
<gml:timePosition>2023-12-15</gml:timePosition>
</devDate>
<orgGILvl>25000</orgGILvl>
<vis>表示</vis>
<pos>
<gml:Point gml:id="K2_4637111793_1-g" srsName="fguuid:jgd2011.bl">
<gml:pos>32.758691111 128.814101667</gml:pos>
</gml:Point>
</pos>
<type>標高点（測点）</type>
<alti>71</alti>
</ElevPt>
<ElevPt gml:id="K2_4637111793_2">
<fid>46371-11793-i-104</fid>
<lfSpanFr gml:id="K2_4637111793_2-1">
<gml:timePosition>2021-05-12</gml:timePosition>
</lfSpanFr>
<devDate gml:id="K2_4637111793_2-2">
<gml:timePosition>2023-12-15</gml:timePosition>
</devDate>
<orgGILvl>25000</orgGILvl>
<vis>表示</vis>
<pos>
<gml:Point gml:id="K2_4637111793_2-g" srsName="fguuid:jgd2011.bl">
<gml:pos>32.762710556 128.814823056</gml:pos>
</gml:Point>
</pos>
<type>標高点（測点）</type>
<alti>10</alti>
</ElevPt>
<ElevPt gml:id="K2_4637111796_1">
<fid>46371-11796-i-28</fid>
<lfSpanFr gml:id="K2_4637111796_1-1">
<gml:timePosition>2015-11-17</gml:timePosition>
</lfSpanFr>
<devDate gml:id="K2_4637111796_1-2">
<gml:timePosition>2023-12-15</gml:timePosition>
</devDate>
<orgGILvl>25000</orgGILvl>
<vis>表示</vis>
<pos>
<gml:Point gml:id="K2_4637111796_1-g" srsName="fguuid:jgd2011.bl">
<gml:pos>32.768285000 128.813430556</gml:pos>
</gml:Point>
</pos>
<type>標高点（測点）</type>
<alti>70</alti>
</ElevPt>
<ElevPt gml:id="K2_4637111805_1">
<fid>46371-11805-i-15</fid>
<lfSpanFr gml:id="K2_4637111805_1-1">
<gml:timePosition>2021-05-12</gml:timePosition>
</lfSpanFr>
<devDate gml:id="K2_4637111805_1-2">
<gml:timePosition>2023-12-15</gml:timePosition>
</devDate>
<orgGILvl>25000</orgGILvl>
<vis>表示</vis>
<pos>
<gml:Point gml:id="K2_4637111805_1-g" srsName="fguuid:jgd2011.bl">
<gml:pos>32.793896111 128.808385556</gml:pos>
</gml:Point>
</pos>
<type>標高点（測点）</type>
<alti>92</alti>
</ElevPt>
<ElevPt gml:id="K2_4637111805_2">
<fid>46371-11805-i-16</fid>
<lfSpanFr gml:id="K2_4637111805_2-1">
<gml:timePosition>2021-05-12</gml:timePosition>
</lfSpanFr>
<devDate gml:id="K2_4637111805_2-2">
<gml:timePosition>2023-12-15</gml:timePosition>
</devDate>
<orgGILvl>25000</orgGILvl>
<vis>表示</vis>
<pos>
<gml:Point gml:id="K2_4637111805_2-g" srsName="fguuid:jgd2011.bl">
<gml:pos>32.795916944 128.808638889</gml:pos>
</gml:Point>
</pos>
<type>標高点（測点）</type>
<alti>102</alti>
</ElevPt>
<ElevPt gml:id="K2_4637411793_1">
<fid>46374-11793-i-38</fid>
<lfSpanFr gml:id="K2_4637411793_1-1">
<gml:timePosition>2021-05-12</gml:timePosition>
</lfSpanFr>
<devDate gml:id="K2_4637411793_1-2">
<gml:timePosition>2023-12-15</gml:timePosition>
</devDate>
<orgGILvl>25000</orgGILvl>
<vis>表示</vis>
<pos>
<gml:Point gml:id="K2_4637411793_1-g" srsName="fguuid:jgd2011.bl">
<gml:pos>32.759705278 128.821363889</gml:pos>
</gml:Point>
</pos>
<type>標高点（測点）</type>
<alti>59</alti>
</ElevPt>
<ElevPt gml:id="K2_4638011790_1">
<fid>46380-11790-i-113</fid>
<lfSpanFr gml:id="K2_4638011790_1-1">
<gml:timePosition>2015-11-17</gml:timePosition>
</lfSpanFr>
<devDate gml:id="K2_4638011790_1-2">
<gml:timePosition>2023-12-15</gml:timePosition>
</devDate>
<orgGILvl>25000</orgGILvl>
<vis>表示</vis>
<pos>
<gml:Point gml:id="K2_4638011790_1-g" srsName="fguuid:jgd2011.bl">
<gml:pos>32.756856389 128.836539444</gml:pos>
</gml:Point>
</pos>
<type>標高点（測点）</type>
<alti>31</alti>
</ElevPt>
<ElevPt gml:id="K2_4638011790_2">
<fid>46380-11790-i-114</fid>
<lfSpanFr gml:id="K2_4638011790_2-1">
<gml:timePosition>2015-11-17</gml:timePosition>
</lfSpanFr>
<devDate gml:id="K2_4638011790_2-2">
<gml:timePosition>2023-12-15</gml:timePosition>
</devDate>
<orgGILvl>25000</orgGILvl>
<vis>表示</vis>
<pos>
<gml:Point gml:id="K2_4638011790_2-g" srsName="fguuid:jgd2011.bl">
<gml:pos>32.754978611 128.835878056</gml:pos>
</gml:Point>
</pos>
<type>標高点（測点）</type>
<alti>22</alti>
</ElevPt>
<ElevPt gml:id="K2_4638011799_1">
<fid>46380-11799-i-142</fid>
<lfSpanFr gml:id="K2_4638011799_1-1">
<gml:timePosition>2021-05-12</gml:timePosition>
</lfSpanFr>
<devDate gml:id="K2_4638011799_1-2">
<gml:timePosition>2023-12-15</gml:timePosition>
</devDate>
<orgGILvl>25000</orgGILvl>
<vis>表示</vis>
<pos>
<gml:Point gml:id="K2_4638011799_1-g" srsName="fguuid:jgd2011.bl">
<gml:pos>32.780142500 128.837120556</gml:pos>
</gml:Point>
</pos>
<type>標高点（測点）</type>
<alti>83</alti>
</ElevPt>
<ElevPt gml:id="K2_4638011802_1">
<fid>46380-11802-i-183</fid>
<lfSpanFr gml:id="K2_4638011802_1-1">
<gml:timePosition>2015-11-17</gml:timePosition>
</lfSpanFr>
<devDate gml:id="K2_4638011802_1-2">
<gml:timePosition>2023-12-15</gml:timePosition>
</devDate>
<orgGILvl>25000</orgGILvl>
<vis>表示</vis>
<pos>
<gml:Point gml:id="K2_4638011802_1-g" srsName="fguuid:jgd2011.bl">
<gml:pos>32.788934444 128.841138056</gml:pos>
</gml:Point>
</pos>
<type>標高点（測点）</type>
<alti>93</alti>
</ElevPt>
<ElevPt gml:id="K2_4638011805_1">
<fid>46380-11805-i-11</fid>
<lfSpanFr gml:id="K2_4638011805_1-1">
<gml:timePosition>2021-05-12</gml:timePosition>
</lfSpanFr>
<devDate gml:id="K2_4638011805_1-2">
<gml:timePosition>2023-12-15</gml:timePosition>
</devDate>
<orgGILvl>25000</orgGILvl>
<vis>表示</vis>
<pos>
<gml:Point gml:id="K2_4638011805_1-g" srsName="fguuid:jgd2011.bl">
<gml:pos>32.797537778 128.838744722</gml:pos>
</gml:Point>
</pos>
<type>標高点（測点）</type>
<alti>218</alti>
</ElevPt>
<ElevPt gml:id="K2_4638011805_2">
<fid>46380-11805-i-12</fid>
<lfSpanFr gml:id="K2_4638011805_2-1">
<gml:timePosition>2021-05-12</gml:timePosition>
</lfSpanFr>
<devDate gml:id="K2_4638011805_2-2">
<gml:timePosition>2023-12-15</gml:timePosition>
</devDate>
<orgGILvl>25000</orgGILvl>
<vis>表示</vis>
<pos>
<gml:Point gml:id="K2_4638011805_2-g" srsName="fguuid:jgd2011.bl">
<gml:pos>32.792296944 128.837989722</gml:pos>
</gml:Point>
</pos>
<type>標高点（測点）</type>
<alti>100</alti>
</ElevPt>
<ElevPt gml:id="K2_4638011808_1">
<fid>46380-11808-i-14</fid>
<lfSpanFr gml:id="K2_4638011808_1-1">
<gml:timePosition>2015-11-17</gml:timePosition>
</lfSpanFr>
<devDate gml:id="K2_4638011808_1-2">
<gml:timePosition>2023-12-15</gml:timePosition>
</devDate>
<orgGILvl>25000</orgGILvl>
<vis>表示</vis>
<pos>
<gml:Point gml:id="K2_4638011808_1-g" srsName="fguuid:jgd2011.bl">
<gml:pos>32.804328611 128.838550556</gml:pos>
</gml:Point>
</pos>
<type>標高点（測点）</type>
<alti>44</alti>
</ElevPt>
<ElevPt gml:id="K2_4638011811_1">
<fid>46380-11811-i-3</fid>
<lfSpanFr gml:id="K2_4638011811_1-1">
<gml:timePosition>2015-11-17</gml:timePosition>
</lfSpanFr>
<devDate gml:id="K2_4638011811_1-2">
<gml:timePosition>2023-12-15</gml:timePosition>
</devDate>
<orgGILvl>25000</orgGILvl>
<vis>表示</vis>
<pos>
<gml:Point gml:id="K2_4638011811_1-g" srsName="fguuid:jgd2011.bl">
<gml:pos>32.816280000 128.837212222</gml:pos>
</gml:Point>
</pos>
<type>標高点（測点）</type>
<alti>47</alti>
</ElevPt>
<ElevPt gml:id="K2_4638011814_1">
<fid>46380-11814-i-9</fid>
<lfSpanFr gml:id="K2_4638011814_1-1">
<gml:timePosition>2021-05-12</gml:timePosition>
</lfSpanFr>
<devDate gml:id="K2_4638011814_1-2">
<gml:timePosition>2023-12-15</gml:timePosition>
</devDate>
<orgGILvl>25000</orgGILvl>
<vis>表示</vis>
<pos>
<gml:Point gml:id="K2_4638011814_1-g" srsName="fguuid:jgd2011.bl">
<gml:pos>32.823479722 128.840559167</gml:pos>
</gml:Point>
</pos>
<type>標高点（測点）</type>
<alti>181</alti>
</ElevPt>
<ElevPt gml:id="K2_4638011817_1">
<fid>46380-11817-i-45</fid>
<lfSpanFr gml:id="K2_4638011817_1-1">
<gml:timePosition>2021-05-12</gml:timePosition>
</lfSpanFr>
<devDate gml:id="K2_4638011817_1-2">
<gml:timePosition>2023-12-15</gml:timePosition>
</devDate>
<orgGILvl>25000</orgGILvl>
<vis>表示</vis>
<pos>
<gml:Point gml:id="K2_4638011817_1-g" srsName="fguuid:jgd2011.bl">
<gml:pos>32.829571944 128.833506667</gml:pos>
</gml:Point>
</pos>
<type>標高点（測点）</type>
<alti>50</alti>
</ElevPt>
<ElevPt gml:id="K2_4638011817_2">
<fid>46380-11817-i-46</fid>
<lfSpanFr gml:id="K2_4638011817_2-1">
<gml:timePosition>2021-05-12</gml:timePosition>
</lfSpanFr>
<devDate gml:id="K2_4638011817_2-2">
<gml:timePosition>2023-12-15</gml:timePosition>
</devDate>
<orgGILvl>25000</orgGILvl>
<vis>表示</vis>
<pos>
<gml:Point gml:id="K2_4638011817_2-g" srsName="fguuid:jgd2011.bl">
<gml:pos>32.832446944 128.836434167</gml:pos>
</gml:Point>
</pos>
<type>標高点（測点）</type>
<alti>163</alti>
</ElevPt>
<ElevPt gml:id="K2_4638011817_3">
<fid>46380-11817-i-47</fid>
<lfSpanFr gml:id="K2_4638011817_3-1">
<gml:timePosition>2021-05-12</gml:timePosition>
</lfSpanFr>
<devDate gml:id="K2_4638011817_3-2">
<gml:timePosition>2023-12-15</gml:timePosition>
</devDate>
<orgGILvl>25000</orgGILvl>
<vis>表示</vis>
<pos>
<gml:Point gml:id="K2_4638011817_3-g" srsName="fguuid:jgd2011.bl">
<gml:pos>32.827402222 128.841045556</gml:pos>
</gml:Point>
</pos>
<type>標高点（測点）</type>
<alti>109</alti>
</ElevPt>
<ElevPt gml:id="K2_4638311790_1">
<fid>46383-11790-i-18</fid>
<lfSpanFr gml:id="K2_4638311790_1-1">
<gml:timePosition>2015-11-17</gml:timePosition>
</lfSpanFr>
<devDate gml:id="K2_4638311790_1-2">
<gml:timePosition>2023-12-15</gml:timePosition>
</devDate>
<orgGILvl>25000</orgGILvl>
<vis>表示</vis>
<pos>
<gml:Point gml:id="K2_4638311790_1-g" srsName="fguuid:jgd2011.bl">
<gml:pos>32.753755278 128.842063333</gml:pos>
</gml:Point>
</pos>
<type>標高点（測点）</type>
<alti>28</alti>
</ElevPt>
<ElevPt gml:id="K2_4638311799_1">
<fid>46383-11799-i-162</fid>
<lfSpanFr gml:id="K2_4638311799_1-1">
<gml:timePosition>2015-11-17</gml:timePosition>
</lfSpanFr>
<devDate gml:id="K2_4638311799_1-2">
<gml:timePosition>2023-12-15</gml:timePosition>
</devDate>
<orgGILvl>25000</orgGILvl>
<vis>表示</vis>
<pos>
<gml:Point gml:id="K2_4638311799_1-g" srsName="fguuid:jgd2011.bl">
<gml:pos>32.781063333 128.842830278</gml:pos>
</gml:Point>
</pos>
<type>標高点（測点）</type>
<alti>53</alti>
</ElevPt>
<ElevPt gml:id="K2_4638311799_2">
<fid>46383-11799-i-163</fid>
<lfSpanFr gml:id="K2_4638311799_2-1">
<gml:timePosition>2015-11-17</gml:timePosition>
</lfSpanFr>
<devDate gml:id="K2_4638311799_2-2">
<gml:timePosition>2023-12-15</gml:timePosition>
</devDate>
<orgGILvl>25000</orgGILvl>
<vis>表示</vis>
<pos>
<gml:Point gml:id="K2_4638311799_2-g" srsName="fguuid:jgd2011.bl">
<gml:pos>32.778193889 128.841824167</gml:pos>
</gml:Point>
</pos>
<type>標高点（測点）</type>
<alti>9</alti>
</ElevPt>
<ElevPt gml:id="K2_4638311802_1">
<fid>46383-11802-i-29</fid>
<lfSpanFr gml:id="K2_4638311802_1-1">
<gml:timePosition>2015-11-17</gml:timePosition>
</lfSpanFr>
<devDate gml:id="K2_4638311802_1-2">
<gml:timePosition>2023-12-15</gml:timePosition>
</devDate>
<orgGILvl>25000</orgGILvl>
<vis>表示</vis>
<pos>
<gml:Point gml:id="K2_4638311802_1-g" srsName="fguuid:jgd2011.bl">
<gml:pos>32.786121944 128.844678333</gml:pos>
</gml:Point>
</pos>
<type>標高点（測点）</type>
<alti>179</alti>
</ElevPt>
<ElevPt gml:id="K2_4638311805_1">
<fid>46383-11805-i-40</fid>
<lfSpanFr gml:id="K2_4638311805_1-1">
<gml:timePosition>2021-05-12</gml:timePosition>
</lfSpanFr>
<devDate gml:id="K2_4638311805_1-2">
<gml:timePosition>2023-12-15</gml:timePosition>
</devDate>
<orgGILvl>25000</orgGILvl>
<vis>表示</vis>
<pos>
<gml:Point gml:id="K2_4638311805_1-g" srsName="fguuid:jgd2011.bl">
<gml:pos>32.793073333 128.844565278</gml:pos>
</gml:Point>
</pos>
<type>標高点（測点）</type>
<alti>252</alti>
</ElevPt>
<ElevPt gml:id="K2_4638311805_2">
<fid>46383-11805-i-41</fid>
<lfSpanFr gml:id="K2_4638311805_2-1">
<gml:timePosition>2021-05-12</gml:timePosition>
</lfSpanFr>
<devDate gml:id="K2_4638311805_2-2">
<gml:timePosition>2023-12-15</gml:timePosition>
</devDate>
<orgGILvl>25000</orgGILvl>
<vis>表示</vis>
<pos>
<gml:Point gml:id="K2_4638311805_2-g" srsName="fguuid:jgd2011.bl">
<gml:pos>32.793420556 128.849326944</gml:pos>
</gml:Point>
</pos>
<type>標高点（測点）</type>
<alti>135</alti>
</ElevPt>
<ElevPt gml:id="K2_4638311805_3">
<fid>46383-11805-i-42</fid>
<lfSpanFr gml:id="K2_4638311805_3-1">
<gml:timePosition>2021-05-12</gml:timePosition>
</lfSpanFr>
<devDate gml:id="K2_4638311805_3-2">
<gml:timePosition>2023-12-15</gml:timePosition>
</devDate>
<orgGILvl>25000</orgGILvl>
<vis>表示</vis>
<pos>
<gml:Point gml:id="K2_4638311805_3-g" srsName="fguuid:jgd2011.bl">
<gml:pos>32.797825833 128.845505556</gml:pos>
</gml:Point>
</pos>
<type>標高点（測点）</type>
<alti>253</alti>
</ElevPt>
<ElevPt gml:id="K2_4638311808_1">
<fid>46383-11808-i-4</fid>
<lfSpanFr gml:id="K2_4638311808_1-1">
<gml:timePosition>2015-11-17</gml:timePosition>
</lfSpanFr>
<devDate gml:id="K2_4638311808_1-2">
<gml:timePosition>2023-12-15</gml:timePosition>
</devDate>
<orgGILvl>25000</orgGILvl>
<vis>表示</vis>
<pos>
<gml:Point gml:id="K2_4638311808_1-g" srsName="fguuid:jgd2011.bl">
<gml:pos>32.805775278 128.846822778</gml:pos>
</gml:Point>
</pos>
<type>標高点（測点）</type>
<alti>196</alti>
</ElevPt>
<ElevPt gml:id="K2_4638311808_2">
<fid>46383-11808-i-5</fid>
<lfSpanFr gml:id="K2_4638311808_2-1">
<gml:timePosition>2015-11-17</gml:timePosition>
</lfSpanFr>
<devDate gml:id="K2_4638311808_2-2">
<gml:timePosition>2023-12-15</gml:timePosition>
</devDate>
<orgGILvl>25000</orgGILvl>
<vis>表示</vis>
<pos>
<gml:Point gml:id="K2_4638311808_2-g" srsName="fguuid:jgd2011.bl">
<gml:pos>32.801821389 128.842855278</gml:pos>
</gml:Point>
</pos>
<type>標高点（測点）</type>
<alti>191</alti>
</ElevPt>
<ElevPt gml:id="K2_4638311811_1">
<fid>46383-11811-i-11</fid>
<lfSpanFr gml:id="K2_4638311811_1-1">
<gml:timePosition>2021-05-12</gml:timePosition>
</lfSpanFr>
<devDate gml:id="K2_4638311811_1-2">
<gml:timePosition>2023-12-15</gml:timePosition>
</devDate>
<orgGILvl>25000</orgGILvl>
<vis>表示</vis>
<pos>
<gml:Point gml:id="K2_4638311811_1-g" srsName="fguuid:jgd2011.bl">
<gml:pos>32.815010000 128.846210833</gml:pos>
</gml:Point>
</pos>
<type>標高点（測点）</type>
<alti>315</alti>
</ElevPt>
<ElevPt gml:id="K2_4638311811_2">
<fid>46383-11811-i-12</fid>
<lfSpanFr gml:id="K2_4638311811_2-1">
<gml:timePosition>2021-05-12</gml:timePosition>
</lfSpanFr>
<devDate gml:id="K2_4638311811_2-2">
<gml:timePosition>2023-12-15</gml:timePosition>
</devDate>
<orgGILvl>25000</orgGILvl>
<vis>表示</vis>
<pos>
<gml:Point gml:id="K2_4638311811_2-g" srsName="fguuid:jgd2011.bl">
<gml:pos>32.810608333 128.841800556</gml:pos>
</gml:Point>
</pos>
<type>標高点（測点）</type>
<alti>173</alti>
</ElevPt>
<ElevPt gml:id="K2_4638311814_1">
<fid>46383-11814-i-11</fid>
<lfSpanFr gml:id="K2_4638311814_1-1">
<gml:timePosition>2021-05-12</gml:timePosition>
</lfSpanFr>
<devDate gml:id="K2_4638311814_1-2">
<gml:timePosition>2023-12-15</gml:timePosition>
</devDate>
<orgGILvl>25000</orgGILvl>
<vis>表示</vis>
<pos>
<gml:Point gml:id="K2_4638311814_1-g" srsName="fguuid:jgd2011.bl">
<gml:pos>32.822450278 128.847130556</gml:pos>
</gml:Point>
</pos>
<type>標高点（測点）</type>
<alti>255</alti>
</ElevPt>
<ElevPt gml:id="K2_4638311814_2">
<fid>46383-11814-i-12</fid>
<lfSpanFr gml:id="K2_4638311814_2-1">
<gml:timePosition>2021-05-12</gml:timePosition>
</lfSpanFr>
<devDate gml:id="K2_4638311814_2-2">
<gml:timePosition>2023-12-15</gml:timePosition>
</devDate>
<orgGILvl>25000</orgGILvl>
<vis>表示</vis>
<pos>
<gml:Point gml:id="K2_4638311814_2-g" srsName="fguuid:jgd2011.bl">
<gml:pos>32.819005833 128.842226667</gml:pos>
</gml:Point>
</pos>
<type>標高点（測点）</type>
<alti>245</alti>
</ElevPt>
<ElevPt gml:id="K2_4638311817_1">
<fid>46383-11817-i-263</fid>
<lfSpanFr gml:id="K2_4638311817_1-1">
<gml:timePosition>2021-05-12</gml:timePosition>
</lfSpanFr>
<devDate gml:id="K2_4638311817_1-2">
<gml:timePosition>2023-12-15</gml:timePosition>
</devDate>
<orgGILvl>25000</orgGILvl>
<vis>表示</vis>
<pos>
<gml:Point gml:id="K2_4638311817_1-g" srsName="fguuid:jgd2011.bl">
<gml:pos>32.827753889 128.849315556</gml:pos>
</gml:Point>
</pos>
<type>標高点（測点）</type>
<alti>77</alti>
</ElevPt>
<ElevPt gml:id="K2_4638311817_2">
<fid>46383-11817-i-264</fid>
<lfSpanFr gml:id="K2_4638311817_2-1">
<gml:timePosition>2021-05-12</gml:timePosition>
</lfSpanFr>
<devDate gml:id="K2_4638311817_2-2">
<gml:timePosition>2023-12-15</gml:timePosition>
</devDate>
<orgGILvl>25000</orgGILvl>
<vis>表示</vis>
<pos>
<gml:Point gml:id="K2_4638311817_2-g" srsName="fguuid:jgd2011.bl">
<gml:pos>32.833184722 128.846447500</gml:pos>
</gml:Point>
</pos>
<type>標高点（測点）</type>
<alti>87</alti>
</ElevPt>
<ElevPt gml:id="K2_4638311817_3">
<fid>46383-11817-i-382</fid>
<lfSpanFr gml:id="K2_4638311817_3-1">
<gml:timePosition>2021-05-12</gml:timePosition>
</lfSpanFr>
<devDate gml:id="K2_4638311817_3-2">
<gml:timePosition>2023-12-15</gml:timePosition>
</devDate>
<orgGILvl>25000</orgGILvl>
<vis>非表示</vis>
<pos>
<gml:Point gml:id="K2_4638311817_3-g" srsName="fguuid:jgd2011.bl">
<gml:pos>32.830494167 128.844028056</gml:pos>
</gml:Point>
</pos>
<type>標高点（測点）</type>
<alti>122</alti>
</ElevPt>
<ElevPt gml:id="K2_4638611796_1">
<fid>46386-11796-i-21</fid>
<lfSpanFr gml:id="K2_4638611796_1-1">
<gml:timePosition>2015-11-17</gml:timePosition>
</lfSpanFr>
<devDate gml:id="K2_4638611796_1-2">
<gml:timePosition>2023-12-15</gml:timePosition>
</devDate>
<orgGILvl>25000</orgGILvl>
<vis>表示</vis>
<pos>
<gml:Point gml:id="K2_4638611796_1-g" srsName="fguuid:jgd2011.bl">
<gml:pos>32.774072778 128.855181944</gml:pos>
</gml:Point>
</pos>
<type>標高点（測点）</type>
<alti>94</alti>
</ElevPt>
<ElevPt gml:id="K2_4638611799_1">
<fid>46386-11799-i-185</fid>
<lfSpanFr gml:id="K2_4638611799_1-1">
<gml:timePosition>2021-05-12</gml:timePosition>
</lfSpanFr>
<devDate gml:id="K2_4638611799_1-2">
<gml:timePosition>2023-12-15</gml:timePosition>
</devDate>
<orgGILvl>25000</orgGILvl>
<vis>表示</vis>
<pos>
<gml:Point gml:id="K2_4638611799_1-g" srsName="fguuid:jgd2011.bl">
<gml:pos>32.781637920 128.854646332</gml:pos>
</gml:Point>
</pos>
<type>標高点（測点）</type>
<alti>95</alti>
</ElevPt>
<ElevPt gml:id="K2_4638611802_1">
<fid>46386-11802-i-110</fid>
<lfSpanFr gml:id="K2_4638611802_1-1">
<gml:timePosition>2021-05-12</gml:timePosition>
</lfSpanFr>
<devDate gml:id="K2_4638611802_1-2">
<gml:timePosition>2023-12-15</gml:timePosition>
</devDate>
<orgGILvl>25000</orgGILvl>
<vis>表示</vis>
<pos>
<gml:Point gml:id="K2_4638611802_1-g" srsName="fguuid:jgd2011.bl">
<gml:pos>32.787070556 128.857295556</gml:pos>
</gml:Point>
</pos>
<type>標高点（測点）</type>
<alti>164</alti>
</ElevPt>
<ElevPt gml:id="K2_4638611802_2">
<fid>46386-11802-i-111</fid>
<lfSpanFr gml:id="K2_4638611802_2-1">
<gml:timePosition>2021-05-12</gml:timePosition>
</lfSpanFr>
<devDate gml:id="K2_4638611802_2-2">
<gml:timePosition>2023-12-15</gml:timePosition>
</devDate>
<orgGILvl>25000</orgGILvl>
<vis>表示</vis>
<pos>
<gml:Point gml:id="K2_4638611802_2-g" srsName="fguuid:jgd2011.bl">
<gml:pos>32.788118611 128.850098889</gml:pos>
</gml:Point>
</pos>
<type>標高点（測点）</type>
<alti>261</alti>
</ElevPt>
<ElevPt gml:id="K2_4638611805_1">
<fid>46386-11805-i-128</fid>
<lfSpanFr gml:id="K2_4638611805_1-1">
<gml:timePosition>2015-11-17</gml:timePosition>
</lfSpanFr>
<devDate gml:id="K2_4638611805_1-2">
<gml:timePosition>2023-12-15</gml:timePosition>
</devDate>
<orgGILvl>25000</orgGILvl>
<vis>表示</vis>
<pos>
<gml:Point gml:id="K2_4638611805_1-g" srsName="fguuid:jgd2011.bl">
<gml:pos>32.797605833 128.857814722</gml:pos>
</gml:Point>
</pos>
<type>標高点（測点）</type>
<alti>70</alti>
</ElevPt>
<ElevPt gml:id="K2_4638611808_1">
<fid>46386-11808-i-118</fid>
<lfSpanFr gml:id="K2_4638611808_1-1">
<gml:timePosition>2021-05-12</gml:timePosition>
</lfSpanFr>
<devDate gml:id="K2_4638611808_1-2">
<gml:timePosition>2023-12-15</gml:timePosition>
</devDate>
<orgGILvl>25000</orgGILvl>
<vis>表示</vis>
<pos>
<gml:Point gml:id="K2_4638611808_1-g" srsName="fguuid:jgd2011.bl">
<gml:pos>32.803437778 128.852474722</gml:pos>
</gml:Point>
</pos>
<type>標高点（測点）</type>
<alti>149</alti>
</ElevPt>
<ElevPt gml:id="K2_4638611811_1">
<fid>46386-11811-i-13</fid>
<lfSpanFr gml:id="K2_4638611811_1-1">
<gml:timePosition>2021-05-12</gml:timePosition>
</lfSpanFr>
<devDate gml:id="K2_4638611811_1-2">
<gml:timePosition>2023-12-15</gml:timePosition>
</devDate>
<orgGILvl>25000</orgGILvl>
<vis>表示</vis>
<pos>
<gml:Point gml:id="K2_4638611811_1-g" srsName="fguuid:jgd2011.bl">
<gml:pos>32.813198611 128.855201111</gml:pos>
</gml:Point>
</pos>
<type>標高点（測点）</type>
<alti>272</alti>
</ElevPt>
<ElevPt gml:id="K2_4638611814_1">
<fid>46386-11814-i-25</fid>
<lfSpanFr gml:id="K2_4638611814_1-1">
<gml:timePosition>2021-05-12</gml:timePosition>
</lfSpanFr>
<devDate gml:id="K2_4638611814_1-2">
<gml:timePosition>2023-12-15</gml:timePosition>
</devDate>
<orgGILvl>25000</orgGILvl>
<vis>表示</vis>
<pos>
<gml:Point gml:id="K2_4638611814_1-g" srsName="fguuid:jgd2011.bl">
<gml:pos>32.819446111 128.852095278</gml:pos>
</gml:Point>
</pos>
<type>標高点（測点）</type>
<alti>176</alti>
</ElevPt>
<ElevPt gml:id="K2_4638611814_2">
<fid>46386-11814-i-26</fid>
<lfSpanFr gml:id="K2_4638611814_2-1">
<gml:timePosition>2021-05-12</gml:timePosition>
</lfSpanFr>
<devDate gml:id="K2_4638611814_2-2">
<gml:timePosition>2023-12-15</gml:timePosition>
</devDate>
<orgGILvl>25000</orgGILvl>
<vis>表示</vis>
<pos>
<gml:Point gml:id="K2_4638611814_2-g" srsName="fguuid:jgd2011.bl">
<gml:pos>32.817909167 128.857707778</gml:pos>
</gml:Point>
</pos>
<type>標高点（測点）</type>
<alti>179</alti>
</ElevPt>
<ElevPt gml:id="K2_4638611817_1">
<fid>46386-11817-i-62</fid>
<lfSpanFr gml:id="K2_4638611817_1-1">
<gml:timePosition>2015-11-17</gml:timePosition>
</lfSpanFr>
<devDate gml:id="K2_4638611817_1-2">
<gml:timePosition>2023-12-15</gml:timePosition>
</devDate>
<orgGILvl>25000</orgGILvl>
<vis>表示</vis>
<pos>
<gml:Point gml:id="K2_4638611817_1-g" srsName="fguuid:jgd2011.bl">
<gml:pos>32.827538056 128.855624444</gml:pos>
</gml:Point>
</pos>
<type>標高点（測点）</type>
<alti>133</alti>
</ElevPt>
<ElevPt gml:id="K2_4638911796_1">
<fid>46389-11796-i-144</fid>
<lfSpanFr gml:id="K2_4638911796_1-1">
<gml:timePosition>2021-05-12</gml:timePosition>
</lfSpanFr>
<devDate gml:id="K2_4638911796_1-2">
<gml:timePosition>2023-12-15</gml:timePosition>
</devDate>
<orgGILvl>25000</orgGILvl>
<vis>表示</vis>
<pos>
<gml:Point gml:id="K2_4638911796_1-g" srsName="fguuid:jgd2011.bl">
<gml:pos>32.767489444 128.861086111</gml:pos>
</gml:Point>
</pos>
<type>標高点（測点）</type>
<alti>85</alti>
</ElevPt>
<ElevPt gml:id="K2_4638911799_1">
<fid>46389-11799-i-40</fid>
<lfSpanFr gml:id="K2_4638911799_1-1">
<gml:timePosition>2015-11-17</gml:timePosition>
</lfSpanFr>
<devDate gml:id="K2_4638911799_1-2">
<gml:timePosition>2023-12-15</gml:timePosition>
</devDate>
<orgGILvl>25000</orgGILvl>
<vis>表示</vis>
<pos>
<gml:Point gml:id="K2_4638911799_1-g" srsName="fguuid:jgd2011.bl">
<gml:pos>32.777156389 128.863926111</gml:pos>
</gml:Point>
</pos>
<type>標高点（測点）</type>
<alti>244</alti>
</ElevPt>
<ElevPt gml:id="K2_4638911802_1">
<fid>46389-11802-i-307</fid>
<lfSpanFr gml:id="K2_4638911802_1-1">
<gml:timePosition>2021-05-12</gml:timePosition>
</lfSpanFr>
<devDate gml:id="K2_4638911802_1-2">
<gml:timePosition>2023-12-15</gml:timePosition>
</devDate>
<orgGILvl>25000</orgGILvl>
<vis>表示</vis>
<pos>
<gml:Point gml:id="K2_4638911802_1-g" srsName="fguuid:jgd2011.bl">
<gml:pos>32.784585556 128.865190000</gml:pos>
</gml:Point>
</pos>
<type>標高点（測点）</type>
<alti>62</alti>
</ElevPt>
<ElevPt gml:id="K2_4638911802_2">
<fid>46389-11802-i-308</fid>
<lfSpanFr gml:id="K2_4638911802_2-1">
<gml:timePosition>2021-05-12</gml:timePosition>
</lfSpanFr>
<devDate gml:id="K2_4638911802_2-2">
<gml:timePosition>2023-12-15</gml:timePosition>
</devDate>
<orgGILvl>25000</orgGILvl>
<vis>表示</vis>
<pos>
<gml:Point gml:id="K2_4638911802_2-g" srsName="fguuid:jgd2011.bl">
<gml:pos>32.790021944 128.866212778</gml:pos>
</gml:Point>
</pos>
<type>標高点（測点）</type>
<alti>9</alti>
</ElevPt>
<ElevPt gml:id="K2_4638911805_1">
<fid>46389-11805-i-41</fid>
<lfSpanFr gml:id="K2_4638911805_1-1">
<gml:timePosition>2021-05-12</gml:timePosition>
</lfSpanFr>
<devDate gml:id="K2_4638911805_1-2">
<gml:timePosition>2023-12-15</gml:timePosition>
</devDate>
<orgGILvl>25000</orgGILvl>
<vis>表示</vis>
<pos>
<gml:Point gml:id="K2_4638911805_1-g" srsName="fguuid:jgd2011.bl">
<gml:pos>32.796752500 128.865367778</gml:pos>
</gml:Point>
</pos>
<type>標高点（測点）</type>
<alti>204</alti>
</ElevPt>
<ElevPt gml:id="K2_4638911808_1">
<fid>46389-11808-i-237</fid>
<lfSpanFr gml:id="K2_4638911808_1-1">
<gml:timePosition>2015-11-17</gml:timePosition>
</lfSpanFr>
<devDate gml:id="K2_4638911808_1-2">
<gml:timePosition>2023-12-15</gml:timePosition>
</devDate>
<orgGILvl>25000</orgGILvl>
<vis>表示</vis>
<pos>
<gml:Point gml:id="K2_4638911808_1-g" srsName="fguuid:jgd2011.bl">
<gml:pos>32.803830000 128.859925833</gml:pos>
</gml:Point>
</pos>
<type>標高点（測点）</type>
<alti>50</alti>
</ElevPt>
<ElevPt gml:id="K2_4638911811_1">
<fid>46389-11811-i-255</fid>
<lfSpanFr gml:id="K2_4638911811_1-1">
<gml:timePosition>2021-05-12</gml:timePosition>
</lfSpanFr>
<devDate gml:id="K2_4638911811_1-2">
<gml:timePosition>2023-12-15</gml:timePosition>
</devDate>
<orgGILvl>25000</orgGILvl>
<vis>表示</vis>
<pos>
<gml:Point gml:id="K2_4638911811_1-g" srsName="fguuid:jgd2011.bl">
<gml:pos>32.814274444 128.862353333</gml:pos>
</gml:Point>
</pos>
<type>標高点（測点）</type>
<alti>44</alti>
</ElevPt>
<ElevPt gml:id="K2_4638911811_2">
<fid>46389-11811-i-256</fid>
<lfSpanFr gml:id="K2_4638911811_2-1">
<gml:timePosition>2021-05-12</gml:timePosition>
</lfSpanFr>
<devDate gml:id="K2_4638911811_2-2">
<gml:timePosition>2023-12-15</gml:timePosition>
</devDate>
<orgGILvl>25000</orgGILvl>
<vis>表示</vis>
<pos>
<gml:Point gml:id="K2_4638911811_2-g" srsName="fguuid:jgd2011.bl">
<gml:pos>32.809686667 128.860637222</gml:pos>
</gml:Point>
</pos>
<type>標高点（測点）</type>
<alti>143</alti>
</ElevPt>
<ElevPt gml:id="K2_4638911814_1">
<fid>46389-11814-i-141</fid>
<lfSpanFr gml:id="K2_4638911814_1-1">
<gml:timePosition>2021-05-12</gml:timePosition>
</lfSpanFr>
<devDate gml:id="K2_4638911814_1-2">
<gml:timePosition>2023-12-15</gml:timePosition>
</devDate>
<orgGILvl>25000</orgGILvl>
<vis>表示</vis>
<pos>
<gml:Point gml:id="K2_4638911814_1-g" srsName="fguuid:jgd2011.bl">
<gml:pos>32.824150278 128.858659167</gml:pos>
</gml:Point>
</pos>
<type>標高点（測点）</type>
<alti>169</alti>
</ElevPt>
<ElevPt gml:id="K2_4638911814_2">
<fid>46389-11814-i-142</fid>
<lfSpanFr gml:id="K2_4638911814_2-1">
<gml:timePosition>2021-05-12</gml:timePosition>
</lfSpanFr>
<devDate gml:id="K2_4638911814_2-2">
<gml:timePosition>2023-12-15</gml:timePosition>
</devDate>
<orgGILvl>25000</orgGILvl>
<vis>表示</vis>
<pos>
<gml:Point gml:id="K2_4638911814_2-g" srsName="fguuid:jgd2011.bl">
<gml:pos>32.818476944 128.866274722</gml:pos>
</gml:Point>
</pos>
<type>標高点（測点）</type>
<alti>30</alti>
</ElevPt>
<ElevPt gml:id="K2_4638911817_1">
<fid>46389-11817-i-98</fid>
<lfSpanFr gml:id="K2_4638911817_1-1">
<gml:timePosition>2021-05-12</gml:timePosition>
</lfSpanFr>
<devDate gml:id="K2_4638911817_1-2">
<gml:timePosition>2023-12-15</gml:timePosition>
</devDate>
<orgGILvl>25000</orgGILvl>
<vis>表示</vis>
<pos>
<gml:Point gml:id="K2_4638911817_1-g" srsName="fguuid:jgd2011.bl">
<gml:pos>32.827031667 128.866377222</gml:pos>
</gml:Point>
</pos>
<type>標高点（測点）</type>
<alti>29</alti>
</ElevPt>
<ElevPt gml:id="K2_4639211793_1">
<fid>46392-11793-i-44</fid>
<lfSpanFr gml:id="K2_4639211793_1-1">
<gml:timePosition>2015-11-17</gml:timePosition>
</lfSpanFr>
<devDate gml:id="K2_4639211793_1-2">
<gml:timePosition>2023-12-15</gml:timePosition>
</devDate>
<orgGILvl>25000</orgGILvl>
<vis>表示</vis>
<pos>
<gml:Point gml:id="K2_4639211793_1-g" srsName="fguuid:jgd2011.bl">
<gml:pos>32.765286111 128.867301667</gml:pos>
</gml:Point>
</pos>
<type>標高点（測点）</type>
<alti>109</alti>
</ElevPt>
<ElevPt gml:id="K2_4639211796_1">
<fid>46392-11796-i-22</fid>
<lfSpanFr gml:id="K2_4639211796_1-1">
<gml:timePosition>2015-11-17</gml:timePosition>
</lfSpanFr>
<devDate gml:id="K2_4639211796_1-2">
<gml:timePosition>2023-12-15</gml:timePosition>
</devDate>
<orgGILvl>25000</orgGILvl>
<vis>表示</vis>
<pos>
<gml:Point gml:id="K2_4639211796_1-g" srsName="fguuid:jgd2011.bl">
<gml:pos>32.772069722 128.870493889</gml:pos>
</gml:Point>
</pos>
<type>標高点（測点）</type>
<alti>280</alti>
</ElevPt>
<ElevPt gml:id="K2_4639211799_1">
<fid>46392-11799-i-11</fid>
<lfSpanFr gml:id="K2_4639211799_1-1">
<gml:timePosition>2015-11-17</gml:timePosition>
</lfSpanFr>
<devDate gml:id="K2_4639211799_1-2">
<gml:timePosition>2023-12-15</gml:timePosition>
</devDate>
<orgGILvl>25000</orgGILvl>
<vis>表示</vis>
<pos>
<gml:Point gml:id="K2_4639211799_1-g" srsName="fguuid:jgd2011.bl">
<gml:pos>32.780026667 128.871380833</gml:pos>
</gml:Point>
</pos>
<type>標高点（測点）</type>
<alti>222</alti>
</ElevPt>
<ElevPt gml:id="K2_4639211802_1">
<fid>46392-11802-i-63</fid>
<lfSpanFr gml:id="K2_4639211802_1-1">
<gml:timePosition>2015-11-17</gml:timePosition>
</lfSpanFr>
<devDate gml:id="K2_4639211802_1-2">
<gml:timePosition>2023-12-15</gml:timePosition>
</devDate>
<orgGILvl>25000</orgGILvl>
<vis>表示</vis>
<pos>
<gml:Point gml:id="K2_4639211802_1-g" srsName="fguuid:jgd2011.bl">
<gml:pos>32.786233333 128.874263056</gml:pos>
</gml:Point>
</pos>
<type>標高点（測点）</type>
<alti>165</alti>
</ElevPt>
<ElevPt gml:id="K2_4639211805_1">
<fid>46392-11805-i-259</fid>
<lfSpanFr gml:id="K2_4639211805_1-1">
<gml:timePosition>2021-05-12</gml:timePosition>
</lfSpanFr>
<devDate gml:id="K2_4639211805_1-2">
<gml:timePosition>2023-12-15</gml:timePosition>
</devDate>
<orgGILvl>25000</orgGILvl>
<vis>表示</vis>
<pos>
<gml:Point gml:id="K2_4639211805_1-g" srsName="fguuid:jgd2011.bl">
<gml:pos>32.792555833 128.874263056</gml:pos>
</gml:Point>
</pos>
<type>標高点（測点）</type>
<alti>54</alti>
</ElevPt>
<ElevPt gml:id="K2_4639211808_1">
<fid>46392-11808-i-163</fid>
<lfSpanFr gml:id="K2_4639211808_1-1">
<gml:timePosition>2015-11-17</gml:timePosition>
</lfSpanFr>
<devDate gml:id="K2_4639211808_1-2">
<gml:timePosition>2023-12-15</gml:timePosition>
</devDate>
<orgGILvl>25000</orgGILvl>
<vis>表示</vis>
<pos>
<gml:Point gml:id="K2_4639211808_1-g" srsName="fguuid:jgd2011.bl">
<gml:pos>32.806653333 128.868868611</gml:pos>
</gml:Point>
</pos>
<type>標高点（測点）</type>
<alti>70</alti>
</ElevPt>
<ElevPt gml:id="K2_4639211814_1">
<fid>46392-11814-i-45</fid>
<lfSpanFr gml:id="K2_4639211814_1-1">
<gml:timePosition>2015-11-17</gml:timePosition>
</lfSpanFr>
<devDate gml:id="K2_4639211814_1-2">
<gml:timePosition>2023-12-15</gml:timePosition>
</devDate>
<orgGILvl>25000</orgGILvl>
<vis>表示</vis>
<pos>
<gml:Point gml:id="K2_4639211814_1-g" srsName="fguuid:jgd2011.bl">
<gml:pos>32.821803056 128.869786111</gml:pos>
</gml:Point>
</pos>
<type>標高点（測点）</type>
<alti>46</alti>
</ElevPt>
</Dataset>
