<?xml version="1.0" encoding="utf-8"?>
<Dataset xsi:schemaLocation="http://fgd.gsi.go.jp/spec/2008/FGD_GMLSchema FGD_GMLSchema.xsd"
	xmlns:gml="http://www.opengis.net/gml/3.2"
	xmlns:xsi="http://www.w3.org/2001/XMLSchema-instance"
	xmlns:xlink="http://www.w3.org/1999/xlink"
	xmlns="http://fgd.gsi.go.jp/spec/2008/FGD_GMLSchema"
	gml:id="Dataset1">
  <gml:description>基盤地図情報メタデータ ID=fmdid:24-0101</gml:description>
  <gml:name>基盤地図情報ダウンロードデータ（GML版）</gml:name>
<AdmPt gml:id="K6_4635011793_1">
<fid>46350-11793-i-85</fid>
<lfSpanFr gml:id="K6_4635011793_1-1">
<gml:timePosition>2015-11-17</gml:timePosition>
</lfSpanFr>
<devDate gml:id="K6_4635011793_1-2">
<gml:timePosition>2023-12-15</gml:timePosition>
</devDate>
<orgGILvl>25000</orgGILvl>
<vis>非表示</vis>
<pos>
<gml:Point gml:id="K6_4635011793_1-g" srsName="fguuid:jgd2011.bl">
<gml:pos>32.760005161 128.757349547</gml:pos>
</gml:Point>
</pos>
<type>郡市・東京都の区</type>
<name>五島市</name>
<admCode>42211</admCode>
</AdmPt>
<AdmPt gml:id="K6_4635011793_2">
<fid>46350-11793-i-86</fid>
<lfSpanFr gml:id="K6_4635011793_2-1">
<gml:timePosition>2015-11-17</gml:timePosition>
</lfSpanFr>
<devDate gml:id="K6_4635011793_2-2">
<gml:timePosition>2023-12-15</gml:timePosition>
</devDate>
<orgGILvl>25000</orgGILvl>
<vis>非表示</vis>
<pos>
<gml:Point gml:id="K6_4635011793_2-g" srsName="fguuid:jgd2011.bl">
<gml:pos>32.758646648 128.750000277</gml:pos>
</gml:Point>
</pos>
<type>郡市・東京都の区</type>
<name>五島市</name>
<admCode>42211</admCode>
</AdmPt>
<AdmPt gml:id="K6_4636511796_1">
<fid>46365-11796-i-48</fid>
<lfSpanFr gml:id="K6_4636511796_1-1">
<gml:timePosition>2015-11-17</gml:timePosition>
</lfSpanFr>
<devDate gml:id="K6_4636511796_1-2">
<gml:timePosition>2023-12-15</gml:timePosition>
</devDate>
<orgGILvl>25000</orgGILvl>
<vis>非表示</vis>
<pos>
<gml:Point gml:id="K6_4636511796_1-g" srsName="fguuid:jgd2011.bl">
<gml:pos>32.774860688 128.796099580</gml:pos>
</gml:Point>
</pos>
<type>郡市・東京都の区</type>
<name>五島市</name>
<admCode>42211</admCode>
</AdmPt>
<AdmPt gml:id="K6_4637711790_1">
<fid>46377-11790-i-180</fid>
<lfSpanFr gml:id="K6_4637711790_1-1">
<gml:timePosition>2021-05-12</gml:timePosition>
</lfSpanFr>
<devDate gml:id="K6_4637711790_1-2">
<gml:timePosition>2023-12-15</gml:timePosition>
</devDate>
<orgGILvl>25000</orgGILvl>
<vis>非表示</vis>
<pos>
<gml:Point gml:id="K6_4637711790_1-g" srsName="fguuid:jgd2011.bl">
<gml:pos>32.755525123 128.830296613</gml:pos>
</gml:Point>
</pos>
<type>郡市・東京都の区</type>
<name>五島市</name>
<admCode>42211</admCode>
</AdmPt>
<AdmPt gml:id="K6_4637711790_2">
<fid>46377-11790-i-181</fid>
<lfSpanFr gml:id="K6_4637711790_2-1">
<gml:timePosition>2021-05-12</gml:timePosition>
</lfSpanFr>
<devDate gml:id="K6_4637711790_2-2">
<gml:timePosition>2023-12-15</gml:timePosition>
</devDate>
<orgGILvl>25000</orgGILvl>
<vis>非表示</vis>
<pos>
<gml:Point gml:id="K6_4637711790_2-g" srsName="fguuid:jgd2011.bl">
<gml:pos>32.751053024 128.832444407</gml:pos>
</gml:Point>
</pos>
<type>郡市・東京都の区</type>
<name>五島市</name>
<admCode>42211</admCode>
</AdmPt>
<AdmPt gml:id="K6_4638311790_1">
<fid>46383-11790-i-28</fid>
<lfSpanFr gml:id="K6_4638311790_1-1">
<gml:timePosition>2015-11-17</gml:timePosition>
</lfSpanFr>
<devDate gml:id="K6_4638311790_1-2">
<gml:timePosition>2023-12-15</gml:timePosition>
</devDate>
<orgGILvl>25000</orgGILvl>
<vis>非表示</vis>
<pos>
<gml:Point gml:id="K6_4638311790_1-g" srsName="fguuid:jgd2011.bl">
<gml:pos>32.751543633 128.846441576</gml:pos>
</gml:Point>
</pos>
<type>郡市・東京都の区</type>
<name>五島市</name>
<admCode>42211</admCode>
</AdmPt>
<AdmPt gml:id="K6_4638611790_1">
<fid>46386-11790-i-7</fid>
<lfSpanFr gml:id="K6_4638611790_1-1">
<gml:timePosition>2015-11-17</gml:timePosition>
</lfSpanFr>
<devDate gml:id="K6_4638611790_1-2">
<gml:timePosition>2023-12-15</gml:timePosition>
</devDate>
<orgGILvl>25000</orgGILvl>
<vis>非表示</vis>
<pos>
<gml:Point gml:id="K6_4638611790_1-g" srsName="fguuid:jgd2011.bl">
<gml:pos>32.750154546 128.851505539</gml:pos>
</gml:Point>
</pos>
<type>郡市・東京都の区</type>
<name>五島市</name>
<admCode>42211</admCode>
</AdmPt>
<AdmPt gml:id="K6_4638611805_1">
<fid>46386-11805-i-217</fid>
<lfSpanFr gml:id="K6_4638611805_1-1">
<gml:timePosition>2015-11-17</gml:timePosition>
</lfSpanFr>
<devDate gml:id="K6_4638611805_1-2">
<gml:timePosition>2023-12-15</gml:timePosition>
</devDate>
<orgGILvl>25000</orgGILvl>
<vis>非表示</vis>
<pos>
<gml:Point gml:id="K6_4638611805_1-g" srsName="fguuid:jgd2011.bl">
<gml:pos>32.798294255 128.854191876</gml:pos>
</gml:Point>
</pos>
<type>郡市・東京都の区</type>
<name>五島市</name>
<admCode>42211</admCode>
</AdmPt>
<AdmPt gml:id="K6_4638911817_1">
<fid>46389-11817-i-131</fid>
<lfSpanFr gml:id="K6_4638911817_1-1">
<gml:timePosition>2021-05-12</gml:timePosition>
</lfSpanFr>
<devDate gml:id="K6_4638911817_1-2">
<gml:timePosition>2023-12-15</gml:timePosition>
</devDate>
<orgGILvl>25000</orgGILvl>
<vis>非表示</vis>
<pos>
<gml:Point gml:id="K6_4638911817_1-g" srsName="fguuid:jgd2011.bl">
<gml:pos>32.833333055 128.865432286</gml:pos>
</gml:Point>
</pos>
<type>郡市・東京都の区</type>
<name>五島市</name>
<admCode>42211</admCode>
</AdmPt>
<AdmPt gml:id="K6_4639211808_1">
<fid>46392-11808-i-318</fid>
<lfSpanFr gml:id="K6_4639211808_1-1">
<gml:timePosition>2015-11-17</gml:timePosition>
</lfSpanFr>
<devDate gml:id="K6_4639211808_1-2">
<gml:timePosition>2023-12-15</gml:timePosition>
</devDate>
<orgGILvl>25000</orgGILvl>
<vis>非表示</vis>
<pos>
<gml:Point gml:id="K6_4639211808_1-g" srsName="fguuid:jgd2011.bl">
<gml:pos>32.808050819 128.874196654</gml:pos>
</gml:Point>
</pos>
<type>郡市・東京都の区</type>
<name>五島市</name>
<admCode>42211</admCode>
</AdmPt>
<AdmPt gml:id="K6_4639211817_1">
<fid>46392-11817-i-69</fid>
<lfSpanFr gml:id="K6_4639211817_1-1">
<gml:timePosition>2021-05-12</gml:timePosition>
</lfSpanFr>
<devDate gml:id="K6_4639211817_1-2">
<gml:timePosition>2023-12-15</gml:timePosition>
</devDate>
<orgGILvl>25000</orgGILvl>
<vis>非表示</vis>
<pos>
<gml:Point gml:id="K6_4639211817_1-g" srsName="fguuid:jgd2011.bl">
<gml:pos>32.826090742 128.870841573</gml:pos>
</gml:Point>
</pos>
<type>郡市・東京都の区</type>
<name>五島市</name>
<admCode>42211</admCode>
</AdmPt>
</Dataset>
