<?xml version="1.0" encoding="utf-8"?>
<Dataset xsi:schemaLocation="http://fgd.gsi.go.jp/spec/2008/FGD_GMLSchema FGD_GMLSchema.xsd"
	xmlns:gml="http://www.opengis.net/gml/3.2"
	xmlns:xsi="http://www.w3.org/2001/XMLSchema-instance"
	xmlns:xlink="http://www.w3.org/1999/xlink"
	xmlns="http://fgd.gsi.go.jp/spec/2008/FGD_GMLSchema"
	gml:id="Dataset1">
  <gml:description>基盤地図情報メタデータ ID=fmdid:24-0101</gml:description>
  <gml:name>基盤地図情報ダウンロードデータ（GML版）</gml:name>
<GCP gml:id="K1_492816_1">
<fid>10-00100-0-2312-275806</fid>
<lfSpanFr gml:id="K1_492816_1-1">
<gml:timePosition>2023-12-15</gml:timePosition>
</lfSpanFr>
<devDate gml:id="K1_492816_1-2">
<gml:timePosition>2023-12-15</gml:timePosition>
</devDate>
<orgGILvl>SJ12</orgGILvl>
<vis>表示</vis>
<pos>
<gml:Point gml:id="K1_492816_1-g" srsName="fguuid:jgd2011.bl">
<gml:pos>32.756084750 128.826779306</gml:pos>
</gml:Point>
</pos>
<orgName>国土地理院</orgName>
<type>水準点</type>
<gcpClass>二等水準点</gcpClass>
<gcpCode>L020000010547</gcpCode>
<name>１０５４７</name>
<B>117921.9051</B>
<L>463776.4055</L>
<alti>7.341</alti>
<altiAcc>3</altiAcc>
</GCP>
<GCP gml:id="K1_492816_2">
<fid>10-00100-0-2312-282852</fid>
<lfSpanFr gml:id="K1_492816_2-1">
<gml:timePosition>2023-12-15</gml:timePosition>
</lfSpanFr>
<devDate gml:id="K1_492816_2-2">
<gml:timePosition>2023-12-15</gml:timePosition>
</devDate>
<orgGILvl>KJ12</orgGILvl>
<vis>表示</vis>
<pos>
<gml:Point gml:id="K1_492816_2-g" srsName="fguuid:jgd2011.bl">
<gml:pos>32.750445417 128.787053472</gml:pos>
</gml:Point>
</pos>
<orgName>国土地理院</orgName>
<type>三角点</type>
<gcpClass>二等三角点</gcpClass>
<gcpCode>TR24928160201</gcpCode>
<name>権現岳</name>
<B>117901.6035</B>
<L>463633.3925</L>
<alti>359.4</alti>
<altiAcc>2</altiAcc>
</GCP>
<GCP gml:id="K1_492816_3">
<fid>10-00100-0-2312-282853</fid>
<lfSpanFr gml:id="K1_492816_3-1">
<gml:timePosition>2023-12-15</gml:timePosition>
</lfSpanFr>
<devDate gml:id="K1_492816_3-2">
<gml:timePosition>2023-12-15</gml:timePosition>
</devDate>
<orgGILvl>KJ12</orgGILvl>
<vis>表示</vis>
<pos>
<gml:Point gml:id="K1_492816_3-g" srsName="fguuid:jgd2011.bl">
<gml:pos>32.810311722 128.848905972</gml:pos>
</gml:Point>
</pos>
<orgName>国土地理院</orgName>
<type>三角点</type>
<gcpClass>二等三角点</gcpClass>
<gcpCode>TR24928167701</gcpCode>
<name>番屋岳</name>
<B>118117.1222</B>
<L>463856.0615</L>
<alti>340.4</alti>
<altiAcc>2</altiAcc>
</GCP>
<GCP gml:id="K1_492816_4">
<fid>10-00100-0-2312-289376</fid>
<lfSpanFr gml:id="K1_492816_4-1">
<gml:timePosition>2023-12-15</gml:timePosition>
</lfSpanFr>
<devDate gml:id="K1_492816_4-2">
<gml:timePosition>2023-12-15</gml:timePosition>
</devDate>
<orgGILvl>KJ13</orgGILvl>
<vis>表示</vis>
<pos>
<gml:Point gml:id="K1_492816_4-g" srsName="fguuid:jgd2011.bl">
<gml:pos>32.756745750 128.830989222</gml:pos>
</gml:Point>
</pos>
<orgName>国土地理院</orgName>
<type>三角点</type>
<gcpClass>三等三角点</gcpClass>
<gcpCode>TR34928160601</gcpCode>
<name>戸向</name>
<B>117924.2847</B>
<L>463791.5612</L>
<alti>139.82</alti>
<altiAcc>2</altiAcc>
</GCP>
<GCP gml:id="K1_492816_5">
<fid>10-00100-0-2312-289377</fid>
<lfSpanFr gml:id="K1_492816_5-1">
<gml:timePosition>2023-12-15</gml:timePosition>
</lfSpanFr>
<devDate gml:id="K1_492816_5-2">
<gml:timePosition>2023-12-15</gml:timePosition>
</devDate>
<orgGILvl>KJ13</orgGILvl>
<vis>表示</vis>
<pos>
<gml:Point gml:id="K1_492816_5-g" srsName="fguuid:jgd2011.bl">
<gml:pos>32.765945444 128.756420194</gml:pos>
</gml:Point>
</pos>
<orgName>国土地理院</orgName>
<type>三角点</type>
<gcpClass>三等三角点</gcpClass>
<gcpCode>TR34928161001</gcpCode>
<name>八朔</name>
<B>117957.4036</B>
<L>463523.1127</L>
<alti>15.54</alti>
<altiAcc>2</altiAcc>
</GCP>
<GCP gml:id="K1_492816_6">
<fid>10-00100-0-2312-289378</fid>
<lfSpanFr gml:id="K1_492816_6-1">
<gml:timePosition>2023-12-15</gml:timePosition>
</lfSpanFr>
<devDate gml:id="K1_492816_6-2">
<gml:timePosition>2023-12-15</gml:timePosition>
</devDate>
<orgGILvl>KJ13</orgGILvl>
<vis>表示</vis>
<pos>
<gml:Point gml:id="K1_492816_6-g" srsName="fguuid:jgd2011.bl">
<gml:pos>32.777541722 128.860104194</gml:pos>
</gml:Point>
</pos>
<orgName>国土地理院</orgName>
<type>三角点</type>
<gcpClass>三等三角点</gcpClass>
<gcpCode>TR34928163801</gcpCode>
<name>米山</name>
<B>117999.1502</B>
<L>463896.3751</L>
<alti>215.17</alti>
<altiAcc>2</altiAcc>
</GCP>
<GCP gml:id="K1_492816_7">
<fid>10-00100-0-2312-289379</fid>
<lfSpanFr gml:id="K1_492816_7-1">
<gml:timePosition>2023-12-15</gml:timePosition>
</lfSpanFr>
<devDate gml:id="K1_492816_7-2">
<gml:timePosition>2023-12-15</gml:timePosition>
</devDate>
<orgGILvl>KJ13</orgGILvl>
<vis>表示</vis>
<pos>
<gml:Point gml:id="K1_492816_7-g" srsName="fguuid:jgd2011.bl">
<gml:pos>32.787482806 128.805291139</gml:pos>
</gml:Point>
</pos>
<orgName>国土地理院</orgName>
<type>三角点</type>
<gcpClass>三等三角点</gcpClass>
<gcpCode>TR34928164401</gcpCode>
<name>鷲岳</name>
<B>118034.9381</B>
<L>463699.0481</L>
<alti>215.06</alti>
<altiAcc>2</altiAcc>
</GCP>
<GCP gml:id="K1_492816_8">
<fid>10-00100-0-2312-289380</fid>
<lfSpanFr gml:id="K1_492816_8-1">
<gml:timePosition>2023-12-15</gml:timePosition>
</lfSpanFr>
<devDate gml:id="K1_492816_8-2">
<gml:timePosition>2023-12-15</gml:timePosition>
</devDate>
<orgGILvl>KJ13</orgGILvl>
<vis>表示</vis>
<pos>
<gml:Point gml:id="K1_492816_8-g" srsName="fguuid:jgd2011.bl">
<gml:pos>32.785409389 128.838218806</gml:pos>
</gml:Point>
</pos>
<orgName>国土地理院</orgName>
<type>三角点</type>
<gcpClass>三等三角点</gcpClass>
<gcpCode>TR34928164701</gcpCode>
<name>寺山</name>
<B>118027.4738</B>
<L>463817.5877</L>
<alti>93.49</alti>
<altiAcc>2</altiAcc>
</GCP>
<GCP gml:id="K1_492816_9">
<fid>10-00100-0-2312-289381</fid>
<lfSpanFr gml:id="K1_492816_9-1">
<gml:timePosition>2023-12-15</gml:timePosition>
</lfSpanFr>
<devDate gml:id="K1_492816_9-2">
<gml:timePosition>2023-12-15</gml:timePosition>
</devDate>
<orgGILvl>KJ13</orgGILvl>
<vis>表示</vis>
<pos>
<gml:Point gml:id="K1_492816_9-g" srsName="fguuid:jgd2011.bl">
<gml:pos>32.832377472 128.857010278</gml:pos>
</gml:Point>
</pos>
<orgName>国土地理院</orgName>
<type>三角点</type>
<gcpClass>三等三角点</gcpClass>
<gcpCode>TR34928169801</gcpCode>
<name>平瀬</name>
<B>118196.5589</B>
<L>463885.237</L>
<alti>96.49</alti>
<altiAcc>2</altiAcc>
</GCP>
<GCP gml:id="K1_492816_10">
<fid>10-00100-0-2312-325329</fid>
<lfSpanFr gml:id="K1_492816_10-1">
<gml:timePosition>2023-12-15</gml:timePosition>
</lfSpanFr>
<devDate gml:id="K1_492816_10-2">
<gml:timePosition>2023-12-15</gml:timePosition>
</devDate>
<orgGILvl>KJ14</orgGILvl>
<vis>表示</vis>
<pos>
<gml:Point gml:id="K1_492816_10-g" srsName="fguuid:jgd2011.bl">
<gml:pos>32.757615694 128.802666750</gml:pos>
</gml:Point>
</pos>
<orgName>国土地理院</orgName>
<type>三角点</type>
<gcpClass>四等三角点</gcpClass>
<gcpCode>TR44928160401</gcpCode>
<name>宇バ山</name>
<B>117927.4165</B>
<L>463689.6003</L>
<alti>190.1</alti>
<altiAcc>2</altiAcc>
</GCP>
<GCP gml:id="K1_492816_11">
<fid>10-00100-0-2312-325330</fid>
<lfSpanFr gml:id="K1_492816_11-1">
<gml:timePosition>2023-12-15</gml:timePosition>
</lfSpanFr>
<devDate gml:id="K1_492816_11-2">
<gml:timePosition>2023-12-15</gml:timePosition>
</devDate>
<orgGILvl>KJ14</orgGILvl>
<vis>表示</vis>
<pos>
<gml:Point gml:id="K1_492816_11-g" srsName="fguuid:jgd2011.bl">
<gml:pos>32.762074944 128.774471722</gml:pos>
</gml:Point>
</pos>
<orgName>国土地理院</orgName>
<type>三角点</type>
<gcpClass>四等三角点</gcpClass>
<gcpCode>TR44928161101</gcpCode>
<name>団助</name>
<B>117943.4698</B>
<L>463588.0982</L>
<alti>220.98</alti>
<altiAcc>2</altiAcc>
</GCP>
<GCP gml:id="K1_492816_12">
<fid>10-00100-0-2312-325331</fid>
<lfSpanFr gml:id="K1_492816_12-1">
<gml:timePosition>2023-12-15</gml:timePosition>
</lfSpanFr>
<devDate gml:id="K1_492816_12-2">
<gml:timePosition>2023-12-15</gml:timePosition>
</devDate>
<orgGILvl>KJ14</orgGILvl>
<vis>表示</vis>
<pos>
<gml:Point gml:id="K1_492816_12-g" srsName="fguuid:jgd2011.bl">
<gml:pos>32.765410417 128.792791111</gml:pos>
</gml:Point>
</pos>
<orgName>国土地理院</orgName>
<type>三角点</type>
<gcpClass>四等三角点</gcpClass>
<gcpCode>TR44928161301</gcpCode>
<name>家ノ上</name>
<B>117955.4775</B>
<L>463654.048</L>
<alti>2.49</alti>
<altiAcc>2</altiAcc>
</GCP>
<GCP gml:id="K1_492816_13">
<fid>10-00100-0-2312-325332</fid>
<lfSpanFr gml:id="K1_492816_13-1">
<gml:timePosition>2023-12-15</gml:timePosition>
</lfSpanFr>
<devDate gml:id="K1_492816_13-2">
<gml:timePosition>2023-12-15</gml:timePosition>
</devDate>
<orgGILvl>KJ14</orgGILvl>
<vis>表示</vis>
<pos>
<gml:Point gml:id="K1_492816_13-g" srsName="fguuid:jgd2011.bl">
<gml:pos>32.772266306 128.797723778</gml:pos>
</gml:Point>
</pos>
<orgName>国土地理院</orgName>
<type>三角点</type>
<gcpClass>四等三角点</gcpClass>
<gcpCode>TR44928162301</gcpCode>
<name>砂連山</name>
<B>117980.1587</B>
<L>463671.8056</L>
<alti>226.69</alti>
<altiAcc>2</altiAcc>
</GCP>
<GCP gml:id="K1_492816_14">
<fid>10-00100-0-2312-325333</fid>
<lfSpanFr gml:id="K1_492816_14-1">
<gml:timePosition>2023-12-15</gml:timePosition>
</lfSpanFr>
<devDate gml:id="K1_492816_14-2">
<gml:timePosition>2023-12-15</gml:timePosition>
</devDate>
<orgGILvl>KJ14</orgGILvl>
<vis>表示</vis>
<pos>
<gml:Point gml:id="K1_492816_14-g" srsName="fguuid:jgd2011.bl">
<gml:pos>32.776806306 128.777352028</gml:pos>
</gml:Point>
</pos>
<orgName>国土地理院</orgName>
<type>三角点</type>
<gcpClass>四等三角点</gcpClass>
<gcpCode>TR44928163201</gcpCode>
<name>黒崎鼻</name>
<B>117996.5027</B>
<L>463598.4673</L>
<alti>86.77</alti>
<altiAcc>2</altiAcc>
</GCP>
</Dataset>
