<?xml version="1.0" encoding="utf-8"?>
<Dataset xsi:schemaLocation="http://fgd.gsi.go.jp/spec/2008/FGD_GMLSchema FGD_GMLSchema.xsd"
	xmlns:gml="http://www.opengis.net/gml/3.2"
	xmlns:xsi="http://www.w3.org/2001/XMLSchema-instance"
	xmlns:xlink="http://www.w3.org/1999/xlink"
	xmlns="http://fgd.gsi.go.jp/spec/2008/FGD_GMLSchema"
	gml:id="Dataset1">
  <gml:description>基盤地図情報メタデータ ID=fmdid:25-0101</gml:description>
  <gml:name>基盤地図情報ダウンロードデータ（GML版）</gml:name>
<GCP gml:id="K1_492945_1">
<fid>10-00100-0-2412-135</fid>
<lfSpanFr gml:id="K1_492945_1-1">
<gml:timePosition>2024-12-03</gml:timePosition>
</lfSpanFr>
<devDate gml:id="K1_492945_1-2">
<gml:timePosition>2024-12-12</gml:timePosition>
</devDate>
<orgGILvl>KJ10</orgGILvl>
<vis>表示</vis>
<pos>
<gml:Point gml:id="K1_492945_1-g" srsName="fguuid:jgd2011.bl">
<gml:pos>33.063103167 129.690654500</gml:pos>
</gml:Point>
</pos>
<orgName>国土地理院</orgName>
<type>電子基準点</type>
<gcpClass>電子基準点</gcpClass>
<gcpCode>EL04929457501</gcpCode>
<name>西海</name>
<B>119027.1714</B>
<L>466886.3562</L>
<alti>79.376</alti>
<altiAcc>3</altiAcc>
</GCP>
<GCP gml:id="K1_492945_2">
<fid>10-00100-0-2412-1439</fid>
<lfSpanFr gml:id="K1_492945_2-1">
<gml:timePosition>2024-12-03</gml:timePosition>
</lfSpanFr>
<devDate gml:id="K1_492945_2-2">
<gml:timePosition>2024-12-12</gml:timePosition>
</devDate>
<orgGILvl>KJ10</orgGILvl>
<vis>表示</vis>
<pos>
<gml:Point gml:id="K1_492945_2-g" srsName="fguuid:jgd2011.bl">
<gml:pos>33.063099583 129.690661111</gml:pos>
</gml:Point>
</pos>
<orgName>国土地理院</orgName>
<type>電子基準点</type>
<gcpClass>電子基準点</gcpClass>
<gcpCode>EL14929457502</gcpCode>
<name>西海（付）</name>
<B>119027.1585</B>
<L>466886.38</L>
<alti>74.287</alti>
<altiAcc>3</altiAcc>
</GCP>
<GCP gml:id="K1_492945_3">
<fid>10-00100-0-2412-19657</fid>
<lfSpanFr gml:id="K1_492945_3-1">
<gml:timePosition>2024-12-03</gml:timePosition>
</lfSpanFr>
<devDate gml:id="K1_492945_3-2">
<gml:timePosition>2024-12-12</gml:timePosition>
</devDate>
<orgGILvl>SJ12</orgGILvl>
<vis>表示</vis>
<pos>
<gml:Point gml:id="K1_492945_3-g" srsName="fguuid:jgd2011.bl">
<gml:pos>33.063099583 129.690661111</gml:pos>
</gml:Point>
</pos>
<orgName>国土地理院</orgName>
<type>水準点</type>
<gcpClass>二等水準点</gcpClass>
<gcpCode>L0E000950460A</gcpCode>
<name>９５０４６０Ａ</name>
<B>119027.1585</B>
<L>466886.38</L>
<alti>74.287</alti>
<altiAcc>3</altiAcc>
</GCP>
<GCP gml:id="K1_492945_4">
<fid>10-00100-0-2412-21702</fid>
<lfSpanFr gml:id="K1_492945_4-1">
<gml:timePosition>2024-12-03</gml:timePosition>
</lfSpanFr>
<devDate gml:id="K1_492945_4-2">
<gml:timePosition>2024-12-12</gml:timePosition>
</devDate>
<orgGILvl>KJ12</orgGILvl>
<vis>表示</vis>
<pos>
<gml:Point gml:id="K1_492945_4-g" srsName="fguuid:jgd2011.bl">
<gml:pos>33.048556806 129.690126000</gml:pos>
</gml:Point>
</pos>
<orgName>国土地理院</orgName>
<type>三角点</type>
<gcpClass>二等三角点</gcpClass>
<gcpCode>TR24929455501</gcpCode>
<name>面高村</name>
<B>118974.8045</B>
<L>466884.4536</L>
<alti>306.64</alti>
<altiAcc>2</altiAcc>
</GCP>
<GCP gml:id="K1_492945_5">
<fid>10-00100-0-2412-28315</fid>
<lfSpanFr gml:id="K1_492945_5-1">
<gml:timePosition>2024-12-03</gml:timePosition>
</lfSpanFr>
<devDate gml:id="K1_492945_5-2">
<gml:timePosition>2024-12-12</gml:timePosition>
</devDate>
<orgGILvl>KJ13</orgGILvl>
<vis>表示</vis>
<pos>
<gml:Point gml:id="K1_492945_5-g" srsName="fguuid:jgd2011.bl">
<gml:pos>33.023193000 129.719764722</gml:pos>
</gml:Point>
</pos>
<orgName>国土地理院</orgName>
<type>三角点</type>
<gcpClass>三等三角点</gcpClass>
<gcpCode>TR34929452701</gcpCode>
<name>焼原</name>
<B>118883.4948</B>
<L>466991.153</L>
<alti>288.38</alti>
<altiAcc>2</altiAcc>
</GCP>
<GCP gml:id="K1_492945_6">
<fid>10-00100-0-2412-28316</fid>
<lfSpanFr gml:id="K1_492945_6-1">
<gml:timePosition>2024-12-03</gml:timePosition>
</lfSpanFr>
<devDate gml:id="K1_492945_6-2">
<gml:timePosition>2024-12-12</gml:timePosition>
</devDate>
<orgGILvl>KJ13</orgGILvl>
<vis>表示</vis>
<pos>
<gml:Point gml:id="K1_492945_6-g" srsName="fguuid:jgd2011.bl">
<gml:pos>33.027961694 129.683128056</gml:pos>
</gml:Point>
</pos>
<orgName>国土地理院</orgName>
<type>三角点</type>
<gcpClass>三等三角点</gcpClass>
<gcpCode>TR34929453401</gcpCode>
<name>岩屋</name>
<B>118900.6621</B>
<L>466859.261</L>
<alti>266.41</alti>
<altiAcc>2</altiAcc>
</GCP>
<GCP gml:id="K1_492945_7">
<fid>10-00100-0-2412-28317</fid>
<lfSpanFr gml:id="K1_492945_7-1">
<gml:timePosition>2024-12-03</gml:timePosition>
</lfSpanFr>
<devDate gml:id="K1_492945_7-2">
<gml:timePosition>2024-12-12</gml:timePosition>
</devDate>
<orgGILvl>KJ13</orgGILvl>
<vis>表示</vis>
<pos>
<gml:Point gml:id="K1_492945_7-g" srsName="fguuid:jgd2011.bl">
<gml:pos>33.038487611 129.635933194</gml:pos>
</gml:Point>
</pos>
<orgName>国土地理院</orgName>
<type>三角点</type>
<gcpClass>三等三角点</gcpClass>
<gcpCode>TR34929454001</gcpCode>
<name>寺島</name>
<B>118938.5554</B>
<L>466689.3595</L>
<alti>70.64</alti>
<altiAcc>2</altiAcc>
</GCP>
<GCP gml:id="K1_492945_8">
<fid>10-00100-0-2412-28318</fid>
<lfSpanFr gml:id="K1_492945_8-1">
<gml:timePosition>2024-12-03</gml:timePosition>
</lfSpanFr>
<devDate gml:id="K1_492945_8-2">
<gml:timePosition>2024-12-12</gml:timePosition>
</devDate>
<orgGILvl>KJ13</orgGILvl>
<vis>表示</vis>
<pos>
<gml:Point gml:id="K1_492945_8-g" srsName="fguuid:jgd2011.bl">
<gml:pos>33.034504917 129.653628639</gml:pos>
</gml:Point>
</pos>
<orgName>国土地理院</orgName>
<type>三角点</type>
<gcpClass>三等三角点</gcpClass>
<gcpCode>TR34929454201</gcpCode>
<name>釜敷山</name>
<B>118924.2177</B>
<L>466753.0631</L>
<alti>179.56</alti>
<altiAcc>2</altiAcc>
</GCP>
<GCP gml:id="K1_492945_9">
<fid>10-00100-0-2412-28319</fid>
<lfSpanFr gml:id="K1_492945_9-1">
<gml:timePosition>2024-12-03</gml:timePosition>
</lfSpanFr>
<devDate gml:id="K1_492945_9-2">
<gml:timePosition>2024-12-12</gml:timePosition>
</devDate>
<orgGILvl>KJ13</orgGILvl>
<vis>表示</vis>
<pos>
<gml:Point gml:id="K1_492945_9-g" srsName="fguuid:jgd2011.bl">
<gml:pos>33.034219194 129.738928667</gml:pos>
</gml:Point>
</pos>
<orgName>国土地理院</orgName>
<type>三角点</type>
<gcpClass>三等三角点</gcpClass>
<gcpCode>TR34929454901</gcpCode>
<name>大串山</name>
<B>118923.1891</B>
<L>467060.1432</L>
<alti>140.38</alti>
<altiAcc>2</altiAcc>
</GCP>
<GCP gml:id="K1_492945_10">
<fid>10-00100-0-2412-28320</fid>
<lfSpanFr gml:id="K1_492945_10-1">
<gml:timePosition>2024-12-03</gml:timePosition>
</lfSpanFr>
<devDate gml:id="K1_492945_10-2">
<gml:timePosition>2024-12-12</gml:timePosition>
</devDate>
<orgGILvl>KJ13</orgGILvl>
<vis>表示</vis>
<pos>
<gml:Point gml:id="K1_492945_10-g" srsName="fguuid:jgd2011.bl">
<gml:pos>33.061002750 129.631638389</gml:pos>
</gml:Point>
</pos>
<orgName>国土地理院</orgName>
<type>三角点</type>
<gcpClass>三等三角点</gcpClass>
<gcpCode>TR34929457001</gcpCode>
<name>遠見岳</name>
<B>119019.6099</B>
<L>466673.8982</L>
<alti>99.55</alti>
<altiAcc>2</altiAcc>
</GCP>
<GCP gml:id="K1_492945_11">
<fid>10-00100-0-2412-28321</fid>
<lfSpanFr gml:id="K1_492945_11-1">
<gml:timePosition>2024-12-03</gml:timePosition>
</lfSpanFr>
<devDate gml:id="K1_492945_11-2">
<gml:timePosition>2024-12-12</gml:timePosition>
</devDate>
<orgGILvl>KJ13</orgGILvl>
<vis>表示</vis>
<pos>
<gml:Point gml:id="K1_492945_11-g" srsName="fguuid:jgd2011.bl">
<gml:pos>33.058718417 129.723573194</gml:pos>
</gml:Point>
</pos>
<orgName>国土地理院</orgName>
<type>三角点</type>
<gcpClass>三等三角点</gcpClass>
<gcpCode>TR34929457701</gcpCode>
<name>畠下</name>
<B>119011.3863</B>
<L>467004.8635</L>
<alti>101.03</alti>
<altiAcc>2</altiAcc>
</GCP>
<GCP gml:id="K1_492945_12">
<fid>10-00100-0-2412-28322</fid>
<lfSpanFr gml:id="K1_492945_12-1">
<gml:timePosition>2024-12-03</gml:timePosition>
</lfSpanFr>
<devDate gml:id="K1_492945_12-2">
<gml:timePosition>2024-12-12</gml:timePosition>
</devDate>
<orgGILvl>KJ13</orgGILvl>
<vis>表示</vis>
<pos>
<gml:Point gml:id="K1_492945_12-g" srsName="fguuid:jgd2011.bl">
<gml:pos>33.070263222 129.663149861</gml:pos>
</gml:Point>
</pos>
<orgName>国土地理院</orgName>
<type>三角点</type>
<gcpClass>三等三角点</gcpClass>
<gcpCode>TR34929458301</gcpCode>
<name>松山崎</name>
<B>119052.9476</B>
<L>466787.3395</L>
<alti>39.89</alti>
<altiAcc>2</altiAcc>
</GCP>
<GCP gml:id="K1_492945_13">
<fid>10-00100-0-2412-28323</fid>
<lfSpanFr gml:id="K1_492945_13-1">
<gml:timePosition>2024-12-03</gml:timePosition>
</lfSpanFr>
<devDate gml:id="K1_492945_13-2">
<gml:timePosition>2024-12-12</gml:timePosition>
</devDate>
<orgGILvl>KJ13</orgGILvl>
<vis>表示</vis>
<pos>
<gml:Point gml:id="K1_492945_13-g" srsName="fguuid:jgd2011.bl">
<gml:pos>33.079703583 129.684669778</gml:pos>
</gml:Point>
</pos>
<orgName>国土地理院</orgName>
<type>三角点</type>
<gcpClass>三等三角点</gcpClass>
<gcpCode>TR34929459401</gcpCode>
<name>濱ノ田</name>
<B>119086.9329</B>
<L>466864.8112</L>
<alti>74.67</alti>
<altiAcc>2</altiAcc>
</GCP>
<GCP gml:id="K1_492945_14">
<fid>10-00100-0-2412-28324</fid>
<lfSpanFr gml:id="K1_492945_14-1">
<gml:timePosition>2024-12-03</gml:timePosition>
</lfSpanFr>
<devDate gml:id="K1_492945_14-2">
<gml:timePosition>2024-12-12</gml:timePosition>
</devDate>
<orgGILvl>KJ13</orgGILvl>
<vis>表示</vis>
<pos>
<gml:Point gml:id="K1_492945_14-g" srsName="fguuid:jgd2011.bl">
<gml:pos>33.077069611 129.709641722</gml:pos>
</gml:Point>
</pos>
<orgName>国土地理院</orgName>
<type>三角点</type>
<gcpClass>三等三角点</gcpClass>
<gcpCode>TR34929459601</gcpCode>
<name>横瀬</name>
<B>119077.4506</B>
<L>466954.7102</L>
<alti>71.12</alti>
<altiAcc>2</altiAcc>
</GCP>
<GCP gml:id="K1_492945_15">
<fid>10-00100-0-2412-64409</fid>
<lfSpanFr gml:id="K1_492945_15-1">
<gml:timePosition>2024-12-03</gml:timePosition>
</lfSpanFr>
<devDate gml:id="K1_492945_15-2">
<gml:timePosition>2024-12-12</gml:timePosition>
</devDate>
<orgGILvl>KJ14</orgGILvl>
<vis>表示</vis>
<pos>
<gml:Point gml:id="K1_492945_15-g" srsName="fguuid:jgd2011.bl">
<gml:pos>33.007128056 129.661250417</gml:pos>
</gml:Point>
</pos>
<orgName>国土地理院</orgName>
<type>三角点</type>
<gcpClass>四等三角点</gcpClass>
<gcpCode>TR44929450201</gcpCode>
<name>黒木</name>
<B>118825.661</B>
<L>466780.5015</L>
<alti>124.47</alti>
<altiAcc>2</altiAcc>
</GCP>
<GCP gml:id="K1_492945_16">
<fid>10-00100-0-2412-64410</fid>
<lfSpanFr gml:id="K1_492945_16-1">
<gml:timePosition>2024-12-03</gml:timePosition>
</lfSpanFr>
<devDate gml:id="K1_492945_16-2">
<gml:timePosition>2024-12-12</gml:timePosition>
</devDate>
<orgGILvl>KJ14</orgGILvl>
<vis>表示</vis>
<pos>
<gml:Point gml:id="K1_492945_16-g" srsName="fguuid:jgd2011.bl">
<gml:pos>33.003370250 129.650170028</gml:pos>
</gml:Point>
</pos>
<orgName>国土地理院</orgName>
<type>三角点</type>
<gcpClass>四等三角点</gcpClass>
<gcpCode>TR44929450202</gcpCode>
<name>南串</name>
<B>118812.1329</B>
<L>466740.6121</L>
<alti>39.7</alti>
<altiAcc>2</altiAcc>
</GCP>
<GCP gml:id="K1_492945_17">
<fid>10-00100-0-2412-64411</fid>
<lfSpanFr gml:id="K1_492945_17-1">
<gml:timePosition>2024-12-03</gml:timePosition>
</lfSpanFr>
<devDate gml:id="K1_492945_17-2">
<gml:timePosition>2024-12-12</gml:timePosition>
</devDate>
<orgGILvl>KJ14</orgGILvl>
<vis>表示</vis>
<pos>
<gml:Point gml:id="K1_492945_17-g" srsName="fguuid:jgd2011.bl">
<gml:pos>33.000757694 129.671814139</gml:pos>
</gml:Point>
</pos>
<orgName>国土地理院</orgName>
<type>三角点</type>
<gcpClass>四等三角点</gcpClass>
<gcpCode>TR44929450301</gcpCode>
<name>山田</name>
<B>118802.7277</B>
<L>466818.5309</L>
<alti>170.88</alti>
<altiAcc>2</altiAcc>
</GCP>
<GCP gml:id="K1_492945_18">
<fid>10-00100-0-2412-64412</fid>
<lfSpanFr gml:id="K1_492945_18-1">
<gml:timePosition>2024-12-03</gml:timePosition>
</lfSpanFr>
<devDate gml:id="K1_492945_18-2">
<gml:timePosition>2024-12-12</gml:timePosition>
</devDate>
<orgGILvl>KJ14</orgGILvl>
<vis>表示</vis>
<pos>
<gml:Point gml:id="K1_492945_18-g" srsName="fguuid:jgd2011.bl">
<gml:pos>33.008148500 129.692692194</gml:pos>
</gml:Point>
</pos>
<orgName>国土地理院</orgName>
<type>三角点</type>
<gcpClass>四等三角点</gcpClass>
<gcpCode>TR44929450501</gcpCode>
<name>奥山</name>
<B>118829.3346</B>
<L>466893.6919</L>
<alti>299.79</alti>
<altiAcc>2</altiAcc>
</GCP>
<GCP gml:id="K1_492945_19">
<fid>10-00100-0-2412-64413</fid>
<lfSpanFr gml:id="K1_492945_19-1">
<gml:timePosition>2024-12-03</gml:timePosition>
</lfSpanFr>
<devDate gml:id="K1_492945_19-2">
<gml:timePosition>2024-12-12</gml:timePosition>
</devDate>
<orgGILvl>KJ14</orgGILvl>
<vis>表示</vis>
<pos>
<gml:Point gml:id="K1_492945_19-g" srsName="fguuid:jgd2011.bl">
<gml:pos>33.000401583 129.699614917</gml:pos>
</gml:Point>
</pos>
<orgName>国土地理院</orgName>
<type>三角点</type>
<gcpClass>四等三角点</gcpClass>
<gcpCode>TR44929450502</gcpCode>
<name>白岳</name>
<B>118801.4457</B>
<L>466918.6137</L>
<alti>350.53</alti>
<altiAcc>2</altiAcc>
</GCP>
<GCP gml:id="K1_492945_20">
<fid>10-00100-0-2412-64414</fid>
<lfSpanFr gml:id="K1_492945_20-1">
<gml:timePosition>2024-12-03</gml:timePosition>
</lfSpanFr>
<devDate gml:id="K1_492945_20-2">
<gml:timePosition>2024-12-12</gml:timePosition>
</devDate>
<orgGILvl>KJ14</orgGILvl>
<vis>表示</vis>
<pos>
<gml:Point gml:id="K1_492945_20-g" srsName="fguuid:jgd2011.bl">
<gml:pos>33.003021556 129.746022861</gml:pos>
</gml:Point>
</pos>
<orgName>国土地理院</orgName>
<type>三角点</type>
<gcpClass>四等三角点</gcpClass>
<gcpCode>TR44929450901</gcpCode>
<name>三島西平</name>
<B>118810.8776</B>
<L>467085.6823</L>
<alti>59.44</alti>
<altiAcc>2</altiAcc>
</GCP>
<GCP gml:id="K1_492945_21">
<fid>10-00100-0-2412-64415</fid>
<lfSpanFr gml:id="K1_492945_21-1">
<gml:timePosition>2024-12-03</gml:timePosition>
</lfSpanFr>
<devDate gml:id="K1_492945_21-2">
<gml:timePosition>2024-12-12</gml:timePosition>
</devDate>
<orgGILvl>KJ14</orgGILvl>
<vis>表示</vis>
<pos>
<gml:Point gml:id="K1_492945_21-g" srsName="fguuid:jgd2011.bl">
<gml:pos>33.010214583 129.712733667</gml:pos>
</gml:Point>
</pos>
<orgName>国土地理院</orgName>
<type>三角点</type>
<gcpClass>四等三角点</gcpClass>
<gcpCode>TR44929451701</gcpCode>
<name>下錠石</name>
<B>118836.7725</B>
<L>466965.8412</L>
<alti>261.41</alti>
<altiAcc>2</altiAcc>
</GCP>
<GCP gml:id="K1_492945_22">
<fid>10-00100-0-2412-64416</fid>
<lfSpanFr gml:id="K1_492945_22-1">
<gml:timePosition>2024-12-03</gml:timePosition>
</lfSpanFr>
<devDate gml:id="K1_492945_22-2">
<gml:timePosition>2024-12-12</gml:timePosition>
</devDate>
<orgGILvl>KJ14</orgGILvl>
<vis>表示</vis>
<pos>
<gml:Point gml:id="K1_492945_22-g" srsName="fguuid:jgd2011.bl">
<gml:pos>33.016980694 129.669456750</gml:pos>
</gml:Point>
</pos>
<orgName>国土地理院</orgName>
<type>三角点</type>
<gcpClass>四等三角点</gcpClass>
<gcpCode>TR44929452301</gcpCode>
<name>北上原</name>
<B>118861.1305</B>
<L>466810.0443</L>
<alti>231.35</alti>
<altiAcc>2</altiAcc>
</GCP>
<GCP gml:id="K1_492945_23">
<fid>10-00100-0-2412-64417</fid>
<lfSpanFr gml:id="K1_492945_23-1">
<gml:timePosition>2024-12-03</gml:timePosition>
</lfSpanFr>
<devDate gml:id="K1_492945_23-2">
<gml:timePosition>2024-12-12</gml:timePosition>
</devDate>
<orgGILvl>KJ14</orgGILvl>
<vis>表示</vis>
<pos>
<gml:Point gml:id="K1_492945_23-g" srsName="fguuid:jgd2011.bl">
<gml:pos>33.019454917 129.698192722</gml:pos>
</gml:Point>
</pos>
<orgName>国土地理院</orgName>
<type>三角点</type>
<gcpClass>四等三角点</gcpClass>
<gcpCode>TR44929452501</gcpCode>
<name>手水川</name>
<B>118870.0377</B>
<L>466913.4938</L>
<alti>283.97</alti>
<altiAcc>2</altiAcc>
</GCP>
<GCP gml:id="K1_492945_24">
<fid>10-00100-0-2412-64418</fid>
<lfSpanFr gml:id="K1_492945_24-1">
<gml:timePosition>2024-12-03</gml:timePosition>
</lfSpanFr>
<devDate gml:id="K1_492945_24-2">
<gml:timePosition>2024-12-12</gml:timePosition>
</devDate>
<orgGILvl>KJ14</orgGILvl>
<vis>表示</vis>
<pos>
<gml:Point gml:id="K1_492945_24-g" srsName="fguuid:jgd2011.bl">
<gml:pos>33.030677333 129.666967806</gml:pos>
</gml:Point>
</pos>
<orgName>国土地理院</orgName>
<type>三角点</type>
<gcpClass>四等三角点</gcpClass>
<gcpCode>TR44929453301</gcpCode>
<name>流矢</name>
<B>118910.4384</B>
<L>466801.0841</L>
<alti>184.19</alti>
<altiAcc>2</altiAcc>
</GCP>
<GCP gml:id="K1_492945_25">
<fid>10-00100-0-2412-64419</fid>
<lfSpanFr gml:id="K1_492945_25-1">
<gml:timePosition>2024-12-03</gml:timePosition>
</lfSpanFr>
<devDate gml:id="K1_492945_25-2">
<gml:timePosition>2024-12-12</gml:timePosition>
</devDate>
<orgGILvl>KJ14</orgGILvl>
<vis>表示</vis>
<pos>
<gml:Point gml:id="K1_492945_25-g" srsName="fguuid:jgd2011.bl">
<gml:pos>33.032731889 129.716436194</gml:pos>
</gml:Point>
</pos>
<orgName>国土地理院</orgName>
<type>三角点</type>
<gcpClass>四等三角点</gcpClass>
<gcpCode>TR44929453701</gcpCode>
<name>岩代</name>
<B>118917.8348</B>
<L>466979.1703</L>
<alti>205.75</alti>
<altiAcc>2</altiAcc>
</GCP>
<GCP gml:id="K1_492945_26">
<fid>10-00100-0-2412-64420</fid>
<lfSpanFr gml:id="K1_492945_26-1">
<gml:timePosition>2024-12-03</gml:timePosition>
</lfSpanFr>
<devDate gml:id="K1_492945_26-2">
<gml:timePosition>2024-12-12</gml:timePosition>
</devDate>
<orgGILvl>KJ14</orgGILvl>
<vis>表示</vis>
<pos>
<gml:Point gml:id="K1_492945_26-g" srsName="fguuid:jgd2011.bl">
<gml:pos>33.038904889 129.669130889</gml:pos>
</gml:Point>
</pos>
<orgName>国土地理院</orgName>
<type>三角点</type>
<gcpClass>四等三角点</gcpClass>
<gcpCode>TR44929454301</gcpCode>
<name>丸山</name>
<B>118940.0576</B>
<L>466808.8712</L>
<alti>128.6</alti>
<altiAcc>2</altiAcc>
</GCP>
<GCP gml:id="K1_492945_27">
<fid>10-00100-0-2412-64421</fid>
<lfSpanFr gml:id="K1_492945_27-1">
<gml:timePosition>2024-12-03</gml:timePosition>
</lfSpanFr>
<devDate gml:id="K1_492945_27-2">
<gml:timePosition>2024-12-12</gml:timePosition>
</devDate>
<orgGILvl>KJ14</orgGILvl>
<vis>表示</vis>
<pos>
<gml:Point gml:id="K1_492945_27-g" srsName="fguuid:jgd2011.bl">
<gml:pos>33.034227611 129.692427917</gml:pos>
</gml:Point>
</pos>
<orgName>国土地理院</orgName>
<type>三角点</type>
<gcpClass>四等三角点</gcpClass>
<gcpCode>TR44929454501</gcpCode>
<name>奥野</name>
<B>118923.2194</B>
<L>466892.7405</L>
<alti>265.47</alti>
<altiAcc>2</altiAcc>
</GCP>
<GCP gml:id="K1_492945_28">
<fid>10-00100-0-2412-64422</fid>
<lfSpanFr gml:id="K1_492945_28-1">
<gml:timePosition>2024-12-03</gml:timePosition>
</lfSpanFr>
<devDate gml:id="K1_492945_28-2">
<gml:timePosition>2024-12-12</gml:timePosition>
</devDate>
<orgGILvl>KJ14</orgGILvl>
<vis>表示</vis>
<pos>
<gml:Point gml:id="K1_492945_28-g" srsName="fguuid:jgd2011.bl">
<gml:pos>33.033486806 129.705405556</gml:pos>
</gml:Point>
</pos>
<orgName>国土地理院</orgName>
<type>三角点</type>
<gcpClass>四等三角点</gcpClass>
<gcpCode>TR44929454601</gcpCode>
<name>大枚</name>
<B>118920.5525</B>
<L>466939.46</L>
<alti>279.47</alti>
<altiAcc>2</altiAcc>
</GCP>
<GCP gml:id="K1_492945_29">
<fid>10-00100-0-2412-64423</fid>
<lfSpanFr gml:id="K1_492945_29-1">
<gml:timePosition>2024-12-03</gml:timePosition>
</lfSpanFr>
<devDate gml:id="K1_492945_29-2">
<gml:timePosition>2024-12-12</gml:timePosition>
</devDate>
<orgGILvl>KJ14</orgGILvl>
<vis>表示</vis>
<pos>
<gml:Point gml:id="K1_492945_29-g" srsName="fguuid:jgd2011.bl">
<gml:pos>33.040292556 129.725968389</gml:pos>
</gml:Point>
</pos>
<orgName>国土地理院</orgName>
<type>三角点</type>
<gcpClass>四等三角点</gcpClass>
<gcpCode>TR44929454801</gcpCode>
<name>岩下</name>
<B>118945.0532</B>
<L>467013.4862</L>
<alti>117.07</alti>
<altiAcc>2</altiAcc>
</GCP>
<GCP gml:id="K1_492945_30">
<fid>10-00100-0-2412-64424</fid>
<lfSpanFr gml:id="K1_492945_30-1">
<gml:timePosition>2024-12-03</gml:timePosition>
</lfSpanFr>
<devDate gml:id="K1_492945_30-2">
<gml:timePosition>2024-12-12</gml:timePosition>
</devDate>
<orgGILvl>KJ14</orgGILvl>
<vis>表示</vis>
<pos>
<gml:Point gml:id="K1_492945_30-g" srsName="fguuid:jgd2011.bl">
<gml:pos>33.049397583 129.663113417</gml:pos>
</gml:Point>
</pos>
<orgName>国土地理院</orgName>
<type>三角点</type>
<gcpClass>四等三角点</gcpClass>
<gcpCode>TR44929455301</gcpCode>
<name>古屋敷</name>
<B>118977.8313</B>
<L>466787.2083</L>
<alti>113.06</alti>
<altiAcc>2</altiAcc>
</GCP>
<GCP gml:id="K1_492945_31">
<fid>10-00100-0-2412-64425</fid>
<lfSpanFr gml:id="K1_492945_31-1">
<gml:timePosition>2024-12-03</gml:timePosition>
</lfSpanFr>
<devDate gml:id="K1_492945_31-2">
<gml:timePosition>2024-12-12</gml:timePosition>
</devDate>
<orgGILvl>KJ14</orgGILvl>
<vis>表示</vis>
<pos>
<gml:Point gml:id="K1_492945_31-g" srsName="fguuid:jgd2011.bl">
<gml:pos>33.044957278 129.675346389</gml:pos>
</gml:Point>
</pos>
<orgName>国土地理院</orgName>
<type>三角点</type>
<gcpClass>四等三角点</gcpClass>
<gcpCode>TR44929455401</gcpCode>
<name>築上</name>
<B>118961.8462</B>
<L>466831.247</L>
<alti>176.64</alti>
<altiAcc>2</altiAcc>
</GCP>
<GCP gml:id="K1_492945_32">
<fid>10-00100-0-2412-64426</fid>
<lfSpanFr gml:id="K1_492945_32-1">
<gml:timePosition>2024-12-03</gml:timePosition>
</lfSpanFr>
<devDate gml:id="K1_492945_32-2">
<gml:timePosition>2024-12-12</gml:timePosition>
</devDate>
<orgGILvl>KJ14</orgGILvl>
<vis>表示</vis>
<pos>
<gml:Point gml:id="K1_492945_32-g" srsName="fguuid:jgd2011.bl">
<gml:pos>33.049013528 129.702334944</gml:pos>
</gml:Point>
</pos>
<orgName>国土地理院</orgName>
<type>三角点</type>
<gcpClass>四等三角点</gcpClass>
<gcpCode>TR44929455601</gcpCode>
<name>田代</name>
<B>118976.4487</B>
<L>466928.4058</L>
<alti>202.21</alti>
<altiAcc>2</altiAcc>
</GCP>
<GCP gml:id="K1_492945_33">
<fid>10-00100-0-2412-64427</fid>
<lfSpanFr gml:id="K1_492945_33-1">
<gml:timePosition>2024-12-03</gml:timePosition>
</lfSpanFr>
<devDate gml:id="K1_492945_33-2">
<gml:timePosition>2024-12-12</gml:timePosition>
</devDate>
<orgGILvl>KJ14</orgGILvl>
<vis>表示</vis>
<pos>
<gml:Point gml:id="K1_492945_33-g" srsName="fguuid:jgd2011.bl">
<gml:pos>33.049163528 129.716715611</gml:pos>
</gml:Point>
</pos>
<orgName>国土地理院</orgName>
<type>三角点</type>
<gcpClass>四等三角点</gcpClass>
<gcpCode>TR44929455701</gcpCode>
<name>堂山</name>
<B>118976.9887</B>
<L>466980.1762</L>
<alti>156.03</alti>
<altiAcc>2</altiAcc>
</GCP>
<GCP gml:id="K1_492945_34">
<fid>10-00100-0-2412-64428</fid>
<lfSpanFr gml:id="K1_492945_34-1">
<gml:timePosition>2024-12-03</gml:timePosition>
</lfSpanFr>
<devDate gml:id="K1_492945_34-2">
<gml:timePosition>2024-12-12</gml:timePosition>
</devDate>
<orgGILvl>KJ14</orgGILvl>
<vis>表示</vis>
<pos>
<gml:Point gml:id="K1_492945_34-g" srsName="fguuid:jgd2011.bl">
<gml:pos>33.048545361 129.736971139</gml:pos>
</gml:Point>
</pos>
<orgName>国土地理院</orgName>
<type>三角点</type>
<gcpClass>四等三角点</gcpClass>
<gcpCode>TR44929455801</gcpCode>
<name>上小迎</name>
<B>118974.7633</B>
<L>467053.0961</L>
<alti>65.84</alti>
<altiAcc>2</altiAcc>
</GCP>
<GCP gml:id="K1_492945_35">
<fid>10-00100-0-2412-64429</fid>
<lfSpanFr gml:id="K1_492945_35-1">
<gml:timePosition>2024-12-03</gml:timePosition>
</lfSpanFr>
<devDate gml:id="K1_492945_35-2">
<gml:timePosition>2024-12-12</gml:timePosition>
</devDate>
<orgGILvl>KJ14</orgGILvl>
<vis>表示</vis>
<pos>
<gml:Point gml:id="K1_492945_35-g" srsName="fguuid:jgd2011.bl">
<gml:pos>33.057279722 129.676761250</gml:pos>
</gml:Point>
</pos>
<orgName>国土地理院</orgName>
<type>三角点</type>
<gcpClass>四等三角点</gcpClass>
<gcpCode>TR44929456401</gcpCode>
<name>黒口</name>
<B>119006.207</B>
<L>466836.3405</L>
<alti>187.62</alti>
<altiAcc>2</altiAcc>
</GCP>
<GCP gml:id="K1_492945_36">
<fid>10-00100-0-2412-64430</fid>
<lfSpanFr gml:id="K1_492945_36-1">
<gml:timePosition>2024-12-03</gml:timePosition>
</lfSpanFr>
<devDate gml:id="K1_492945_36-2">
<gml:timePosition>2024-12-12</gml:timePosition>
</devDate>
<orgGILvl>KJ14</orgGILvl>
<vis>表示</vis>
<pos>
<gml:Point gml:id="K1_492945_36-g" srsName="fguuid:jgd2011.bl">
<gml:pos>33.059898028 129.647021889</gml:pos>
</gml:Point>
</pos>
<orgName>国土地理院</orgName>
<type>三角点</type>
<gcpClass>四等三角点</gcpClass>
<gcpCode>TR44929457101</gcpCode>
<name>端ノ島</name>
<B>119015.6329</B>
<L>466729.2788</L>
<alti>25.68</alti>
<altiAcc>2</altiAcc>
</GCP>
<GCP gml:id="K1_492945_37">
<fid>10-00100-0-2412-64432</fid>
<lfSpanFr gml:id="K1_492945_37-1">
<gml:timePosition>2024-12-03</gml:timePosition>
</lfSpanFr>
<devDate gml:id="K1_492945_37-2">
<gml:timePosition>2024-12-12</gml:timePosition>
</devDate>
<orgGILvl>KJ14</orgGILvl>
<vis>表示</vis>
<pos>
<gml:Point gml:id="K1_492945_37-g" srsName="fguuid:jgd2011.bl">
<gml:pos>33.058998056 129.691589944</gml:pos>
</gml:Point>
</pos>
<orgName>国土地理院</orgName>
<type>三角点</type>
<gcpClass>四等三角点</gcpClass>
<gcpCode>TR44929457503</gcpCode>
<name>下五三郎</name>
<B>119012.393</B>
<L>466889.7238</L>
<alti>141.34</alti>
<altiAcc>2</altiAcc>
</GCP>
<GCP gml:id="K1_492945_38">
<fid>10-00100-0-2412-64433</fid>
<lfSpanFr gml:id="K1_492945_38-1">
<gml:timePosition>2024-12-03</gml:timePosition>
</lfSpanFr>
<devDate gml:id="K1_492945_38-2">
<gml:timePosition>2024-12-12</gml:timePosition>
</devDate>
<orgGILvl>KJ14</orgGILvl>
<vis>表示</vis>
<pos>
<gml:Point gml:id="K1_492945_38-g" srsName="fguuid:jgd2011.bl">
<gml:pos>33.064777306 129.712057722</gml:pos>
</gml:Point>
</pos>
<orgName>国土地理院</orgName>
<type>三角点</type>
<gcpClass>四等三角点</gcpClass>
<gcpCode>TR44929457601</gcpCode>
<name>丸田</name>
<B>119033.1983</B>
<L>466963.4078</L>
<alti>83.88</alti>
<altiAcc>2</altiAcc>
</GCP>
<GCP gml:id="K1_492945_39">
<fid>10-00100-0-2412-64434</fid>
<lfSpanFr gml:id="K1_492945_39-1">
<gml:timePosition>2024-12-03</gml:timePosition>
</lfSpanFr>
<devDate gml:id="K1_492945_39-2">
<gml:timePosition>2024-12-12</gml:timePosition>
</devDate>
<orgGILvl>KJ14</orgGILvl>
<vis>表示</vis>
<pos>
<gml:Point gml:id="K1_492945_39-g" srsName="fguuid:jgd2011.bl">
<gml:pos>33.067620944 129.679702444</gml:pos>
</gml:Point>
</pos>
<orgName>国土地理院</orgName>
<type>三角点</type>
<gcpClass>四等三角点</gcpClass>
<gcpCode>TR44929458401</gcpCode>
<name>天久保</name>
<B>119043.4354</B>
<L>466846.9288</L>
<alti>84.16</alti>
<altiAcc>2</altiAcc>
</GCP>
<GCP gml:id="K1_492945_40">
<fid>10-00100-0-2412-64435</fid>
<lfSpanFr gml:id="K1_492945_40-1">
<gml:timePosition>2024-12-03</gml:timePosition>
</lfSpanFr>
<devDate gml:id="K1_492945_40-2">
<gml:timePosition>2024-12-12</gml:timePosition>
</devDate>
<orgGILvl>KJ14</orgGILvl>
<vis>表示</vis>
<pos>
<gml:Point gml:id="K1_492945_40-g" srsName="fguuid:jgd2011.bl">
<gml:pos>33.069013694 129.695572194</gml:pos>
</gml:Point>
</pos>
<orgName>国土地理院</orgName>
<type>三角点</type>
<gcpClass>四等三角点</gcpClass>
<gcpCode>TR44929458501</gcpCode>
<name>石田</name>
<B>119048.4493</B>
<L>466904.0599</L>
<alti>65.06</alti>
<altiAcc>2</altiAcc>
</GCP>
<GCP gml:id="K1_492945_41">
<fid>10-00100-0-2412-64436</fid>
<lfSpanFr gml:id="K1_492945_41-1">
<gml:timePosition>2024-12-03</gml:timePosition>
</lfSpanFr>
<devDate gml:id="K1_492945_41-2">
<gml:timePosition>2024-12-12</gml:timePosition>
</devDate>
<orgGILvl>KJ14</orgGILvl>
<vis>表示</vis>
<pos>
<gml:Point gml:id="K1_492945_41-g" srsName="fguuid:jgd2011.bl">
<gml:pos>33.080336000 129.697794722</gml:pos>
</gml:Point>
</pos>
<orgName>国土地理院</orgName>
<type>三角点</type>
<gcpClass>四等三角点</gcpClass>
<gcpCode>TR44929459501</gcpCode>
<name>桑原</name>
<B>119089.2096</B>
<L>466912.061</L>
<alti>49.15</alti>
<altiAcc>2</altiAcc>
</GCP>
<GCP gml:id="K1_492945_42">
<fid>10-00100-0-2412-64437</fid>
<lfSpanFr gml:id="K1_492945_42-1">
<gml:timePosition>2024-12-03</gml:timePosition>
</lfSpanFr>
<devDate gml:id="K1_492945_42-2">
<gml:timePosition>2024-12-12</gml:timePosition>
</devDate>
<orgGILvl>KJ14</orgGILvl>
<vis>表示</vis>
<pos>
<gml:Point gml:id="K1_492945_42-g" srsName="fguuid:jgd2011.bl">
<gml:pos>33.083111972 129.740609139</gml:pos>
</gml:Point>
</pos>
<orgName>国土地理院</orgName>
<type>三角点</type>
<gcpClass>四等三角点</gcpClass>
<gcpCode>TR44929459901</gcpCode>
<name>畦津</name>
<B>119099.2031</B>
<L>467066.1929</L>
<alti>78.97</alti>
<altiAcc>2</altiAcc>
</GCP>
</Dataset>
