<?xml version="1.0" encoding="utf-8"?>
<Dataset xsi:schemaLocation="http://fgd.gsi.go.jp/spec/2008/FGD_GMLSchema FGD_GMLSchema.xsd"
	xmlns:gml="http://www.opengis.net/gml/3.2"
	xmlns:xsi="http://www.w3.org/2001/XMLSchema-instance"
	xmlns:xlink="http://www.w3.org/1999/xlink"
	xmlns="http://fgd.gsi.go.jp/spec/2008/FGD_GMLSchema"
	gml:id="Dataset1">
  <gml:description>基盤地図情報メタデータ ID=fmdid:25-0101</gml:description>
  <gml:name>基盤地図情報ダウンロードデータ（GML版）</gml:name>
<ElevPt gml:id="K2_4666511889_1">
<fid>46665-11889-i-624</fid>
<lfSpanFr gml:id="K2_4666511889_1-1">
<gml:timePosition>2023-02-21</gml:timePosition>
</lfSpanFr>
<devDate gml:id="K2_4666511889_1-2">
<gml:timePosition>2024-12-12</gml:timePosition>
</devDate>
<orgGILvl>25000</orgGILvl>
<vis>表示</vis>
<pos>
<gml:Point gml:id="K2_4666511889_1-g" srsName="fguuid:jgd2011.bl">
<gml:pos>33.029181667 129.631538611</gml:pos>
</gml:Point>
</pos>
<type>標高点（測点）</type>
<alti>53</alti>
</ElevPt>
<ElevPt gml:id="K2_4667111886_1">
<fid>46671-11886-i-170</fid>
<lfSpanFr gml:id="K2_4667111886_1-1">
<gml:timePosition>2023-02-21</gml:timePosition>
</lfSpanFr>
<devDate gml:id="K2_4667111886_1-2">
<gml:timePosition>2024-12-12</gml:timePosition>
</devDate>
<orgGILvl>25000</orgGILvl>
<vis>表示</vis>
<pos>
<gml:Point gml:id="K2_4667111886_1-g" srsName="fguuid:jgd2011.bl">
<gml:pos>33.022063889 129.649819722</gml:pos>
</gml:Point>
</pos>
<type>標高点（測点）</type>
<alti>64</alti>
</ElevPt>
<ElevPt gml:id="K2_4667111901_1">
<fid>46671-11901-i-42</fid>
<lfSpanFr gml:id="K2_4667111901_1-1">
<gml:timePosition>2023-02-21</gml:timePosition>
</lfSpanFr>
<devDate gml:id="K2_4667111901_1-2">
<gml:timePosition>2024-12-12</gml:timePosition>
</devDate>
<orgGILvl>25000</orgGILvl>
<vis>表示</vis>
<pos>
<gml:Point gml:id="K2_4667111901_1-g" srsName="fguuid:jgd2011.bl">
<gml:pos>33.062167500 129.641700556</gml:pos>
</gml:Point>
</pos>
<type>標高点（測点）</type>
<alti>35</alti>
</ElevPt>
<ElevPt gml:id="K2_4667411889_1">
<fid>46674-11889-i-298</fid>
<lfSpanFr gml:id="K2_4667411889_1-1">
<gml:timePosition>2023-02-21</gml:timePosition>
</lfSpanFr>
<devDate gml:id="K2_4667411889_1-2">
<gml:timePosition>2024-12-12</gml:timePosition>
</devDate>
<orgGILvl>25000</orgGILvl>
<vis>表示</vis>
<pos>
<gml:Point gml:id="K2_4667411889_1-g" srsName="fguuid:jgd2011.bl">
<gml:pos>33.029146389 129.657038611</gml:pos>
</gml:Point>
</pos>
<type>標高点（測点）</type>
<alti>89</alti>
</ElevPt>
<ElevPt gml:id="K2_4667711880_1">
<fid>46677-11880-i-517</fid>
<lfSpanFr gml:id="K2_4667711880_1-1">
<gml:timePosition>2023-02-21</gml:timePosition>
</lfSpanFr>
<devDate gml:id="K2_4667711880_1-2">
<gml:timePosition>2024-12-12</gml:timePosition>
</devDate>
<orgGILvl>25000</orgGILvl>
<vis>表示</vis>
<pos>
<gml:Point gml:id="K2_4667711880_1-g" srsName="fguuid:jgd2011.bl">
<gml:pos>33.006647778 129.666318333</gml:pos>
</gml:Point>
</pos>
<type>標高点（測点）</type>
<alti>112</alti>
</ElevPt>
<ElevPt gml:id="K2_4667711883_1">
<fid>46677-11883-i-228</fid>
<lfSpanFr gml:id="K2_4667711883_1-1">
<gml:timePosition>2023-02-21</gml:timePosition>
</lfSpanFr>
<devDate gml:id="K2_4667711883_1-2">
<gml:timePosition>2024-12-12</gml:timePosition>
</devDate>
<orgGILvl>25000</orgGILvl>
<vis>表示</vis>
<pos>
<gml:Point gml:id="K2_4667711883_1-g" srsName="fguuid:jgd2011.bl">
<gml:pos>33.009942222 129.660354167</gml:pos>
</gml:Point>
</pos>
<type>標高点（測点）</type>
<alti>136</alti>
</ElevPt>
<ElevPt gml:id="K2_4667711886_1">
<fid>46677-11886-i-319</fid>
<lfSpanFr gml:id="K2_4667711886_1-1">
<gml:timePosition>2023-02-21</gml:timePosition>
</lfSpanFr>
<devDate gml:id="K2_4667711886_1-2">
<gml:timePosition>2024-12-12</gml:timePosition>
</devDate>
<orgGILvl>25000</orgGILvl>
<vis>表示</vis>
<pos>
<gml:Point gml:id="K2_4667711886_1-g" srsName="fguuid:jgd2011.bl">
<gml:pos>33.017550278 129.660777778</gml:pos>
</gml:Point>
</pos>
<type>標高点（測点）</type>
<alti>178</alti>
</ElevPt>
<ElevPt gml:id="K2_4667711886_2">
<fid>46677-11886-i-320</fid>
<lfSpanFr gml:id="K2_4667711886_2-1">
<gml:timePosition>2023-02-21</gml:timePosition>
</lfSpanFr>
<devDate gml:id="K2_4667711886_2-2">
<gml:timePosition>2024-12-12</gml:timePosition>
</devDate>
<orgGILvl>25000</orgGILvl>
<vis>表示</vis>
<pos>
<gml:Point gml:id="K2_4667711886_2-g" srsName="fguuid:jgd2011.bl">
<gml:pos>33.023109722 129.664660833</gml:pos>
</gml:Point>
</pos>
<type>標高点（測点）</type>
<alti>147</alti>
</ElevPt>
<ElevPt gml:id="K2_4668011883_1">
<fid>46680-11883-i-156</fid>
<lfSpanFr gml:id="K2_4668011883_1-1">
<gml:timePosition>2023-02-21</gml:timePosition>
</lfSpanFr>
<devDate gml:id="K2_4668011883_1-2">
<gml:timePosition>2024-12-12</gml:timePosition>
</devDate>
<orgGILvl>25000</orgGILvl>
<vis>表示</vis>
<pos>
<gml:Point gml:id="K2_4668011883_1-g" srsName="fguuid:jgd2011.bl">
<gml:pos>33.009765000 129.669223611</gml:pos>
</gml:Point>
</pos>
<type>標高点（測点）</type>
<alti>178</alti>
</ElevPt>
<ElevPt gml:id="K2_4668311880_1">
<fid>46683-11880-i-57</fid>
<lfSpanFr gml:id="K2_4668311880_1-1">
<gml:timePosition>2023-02-21</gml:timePosition>
</lfSpanFr>
<devDate gml:id="K2_4668311880_1-2">
<gml:timePosition>2024-12-12</gml:timePosition>
</devDate>
<orgGILvl>25000</orgGILvl>
<vis>表示</vis>
<pos>
<gml:Point gml:id="K2_4668311880_1-g" srsName="fguuid:jgd2011.bl">
<gml:pos>33.005836944 129.676739444</gml:pos>
</gml:Point>
</pos>
<type>標高点（測点）</type>
<alti>158</alti>
</ElevPt>
<ElevPt gml:id="K2_4668311880_2">
<fid>46683-11880-i-58</fid>
<lfSpanFr gml:id="K2_4668311880_2-1">
<gml:timePosition>2023-02-21</gml:timePosition>
</lfSpanFr>
<devDate gml:id="K2_4668311880_2-2">
<gml:timePosition>2024-12-12</gml:timePosition>
</devDate>
<orgGILvl>25000</orgGILvl>
<vis>表示</vis>
<pos>
<gml:Point gml:id="K2_4668311880_2-g" srsName="fguuid:jgd2011.bl">
<gml:pos>33.002008056 129.680123056</gml:pos>
</gml:Point>
</pos>
<type>標高点（測点）</type>
<alti>208</alti>
</ElevPt>
<ElevPt gml:id="K2_4668311883_1">
<fid>46683-11883-i-83</fid>
<lfSpanFr gml:id="K2_4668311883_1-1">
<gml:timePosition>2023-02-21</gml:timePosition>
</lfSpanFr>
<devDate gml:id="K2_4668311883_1-2">
<gml:timePosition>2024-12-12</gml:timePosition>
</devDate>
<orgGILvl>25000</orgGILvl>
<vis>表示</vis>
<pos>
<gml:Point gml:id="K2_4668311883_1-g" srsName="fguuid:jgd2011.bl">
<gml:pos>33.012049167 129.677609722</gml:pos>
</gml:Point>
</pos>
<type>標高点（測点）</type>
<alti>168</alti>
</ElevPt>
<ElevPt gml:id="K2_4668311886_1">
<fid>46683-11886-i-270</fid>
<lfSpanFr gml:id="K2_4668311886_1-1">
<gml:timePosition>2023-02-21</gml:timePosition>
</lfSpanFr>
<devDate gml:id="K2_4668311886_1-2">
<gml:timePosition>2024-12-12</gml:timePosition>
</devDate>
<orgGILvl>25000</orgGILvl>
<vis>表示</vis>
<pos>
<gml:Point gml:id="K2_4668311886_1-g" srsName="fguuid:jgd2011.bl">
<gml:pos>33.019704464 129.679895049</gml:pos>
</gml:Point>
</pos>
<type>標高点（測点）</type>
<alti>214</alti>
</ElevPt>
<ElevPt gml:id="K2_4668311889_1">
<fid>46683-11889-i-444</fid>
<lfSpanFr gml:id="K2_4668311889_1-1">
<gml:timePosition>2023-02-21</gml:timePosition>
</lfSpanFr>
<devDate gml:id="K2_4668311889_1-2">
<gml:timePosition>2024-12-12</gml:timePosition>
</devDate>
<orgGILvl>25000</orgGILvl>
<vis>表示</vis>
<pos>
<gml:Point gml:id="K2_4668311889_1-g" srsName="fguuid:jgd2011.bl">
<gml:pos>33.030050556 129.676555556</gml:pos>
</gml:Point>
</pos>
<type>標高点（測点）</type>
<alti>267</alti>
</ElevPt>
<ElevPt gml:id="K2_4668311898_1">
<fid>46683-11898-i-367</fid>
<lfSpanFr gml:id="K2_4668311898_1-1">
<gml:timePosition>2023-02-21</gml:timePosition>
</lfSpanFr>
<devDate gml:id="K2_4668311898_1-2">
<gml:timePosition>2024-12-12</gml:timePosition>
</devDate>
<orgGILvl>25000</orgGILvl>
<vis>表示</vis>
<pos>
<gml:Point gml:id="K2_4668311898_1-g" srsName="fguuid:jgd2011.bl">
<gml:pos>33.051966111 129.678156944</gml:pos>
</gml:Point>
</pos>
<type>標高点（測点）</type>
<alti>203</alti>
</ElevPt>
<ElevPt gml:id="K2_4668311907_1">
<fid>46683-11907-i-1016</fid>
<lfSpanFr gml:id="K2_4668311907_1-1">
<gml:timePosition>2023-02-21</gml:timePosition>
</lfSpanFr>
<devDate gml:id="K2_4668311907_1-2">
<gml:timePosition>2024-12-12</gml:timePosition>
</devDate>
<orgGILvl>25000</orgGILvl>
<vis>表示</vis>
<pos>
<gml:Point gml:id="K2_4668311907_1-g" srsName="fguuid:jgd2011.bl">
<gml:pos>33.079667778 129.676342222</gml:pos>
</gml:Point>
</pos>
<type>標高点（測点）</type>
<alti>44</alti>
</ElevPt>
<ElevPt gml:id="K2_4668611880_1">
<fid>46686-11880-i-103</fid>
<lfSpanFr gml:id="K2_4668611880_1-1">
<gml:timePosition>2023-02-21</gml:timePosition>
</lfSpanFr>
<devDate gml:id="K2_4668611880_1-2">
<gml:timePosition>2024-12-12</gml:timePosition>
</devDate>
<orgGILvl>25000</orgGILvl>
<vis>表示</vis>
<pos>
<gml:Point gml:id="K2_4668611880_1-g" srsName="fguuid:jgd2011.bl">
<gml:pos>33.008323889 129.685390833</gml:pos>
</gml:Point>
</pos>
<type>標高点（測点）</type>
<alti>236</alti>
</ElevPt>
<ElevPt gml:id="K2_4668611883_1">
<fid>46686-11883-i-82</fid>
<lfSpanFr gml:id="K2_4668611883_1-1">
<gml:timePosition>2023-02-21</gml:timePosition>
</lfSpanFr>
<devDate gml:id="K2_4668611883_1-2">
<gml:timePosition>2024-12-12</gml:timePosition>
</devDate>
<orgGILvl>25000</orgGILvl>
<vis>表示</vis>
<pos>
<gml:Point gml:id="K2_4668611883_1-g" srsName="fguuid:jgd2011.bl">
<gml:pos>33.012551111 129.690238889</gml:pos>
</gml:Point>
</pos>
<type>標高点（測点）</type>
<alti>228</alti>
</ElevPt>
<ElevPt gml:id="K2_4668611886_1">
<fid>46686-11886-i-74</fid>
<lfSpanFr gml:id="K2_4668611886_1-1">
<gml:timePosition>2023-02-21</gml:timePosition>
</lfSpanFr>
<devDate gml:id="K2_4668611886_1-2">
<gml:timePosition>2024-12-12</gml:timePosition>
</devDate>
<orgGILvl>25000</orgGILvl>
<vis>表示</vis>
<pos>
<gml:Point gml:id="K2_4668611886_1-g" srsName="fguuid:jgd2011.bl">
<gml:pos>33.018234722 129.687960556</gml:pos>
</gml:Point>
</pos>
<type>標高点（測点）</type>
<alti>193</alti>
</ElevPt>
<ElevPt gml:id="K2_4668611892_1">
<fid>46686-11892-i-328</fid>
<lfSpanFr gml:id="K2_4668611892_1-1">
<gml:timePosition>2023-02-21</gml:timePosition>
</lfSpanFr>
<devDate gml:id="K2_4668611892_1-2">
<gml:timePosition>2024-12-12</gml:timePosition>
</devDate>
<orgGILvl>25000</orgGILvl>
<vis>表示</vis>
<pos>
<gml:Point gml:id="K2_4668611892_1-g" srsName="fguuid:jgd2011.bl">
<gml:pos>33.038902321 129.684846112</gml:pos>
</gml:Point>
</pos>
<type>標高点（測点）</type>
<alti>154</alti>
</ElevPt>
<ElevPt gml:id="K2_4668611901_1">
<fid>46686-11901-i-871</fid>
<lfSpanFr gml:id="K2_4668611901_1-1">
<gml:timePosition>2023-02-21</gml:timePosition>
</lfSpanFr>
<devDate gml:id="K2_4668611901_1-2">
<gml:timePosition>2024-12-12</gml:timePosition>
</devDate>
<orgGILvl>25000</orgGILvl>
<vis>表示</vis>
<pos>
<gml:Point gml:id="K2_4668611901_1-g" srsName="fguuid:jgd2011.bl">
<gml:pos>33.065384167 129.686871389</gml:pos>
</gml:Point>
</pos>
<type>標高点（測点）</type>
<alti>54</alti>
</ElevPt>
<ElevPt gml:id="K2_4668611904_1">
<fid>46686-11904-i-1283</fid>
<lfSpanFr gml:id="K2_4668611904_1-1">
<gml:timePosition>2023-02-21</gml:timePosition>
</lfSpanFr>
<devDate gml:id="K2_4668611904_1-2">
<gml:timePosition>2024-12-12</gml:timePosition>
</devDate>
<orgGILvl>25000</orgGILvl>
<vis>表示</vis>
<pos>
<gml:Point gml:id="K2_4668611904_1-g" srsName="fguuid:jgd2011.bl">
<gml:pos>33.071370000 129.686498611</gml:pos>
</gml:Point>
</pos>
<type>標高点（測点）</type>
<alti>36</alti>
</ElevPt>
<ElevPt gml:id="K2_4668911880_1">
<fid>46689-11880-i-85</fid>
<lfSpanFr gml:id="K2_4668911880_1-1">
<gml:timePosition>2023-02-21</gml:timePosition>
</lfSpanFr>
<devDate gml:id="K2_4668911880_1-2">
<gml:timePosition>2024-12-12</gml:timePosition>
</devDate>
<orgGILvl>25000</orgGILvl>
<vis>表示</vis>
<pos>
<gml:Point gml:id="K2_4668911880_1-g" srsName="fguuid:jgd2011.bl">
<gml:pos>33.002861111 129.697994167</gml:pos>
</gml:Point>
</pos>
<type>標高点（測点）</type>
<alti>356</alti>
</ElevPt>
<ElevPt gml:id="K2_4668911880_2">
<fid>46689-11880-i-86</fid>
<lfSpanFr gml:id="K2_4668911880_2-1">
<gml:timePosition>2023-02-21</gml:timePosition>
</lfSpanFr>
<devDate gml:id="K2_4668911880_2-2">
<gml:timePosition>2024-12-12</gml:timePosition>
</devDate>
<orgGILvl>25000</orgGILvl>
<vis>表示</vis>
<pos>
<gml:Point gml:id="K2_4668911880_2-g" srsName="fguuid:jgd2011.bl">
<gml:pos>33.000891389 129.693793889</gml:pos>
</gml:Point>
</pos>
<type>標高点（測点）</type>
<alti>303</alti>
</ElevPt>
<ElevPt gml:id="K2_4668911883_1">
<fid>46689-11883-i-62</fid>
<lfSpanFr gml:id="K2_4668911883_1-1">
<gml:timePosition>2023-02-21</gml:timePosition>
</lfSpanFr>
<devDate gml:id="K2_4668911883_1-2">
<gml:timePosition>2024-12-12</gml:timePosition>
</devDate>
<orgGILvl>25000</orgGILvl>
<vis>表示</vis>
<pos>
<gml:Point gml:id="K2_4668911883_1-g" srsName="fguuid:jgd2011.bl">
<gml:pos>33.009022222 129.699611944</gml:pos>
</gml:Point>
</pos>
<type>標高点（測点）</type>
<alti>327</alti>
</ElevPt>
<ElevPt gml:id="K2_4668911886_1">
<fid>46689-11886-i-141</fid>
<lfSpanFr gml:id="K2_4668911886_1-1">
<gml:timePosition>2023-02-21</gml:timePosition>
</lfSpanFr>
<devDate gml:id="K2_4668911886_1-2">
<gml:timePosition>2024-12-12</gml:timePosition>
</devDate>
<orgGILvl>25000</orgGILvl>
<vis>表示</vis>
<pos>
<gml:Point gml:id="K2_4668911886_1-g" srsName="fguuid:jgd2011.bl">
<gml:pos>33.024019444 129.695148056</gml:pos>
</gml:Point>
</pos>
<type>標高点（測点）</type>
<alti>283</alti>
</ElevPt>
<ElevPt gml:id="K2_4668911895_1">
<fid>46689-11895-i-556</fid>
<lfSpanFr gml:id="K2_4668911895_1-1">
<gml:timePosition>2023-02-21</gml:timePosition>
</lfSpanFr>
<devDate gml:id="K2_4668911895_1-2">
<gml:timePosition>2024-12-12</gml:timePosition>
</devDate>
<orgGILvl>25000</orgGILvl>
<vis>表示</vis>
<pos>
<gml:Point gml:id="K2_4668911895_1-g" srsName="fguuid:jgd2011.bl">
<gml:pos>33.042240833 129.695603056</gml:pos>
</gml:Point>
</pos>
<type>標高点（測点）</type>
<alti>191</alti>
</ElevPt>
<ElevPt gml:id="K2_4668911898_1">
<fid>46689-11898-i-521</fid>
<lfSpanFr gml:id="K2_4668911898_1-1">
<gml:timePosition>2023-02-21</gml:timePosition>
</lfSpanFr>
<devDate gml:id="K2_4668911898_1-2">
<gml:timePosition>2024-12-12</gml:timePosition>
</devDate>
<orgGILvl>25000</orgGILvl>
<vis>表示</vis>
<pos>
<gml:Point gml:id="K2_4668911898_1-g" srsName="fguuid:jgd2011.bl">
<gml:pos>33.053039444 129.697070000</gml:pos>
</gml:Point>
</pos>
<type>標高点（測点）</type>
<alti>181</alti>
</ElevPt>
<ElevPt gml:id="K2_4669211880_1">
<fid>46692-11880-i-211</fid>
<lfSpanFr gml:id="K2_4669211880_1-1">
<gml:timePosition>2023-02-21</gml:timePosition>
</lfSpanFr>
<devDate gml:id="K2_4669211880_1-2">
<gml:timePosition>2024-12-12</gml:timePosition>
</devDate>
<orgGILvl>25000</orgGILvl>
<vis>表示</vis>
<pos>
<gml:Point gml:id="K2_4669211880_1-g" srsName="fguuid:jgd2011.bl">
<gml:pos>33.004253445 129.708065498</gml:pos>
</gml:Point>
</pos>
<type>標高点（測点）</type>
<alti>269</alti>
</ElevPt>
<ElevPt gml:id="K2_4669211892_1">
<fid>46692-11892-i-249</fid>
<lfSpanFr gml:id="K2_4669211892_1-1">
<gml:timePosition>2023-02-21</gml:timePosition>
</lfSpanFr>
<devDate gml:id="K2_4669211892_1-2">
<gml:timePosition>2024-12-12</gml:timePosition>
</devDate>
<orgGILvl>25000</orgGILvl>
<vis>表示</vis>
<pos>
<gml:Point gml:id="K2_4669211892_1-g" srsName="fguuid:jgd2011.bl">
<gml:pos>33.038772778 129.702754722</gml:pos>
</gml:Point>
</pos>
<type>標高点（測点）</type>
<alti>207</alti>
</ElevPt>
<ElevPt gml:id="K2_4669211898_1">
<fid>46692-11898-i-290</fid>
<lfSpanFr gml:id="K2_4669211898_1-1">
<gml:timePosition>2023-02-21</gml:timePosition>
</lfSpanFr>
<devDate gml:id="K2_4669211898_1-2">
<gml:timePosition>2024-12-12</gml:timePosition>
</devDate>
<orgGILvl>25000</orgGILvl>
<vis>表示</vis>
<pos>
<gml:Point gml:id="K2_4669211898_1-g" srsName="fguuid:jgd2011.bl">
<gml:pos>33.054508889 129.707957778</gml:pos>
</gml:Point>
</pos>
<type>標高点（測点）</type>
<alti>36</alti>
</ElevPt>
<ElevPt gml:id="K2_4669211904_1">
<fid>46692-11904-i-1188</fid>
<lfSpanFr gml:id="K2_4669211904_1-1">
<gml:timePosition>2023-02-21</gml:timePosition>
</lfSpanFr>
<devDate gml:id="K2_4669211904_1-2">
<gml:timePosition>2024-12-12</gml:timePosition>
</devDate>
<orgGILvl>25000</orgGILvl>
<vis>表示</vis>
<pos>
<gml:Point gml:id="K2_4669211904_1-g" srsName="fguuid:jgd2011.bl">
<gml:pos>33.069254444 129.705515556</gml:pos>
</gml:Point>
</pos>
<type>標高点（測点）</type>
<alti>68</alti>
</ElevPt>
<ElevPt gml:id="K2_4669511880_1">
<fid>46695-11880-i-159</fid>
<lfSpanFr gml:id="K2_4669511880_1-1">
<gml:timePosition>2023-02-21</gml:timePosition>
</lfSpanFr>
<devDate gml:id="K2_4669511880_1-2">
<gml:timePosition>2024-12-12</gml:timePosition>
</devDate>
<orgGILvl>25000</orgGILvl>
<vis>表示</vis>
<pos>
<gml:Point gml:id="K2_4669511880_1-g" srsName="fguuid:jgd2011.bl">
<gml:pos>33.006595833 129.715123889</gml:pos>
</gml:Point>
</pos>
<type>標高点（測点）</type>
<alti>181</alti>
</ElevPt>
<ElevPt gml:id="K2_4669511886_1">
<fid>46695-11886-i-88</fid>
<lfSpanFr gml:id="K2_4669511886_1-1">
<gml:timePosition>2023-02-21</gml:timePosition>
</lfSpanFr>
<devDate gml:id="K2_4669511886_1-2">
<gml:timePosition>2024-12-12</gml:timePosition>
</devDate>
<orgGILvl>25000</orgGILvl>
<vis>表示</vis>
<pos>
<gml:Point gml:id="K2_4669511886_1-g" srsName="fguuid:jgd2011.bl">
<gml:pos>33.019047222 129.708972222</gml:pos>
</gml:Point>
</pos>
<type>標高点（測点）</type>
<alti>271</alti>
</ElevPt>
<ElevPt gml:id="K2_4669511889_1">
<fid>46695-11889-i-124</fid>
<lfSpanFr gml:id="K2_4669511889_1-1">
<gml:timePosition>2023-02-21</gml:timePosition>
</lfSpanFr>
<devDate gml:id="K2_4669511889_1-2">
<gml:timePosition>2024-12-12</gml:timePosition>
</devDate>
<orgGILvl>25000</orgGILvl>
<vis>表示</vis>
<pos>
<gml:Point gml:id="K2_4669511889_1-g" srsName="fguuid:jgd2011.bl">
<gml:pos>33.028486111 129.708761667</gml:pos>
</gml:Point>
</pos>
<type>標高点（測点）</type>
<alti>249</alti>
</ElevPt>
<ElevPt gml:id="K2_4669511895_1">
<fid>46695-11895-i-514</fid>
<lfSpanFr gml:id="K2_4669511895_1-1">
<gml:timePosition>2023-02-21</gml:timePosition>
</lfSpanFr>
<devDate gml:id="K2_4669511895_1-2">
<gml:timePosition>2024-12-12</gml:timePosition>
</devDate>
<orgGILvl>25000</orgGILvl>
<vis>表示</vis>
<pos>
<gml:Point gml:id="K2_4669511895_1-g" srsName="fguuid:jgd2011.bl">
<gml:pos>33.043703056 129.710317500</gml:pos>
</gml:Point>
</pos>
<type>標高点（測点）</type>
<alti>166</alti>
</ElevPt>
<ElevPt gml:id="K2_4669811883_1">
<fid>46698-11883-i-249</fid>
<lfSpanFr gml:id="K2_4669811883_1-1">
<gml:timePosition>2023-02-21</gml:timePosition>
</lfSpanFr>
<devDate gml:id="K2_4669811883_1-2">
<gml:timePosition>2024-12-12</gml:timePosition>
</devDate>
<orgGILvl>25000</orgGILvl>
<vis>表示</vis>
<pos>
<gml:Point gml:id="K2_4669811883_1-g" srsName="fguuid:jgd2011.bl">
<gml:pos>33.015041667 129.719218333</gml:pos>
</gml:Point>
</pos>
<type>標高点（測点）</type>
<alti>159</alti>
</ElevPt>
<ElevPt gml:id="K2_4669811883_2">
<fid>46698-11883-i-250</fid>
<lfSpanFr gml:id="K2_4669811883_2-1">
<gml:timePosition>2023-02-21</gml:timePosition>
</lfSpanFr>
<devDate gml:id="K2_4669811883_2-2">
<gml:timePosition>2024-12-12</gml:timePosition>
</devDate>
<orgGILvl>25000</orgGILvl>
<vis>表示</vis>
<pos>
<gml:Point gml:id="K2_4669811883_2-g" srsName="fguuid:jgd2011.bl">
<gml:pos>33.008806667 129.724326667</gml:pos>
</gml:Point>
</pos>
<type>標高点（測点）</type>
<alti>108</alti>
</ElevPt>
<ElevPt gml:id="K2_4669811898_1">
<fid>46698-11898-i-1130</fid>
<lfSpanFr gml:id="K2_4669811898_1-1">
<gml:timePosition>2023-02-21</gml:timePosition>
</lfSpanFr>
<devDate gml:id="K2_4669811898_1-2">
<gml:timePosition>2024-12-12</gml:timePosition>
</devDate>
<orgGILvl>25000</orgGILvl>
<vis>表示</vis>
<pos>
<gml:Point gml:id="K2_4669811898_1-g" srsName="fguuid:jgd2011.bl">
<gml:pos>33.056708889 129.716917222</gml:pos>
</gml:Point>
</pos>
<type>標高点（測点）</type>
<alti>101</alti>
</ElevPt>
<ElevPt gml:id="K2_4669811901_1">
<fid>46698-11901-i-389</fid>
<lfSpanFr gml:id="K2_4669811901_1-1">
<gml:timePosition>2023-02-21</gml:timePosition>
</lfSpanFr>
<devDate gml:id="K2_4669811901_1-2">
<gml:timePosition>2024-12-12</gml:timePosition>
</devDate>
<orgGILvl>25000</orgGILvl>
<vis>表示</vis>
<pos>
<gml:Point gml:id="K2_4669811901_1-g" srsName="fguuid:jgd2011.bl">
<gml:pos>33.064026944 129.720374722</gml:pos>
</gml:Point>
</pos>
<type>標高点（測点）</type>
<alti>77</alti>
</ElevPt>
<ElevPt gml:id="K2_4669811904_1">
<fid>46698-11904-i-569</fid>
<lfSpanFr gml:id="K2_4669811904_1-1">
<gml:timePosition>2023-02-21</gml:timePosition>
</lfSpanFr>
<devDate gml:id="K2_4669811904_1-2">
<gml:timePosition>2024-12-12</gml:timePosition>
</devDate>
<orgGILvl>25000</orgGILvl>
<vis>表示</vis>
<pos>
<gml:Point gml:id="K2_4669811904_1-g" srsName="fguuid:jgd2011.bl">
<gml:pos>33.070343889 129.721829722</gml:pos>
</gml:Point>
</pos>
<type>標高点（測点）</type>
<alti>52</alti>
</ElevPt>
<ElevPt gml:id="K2_4670111883_1">
<fid>46701-11883-i-469</fid>
<lfSpanFr gml:id="K2_4670111883_1-1">
<gml:timePosition>2023-02-21</gml:timePosition>
</lfSpanFr>
<devDate gml:id="K2_4670111883_1-2">
<gml:timePosition>2024-12-12</gml:timePosition>
</devDate>
<orgGILvl>25000</orgGILvl>
<vis>表示</vis>
<pos>
<gml:Point gml:id="K2_4670111883_1-g" srsName="fguuid:jgd2011.bl">
<gml:pos>33.014924722 129.727920556</gml:pos>
</gml:Point>
</pos>
<type>標高点（測点）</type>
<alti>81</alti>
</ElevPt>
<ElevPt gml:id="K2_4670111883_2">
<fid>46701-11883-i-470</fid>
<lfSpanFr gml:id="K2_4670111883_2-1">
<gml:timePosition>2023-02-21</gml:timePosition>
</lfSpanFr>
<devDate gml:id="K2_4670111883_2-2">
<gml:timePosition>2024-12-12</gml:timePosition>
</devDate>
<orgGILvl>25000</orgGILvl>
<vis>表示</vis>
<pos>
<gml:Point gml:id="K2_4670111883_2-g" srsName="fguuid:jgd2011.bl">
<gml:pos>33.009631996 129.732660003</gml:pos>
</gml:Point>
</pos>
<type>標高点（測点）</type>
<alti>5</alti>
</ElevPt>
<ElevPt gml:id="K2_4670111889_1">
<fid>46701-11889-i-222</fid>
<lfSpanFr gml:id="K2_4670111889_1-1">
<gml:timePosition>2023-02-21</gml:timePosition>
</lfSpanFr>
<devDate gml:id="K2_4670111889_1-2">
<gml:timePosition>2024-12-12</gml:timePosition>
</devDate>
<orgGILvl>25000</orgGILvl>
<vis>表示</vis>
<pos>
<gml:Point gml:id="K2_4670111889_1-g" srsName="fguuid:jgd2011.bl">
<gml:pos>33.026549722 129.728783056</gml:pos>
</gml:Point>
</pos>
<type>標高点（測点）</type>
<alti>205</alti>
</ElevPt>
<ElevPt gml:id="K2_4670111898_1">
<fid>46701-11898-i-408</fid>
<lfSpanFr gml:id="K2_4670111898_1-1">
<gml:timePosition>2023-02-21</gml:timePosition>
</lfSpanFr>
<devDate gml:id="K2_4670111898_1-2">
<gml:timePosition>2024-12-12</gml:timePosition>
</devDate>
<orgGILvl>25000</orgGILvl>
<vis>表示</vis>
<pos>
<gml:Point gml:id="K2_4670111898_1-g" srsName="fguuid:jgd2011.bl">
<gml:pos>33.055632222 129.732663611</gml:pos>
</gml:Point>
</pos>
<type>標高点（測点）</type>
<alti>24</alti>
</ElevPt>
<ElevPt gml:id="K2_4670111898_2">
<fid>46701-11898-i-409</fid>
<lfSpanFr gml:id="K2_4670111898_2-1">
<gml:timePosition>2023-02-21</gml:timePosition>
</lfSpanFr>
<devDate gml:id="K2_4670111898_2-2">
<gml:timePosition>2024-12-12</gml:timePosition>
</devDate>
<orgGILvl>25000</orgGILvl>
<vis>表示</vis>
<pos>
<gml:Point gml:id="K2_4670111898_2-g" srsName="fguuid:jgd2011.bl">
<gml:pos>33.050948889 129.730066389</gml:pos>
</gml:Point>
</pos>
<type>標高点（測点）</type>
<alti>15</alti>
</ElevPt>
<ElevPt gml:id="K2_4670411898_1">
<fid>46704-11898-i-156</fid>
<lfSpanFr gml:id="K2_4670411898_1-1">
<gml:timePosition>2023-02-21</gml:timePosition>
</lfSpanFr>
<devDate gml:id="K2_4670411898_1-2">
<gml:timePosition>2024-12-12</gml:timePosition>
</devDate>
<orgGILvl>25000</orgGILvl>
<vis>表示</vis>
<pos>
<gml:Point gml:id="K2_4670411898_1-g" srsName="fguuid:jgd2011.bl">
<gml:pos>33.051560000 129.736687778</gml:pos>
</gml:Point>
</pos>
<type>標高点（測点）</type>
<alti>48</alti>
</ElevPt>
<ElevPt gml:id="K2_4670411901_1">
<fid>46704-11901-i-286</fid>
<lfSpanFr gml:id="K2_4670411901_1-1">
<gml:timePosition>2024-11-28</gml:timePosition>
</lfSpanFr>
<devDate gml:id="K2_4670411901_1-2">
<gml:timePosition>2024-12-12</gml:timePosition>
</devDate>
<orgGILvl>25000</orgGILvl>
<vis>表示</vis>
<pos>
<gml:Point gml:id="K2_4670411901_1-g" srsName="fguuid:jgd2011.bl">
<gml:pos>33.064226111 129.736287778</gml:pos>
</gml:Point>
</pos>
<type>標高点（測点）</type>
<alti>26</alti>
</ElevPt>
<ElevPt gml:id="K2_4670411904_1">
<fid>46704-11904-i-685</fid>
<lfSpanFr gml:id="K2_4670411904_1-1">
<gml:timePosition>2024-11-28</gml:timePosition>
</lfSpanFr>
<devDate gml:id="K2_4670411904_1-2">
<gml:timePosition>2024-12-12</gml:timePosition>
</devDate>
<orgGILvl>25000</orgGILvl>
<vis>表示</vis>
<pos>
<gml:Point gml:id="K2_4670411904_1-g" srsName="fguuid:jgd2011.bl">
<gml:pos>33.070699722 129.741131389</gml:pos>
</gml:Point>
</pos>
<type>標高点（測点）</type>
<alti>57</alti>
</ElevPt>
<ElevPt gml:id="K2_4670711886_1">
<fid>46707-11886-i-32</fid>
<lfSpanFr gml:id="K2_4670711886_1-1">
<gml:timePosition>2023-02-21</gml:timePosition>
</lfSpanFr>
<devDate gml:id="K2_4670711886_1-2">
<gml:timePosition>2024-12-12</gml:timePosition>
</devDate>
<orgGILvl>25000</orgGILvl>
<vis>表示</vis>
<pos>
<gml:Point gml:id="K2_4670711886_1-g" srsName="fguuid:jgd2011.bl">
<gml:pos>33.023178333 129.746225278</gml:pos>
</gml:Point>
</pos>
<type>標高点（測点）</type>
<alti>15</alti>
</ElevPt>
<ElevPt gml:id="K2_4670711892_1">
<fid>46707-11892-i-663</fid>
<lfSpanFr gml:id="K2_4670711892_1-1">
<gml:timePosition>2023-02-21</gml:timePosition>
</lfSpanFr>
<devDate gml:id="K2_4670711892_1-2">
<gml:timePosition>2024-12-12</gml:timePosition>
</devDate>
<orgGILvl>25000</orgGILvl>
<vis>表示</vis>
<pos>
<gml:Point gml:id="K2_4670711892_1-g" srsName="fguuid:jgd2011.bl">
<gml:pos>33.040040000 129.745170556</gml:pos>
</gml:Point>
</pos>
<type>標高点（測点）</type>
<alti>42</alti>
</ElevPt>
<ElevPt gml:id="K2_4670711895_1">
<fid>46707-11895-i-1525</fid>
<lfSpanFr gml:id="K2_4670711895_1-1">
<gml:timePosition>2023-02-21</gml:timePosition>
</lfSpanFr>
<devDate gml:id="K2_4670711895_1-2">
<gml:timePosition>2024-12-12</gml:timePosition>
</devDate>
<orgGILvl>25000</orgGILvl>
<vis>非表示</vis>
<pos>
<gml:Point gml:id="K2_4670711895_1-g" srsName="fguuid:jgd2011.bl">
<gml:pos>33.049582729 129.745938608</gml:pos>
</gml:Point>
</pos>
<type>標高点（測点）</type>
<alti>65</alti>
</ElevPt>
<ElevPt gml:id="K2_4670711898_1">
<fid>46707-11898-i-1101</fid>
<lfSpanFr gml:id="K2_4670711898_1-1">
<gml:timePosition>2023-02-21</gml:timePosition>
</lfSpanFr>
<devDate gml:id="K2_4670711898_1-2">
<gml:timePosition>2024-12-12</gml:timePosition>
</devDate>
<orgGILvl>25000</orgGILvl>
<vis>表示</vis>
<pos>
<gml:Point gml:id="K2_4670711898_1-g" srsName="fguuid:jgd2011.bl">
<gml:pos>33.055867778 129.742717778</gml:pos>
</gml:Point>
</pos>
<type>標高点（測点）</type>
<alti>54</alti>
</ElevPt>
<ElevPt gml:id="K2_4670711901_1">
<fid>46707-11901-i-999</fid>
<lfSpanFr gml:id="K2_4670711901_1-1">
<gml:timePosition>2024-11-28</gml:timePosition>
</lfSpanFr>
<devDate gml:id="K2_4670711901_1-2">
<gml:timePosition>2024-12-12</gml:timePosition>
</devDate>
<orgGILvl>25000</orgGILvl>
<vis>表示</vis>
<pos>
<gml:Point gml:id="K2_4670711901_1-g" srsName="fguuid:jgd2011.bl">
<gml:pos>33.064511676 129.743353655</gml:pos>
</gml:Point>
</pos>
<type>標高点（測点）</type>
<alti>41</alti>
</ElevPt>
<ElevPt gml:id="K2_4670711907_1">
<fid>46707-11907-i-1044</fid>
<lfSpanFr gml:id="K2_4670711907_1-1">
<gml:timePosition>2024-11-28</gml:timePosition>
</lfSpanFr>
<devDate gml:id="K2_4670711907_1-2">
<gml:timePosition>2024-12-12</gml:timePosition>
</devDate>
<orgGILvl>25000</orgGILvl>
<vis>表示</vis>
<pos>
<gml:Point gml:id="K2_4670711907_1-g" srsName="fguuid:jgd2011.bl">
<gml:pos>33.079367500 129.741695000</gml:pos>
</gml:Point>
</pos>
<type>標高点（測点）</type>
<alti>94</alti>
</ElevPt>
<ElevPt gml:id="K2_4670711907_2">
<fid>46707-11907-i-1045</fid>
<lfSpanFr gml:id="K2_4670711907_2-1">
<gml:timePosition>2024-11-28</gml:timePosition>
</lfSpanFr>
<devDate gml:id="K2_4670711907_2-2">
<gml:timePosition>2024-12-12</gml:timePosition>
</devDate>
<orgGILvl>25000</orgGILvl>
<vis>表示</vis>
<pos>
<gml:Point gml:id="K2_4670711907_2-g" srsName="fguuid:jgd2011.bl">
<gml:pos>33.080227778 129.749261389</gml:pos>
</gml:Point>
</pos>
<type>標高点（測点）</type>
<alti>63</alti>
</ElevPt>
</Dataset>
