<?xml version="1.0" encoding="utf-8"?>
<Dataset xsi:schemaLocation="http://fgd.gsi.go.jp/spec/2008/FGD_GMLSchema FGD_GMLSchema.xsd"
	xmlns:gml="http://www.opengis.net/gml/3.2"
	xmlns:xsi="http://www.w3.org/2001/XMLSchema-instance"
	xmlns:xlink="http://www.w3.org/1999/xlink"
	xmlns="http://fgd.gsi.go.jp/spec/2008/FGD_GMLSchema"
	gml:id="Dataset1">
  <gml:description>基盤地図情報メタデータ ID=fmdid:25-0101</gml:description>
  <gml:name>基盤地図情報ダウンロードデータ（GML版）</gml:name>
<AdmPt gml:id="K6_4666511892_1">
<fid>46665-11892-i-1081</fid>
<lfSpanFr gml:id="K6_4666511892_1-1">
<gml:timePosition>2023-02-21</gml:timePosition>
</lfSpanFr>
<devDate gml:id="K6_4666511892_1-2">
<gml:timePosition>2024-12-12</gml:timePosition>
</devDate>
<orgGILvl>25000</orgGILvl>
<vis>非表示</vis>
<pos>
<gml:Point gml:id="K6_4666511892_1-g" srsName="fguuid:jgd2011.bl">
<gml:pos>33.039140247 129.625647293</gml:pos>
</gml:Point>
</pos>
<type>郡市・東京都の区</type>
<name>西海市</name>
<admCode>42212</admCode>
</AdmPt>
<AdmPt gml:id="K6_4666511892_2">
<fid>46665-11892-i-1082</fid>
<lfSpanFr gml:id="K6_4666511892_2-1">
<gml:timePosition>2023-02-21</gml:timePosition>
</lfSpanFr>
<devDate gml:id="K6_4666511892_2-2">
<gml:timePosition>2024-12-12</gml:timePosition>
</devDate>
<orgGILvl>25000</orgGILvl>
<vis>非表示</vis>
<pos>
<gml:Point gml:id="K6_4666511892_2-g" srsName="fguuid:jgd2011.bl">
<gml:pos>33.034156958 129.625191243</gml:pos>
</gml:Point>
</pos>
<type>郡市・東京都の区</type>
<name>西海市</name>
<admCode>42212</admCode>
</AdmPt>
<AdmPt gml:id="K6_4666511895_1">
<fid>46665-11895-i-120</fid>
<lfSpanFr gml:id="K6_4666511895_1-1">
<gml:timePosition>2018-12-14</gml:timePosition>
</lfSpanFr>
<devDate gml:id="K6_4666511895_1-2">
<gml:timePosition>2024-12-12</gml:timePosition>
</devDate>
<orgGILvl>25000</orgGILvl>
<vis>非表示</vis>
<pos>
<gml:Point gml:id="K6_4666511895_1-g" srsName="fguuid:jgd2011.bl">
<gml:pos>33.044605986 129.625062221</gml:pos>
</gml:Point>
</pos>
<type>郡市・東京都の区</type>
<name>西海市</name>
<admCode>42212</admCode>
</AdmPt>
<AdmPt gml:id="K6_4666511895_2">
<fid>46665-11895-i-121</fid>
<lfSpanFr gml:id="K6_4666511895_2-1">
<gml:timePosition>2018-12-14</gml:timePosition>
</lfSpanFr>
<devDate gml:id="K6_4666511895_2-2">
<gml:timePosition>2024-12-12</gml:timePosition>
</devDate>
<orgGILvl>25000</orgGILvl>
<vis>非表示</vis>
<pos>
<gml:Point gml:id="K6_4666511895_2-g" srsName="fguuid:jgd2011.bl">
<gml:pos>33.043978234 129.625160601</gml:pos>
</gml:Point>
</pos>
<type>郡市・東京都の区</type>
<name>西海市</name>
<admCode>42212</admCode>
</AdmPt>
<AdmPt gml:id="K6_4666511898_1">
<fid>46665-11898-i-336</fid>
<lfSpanFr gml:id="K6_4666511898_1-1">
<gml:timePosition>2023-02-21</gml:timePosition>
</lfSpanFr>
<devDate gml:id="K6_4666511898_1-2">
<gml:timePosition>2024-12-12</gml:timePosition>
</devDate>
<orgGILvl>25000</orgGILvl>
<vis>非表示</vis>
<pos>
<gml:Point gml:id="K6_4666511898_1-g" srsName="fguuid:jgd2011.bl">
<gml:pos>33.053524262 129.627606575</gml:pos>
</gml:Point>
</pos>
<type>郡市・東京都の区</type>
<name>西海市</name>
<admCode>42212</admCode>
</AdmPt>
<AdmPt gml:id="K6_4667411880_1">
<fid>46674-11880-i-534</fid>
<lfSpanFr gml:id="K6_4667411880_1-1">
<gml:timePosition>2023-02-21</gml:timePosition>
</lfSpanFr>
<devDate gml:id="K6_4667411880_1-2">
<gml:timePosition>2024-12-12</gml:timePosition>
</devDate>
<orgGILvl>25000</orgGILvl>
<vis>非表示</vis>
<pos>
<gml:Point gml:id="K6_4667411880_1-g" srsName="fguuid:jgd2011.bl">
<gml:pos>33.001214703 129.656056135</gml:pos>
</gml:Point>
</pos>
<type>郡市・東京都の区</type>
<name>西海市</name>
<admCode>42212</admCode>
</AdmPt>
<AdmPt gml:id="K6_4669211895_1">
<fid>46692-11895-i-374</fid>
<lfSpanFr gml:id="K6_4669211895_1-1">
<gml:timePosition>2023-02-21</gml:timePosition>
</lfSpanFr>
<devDate gml:id="K6_4669211895_1-2">
<gml:timePosition>2024-12-12</gml:timePosition>
</devDate>
<orgGILvl>25000</orgGILvl>
<vis>非表示</vis>
<pos>
<gml:Point gml:id="K6_4669211895_1-g" srsName="fguuid:jgd2011.bl">
<gml:pos>33.041980336 129.705429176</gml:pos>
</gml:Point>
</pos>
<type>郡市・東京都の区</type>
<name>西海市</name>
<admCode>42212</admCode>
</AdmPt>
<AdmPt gml:id="K6_4670711904_1">
<fid>46707-11904-i-1894</fid>
<lfSpanFr gml:id="K6_4670711904_1-1">
<gml:timePosition>2024-11-28</gml:timePosition>
</lfSpanFr>
<devDate gml:id="K6_4670711904_1-2">
<gml:timePosition>2024-12-12</gml:timePosition>
</devDate>
<orgGILvl>25000</orgGILvl>
<vis>非表示</vis>
<pos>
<gml:Point gml:id="K6_4670711904_1-g" srsName="fguuid:jgd2011.bl">
<gml:pos>33.071782039 129.744849756</gml:pos>
</gml:Point>
</pos>
<type>郡市・東京都の区</type>
<name>佐世保市</name>
<admCode>42202</admCode>
</AdmPt>
<AdmPt gml:id="K6_4670711907_1">
<fid>46707-11907-i-1169</fid>
<lfSpanFr gml:id="K6_4670711907_1-1">
<gml:timePosition>2024-11-28</gml:timePosition>
</lfSpanFr>
<devDate gml:id="K6_4670711907_1-2">
<gml:timePosition>2024-12-12</gml:timePosition>
</devDate>
<orgGILvl>25000</orgGILvl>
<vis>非表示</vis>
<pos>
<gml:Point gml:id="K6_4670711907_1-g" srsName="fguuid:jgd2011.bl">
<gml:pos>33.080349361 129.742054518</gml:pos>
</gml:Point>
</pos>
<type>郡市・東京都の区</type>
<name>佐世保市</name>
<admCode>42202</admCode>
</AdmPt>
</Dataset>
