<?xml version="1.0" encoding="utf-8"?>
<Dataset xsi:schemaLocation="http://fgd.gsi.go.jp/spec/2008/FGD_GMLSchema FGD_GMLSchema.xsd"
	xmlns:gml="http://www.opengis.net/gml/3.2"
	xmlns:xsi="http://www.w3.org/2001/XMLSchema-instance"
	xmlns:xlink="http://www.w3.org/1999/xlink"
	xmlns="http://fgd.gsi.go.jp/spec/2008/FGD_GMLSchema"
	gml:id="Dataset1">
  <gml:description>基盤地図情報メタデータ ID=fmdid:25-0101</gml:description>
  <gml:name>基盤地図情報ダウンロードデータ（GML版）</gml:name>
<WStrA gml:id="K28_4666511880_1">
<fid>20241212-46665-11892-s-2466</fid>
<lfSpanFr gml:id="K28_4666511880_1-1">
<gml:timePosition>2024-12-12</gml:timePosition>
</lfSpanFr>
<devDate gml:id="K28_4666511880_1-2">
<gml:timePosition>2024-12-12</gml:timePosition>
</devDate>
<orgGILvl>2500</orgGILvl>
<vis>表示</vis>
<area>
<gml:Surface gml:id="K28_4666511880_1-g" srsName="fguuid:jgd2011.bl">
<gml:patches>
<gml:PolygonPatch>
<gml:exterior>
<gml:Ring>
<gml:curveMember>
<gml:Curve gml:id="K28_4666511880_1-3">
<gml:segments>
<gml:LineStringSegment>
<gml:posList>
33.035562733 129.625756165
33.035553079 129.625760541
33.035570244 129.625819448
33.035547596 129.625832691
33.035631450 129.626110307
33.036314986 129.626732657
33.036368661 129.626890433
33.03661606 129.627110582
33.036621659 129.627102882
33.036643609 129.627066299
33.036408832 129.626848416
33.036339379 129.626687512
33.035660707 129.62607063
33.035646963 129.626018901
33.035636227 129.626023703
33.035562733 129.625756165
</gml:posList>
</gml:LineStringSegment>
</gml:segments>
</gml:Curve>
</gml:curveMember>
</gml:Ring>
</gml:exterior>
</gml:PolygonPatch>
</gml:patches>
</gml:Surface>
</area>
<type>透過水制</type>
</WStrA>
<WStrA gml:id="K28_4666511880_2">
<fid>20241212-46665-11898-s-1748</fid>
<lfSpanFr gml:id="K28_4666511880_2-1">
<gml:timePosition>2024-12-12</gml:timePosition>
</lfSpanFr>
<devDate gml:id="K28_4666511880_2-2">
<gml:timePosition>2024-12-12</gml:timePosition>
</devDate>
<orgGILvl>2500</orgGILvl>
<vis>表示</vis>
<area>
<gml:Surface gml:id="K28_4666511880_2-g" srsName="fguuid:jgd2011.bl">
<gml:patches>
<gml:PolygonPatch>
<gml:exterior>
<gml:Ring>
<gml:curveMember>
<gml:Curve gml:id="K28_4666511880_2-3">
<gml:segments>
<gml:LineStringSegment>
<gml:posList>
33.056791127 129.627560099
33.056767269 129.627557227
33.056761946 129.627630465
33.056709188 129.628356133
33.056984394 129.628707856
33.057003512 129.628680974
33.05674022 129.628344838
33.056787077 129.627622534
33.056791127 129.627560099
</gml:posList>
</gml:LineStringSegment>
</gml:segments>
</gml:Curve>
</gml:curveMember>
</gml:Ring>
</gml:exterior>
</gml:PolygonPatch>
</gml:patches>
</gml:Surface>
</area>
<type>防波堤</type>
</WStrA>
<WStrA gml:id="K28_4666511880_3">
<fid>20241212-46704-11907-s-890</fid>
<lfSpanFr gml:id="K28_4666511880_3-1">
<gml:timePosition>2024-12-12</gml:timePosition>
</lfSpanFr>
<devDate gml:id="K28_4666511880_3-2">
<gml:timePosition>2024-12-12</gml:timePosition>
</devDate>
<orgGILvl>2500</orgGILvl>
<vis>表示</vis>
<area>
<gml:Surface gml:id="K28_4666511880_3-g" srsName="fguuid:jgd2011.bl">
<gml:patches>
<gml:PolygonPatch>
<gml:exterior>
<gml:Ring>
<gml:curveMember>
<gml:Curve gml:id="K28_4666511880_3-3">
<gml:segments>
<gml:LineStringSegment>
<gml:posList>
33.080930296 129.738565551
33.080927231 129.738565007
33.080920996 129.738618761
33.080930191 129.738620607
33.081044667 129.738644696
33.081163474 129.738667618
33.081394188 129.738737972
33.081413904 129.738708033
33.081424751 129.738693923
33.081183517 129.738607902
33.080930296 129.738565551
</gml:posList>
</gml:LineStringSegment>
</gml:segments>
</gml:Curve>
</gml:curveMember>
</gml:Ring>
</gml:exterior>
</gml:PolygonPatch>
</gml:patches>
</gml:Surface>
</area>
<type>透過水制</type>
</WStrA>
<WStrA gml:id="K28_4666511880_4">
<fid>20241212-46665-11892-s-2467</fid>
<lfSpanFr gml:id="K28_4666511880_4-1">
<gml:timePosition>2024-12-12</gml:timePosition>
</lfSpanFr>
<devDate gml:id="K28_4666511880_4-2">
<gml:timePosition>2024-12-12</gml:timePosition>
</devDate>
<orgGILvl>2500</orgGILvl>
<vis>表示</vis>
<area>
<gml:Surface gml:id="K28_4666511880_4-g" srsName="fguuid:jgd2011.bl">
<gml:patches>
<gml:PolygonPatch>
<gml:exterior>
<gml:Ring>
<gml:curveMember>
<gml:Curve gml:id="K28_4666511880_4-3">
<gml:segments>
<gml:LineStringSegment>
<gml:posList>
33.033333333 129.625019499
33.033416261 129.625047186
33.033641567 129.625091719
33.033654551 129.625092808
33.033697335 129.625
33.033333333 129.625
33.033275186 129.625
33.033275543 129.625000204
33.033333333 129.625019499
</gml:posList>
</gml:LineStringSegment>
</gml:segments>
</gml:Curve>
</gml:curveMember>
</gml:Ring>
</gml:exterior>
</gml:PolygonPatch>
</gml:patches>
</gml:Surface>
</area>
<type>透過水制</type>
</WStrA>
<WStrA gml:id="K28_4666511880_5">
<fid>20241212-46665-11895-s-1130</fid>
<lfSpanFr gml:id="K28_4666511880_5-1">
<gml:timePosition>2024-12-12</gml:timePosition>
</lfSpanFr>
<devDate gml:id="K28_4666511880_5-2">
<gml:timePosition>2024-12-12</gml:timePosition>
</devDate>
<orgGILvl>2500</orgGILvl>
<vis>表示</vis>
<area>
<gml:Surface gml:id="K28_4666511880_5-g" srsName="fguuid:jgd2011.bl">
<gml:patches>
<gml:PolygonPatch>
<gml:exterior>
<gml:Ring>
<gml:curveMember>
<gml:Curve gml:id="K28_4666511880_5-3">
<gml:segments>
<gml:LineStringSegment>
<gml:posList>
33.042720421 129.629146461
33.042723901 129.629181905
33.042823282 129.629175305
33.042823896 129.629191794
33.042871964 129.629187689
33.042858681 129.628865288
33.042810432 129.628869822
33.042821426 129.629138792
33.042720421 129.629146461
</gml:posList>
</gml:LineStringSegment>
</gml:segments>
</gml:Curve>
</gml:curveMember>
</gml:Ring>
</gml:exterior>
</gml:PolygonPatch>
</gml:patches>
</gml:Surface>
</area>
<type>桟橋（鉄，コンクリート）</type>
</WStrA>
<WStrA gml:id="K28_4666511880_6">
<fid>20241212-46707-11907-s-5047</fid>
<lfSpanFr gml:id="K28_4666511880_6-1">
<gml:timePosition>2024-12-12</gml:timePosition>
</lfSpanFr>
<devDate gml:id="K28_4666511880_6-2">
<gml:timePosition>2024-12-12</gml:timePosition>
</devDate>
<orgGILvl>2500</orgGILvl>
<vis>表示</vis>
<area>
<gml:Surface gml:id="K28_4666511880_6-g" srsName="fguuid:jgd2011.bl">
<gml:patches>
<gml:PolygonPatch>
<gml:exterior>
<gml:Ring>
<gml:curveMember>
<gml:Curve gml:id="K28_4666511880_6-3">
<gml:segments>
<gml:LineStringSegment>
<gml:posList>
33.080985729 129.745362707
33.080989078 129.745447637
33.080943716 129.745449888
33.080948245 129.745577152
33.081040232 129.745572587
33.081035704 129.745445323
33.081002607 129.745446966
33.081002606 129.745446945
33.080999255 129.745362745
33.080985729 129.745362707
</gml:posList>
</gml:LineStringSegment>
</gml:segments>
</gml:Curve>
</gml:curveMember>
</gml:Ring>
</gml:exterior>
</gml:PolygonPatch>
</gml:patches>
</gml:Surface>
</area>
<type>桟橋（鉄，コンクリート）</type>
</WStrA>
<WStrA gml:id="K28_4666511880_7">
<fid>20241212-46707-11907-s-5032</fid>
<lfSpanFr gml:id="K28_4666511880_7-1">
<gml:timePosition>2024-12-12</gml:timePosition>
</lfSpanFr>
<devDate gml:id="K28_4666511880_7-2">
<gml:timePosition>2024-12-12</gml:timePosition>
</devDate>
<orgGILvl>2500</orgGILvl>
<vis>表示</vis>
<area>
<gml:Surface gml:id="K28_4666511880_7-g" srsName="fguuid:jgd2011.bl">
<gml:patches>
<gml:PolygonPatch>
<gml:exterior>
<gml:Ring>
<gml:curveMember>
<gml:Curve gml:id="K28_4666511880_7-3">
<gml:segments>
<gml:LineStringSegment>
<gml:posList>
33.082152129 129.746331267
33.082137604 129.746243392
33.082145004 129.746240628
33.082137709 129.746190371
33.082171271 129.746181895
33.082165944 129.746139248
33.082148898 129.746141022
33.082150928 129.746163307
33.082038165 129.746185701
33.081829621 129.746397743
33.081840409 129.746414590
33.082049399 129.746204799
33.082118311 129.746195351
33.082140668 129.746335734
33.082152129 129.746331267
</gml:posList>
</gml:LineStringSegment>
</gml:segments>
</gml:Curve>
</gml:curveMember>
</gml:Ring>
</gml:exterior>
</gml:PolygonPatch>
</gml:patches>
</gml:Surface>
</area>
<type>桟橋（鉄，コンクリート）</type>
</WStrA>
<WStrA gml:id="K28_4666511880_8">
<fid>20241212-46707-11904-s-4629</fid>
<lfSpanFr gml:id="K28_4666511880_8-1">
<gml:timePosition>2024-12-12</gml:timePosition>
</lfSpanFr>
<devDate gml:id="K28_4666511880_8-2">
<gml:timePosition>2024-12-12</gml:timePosition>
</devDate>
<orgGILvl>2500</orgGILvl>
<vis>表示</vis>
<area>
<gml:Surface gml:id="K28_4666511880_8-g" srsName="fguuid:jgd2011.bl">
<gml:patches>
<gml:PolygonPatch>
<gml:exterior>
<gml:Ring>
<gml:curveMember>
<gml:Curve gml:id="K28_4666511880_8-3">
<gml:segments>
<gml:LineStringSegment>
<gml:posList>
33.067172989 129.744468236
33.067183279 129.744463017
33.067158616 129.744393978
33.067181814 129.744382476
33.067158342 129.744303481
33.067126334 129.744209361
33.067087340 129.744228852
33.067119314 129.744340428
33.067105597 129.744345959
33.067123151 129.744407481
33.067149503 129.744396845
33.067157473 129.744424926
33.067172989 129.744468236
</gml:posList>
</gml:LineStringSegment>
</gml:segments>
</gml:Curve>
</gml:curveMember>
</gml:Ring>
</gml:exterior>
</gml:PolygonPatch>
</gml:patches>
</gml:Surface>
</area>
<type>桟橋（鉄，コンクリート）</type>
</WStrA>
<WStrA gml:id="K28_4666511880_9">
<fid>20241212-46707-11907-s-5067</fid>
<lfSpanFr gml:id="K28_4666511880_9-1">
<gml:timePosition>2024-12-12</gml:timePosition>
</lfSpanFr>
<devDate gml:id="K28_4666511880_9-2">
<gml:timePosition>2024-12-12</gml:timePosition>
</devDate>
<orgGILvl>2500</orgGILvl>
<vis>表示</vis>
<area>
<gml:Surface gml:id="K28_4666511880_9-g" srsName="fguuid:jgd2011.bl">
<gml:patches>
<gml:PolygonPatch>
<gml:exterior>
<gml:Ring>
<gml:curveMember>
<gml:Curve gml:id="K28_4666511880_9-3">
<gml:segments>
<gml:LineStringSegment>
<gml:posList>
33.082167872 129.745264604
33.082119469 129.745287447
33.082145826 129.745366142
33.082165593 129.745356771
33.082181192 129.745403302
33.082227314 129.745381579
33.082185359 129.745256352
33.082180508 129.745258641
33.082180485 129.745258588
33.082134339 129.745154558
33.082121793 129.745160736
33.082167849 129.745264551
33.082167872 129.745264604
</gml:posList>
</gml:LineStringSegment>
</gml:segments>
</gml:Curve>
</gml:curveMember>
</gml:Ring>
</gml:exterior>
</gml:PolygonPatch>
</gml:patches>
</gml:Surface>
</area>
<type>桟橋（鉄，コンクリート）</type>
</WStrA>
<WStrA gml:id="K28_4666511880_10">
<fid>20241212-46707-11907-s-5294</fid>
<lfSpanFr gml:id="K28_4666511880_10-1">
<gml:timePosition>2024-12-12</gml:timePosition>
</lfSpanFr>
<devDate gml:id="K28_4666511880_10-2">
<gml:timePosition>2024-12-12</gml:timePosition>
</devDate>
<orgGILvl>2500</orgGILvl>
<vis>表示</vis>
<area>
<gml:Surface gml:id="K28_4666511880_10-g" srsName="fguuid:jgd2011.bl">
<gml:patches>
<gml:PolygonPatch>
<gml:exterior>
<gml:Ring>
<gml:curveMember>
<gml:Curve gml:id="K28_4666511880_10-3">
<gml:segments>
<gml:LineStringSegment>
<gml:posList>
33.078182072 129.748197416
33.078195519 129.748191562
33.078166848 129.748099046
33.078204303 129.748082656
33.078173929 129.747984565
33.078104162 129.748015002
33.078134089 129.748111379
33.078152862 129.748103184
33.078182072 129.748197416
</gml:posList>
</gml:LineStringSegment>
</gml:segments>
</gml:Curve>
</gml:curveMember>
</gml:Ring>
</gml:exterior>
</gml:PolygonPatch>
</gml:patches>
</gml:Surface>
</area>
<type>桟橋（鉄，コンクリート）</type>
</WStrA>
<WStrA gml:id="K28_4666511880_11">
<fid>20241212-46707-11901-s-3070</fid>
<lfSpanFr gml:id="K28_4666511880_11-1">
<gml:timePosition>2024-12-12</gml:timePosition>
</lfSpanFr>
<devDate gml:id="K28_4666511880_11-2">
<gml:timePosition>2024-12-12</gml:timePosition>
</devDate>
<orgGILvl>2500</orgGILvl>
<vis>表示</vis>
<area>
<gml:Surface gml:id="K28_4666511880_11-g" srsName="fguuid:jgd2011.bl">
<gml:patches>
<gml:PolygonPatch>
<gml:exterior>
<gml:Ring>
<gml:curveMember>
<gml:Curve gml:id="K28_4666511880_11-3">
<gml:segments>
<gml:LineStringSegment>
<gml:posList>
33.062827398 129.744302760
33.062802030 129.744363411
33.062789332 129.744354487
33.062714374 129.744504101
33.062753636 129.744531839
33.062828595 129.744382225
33.062813466 129.744371474
33.062839106 129.744310181
33.062827398 129.744302760
</gml:posList>
</gml:LineStringSegment>
</gml:segments>
</gml:Curve>
</gml:curveMember>
</gml:Ring>
</gml:exterior>
</gml:PolygonPatch>
</gml:patches>
</gml:Surface>
</area>
<type>桟橋（鉄，コンクリート）</type>
</WStrA>
<WStrA gml:id="K28_4666511880_12">
<fid>20241212-46707-11907-s-5068</fid>
<lfSpanFr gml:id="K28_4666511880_12-1">
<gml:timePosition>2024-12-12</gml:timePosition>
</lfSpanFr>
<devDate gml:id="K28_4666511880_12-2">
<gml:timePosition>2024-12-12</gml:timePosition>
</devDate>
<orgGILvl>2500</orgGILvl>
<vis>表示</vis>
<area>
<gml:Surface gml:id="K28_4666511880_12-g" srsName="fguuid:jgd2011.bl">
<gml:patches>
<gml:PolygonPatch>
<gml:exterior>
<gml:Ring>
<gml:curveMember>
<gml:Curve gml:id="K28_4666511880_12-3">
<gml:segments>
<gml:LineStringSegment>
<gml:posList>
33.082019772 129.745318789
33.082010470 129.745322171
33.082008501 129.745314453
33.081975022 129.745326571
33.082001063 129.745428081
33.082063780 129.74540544
33.082039707 129.745311541
33.082032828 129.745314042
33.081995337 129.745222084
33.081982790 129.745228154
33.082019764 129.745318769
33.082019772 129.745318789
</gml:posList>
</gml:LineStringSegment>
</gml:segments>
</gml:Curve>
</gml:curveMember>
</gml:Ring>
</gml:exterior>
</gml:PolygonPatch>
</gml:patches>
</gml:Surface>
</area>
<type>桟橋（鉄，コンクリート）</type>
</WStrA>
<WStrA gml:id="K28_4666511880_13">
<fid>20241212-46707-11907-s-5296</fid>
<lfSpanFr gml:id="K28_4666511880_13-1">
<gml:timePosition>2024-12-12</gml:timePosition>
</lfSpanFr>
<devDate gml:id="K28_4666511880_13-2">
<gml:timePosition>2024-12-12</gml:timePosition>
</devDate>
<orgGILvl>2500</orgGILvl>
<vis>表示</vis>
<area>
<gml:Surface gml:id="K28_4666511880_13-g" srsName="fguuid:jgd2011.bl">
<gml:patches>
<gml:PolygonPatch>
<gml:exterior>
<gml:Ring>
<gml:curveMember>
<gml:Curve gml:id="K28_4666511880_13-3">
<gml:segments>
<gml:LineStringSegment>
<gml:posList>
33.077844088 129.748336674
33.077857086 129.748330498
33.077836483 129.748261247
33.077852006 129.748254650
33.077837762 129.748207481
33.077850397 129.748202697
33.077829526 129.748132053
33.077774202 129.748155354
33.077795343 129.748226321
33.077802472 129.748223341
33.077817880 129.748275012
33.077824919 129.748272139
33.077844088 129.748336674
</gml:posList>
</gml:LineStringSegment>
</gml:segments>
</gml:Curve>
</gml:curveMember>
</gml:Ring>
</gml:exterior>
</gml:PolygonPatch>
</gml:patches>
</gml:Surface>
</area>
<type>桟橋（鉄，コンクリート）</type>
</WStrA>
<WStrA gml:id="K28_4666511880_14">
<fid>20241212-46707-11907-s-5293</fid>
<lfSpanFr gml:id="K28_4666511880_14-1">
<gml:timePosition>2024-12-12</gml:timePosition>
</lfSpanFr>
<devDate gml:id="K28_4666511880_14-2">
<gml:timePosition>2024-12-12</gml:timePosition>
</devDate>
<orgGILvl>2500</orgGILvl>
<vis>表示</vis>
<area>
<gml:Surface gml:id="K28_4666511880_14-g" srsName="fguuid:jgd2011.bl">
<gml:patches>
<gml:PolygonPatch>
<gml:exterior>
<gml:Ring>
<gml:curveMember>
<gml:Curve gml:id="K28_4666511880_14-3">
<gml:segments>
<gml:LineStringSegment>
<gml:posList>
33.078421211 129.748064306
33.078437005 129.748057496
33.078415241 129.747982993
33.078390676 129.747910838
33.078322075 129.747944921
33.078345918 129.748016966
33.078398722 129.747990980
33.078421211 129.748064306
</gml:posList>
</gml:LineStringSegment>
</gml:segments>
</gml:Curve>
</gml:curveMember>
</gml:Ring>
</gml:exterior>
</gml:PolygonPatch>
</gml:patches>
</gml:Surface>
</area>
<type>桟橋（鉄，コンクリート）</type>
</WStrA>
<WStrA gml:id="K28_4666511880_15">
<fid>20241212-46707-11907-s-5295</fid>
<lfSpanFr gml:id="K28_4666511880_15-1">
<gml:timePosition>2024-12-12</gml:timePosition>
</lfSpanFr>
<devDate gml:id="K28_4666511880_15-2">
<gml:timePosition>2024-12-12</gml:timePosition>
</devDate>
<orgGILvl>2500</orgGILvl>
<vis>表示</vis>
<area>
<gml:Surface gml:id="K28_4666511880_15-g" srsName="fguuid:jgd2011.bl">
<gml:patches>
<gml:PolygonPatch>
<gml:exterior>
<gml:Ring>
<gml:curveMember>
<gml:Curve gml:id="K28_4666511880_15-3">
<gml:segments>
<gml:LineStringSegment>
<gml:posList>
33.078026864 129.748250642
33.078035799 129.748246918
33.078009372 129.748158907
33.078022549 129.748153374
33.077989225 129.748042208
33.077940038 129.748063063
33.077973720 129.748175516
33.078000886 129.748164024
33.078026864 129.748250642
</gml:posList>
</gml:LineStringSegment>
</gml:segments>
</gml:Curve>
</gml:curveMember>
</gml:Ring>
</gml:exterior>
</gml:PolygonPatch>
</gml:patches>
</gml:Surface>
</area>
<type>桟橋（鉄，コンクリート）</type>
</WStrA>
<WStrA gml:id="K28_4666511880_16">
<fid>20241212-46707-11907-s-5070</fid>
<lfSpanFr gml:id="K28_4666511880_16-1">
<gml:timePosition>2024-12-12</gml:timePosition>
</lfSpanFr>
<devDate gml:id="K28_4666511880_16-2">
<gml:timePosition>2024-12-12</gml:timePosition>
</devDate>
<orgGILvl>2500</orgGILvl>
<vis>表示</vis>
<area>
<gml:Surface gml:id="K28_4666511880_16-g" srsName="fguuid:jgd2011.bl">
<gml:patches>
<gml:PolygonPatch>
<gml:exterior>
<gml:Ring>
<gml:curveMember>
<gml:Curve gml:id="K28_4666511880_16-3">
<gml:segments>
<gml:LineStringSegment>
<gml:posList>
33.081208382 129.745357648
33.081215111 129.745420868
33.081186614 129.745421642
33.081186856 129.745436103
33.081171164 129.745436488
33.081172394 129.745499153
33.081252473 129.745497019
33.081251002 129.745419893
33.081228730 129.745420498
33.081228728 129.745420474
33.081221999 129.745357365
33.081208382 129.745357648
</gml:posList>
</gml:LineStringSegment>
</gml:segments>
</gml:Curve>
</gml:curveMember>
</gml:Ring>
</gml:exterior>
</gml:PolygonPatch>
</gml:patches>
</gml:Surface>
</area>
<type>桟橋（鉄，コンクリート）</type>
</WStrA>
<WStrA gml:id="K28_4666511880_17">
<fid>20241212-46707-11904-s-4627</fid>
<lfSpanFr gml:id="K28_4666511880_17-1">
<gml:timePosition>2024-12-12</gml:timePosition>
</lfSpanFr>
<devDate gml:id="K28_4666511880_17-2">
<gml:timePosition>2024-12-12</gml:timePosition>
</devDate>
<orgGILvl>2500</orgGILvl>
<vis>表示</vis>
<area>
<gml:Surface gml:id="K28_4666511880_17-g" srsName="fguuid:jgd2011.bl">
<gml:patches>
<gml:PolygonPatch>
<gml:exterior>
<gml:Ring>
<gml:curveMember>
<gml:Curve gml:id="K28_4666511880_17-3">
<gml:segments>
<gml:LineStringSegment>
<gml:posList>
33.067282931 129.744412849
33.067294575 129.744406884
33.067269465 129.744335917
33.067278486 129.744334442
33.067248184 129.744105813
33.06722256 129.744112811
33.067255025 129.744341981
33.067261882 129.744340072
33.067282931 129.744412849
</gml:posList>
</gml:LineStringSegment>
</gml:segments>
</gml:Curve>
</gml:curveMember>
</gml:Ring>
</gml:exterior>
</gml:PolygonPatch>
</gml:patches>
</gml:Surface>
</area>
<type>桟橋（鉄，コンクリート）</type>
</WStrA>
<WStrA gml:id="K28_4666511880_18">
<fid>20241212-46707-11907-s-5069</fid>
<lfSpanFr gml:id="K28_4666511880_18-1">
<gml:timePosition>2024-12-12</gml:timePosition>
</lfSpanFr>
<devDate gml:id="K28_4666511880_18-2">
<gml:timePosition>2024-12-12</gml:timePosition>
</devDate>
<orgGILvl>2500</orgGILvl>
<vis>表示</vis>
<area>
<gml:Surface gml:id="K28_4666511880_18-g" srsName="fguuid:jgd2011.bl">
<gml:patches>
<gml:PolygonPatch>
<gml:exterior>
<gml:Ring>
<gml:curveMember>
<gml:Curve gml:id="K28_4666511880_18-3">
<gml:segments>
<gml:LineStringSegment>
<gml:posList>
33.081910352 129.745336794
33.081874260 129.745344929
33.081888602 129.745434731
33.081944084 129.745422246
33.081929652 129.745332444
33.081924427 129.745333622
33.08192442 129.745333608
33.081893973 129.745271396
33.081881336 129.745277574
33.081910346 129.745336782
33.081910352 129.745336794
</gml:posList>
</gml:LineStringSegment>
</gml:segments>
</gml:Curve>
</gml:curveMember>
</gml:Ring>
</gml:exterior>
</gml:PolygonPatch>
</gml:patches>
</gml:Surface>
</area>
<type>桟橋（鉄，コンクリート）</type>
</WStrA>
<WStrA gml:id="K28_4666511880_19">
<fid>20241212-46707-11907-s-5066</fid>
<lfSpanFr gml:id="K28_4666511880_19-1">
<gml:timePosition>2024-12-12</gml:timePosition>
</lfSpanFr>
<devDate gml:id="K28_4666511880_19-2">
<gml:timePosition>2024-12-12</gml:timePosition>
</devDate>
<orgGILvl>2500</orgGILvl>
<vis>表示</vis>
<area>
<gml:Surface gml:id="K28_4666511880_19-g" srsName="fguuid:jgd2011.bl">
<gml:patches>
<gml:PolygonPatch>
<gml:exterior>
<gml:Ring>
<gml:curveMember>
<gml:Curve gml:id="K28_4666511880_19-3">
<gml:segments>
<gml:LineStringSegment>
<gml:posList>
33.082631826 129.745892144
33.082555889 129.745896861
33.082555862 129.745896862
33.082555459 129.745886255
33.08247763 129.74589043
33.082479259 129.745933388
33.082557088 129.745929106
33.082556543 129.745914753
33.082556576 129.745914751
33.082639998 129.745909627
33.082657866 129.745948239
33.082664917 129.74593775
33.082648417 129.745889722
33.082632884 129.745858620
33.082620063 129.745866725
33.082631826 129.745892144
</gml:posList>
</gml:LineStringSegment>
</gml:segments>
</gml:Curve>
</gml:curveMember>
</gml:Ring>
</gml:exterior>
</gml:PolygonPatch>
</gml:patches>
</gml:Surface>
</area>
<type>桟橋（鉄，コンクリート）</type>
</WStrA>
<WStrA gml:id="K28_4666511880_20">
<fid>20241212-46707-11907-s-5049</fid>
<lfSpanFr gml:id="K28_4666511880_20-1">
<gml:timePosition>2024-12-12</gml:timePosition>
</lfSpanFr>
<devDate gml:id="K28_4666511880_20-2">
<gml:timePosition>2024-12-12</gml:timePosition>
</devDate>
<orgGILvl>2500</orgGILvl>
<vis>表示</vis>
<area>
<gml:Surface gml:id="K28_4666511880_20-g" srsName="fguuid:jgd2011.bl">
<gml:patches>
<gml:PolygonPatch>
<gml:exterior>
<gml:Ring>
<gml:curveMember>
<gml:Curve gml:id="K28_4666511880_20-3">
<gml:segments>
<gml:LineStringSegment>
<gml:posList>
33.081424126 129.747160872
33.081419267 129.747065334
33.081433427 129.747063639
33.081424528 129.746958321
33.081385292 129.746963031
33.081394101 129.747068349
33.081410333 129.747066405
33.081410336 129.747066466
33.081415108 129.747161276
33.081424126 129.747160872
</gml:posList>
</gml:LineStringSegment>
</gml:segments>
</gml:Curve>
</gml:curveMember>
</gml:Ring>
</gml:exterior>
</gml:PolygonPatch>
</gml:patches>
</gml:Surface>
</area>
<type>桟橋（鉄，コンクリート）</type>
</WStrA>
<WStrA gml:id="K28_4666511880_21">
<fid>20241212-46707-11904-s-4628</fid>
<lfSpanFr gml:id="K28_4666511880_21-1">
<gml:timePosition>2024-12-12</gml:timePosition>
</lfSpanFr>
<devDate gml:id="K28_4666511880_21-2">
<gml:timePosition>2024-12-12</gml:timePosition>
</devDate>
<orgGILvl>2500</orgGILvl>
<vis>表示</vis>
<area>
<gml:Surface gml:id="K28_4666511880_21-g" srsName="fguuid:jgd2011.bl">
<gml:patches>
<gml:PolygonPatch>
<gml:exterior>
<gml:Ring>
<gml:curveMember>
<gml:Curve gml:id="K28_4666511880_21-3">
<gml:segments>
<gml:LineStringSegment>
<gml:posList>
33.067392854 129.744321371
33.067379859 129.744280317
33.067392945 129.74427457
33.067397007 129.744272761
33.067392972 129.744260969
33.067364281 129.744176711
33.067328896 129.744194927
33.067358204 129.744286897
33.067368401 129.744283284
33.067391971 129.744357782
33.067392783 129.744357356
33.067396394 129.744355652
33.067398008 129.744359940
33.067404146 129.744356959
33.067392854 129.744321371
</gml:posList>
</gml:LineStringSegment>
</gml:segments>
</gml:Curve>
</gml:curveMember>
</gml:Ring>
</gml:exterior>
</gml:PolygonPatch>
</gml:patches>
</gml:Surface>
</area>
<type>桟橋（鉄，コンクリート）</type>
</WStrA>
<WStrA gml:id="K28_4666511880_22">
<fid>20241212-46707-11904-s-4630</fid>
<lfSpanFr gml:id="K28_4666511880_22-1">
<gml:timePosition>2024-12-12</gml:timePosition>
</lfSpanFr>
<devDate gml:id="K28_4666511880_22-2">
<gml:timePosition>2024-12-12</gml:timePosition>
</devDate>
<orgGILvl>2500</orgGILvl>
<vis>表示</vis>
<area>
<gml:Surface gml:id="K28_4666511880_22-g" srsName="fguuid:jgd2011.bl">
<gml:patches>
<gml:PolygonPatch>
<gml:exterior>
<gml:Ring>
<gml:curveMember>
<gml:Curve gml:id="K28_4666511880_22-3">
<gml:segments>
<gml:LineStringSegment>
<gml:posList>
33.066828156 129.744423480
33.066831056 129.744420693
33.066839414 129.744430472
33.066826469 129.744363609
33.06683477 129.744361275
33.066817421 129.744241065
33.066782507 129.744249536
33.066803831 129.744366116
33.066815378 129.744363792
33.066828156 129.744423480
</gml:posList>
</gml:LineStringSegment>
</gml:segments>
</gml:Curve>
</gml:curveMember>
</gml:Ring>
</gml:exterior>
</gml:PolygonPatch>
</gml:patches>
</gml:Surface>
</area>
<type>桟橋（鉄，コンクリート）</type>
</WStrA>
<WStrA gml:id="K28_4666511880_23">
<fid>20241212-46707-11907-s-5064</fid>
<lfSpanFr gml:id="K28_4666511880_23-1">
<gml:timePosition>2024-12-12</gml:timePosition>
</lfSpanFr>
<devDate gml:id="K28_4666511880_23-2">
<gml:timePosition>2024-12-12</gml:timePosition>
</devDate>
<orgGILvl>2500</orgGILvl>
<vis>表示</vis>
<area>
<gml:Surface gml:id="K28_4666511880_23-g" srsName="fguuid:jgd2011.bl">
<gml:patches>
<gml:PolygonPatch>
<gml:exterior>
<gml:Ring>
<gml:curveMember>
<gml:Curve gml:id="K28_4666511880_23-3">
<gml:segments>
<gml:LineStringSegment>
<gml:posList>
33.081790001 129.745317274
33.081811852 129.745394458
33.081811858 129.745394479
33.081797948 129.745402881
33.081829186 129.745475806
33.081864667 129.745454374
33.081833429 129.745381449
33.081822142 129.745388267
33.081801188 129.745314306
33.081790001 129.745317274
</gml:posList>
</gml:LineStringSegment>
</gml:segments>
</gml:Curve>
</gml:curveMember>
</gml:Ring>
</gml:exterior>
</gml:PolygonPatch>
</gml:patches>
</gml:Surface>
</area>
<type>桟橋（鉄，コンクリート）</type>
</WStrA>
<WStrA gml:id="K28_4666511880_24">
<fid>20241212-46707-11907-s-5044</fid>
<lfSpanFr gml:id="K28_4666511880_24-1">
<gml:timePosition>2024-12-12</gml:timePosition>
</lfSpanFr>
<devDate gml:id="K28_4666511880_24-2">
<gml:timePosition>2024-12-12</gml:timePosition>
</devDate>
<orgGILvl>2500</orgGILvl>
<vis>表示</vis>
<area>
<gml:Surface gml:id="K28_4666511880_24-g" srsName="fguuid:jgd2011.bl">
<gml:patches>
<gml:PolygonPatch>
<gml:exterior>
<gml:Ring>
<gml:curveMember>
<gml:Curve gml:id="K28_4666511880_24-3">
<gml:segments>
<gml:LineStringSegment>
<gml:posList>
33.080903825 129.747064943
33.080913774 129.747049975
33.080954113 129.746989033
33.080966803 129.747001601
33.081011387 129.746937243
33.080980966 129.746907487
33.080936383 129.746971738
33.080947093 129.746982265
33.080913808 129.747032622
33.080896443 129.747058817
33.080903825 129.747064943
</gml:posList>
</gml:LineStringSegment>
</gml:segments>
</gml:Curve>
</gml:curveMember>
</gml:Ring>
</gml:exterior>
</gml:PolygonPatch>
</gml:patches>
</gml:Surface>
</area>
<type>桟橋（鉄，コンクリート）</type>
</WStrA>
<WStrA gml:id="K28_4666511880_25">
<fid>20241212-46707-11907-s-5020</fid>
<lfSpanFr gml:id="K28_4666511880_25-1">
<gml:timePosition>2024-12-12</gml:timePosition>
</lfSpanFr>
<devDate gml:id="K28_4666511880_25-2">
<gml:timePosition>2024-12-12</gml:timePosition>
</devDate>
<orgGILvl>2500</orgGILvl>
<vis>表示</vis>
<area>
<gml:Surface gml:id="K28_4666511880_25-g" srsName="fguuid:jgd2011.bl">
<gml:patches>
<gml:PolygonPatch>
<gml:exterior>
<gml:Ring>
<gml:curveMember>
<gml:Curve gml:id="K28_4666511880_25-3">
<gml:segments>
<gml:LineStringSegment>
<gml:posList>
33.077338806 129.74299725
33.077346361 129.743012167
33.077471722 129.742946417
33.077466083 129.742924972
33.077338806 129.74299725
</gml:posList>
</gml:LineStringSegment>
</gml:segments>
</gml:Curve>
</gml:curveMember>
</gml:Ring>
</gml:exterior>
</gml:PolygonPatch>
</gml:patches>
</gml:Surface>
</area>
<type>桟橋（鉄，コンクリート）</type>
</WStrA>
<WStrA gml:id="K28_4666511880_26">
<fid>20241212-46665-11892-s-2647</fid>
<lfSpanFr gml:id="K28_4666511880_26-1">
<gml:timePosition>2024-12-12</gml:timePosition>
</lfSpanFr>
<devDate gml:id="K28_4666511880_26-2">
<gml:timePosition>2024-12-12</gml:timePosition>
</devDate>
<orgGILvl>2500</orgGILvl>
<vis>表示</vis>
<area>
<gml:Surface gml:id="K28_4666511880_26-g" srsName="fguuid:jgd2011.bl">
<gml:patches>
<gml:PolygonPatch>
<gml:exterior>
<gml:Ring>
<gml:curveMember>
<gml:Curve gml:id="K28_4666511880_26-3">
<gml:segments>
<gml:LineStringSegment>
<gml:posList>
33.038224643 129.626468056
33.038192236 129.626501306
33.038224201 129.626547924
33.038257419 129.626515746
33.038224643 129.626468056
</gml:posList>
</gml:LineStringSegment>
</gml:segments>
</gml:Curve>
</gml:curveMember>
</gml:Ring>
</gml:exterior>
</gml:PolygonPatch>
</gml:patches>
</gml:Surface>
</area>
<type>桟橋（鉄，コンクリート）</type>
</WStrA>
</Dataset>
