<?xml version="1.0" encoding="utf-8"?>
<Dataset xsi:schemaLocation="http://fgd.gsi.go.jp/spec/2008/FGD_GMLSchema FGD_GMLSchema.xsd"
	xmlns:gml="http://www.opengis.net/gml/3.2"
	xmlns:xsi="http://www.w3.org/2001/XMLSchema-instance"
	xmlns:xlink="http://www.w3.org/1999/xlink"
	xmlns="http://fgd.gsi.go.jp/spec/2008/FGD_GMLSchema"
	gml:id="Dataset1">
  <gml:description>基盤地図情報メタデータ ID=fmdid:19-1001</gml:description>
  <gml:name>基盤地図情報ダウンロードデータ（GML版）</gml:name>
<ElevPt gml:id="K2_4640111940_1">
<fid>46401-11940-i-5</fid>
<lfSpanFr gml:id="K2_4640111940_1-1">
<gml:timePosition>2015-11-17</gml:timePosition>
</lfSpanFr>
<devDate gml:id="K2_4640111940_1-2">
<gml:timePosition>2019-09-07</gml:timePosition>
</devDate>
<orgGILvl>25000</orgGILvl>
<vis>表示</vis>
<pos>
<gml:Point gml:id="K2_4640111940_1-g" srsName="fguuid:jgd2011.bl">
<gml:pos>33.167832222 128.894998611</gml:pos>
</gml:Point>
</pos>
<type>標高点（測点）</type>
<alti>30</alti>
</ElevPt>
<ElevPt gml:id="K2_4640411940_1">
<fid>46404-11940-i-9</fid>
<lfSpanFr gml:id="K2_4640411940_1-1">
<gml:timePosition>2015-11-17</gml:timePosition>
</lfSpanFr>
<devDate gml:id="K2_4640411940_1-2">
<gml:timePosition>2019-09-07</gml:timePosition>
</devDate>
<orgGILvl>25000</orgGILvl>
<vis>表示</vis>
<pos>
<gml:Point gml:id="K2_4640411940_1-g" srsName="fguuid:jgd2011.bl">
<gml:pos>33.172431111 128.901233333</gml:pos>
</gml:Point>
</pos>
<type>標高点（測点）</type>
<alti>143</alti>
</ElevPt>
<ElevPt gml:id="K2_4640411940_2">
<fid>46404-11940-i-10</fid>
<lfSpanFr gml:id="K2_4640411940_2-1">
<gml:timePosition>2015-11-17</gml:timePosition>
</lfSpanFr>
<devDate gml:id="K2_4640411940_2-2">
<gml:timePosition>2019-09-07</gml:timePosition>
</devDate>
<orgGILvl>25000</orgGILvl>
<vis>表示</vis>
<pos>
<gml:Point gml:id="K2_4640411940_2-g" srsName="fguuid:jgd2011.bl">
<gml:pos>33.167155278 128.902957500</gml:pos>
</gml:Point>
</pos>
<type>標高点（測点）</type>
<alti>49</alti>
</ElevPt>
<ElevPt gml:id="K2_4641011949_1">
<fid>46410-11949-i-8</fid>
<lfSpanFr gml:id="K2_4641011949_1-1">
<gml:timePosition>2015-11-17</gml:timePosition>
</lfSpanFr>
<devDate gml:id="K2_4641011949_1-2">
<gml:timePosition>2019-09-07</gml:timePosition>
</devDate>
<orgGILvl>25000</orgGILvl>
<vis>表示</vis>
<pos>
<gml:Point gml:id="K2_4641011949_1-g" srsName="fguuid:jgd2011.bl">
<gml:pos>33.199561111 128.923488889</gml:pos>
</gml:Point>
</pos>
<type>標高点（測点）</type>
<alti>49</alti>
</ElevPt>
<ElevPt gml:id="K2_4641311949_1">
<fid>46413-11949-i-10</fid>
<lfSpanFr gml:id="K2_4641311949_1-1">
<gml:timePosition>2015-11-17</gml:timePosition>
</lfSpanFr>
<devDate gml:id="K2_4641311949_1-2">
<gml:timePosition>2019-09-07</gml:timePosition>
</devDate>
<orgGILvl>25000</orgGILvl>
<vis>表示</vis>
<pos>
<gml:Point gml:id="K2_4641311949_1-g" srsName="fguuid:jgd2011.bl">
<gml:pos>33.191681389 128.925858056</gml:pos>
</gml:Point>
</pos>
<type>標高点（測点）</type>
<alti>29</alti>
</ElevPt>
<ElevPt gml:id="K2_4641311949_2">
<fid>46413-11949-i-11</fid>
<lfSpanFr gml:id="K2_4641311949_2-1">
<gml:timePosition>2015-11-17</gml:timePosition>
</lfSpanFr>
<devDate gml:id="K2_4641311949_2-2">
<gml:timePosition>2019-09-07</gml:timePosition>
</devDate>
<orgGILvl>25000</orgGILvl>
<vis>表示</vis>
<pos>
<gml:Point gml:id="K2_4641311949_2-g" srsName="fguuid:jgd2011.bl">
<gml:pos>33.192004444 128.927746111</gml:pos>
</gml:Point>
</pos>
<type>標高点（測点）</type>
<alti>119</alti>
</ElevPt>
<ElevPt gml:id="K2_4641311949_3">
<fid>46413-11949-i-12</fid>
<lfSpanFr gml:id="K2_4641311949_3-1">
<gml:timePosition>2015-11-17</gml:timePosition>
</lfSpanFr>
<devDate gml:id="K2_4641311949_3-2">
<gml:timePosition>2019-09-07</gml:timePosition>
</devDate>
<orgGILvl>25000</orgGILvl>
<vis>表示</vis>
<pos>
<gml:Point gml:id="K2_4641311949_3-g" srsName="fguuid:jgd2011.bl">
<gml:pos>33.194020000 128.928531944</gml:pos>
</gml:Point>
</pos>
<type>標高点（測点）</type>
<alti>84</alti>
</ElevPt>
<ElevPt gml:id="K2_4641311955_1">
<fid>46413-11955-i-8</fid>
<lfSpanFr gml:id="K2_4641311955_1-1">
<gml:timePosition>2015-11-17</gml:timePosition>
</lfSpanFr>
<devDate gml:id="K2_4641311955_1-2">
<gml:timePosition>2019-09-07</gml:timePosition>
</devDate>
<orgGILvl>25000</orgGILvl>
<vis>表示</vis>
<pos>
<gml:Point gml:id="K2_4641311955_1-g" srsName="fguuid:jgd2011.bl">
<gml:pos>33.208881667 128.929668333</gml:pos>
</gml:Point>
</pos>
<type>標高点（測点）</type>
<alti>20</alti>
</ElevPt>
<ElevPt gml:id="K2_4643111946_1">
<fid>46431-11946-i-5</fid>
<lfSpanFr gml:id="K2_4643111946_1-1">
<gml:timePosition>2015-11-17</gml:timePosition>
</lfSpanFr>
<devDate gml:id="K2_4643111946_1-2">
<gml:timePosition>2019-09-07</gml:timePosition>
</devDate>
<orgGILvl>25000</orgGILvl>
<vis>表示</vis>
<pos>
<gml:Point gml:id="K2_4643111946_1-g" srsName="fguuid:jgd2011.bl">
<gml:pos>33.185851667 128.981483333</gml:pos>
</gml:Point>
</pos>
<type>標高点（測点）</type>
<alti>49</alti>
</ElevPt>
<ElevPt gml:id="K2_4643411946_1">
<fid>46434-11946-i-8</fid>
<lfSpanFr gml:id="K2_4643411946_1-1">
<gml:timePosition>2015-11-17</gml:timePosition>
</lfSpanFr>
<devDate gml:id="K2_4643411946_1-2">
<gml:timePosition>2019-09-07</gml:timePosition>
</devDate>
<orgGILvl>25000</orgGILvl>
<vis>表示</vis>
<pos>
<gml:Point gml:id="K2_4643411946_1-g" srsName="fguuid:jgd2011.bl">
<gml:pos>33.187614722 128.991017778</gml:pos>
</gml:Point>
</pos>
<type>標高点（測点）</type>
<alti>48</alti>
</ElevPt>
<ElevPt gml:id="K2_4643411949_1">
<fid>46434-11949-i-5</fid>
<lfSpanFr gml:id="K2_4643411949_1-1">
<gml:timePosition>2015-11-17</gml:timePosition>
</lfSpanFr>
<devDate gml:id="K2_4643411949_1-2">
<gml:timePosition>2019-09-07</gml:timePosition>
</devDate>
<orgGILvl>25000</orgGILvl>
<vis>表示</vis>
<pos>
<gml:Point gml:id="K2_4643411949_1-g" srsName="fguuid:jgd2011.bl">
<gml:pos>33.192377500 128.984384444</gml:pos>
</gml:Point>
</pos>
<type>標高点（測点）</type>
<alti>25</alti>
</ElevPt>
</Dataset>
