<?xml version="1.0" encoding="utf-8"?>
<Dataset xsi:schemaLocation="http://fgd.gsi.go.jp/spec/2008/FGD_GMLSchema FGD_GMLSchema.xsd"
	xmlns:gml="http://www.opengis.net/gml/3.2"
	xmlns:xsi="http://www.w3.org/2001/XMLSchema-instance"
	xmlns:xlink="http://www.w3.org/1999/xlink"
	xmlns="http://fgd.gsi.go.jp/spec/2008/FGD_GMLSchema"
	gml:id="Dataset1">
  <gml:description>基盤地図情報メタデータ ID=fmdid:19-1001</gml:description>
  <gml:name>基盤地図情報ダウンロードデータ（GML版）</gml:name>
<GCP gml:id="K1_492867_1">
<fid>10-00100-0-1908-21746</fid>
<lfSpanFr gml:id="K1_492867_1-1">
<gml:timePosition>2019-08-29</gml:timePosition>
</lfSpanFr>
<devDate gml:id="K1_492867_1-2">
<gml:timePosition>2019-09-07</gml:timePosition>
</devDate>
<orgGILvl>KJ12</orgGILvl>
<vis>表示</vis>
<pos>
<gml:Point gml:id="K1_492867_1-g" srsName="fguuid:jgd2011.bl">
<gml:pos>33.189678000 128.989263667</gml:pos>
</gml:Point>
</pos>
<orgName>国土地理院</orgName>
<type>三角点</type>
<gcpClass>二等三角点</gcpClass>
<gcpCode>TR24928672901</gcpCode>
<name>赤島</name>
<B>119482.8408</B>
<L>464361.3492</L>
<alti>103.01</alti>
<altiAcc>2</altiAcc>
</GCP>
<GCP gml:id="K1_492867_2">
<fid>10-00100-0-1908-28311</fid>
<lfSpanFr gml:id="K1_492867_2-1">
<gml:timePosition>2019-08-29</gml:timePosition>
</lfSpanFr>
<devDate gml:id="K1_492867_2-2">
<gml:timePosition>2019-09-07</gml:timePosition>
</devDate>
<orgGILvl>KJ13</orgGILvl>
<vis>表示</vis>
<pos>
<gml:Point gml:id="K1_492867_2-g" srsName="fguuid:jgd2011.bl">
<gml:pos>33.169276806 128.901010694</gml:pos>
</gml:Point>
</pos>
<orgName>国土地理院</orgName>
<type>三角点</type>
<gcpClass>三等三角点</gcpClass>
<gcpCode>TR34928670201</gcpCode>
<name>美良島</name>
<B>119409.3965</B>
<L>464043.6385</L>
<alti>139.48</alti>
<altiAcc>2</altiAcc>
</GCP>
</Dataset>
