<?xml version="1.0" encoding="utf-8"?>
<Dataset xsi:schemaLocation="http://fgd.gsi.go.jp/spec/2008/FGD_GMLSchema FGD_GMLSchema.xsd"
	xmlns:gml="http://www.opengis.net/gml/3.2"
	xmlns:xsi="http://www.w3.org/2001/XMLSchema-instance"
	xmlns:xlink="http://www.w3.org/1999/xlink"
	xmlns="http://fgd.gsi.go.jp/spec/2008/FGD_GMLSchema"
	gml:id="Dataset1">
  <gml:description>基盤地図情報メタデータ ID=fmdid:24-1001</gml:description>
  <gml:name>基盤地図情報ダウンロードデータ（GML版）</gml:name>
<ElevPt gml:id="K2_4644011826_1">
<fid>46440-11826-i-10</fid>
<lfSpanFr gml:id="K2_4644011826_1-1">
<gml:timePosition>2015-11-17</gml:timePosition>
</lfSpanFr>
<devDate gml:id="K2_4644011826_1-2">
<gml:timePosition>2024-09-13</gml:timePosition>
</devDate>
<orgGILvl>25000</orgGILvl>
<vis>表示</vis>
<pos>
<gml:Point gml:id="K2_4644011826_1-g" srsName="fguuid:jgd2011.bl">
<gml:pos>32.855691111 129.001818056</gml:pos>
</gml:Point>
</pos>
<type>標高点（測点）</type>
<alti>25</alti>
</ElevPt>
<ElevPt gml:id="K2_4644011832_1">
<fid>46440-11832-i-156</fid>
<lfSpanFr gml:id="K2_4644011832_1-1">
<gml:timePosition>2022-03-16</gml:timePosition>
</lfSpanFr>
<devDate gml:id="K2_4644011832_1-2">
<gml:timePosition>2024-09-13</gml:timePosition>
</devDate>
<orgGILvl>25000</orgGILvl>
<pos>
<gml:Point gml:id="K2_4644011832_1-g" srsName="fguuid:jgd2011.bl">
<gml:pos>32.866960556 129.005351111</gml:pos>
</gml:Point>
</pos>
<type>標高点（測点）</type>
<alti>70</alti>
</ElevPt>
<ElevPt gml:id="K2_4644011835_1">
<fid>46440-11835-i-74</fid>
<lfSpanFr gml:id="K2_4644011835_1-1">
<gml:timePosition>2015-11-17</gml:timePosition>
</lfSpanFr>
<devDate gml:id="K2_4644011835_1-2">
<gml:timePosition>2024-09-13</gml:timePosition>
</devDate>
<orgGILvl>25000</orgGILvl>
<vis>表示</vis>
<pos>
<gml:Point gml:id="K2_4644011835_1-g" srsName="fguuid:jgd2011.bl">
<gml:pos>32.880970556 129.003936667</gml:pos>
</gml:Point>
</pos>
<type>標高点（測点）</type>
<alti>18</alti>
</ElevPt>
<ElevPt gml:id="K2_4644011835_2">
<fid>46440-11835-i-75</fid>
<lfSpanFr gml:id="K2_4644011835_2-1">
<gml:timePosition>2015-11-17</gml:timePosition>
</lfSpanFr>
<devDate gml:id="K2_4644011835_2-2">
<gml:timePosition>2024-09-13</gml:timePosition>
</devDate>
<orgGILvl>25000</orgGILvl>
<vis>表示</vis>
<pos>
<gml:Point gml:id="K2_4644011835_2-g" srsName="fguuid:jgd2011.bl">
<gml:pos>32.875852778 129.006488889</gml:pos>
</gml:Point>
</pos>
<type>標高点（測点）</type>
<alti>119</alti>
</ElevPt>
<ElevPt gml:id="K2_4644311829_1">
<fid>46443-11829-i-77</fid>
<lfSpanFr gml:id="K2_4644311829_1-1">
<gml:timePosition>2015-11-17</gml:timePosition>
</lfSpanFr>
<devDate gml:id="K2_4644311829_1-2">
<gml:timePosition>2024-09-13</gml:timePosition>
</devDate>
<orgGILvl>25000</orgGILvl>
<vis>表示</vis>
<pos>
<gml:Point gml:id="K2_4644311829_1-g" srsName="fguuid:jgd2011.bl">
<gml:pos>32.858666667 129.013686944</gml:pos>
</gml:Point>
</pos>
<type>標高点（測点）</type>
<alti>99</alti>
</ElevPt>
<ElevPt gml:id="K2_4644311835_1">
<fid>46443-11835-i-30</fid>
<lfSpanFr gml:id="K2_4644311835_1-1">
<gml:timePosition>2022-03-16</gml:timePosition>
</lfSpanFr>
<devDate gml:id="K2_4644311835_1-2">
<gml:timePosition>2024-09-13</gml:timePosition>
</devDate>
<orgGILvl>25000</orgGILvl>
<vis>表示</vis>
<pos>
<gml:Point gml:id="K2_4644311835_1-g" srsName="fguuid:jgd2011.bl">
<gml:pos>32.880890833 129.013076944</gml:pos>
</gml:Point>
</pos>
<type>標高点（測点）</type>
<alti>200</alti>
</ElevPt>
<ElevPt gml:id="K2_4644311835_2">
<fid>46443-11835-i-31</fid>
<lfSpanFr gml:id="K2_4644311835_2-1">
<gml:timePosition>2022-03-16</gml:timePosition>
</lfSpanFr>
<devDate gml:id="K2_4644311835_2-2">
<gml:timePosition>2024-09-13</gml:timePosition>
</devDate>
<orgGILvl>25000</orgGILvl>
<vis>表示</vis>
<pos>
<gml:Point gml:id="K2_4644311835_2-g" srsName="fguuid:jgd2011.bl">
<gml:pos>32.875149167 129.014334722</gml:pos>
</gml:Point>
</pos>
<type>標高点（測点）</type>
<alti>166</alti>
</ElevPt>
<ElevPt gml:id="K2_4644311838_1">
<fid>46443-11838-i-51</fid>
<lfSpanFr gml:id="K2_4644311838_1-1">
<gml:timePosition>2022-03-16</gml:timePosition>
</lfSpanFr>
<devDate gml:id="K2_4644311838_1-2">
<gml:timePosition>2024-09-13</gml:timePosition>
</devDate>
<orgGILvl>25000</orgGILvl>
<vis>表示</vis>
<pos>
<gml:Point gml:id="K2_4644311838_1-g" srsName="fguuid:jgd2011.bl">
<gml:pos>32.888516667 129.013632778</gml:pos>
</gml:Point>
</pos>
<type>標高点（測点）</type>
<alti>105</alti>
</ElevPt>
<ElevPt gml:id="K2_4644311841_1">
<fid>46443-11841-i-9</fid>
<lfSpanFr gml:id="K2_4644311841_1-1">
<gml:timePosition>2022-03-16</gml:timePosition>
</lfSpanFr>
<devDate gml:id="K2_4644311841_1-2">
<gml:timePosition>2024-09-13</gml:timePosition>
</devDate>
<orgGILvl>25000</orgGILvl>
<vis>表示</vis>
<pos>
<gml:Point gml:id="K2_4644311841_1-g" srsName="fguuid:jgd2011.bl">
<gml:pos>32.899616944 129.016158611</gml:pos>
</gml:Point>
</pos>
<type>標高点（測点）</type>
<alti>64</alti>
</ElevPt>
<ElevPt gml:id="K2_4644311844_1">
<fid>46443-11844-i-14</fid>
<lfSpanFr gml:id="K2_4644311844_1-1">
<gml:timePosition>2015-11-17</gml:timePosition>
</lfSpanFr>
<devDate gml:id="K2_4644311844_1-2">
<gml:timePosition>2024-09-13</gml:timePosition>
</devDate>
<orgGILvl>25000</orgGILvl>
<vis>表示</vis>
<pos>
<gml:Point gml:id="K2_4644311844_1-g" srsName="fguuid:jgd2011.bl">
<gml:pos>32.904617222 129.008834167</gml:pos>
</gml:Point>
</pos>
<type>標高点（測点）</type>
<alti>202</alti>
</ElevPt>
<ElevPt gml:id="K2_4644311847_1">
<fid>46443-11847-i-24</fid>
<lfSpanFr gml:id="K2_4644311847_1-1">
<gml:timePosition>2022-03-16</gml:timePosition>
</lfSpanFr>
<devDate gml:id="K2_4644311847_1-2">
<gml:timePosition>2024-09-13</gml:timePosition>
</devDate>
<orgGILvl>25000</orgGILvl>
<vis>表示</vis>
<pos>
<gml:Point gml:id="K2_4644311847_1-g" srsName="fguuid:jgd2011.bl">
<gml:pos>32.914726389 129.015241944</gml:pos>
</gml:Point>
</pos>
<type>標高点（測点）</type>
<alti>63</alti>
</ElevPt>
<ElevPt gml:id="K2_4644611823_1">
<fid>46446-11823-i-17</fid>
<lfSpanFr gml:id="K2_4644611823_1-1">
<gml:timePosition>2022-03-16</gml:timePosition>
</lfSpanFr>
<devDate gml:id="K2_4644611823_1-2">
<gml:timePosition>2024-09-13</gml:timePosition>
</devDate>
<orgGILvl>25000</orgGILvl>
<vis>表示</vis>
<pos>
<gml:Point gml:id="K2_4644611823_1-g" srsName="fguuid:jgd2011.bl">
<gml:pos>32.844919722 129.019864167</gml:pos>
</gml:Point>
</pos>
<type>標高点（測点）</type>
<alti>39</alti>
</ElevPt>
<ElevPt gml:id="K2_4644611826_1">
<fid>46446-11826-i-22</fid>
<lfSpanFr gml:id="K2_4644611826_1-1">
<gml:timePosition>2015-11-17</gml:timePosition>
</lfSpanFr>
<devDate gml:id="K2_4644611826_1-2">
<gml:timePosition>2024-09-13</gml:timePosition>
</devDate>
<orgGILvl>25000</orgGILvl>
<vis>表示</vis>
<pos>
<gml:Point gml:id="K2_4644611826_1-g" srsName="fguuid:jgd2011.bl">
<gml:pos>32.853150278 129.017867778</gml:pos>
</gml:Point>
</pos>
<type>標高点（測点）</type>
<alti>110</alti>
</ElevPt>
<ElevPt gml:id="K2_4644611829_1">
<fid>46446-11829-i-178</fid>
<lfSpanFr gml:id="K2_4644611829_1-1">
<gml:timePosition>2022-03-16</gml:timePosition>
</lfSpanFr>
<devDate gml:id="K2_4644611829_1-2">
<gml:timePosition>2024-09-13</gml:timePosition>
</devDate>
<orgGILvl>25000</orgGILvl>
<vis>表示</vis>
<pos>
<gml:Point gml:id="K2_4644611829_1-g" srsName="fguuid:jgd2011.bl">
<gml:pos>32.859457778 129.023154444</gml:pos>
</gml:Point>
</pos>
<type>標高点（測点）</type>
<alti>138</alti>
</ElevPt>
<ElevPt gml:id="K2_4644611835_1">
<fid>46446-11835-i-101</fid>
<lfSpanFr gml:id="K2_4644611835_1-1">
<gml:timePosition>2022-03-16</gml:timePosition>
</lfSpanFr>
<devDate gml:id="K2_4644611835_1-2">
<gml:timePosition>2024-09-13</gml:timePosition>
</devDate>
<orgGILvl>25000</orgGILvl>
<vis>表示</vis>
<pos>
<gml:Point gml:id="K2_4644611835_1-g" srsName="fguuid:jgd2011.bl">
<gml:pos>32.880789167 129.022701111</gml:pos>
</gml:Point>
</pos>
<type>標高点（測点）</type>
<alti>155</alti>
</ElevPt>
<ElevPt gml:id="K2_4644611838_1">
<fid>46446-11838-i-186</fid>
<lfSpanFr gml:id="K2_4644611838_1-1">
<gml:timePosition>2022-03-16</gml:timePosition>
</lfSpanFr>
<devDate gml:id="K2_4644611838_1-2">
<gml:timePosition>2024-09-13</gml:timePosition>
</devDate>
<orgGILvl>25000</orgGILvl>
<vis>表示</vis>
<pos>
<gml:Point gml:id="K2_4644611838_1-g" srsName="fguuid:jgd2011.bl">
<gml:pos>32.891009722 129.022641667</gml:pos>
</gml:Point>
</pos>
<type>標高点（測点）</type>
<alti>97</alti>
</ElevPt>
<ElevPt gml:id="K2_4644611847_1">
<fid>46446-11847-i-163</fid>
<lfSpanFr gml:id="K2_4644611847_1-1">
<gml:timePosition>2022-03-16</gml:timePosition>
</lfSpanFr>
<devDate gml:id="K2_4644611847_1-2">
<gml:timePosition>2024-09-13</gml:timePosition>
</devDate>
<orgGILvl>25000</orgGILvl>
<vis>表示</vis>
<pos>
<gml:Point gml:id="K2_4644611847_1-g" srsName="fguuid:jgd2011.bl">
<gml:pos>32.911985833 129.019387222</gml:pos>
</gml:Point>
</pos>
<type>標高点（測点）</type>
<alti>206</alti>
</ElevPt>
<ElevPt gml:id="K2_4644911823_1">
<fid>46449-11823-i-9</fid>
<lfSpanFr gml:id="K2_4644911823_1-1">
<gml:timePosition>2022-03-16</gml:timePosition>
</lfSpanFr>
<devDate gml:id="K2_4644911823_1-2">
<gml:timePosition>2024-09-13</gml:timePosition>
</devDate>
<orgGILvl>25000</orgGILvl>
<vis>表示</vis>
<pos>
<gml:Point gml:id="K2_4644911823_1-g" srsName="fguuid:jgd2011.bl">
<gml:pos>32.845292222 129.026380556</gml:pos>
</gml:Point>
</pos>
<type>標高点（測点）</type>
<alti>82</alti>
</ElevPt>
<ElevPt gml:id="K2_4644911826_1">
<fid>46449-11826-i-21</fid>
<lfSpanFr gml:id="K2_4644911826_1-1">
<gml:timePosition>2022-03-16</gml:timePosition>
</lfSpanFr>
<devDate gml:id="K2_4644911826_1-2">
<gml:timePosition>2024-09-13</gml:timePosition>
</devDate>
<orgGILvl>25000</orgGILvl>
<vis>表示</vis>
<pos>
<gml:Point gml:id="K2_4644911826_1-g" srsName="fguuid:jgd2011.bl">
<gml:pos>32.854878611 129.030868611</gml:pos>
</gml:Point>
</pos>
<type>標高点（測点）</type>
<alti>31</alti>
</ElevPt>
<ElevPt gml:id="K2_4644911829_1">
<fid>46449-11829-i-61</fid>
<lfSpanFr gml:id="K2_4644911829_1-1">
<gml:timePosition>2022-03-16</gml:timePosition>
</lfSpanFr>
<devDate gml:id="K2_4644911829_1-2">
<gml:timePosition>2024-09-13</gml:timePosition>
</devDate>
<orgGILvl>25000</orgGILvl>
<vis>表示</vis>
<pos>
<gml:Point gml:id="K2_4644911829_1-g" srsName="fguuid:jgd2011.bl">
<gml:pos>32.863932500 129.026724444</gml:pos>
</gml:Point>
</pos>
<type>標高点（測点）</type>
<alti>67</alti>
</ElevPt>
<ElevPt gml:id="K2_4644911841_1">
<fid>46449-11841-i-33</fid>
<lfSpanFr gml:id="K2_4644911841_1-1">
<gml:timePosition>2022-03-16</gml:timePosition>
</lfSpanFr>
<devDate gml:id="K2_4644911841_1-2">
<gml:timePosition>2024-09-13</gml:timePosition>
</devDate>
<orgGILvl>25000</orgGILvl>
<vis>表示</vis>
<pos>
<gml:Point gml:id="K2_4644911841_1-g" srsName="fguuid:jgd2011.bl">
<gml:pos>32.895780556 129.029171944</gml:pos>
</gml:Point>
</pos>
<type>標高点（測点）</type>
<alti>138</alti>
</ElevPt>
<ElevPt gml:id="K2_4644911844_1">
<fid>46449-11844-i-5</fid>
<lfSpanFr gml:id="K2_4644911844_1-1">
<gml:timePosition>2015-11-17</gml:timePosition>
</lfSpanFr>
<devDate gml:id="K2_4644911844_1-2">
<gml:timePosition>2024-09-13</gml:timePosition>
</devDate>
<orgGILvl>25000</orgGILvl>
<vis>表示</vis>
<pos>
<gml:Point gml:id="K2_4644911844_1-g" srsName="fguuid:jgd2011.bl">
<gml:pos>32.902722222 129.027350833</gml:pos>
</gml:Point>
</pos>
<type>標高点（測点）</type>
<alti>58</alti>
</ElevPt>
<ElevPt gml:id="K2_4645211826_1">
<fid>46452-11826-i-11</fid>
<lfSpanFr gml:id="K2_4645211826_1-1">
<gml:timePosition>2022-03-16</gml:timePosition>
</lfSpanFr>
<devDate gml:id="K2_4645211826_1-2">
<gml:timePosition>2024-09-13</gml:timePosition>
</devDate>
<orgGILvl>25000</orgGILvl>
<vis>表示</vis>
<pos>
<gml:Point gml:id="K2_4645211826_1-g" srsName="fguuid:jgd2011.bl">
<gml:pos>32.856185556 129.036390556</gml:pos>
</gml:Point>
</pos>
<type>標高点（測点）</type>
<alti>4</alti>
</ElevPt>
<ElevPt gml:id="K2_4645211826_2">
<fid>46452-11826-i-12</fid>
<lfSpanFr gml:id="K2_4645211826_2-1">
<gml:timePosition>2022-03-16</gml:timePosition>
</lfSpanFr>
<devDate gml:id="K2_4645211826_2-2">
<gml:timePosition>2024-09-13</gml:timePosition>
</devDate>
<orgGILvl>25000</orgGILvl>
<vis>表示</vis>
<pos>
<gml:Point gml:id="K2_4645211826_2-g" srsName="fguuid:jgd2011.bl">
<gml:pos>32.852276389 129.038377500</gml:pos>
</gml:Point>
</pos>
<type>標高点（測点）</type>
<alti>53</alti>
</ElevPt>
<ElevPt gml:id="K2_4645211829_1">
<fid>46452-11829-i-29</fid>
<lfSpanFr gml:id="K2_4645211829_1-1">
<gml:timePosition>2022-03-16</gml:timePosition>
</lfSpanFr>
<devDate gml:id="K2_4645211829_1-2">
<gml:timePosition>2024-09-13</gml:timePosition>
</devDate>
<orgGILvl>25000</orgGILvl>
<vis>表示</vis>
<pos>
<gml:Point gml:id="K2_4645211829_1-g" srsName="fguuid:jgd2011.bl">
<gml:pos>32.863166667 129.034086944</gml:pos>
</gml:Point>
</pos>
<type>標高点（測点）</type>
<alti>72</alti>
</ElevPt>
<ElevPt gml:id="K2_4645211832_1">
<fid>46452-11832-i-36</fid>
<lfSpanFr gml:id="K2_4645211832_1-1">
<gml:timePosition>2022-03-16</gml:timePosition>
</lfSpanFr>
<devDate gml:id="K2_4645211832_1-2">
<gml:timePosition>2024-09-13</gml:timePosition>
</devDate>
<orgGILvl>25000</orgGILvl>
<vis>表示</vis>
<pos>
<gml:Point gml:id="K2_4645211832_1-g" srsName="fguuid:jgd2011.bl">
<gml:pos>32.870089722 129.035136111</gml:pos>
</gml:Point>
</pos>
<type>標高点（測点）</type>
<alti>70</alti>
</ElevPt>
<ElevPt gml:id="K2_4645211835_1">
<fid>46452-11835-i-12</fid>
<lfSpanFr gml:id="K2_4645211835_1-1">
<gml:timePosition>2022-03-16</gml:timePosition>
</lfSpanFr>
<devDate gml:id="K2_4645211835_1-2">
<gml:timePosition>2024-09-13</gml:timePosition>
</devDate>
<orgGILvl>25000</orgGILvl>
<vis>表示</vis>
<pos>
<gml:Point gml:id="K2_4645211835_1-g" srsName="fguuid:jgd2011.bl">
<gml:pos>32.881320000 129.040622500</gml:pos>
</gml:Point>
</pos>
<type>標高点（測点）</type>
<alti>26</alti>
</ElevPt>
<ElevPt gml:id="K2_4645211838_1">
<fid>46452-11838-i-17</fid>
<lfSpanFr gml:id="K2_4645211838_1-1">
<gml:timePosition>2022-03-16</gml:timePosition>
</lfSpanFr>
<devDate gml:id="K2_4645211838_1-2">
<gml:timePosition>2024-09-13</gml:timePosition>
</devDate>
<orgGILvl>25000</orgGILvl>
<vis>表示</vis>
<pos>
<gml:Point gml:id="K2_4645211838_1-g" srsName="fguuid:jgd2011.bl">
<gml:pos>32.887591111 129.039283333</gml:pos>
</gml:Point>
</pos>
<type>標高点（測点）</type>
<alti>58</alti>
</ElevPt>
<ElevPt gml:id="K2_4645211841_1">
<fid>46452-11841-i-4</fid>
<lfSpanFr gml:id="K2_4645211841_1-1">
<gml:timePosition>2015-11-17</gml:timePosition>
</lfSpanFr>
<devDate gml:id="K2_4645211841_1-2">
<gml:timePosition>2024-09-13</gml:timePosition>
</devDate>
<orgGILvl>25000</orgGILvl>
<vis>表示</vis>
<pos>
<gml:Point gml:id="K2_4645211841_1-g" srsName="fguuid:jgd2011.bl">
<gml:pos>32.892088333 129.038986944</gml:pos>
</gml:Point>
</pos>
<type>標高点（測点）</type>
<alti>27</alti>
</ElevPt>
<ElevPt gml:id="K2_4645211844_1">
<fid>46452-11844-i-12</fid>
<lfSpanFr gml:id="K2_4645211844_1-1">
<gml:timePosition>2022-03-16</gml:timePosition>
</lfSpanFr>
<devDate gml:id="K2_4645211844_1-2">
<gml:timePosition>2024-09-13</gml:timePosition>
</devDate>
<orgGILvl>25000</orgGILvl>
<vis>表示</vis>
<pos>
<gml:Point gml:id="K2_4645211844_1-g" srsName="fguuid:jgd2011.bl">
<gml:pos>32.901018333 129.037658889</gml:pos>
</gml:Point>
</pos>
<type>標高点（測点）</type>
<alti>13</alti>
</ElevPt>
<ElevPt gml:id="K2_4645211847_1">
<fid>46452-11847-i-12</fid>
<lfSpanFr gml:id="K2_4645211847_1-1">
<gml:timePosition>2022-03-16</gml:timePosition>
</lfSpanFr>
<devDate gml:id="K2_4645211847_1-2">
<gml:timePosition>2024-09-13</gml:timePosition>
</devDate>
<orgGILvl>25000</orgGILvl>
<vis>表示</vis>
<pos>
<gml:Point gml:id="K2_4645211847_1-g" srsName="fguuid:jgd2011.bl">
<gml:pos>32.909597500 129.033849722</gml:pos>
</gml:Point>
</pos>
<type>標高点（測点）</type>
<alti>37</alti>
</ElevPt>
<ElevPt gml:id="K2_4645511823_1">
<fid>46455-11823-i-37</fid>
<lfSpanFr gml:id="K2_4645511823_1-1">
<gml:timePosition>2022-03-16</gml:timePosition>
</lfSpanFr>
<devDate gml:id="K2_4645511823_1-2">
<gml:timePosition>2024-09-13</gml:timePosition>
</devDate>
<orgGILvl>25000</orgGILvl>
<vis>表示</vis>
<pos>
<gml:Point gml:id="K2_4645511823_1-g" srsName="fguuid:jgd2011.bl">
<gml:pos>32.841899167 129.047795833</gml:pos>
</gml:Point>
</pos>
<type>標高点（測点）</type>
<alti>139</alti>
</ElevPt>
<ElevPt gml:id="K2_4645511826_1">
<fid>46455-11826-i-120</fid>
<lfSpanFr gml:id="K2_4645511826_1-1">
<gml:timePosition>2022-03-16</gml:timePosition>
</lfSpanFr>
<devDate gml:id="K2_4645511826_1-2">
<gml:timePosition>2024-09-13</gml:timePosition>
</devDate>
<orgGILvl>25000</orgGILvl>
<vis>表示</vis>
<pos>
<gml:Point gml:id="K2_4645511826_1-g" srsName="fguuid:jgd2011.bl">
<gml:pos>32.856298611 129.042103611</gml:pos>
</gml:Point>
</pos>
<type>標高点（測点）</type>
<alti>24</alti>
</ElevPt>
<ElevPt gml:id="K2_4645511829_1">
<fid>46455-11829-i-153</fid>
<lfSpanFr gml:id="K2_4645511829_1-1">
<gml:timePosition>2022-03-16</gml:timePosition>
</lfSpanFr>
<devDate gml:id="K2_4645511829_1-2">
<gml:timePosition>2024-09-13</gml:timePosition>
</devDate>
<orgGILvl>25000</orgGILvl>
<vis>表示</vis>
<pos>
<gml:Point gml:id="K2_4645511829_1-g" srsName="fguuid:jgd2011.bl">
<gml:pos>32.859688056 129.041875000</gml:pos>
</gml:Point>
</pos>
<type>標高点（測点）</type>
<alti>25</alti>
</ElevPt>
<ElevPt gml:id="K2_4645511829_2">
<fid>46455-11829-i-154</fid>
<lfSpanFr gml:id="K2_4645511829_2-1">
<gml:timePosition>2022-03-16</gml:timePosition>
</lfSpanFr>
<devDate gml:id="K2_4645511829_2-2">
<gml:timePosition>2024-09-13</gml:timePosition>
</devDate>
<orgGILvl>25000</orgGILvl>
<vis>表示</vis>
<pos>
<gml:Point gml:id="K2_4645511829_2-g" srsName="fguuid:jgd2011.bl">
<gml:pos>32.862690278 129.043536944</gml:pos>
</gml:Point>
</pos>
<type>標高点（測点）</type>
<alti>35</alti>
</ElevPt>
<ElevPt gml:id="K2_4645511832_1">
<fid>46455-11832-i-121</fid>
<lfSpanFr gml:id="K2_4645511832_1-1">
<gml:timePosition>2022-03-16</gml:timePosition>
</lfSpanFr>
<devDate gml:id="K2_4645511832_1-2">
<gml:timePosition>2024-09-13</gml:timePosition>
</devDate>
<orgGILvl>25000</orgGILvl>
<vis>表示</vis>
<pos>
<gml:Point gml:id="K2_4645511832_1-g" srsName="fguuid:jgd2011.bl">
<gml:pos>32.872043333 129.049007222</gml:pos>
</gml:Point>
</pos>
<type>標高点（測点）</type>
<alti>66</alti>
</ElevPt>
<ElevPt gml:id="K2_4645511835_1">
<fid>46455-11835-i-5</fid>
<lfSpanFr gml:id="K2_4645511835_1-1">
<gml:timePosition>2015-11-17</gml:timePosition>
</lfSpanFr>
<devDate gml:id="K2_4645511835_1-2">
<gml:timePosition>2024-09-13</gml:timePosition>
</devDate>
<orgGILvl>25000</orgGILvl>
<vis>表示</vis>
<pos>
<gml:Point gml:id="K2_4645511835_1-g" srsName="fguuid:jgd2011.bl">
<gml:pos>32.876189444 129.043917222</gml:pos>
</gml:Point>
</pos>
<type>標高点（測点）</type>
<alti>71</alti>
</ElevPt>
<ElevPt gml:id="K2_4645511838_1">
<fid>46455-11838-i-34</fid>
<lfSpanFr gml:id="K2_4645511838_1-1">
<gml:timePosition>2022-03-16</gml:timePosition>
</lfSpanFr>
<devDate gml:id="K2_4645511838_1-2">
<gml:timePosition>2024-09-13</gml:timePosition>
</devDate>
<orgGILvl>25000</orgGILvl>
<vis>表示</vis>
<pos>
<gml:Point gml:id="K2_4645511838_1-g" srsName="fguuid:jgd2011.bl">
<gml:pos>32.885381111 129.046360000</gml:pos>
</gml:Point>
</pos>
<type>標高点（測点）</type>
<alti>69</alti>
</ElevPt>
<ElevPt gml:id="K2_4645511838_2">
<fid>46455-11838-i-35</fid>
<lfSpanFr gml:id="K2_4645511838_2-1">
<gml:timePosition>2022-03-16</gml:timePosition>
</lfSpanFr>
<devDate gml:id="K2_4645511838_2-2">
<gml:timePosition>2024-09-13</gml:timePosition>
</devDate>
<orgGILvl>25000</orgGILvl>
<vis>表示</vis>
<pos>
<gml:Point gml:id="K2_4645511838_2-g" srsName="fguuid:jgd2011.bl">
<gml:pos>32.891126389 129.048706667</gml:pos>
</gml:Point>
</pos>
<type>標高点（測点）</type>
<alti>36</alti>
</ElevPt>
<ElevPt gml:id="K2_4645511844_1">
<fid>46455-11844-i-3</fid>
<lfSpanFr gml:id="K2_4645511844_1-1">
<gml:timePosition>2015-11-17</gml:timePosition>
</lfSpanFr>
<devDate gml:id="K2_4645511844_1-2">
<gml:timePosition>2024-09-13</gml:timePosition>
</devDate>
<orgGILvl>25000</orgGILvl>
<vis>表示</vis>
<pos>
<gml:Point gml:id="K2_4645511844_1-g" srsName="fguuid:jgd2011.bl">
<gml:pos>32.906812222 129.042936944</gml:pos>
</gml:Point>
</pos>
<type>標高点（測点）</type>
<alti>88</alti>
</ElevPt>
<ElevPt gml:id="K2_4645511847_1">
<fid>46455-11847-i-16</fid>
<lfSpanFr gml:id="K2_4645511847_1-1">
<gml:timePosition>2022-03-16</gml:timePosition>
</lfSpanFr>
<devDate gml:id="K2_4645511847_1-2">
<gml:timePosition>2024-09-13</gml:timePosition>
</devDate>
<orgGILvl>25000</orgGILvl>
<vis>表示</vis>
<pos>
<gml:Point gml:id="K2_4645511847_1-g" srsName="fguuid:jgd2011.bl">
<gml:pos>32.916543333 129.049861944</gml:pos>
</gml:Point>
</pos>
<type>標高点（測点）</type>
<alti>56</alti>
</ElevPt>
<ElevPt gml:id="K2_4645511847_2">
<fid>46455-11847-i-17</fid>
<lfSpanFr gml:id="K2_4645511847_2-1">
<gml:timePosition>2022-03-16</gml:timePosition>
</lfSpanFr>
<devDate gml:id="K2_4645511847_2-2">
<gml:timePosition>2024-09-13</gml:timePosition>
</devDate>
<orgGILvl>25000</orgGILvl>
<vis>表示</vis>
<pos>
<gml:Point gml:id="K2_4645511847_2-g" srsName="fguuid:jgd2011.bl">
<gml:pos>32.910092778 129.042176111</gml:pos>
</gml:Point>
</pos>
<type>標高点（測点）</type>
<alti>30</alti>
</ElevPt>
<ElevPt gml:id="K2_4645811820_1">
<fid>46458-11820-i-118</fid>
<lfSpanFr gml:id="K2_4645811820_1-1">
<gml:timePosition>2022-03-16</gml:timePosition>
</lfSpanFr>
<devDate gml:id="K2_4645811820_1-2">
<gml:timePosition>2024-09-13</gml:timePosition>
</devDate>
<orgGILvl>25000</orgGILvl>
<vis>表示</vis>
<pos>
<gml:Point gml:id="K2_4645811820_1-g" srsName="fguuid:jgd2011.bl">
<gml:pos>32.838229444 129.054252500</gml:pos>
</gml:Point>
</pos>
<type>標高点（測点）</type>
<alti>204</alti>
</ElevPt>
<ElevPt gml:id="K2_4645811826_1">
<fid>46458-11826-i-42</fid>
<lfSpanFr gml:id="K2_4645811826_1-1">
<gml:timePosition>2015-11-17</gml:timePosition>
</lfSpanFr>
<devDate gml:id="K2_4645811826_1-2">
<gml:timePosition>2024-09-13</gml:timePosition>
</devDate>
<orgGILvl>25000</orgGILvl>
<vis>表示</vis>
<pos>
<gml:Point gml:id="K2_4645811826_1-g" srsName="fguuid:jgd2011.bl">
<gml:pos>32.855648611 129.050149167</gml:pos>
</gml:Point>
</pos>
<type>標高点（測点）</type>
<alti>166</alti>
</ElevPt>
<ElevPt gml:id="K2_4645811826_2">
<fid>46458-11826-i-43</fid>
<lfSpanFr gml:id="K2_4645811826_2-1">
<gml:timePosition>2015-11-17</gml:timePosition>
</lfSpanFr>
<devDate gml:id="K2_4645811826_2-2">
<gml:timePosition>2024-09-13</gml:timePosition>
</devDate>
<orgGILvl>25000</orgGILvl>
<vis>表示</vis>
<pos>
<gml:Point gml:id="K2_4645811826_2-g" srsName="fguuid:jgd2011.bl">
<gml:pos>32.851500556 129.052998611</gml:pos>
</gml:Point>
</pos>
<type>標高点（測点）</type>
<alti>144</alti>
</ElevPt>
<ElevPt gml:id="K2_4645811829_1">
<fid>46458-11829-i-17</fid>
<lfSpanFr gml:id="K2_4645811829_1-1">
<gml:timePosition>2022-03-16</gml:timePosition>
</lfSpanFr>
<devDate gml:id="K2_4645811829_1-2">
<gml:timePosition>2024-09-13</gml:timePosition>
</devDate>
<orgGILvl>25000</orgGILvl>
<vis>表示</vis>
<pos>
<gml:Point gml:id="K2_4645811829_1-g" srsName="fguuid:jgd2011.bl">
<gml:pos>32.862841111 129.051698056</gml:pos>
</gml:Point>
</pos>
<type>標高点（測点）</type>
<alti>160</alti>
</ElevPt>
<ElevPt gml:id="K2_4645811829_2">
<fid>46458-11829-i-18</fid>
<lfSpanFr gml:id="K2_4645811829_2-1">
<gml:timePosition>2022-03-16</gml:timePosition>
</lfSpanFr>
<devDate gml:id="K2_4645811829_2-2">
<gml:timePosition>2024-09-13</gml:timePosition>
</devDate>
<orgGILvl>25000</orgGILvl>
<vis>表示</vis>
<pos>
<gml:Point gml:id="K2_4645811829_2-g" srsName="fguuid:jgd2011.bl">
<gml:pos>32.866455833 129.058163611</gml:pos>
</gml:Point>
</pos>
<type>標高点（測点）</type>
<alti>304</alti>
</ElevPt>
<ElevPt gml:id="K2_4645811835_1">
<fid>46458-11835-i-184</fid>
<lfSpanFr gml:id="K2_4645811835_1-1">
<gml:timePosition>2022-03-16</gml:timePosition>
</lfSpanFr>
<devDate gml:id="K2_4645811835_1-2">
<gml:timePosition>2024-09-13</gml:timePosition>
</devDate>
<orgGILvl>25000</orgGILvl>
<vis>表示</vis>
<pos>
<gml:Point gml:id="K2_4645811835_1-g" srsName="fguuid:jgd2011.bl">
<gml:pos>32.878082222 129.054137222</gml:pos>
</gml:Point>
</pos>
<type>標高点（測点）</type>
<alti>36</alti>
</ElevPt>
<ElevPt gml:id="K2_4645811838_1">
<fid>46458-11838-i-27</fid>
<lfSpanFr gml:id="K2_4645811838_1-1">
<gml:timePosition>2022-03-16</gml:timePosition>
</lfSpanFr>
<devDate gml:id="K2_4645811838_1-2">
<gml:timePosition>2024-09-13</gml:timePosition>
</devDate>
<orgGILvl>25000</orgGILvl>
<vis>表示</vis>
<pos>
<gml:Point gml:id="K2_4645811838_1-g" srsName="fguuid:jgd2011.bl">
<gml:pos>32.884060000 129.056209444</gml:pos>
</gml:Point>
</pos>
<type>標高点（測点）</type>
<alti>20</alti>
</ElevPt>
<ElevPt gml:id="K2_4645811838_2">
<fid>46458-11838-i-28</fid>
<lfSpanFr gml:id="K2_4645811838_2-1">
<gml:timePosition>2022-03-16</gml:timePosition>
</lfSpanFr>
<devDate gml:id="K2_4645811838_2-2">
<gml:timePosition>2024-09-13</gml:timePosition>
</devDate>
<orgGILvl>25000</orgGILvl>
<vis>表示</vis>
<pos>
<gml:Point gml:id="K2_4645811838_2-g" srsName="fguuid:jgd2011.bl">
<gml:pos>32.889290833 129.051614444</gml:pos>
</gml:Point>
</pos>
<type>標高点（測点）</type>
<alti>45</alti>
</ElevPt>
<ElevPt gml:id="K2_4645811838_3">
<fid>46458-11838-i-29</fid>
<lfSpanFr gml:id="K2_4645811838_3-1">
<gml:timePosition>2022-03-16</gml:timePosition>
</lfSpanFr>
<devDate gml:id="K2_4645811838_3-2">
<gml:timePosition>2024-09-13</gml:timePosition>
</devDate>
<orgGILvl>25000</orgGILvl>
<vis>表示</vis>
<pos>
<gml:Point gml:id="K2_4645811838_3-g" srsName="fguuid:jgd2011.bl">
<gml:pos>32.885964722 129.053926111</gml:pos>
</gml:Point>
</pos>
<type>標高点（測点）</type>
<alti>31</alti>
</ElevPt>
<ElevPt gml:id="K2_4645811841_1">
<fid>46458-11841-i-22</fid>
<lfSpanFr gml:id="K2_4645811841_1-1">
<gml:timePosition>2015-11-17</gml:timePosition>
</lfSpanFr>
<devDate gml:id="K2_4645811841_1-2">
<gml:timePosition>2024-09-13</gml:timePosition>
</devDate>
<orgGILvl>25000</orgGILvl>
<vis>表示</vis>
<pos>
<gml:Point gml:id="K2_4645811841_1-g" srsName="fguuid:jgd2011.bl">
<gml:pos>32.897507778 129.056134722</gml:pos>
</gml:Point>
</pos>
<type>標高点（測点）</type>
<alti>125</alti>
</ElevPt>
<ElevPt gml:id="K2_4645811847_1">
<fid>46458-11847-i-25</fid>
<lfSpanFr gml:id="K2_4645811847_1-1">
<gml:timePosition>2015-11-17</gml:timePosition>
</lfSpanFr>
<devDate gml:id="K2_4645811847_1-2">
<gml:timePosition>2024-09-13</gml:timePosition>
</devDate>
<orgGILvl>25000</orgGILvl>
<vis>表示</vis>
<pos>
<gml:Point gml:id="K2_4645811847_1-g" srsName="fguuid:jgd2011.bl">
<gml:pos>32.912763056 129.056766944</gml:pos>
</gml:Point>
</pos>
<type>標高点（測点）</type>
<alti>191</alti>
</ElevPt>
<ElevPt gml:id="K2_4646111826_1">
<fid>46461-11826-i-44</fid>
<lfSpanFr gml:id="K2_4646111826_1-1">
<gml:timePosition>2022-03-16</gml:timePosition>
</lfSpanFr>
<devDate gml:id="K2_4646111826_1-2">
<gml:timePosition>2024-09-13</gml:timePosition>
</devDate>
<orgGILvl>25000</orgGILvl>
<vis>表示</vis>
<pos>
<gml:Point gml:id="K2_4646111826_1-g" srsName="fguuid:jgd2011.bl">
<gml:pos>32.854915000 129.062693889</gml:pos>
</gml:Point>
</pos>
<type>標高点（測点）</type>
<alti>108</alti>
</ElevPt>
<ElevPt gml:id="K2_4646111826_2">
<fid>46461-11826-i-45</fid>
<lfSpanFr gml:id="K2_4646111826_2-1">
<gml:timePosition>2022-03-16</gml:timePosition>
</lfSpanFr>
<devDate gml:id="K2_4646111826_2-2">
<gml:timePosition>2024-09-13</gml:timePosition>
</devDate>
<orgGILvl>25000</orgGILvl>
<vis>表示</vis>
<pos>
<gml:Point gml:id="K2_4646111826_2-g" srsName="fguuid:jgd2011.bl">
<gml:pos>32.850850278 129.060835833</gml:pos>
</gml:Point>
</pos>
<type>標高点（測点）</type>
<alti>96</alti>
</ElevPt>
<ElevPt gml:id="K2_4646111832_1">
<fid>46461-11832-i-42</fid>
<lfSpanFr gml:id="K2_4646111832_1-1">
<gml:timePosition>2022-03-16</gml:timePosition>
</lfSpanFr>
<devDate gml:id="K2_4646111832_1-2">
<gml:timePosition>2024-09-13</gml:timePosition>
</devDate>
<orgGILvl>25000</orgGILvl>
<vis>表示</vis>
<pos>
<gml:Point gml:id="K2_4646111832_1-g" srsName="fguuid:jgd2011.bl">
<gml:pos>32.871583889 129.061005556</gml:pos>
</gml:Point>
</pos>
<type>標高点（測点）</type>
<alti>188</alti>
</ElevPt>
<ElevPt gml:id="K2_4646111835_1">
<fid>46461-11835-i-67</fid>
<lfSpanFr gml:id="K2_4646111835_1-1">
<gml:timePosition>2022-03-16</gml:timePosition>
</lfSpanFr>
<devDate gml:id="K2_4646111835_1-2">
<gml:timePosition>2024-09-13</gml:timePosition>
</devDate>
<orgGILvl>25000</orgGILvl>
<vis>表示</vis>
<pos>
<gml:Point gml:id="K2_4646111835_1-g" srsName="fguuid:jgd2011.bl">
<gml:pos>32.880524167 129.063251667</gml:pos>
</gml:Point>
</pos>
<type>標高点（測点）</type>
<alti>185</alti>
</ElevPt>
<ElevPt gml:id="K2_4646111838_1">
<fid>46461-11838-i-88</fid>
<lfSpanFr gml:id="K2_4646111838_1-1">
<gml:timePosition>2015-11-17</gml:timePosition>
</lfSpanFr>
<devDate gml:id="K2_4646111838_1-2">
<gml:timePosition>2024-09-13</gml:timePosition>
</devDate>
<orgGILvl>25000</orgGILvl>
<vis>表示</vis>
<pos>
<gml:Point gml:id="K2_4646111838_1-g" srsName="fguuid:jgd2011.bl">
<gml:pos>32.884692778 129.062301389</gml:pos>
</gml:Point>
</pos>
<type>標高点（測点）</type>
<alti>150</alti>
</ElevPt>
<ElevPt gml:id="K2_4646111841_1">
<fid>46461-11841-i-316</fid>
<lfSpanFr gml:id="K2_4646111841_1-1">
<gml:timePosition>2022-03-16</gml:timePosition>
</lfSpanFr>
<devDate gml:id="K2_4646111841_1-2">
<gml:timePosition>2024-09-13</gml:timePosition>
</devDate>
<orgGILvl>25000</orgGILvl>
<vis>表示</vis>
<pos>
<gml:Point gml:id="K2_4646111841_1-g" srsName="fguuid:jgd2011.bl">
<gml:pos>32.895362778 129.065971667</gml:pos>
</gml:Point>
</pos>
<type>標高点（測点）</type>
<alti>64</alti>
</ElevPt>
<ElevPt gml:id="K2_4646111844_1">
<fid>46461-11844-i-59</fid>
<lfSpanFr gml:id="K2_4646111844_1-1">
<gml:timePosition>2022-03-16</gml:timePosition>
</lfSpanFr>
<devDate gml:id="K2_4646111844_1-2">
<gml:timePosition>2024-09-13</gml:timePosition>
</devDate>
<orgGILvl>25000</orgGILvl>
<vis>表示</vis>
<pos>
<gml:Point gml:id="K2_4646111844_1-g" srsName="fguuid:jgd2011.bl">
<gml:pos>32.907483056 129.064900556</gml:pos>
</gml:Point>
</pos>
<type>標高点（測点）</type>
<alti>94</alti>
</ElevPt>
<ElevPt gml:id="K2_4646111844_2">
<fid>46461-11844-i-60</fid>
<lfSpanFr gml:id="K2_4646111844_2-1">
<gml:timePosition>2022-03-16</gml:timePosition>
</lfSpanFr>
<devDate gml:id="K2_4646111844_2-2">
<gml:timePosition>2024-09-13</gml:timePosition>
</devDate>
<orgGILvl>25000</orgGILvl>
<vis>表示</vis>
<pos>
<gml:Point gml:id="K2_4646111844_2-g" srsName="fguuid:jgd2011.bl">
<gml:pos>32.904362222 129.058616944</gml:pos>
</gml:Point>
</pos>
<type>標高点（測点）</type>
<alti>86</alti>
</ElevPt>
<ElevPt gml:id="K2_4646111847_1">
<fid>46461-11847-i-93</fid>
<lfSpanFr gml:id="K2_4646111847_1-1">
<gml:timePosition>2022-03-16</gml:timePosition>
</lfSpanFr>
<devDate gml:id="K2_4646111847_1-2">
<gml:timePosition>2024-09-13</gml:timePosition>
</devDate>
<orgGILvl>25000</orgGILvl>
<vis>表示</vis>
<pos>
<gml:Point gml:id="K2_4646111847_1-g" srsName="fguuid:jgd2011.bl">
<gml:pos>32.914491944 129.064791944</gml:pos>
</gml:Point>
</pos>
<type>標高点（測点）</type>
<alti>211</alti>
</ElevPt>
<ElevPt gml:id="K2_4646411832_1">
<fid>46464-11832-i-48</fid>
<lfSpanFr gml:id="K2_4646411832_1-1">
<gml:timePosition>2022-03-16</gml:timePosition>
</lfSpanFr>
<devDate gml:id="K2_4646411832_1-2">
<gml:timePosition>2024-09-13</gml:timePosition>
</devDate>
<orgGILvl>25000</orgGILvl>
<vis>表示</vis>
<pos>
<gml:Point gml:id="K2_4646411832_1-g" srsName="fguuid:jgd2011.bl">
<gml:pos>32.870116389 129.069959167</gml:pos>
</gml:Point>
</pos>
<type>標高点（測点）</type>
<alti>291</alti>
</ElevPt>
<ElevPt gml:id="K2_4646411838_1">
<fid>46464-11838-i-35</fid>
<lfSpanFr gml:id="K2_4646411838_1-1">
<gml:timePosition>2022-03-16</gml:timePosition>
</lfSpanFr>
<devDate gml:id="K2_4646411838_1-2">
<gml:timePosition>2024-09-13</gml:timePosition>
</devDate>
<orgGILvl>25000</orgGILvl>
<vis>表示</vis>
<pos>
<gml:Point gml:id="K2_4646411838_1-g" srsName="fguuid:jgd2011.bl">
<gml:pos>32.885550556 129.070437500</gml:pos>
</gml:Point>
</pos>
<type>標高点（測点）</type>
<alti>280</alti>
</ElevPt>
<ElevPt gml:id="K2_4646411841_1">
<fid>46464-11841-i-67</fid>
<lfSpanFr gml:id="K2_4646411841_1-1">
<gml:timePosition>2022-03-16</gml:timePosition>
</lfSpanFr>
<devDate gml:id="K2_4646411841_1-2">
<gml:timePosition>2024-09-13</gml:timePosition>
</devDate>
<orgGILvl>25000</orgGILvl>
<vis>表示</vis>
<pos>
<gml:Point gml:id="K2_4646411841_1-g" srsName="fguuid:jgd2011.bl">
<gml:pos>32.899225278 129.071314444</gml:pos>
</gml:Point>
</pos>
<type>標高点（測点）</type>
<alti>181</alti>
</ElevPt>
<ElevPt gml:id="K2_4646411844_1">
<fid>46464-11844-i-95</fid>
<lfSpanFr gml:id="K2_4646411844_1-1">
<gml:timePosition>2022-03-16</gml:timePosition>
</lfSpanFr>
<devDate gml:id="K2_4646411844_1-2">
<gml:timePosition>2024-09-13</gml:timePosition>
</devDate>
<orgGILvl>25000</orgGILvl>
<vis>表示</vis>
<pos>
<gml:Point gml:id="K2_4646411844_1-g" srsName="fguuid:jgd2011.bl">
<gml:pos>32.905670556 129.074110000</gml:pos>
</gml:Point>
</pos>
<type>標高点（測点）</type>
<alti>207</alti>
</ElevPt>
<ElevPt gml:id="K2_4646411847_1">
<fid>46464-11847-i-22</fid>
<lfSpanFr gml:id="K2_4646411847_1-1">
<gml:timePosition>2015-11-17</gml:timePosition>
</lfSpanFr>
<devDate gml:id="K2_4646411847_1-2">
<gml:timePosition>2024-09-13</gml:timePosition>
</devDate>
<orgGILvl>25000</orgGILvl>
<vis>表示</vis>
<pos>
<gml:Point gml:id="K2_4646411847_1-g" srsName="fguuid:jgd2011.bl">
<gml:pos>32.910784444 129.071715833</gml:pos>
</gml:Point>
</pos>
<type>標高点（測点）</type>
<alti>218</alti>
</ElevPt>
<ElevPt gml:id="K2_4646711829_1">
<fid>46467-11829-i-373</fid>
<lfSpanFr gml:id="K2_4646711829_1-1">
<gml:timePosition>2022-03-16</gml:timePosition>
</lfSpanFr>
<devDate gml:id="K2_4646711829_1-2">
<gml:timePosition>2024-09-13</gml:timePosition>
</devDate>
<orgGILvl>25000</orgGILvl>
<vis>表示</vis>
<pos>
<gml:Point gml:id="K2_4646711829_1-g" srsName="fguuid:jgd2011.bl">
<gml:pos>32.861772778 129.077514722</gml:pos>
</gml:Point>
</pos>
<type>標高点（測点）</type>
<alti>5</alti>
</ElevPt>
<ElevPt gml:id="K2_4646711832_1">
<fid>46467-11832-i-83</fid>
<lfSpanFr gml:id="K2_4646711832_1-1">
<gml:timePosition>2022-03-16</gml:timePosition>
</lfSpanFr>
<devDate gml:id="K2_4646711832_1-2">
<gml:timePosition>2024-09-13</gml:timePosition>
</devDate>
<orgGILvl>25000</orgGILvl>
<vis>表示</vis>
<pos>
<gml:Point gml:id="K2_4646711832_1-g" srsName="fguuid:jgd2011.bl">
<gml:pos>32.872649722 129.075466389</gml:pos>
</gml:Point>
</pos>
<type>標高点（測点）</type>
<alti>132</alti>
</ElevPt>
<ElevPt gml:id="K2_4646711835_1">
<fid>46467-11835-i-210</fid>
<lfSpanFr gml:id="K2_4646711835_1-1">
<gml:timePosition>2022-03-16</gml:timePosition>
</lfSpanFr>
<devDate gml:id="K2_4646711835_1-2">
<gml:timePosition>2024-09-13</gml:timePosition>
</devDate>
<orgGILvl>25000</orgGILvl>
<vis>表示</vis>
<pos>
<gml:Point gml:id="K2_4646711835_1-g" srsName="fguuid:jgd2011.bl">
<gml:pos>32.878846667 129.077165278</gml:pos>
</gml:Point>
</pos>
<type>標高点（測点）</type>
<alti>138</alti>
</ElevPt>
<ElevPt gml:id="K2_4646711841_1">
<fid>46467-11841-i-101</fid>
<lfSpanFr gml:id="K2_4646711841_1-1">
<gml:timePosition>2022-03-16</gml:timePosition>
</lfSpanFr>
<devDate gml:id="K2_4646711841_1-2">
<gml:timePosition>2024-09-13</gml:timePosition>
</devDate>
<orgGILvl>25000</orgGILvl>
<vis>表示</vis>
<pos>
<gml:Point gml:id="K2_4646711841_1-g" srsName="fguuid:jgd2011.bl">
<gml:pos>32.896736944 129.076739722</gml:pos>
</gml:Point>
</pos>
<type>標高点（測点）</type>
<alti>236</alti>
</ElevPt>
<ElevPt gml:id="K2_4646711847_1">
<fid>46467-11847-i-25</fid>
<lfSpanFr gml:id="K2_4646711847_1-1">
<gml:timePosition>2015-11-17</gml:timePosition>
</lfSpanFr>
<devDate gml:id="K2_4646711847_1-2">
<gml:timePosition>2024-09-13</gml:timePosition>
</devDate>
<orgGILvl>25000</orgGILvl>
<vis>表示</vis>
<pos>
<gml:Point gml:id="K2_4646711847_1-g" srsName="fguuid:jgd2011.bl">
<gml:pos>32.916405556 129.076503333</gml:pos>
</gml:Point>
</pos>
<type>標高点（測点）</type>
<alti>240</alti>
</ElevPt>
<ElevPt gml:id="K2_4647011829_1">
<fid>46470-11829-i-48</fid>
<lfSpanFr gml:id="K2_4647011829_1-1">
<gml:timePosition>2022-03-16</gml:timePosition>
</lfSpanFr>
<devDate gml:id="K2_4647011829_1-2">
<gml:timePosition>2024-09-13</gml:timePosition>
</devDate>
<orgGILvl>25000</orgGILvl>
<vis>表示</vis>
<pos>
<gml:Point gml:id="K2_4647011829_1-g" srsName="fguuid:jgd2011.bl">
<gml:pos>32.865724167 129.090039444</gml:pos>
</gml:Point>
</pos>
<type>標高点（測点）</type>
<alti>268</alti>
</ElevPt>
<ElevPt gml:id="K2_4647011829_2">
<fid>46470-11829-i-49</fid>
<lfSpanFr gml:id="K2_4647011829_2-1">
<gml:timePosition>2022-03-16</gml:timePosition>
</lfSpanFr>
<devDate gml:id="K2_4647011829_2-2">
<gml:timePosition>2024-09-13</gml:timePosition>
</devDate>
<orgGILvl>25000</orgGILvl>
<vis>表示</vis>
<pos>
<gml:Point gml:id="K2_4647011829_2-g" srsName="fguuid:jgd2011.bl">
<gml:pos>32.865749444 129.083415833</gml:pos>
</gml:Point>
</pos>
<type>標高点（測点）</type>
<alti>238</alti>
</ElevPt>
<ElevPt gml:id="K2_4647011835_1">
<fid>46470-11835-i-72</fid>
<lfSpanFr gml:id="K2_4647011835_1-1">
<gml:timePosition>2022-03-16</gml:timePosition>
</lfSpanFr>
<devDate gml:id="K2_4647011835_1-2">
<gml:timePosition>2024-09-13</gml:timePosition>
</devDate>
<orgGILvl>25000</orgGILvl>
<vis>表示</vis>
<pos>
<gml:Point gml:id="K2_4647011835_1-g" srsName="fguuid:jgd2011.bl">
<gml:pos>32.875985556 129.089020833</gml:pos>
</gml:Point>
</pos>
<type>標高点（測点）</type>
<alti>236</alti>
</ElevPt>
<ElevPt gml:id="K2_4647011841_1">
<fid>46470-11841-i-52</fid>
<lfSpanFr gml:id="K2_4647011841_1-1">
<gml:timePosition>2022-03-16</gml:timePosition>
</lfSpanFr>
<devDate gml:id="K2_4647011841_1-2">
<gml:timePosition>2024-09-13</gml:timePosition>
</devDate>
<orgGILvl>25000</orgGILvl>
<vis>表示</vis>
<pos>
<gml:Point gml:id="K2_4647011841_1-g" srsName="fguuid:jgd2011.bl">
<gml:pos>32.893211111 129.084585278</gml:pos>
</gml:Point>
</pos>
<type>標高点（測点）</type>
<alti>80</alti>
</ElevPt>
<ElevPt gml:id="K2_4647011844_1">
<fid>46470-11844-i-68</fid>
<lfSpanFr gml:id="K2_4647011844_1-1">
<gml:timePosition>2015-11-17</gml:timePosition>
</lfSpanFr>
<devDate gml:id="K2_4647011844_1-2">
<gml:timePosition>2024-09-13</gml:timePosition>
</devDate>
<orgGILvl>25000</orgGILvl>
<vis>表示</vis>
<pos>
<gml:Point gml:id="K2_4647011844_1-g" srsName="fguuid:jgd2011.bl">
<gml:pos>32.906109444 129.088221111</gml:pos>
</gml:Point>
</pos>
<type>標高点（測点）</type>
<alti>141</alti>
</ElevPt>
<ElevPt gml:id="K2_4647011847_1">
<fid>46470-11847-i-179</fid>
<lfSpanFr gml:id="K2_4647011847_1-1">
<gml:timePosition>2022-03-16</gml:timePosition>
</lfSpanFr>
<devDate gml:id="K2_4647011847_1-2">
<gml:timePosition>2024-09-13</gml:timePosition>
</devDate>
<orgGILvl>25000</orgGILvl>
<vis>表示</vis>
<pos>
<gml:Point gml:id="K2_4647011847_1-g" srsName="fguuid:jgd2011.bl">
<gml:pos>32.915101389 129.085961944</gml:pos>
</gml:Point>
</pos>
<type>標高点（測点）</type>
<alti>222</alti>
</ElevPt>
<ElevPt gml:id="K2_4647311829_1">
<fid>46473-11829-i-19</fid>
<lfSpanFr gml:id="K2_4647311829_1-1">
<gml:timePosition>2015-11-17</gml:timePosition>
</lfSpanFr>
<devDate gml:id="K2_4647311829_1-2">
<gml:timePosition>2024-09-13</gml:timePosition>
</devDate>
<orgGILvl>25000</orgGILvl>
<vis>表示</vis>
<pos>
<gml:Point gml:id="K2_4647311829_1-g" srsName="fguuid:jgd2011.bl">
<gml:pos>32.864906667 129.098935278</gml:pos>
</gml:Point>
</pos>
<type>標高点（測点）</type>
<alti>30</alti>
</ElevPt>
<ElevPt gml:id="K2_4647311832_1">
<fid>46473-11832-i-28</fid>
<lfSpanFr gml:id="K2_4647311832_1-1">
<gml:timePosition>2015-11-17</gml:timePosition>
</lfSpanFr>
<devDate gml:id="K2_4647311832_1-2">
<gml:timePosition>2024-09-13</gml:timePosition>
</devDate>
<orgGILvl>25000</orgGILvl>
<vis>表示</vis>
<pos>
<gml:Point gml:id="K2_4647311832_1-g" srsName="fguuid:jgd2011.bl">
<gml:pos>32.869890278 129.096674167</gml:pos>
</gml:Point>
</pos>
<type>標高点（測点）</type>
<alti>56</alti>
</ElevPt>
<ElevPt gml:id="K2_4647311835_1">
<fid>46473-11835-i-56</fid>
<lfSpanFr gml:id="K2_4647311835_1-1">
<gml:timePosition>2015-11-17</gml:timePosition>
</lfSpanFr>
<devDate gml:id="K2_4647311835_1-2">
<gml:timePosition>2024-09-13</gml:timePosition>
</devDate>
<orgGILvl>25000</orgGILvl>
<vis>表示</vis>
<pos>
<gml:Point gml:id="K2_4647311835_1-g" srsName="fguuid:jgd2011.bl">
<gml:pos>32.875348611 129.096169722</gml:pos>
</gml:Point>
</pos>
<type>標高点（測点）</type>
<alti>81</alti>
</ElevPt>
<ElevPt gml:id="K2_4647311835_2">
<fid>46473-11835-i-57</fid>
<lfSpanFr gml:id="K2_4647311835_2-1">
<gml:timePosition>2015-11-17</gml:timePosition>
</lfSpanFr>
<devDate gml:id="K2_4647311835_2-2">
<gml:timePosition>2024-09-13</gml:timePosition>
</devDate>
<orgGILvl>25000</orgGILvl>
<vis>表示</vis>
<pos>
<gml:Point gml:id="K2_4647311835_2-g" srsName="fguuid:jgd2011.bl">
<gml:pos>32.880510556 129.094358056</gml:pos>
</gml:Point>
</pos>
<type>標高点（測点）</type>
<alti>62</alti>
</ElevPt>
<ElevPt gml:id="K2_4647311844_1">
<fid>46473-11844-i-47</fid>
<lfSpanFr gml:id="K2_4647311844_1-1">
<gml:timePosition>2022-03-16</gml:timePosition>
</lfSpanFr>
<devDate gml:id="K2_4647311844_1-2">
<gml:timePosition>2024-09-13</gml:timePosition>
</devDate>
<orgGILvl>25000</orgGILvl>
<vis>表示</vis>
<pos>
<gml:Point gml:id="K2_4647311844_1-g" srsName="fguuid:jgd2011.bl">
<gml:pos>32.905808056 129.095153611</gml:pos>
</gml:Point>
</pos>
<type>標高点（測点）</type>
<alti>35</alti>
</ElevPt>
<ElevPt gml:id="K2_4647611838_1">
<fid>46476-11838-i-9</fid>
<lfSpanFr gml:id="K2_4647611838_1-1">
<gml:timePosition>2022-03-16</gml:timePosition>
</lfSpanFr>
<devDate gml:id="K2_4647611838_1-2">
<gml:timePosition>2024-09-13</gml:timePosition>
</devDate>
<orgGILvl>25000</orgGILvl>
<vis>表示</vis>
<pos>
<gml:Point gml:id="K2_4647611838_1-g" srsName="fguuid:jgd2011.bl">
<gml:pos>32.883555556 129.103592778</gml:pos>
</gml:Point>
</pos>
<type>標高点（測点）</type>
<alti>26</alti>
</ElevPt>
</Dataset>
