<?xml version="1.0" encoding="utf-8"?>
<Dataset xsi:schemaLocation="http://fgd.gsi.go.jp/spec/2008/FGD_GMLSchema FGD_GMLSchema.xsd"
	xmlns:gml="http://www.opengis.net/gml/3.2"
	xmlns:xsi="http://www.w3.org/2001/XMLSchema-instance"
	xmlns:xlink="http://www.w3.org/1999/xlink"
	xmlns="http://fgd.gsi.go.jp/spec/2008/FGD_GMLSchema"
	gml:id="Dataset1">
  <gml:description>基盤地図情報メタデータ ID=fmdid:24-1001</gml:description>
  <gml:name>基盤地図情報ダウンロードデータ（GML版）</gml:name>
<GCP gml:id="K1_492920_1">
<fid>10-00100-0-2409-132</fid>
<lfSpanFr gml:id="K1_492920_1-1">
<gml:timePosition>2024-09-09</gml:timePosition>
</lfSpanFr>
<devDate gml:id="K1_492920_1-2">
<gml:timePosition>2024-09-13</gml:timePosition>
</devDate>
<orgGILvl>KJ10</orgGILvl>
<vis>表示</vis>
<pos>
<gml:Point gml:id="K1_492920_1-g" srsName="fguuid:jgd2011.bl">
<gml:pos>32.885629806 129.026338556</gml:pos>
</gml:Point>
</pos>
<orgName>国土地理院</orgName>
<type>電子基準点</type>
<gcpClass>電子基準点</gcpClass>
<gcpCode>EL04929206202</gcpCode>
<name>若松</name>
<B>118388.2673</B>
<L>464494.8188</L>
<alti>29.428</alti>
<altiAcc>3</altiAcc>
</GCP>
<GCP gml:id="K1_492920_2">
<fid>10-00100-0-2409-1435</fid>
<lfSpanFr gml:id="K1_492920_2-1">
<gml:timePosition>2024-09-09</gml:timePosition>
</lfSpanFr>
<devDate gml:id="K1_492920_2-2">
<gml:timePosition>2024-09-13</gml:timePosition>
</devDate>
<orgGILvl>KJ10</orgGILvl>
<vis>表示</vis>
<pos>
<gml:Point gml:id="K1_492920_2-g" srsName="fguuid:jgd2011.bl">
<gml:pos>32.885624389 129.026337167</gml:pos>
</gml:Point>
</pos>
<orgName>国土地理院</orgName>
<type>電子基準点</type>
<gcpClass>電子基準点</gcpClass>
<gcpCode>EL14929206203</gcpCode>
<name>若松（付）</name>
<B>118388.2478</B>
<L>464494.8138</L>
<alti>24.357</alti>
<altiAcc>3</altiAcc>
</GCP>
<GCP gml:id="K1_492920_3">
<fid>10-00100-0-2409-14641</fid>
<lfSpanFr gml:id="K1_492920_3-1">
<gml:timePosition>2024-09-09</gml:timePosition>
</lfSpanFr>
<devDate gml:id="K1_492920_3-2">
<gml:timePosition>2024-09-13</gml:timePosition>
</devDate>
<orgGILvl>SJ12</orgGILvl>
<vis>表示</vis>
<pos>
<gml:Point gml:id="K1_492920_3-g" srsName="fguuid:jgd2011.bl">
<gml:pos>32.903933333 129.068327778</gml:pos>
</gml:Point>
</pos>
<orgName>国土地理院</orgName>
<type>水準点</type>
<gcpClass>二等水準点</gcpClass>
<gcpCode>L020000010596</gcpCode>
<name>１０５９６</name>
<B>118454.16</B>
<L>464645.98</L>
<alti>2.142</alti>
<altiAcc>3</altiAcc>
</GCP>
<GCP gml:id="K1_492920_4">
<fid>10-00100-0-2409-14642</fid>
<lfSpanFr gml:id="K1_492920_4-1">
<gml:timePosition>2024-09-09</gml:timePosition>
</lfSpanFr>
<devDate gml:id="K1_492920_4-2">
<gml:timePosition>2024-09-13</gml:timePosition>
</devDate>
<orgGILvl>SJ12</orgGILvl>
<vis>表示</vis>
<pos>
<gml:Point gml:id="K1_492920_4-g" srsName="fguuid:jgd2011.bl">
<gml:pos>32.879208333 129.059969444</gml:pos>
</gml:Point>
</pos>
<orgName>国土地理院</orgName>
<type>水準点</type>
<gcpClass>二等水準点</gcpClass>
<gcpCode>L020000010597</gcpCode>
<name>１０５９７</name>
<B>118365.15</B>
<L>464615.89</L>
<alti>41.48</alti>
<altiAcc>3</altiAcc>
</GCP>
<GCP gml:id="K1_492920_5">
<fid>10-00100-0-2409-14643</fid>
<lfSpanFr gml:id="K1_492920_5-1">
<gml:timePosition>2024-09-09</gml:timePosition>
</lfSpanFr>
<devDate gml:id="K1_492920_5-2">
<gml:timePosition>2024-09-13</gml:timePosition>
</devDate>
<orgGILvl>SJ12</orgGILvl>
<vis>表示</vis>
<pos>
<gml:Point gml:id="K1_492920_5-g" srsName="fguuid:jgd2011.bl">
<gml:pos>32.839138889 129.061177778</gml:pos>
</gml:Point>
</pos>
<orgName>国土地理院</orgName>
<type>水準点</type>
<gcpClass>二等水準点</gcpClass>
<gcpCode>L020000010598</gcpCode>
<name>１０５９８</name>
<B>118220.9</B>
<L>464620.24</L>
<alti>2.676</alti>
<altiAcc>3</altiAcc>
</GCP>
<GCP gml:id="K1_492920_6">
<fid>10-00100-0-2409-14649</fid>
<lfSpanFr gml:id="K1_492920_6-1">
<gml:timePosition>2024-09-09</gml:timePosition>
</lfSpanFr>
<devDate gml:id="K1_492920_6-2">
<gml:timePosition>2024-09-13</gml:timePosition>
</devDate>
<orgGILvl>SJ12</orgGILvl>
<vis>表示</vis>
<pos>
<gml:Point gml:id="K1_492920_6-g" srsName="fguuid:jgd2011.bl">
<gml:pos>32.887891667 129.021825000</gml:pos>
</gml:Point>
</pos>
<orgName>国土地理院</orgName>
<type>水準点</type>
<gcpClass>二等水準点</gcpClass>
<gcpCode>L020000010604</gcpCode>
<name>１０６０４</name>
<B>118396.41</B>
<L>464478.57</L>
<alti>2.264</alti>
<altiAcc>3</altiAcc>
</GCP>
<GCP gml:id="K1_492920_7">
<fid>10-00100-0-2409-19807</fid>
<lfSpanFr gml:id="K1_492920_7-1">
<gml:timePosition>2024-09-09</gml:timePosition>
</lfSpanFr>
<devDate gml:id="K1_492920_7-2">
<gml:timePosition>2024-09-13</gml:timePosition>
</devDate>
<orgGILvl>SJ12</orgGILvl>
<vis>表示</vis>
<pos>
<gml:Point gml:id="K1_492920_7-g" srsName="fguuid:jgd2011.bl">
<gml:pos>32.885624389 129.026337167</gml:pos>
</gml:Point>
</pos>
<orgName>国土地理院</orgName>
<type>水準点</type>
<gcpClass>二等水準点</gcpClass>
<gcpCode>L0E000960692A</gcpCode>
<name>９６０６９２Ａ</name>
<B>118388.2478</B>
<L>464494.8138</L>
<alti>24.357</alti>
<altiAcc>3</altiAcc>
</GCP>
<GCP gml:id="K1_492920_8">
<fid>10-00100-0-2409-21669</fid>
<lfSpanFr gml:id="K1_492920_8-1">
<gml:timePosition>2024-09-09</gml:timePosition>
</lfSpanFr>
<devDate gml:id="K1_492920_8-2">
<gml:timePosition>2024-09-13</gml:timePosition>
</devDate>
<orgGILvl>KJ12</orgGILvl>
<vis>表示</vis>
<pos>
<gml:Point gml:id="K1_492920_8-g" srsName="fguuid:jgd2011.bl">
<gml:pos>32.860124083 129.091287806</gml:pos>
</gml:Point>
</pos>
<orgName>国土地理院</orgName>
<type>三角点</type>
<gcpClass>二等三角点</gcpClass>
<gcpCode>TR24929203701</gcpCode>
<name>三盛山</name>
<B>118296.4467</B>
<L>464728.6361</L>
<alti>302.1</alti>
<altiAcc>2</altiAcc>
</GCP>
<GCP gml:id="K1_492920_9">
<fid>10-00100-0-2409-21670</fid>
<lfSpanFr gml:id="K1_492920_9-1">
<gml:timePosition>2024-09-09</gml:timePosition>
</lfSpanFr>
<devDate gml:id="K1_492920_9-2">
<gml:timePosition>2024-09-13</gml:timePosition>
</devDate>
<orgGILvl>KJ12</orgGILvl>
<vis>表示</vis>
<pos>
<gml:Point gml:id="K1_492920_9-g" srsName="fguuid:jgd2011.bl">
<gml:pos>32.893925444 129.006879333</gml:pos>
</gml:Point>
</pos>
<orgName>国土地理院</orgName>
<type>三角点</type>
<gcpClass>二等三角点</gcpClass>
<gcpCode>TR24929207001</gcpCode>
<name>若松島</name>
<B>118418.1316</B>
<L>464424.7656</L>
<alti>296.22</alti>
<altiAcc>2</altiAcc>
</GCP>
<GCP gml:id="K1_492920_10">
<fid>10-00100-0-2409-28229</fid>
<lfSpanFr gml:id="K1_492920_10-1">
<gml:timePosition>2024-09-09</gml:timePosition>
</lfSpanFr>
<devDate gml:id="K1_492920_10-2">
<gml:timePosition>2024-09-13</gml:timePosition>
</devDate>
<orgGILvl>KJ13</orgGILvl>
<vis>表示</vis>
<pos>
<gml:Point gml:id="K1_492920_10-g" srsName="fguuid:jgd2011.bl">
<gml:pos>32.846674417 129.039648556</gml:pos>
</gml:Point>
</pos>
<orgName>国土地理院</orgName>
<type>三角点</type>
<gcpClass>三等三角点</gcpClass>
<gcpCode>TR34929201301</gcpCode>
<name>葛島</name>
<B>118248.0279</B>
<L>464542.7348</L>
<alti>58.31</alti>
<altiAcc>2</altiAcc>
</GCP>
<GCP gml:id="K1_492920_11">
<fid>10-00100-0-2409-28230</fid>
<lfSpanFr gml:id="K1_492920_11-1">
<gml:timePosition>2024-09-09</gml:timePosition>
</lfSpanFr>
<devDate gml:id="K1_492920_11-2">
<gml:timePosition>2024-09-13</gml:timePosition>
</devDate>
<orgGILvl>KJ13</orgGILvl>
<vis>表示</vis>
<pos>
<gml:Point gml:id="K1_492920_11-g" srsName="fguuid:jgd2011.bl">
<gml:pos>32.859301167 129.058479222</gml:pos>
</gml:Point>
</pos>
<orgName>国土地理院</orgName>
<type>三角点</type>
<gcpClass>三等三角点</gcpClass>
<gcpCode>TR34929203401</gcpCode>
<name>入野</name>
<B>118293.4842</B>
<L>464610.5252</L>
<alti>329.17</alti>
<altiAcc>2</altiAcc>
</GCP>
<GCP gml:id="K1_492920_12">
<fid>10-00100-0-2409-28231</fid>
<lfSpanFr gml:id="K1_492920_12-1">
<gml:timePosition>2024-09-09</gml:timePosition>
</lfSpanFr>
<devDate gml:id="K1_492920_12-2">
<gml:timePosition>2024-09-13</gml:timePosition>
</devDate>
<orgGILvl>KJ13</orgGILvl>
<vis>表示</vis>
<pos>
<gml:Point gml:id="K1_492920_12-g" srsName="fguuid:jgd2011.bl">
<gml:pos>32.869870194 129.023150833</gml:pos>
</gml:Point>
</pos>
<orgName>国土地理院</orgName>
<type>三角点</type>
<gcpClass>三等三角点</gcpClass>
<gcpCode>TR34929204101</gcpCode>
<name>黒座</name>
<B>118331.5327</B>
<L>464483.343</L>
<alti>149.68</alti>
<altiAcc>2</altiAcc>
</GCP>
<GCP gml:id="K1_492920_13">
<fid>10-00100-0-2409-28232</fid>
<lfSpanFr gml:id="K1_492920_13-1">
<gml:timePosition>2024-09-09</gml:timePosition>
</lfSpanFr>
<devDate gml:id="K1_492920_13-2">
<gml:timePosition>2024-09-13</gml:timePosition>
</devDate>
<orgGILvl>KJ13</orgGILvl>
<vis>表示</vis>
<pos>
<gml:Point gml:id="K1_492920_13-g" srsName="fguuid:jgd2011.bl">
<gml:pos>32.888072917 129.076114500</gml:pos>
</gml:Point>
</pos>
<orgName>国土地理院</orgName>
<type>三角点</type>
<gcpClass>三等三角点</gcpClass>
<gcpCode>TR34929206601</gcpCode>
<name>深谷</name>
<B>118397.0625</B>
<L>464674.0122</L>
<alti>259.75</alti>
<altiAcc>2</altiAcc>
</GCP>
<GCP gml:id="K1_492920_14">
<fid>10-00100-0-2409-28233</fid>
<lfSpanFr gml:id="K1_492920_14-1">
<gml:timePosition>2024-09-09</gml:timePosition>
</lfSpanFr>
<devDate gml:id="K1_492920_14-2">
<gml:timePosition>2024-09-13</gml:timePosition>
</devDate>
<orgGILvl>KJ13</orgGILvl>
<vis>表示</vis>
<pos>
<gml:Point gml:id="K1_492920_14-g" srsName="fguuid:jgd2011.bl">
<gml:pos>32.899494667 129.046403583</gml:pos>
</gml:Point>
</pos>
<orgName>国土地理院</orgName>
<type>三角点</type>
<gcpClass>三等三角点</gcpClass>
<gcpCode>TR34929207301</gcpCode>
<name>宇窪</name>
<B>118438.1808</B>
<L>464567.0529</L>
<alti>138.98</alti>
<altiAcc>2</altiAcc>
</GCP>
<GCP gml:id="K1_492920_15">
<fid>10-00100-0-2409-28234</fid>
<lfSpanFr gml:id="K1_492920_15-1">
<gml:timePosition>2024-09-09</gml:timePosition>
</lfSpanFr>
<devDate gml:id="K1_492920_15-2">
<gml:timePosition>2024-09-13</gml:timePosition>
</devDate>
<orgGILvl>KJ13</orgGILvl>
<vis>表示</vis>
<pos>
<gml:Point gml:id="K1_492920_15-g" srsName="fguuid:jgd2011.bl">
<gml:pos>32.907848528 129.015992972</gml:pos>
</gml:Point>
</pos>
<orgName>国土地理院</orgName>
<type>三角点</type>
<gcpClass>三等三角点</gcpClass>
<gcpCode>TR34929208101</gcpCode>
<name>天神山</name>
<B>118468.2547</B>
<L>464457.5747</L>
<alti>306.44</alti>
<altiAcc>2</altiAcc>
</GCP>
<GCP gml:id="K1_492920_16">
<fid>10-00100-0-2409-28235</fid>
<lfSpanFr gml:id="K1_492920_16-1">
<gml:timePosition>2024-09-09</gml:timePosition>
</lfSpanFr>
<devDate gml:id="K1_492920_16-2">
<gml:timePosition>2024-09-13</gml:timePosition>
</devDate>
<orgGILvl>KJ13</orgGILvl>
<vis>表示</vis>
<pos>
<gml:Point gml:id="K1_492920_16-g" srsName="fguuid:jgd2011.bl">
<gml:pos>32.911441056 129.081605639</gml:pos>
</gml:Point>
</pos>
<orgName>国土地理院</orgName>
<type>三角点</type>
<gcpClass>三等三角点</gcpClass>
<gcpCode>TR34929209601</gcpCode>
<name>神代</name>
<B>118481.1878</B>
<L>464693.7803</L>
<alti>326.38</alti>
<altiAcc>2</altiAcc>
</GCP>
<GCP gml:id="K1_492920_17">
<fid>10-00100-0-2409-64195</fid>
<lfSpanFr gml:id="K1_492920_17-1">
<gml:timePosition>2024-09-09</gml:timePosition>
</lfSpanFr>
<devDate gml:id="K1_492920_17-2">
<gml:timePosition>2024-09-13</gml:timePosition>
</devDate>
<orgGILvl>KJ14</orgGILvl>
<vis>表示</vis>
<pos>
<gml:Point gml:id="K1_492920_17-g" srsName="fguuid:jgd2011.bl">
<gml:pos>32.844831056 129.051740194</gml:pos>
</gml:Point>
</pos>
<orgName>国土地理院</orgName>
<type>三角点</type>
<gcpClass>四等三角点</gcpClass>
<gcpCode>TR44929201401</gcpCode>
<name>米山</name>
<B>118241.3918</B>
<L>464586.2647</L>
<alti>234.21</alti>
<altiAcc>2</altiAcc>
</GCP>
<GCP gml:id="K1_492920_18">
<fid>10-00100-0-2409-64196</fid>
<lfSpanFr gml:id="K1_492920_18-1">
<gml:timePosition>2024-09-09</gml:timePosition>
</lfSpanFr>
<devDate gml:id="K1_492920_18-2">
<gml:timePosition>2024-09-13</gml:timePosition>
</devDate>
<orgGILvl>KJ14</orgGILvl>
<vis>表示</vis>
<pos>
<gml:Point gml:id="K1_492920_18-g" srsName="fguuid:jgd2011.bl">
<gml:pos>32.851013972 129.024486194</gml:pos>
</gml:Point>
</pos>
<orgName>国土地理院</orgName>
<type>三角点</type>
<gcpClass>四等三角点</gcpClass>
<gcpCode>TR44929202101</gcpCode>
<name>白崎</name>
<B>118263.6503</B>
<L>464488.1503</L>
<alti>152.86</alti>
<altiAcc>2</altiAcc>
</GCP>
<GCP gml:id="K1_492920_19">
<fid>10-00100-0-2409-64197</fid>
<lfSpanFr gml:id="K1_492920_19-1">
<gml:timePosition>2024-09-09</gml:timePosition>
</lfSpanFr>
<devDate gml:id="K1_492920_19-2">
<gml:timePosition>2024-09-13</gml:timePosition>
</devDate>
<orgGILvl>KJ14</orgGILvl>
<vis>表示</vis>
<pos>
<gml:Point gml:id="K1_492920_19-g" srsName="fguuid:jgd2011.bl">
<gml:pos>32.859193556 129.001903306</gml:pos>
</gml:Point>
</pos>
<orgName>国土地理院</orgName>
<type>三角点</type>
<gcpClass>四等三角点</gcpClass>
<gcpCode>TR44929203001</gcpCode>
<name>田ノ小島</name>
<B>118293.0968</B>
<L>464406.8519</L>
<alti>74.16</alti>
<altiAcc>2</altiAcc>
</GCP>
<GCP gml:id="K1_492920_20">
<fid>10-00100-0-2409-64198</fid>
<lfSpanFr gml:id="K1_492920_20-1">
<gml:timePosition>2024-09-09</gml:timePosition>
</lfSpanFr>
<devDate gml:id="K1_492920_20-2">
<gml:timePosition>2024-09-13</gml:timePosition>
</devDate>
<orgGILvl>KJ14</orgGILvl>
<vis>表示</vis>
<pos>
<gml:Point gml:id="K1_492920_20-g" srsName="fguuid:jgd2011.bl">
<gml:pos>32.864854667 129.070845639</gml:pos>
</gml:Point>
</pos>
<orgName>国土地理院</orgName>
<type>三角点</type>
<gcpClass>四等三角点</gcpClass>
<gcpCode>TR44929203501</gcpCode>
<name>高井旅</name>
<B>118313.4768</B>
<L>464655.0443</L>
<alti>149.85</alti>
<altiAcc>2</altiAcc>
</GCP>
<GCP gml:id="K1_492920_21">
<fid>10-00100-0-2409-64199</fid>
<lfSpanFr gml:id="K1_492920_21-1">
<gml:timePosition>2024-09-09</gml:timePosition>
</lfSpanFr>
<devDate gml:id="K1_492920_21-2">
<gml:timePosition>2024-09-13</gml:timePosition>
</devDate>
<orgGILvl>KJ14</orgGILvl>
<vis>表示</vis>
<pos>
<gml:Point gml:id="K1_492920_21-g" srsName="fguuid:jgd2011.bl">
<gml:pos>32.870821083 129.002594500</gml:pos>
</gml:Point>
</pos>
<orgName>国土地理院</orgName>
<type>三角点</type>
<gcpClass>四等三角点</gcpClass>
<gcpCode>TR44929204001</gcpCode>
<name>吹ノ浦</name>
<B>118334.9559</B>
<L>464409.3402</L>
<alti>146.35</alti>
<altiAcc>2</altiAcc>
</GCP>
<GCP gml:id="K1_492920_22">
<fid>10-00100-0-2409-64200</fid>
<lfSpanFr gml:id="K1_492920_22-1">
<gml:timePosition>2024-09-09</gml:timePosition>
</lfSpanFr>
<devDate gml:id="K1_492920_22-2">
<gml:timePosition>2024-09-13</gml:timePosition>
</devDate>
<orgGILvl>KJ14</orgGILvl>
<vis>表示</vis>
<pos>
<gml:Point gml:id="K1_492920_22-g" srsName="fguuid:jgd2011.bl">
<gml:pos>32.867049528 129.043144778</gml:pos>
</gml:Point>
</pos>
<orgName>国土地理院</orgName>
<type>三角点</type>
<gcpClass>四等三角点</gcpClass>
<gcpCode>TR44929204301</gcpCode>
<name>荒島</name>
<B>118321.3783</B>
<L>464555.3212</L>
<alti>88.7</alti>
<altiAcc>2</altiAcc>
</GCP>
<GCP gml:id="K1_492920_23">
<fid>10-00100-0-2409-64201</fid>
<lfSpanFr gml:id="K1_492920_23-1">
<gml:timePosition>2024-09-09</gml:timePosition>
</lfSpanFr>
<devDate gml:id="K1_492920_23-2">
<gml:timePosition>2024-09-13</gml:timePosition>
</devDate>
<orgGILvl>KJ14</orgGILvl>
<vis>表示</vis>
<pos>
<gml:Point gml:id="K1_492920_23-g" srsName="fguuid:jgd2011.bl">
<gml:pos>32.871426778 129.081627528</gml:pos>
</gml:Point>
</pos>
<orgName>国土地理院</orgName>
<type>三角点</type>
<gcpClass>四等三角点</gcpClass>
<gcpCode>TR44929204601</gcpCode>
<name>遠見番岳</name>
<B>118337.1364</B>
<L>464693.8591</L>
<alti>307.55</alti>
<altiAcc>2</altiAcc>
</GCP>
<GCP gml:id="K1_492920_24">
<fid>10-00100-0-2409-64202</fid>
<lfSpanFr gml:id="K1_492920_24-1">
<gml:timePosition>2024-09-09</gml:timePosition>
</lfSpanFr>
<devDate gml:id="K1_492920_24-2">
<gml:timePosition>2024-09-13</gml:timePosition>
</devDate>
<orgGILvl>KJ14</orgGILvl>
<vis>表示</vis>
<pos>
<gml:Point gml:id="K1_492920_24-g" srsName="fguuid:jgd2011.bl">
<gml:pos>32.876516528 129.033467944</gml:pos>
</gml:Point>
</pos>
<orgName>国土地理院</orgName>
<type>三角点</type>
<gcpClass>四等三角点</gcpClass>
<gcpCode>TR44929205201</gcpCode>
<name>下中島</name>
<B>118355.4595</B>
<L>464520.4846</L>
<alti>132.14</alti>
<altiAcc>2</altiAcc>
</GCP>
<GCP gml:id="K1_492920_25">
<fid>10-00100-0-2409-64203</fid>
<lfSpanFr gml:id="K1_492920_25-1">
<gml:timePosition>2024-09-09</gml:timePosition>
</lfSpanFr>
<devDate gml:id="K1_492920_25-2">
<gml:timePosition>2024-09-13</gml:timePosition>
</devDate>
<orgGILvl>KJ14</orgGILvl>
<vis>表示</vis>
<pos>
<gml:Point gml:id="K1_492920_25-g" srsName="fguuid:jgd2011.bl">
<gml:pos>32.881976111 129.051576972</gml:pos>
</gml:Point>
</pos>
<orgName>国土地理院</orgName>
<type>三角点</type>
<gcpClass>四等三角点</gcpClass>
<gcpCode>TR44929205401</gcpCode>
<name>白魚</name>
<B>118375.114</B>
<L>464585.6771</L>
<alti>83.7</alti>
<altiAcc>2</altiAcc>
</GCP>
<GCP gml:id="K1_492920_26">
<fid>10-00100-0-2409-64204</fid>
<lfSpanFr gml:id="K1_492920_26-1">
<gml:timePosition>2024-09-09</gml:timePosition>
</lfSpanFr>
<devDate gml:id="K1_492920_26-2">
<gml:timePosition>2024-09-13</gml:timePosition>
</devDate>
<orgGILvl>KJ14</orgGILvl>
<vis>表示</vis>
<pos>
<gml:Point gml:id="K1_492920_26-g" srsName="fguuid:jgd2011.bl">
<gml:pos>32.878527611 129.069671139</gml:pos>
</gml:Point>
</pos>
<orgName>国土地理院</orgName>
<type>三角点</type>
<gcpClass>四等三角点</gcpClass>
<gcpCode>TR44929205501</gcpCode>
<name>中山</name>
<B>118362.6994</B>
<L>464650.8161</L>
<alti>288.72</alti>
<altiAcc>2</altiAcc>
</GCP>
<GCP gml:id="K1_492920_27">
<fid>10-00100-0-2409-64205</fid>
<lfSpanFr gml:id="K1_492920_27-1">
<gml:timePosition>2024-09-09</gml:timePosition>
</lfSpanFr>
<devDate gml:id="K1_492920_27-2">
<gml:timePosition>2024-09-13</gml:timePosition>
</devDate>
<orgGILvl>KJ14</orgGILvl>
<vis>表示</vis>
<pos>
<gml:Point gml:id="K1_492920_27-g" srsName="fguuid:jgd2011.bl">
<gml:pos>32.885010667 129.015616694</gml:pos>
</gml:Point>
</pos>
<orgName>国土地理院</orgName>
<type>三角点</type>
<gcpClass>四等三角点</gcpClass>
<gcpCode>TR44929206101</gcpCode>
<name>上南風</name>
<B>118386.0384</B>
<L>464456.2201</L>
<alti>218.1</alti>
<altiAcc>2</altiAcc>
</GCP>
<GCP gml:id="K1_492920_28">
<fid>10-00100-0-2409-64206</fid>
<lfSpanFr gml:id="K1_492920_28-1">
<gml:timePosition>2024-09-09</gml:timePosition>
</lfSpanFr>
<devDate gml:id="K1_492920_28-2">
<gml:timePosition>2024-09-13</gml:timePosition>
</devDate>
<orgGILvl>KJ14</orgGILvl>
<vis>表示</vis>
<pos>
<gml:Point gml:id="K1_492920_28-g" srsName="fguuid:jgd2011.bl">
<gml:pos>32.887281306 129.029565917</gml:pos>
</gml:Point>
</pos>
<orgName>国土地理院</orgName>
<type>三角点</type>
<gcpClass>四等三角点</gcpClass>
<gcpCode>TR44929206201</gcpCode>
<name>守崎</name>
<B>118394.2127</B>
<L>464506.4373</L>
<alti>100.95</alti>
<altiAcc>2</altiAcc>
</GCP>
<GCP gml:id="K1_492920_29">
<fid>10-00100-0-2409-64207</fid>
<lfSpanFr gml:id="K1_492920_29-1">
<gml:timePosition>2024-09-09</gml:timePosition>
</lfSpanFr>
<devDate gml:id="K1_492920_29-2">
<gml:timePosition>2024-09-13</gml:timePosition>
</devDate>
<orgGILvl>KJ14</orgGILvl>
<vis>表示</vis>
<pos>
<gml:Point gml:id="K1_492920_29-g" srsName="fguuid:jgd2011.bl">
<gml:pos>32.891189917 129.061204250</gml:pos>
</gml:Point>
</pos>
<orgName>国土地理院</orgName>
<type>三角点</type>
<gcpClass>四等三角点</gcpClass>
<gcpCode>TR44929206401</gcpCode>
<name>大浦</name>
<B>118408.2837</B>
<L>464620.3353</L>
<alti>104.31</alti>
<altiAcc>2</altiAcc>
</GCP>
<GCP gml:id="K1_492920_30">
<fid>10-00100-0-2409-64208</fid>
<lfSpanFr gml:id="K1_492920_30-1">
<gml:timePosition>2024-09-09</gml:timePosition>
</lfSpanFr>
<devDate gml:id="K1_492920_30-2">
<gml:timePosition>2024-09-13</gml:timePosition>
</devDate>
<orgGILvl>KJ14</orgGILvl>
<vis>表示</vis>
<pos>
<gml:Point gml:id="K1_492920_30-g" srsName="fguuid:jgd2011.bl">
<gml:pos>32.897202944 129.021702583</gml:pos>
</gml:Point>
</pos>
<orgName>国土地理院</orgName>
<type>三角点</type>
<gcpClass>四等三角点</gcpClass>
<gcpCode>TR44929207101</gcpCode>
<name>盆ヶ浦</name>
<B>118429.9306</B>
<L>464478.1293</L>
<alti>156.98</alti>
<altiAcc>2</altiAcc>
</GCP>
<GCP gml:id="K1_492920_31">
<fid>10-00100-0-2409-64209</fid>
<lfSpanFr gml:id="K1_492920_31-1">
<gml:timePosition>2024-09-09</gml:timePosition>
</lfSpanFr>
<devDate gml:id="K1_492920_31-2">
<gml:timePosition>2024-09-13</gml:timePosition>
</devDate>
<orgGILvl>KJ14</orgGILvl>
<vis>表示</vis>
<pos>
<gml:Point gml:id="K1_492920_31-g" srsName="fguuid:jgd2011.bl">
<gml:pos>32.899931806 129.078796111</gml:pos>
</gml:Point>
</pos>
<orgName>国土地理院</orgName>
<type>三角点</type>
<gcpClass>四等三角点</gcpClass>
<gcpCode>TR44929207601</gcpCode>
<name>高山</name>
<B>118439.7545</B>
<L>464683.666</L>
<alti>199.64</alti>
<altiAcc>2</altiAcc>
</GCP>
<GCP gml:id="K1_492920_32">
<fid>10-00100-0-2409-64210</fid>
<lfSpanFr gml:id="K1_492920_32-1">
<gml:timePosition>2024-09-09</gml:timePosition>
</lfSpanFr>
<devDate gml:id="K1_492920_32-2">
<gml:timePosition>2024-09-13</gml:timePosition>
</devDate>
<orgGILvl>KJ14</orgGILvl>
<vis>表示</vis>
<pos>
<gml:Point gml:id="K1_492920_32-g" srsName="fguuid:jgd2011.bl">
<gml:pos>32.903583167 129.064709667</gml:pos>
</gml:Point>
</pos>
<orgName>国土地理院</orgName>
<type>三角点</type>
<gcpClass>四等三角点</gcpClass>
<gcpCode>TR44929208501</gcpCode>
<name>越首</name>
<B>118452.8994</B>
<L>464632.9548</L>
<alti>73.28</alti>
<altiAcc>2</altiAcc>
</GCP>
<GCP gml:id="K1_492920_33">
<fid>10-00100-0-2409-64211</fid>
<lfSpanFr gml:id="K1_492920_33-1">
<gml:timePosition>2024-09-09</gml:timePosition>
</lfSpanFr>
<devDate gml:id="K1_492920_33-2">
<gml:timePosition>2024-09-13</gml:timePosition>
</devDate>
<orgGILvl>KJ14</orgGILvl>
<vis>表示</vis>
<pos>
<gml:Point gml:id="K1_492920_33-g" srsName="fguuid:jgd2011.bl">
<gml:pos>32.904125167 129.094036083</gml:pos>
</gml:Point>
</pos>
<orgName>国土地理院</orgName>
<type>三角点</type>
<gcpClass>四等三角点</gcpClass>
<gcpCode>TR44929208701</gcpCode>
<name>商人</name>
<B>118454.8506</B>
<L>464738.5299</L>
<alti>52.81</alti>
<altiAcc>2</altiAcc>
</GCP>
<GCP gml:id="K1_492920_34">
<fid>10-00100-0-2409-64212</fid>
<lfSpanFr gml:id="K1_492920_34-1">
<gml:timePosition>2024-09-09</gml:timePosition>
</lfSpanFr>
<devDate gml:id="K1_492920_34-2">
<gml:timePosition>2024-09-13</gml:timePosition>
</devDate>
<orgGILvl>KJ14</orgGILvl>
<vis>表示</vis>
<pos>
<gml:Point gml:id="K1_492920_34-g" srsName="fguuid:jgd2011.bl">
<gml:pos>32.912138694 129.005563611</gml:pos>
</gml:Point>
</pos>
<orgName>国土地理院</orgName>
<type>三角点</type>
<gcpClass>四等三角点</gcpClass>
<gcpCode>TR44929209001</gcpCode>
<name>大平</name>
<B>118483.6993</B>
<L>464420.029</L>
<alti>338.7</alti>
<altiAcc>2</altiAcc>
</GCP>
</Dataset>
