<?xml version="1.0" encoding="utf-8"?>
<Dataset xsi:schemaLocation="http://fgd.gsi.go.jp/spec/2008/FGD_GMLSchema FGD_GMLSchema.xsd"
	xmlns:gml="http://www.opengis.net/gml/3.2"
	xmlns:xsi="http://www.w3.org/2001/XMLSchema-instance"
	xmlns:xlink="http://www.w3.org/1999/xlink"
	xmlns="http://fgd.gsi.go.jp/spec/2008/FGD_GMLSchema"
	gml:id="Dataset1">
  <gml:description>基盤地図情報メタデータ ID=fmdid:24-1001</gml:description>
  <gml:name>基盤地図情報ダウンロードデータ（GML版）</gml:name>
<AdmPt gml:id="K6_4644011835_1">
<fid>46440-11835-i-105</fid>
<lfSpanFr gml:id="K6_4644011835_1-1">
<gml:timePosition>2015-11-17</gml:timePosition>
</lfSpanFr>
<devDate gml:id="K6_4644011835_1-2">
<gml:timePosition>2024-09-13</gml:timePosition>
</devDate>
<orgGILvl>25000</orgGILvl>
<vis>非表示</vis>
<pos>
<gml:Point gml:id="K6_4644011835_1-g" srsName="fguuid:jgd2011.bl">
<gml:pos>32.881095562 129.000087776</gml:pos>
</gml:Point>
</pos>
<type>町村・指定都市の区</type>
<name>新上五島町</name>
<admCode>42411</admCode>
</AdmPt>
<AdmPt gml:id="K6_4644311835_1">
<fid>46443-11835-i-37</fid>
<lfSpanFr gml:id="K6_4644311835_1-1">
<gml:timePosition>2022-03-16</gml:timePosition>
</lfSpanFr>
<devDate gml:id="K6_4644311835_1-2">
<gml:timePosition>2024-09-13</gml:timePosition>
</devDate>
<orgGILvl>25000</orgGILvl>
<vis>非表示</vis>
<pos>
<gml:Point gml:id="K6_4644311835_1-g" srsName="fguuid:jgd2011.bl">
<gml:pos>32.881209804 129.015667310</gml:pos>
</gml:Point>
</pos>
<type>町村・指定都市の区</type>
<name>新上五島町</name>
<admCode>42411</admCode>
</AdmPt>
<AdmPt gml:id="K6_4646411835_1">
<fid>46464-11835-i-39</fid>
<lfSpanFr gml:id="K6_4646411835_1-1">
<gml:timePosition>2022-03-16</gml:timePosition>
</lfSpanFr>
<devDate gml:id="K6_4646411835_1-2">
<gml:timePosition>2024-09-13</gml:timePosition>
</devDate>
<orgGILvl>25000</orgGILvl>
<vis>非表示</vis>
<pos>
<gml:Point gml:id="K6_4646411835_1-g" srsName="fguuid:jgd2011.bl">
<gml:pos>32.875386587 129.073755789</gml:pos>
</gml:Point>
</pos>
<type>町村・指定都市の区</type>
<name>新上五島町</name>
<admCode>42411</admCode>
</AdmPt>
</Dataset>
