<?xml version="1.0" encoding="utf-8"?>
<Dataset xsi:schemaLocation="http://fgd.gsi.go.jp/spec/2008/FGD_GMLSchema FGD_GMLSchema.xsd"
	xmlns:gml="http://www.opengis.net/gml/3.2"
	xmlns:xsi="http://www.w3.org/2001/XMLSchema-instance"
	xmlns:xlink="http://www.w3.org/1999/xlink"
	xmlns="http://fgd.gsi.go.jp/spec/2008/FGD_GMLSchema"
	gml:id="Dataset1">
  <gml:description>基盤地図情報メタデータ ID=fmdid:24-0701</gml:description>
  <gml:name>基盤地図情報ダウンロードデータ（GML版）</gml:name>
<GCP gml:id="K1_492906_1">
<fid>10-00100-0-2405-129</fid>
<lfSpanFr gml:id="K1_492906_1-1">
<gml:timePosition>2024-05-15</gml:timePosition>
</lfSpanFr>
<devDate gml:id="K1_492906_1-2">
<gml:timePosition>2024-06-07</gml:timePosition>
</devDate>
<orgGILvl>KJ10</orgGILvl>
<vis>表示</vis>
<pos>
<gml:Point gml:id="K1_492906_1-g" srsName="fguuid:jgd2011.bl">
<gml:pos>32.737187194 129.869078806</gml:pos>
</gml:Point>
</pos>
<orgName>国土地理院</orgName>
<type>電子基準点</type>
<gcpClass>電子基準点</gcpClass>
<gcpCode>EL04929068902</gcpCode>
<name>Ｐ長崎Ａ</name>
<B>117853.8739</B>
<L>467528.6837</L>
<alti>7.46</alti>
<altiAcc>2</altiAcc>
</GCP>
<GCP gml:id="K1_492906_2">
<fid>10-00100-0-2405-7840</fid>
<lfSpanFr gml:id="K1_492906_2-1">
<gml:timePosition>2024-05-15</gml:timePosition>
</lfSpanFr>
<devDate gml:id="K1_492906_2-2">
<gml:timePosition>2024-06-07</gml:timePosition>
</devDate>
<orgGILvl>SJ11</orgGILvl>
<vis>表示</vis>
<pos>
<gml:Point gml:id="K1_492906_2-g" srsName="fguuid:jgd2011.bl">
<gml:pos>32.735988889 129.870247222</gml:pos>
</gml:Point>
</pos>
<orgName>国土地理院</orgName>
<type>水準点</type>
<gcpClass>一等水準点</gcpClass>
<gcpCode>L010000005394</gcpCode>
<name>５３９４</name>
<B>117849.56</B>
<L>467532.89</L>
<alti>3.1941</alti>
<altiAcc>4</altiAcc>
</GCP>
<GCP gml:id="K1_492906_3">
<fid>10-00100-0-2405-7841</fid>
<lfSpanFr gml:id="K1_492906_3-1">
<gml:timePosition>2024-05-15</gml:timePosition>
</lfSpanFr>
<devDate gml:id="K1_492906_3-2">
<gml:timePosition>2024-06-07</gml:timePosition>
</devDate>
<orgGILvl>SJ11</orgGILvl>
<vis>表示</vis>
<pos>
<gml:Point gml:id="K1_492906_3-g" srsName="fguuid:jgd2011.bl">
<gml:pos>32.726555556 129.862197222</gml:pos>
</gml:Point>
</pos>
<orgName>国土地理院</orgName>
<type>水準点</type>
<gcpClass>一等水準点</gcpClass>
<gcpCode>L010000005395</gcpCode>
<name>５３９５</name>
<B>117815.6</B>
<L>467503.91</L>
<alti>10.8426</alti>
<altiAcc>4</altiAcc>
</GCP>
<GCP gml:id="K1_492906_4">
<fid>10-00100-0-2405-7842</fid>
<lfSpanFr gml:id="K1_492906_4-1">
<gml:timePosition>2024-05-15</gml:timePosition>
</lfSpanFr>
<devDate gml:id="K1_492906_4-2">
<gml:timePosition>2024-06-07</gml:timePosition>
</devDate>
<orgGILvl>SJ11</orgGILvl>
<vis>表示</vis>
<pos>
<gml:Point gml:id="K1_492906_4-g" srsName="fguuid:jgd2011.bl">
<gml:pos>32.714183333 129.868272222</gml:pos>
</gml:Point>
</pos>
<orgName>国土地理院</orgName>
<type>水準点</type>
<gcpClass>一等水準点</gcpClass>
<gcpCode>L010000005396</gcpCode>
<name>５３９６</name>
<B>117771.06</B>
<L>467525.78</L>
<alti>46.4058</alti>
<altiAcc>4</altiAcc>
</GCP>
<GCP gml:id="K1_492906_5">
<fid>10-00100-0-2405-7843</fid>
<lfSpanFr gml:id="K1_492906_5-1">
<gml:timePosition>2024-05-15</gml:timePosition>
</lfSpanFr>
<devDate gml:id="K1_492906_5-2">
<gml:timePosition>2024-06-07</gml:timePosition>
</devDate>
<orgGILvl>SJ11</orgGILvl>
<vis>表示</vis>
<pos>
<gml:Point gml:id="K1_492906_5-g" srsName="fguuid:jgd2011.bl">
<gml:pos>32.701408333 129.860475000</gml:pos>
</gml:Point>
</pos>
<orgName>国土地理院</orgName>
<type>水準点</type>
<gcpClass>一等水準点</gcpClass>
<gcpCode>L010000005397</gcpCode>
<name>５３９７</name>
<B>117725.07</B>
<L>467497.71</L>
<alti>144.0475</alti>
<altiAcc>4</altiAcc>
</GCP>
<GCP gml:id="K1_492906_6">
<fid>10-00100-0-2405-7844</fid>
<lfSpanFr gml:id="K1_492906_6-1">
<gml:timePosition>2024-05-15</gml:timePosition>
</lfSpanFr>
<devDate gml:id="K1_492906_6-2">
<gml:timePosition>2024-06-07</gml:timePosition>
</devDate>
<orgGILvl>SJ11</orgGILvl>
<vis>表示</vis>
<pos>
<gml:Point gml:id="K1_492906_6-g" srsName="fguuid:jgd2011.bl">
<gml:pos>32.695925000 129.843033333</gml:pos>
</gml:Point>
</pos>
<orgName>国土地理院</orgName>
<type>水準点</type>
<gcpClass>一等水準点</gcpClass>
<gcpCode>L010000005398</gcpCode>
<name>５３９８</name>
<B>117705.33</B>
<L>467434.92</L>
<alti>3.2847</alti>
<altiAcc>4</altiAcc>
</GCP>
<GCP gml:id="K1_492906_7">
<fid>10-00100-0-2405-7845</fid>
<lfSpanFr gml:id="K1_492906_7-1">
<gml:timePosition>2024-05-15</gml:timePosition>
</lfSpanFr>
<devDate gml:id="K1_492906_7-2">
<gml:timePosition>2024-06-07</gml:timePosition>
</devDate>
<orgGILvl>SJ11</orgGILvl>
<vis>表示</vis>
<pos>
<gml:Point gml:id="K1_492906_7-g" srsName="fguuid:jgd2011.bl">
<gml:pos>32.683944444 129.836430556</gml:pos>
</gml:Point>
</pos>
<orgName>国土地理院</orgName>
<type>水準点</type>
<gcpClass>一等水準点</gcpClass>
<gcpCode>L010000005399</gcpCode>
<name>５３９９</name>
<B>117662.2</B>
<L>467411.15</L>
<alti>27.348</alti>
<altiAcc>4</altiAcc>
</GCP>
<GCP gml:id="K1_492906_8">
<fid>10-00100-0-2405-18959</fid>
<lfSpanFr gml:id="K1_492906_8-1">
<gml:timePosition>2024-05-15</gml:timePosition>
</lfSpanFr>
<devDate gml:id="K1_492906_8-2">
<gml:timePosition>2024-06-07</gml:timePosition>
</devDate>
<orgGILvl>SJ11</orgGILvl>
<vis>表示</vis>
<pos>
<gml:Point gml:id="K1_492906_8-g" srsName="fguuid:jgd2011.bl">
<gml:pos>32.686852778 129.824483333</gml:pos>
</gml:Point>
</pos>
<orgName>国土地理院</orgName>
<type>水準点</type>
<gcpClass>一等水準点</gcpClass>
<gcpCode>L080000000005</gcpCode>
<name>附５</name>
<B>117672.67</B>
<L>467368.14</L>
<alti>2.3603</alti>
<altiAcc>4</altiAcc>
</GCP>
<GCP gml:id="K1_492906_9">
<fid>10-00100-0-2405-20480</fid>
<lfSpanFr gml:id="K1_492906_9-1">
<gml:timePosition>2024-05-15</gml:timePosition>
</lfSpanFr>
<devDate gml:id="K1_492906_9-2">
<gml:timePosition>2024-06-07</gml:timePosition>
</devDate>
<orgGILvl>KJ11</orgGILvl>
<vis>表示</vis>
<pos>
<gml:Point gml:id="K1_492906_9-g" srsName="fguuid:jgd2011.bl">
<gml:pos>32.670216083 129.856522417</gml:pos>
</gml:Point>
</pos>
<orgName>国土地理院</orgName>
<type>三角点</type>
<gcpClass>一等三角点</gcpClass>
<gcpCode>TR14929060801</gcpCode>
<name>八郎岳</name>
<B>117612.7779</B>
<L>467483.4807</L>
<alti>589.82</alti>
<altiAcc>2</altiAcc>
</GCP>
<GCP gml:id="K1_492906_10">
<fid>10-00100-0-2405-21654</fid>
<lfSpanFr gml:id="K1_492906_10-1">
<gml:timePosition>2024-05-15</gml:timePosition>
</lfSpanFr>
<devDate gml:id="K1_492906_10-2">
<gml:timePosition>2024-06-07</gml:timePosition>
</devDate>
<orgGILvl>KJ12</orgGILvl>
<vis>表示</vis>
<pos>
<gml:Point gml:id="K1_492906_10-g" srsName="fguuid:jgd2011.bl">
<gml:pos>32.705022306 129.773378167</gml:pos>
</gml:Point>
</pos>
<orgName>国土地理院</orgName>
<type>三角点</type>
<gcpClass>二等三角点</gcpClass>
<gcpCode>TR24929064101</gcpCode>
<name>伊王島</name>
<B>117738.0803</B>
<L>467184.1614</L>
<alti>108.76</alti>
<altiAcc>2</altiAcc>
</GCP>
<GCP gml:id="K1_492906_11">
<fid>10-00100-0-2405-28188</fid>
<lfSpanFr gml:id="K1_492906_11-1">
<gml:timePosition>2024-05-15</gml:timePosition>
</lfSpanFr>
<devDate gml:id="K1_492906_11-2">
<gml:timePosition>2024-06-07</gml:timePosition>
</devDate>
<orgGILvl>KJ13</orgGILvl>
<vis>表示</vis>
<pos>
<gml:Point gml:id="K1_492906_11-g" srsName="fguuid:jgd2011.bl">
<gml:pos>32.673154806 129.829676083</gml:pos>
</gml:Point>
</pos>
<orgName>国土地理院</orgName>
<type>三角点</type>
<gcpClass>三等三角点</gcpClass>
<gcpCode>TR34929060601</gcpCode>
<name>城山</name>
<B>117623.3573</B>
<L>467386.8339</L>
<alti>350.47</alti>
<altiAcc>2</altiAcc>
</GCP>
<GCP gml:id="K1_492906_12">
<fid>10-00100-0-2405-28189</fid>
<lfSpanFr gml:id="K1_492906_12-1">
<gml:timePosition>2024-05-15</gml:timePosition>
</lfSpanFr>
<devDate gml:id="K1_492906_12-2">
<gml:timePosition>2024-06-07</gml:timePosition>
</devDate>
<orgGILvl>KJ13</orgGILvl>
<vis>表示</vis>
<pos>
<gml:Point gml:id="K1_492906_12-g" srsName="fguuid:jgd2011.bl">
<gml:pos>32.690442250 129.797630250</gml:pos>
</gml:Point>
</pos>
<orgName>国土地理院</orgName>
<type>三角点</type>
<gcpClass>三等三角点</gcpClass>
<gcpCode>TR34929062301</gcpCode>
<name>天神山</name>
<B>117685.5921</B>
<L>467271.4689</L>
<alti>103.05</alti>
<altiAcc>2</altiAcc>
</GCP>
<GCP gml:id="K1_492906_13">
<fid>10-00100-0-2405-28190</fid>
<lfSpanFr gml:id="K1_492906_13-1">
<gml:timePosition>2024-05-15</gml:timePosition>
</lfSpanFr>
<devDate gml:id="K1_492906_13-2">
<gml:timePosition>2024-06-07</gml:timePosition>
</devDate>
<orgGILvl>KJ13</orgGILvl>
<vis>表示</vis>
<pos>
<gml:Point gml:id="K1_492906_13-g" srsName="fguuid:jgd2011.bl">
<gml:pos>32.695353444 129.815454472</gml:pos>
</gml:Point>
</pos>
<orgName>国土地理院</orgName>
<type>三角点</type>
<gcpClass>三等三角点</gcpClass>
<gcpCode>TR34929063501</gcpCode>
<name>高岳</name>
<B>117703.2724</B>
<L>467335.6361</L>
<alti>103.88</alti>
<altiAcc>2</altiAcc>
</GCP>
<GCP gml:id="K1_492906_14">
<fid>10-00100-0-2405-28191</fid>
<lfSpanFr gml:id="K1_492906_14-1">
<gml:timePosition>2024-05-15</gml:timePosition>
</lfSpanFr>
<devDate gml:id="K1_492906_14-2">
<gml:timePosition>2024-06-07</gml:timePosition>
</devDate>
<orgGILvl>KJ13</orgGILvl>
<vis>表示</vis>
<pos>
<gml:Point gml:id="K1_492906_14-g" srsName="fguuid:jgd2011.bl">
<gml:pos>32.713112556 129.856773167</gml:pos>
</gml:Point>
</pos>
<orgName>国土地理院</orgName>
<type>三角点</type>
<gcpClass>三等三角点</gcpClass>
<gcpCode>TR34929065801</gcpCode>
<name>大久保</name>
<B>117767.2052</B>
<L>467484.3834</L>
<alti>233.77</alti>
<altiAcc>2</altiAcc>
</GCP>
<GCP gml:id="K1_492906_15">
<fid>10-00100-0-2405-28192</fid>
<lfSpanFr gml:id="K1_492906_15-1">
<gml:timePosition>2024-05-15</gml:timePosition>
</lfSpanFr>
<devDate gml:id="K1_492906_15-2">
<gml:timePosition>2024-06-07</gml:timePosition>
</devDate>
<orgGILvl>KJ13</orgGILvl>
<vis>表示</vis>
<pos>
<gml:Point gml:id="K1_492906_15-g" srsName="fguuid:jgd2011.bl">
<gml:pos>32.720041861 129.825741278</gml:pos>
</gml:Point>
</pos>
<orgName>国土地理院</orgName>
<type>三角点</type>
<gcpClass>三等三角点</gcpClass>
<gcpCode>TR34929066601</gcpCode>
<name>神島</name>
<B>117792.1507</B>
<L>467372.6686</L>
<alti>85.66</alti>
<altiAcc>2</altiAcc>
</GCP>
<GCP gml:id="K1_492906_16">
<fid>10-00100-0-2405-28193</fid>
<lfSpanFr gml:id="K1_492906_16-1">
<gml:timePosition>2024-05-15</gml:timePosition>
</lfSpanFr>
<devDate gml:id="K1_492906_16-2">
<gml:timePosition>2024-06-07</gml:timePosition>
</devDate>
<orgGILvl>KJ13</orgGILvl>
<vis>表示</vis>
<pos>
<gml:Point gml:id="K1_492906_16-g" srsName="fguuid:jgd2011.bl">
<gml:pos>32.735850583 129.843956139</gml:pos>
</gml:Point>
</pos>
<orgName>国土地理院</orgName>
<type>三角点</type>
<gcpClass>三等三角点</gcpClass>
<gcpCode>TR34929068701</gcpCode>
<name>十把切</name>
<B>117849.0621</B>
<L>467438.2421</L>
<alti>172.2</alti>
<altiAcc>2</altiAcc>
</GCP>
<GCP gml:id="K1_492906_17">
<fid>10-00100-0-2405-28194</fid>
<lfSpanFr gml:id="K1_492906_17-1">
<gml:timePosition>2024-05-15</gml:timePosition>
</lfSpanFr>
<devDate gml:id="K1_492906_17-2">
<gml:timePosition>2024-06-07</gml:timePosition>
</devDate>
<orgGILvl>KJ13</orgGILvl>
<vis>表示</vis>
<pos>
<gml:Point gml:id="K1_492906_17-g" srsName="fguuid:jgd2011.bl">
<gml:pos>32.745844972 129.813332306</gml:pos>
</gml:Point>
</pos>
<orgName>国土地理院</orgName>
<type>三角点</type>
<gcpClass>三等三角点</gcpClass>
<gcpCode>TR34929069501</gcpCode>
<name>福田村</name>
<B>117885.0419</B>
<L>467327.9963</L>
<alti>175.2</alti>
<altiAcc>2</altiAcc>
</GCP>
<GCP gml:id="K1_492906_18">
<fid>10-00100-0-2405-64136</fid>
<lfSpanFr gml:id="K1_492906_18-1">
<gml:timePosition>2024-05-15</gml:timePosition>
</lfSpanFr>
<devDate gml:id="K1_492906_18-2">
<gml:timePosition>2024-06-07</gml:timePosition>
</devDate>
<orgGILvl>KJ14</orgGILvl>
<vis>表示</vis>
<pos>
<gml:Point gml:id="K1_492906_18-g" srsName="fguuid:jgd2011.bl">
<gml:pos>32.687254778 129.805451278</gml:pos>
</gml:Point>
</pos>
<orgName>国土地理院</orgName>
<type>三角点</type>
<gcpClass>四等三角点</gcpClass>
<gcpCode>TR44929062401</gcpCode>
<name>遠見</name>
<B>117674.1172</B>
<L>467299.6246</L>
<alti>120.01</alti>
<altiAcc>2</altiAcc>
</GCP>
<GCP gml:id="K1_492906_19">
<fid>10-00100-0-2405-64137</fid>
<lfSpanFr gml:id="K1_492906_19-1">
<gml:timePosition>2024-05-15</gml:timePosition>
</lfSpanFr>
<devDate gml:id="K1_492906_19-2">
<gml:timePosition>2024-06-07</gml:timePosition>
</devDate>
<orgGILvl>KJ14</orgGILvl>
<vis>表示</vis>
<pos>
<gml:Point gml:id="K1_492906_19-g" srsName="fguuid:jgd2011.bl">
<gml:pos>32.683547972 129.811217417</gml:pos>
</gml:Point>
</pos>
<orgName>国土地理院</orgName>
<type>三角点</type>
<gcpClass>四等三角点</gcpClass>
<gcpCode>TR44929062402</gcpCode>
<name>山中</name>
<B>117660.7727</B>
<L>467320.3827</L>
<alti>61.83</alti>
<altiAcc>2</altiAcc>
</GCP>
<GCP gml:id="K1_492906_20">
<fid>10-00100-0-2405-64138</fid>
<lfSpanFr gml:id="K1_492906_20-1">
<gml:timePosition>2024-05-15</gml:timePosition>
</lfSpanFr>
<devDate gml:id="K1_492906_20-2">
<gml:timePosition>2024-06-07</gml:timePosition>
</devDate>
<orgGILvl>KJ14</orgGILvl>
<vis>表示</vis>
<pos>
<gml:Point gml:id="K1_492906_20-g" srsName="fguuid:jgd2011.bl">
<gml:pos>32.693225194 129.779307861</gml:pos>
</gml:Point>
</pos>
<orgName>国土地理院</orgName>
<type>三角点</type>
<gcpClass>四等三角点</gcpClass>
<gcpCode>TR44929063201</gcpCode>
<name>沖之島</name>
<B>117695.6107</B>
<L>467205.5083</L>
<alti>149.32</alti>
<altiAcc>2</altiAcc>
</GCP>
<GCP gml:id="K1_492906_21">
<fid>10-00100-0-2405-64140</fid>
<lfSpanFr gml:id="K1_492906_21-1">
<gml:timePosition>2024-05-15</gml:timePosition>
</lfSpanFr>
<devDate gml:id="K1_492906_21-2">
<gml:timePosition>2024-06-07</gml:timePosition>
</devDate>
<orgGILvl>KJ14</orgGILvl>
<vis>表示</vis>
<pos>
<gml:Point gml:id="K1_492906_21-g" srsName="fguuid:jgd2011.bl">
<gml:pos>32.710484806 129.763439778</gml:pos>
</gml:Point>
</pos>
<orgName>国土地理院</orgName>
<type>三角点</type>
<gcpClass>四等三角点</gcpClass>
<gcpCode>TR44929065101</gcpCode>
<name>丘町</name>
<B>117757.7453</B>
<L>467148.3832</L>
<alti>75.38</alti>
<altiAcc>2</altiAcc>
</GCP>
<GCP gml:id="K1_492906_22">
<fid>10-00100-0-2405-64141</fid>
<lfSpanFr gml:id="K1_492906_22-1">
<gml:timePosition>2024-05-15</gml:timePosition>
</lfSpanFr>
<devDate gml:id="K1_492906_22-2">
<gml:timePosition>2024-06-07</gml:timePosition>
</devDate>
<orgGILvl>KJ14</orgGILvl>
<vis>表示</vis>
<pos>
<gml:Point gml:id="K1_492906_22-g" srsName="fguuid:jgd2011.bl">
<gml:pos>32.729434167 129.868902778</gml:pos>
</gml:Point>
</pos>
<orgName>国土地理院</orgName>
<type>三角点</type>
<gcpClass>四等三角点</gcpClass>
<gcpCode>TR44929067901</gcpCode>
<name>戸町</name>
<B>117825.963</B>
<L>467528.05</L>
<alti>172.44</alti>
<altiAcc>2</altiAcc>
</GCP>
<GCP gml:id="K1_492906_23">
<fid>10-00100-0-2405-64142</fid>
<lfSpanFr gml:id="K1_492906_23-1">
<gml:timePosition>2024-05-15</gml:timePosition>
</lfSpanFr>
<devDate gml:id="K1_492906_23-2">
<gml:timePosition>2024-06-07</gml:timePosition>
</devDate>
<orgGILvl>KJ14</orgGILvl>
<vis>表示</vis>
<pos>
<gml:Point gml:id="K1_492906_23-g" srsName="fguuid:jgd2011.bl">
<gml:pos>32.737728972 129.853585194</gml:pos>
</gml:Point>
</pos>
<orgName>国土地理院</orgName>
<type>三角点</type>
<gcpClass>四等三角点</gcpClass>
<gcpCode>TR44929068801</gcpCode>
<name>岩瀬道</name>
<B>117855.8243</B>
<L>467472.9067</L>
<alti>88.65</alti>
<altiAcc>2</altiAcc>
</GCP>
</Dataset>
