<?xml version="1.0" encoding="utf-8"?>
<Dataset xsi:schemaLocation="http://fgd.gsi.go.jp/spec/2008/FGD_GMLSchema FGD_GMLSchema.xsd"
	xmlns:gml="http://www.opengis.net/gml/3.2"
	xmlns:xsi="http://www.w3.org/2001/XMLSchema-instance"
	xmlns:xlink="http://www.w3.org/1999/xlink"
	xmlns="http://fgd.gsi.go.jp/spec/2008/FGD_GMLSchema"
	gml:id="Dataset1">
  <gml:description>基盤地図情報メタデータ ID=fmdid:24-0701</gml:description>
  <gml:name>基盤地図情報ダウンロードデータ（GML版）</gml:name>
<AdmPt gml:id="K6_4671011760_1">
<fid>46710-11760-i-254</fid>
<lfSpanFr gml:id="K6_4671011760_1-1">
<gml:timePosition>2023-02-21</gml:timePosition>
</lfSpanFr>
<devDate gml:id="K6_4671011760_1-2">
<gml:timePosition>2024-06-07</gml:timePosition>
</devDate>
<orgGILvl>25000</orgGILvl>
<vis>非表示</vis>
<pos>
<gml:Point gml:id="K6_4671011760_1-g" srsName="fguuid:jgd2011.bl">
<gml:pos>32.667023830 129.751261085</gml:pos>
</gml:Point>
</pos>
<type>郡市・東京都の区</type>
<name>長崎市</name>
<admCode>42201</admCode>
</AdmPt>
<AdmPt gml:id="K6_4671011760_2">
<fid>46710-11760-i-255</fid>
<lfSpanFr gml:id="K6_4671011760_2-1">
<gml:timePosition>2023-02-21</gml:timePosition>
</lfSpanFr>
<devDate gml:id="K6_4671011760_2-2">
<gml:timePosition>2024-06-07</gml:timePosition>
</devDate>
<orgGILvl>25000</orgGILvl>
<vis>非表示</vis>
<pos>
<gml:Point gml:id="K6_4671011760_2-g" srsName="fguuid:jgd2011.bl">
<gml:pos>32.666795508 129.750804627</gml:pos>
</gml:Point>
</pos>
<type>郡市・東京都の区</type>
<name>長崎市</name>
<admCode>42201</admCode>
</AdmPt>
<AdmPt gml:id="K6_4671011760_3">
<fid>46710-11760-i-256</fid>
<lfSpanFr gml:id="K6_4671011760_3-1">
<gml:timePosition>2023-02-21</gml:timePosition>
</lfSpanFr>
<devDate gml:id="K6_4671011760_3-2">
<gml:timePosition>2024-06-07</gml:timePosition>
</devDate>
<orgGILvl>25000</orgGILvl>
<vis>非表示</vis>
<pos>
<gml:Point gml:id="K6_4671011760_3-g" srsName="fguuid:jgd2011.bl">
<gml:pos>32.666815468 129.757400568</gml:pos>
</gml:Point>
</pos>
<type>郡市・東京都の区</type>
<name>長崎市</name>
<admCode>42201</admCode>
</AdmPt>
<AdmPt gml:id="K6_4671611775_1">
<fid>46716-11775-i-654</fid>
<lfSpanFr gml:id="K6_4671611775_1-1">
<gml:timePosition>2023-02-21</gml:timePosition>
</lfSpanFr>
<devDate gml:id="K6_4671611775_1-2">
<gml:timePosition>2024-06-07</gml:timePosition>
</devDate>
<orgGILvl>25000</orgGILvl>
<vis>非表示</vis>
<pos>
<gml:Point gml:id="K6_4671611775_1-g" srsName="fguuid:jgd2011.bl">
<gml:pos>32.708469473 129.767145240</gml:pos>
</gml:Point>
</pos>
<type>郡市・東京都の区</type>
<name>長崎市</name>
<admCode>42201</admCode>
</AdmPt>
<AdmPt gml:id="K6_4674311781_1">
<fid>46743-11781-i-2723</fid>
<lfSpanFr gml:id="K6_4674311781_1-1">
<gml:timePosition>2023-02-21</gml:timePosition>
</lfSpanFr>
<devDate gml:id="K6_4674311781_1-2">
<gml:timePosition>2024-06-07</gml:timePosition>
</devDate>
<orgGILvl>25000</orgGILvl>
<vis>非表示</vis>
<pos>
<gml:Point gml:id="K6_4674311781_1-g" srsName="fguuid:jgd2011.bl">
<gml:pos>32.732863181 129.844386051</gml:pos>
</gml:Point>
</pos>
<type>郡市・東京都の区</type>
<name>長崎市</name>
<admCode>42201</admCode>
</AdmPt>
<AdmPt gml:id="K6_4674911772_1">
<fid>46749-11772-i-7266</fid>
<lfSpanFr gml:id="K6_4674911772_1-1">
<gml:timePosition>2023-02-21</gml:timePosition>
</lfSpanFr>
<devDate gml:id="K6_4674911772_1-2">
<gml:timePosition>2024-06-07</gml:timePosition>
</devDate>
<orgGILvl>25000</orgGILvl>
<vis>非表示</vis>
<pos>
<gml:Point gml:id="K6_4674911772_1-g" srsName="fguuid:jgd2011.bl">
<gml:pos>32.708314656 129.861778373</gml:pos>
</gml:Point>
</pos>
<type>郡市・東京都の区</type>
<name>長崎市</name>
<admCode>42201</admCode>
</AdmPt>
<AdmPt gml:id="K6_4675211787_1">
<fid>46752-11787-i-2539</fid>
<lfSpanFr gml:id="K6_4675211787_1-1">
<gml:timePosition>2023-02-21</gml:timePosition>
</lfSpanFr>
<devDate gml:id="K6_4675211787_1-2">
<gml:timePosition>2024-06-07</gml:timePosition>
</devDate>
<orgGILvl>25000</orgGILvl>
<vis>非表示</vis>
<pos>
<gml:Point gml:id="K6_4675211787_1-g" srsName="fguuid:jgd2011.bl">
<gml:pos>32.749564360 129.869732223</gml:pos>
</gml:Point>
</pos>
<type>郡市・東京都の区</type>
<name>長崎市</name>
<admCode>42201</admCode>
</AdmPt>
<AdmPt gml:id="K6_4675211787_2">
<fid>46752-11787-i-2540</fid>
<lfSpanFr gml:id="K6_4675211787_2-1">
<gml:timePosition>2023-02-21</gml:timePosition>
</lfSpanFr>
<devDate gml:id="K6_4675211787_2-2">
<gml:timePosition>2024-06-07</gml:timePosition>
</devDate>
<orgGILvl>25000</orgGILvl>
<vis>非表示</vis>
<pos>
<gml:Point gml:id="K6_4675211787_2-g" srsName="fguuid:jgd2011.bl">
<gml:pos>32.749443007 129.867703770</gml:pos>
</gml:Point>
</pos>
<type>郡市・東京都の区</type>
<name>長崎市</name>
<admCode>42201</admCode>
</AdmPt>
</Dataset>
