<?xml version="1.0" encoding="utf-8"?>
<Dataset xsi:schemaLocation="http://fgd.gsi.go.jp/spec/2008/FGD_GMLSchema FGD_GMLSchema.xsd"
	xmlns:gml="http://www.opengis.net/gml/3.2"
	xmlns:xsi="http://www.w3.org/2001/XMLSchema-instance"
	xmlns:xlink="http://www.w3.org/1999/xlink"
	xmlns="http://fgd.gsi.go.jp/spec/2008/FGD_GMLSchema"
	gml:id="Dataset1">
  <gml:description>基盤地図情報メタデータ ID=fmdid:24-0701</gml:description>
  <gml:name>基盤地図情報ダウンロードデータ（GML版）</gml:name>
<ElevPt gml:id="K2_4671011760_1">
<fid>46710-11760-i-196</fid>
<lfSpanFr gml:id="K2_4671011760_1-1">
<gml:timePosition>2023-02-21</gml:timePosition>
</lfSpanFr>
<devDate gml:id="K2_4671011760_1-2">
<gml:timePosition>2024-06-07</gml:timePosition>
</devDate>
<orgGILvl>25000</orgGILvl>
<vis>表示</vis>
<pos>
<gml:Point gml:id="K2_4671011760_1-g" srsName="fguuid:jgd2011.bl">
<gml:pos>32.668812222 129.757530556</gml:pos>
</gml:Point>
</pos>
<type>標高点（測点）</type>
<alti>40</alti>
</ElevPt>
<ElevPt gml:id="K2_4671311772_1">
<fid>46713-11772-i-66</fid>
<lfSpanFr gml:id="K2_4671311772_1-1">
<gml:timePosition>2023-02-21</gml:timePosition>
</lfSpanFr>
<devDate gml:id="K2_4671311772_1-2">
<gml:timePosition>2024-06-07</gml:timePosition>
</devDate>
<orgGILvl>25000</orgGILvl>
<vis>表示</vis>
<pos>
<gml:Point gml:id="K2_4671311772_1-g" srsName="fguuid:jgd2011.bl">
<gml:pos>32.702920139 129.766258222</gml:pos>
</gml:Point>
</pos>
<type>標高点（測点）</type>
<alti>5</alti>
</ElevPt>
<ElevPt gml:id="K2_4671611769_1">
<fid>46716-11769-i-100</fid>
<lfSpanFr gml:id="K2_4671611769_1-1">
<gml:timePosition>2023-02-21</gml:timePosition>
</lfSpanFr>
<devDate gml:id="K2_4671611769_1-2">
<gml:timePosition>2024-06-07</gml:timePosition>
</devDate>
<orgGILvl>25000</orgGILvl>
<vis>表示</vis>
<pos>
<gml:Point gml:id="K2_4671611769_1-g" srsName="fguuid:jgd2011.bl">
<gml:pos>32.699387500 129.773751111</gml:pos>
</gml:Point>
</pos>
<type>標高点（測点）</type>
<alti>79</alti>
</ElevPt>
<ElevPt gml:id="K2_4671611772_1">
<fid>46716-11772-i-1829</fid>
<lfSpanFr gml:id="K2_4671611772_1-1">
<gml:timePosition>2023-02-21</gml:timePosition>
</lfSpanFr>
<devDate gml:id="K2_4671611772_1-2">
<gml:timePosition>2024-06-07</gml:timePosition>
</devDate>
<orgGILvl>25000</orgGILvl>
<vis>表示</vis>
<pos>
<gml:Point gml:id="K2_4671611772_1-g" srsName="fguuid:jgd2011.bl">
<gml:pos>32.707922750 129.769263167</gml:pos>
</gml:Point>
</pos>
<type>標高点（測点）</type>
<alti>67</alti>
</ElevPt>
<ElevPt gml:id="K2_4671611775_1">
<fid>46716-11775-i-586</fid>
<lfSpanFr gml:id="K2_4671611775_1-1">
<gml:timePosition>2023-02-21</gml:timePosition>
</lfSpanFr>
<devDate gml:id="K2_4671611775_1-2">
<gml:timePosition>2024-06-07</gml:timePosition>
</devDate>
<orgGILvl>25000</orgGILvl>
<vis>非表示</vis>
<pos>
<gml:Point gml:id="K2_4671611775_1-g" srsName="fguuid:jgd2011.bl">
<gml:pos>32.712746944 129.768397222</gml:pos>
</gml:Point>
</pos>
<type>標高点（測点）</type>
<alti>16</alti>
</ElevPt>
<ElevPt gml:id="K2_4671911766_1">
<fid>46719-11766-i-149</fid>
<lfSpanFr gml:id="K2_4671911766_1-1">
<gml:timePosition>2023-02-21</gml:timePosition>
</lfSpanFr>
<devDate gml:id="K2_4671911766_1-2">
<gml:timePosition>2024-06-07</gml:timePosition>
</devDate>
<orgGILvl>25000</orgGILvl>
<vis>表示</vis>
<pos>
<gml:Point gml:id="K2_4671911766_1-g" srsName="fguuid:jgd2011.bl">
<gml:pos>32.684543333 129.780196944</gml:pos>
</gml:Point>
</pos>
<type>標高点（測点）</type>
<alti>5</alti>
</ElevPt>
<ElevPt gml:id="K2_4672211766_1">
<fid>46722-11766-i-117</fid>
<lfSpanFr gml:id="K2_4672211766_1-1">
<gml:timePosition>2023-02-21</gml:timePosition>
</lfSpanFr>
<devDate gml:id="K2_4672211766_1-2">
<gml:timePosition>2024-06-07</gml:timePosition>
</devDate>
<orgGILvl>25000</orgGILvl>
<vis>表示</vis>
<pos>
<gml:Point gml:id="K2_4672211766_1-g" srsName="fguuid:jgd2011.bl">
<gml:pos>32.689478611 129.791025833</gml:pos>
</gml:Point>
</pos>
<type>標高点（測点）</type>
<alti>40</alti>
</ElevPt>
<ElevPt gml:id="K2_4672511760_1">
<fid>46725-11760-i-23</fid>
<lfSpanFr gml:id="K2_4672511760_1-1">
<gml:timePosition>2023-02-21</gml:timePosition>
</lfSpanFr>
<devDate gml:id="K2_4672511760_1-2">
<gml:timePosition>2024-06-07</gml:timePosition>
</devDate>
<orgGILvl>25000</orgGILvl>
<vis>表示</vis>
<pos>
<gml:Point gml:id="K2_4672511760_1-g" srsName="fguuid:jgd2011.bl">
<gml:pos>32.674374000 129.794561917</gml:pos>
</gml:Point>
</pos>
<type>標高点（測点）</type>
<alti>10</alti>
</ElevPt>
<ElevPt gml:id="K2_4672511766_1">
<fid>46725-11766-i-1683</fid>
<lfSpanFr gml:id="K2_4672511766_1-1">
<gml:timePosition>2023-02-21</gml:timePosition>
</lfSpanFr>
<devDate gml:id="K2_4672511766_1-2">
<gml:timePosition>2024-06-07</gml:timePosition>
</devDate>
<orgGILvl>25000</orgGILvl>
<vis>表示</vis>
<pos>
<gml:Point gml:id="K2_4672511766_1-g" srsName="fguuid:jgd2011.bl">
<gml:pos>32.684828056 129.797168056</gml:pos>
</gml:Point>
</pos>
<type>標高点（測点）</type>
<alti>92</alti>
</ElevPt>
<ElevPt gml:id="K2_4672511769_1">
<fid>46725-11769-i-726</fid>
<lfSpanFr gml:id="K2_4672511769_1-1">
<gml:timePosition>2023-02-21</gml:timePosition>
</lfSpanFr>
<devDate gml:id="K2_4672511769_1-2">
<gml:timePosition>2024-06-07</gml:timePosition>
</devDate>
<orgGILvl>25000</orgGILvl>
<vis>表示</vis>
<pos>
<gml:Point gml:id="K2_4672511769_1-g" srsName="fguuid:jgd2011.bl">
<gml:pos>32.694038611 129.794484444</gml:pos>
</gml:Point>
</pos>
<type>標高点（測点）</type>
<alti>29</alti>
</ElevPt>
<ElevPt gml:id="K2_4672811763_1">
<fid>46728-11763-i-732</fid>
<lfSpanFr gml:id="K2_4672811763_1-1">
<gml:timePosition>2023-02-21</gml:timePosition>
</lfSpanFr>
<devDate gml:id="K2_4672811763_1-2">
<gml:timePosition>2024-06-07</gml:timePosition>
</devDate>
<orgGILvl>25000</orgGILvl>
<vis>表示</vis>
<pos>
<gml:Point gml:id="K2_4672811763_1-g" srsName="fguuid:jgd2011.bl">
<gml:pos>32.679830278 129.805056389</gml:pos>
</gml:Point>
</pos>
<type>標高点（測点）</type>
<alti>54</alti>
</ElevPt>
<ElevPt gml:id="K2_4672811766_1">
<fid>46728-11766-i-2285</fid>
<lfSpanFr gml:id="K2_4672811766_1-1">
<gml:timePosition>2023-02-21</gml:timePosition>
</lfSpanFr>
<devDate gml:id="K2_4672811766_1-2">
<gml:timePosition>2024-06-07</gml:timePosition>
</devDate>
<orgGILvl>25000</orgGILvl>
<vis>表示</vis>
<pos>
<gml:Point gml:id="K2_4672811766_1-g" srsName="fguuid:jgd2011.bl">
<gml:pos>32.691168611 129.808258333</gml:pos>
</gml:Point>
</pos>
<type>標高点（測点）</type>
<alti>80</alti>
</ElevPt>
<ElevPt gml:id="K2_4672811766_2">
<fid>46728-11766-i-2286</fid>
<lfSpanFr gml:id="K2_4672811766_2-1">
<gml:timePosition>2023-02-21</gml:timePosition>
</lfSpanFr>
<devDate gml:id="K2_4672811766_2-2">
<gml:timePosition>2024-06-07</gml:timePosition>
</devDate>
<orgGILvl>25000</orgGILvl>
<vis>表示</vis>
<pos>
<gml:Point gml:id="K2_4672811766_2-g" srsName="fguuid:jgd2011.bl">
<gml:pos>32.683443722 129.802544806</gml:pos>
</gml:Point>
</pos>
<type>標高点（測点）</type>
<alti>6</alti>
</ElevPt>
<ElevPt gml:id="K2_4672811778_1">
<fid>46728-11778-i-16</fid>
<lfSpanFr gml:id="K2_4672811778_1-1">
<gml:timePosition>2023-02-21</gml:timePosition>
</lfSpanFr>
<devDate gml:id="K2_4672811778_1-2">
<gml:timePosition>2024-06-07</gml:timePosition>
</devDate>
<orgGILvl>25000</orgGILvl>
<vis>表示</vis>
<pos>
<gml:Point gml:id="K2_4672811778_1-g" srsName="fguuid:jgd2011.bl">
<gml:pos>32.723809444 129.807972778</gml:pos>
</gml:Point>
</pos>
<type>標高点（測点）</type>
<alti>27</alti>
</ElevPt>
<ElevPt gml:id="K2_4673111778_1">
<fid>46731-11778-i-72</fid>
<lfSpanFr gml:id="K2_4673111778_1-1">
<gml:timePosition>2023-02-21</gml:timePosition>
</lfSpanFr>
<devDate gml:id="K2_4673111778_1-2">
<gml:timePosition>2024-06-07</gml:timePosition>
</devDate>
<orgGILvl>25000</orgGILvl>
<vis>非表示</vis>
<pos>
<gml:Point gml:id="K2_4673111778_1-g" srsName="fguuid:jgd2011.bl">
<gml:pos>32.719869722 129.812575278</gml:pos>
</gml:Point>
</pos>
<type>標高点（測点）</type>
<alti>20</alti>
</ElevPt>
<ElevPt gml:id="K2_4673111787_1">
<fid>46731-11787-i-572</fid>
<lfSpanFr gml:id="K2_4673111787_1-1">
<gml:timePosition>2023-02-21</gml:timePosition>
</lfSpanFr>
<devDate gml:id="K2_4673111787_1-2">
<gml:timePosition>2024-06-07</gml:timePosition>
</devDate>
<orgGILvl>25000</orgGILvl>
<vis>表示</vis>
<pos>
<gml:Point gml:id="K2_4673111787_1-g" srsName="fguuid:jgd2011.bl">
<gml:pos>32.749521667 129.815342222</gml:pos>
</gml:Point>
</pos>
<type>標高点（測点）</type>
<alti>183</alti>
</ElevPt>
<ElevPt gml:id="K2_4673411763_1">
<fid>46734-11763-i-757</fid>
<lfSpanFr gml:id="K2_4673411763_1-1">
<gml:timePosition>2023-02-21</gml:timePosition>
</lfSpanFr>
<devDate gml:id="K2_4673411763_1-2">
<gml:timePosition>2024-06-07</gml:timePosition>
</devDate>
<orgGILvl>25000</orgGILvl>
<vis>表示</vis>
<pos>
<gml:Point gml:id="K2_4673411763_1-g" srsName="fguuid:jgd2011.bl">
<gml:pos>32.675584398 129.819095683</gml:pos>
</gml:Point>
</pos>
<type>標高点（測点）</type>
<alti>80</alti>
</ElevPt>
<ElevPt gml:id="K2_4673411766_1">
<fid>46734-11766-i-1305</fid>
<lfSpanFr gml:id="K2_4673411766_1-1">
<gml:timePosition>2023-02-21</gml:timePosition>
</lfSpanFr>
<devDate gml:id="K2_4673411766_1-2">
<gml:timePosition>2024-06-07</gml:timePosition>
</devDate>
<orgGILvl>25000</orgGILvl>
<vis>表示</vis>
<pos>
<gml:Point gml:id="K2_4673411766_1-g" srsName="fguuid:jgd2011.bl">
<gml:pos>32.685771704 129.824395604</gml:pos>
</gml:Point>
</pos>
<type>標高点（測点）</type>
<alti>2</alti>
</ElevPt>
<ElevPt gml:id="K2_4673411778_1">
<fid>46734-11778-i-731</fid>
<lfSpanFr gml:id="K2_4673411778_1-1">
<gml:timePosition>2023-02-21</gml:timePosition>
</lfSpanFr>
<devDate gml:id="K2_4673411778_1-2">
<gml:timePosition>2024-06-07</gml:timePosition>
</devDate>
<orgGILvl>25000</orgGILvl>
<vis>表示</vis>
<pos>
<gml:Point gml:id="K2_4673411778_1-g" srsName="fguuid:jgd2011.bl">
<gml:pos>32.720394444 129.819613889</gml:pos>
</gml:Point>
</pos>
<type>標高点（測点）</type>
<alti>18</alti>
</ElevPt>
<ElevPt gml:id="K2_4673411781_1">
<fid>46734-11781-i-88</fid>
<lfSpanFr gml:id="K2_4673411781_1-1">
<gml:timePosition>2023-02-21</gml:timePosition>
</lfSpanFr>
<devDate gml:id="K2_4673411781_1-2">
<gml:timePosition>2024-06-07</gml:timePosition>
</devDate>
<orgGILvl>25000</orgGILvl>
<vis>表示</vis>
<pos>
<gml:Point gml:id="K2_4673411781_1-g" srsName="fguuid:jgd2011.bl">
<gml:pos>32.726159806 129.824457250</gml:pos>
</gml:Point>
</pos>
<type>標高点（測点）</type>
<alti>2</alti>
</ElevPt>
<ElevPt gml:id="K2_4673411787_1">
<fid>46734-11787-i-1432</fid>
<lfSpanFr gml:id="K2_4673411787_1-1">
<gml:timePosition>2023-02-21</gml:timePosition>
</lfSpanFr>
<devDate gml:id="K2_4673411787_1-2">
<gml:timePosition>2024-06-07</gml:timePosition>
</devDate>
<orgGILvl>25000</orgGILvl>
<vis>表示</vis>
<pos>
<gml:Point gml:id="K2_4673411787_1-g" srsName="fguuid:jgd2011.bl">
<gml:pos>32.747050278 129.821144167</gml:pos>
</gml:Point>
</pos>
<type>標高点（測点）</type>
<alti>71</alti>
</ElevPt>
<ElevPt gml:id="K2_4673711766_1">
<fid>46737-11766-i-1750</fid>
<lfSpanFr gml:id="K2_4673711766_1-1">
<gml:timePosition>2023-02-21</gml:timePosition>
</lfSpanFr>
<devDate gml:id="K2_4673711766_1-2">
<gml:timePosition>2024-06-07</gml:timePosition>
</devDate>
<orgGILvl>25000</orgGILvl>
<vis>表示</vis>
<pos>
<gml:Point gml:id="K2_4673711766_1-g" srsName="fguuid:jgd2011.bl">
<gml:pos>32.691326944 129.830401111</gml:pos>
</gml:Point>
</pos>
<type>標高点（測点）</type>
<alti>23</alti>
</ElevPt>
<ElevPt gml:id="K2_4673711766_2">
<fid>46737-11766-i-1751</fid>
<lfSpanFr gml:id="K2_4673711766_2-1">
<gml:timePosition>2023-02-21</gml:timePosition>
</lfSpanFr>
<devDate gml:id="K2_4673711766_2-2">
<gml:timePosition>2024-06-07</gml:timePosition>
</devDate>
<orgGILvl>25000</orgGILvl>
<vis>表示</vis>
<pos>
<gml:Point gml:id="K2_4673711766_2-g" srsName="fguuid:jgd2011.bl">
<gml:pos>32.686501987 129.830983085</gml:pos>
</gml:Point>
</pos>
<type>標高点（測点）</type>
<alti>4</alti>
</ElevPt>
<ElevPt gml:id="K2_4673711775_1">
<fid>46737-11775-i-194</fid>
<lfSpanFr gml:id="K2_4673711775_1-1">
<gml:timePosition>2023-02-21</gml:timePosition>
</lfSpanFr>
<devDate gml:id="K2_4673711775_1-2">
<gml:timePosition>2024-06-07</gml:timePosition>
</devDate>
<orgGILvl>25000</orgGILvl>
<vis>表示</vis>
<pos>
<gml:Point gml:id="K2_4673711775_1-g" srsName="fguuid:jgd2011.bl">
<gml:pos>32.715329722 129.831296944</gml:pos>
</gml:Point>
</pos>
<type>標高点（測点）</type>
<alti>72</alti>
</ElevPt>
<ElevPt gml:id="K2_4673711784_1">
<fid>46737-11784-i-190</fid>
<lfSpanFr gml:id="K2_4673711784_1-1">
<gml:timePosition>2023-02-21</gml:timePosition>
</lfSpanFr>
<devDate gml:id="K2_4673711784_1-2">
<gml:timePosition>2024-06-07</gml:timePosition>
</devDate>
<orgGILvl>25000</orgGILvl>
<vis>表示</vis>
<pos>
<gml:Point gml:id="K2_4673711784_1-g" srsName="fguuid:jgd2011.bl">
<gml:pos>32.741018056 129.829405833</gml:pos>
</gml:Point>
</pos>
<type>標高点（測点）</type>
<alti>106</alti>
</ElevPt>
<ElevPt gml:id="K2_4673711787_1">
<fid>46737-11787-i-869</fid>
<lfSpanFr gml:id="K2_4673711787_1-1">
<gml:timePosition>2023-02-21</gml:timePosition>
</lfSpanFr>
<devDate gml:id="K2_4673711787_1-2">
<gml:timePosition>2024-06-07</gml:timePosition>
</devDate>
<orgGILvl>25000</orgGILvl>
<vis>表示</vis>
<pos>
<gml:Point gml:id="K2_4673711787_1-g" srsName="fguuid:jgd2011.bl">
<gml:pos>32.748578056 129.830176111</gml:pos>
</gml:Point>
</pos>
<type>標高点（測点）</type>
<alti>106</alti>
</ElevPt>
<ElevPt gml:id="K2_4674011763_1">
<fid>46740-11763-i-889</fid>
<lfSpanFr gml:id="K2_4674011763_1-1">
<gml:timePosition>2023-02-21</gml:timePosition>
</lfSpanFr>
<devDate gml:id="K2_4674011763_1-2">
<gml:timePosition>2024-06-07</gml:timePosition>
</devDate>
<orgGILvl>25000</orgGILvl>
<vis>表示</vis>
<pos>
<gml:Point gml:id="K2_4674011763_1-g" srsName="fguuid:jgd2011.bl">
<gml:pos>32.680841389 129.836361667</gml:pos>
</gml:Point>
</pos>
<type>標高点（測点）</type>
<alti>152</alti>
</ElevPt>
<ElevPt gml:id="K2_4674011778_1">
<fid>46740-11778-i-473</fid>
<lfSpanFr gml:id="K2_4674011778_1-1">
<gml:timePosition>2023-02-21</gml:timePosition>
</lfSpanFr>
<devDate gml:id="K2_4674011778_1-2">
<gml:timePosition>2024-06-07</gml:timePosition>
</devDate>
<orgGILvl>25000</orgGILvl>
<vis>表示</vis>
<pos>
<gml:Point gml:id="K2_4674011778_1-g" srsName="fguuid:jgd2011.bl">
<gml:pos>32.721754687 129.836283355</gml:pos>
</gml:Point>
</pos>
<type>標高点（測点）</type>
<alti>22</alti>
</ElevPt>
<ElevPt gml:id="K2_4674011784_1">
<fid>46740-11784-i-880</fid>
<lfSpanFr gml:id="K2_4674011784_1-1">
<gml:timePosition>2023-02-21</gml:timePosition>
</lfSpanFr>
<devDate gml:id="K2_4674011784_1-2">
<gml:timePosition>2024-06-07</gml:timePosition>
</devDate>
<orgGILvl>25000</orgGILvl>
<vis>表示</vis>
<pos>
<gml:Point gml:id="K2_4674011784_1-g" srsName="fguuid:jgd2011.bl">
<gml:pos>32.738388611 129.836561111</gml:pos>
</gml:Point>
</pos>
<type>標高点（測点）</type>
<alti>178</alti>
</ElevPt>
<ElevPt gml:id="K2_4674011787_1">
<fid>46740-11787-i-653</fid>
<lfSpanFr gml:id="K2_4674011787_1-1">
<gml:timePosition>2023-02-21</gml:timePosition>
</lfSpanFr>
<devDate gml:id="K2_4674011787_1-2">
<gml:timePosition>2024-06-07</gml:timePosition>
</devDate>
<orgGILvl>25000</orgGILvl>
<vis>表示</vis>
<pos>
<gml:Point gml:id="K2_4674011787_1-g" srsName="fguuid:jgd2011.bl">
<gml:pos>32.743600000 129.837653333</gml:pos>
</gml:Point>
</pos>
<type>標高点（測点）</type>
<alti>144</alti>
</ElevPt>
<ElevPt gml:id="K2_4674311763_1">
<fid>46743-11763-i-616</fid>
<lfSpanFr gml:id="K2_4674311763_1-1">
<gml:timePosition>2023-02-21</gml:timePosition>
</lfSpanFr>
<devDate gml:id="K2_4674311763_1-2">
<gml:timePosition>2024-06-07</gml:timePosition>
</devDate>
<orgGILvl>25000</orgGILvl>
<vis>表示</vis>
<pos>
<gml:Point gml:id="K2_4674311763_1-g" srsName="fguuid:jgd2011.bl">
<gml:pos>32.675966111 129.847008611</gml:pos>
</gml:Point>
</pos>
<type>標高点（測点）</type>
<alti>179</alti>
</ElevPt>
<ElevPt gml:id="K2_4674311766_1">
<fid>46743-11766-i-2693</fid>
<lfSpanFr gml:id="K2_4674311766_1-1">
<gml:timePosition>2023-02-21</gml:timePosition>
</lfSpanFr>
<devDate gml:id="K2_4674311766_1-2">
<gml:timePosition>2024-06-07</gml:timePosition>
</devDate>
<orgGILvl>25000</orgGILvl>
<vis>表示</vis>
<pos>
<gml:Point gml:id="K2_4674311766_1-g" srsName="fguuid:jgd2011.bl">
<gml:pos>32.690221667 129.845187778</gml:pos>
</gml:Point>
</pos>
<type>標高点（測点）</type>
<alti>148</alti>
</ElevPt>
<ElevPt gml:id="K2_4674311766_2">
<fid>46743-11766-i-2694</fid>
<lfSpanFr gml:id="K2_4674311766_2-1">
<gml:timePosition>2023-02-21</gml:timePosition>
</lfSpanFr>
<devDate gml:id="K2_4674311766_2-2">
<gml:timePosition>2024-06-07</gml:timePosition>
</devDate>
<orgGILvl>25000</orgGILvl>
<vis>表示</vis>
<pos>
<gml:Point gml:id="K2_4674311766_2-g" srsName="fguuid:jgd2011.bl">
<gml:pos>32.683380000 129.848595278</gml:pos>
</gml:Point>
</pos>
<type>標高点（測点）</type>
<alti>143</alti>
</ElevPt>
<ElevPt gml:id="K2_4674311769_1">
<fid>46743-11769-i-2225</fid>
<lfSpanFr gml:id="K2_4674311769_1-1">
<gml:timePosition>2023-02-21</gml:timePosition>
</lfSpanFr>
<devDate gml:id="K2_4674311769_1-2">
<gml:timePosition>2024-06-07</gml:timePosition>
</devDate>
<orgGILvl>25000</orgGILvl>
<vis>表示</vis>
<pos>
<gml:Point gml:id="K2_4674311769_1-g" srsName="fguuid:jgd2011.bl">
<gml:pos>32.696355000 129.847381111</gml:pos>
</gml:Point>
</pos>
<type>標高点（測点）</type>
<alti>57</alti>
</ElevPt>
<ElevPt gml:id="K2_4674311772_1">
<fid>46743-11772-i-1655</fid>
<lfSpanFr gml:id="K2_4674311772_1-1">
<gml:timePosition>2023-02-21</gml:timePosition>
</lfSpanFr>
<devDate gml:id="K2_4674311772_1-2">
<gml:timePosition>2024-06-07</gml:timePosition>
</devDate>
<orgGILvl>25000</orgGILvl>
<vis>非表示</vis>
<pos>
<gml:Point gml:id="K2_4674311772_1-g" srsName="fguuid:jgd2011.bl">
<gml:pos>32.704919327 129.849856923</gml:pos>
</gml:Point>
</pos>
<type>標高点（測点）</type>
<alti>4</alti>
</ElevPt>
<ElevPt gml:id="K2_4674311778_1">
<fid>46743-11778-i-374</fid>
<lfSpanFr gml:id="K2_4674311778_1-1">
<gml:timePosition>2023-02-21</gml:timePosition>
</lfSpanFr>
<devDate gml:id="K2_4674311778_1-2">
<gml:timePosition>2024-06-07</gml:timePosition>
</devDate>
<orgGILvl>25000</orgGILvl>
<vis>表示</vis>
<pos>
<gml:Point gml:id="K2_4674311778_1-g" srsName="fguuid:jgd2011.bl">
<gml:pos>32.722218889 129.845667778</gml:pos>
</gml:Point>
</pos>
<type>標高点（測点）</type>
<alti>81</alti>
</ElevPt>
<ElevPt gml:id="K2_4674311781_1">
<fid>46743-11781-i-2314</fid>
<lfSpanFr gml:id="K2_4674311781_1-1">
<gml:timePosition>2023-02-21</gml:timePosition>
</lfSpanFr>
<devDate gml:id="K2_4674311781_1-2">
<gml:timePosition>2024-06-07</gml:timePosition>
</devDate>
<orgGILvl>25000</orgGILvl>
<vis>表示</vis>
<pos>
<gml:Point gml:id="K2_4674311781_1-g" srsName="fguuid:jgd2011.bl">
<gml:pos>32.729498333 129.845975556</gml:pos>
</gml:Point>
</pos>
<type>標高点（測点）</type>
<alti>139</alti>
</ElevPt>
<ElevPt gml:id="K2_4674311784_1">
<fid>46743-11784-i-1649</fid>
<lfSpanFr gml:id="K2_4674311784_1-1">
<gml:timePosition>2023-02-21</gml:timePosition>
</lfSpanFr>
<devDate gml:id="K2_4674311784_1-2">
<gml:timePosition>2024-06-07</gml:timePosition>
</devDate>
<orgGILvl>25000</orgGILvl>
<vis>表示</vis>
<pos>
<gml:Point gml:id="K2_4674311784_1-g" srsName="fguuid:jgd2011.bl">
<gml:pos>32.740256111 129.842437778</gml:pos>
</gml:Point>
</pos>
<type>標高点（測点）</type>
<alti>229</alti>
</ElevPt>
<ElevPt gml:id="K2_4674311787_1">
<fid>46743-11787-i-1382</fid>
<lfSpanFr gml:id="K2_4674311787_1-1">
<gml:timePosition>2023-02-21</gml:timePosition>
</lfSpanFr>
<devDate gml:id="K2_4674311787_1-2">
<gml:timePosition>2024-06-07</gml:timePosition>
</devDate>
<orgGILvl>25000</orgGILvl>
<vis>表示</vis>
<pos>
<gml:Point gml:id="K2_4674311787_1-g" srsName="fguuid:jgd2011.bl">
<gml:pos>32.747318889 129.843814722</gml:pos>
</gml:Point>
</pos>
<type>標高点（測点）</type>
<alti>247</alti>
</ElevPt>
<ElevPt gml:id="K2_4674611763_1">
<fid>46746-11763-i-26</fid>
<lfSpanFr gml:id="K2_4674611763_1-1">
<gml:timePosition>2023-02-21</gml:timePosition>
</lfSpanFr>
<devDate gml:id="K2_4674611763_1-2">
<gml:timePosition>2024-06-07</gml:timePosition>
</devDate>
<orgGILvl>25000</orgGILvl>
<vis>表示</vis>
<pos>
<gml:Point gml:id="K2_4674611763_1-g" srsName="fguuid:jgd2011.bl">
<gml:pos>32.680652222 129.855232778</gml:pos>
</gml:Point>
</pos>
<type>標高点（測点）</type>
<alti>282</alti>
</ElevPt>
<ElevPt gml:id="K2_4674611766_1">
<fid>46746-11766-i-94</fid>
<lfSpanFr gml:id="K2_4674611766_1-1">
<gml:timePosition>2023-02-21</gml:timePosition>
</lfSpanFr>
<devDate gml:id="K2_4674611766_1-2">
<gml:timePosition>2024-06-07</gml:timePosition>
</devDate>
<orgGILvl>25000</orgGILvl>
<vis>表示</vis>
<pos>
<gml:Point gml:id="K2_4674611766_1-g" srsName="fguuid:jgd2011.bl">
<gml:pos>32.686929167 129.856072778</gml:pos>
</gml:Point>
</pos>
<type>標高点（測点）</type>
<alti>235</alti>
</ElevPt>
<ElevPt gml:id="K2_4674611772_1">
<fid>46746-11772-i-5180</fid>
<lfSpanFr gml:id="K2_4674611772_1-1">
<gml:timePosition>2023-02-21</gml:timePosition>
</lfSpanFr>
<devDate gml:id="K2_4674611772_1-2">
<gml:timePosition>2024-06-07</gml:timePosition>
</devDate>
<orgGILvl>25000</orgGILvl>
<vis>表示</vis>
<pos>
<gml:Point gml:id="K2_4674611772_1-g" srsName="fguuid:jgd2011.bl">
<gml:pos>32.702012486 129.852578034</gml:pos>
</gml:Point>
</pos>
<type>標高点（測点）</type>
<alti>61</alti>
</ElevPt>
<ElevPt gml:id="K2_4674611781_1">
<fid>46746-11781-i-503</fid>
<lfSpanFr gml:id="K2_4674611781_1-1">
<gml:timePosition>2023-02-21</gml:timePosition>
</lfSpanFr>
<devDate gml:id="K2_4674611781_1-2">
<gml:timePosition>2024-06-07</gml:timePosition>
</devDate>
<orgGILvl>25000</orgGILvl>
<vis>表示</vis>
<pos>
<gml:Point gml:id="K2_4674611781_1-g" srsName="fguuid:jgd2011.bl">
<gml:pos>32.733126667 129.851268611</gml:pos>
</gml:Point>
</pos>
<type>標高点（測点）</type>
<alti>75</alti>
</ElevPt>
<ElevPt gml:id="K2_4674611787_1">
<fid>46746-11787-i-3927</fid>
<lfSpanFr gml:id="K2_4674611787_1-1">
<gml:timePosition>2023-02-21</gml:timePosition>
</lfSpanFr>
<devDate gml:id="K2_4674611787_1-2">
<gml:timePosition>2024-06-07</gml:timePosition>
</devDate>
<orgGILvl>25000</orgGILvl>
<vis>表示</vis>
<pos>
<gml:Point gml:id="K2_4674611787_1-g" srsName="fguuid:jgd2011.bl">
<gml:pos>32.746829722 129.852309444</gml:pos>
</gml:Point>
</pos>
<type>標高点（測点）</type>
<alti>131</alti>
</ElevPt>
<ElevPt gml:id="K2_4674911763_1">
<fid>46749-11763-i-322</fid>
<lfSpanFr gml:id="K2_4674911763_1-1">
<gml:timePosition>2023-02-21</gml:timePosition>
</lfSpanFr>
<devDate gml:id="K2_4674911763_1-2">
<gml:timePosition>2024-06-07</gml:timePosition>
</devDate>
<orgGILvl>25000</orgGILvl>
<vis>表示</vis>
<pos>
<gml:Point gml:id="K2_4674911763_1-g" srsName="fguuid:jgd2011.bl">
<gml:pos>32.677004444 129.865403333</gml:pos>
</gml:Point>
</pos>
<type>標高点（測点）</type>
<alti>548</alti>
</ElevPt>
<ElevPt gml:id="K2_4674911763_2">
<fid>46749-11763-i-323</fid>
<lfSpanFr gml:id="K2_4674911763_2-1">
<gml:timePosition>2023-02-21</gml:timePosition>
</lfSpanFr>
<devDate gml:id="K2_4674911763_2-2">
<gml:timePosition>2024-06-07</gml:timePosition>
</devDate>
<orgGILvl>25000</orgGILvl>
<vis>表示</vis>
<pos>
<gml:Point gml:id="K2_4674911763_2-g" srsName="fguuid:jgd2011.bl">
<gml:pos>32.681177222 129.860960000</gml:pos>
</gml:Point>
</pos>
<type>標高点（測点）</type>
<alti>462</alti>
</ElevPt>
<ElevPt gml:id="K2_4674911766_1">
<fid>46749-11766-i-135</fid>
<lfSpanFr gml:id="K2_4674911766_1-1">
<gml:timePosition>2023-02-21</gml:timePosition>
</lfSpanFr>
<devDate gml:id="K2_4674911766_1-2">
<gml:timePosition>2024-06-07</gml:timePosition>
</devDate>
<orgGILvl>25000</orgGILvl>
<vis>表示</vis>
<pos>
<gml:Point gml:id="K2_4674911766_1-g" srsName="fguuid:jgd2011.bl">
<gml:pos>32.684536944 129.864791944</gml:pos>
</gml:Point>
</pos>
<type>標高点（測点）</type>
<alti>468</alti>
</ElevPt>
<ElevPt gml:id="K2_4674911769_1">
<fid>46749-11769-i-528</fid>
<lfSpanFr gml:id="K2_4674911769_1-1">
<gml:timePosition>2023-02-21</gml:timePosition>
</lfSpanFr>
<devDate gml:id="K2_4674911769_1-2">
<gml:timePosition>2024-06-07</gml:timePosition>
</devDate>
<orgGILvl>25000</orgGILvl>
<vis>表示</vis>
<pos>
<gml:Point gml:id="K2_4674911769_1-g" srsName="fguuid:jgd2011.bl">
<gml:pos>32.694845256 129.866159290</gml:pos>
</gml:Point>
</pos>
<type>標高点（測点）</type>
<alti>127</alti>
</ElevPt>
<ElevPt gml:id="K2_4674911772_1">
<fid>46749-11772-i-6013</fid>
<lfSpanFr gml:id="K2_4674911772_1-1">
<gml:timePosition>2023-02-21</gml:timePosition>
</lfSpanFr>
<devDate gml:id="K2_4674911772_1-2">
<gml:timePosition>2024-06-07</gml:timePosition>
</devDate>
<orgGILvl>25000</orgGILvl>
<vis>表示</vis>
<pos>
<gml:Point gml:id="K2_4674911772_1-g" srsName="fguuid:jgd2011.bl">
<gml:pos>32.704582396 129.858428381</gml:pos>
</gml:Point>
</pos>
<type>標高点（測点）</type>
<alti>92</alti>
</ElevPt>
<ElevPt gml:id="K2_4674911775_1">
<fid>46749-11775-i-5406</fid>
<lfSpanFr gml:id="K2_4674911775_1-1">
<gml:timePosition>2023-02-21</gml:timePosition>
</lfSpanFr>
<devDate gml:id="K2_4674911775_1-2">
<gml:timePosition>2024-06-07</gml:timePosition>
</devDate>
<orgGILvl>25000</orgGILvl>
<vis>表示</vis>
<pos>
<gml:Point gml:id="K2_4674911775_1-g" srsName="fguuid:jgd2011.bl">
<gml:pos>32.710709260 129.864243904</gml:pos>
</gml:Point>
</pos>
<type>標高点（測点）</type>
<alti>42</alti>
</ElevPt>
<ElevPt gml:id="K2_4674911778_1">
<fid>46749-11778-i-5113</fid>
<lfSpanFr gml:id="K2_4674911778_1-1">
<gml:timePosition>2023-02-21</gml:timePosition>
</lfSpanFr>
<devDate gml:id="K2_4674911778_1-2">
<gml:timePosition>2024-06-07</gml:timePosition>
</devDate>
<orgGILvl>25000</orgGILvl>
<vis>表示</vis>
<pos>
<gml:Point gml:id="K2_4674911778_1-g" srsName="fguuid:jgd2011.bl">
<gml:pos>32.717505833 129.863507500</gml:pos>
</gml:Point>
</pos>
<type>標高点（測点）</type>
<alti>120</alti>
</ElevPt>
<ElevPt gml:id="K2_4675211772_1">
<fid>46752-11772-i-620</fid>
<lfSpanFr gml:id="K2_4675211772_1-1">
<gml:timePosition>2023-02-21</gml:timePosition>
</lfSpanFr>
<devDate gml:id="K2_4675211772_1-2">
<gml:timePosition>2024-06-07</gml:timePosition>
</devDate>
<orgGILvl>25000</orgGILvl>
<vis>表示</vis>
<pos>
<gml:Point gml:id="K2_4675211772_1-g" srsName="fguuid:jgd2011.bl">
<gml:pos>32.702490803 129.868458481</gml:pos>
</gml:Point>
</pos>
<type>標高点（測点）</type>
<alti>121</alti>
</ElevPt>
<ElevPt gml:id="K2_4675211787_1">
<fid>46752-11787-i-2186</fid>
<lfSpanFr gml:id="K2_4675211787_1-1">
<gml:timePosition>2023-02-21</gml:timePosition>
</lfSpanFr>
<devDate gml:id="K2_4675211787_1-2">
<gml:timePosition>2024-06-07</gml:timePosition>
</devDate>
<orgGILvl>25000</orgGILvl>
<vis>表示</vis>
<pos>
<gml:Point gml:id="K2_4675211787_1-g" srsName="fguuid:jgd2011.bl">
<gml:pos>32.746851917 129.869047917</gml:pos>
</gml:Point>
</pos>
<type>標高点（測点）</type>
<alti>3</alti>
</ElevPt>
</Dataset>
