<?xml version="1.0" encoding="utf-8"?>
<Dataset xsi:schemaLocation="http://fgd.gsi.go.jp/spec/2008/FGD_GMLSchema FGD_GMLSchema.xsd"
	xmlns:gml="http://www.opengis.net/gml/3.2"
	xmlns:xsi="http://www.w3.org/2001/XMLSchema-instance"
	xmlns:xlink="http://www.w3.org/1999/xlink"
	xmlns="http://fgd.gsi.go.jp/spec/2008/FGD_GMLSchema"
	gml:id="Dataset1">
  <gml:description>基盤地図情報メタデータ ID=fmdid:24-0701</gml:description>
  <gml:name>基盤地図情報ダウンロードデータ（GML版）</gml:name>
<RailCL gml:id="K21_4672811769_1">
<fid>46728-11769-s-3216</fid>
<lfSpanFr gml:id="K21_4672811769_1-1">
<gml:timePosition>2023-02-21</gml:timePosition>
</lfSpanFr>
<devDate gml:id="K21_4672811769_1-2">
<gml:timePosition>2024-06-07</gml:timePosition>
</devDate>
<orgGILvl>2500</orgGILvl>
<vis>表示</vis>
<loc>
<gml:Curve gml:id="K21_4672811769_1-g" srsName="fguuid:jgd2011.bl">
<gml:segments>
<gml:LineStringSegment>
<gml:posList>
32.692111494 129.807035756
32.692184964 129.807194314
</gml:posList>
</gml:LineStringSegment>
</gml:segments>
</gml:Curve>
</loc>
<type>索道</type>
</RailCL>
<RailCL gml:id="K21_4674611775_1">
<fid>46746-11775-s-4402</fid>
<lfSpanFr gml:id="K21_4674611775_1-1">
<gml:timePosition>2023-02-21</gml:timePosition>
</lfSpanFr>
<devDate gml:id="K21_4674611775_1-2">
<gml:timePosition>2024-06-07</gml:timePosition>
</devDate>
<orgGILvl>2500</orgGILvl>
<vis>表示</vis>
<loc>
<gml:Curve gml:id="K21_4674611775_1-g" srsName="fguuid:jgd2011.bl">
<gml:segments>
<gml:LineStringSegment>
<gml:posList>
32.716617528 129.850613167
32.716644944 129.850416556
</gml:posList>
</gml:LineStringSegment>
</gml:segments>
</gml:Curve>
</loc>
<type>索道</type>
</RailCL>
<RailCL gml:id="K21_4674611775_2">
<fid>46746-11775-s-4403</fid>
<lfSpanFr gml:id="K21_4674611775_2-1">
<gml:timePosition>2023-02-21</gml:timePosition>
</lfSpanFr>
<devDate gml:id="K21_4674611775_2-2">
<gml:timePosition>2024-06-07</gml:timePosition>
</devDate>
<orgGILvl>2500</orgGILvl>
<vis>表示</vis>
<loc>
<gml:Curve gml:id="K21_4674611775_2-g" srsName="fguuid:jgd2011.bl">
<gml:segments>
<gml:LineStringSegment>
<gml:posList>
32.716601167 129.850823556
32.716618222 129.850704139
</gml:posList>
</gml:LineStringSegment>
</gml:segments>
</gml:Curve>
</loc>
<type>索道</type>
</RailCL>
<RailCL gml:id="K21_4674611775_3">
<fid>46746-11775-s-4404</fid>
<lfSpanFr gml:id="K21_4674611775_3-1">
<gml:timePosition>2023-02-21</gml:timePosition>
</lfSpanFr>
<devDate gml:id="K21_4674611775_3-2">
<gml:timePosition>2024-06-07</gml:timePosition>
</devDate>
<orgGILvl>2500</orgGILvl>
<vis>表示</vis>
<loc>
<gml:Curve gml:id="K21_4674611775_3-g" srsName="fguuid:jgd2011.bl">
<gml:segments>
<gml:LineStringSegment>
<gml:posList>
32.716618222 129.850704139
32.716666667 129.850717056
</gml:posList>
</gml:LineStringSegment>
</gml:segments>
</gml:Curve>
</loc>
<type>索道</type>
</RailCL>
<RailCL gml:id="K21_4674611775_4">
<fid>46746-11775-s-4405</fid>
<lfSpanFr gml:id="K21_4674611775_4-1">
<gml:timePosition>2023-02-21</gml:timePosition>
</lfSpanFr>
<devDate gml:id="K21_4674611775_4-2">
<gml:timePosition>2024-06-07</gml:timePosition>
</devDate>
<orgGILvl>2500</orgGILvl>
<vis>表示</vis>
<loc>
<gml:Curve gml:id="K21_4674611775_4-g" srsName="fguuid:jgd2011.bl">
<gml:segments>
<gml:LineStringSegment>
<gml:posList>
32.716618222 129.850704139
32.716619778 129.850693389
</gml:posList>
</gml:LineStringSegment>
</gml:segments>
</gml:Curve>
</loc>
<type>索道</type>
</RailCL>
<RailCL gml:id="K21_4674611775_5">
<fid>46746-11775-s-4406</fid>
<lfSpanFr gml:id="K21_4674611775_5-1">
<gml:timePosition>2023-02-21</gml:timePosition>
</lfSpanFr>
<devDate gml:id="K21_4674611775_5-2">
<gml:timePosition>2024-06-07</gml:timePosition>
</devDate>
<orgGILvl>2500</orgGILvl>
<vis>表示</vis>
<loc>
<gml:Curve gml:id="K21_4674611775_5-g" srsName="fguuid:jgd2011.bl">
<gml:segments>
<gml:LineStringSegment>
<gml:posList>
32.716666667 129.850824306
32.716619139 129.850847861
</gml:posList>
</gml:LineStringSegment>
</gml:segments>
</gml:Curve>
</loc>
<type>索道</type>
</RailCL>
<RailCL gml:id="K21_4674611775_6">
<fid>46746-11775-s-4407</fid>
<lfSpanFr gml:id="K21_4674611775_6-1">
<gml:timePosition>2023-02-21</gml:timePosition>
</lfSpanFr>
<devDate gml:id="K21_4674611775_6-2">
<gml:timePosition>2024-06-07</gml:timePosition>
</devDate>
<orgGILvl>2500</orgGILvl>
<vis>表示</vis>
<loc>
<gml:Curve gml:id="K21_4674611775_6-g" srsName="fguuid:jgd2011.bl">
<gml:segments>
<gml:LineStringSegment>
<gml:posList>
32.716619778 129.850693389
32.716666667 129.850700028
</gml:posList>
</gml:LineStringSegment>
</gml:segments>
</gml:Curve>
</loc>
<type>索道</type>
</RailCL>
<RailCL gml:id="K21_4674611775_7">
<fid>46746-11775-s-4408</fid>
<lfSpanFr gml:id="K21_4674611775_7-1">
<gml:timePosition>2023-02-21</gml:timePosition>
</lfSpanFr>
<devDate gml:id="K21_4674611775_7-2">
<gml:timePosition>2024-06-07</gml:timePosition>
</devDate>
<orgGILvl>2500</orgGILvl>
<vis>表示</vis>
<loc>
<gml:Curve gml:id="K21_4674611775_7-g" srsName="fguuid:jgd2011.bl">
<gml:segments>
<gml:LineStringSegment>
<gml:posList>
32.716619778 129.850693389
32.716624250 129.850662056
</gml:posList>
</gml:LineStringSegment>
</gml:segments>
</gml:Curve>
</loc>
<type>索道</type>
</RailCL>
<RailCL gml:id="K21_4674611775_8">
<fid>46746-11775-s-4409</fid>
<lfSpanFr gml:id="K21_4674611775_8-1">
<gml:timePosition>2023-02-21</gml:timePosition>
</lfSpanFr>
<devDate gml:id="K21_4674611775_8-2">
<gml:timePosition>2024-06-07</gml:timePosition>
</devDate>
<orgGILvl>2500</orgGILvl>
<vis>表示</vis>
<loc>
<gml:Curve gml:id="K21_4674611775_8-g" srsName="fguuid:jgd2011.bl">
<gml:segments>
<gml:LineStringSegment>
<gml:posList>
32.716557721 129.850684613
32.716619778 129.850693389
</gml:posList>
</gml:LineStringSegment>
</gml:segments>
</gml:Curve>
</loc>
<type>索道</type>
</RailCL>
<RailCL gml:id="K21_4674611775_9">
<fid>46746-11775-s-4419</fid>
<lfSpanFr gml:id="K21_4674611775_9-1">
<gml:timePosition>2023-02-21</gml:timePosition>
</lfSpanFr>
<devDate gml:id="K21_4674611775_9-2">
<gml:timePosition>2024-06-07</gml:timePosition>
</devDate>
<orgGILvl>2500</orgGILvl>
<vis>表示</vis>
<loc>
<gml:Curve gml:id="K21_4674611775_9-g" srsName="fguuid:jgd2011.bl">
<gml:segments>
<gml:LineStringSegment>
<gml:posList>
32.716471234 129.850844159
32.716490546 129.850674055
</gml:posList>
</gml:LineStringSegment>
</gml:segments>
</gml:Curve>
</loc>
<type>索道</type>
</RailCL>
<RailCL gml:id="K21_4674611775_10">
<fid>46746-11775-s-4420</fid>
<lfSpanFr gml:id="K21_4674611775_10-1">
<gml:timePosition>2023-02-21</gml:timePosition>
</lfSpanFr>
<devDate gml:id="K21_4674611775_10-2">
<gml:timePosition>2024-06-07</gml:timePosition>
</devDate>
<orgGILvl>2500</orgGILvl>
<vis>表示</vis>
<loc>
<gml:Curve gml:id="K21_4674611775_10-g" srsName="fguuid:jgd2011.bl">
<gml:segments>
<gml:LineStringSegment>
<gml:posList>
32.716573168 129.850517224
32.716532816 129.850864092
</gml:posList>
</gml:LineStringSegment>
</gml:segments>
</gml:Curve>
</loc>
<type>索道</type>
</RailCL>
<RailCL gml:id="K21_4674611775_11">
<fid>46746-11775-s-4421</fid>
<lfSpanFr gml:id="K21_4674611775_11-1">
<gml:timePosition>2023-02-21</gml:timePosition>
</lfSpanFr>
<devDate gml:id="K21_4674611775_11-2">
<gml:timePosition>2024-06-07</gml:timePosition>
</devDate>
<orgGILvl>2500</orgGILvl>
<vis>表示</vis>
<loc>
<gml:Curve gml:id="K21_4674611775_11-g" srsName="fguuid:jgd2011.bl">
<gml:segments>
<gml:LineStringSegment>
<gml:posList>
32.716490546 129.850674055
32.716557721 129.850684613
</gml:posList>
</gml:LineStringSegment>
</gml:segments>
</gml:Curve>
</loc>
<type>索道</type>
</RailCL>
<RailCL gml:id="K21_4674611775_12">
<fid>46746-11775-s-4422</fid>
<lfSpanFr gml:id="K21_4674611775_12-1">
<gml:timePosition>2023-02-21</gml:timePosition>
</lfSpanFr>
<devDate gml:id="K21_4674611775_12-2">
<gml:timePosition>2024-06-07</gml:timePosition>
</devDate>
<orgGILvl>2500</orgGILvl>
<vis>表示</vis>
<loc>
<gml:Curve gml:id="K21_4674611775_12-g" srsName="fguuid:jgd2011.bl">
<gml:segments>
<gml:LineStringSegment>
<gml:posList>
32.716192527 129.851219759
32.716125624 129.851331655
</gml:posList>
</gml:LineStringSegment>
</gml:segments>
</gml:Curve>
</loc>
<type>索道</type>
</RailCL>
<RailCL gml:id="K21_4674611775_13">
<fid>46746-11775-s-4423</fid>
<lfSpanFr gml:id="K21_4674611775_13-1">
<gml:timePosition>2023-02-21</gml:timePosition>
</lfSpanFr>
<devDate gml:id="K21_4674611775_13-2">
<gml:timePosition>2024-06-07</gml:timePosition>
</devDate>
<orgGILvl>2500</orgGILvl>
<vis>表示</vis>
<loc>
<gml:Curve gml:id="K21_4674611775_13-g" srsName="fguuid:jgd2011.bl">
<gml:segments>
<gml:LineStringSegment>
<gml:posList>
32.716022124 129.851112886
32.716119752 129.851142190
</gml:posList>
</gml:LineStringSegment>
</gml:segments>
</gml:Curve>
</loc>
<type>索道</type>
</RailCL>
<RailCL gml:id="K21_4674611775_14">
<fid>46746-11775-s-4424</fid>
<lfSpanFr gml:id="K21_4674611775_14-1">
<gml:timePosition>2023-02-21</gml:timePosition>
</lfSpanFr>
<devDate gml:id="K21_4674611775_14-2">
<gml:timePosition>2024-06-07</gml:timePosition>
</devDate>
<orgGILvl>2500</orgGILvl>
<vis>表示</vis>
<loc>
<gml:Curve gml:id="K21_4674611775_14-g" srsName="fguuid:jgd2011.bl">
<gml:segments>
<gml:LineStringSegment>
<gml:posList>
32.716119752 129.851142190
32.716087384 129.851319984
</gml:posList>
</gml:LineStringSegment>
</gml:segments>
</gml:Curve>
</loc>
<type>索道</type>
</RailCL>
<RailCL gml:id="K21_4674611775_15">
<fid>46746-11775-s-4425</fid>
<lfSpanFr gml:id="K21_4674611775_15-1">
<gml:timePosition>2023-02-21</gml:timePosition>
</lfSpanFr>
<devDate gml:id="K21_4674611775_15-2">
<gml:timePosition>2024-06-07</gml:timePosition>
</devDate>
<orgGILvl>2500</orgGILvl>
<vis>表示</vis>
<loc>
<gml:Curve gml:id="K21_4674611775_15-g" srsName="fguuid:jgd2011.bl">
<gml:segments>
<gml:LineStringSegment>
<gml:posList>
32.716490546 129.850674055
32.716509696 129.850505381
</gml:posList>
</gml:LineStringSegment>
</gml:segments>
</gml:Curve>
</loc>
<type>索道</type>
</RailCL>
<RailCL gml:id="K21_4674611775_16">
<fid>46746-11775-s-4426</fid>
<lfSpanFr gml:id="K21_4674611775_16-1">
<gml:timePosition>2023-02-21</gml:timePosition>
</lfSpanFr>
<devDate gml:id="K21_4674611775_16-2">
<gml:timePosition>2024-06-07</gml:timePosition>
</devDate>
<orgGILvl>2500</orgGILvl>
<vis>表示</vis>
<loc>
<gml:Curve gml:id="K21_4674611775_16-g" srsName="fguuid:jgd2011.bl">
<gml:segments>
<gml:LineStringSegment>
<gml:posList>
32.716119752 129.851142190
32.716168066 129.851156693
</gml:posList>
</gml:LineStringSegment>
</gml:segments>
</gml:Curve>
</loc>
<type>索道</type>
</RailCL>
<RailCL gml:id="K21_4674611778_1">
<fid>46746-11778-s-6187</fid>
<lfSpanFr gml:id="K21_4674611778_1-1">
<gml:timePosition>2023-02-21</gml:timePosition>
</lfSpanFr>
<devDate gml:id="K21_4674611778_1-2">
<gml:timePosition>2024-06-07</gml:timePosition>
</devDate>
<orgGILvl>2500</orgGILvl>
<vis>表示</vis>
<loc>
<gml:Curve gml:id="K21_4674611778_1-g" srsName="fguuid:jgd2011.bl">
<gml:segments>
<gml:LineStringSegment>
<gml:posList>
32.716666667 129.850717056
32.716807389 129.850754583
</gml:posList>
</gml:LineStringSegment>
</gml:segments>
</gml:Curve>
</loc>
<type>索道</type>
</RailCL>
<RailCL gml:id="K21_4674611778_2">
<fid>46746-11778-s-6188</fid>
<lfSpanFr gml:id="K21_4674611778_2-1">
<gml:timePosition>2023-02-21</gml:timePosition>
</lfSpanFr>
<devDate gml:id="K21_4674611778_2-2">
<gml:timePosition>2024-06-07</gml:timePosition>
</devDate>
<orgGILvl>2500</orgGILvl>
<vis>表示</vis>
<loc>
<gml:Curve gml:id="K21_4674611778_2-g" srsName="fguuid:jgd2011.bl">
<gml:segments>
<gml:LineStringSegment>
<gml:posList>
32.716807389 129.850754583
32.716666667 129.850824306
</gml:posList>
</gml:LineStringSegment>
</gml:segments>
</gml:Curve>
</loc>
<type>索道</type>
</RailCL>
<RailCL gml:id="K21_4674611778_3">
<fid>46746-11778-s-6189</fid>
<lfSpanFr gml:id="K21_4674611778_3-1">
<gml:timePosition>2023-02-21</gml:timePosition>
</lfSpanFr>
<devDate gml:id="K21_4674611778_3-2">
<gml:timePosition>2024-06-07</gml:timePosition>
</devDate>
<orgGILvl>2500</orgGILvl>
<vis>表示</vis>
<loc>
<gml:Curve gml:id="K21_4674611778_3-g" srsName="fguuid:jgd2011.bl">
<gml:segments>
<gml:LineStringSegment>
<gml:posList>
32.716807389 129.850754583
32.717169389 129.850851083
</gml:posList>
</gml:LineStringSegment>
</gml:segments>
</gml:Curve>
</loc>
<type>索道</type>
</RailCL>
<RailCL gml:id="K21_4674611778_4">
<fid>46746-11778-s-6190</fid>
<lfSpanFr gml:id="K21_4674611778_4-1">
<gml:timePosition>2023-02-21</gml:timePosition>
</lfSpanFr>
<devDate gml:id="K21_4674611778_4-2">
<gml:timePosition>2024-06-07</gml:timePosition>
</devDate>
<orgGILvl>2500</orgGILvl>
<vis>表示</vis>
<loc>
<gml:Curve gml:id="K21_4674611778_4-g" srsName="fguuid:jgd2011.bl">
<gml:segments>
<gml:LineStringSegment>
<gml:posList>
32.716666667 129.850700028
32.716861778 129.850727611
32.716807389 129.850754583
</gml:posList>
</gml:LineStringSegment>
</gml:segments>
</gml:Curve>
</loc>
<type>索道</type>
</RailCL>
<RailCL gml:id="K21_4675211784_1">
<fid>46752-11784-s-14069</fid>
<lfSpanFr gml:id="K21_4675211784_1-1">
<gml:timePosition>2023-02-21</gml:timePosition>
</lfSpanFr>
<devDate gml:id="K21_4675211784_1-2">
<gml:timePosition>2024-06-07</gml:timePosition>
</devDate>
<orgGILvl>2500</orgGILvl>
<vis>表示</vis>
<loc>
<gml:Curve gml:id="K21_4675211784_1-g" srsName="fguuid:jgd2011.bl">
<gml:segments>
<gml:LineStringSegment>
<gml:posList>
32.741666667 129.873981611
32.741481333 129.873825722
32.741356917 129.873718694
32.741331028 129.873692889
32.741306611 129.873660028
32.741284417 129.873627806
32.741230083 129.873523639
32.741089333 129.873210083
32.740964444 129.872937361
32.740941417 129.872889056
32.740915694 129.872838250
32.740896111 129.872805944
32.740866139 129.872760361
32.740838361 129.872725028
32.740805194 129.872687861
32.740778222 129.872663444
32.740734778 129.872629000
32.740697444 129.872599722
32.740571250 129.872519694
32.740239944 129.872303528
32.739925611 129.872101833
32.739766500 129.871994250
32.739713222 129.871955611
32.739650611 129.871908194
32.739562056 129.871841444
32.739516472 129.871802639
32.739409611 129.871707444
32.739357806 129.871661028
32.739284667 129.871601083
32.739202083 129.871531583
32.739143861 129.871487917
32.739039028 129.871413861
32.738765250 129.871234306
32.738220500 129.870883028
32.737951750 129.870710472
32.737745000 129.870576333
32.737668750 129.870528639
32.737629806 129.870500528
32.737606583 129.870479833
32.737577917 129.870449083
32.737565139 129.870434528
32.737556889 129.870424472
32.737543639 129.870406306
</gml:posList>
</gml:LineStringSegment>
</gml:segments>
</gml:Curve>
</loc>
<type>路面の鉄道</type>
</RailCL>
<RailCL gml:id="K21_4675211784_2">
<fid>46752-11784-s-14070</fid>
<lfSpanFr gml:id="K21_4675211784_2-1">
<gml:timePosition>2023-02-21</gml:timePosition>
</lfSpanFr>
<devDate gml:id="K21_4675211784_2-2">
<gml:timePosition>2024-06-07</gml:timePosition>
</devDate>
<orgGILvl>2500</orgGILvl>
<vis>表示</vis>
<loc>
<gml:Curve gml:id="K21_4675211784_2-g" srsName="fguuid:jgd2011.bl">
<gml:segments>
<gml:LineStringSegment>
<gml:posList>
32.741666667 129.873942333
32.741497194 129.873799750
32.741373583 129.873693472
32.741350028 129.873669917
32.741327306 129.873639389
32.741306472 129.873609222
32.741253583 129.873507750
32.741113194 129.873195056
32.741028806 129.873010528
32.740988111 129.872921889
32.740964806 129.872872917
32.740938278 129.872820639
32.740917806 129.872786833
32.740892417 129.872748306
32.740859194 129.872702722
32.740832139 129.872671861
32.740805611 129.872644778
32.740772611 129.872614000
32.740752278 129.872597917
32.740711500 129.872566583
32.740586306 129.872486889
32.740255083 129.872270833
32.739940972 129.872069250
32.739782556 129.871962083
32.739729917 129.871924000
32.739667556 129.871876778
32.739579833 129.871810583
32.739535139 129.871772639
32.739428639 129.871677639
32.739376306 129.871630806
32.739302806 129.871570528
32.739219667 129.871500611
32.739160389 129.871456083
32.739054722 129.871381500
32.738780389 129.871201639
32.738235667 129.870850250
32.737966889 129.870677667
32.737671944 129.870488111
32.737577611 129.870429139
32.737543639 129.870406306
</gml:posList>
</gml:LineStringSegment>
</gml:segments>
</gml:Curve>
</loc>
<type>路面の鉄道</type>
</RailCL>
<RailCL gml:id="K21_4675211784_3">
<fid>46752-11784-s-14071</fid>
<lfSpanFr gml:id="K21_4675211784_3-1">
<gml:timePosition>2023-02-21</gml:timePosition>
</lfSpanFr>
<devDate gml:id="K21_4675211784_3-2">
<gml:timePosition>2024-06-07</gml:timePosition>
</devDate>
<orgGILvl>2500</orgGILvl>
<vis>表示</vis>
<loc>
<gml:Curve gml:id="K21_4675211784_3-g" srsName="fguuid:jgd2011.bl">
<gml:segments>
<gml:LineStringSegment>
<gml:posList>
32.737543639 129.870406306
32.737460167 129.870350222
32.737346639 129.870278917
32.737307222 129.870258583
32.737273889 129.870244583
32.737239000 129.870236333
32.737204222 129.870232028
32.737168861 129.870230806
32.737129889 129.870236194
32.737088306 129.870246167
32.737050472 129.870261139
32.737016583 129.870277972
32.736969889 129.870309806
32.736815944 129.870430167
32.736520556 129.870661000
32.736343667 129.870800472
32.736235833 129.870882500
32.735907111 129.871137111
32.735432111 129.871507528
32.735018667 129.871827611
32.734596278 129.872162056
32.734194833 129.872487083
</gml:posList>
</gml:LineStringSegment>
</gml:segments>
</gml:Curve>
</loc>
<type>路面の鉄道</type>
</RailCL>
<RailCL gml:id="K21_4675211787_1">
<fid>46752-11787-s-7634</fid>
<lfSpanFr gml:id="K21_4675211787_1-1">
<gml:timePosition>2023-02-21</gml:timePosition>
</lfSpanFr>
<devDate gml:id="K21_4675211787_1-2">
<gml:timePosition>2024-06-07</gml:timePosition>
</devDate>
<orgGILvl>2500</orgGILvl>
<vis>表示</vis>
<loc>
<gml:Curve gml:id="K21_4675211787_1-g" srsName="fguuid:jgd2011.bl">
<gml:segments>
<gml:LineStringSegment>
<gml:posList>
32.750000000 129.872247500
32.749579917 129.872243111
32.749472972 129.872242361
32.749368694 129.872248222
32.749245389 129.872262111
32.748774000 129.872330167
32.748264806 129.872405611
32.748182889 129.872415639
32.748096639 129.872424333
32.747964250 129.872432750
32.747813278 129.872439167
32.747626861 129.872439361
32.747494694 129.872428556
32.747360639 129.872414667
32.747226667 129.872400222
32.746993139 129.872362972
32.746288278 129.872244583
32.745981028 129.872188472
32.745885306 129.872170667
32.745807639 129.872150500
32.745768778 129.872139778
32.745694556 129.872119083
32.745370056 129.872005889
32.745183306 129.871942917
32.745086000 129.871912083
32.745007952 129.871894059
</gml:posList>
</gml:LineStringSegment>
</gml:segments>
</gml:Curve>
</loc>
<type>路面の鉄道</type>
</RailCL>
<RailCL gml:id="K21_4675211787_2">
<fid>46752-11787-s-7635</fid>
<lfSpanFr gml:id="K21_4675211787_2-1">
<gml:timePosition>2023-02-21</gml:timePosition>
</lfSpanFr>
<devDate gml:id="K21_4675211787_2-2">
<gml:timePosition>2024-06-07</gml:timePosition>
</devDate>
<orgGILvl>2500</orgGILvl>
<vis>表示</vis>
<loc>
<gml:Curve gml:id="K21_4675211787_2-g" srsName="fguuid:jgd2011.bl">
<gml:segments>
<gml:LineStringSegment>
<gml:posList>
32.744900818 129.871845253
32.744627194 129.871805611
32.744411965 129.871772417
</gml:posList>
</gml:LineStringSegment>
</gml:segments>
</gml:Curve>
</loc>
<type>路面の鉄道</type>
</RailCL>
<RailCL gml:id="K21_4675211787_3">
<fid>46752-11787-s-7636</fid>
<lfSpanFr gml:id="K21_4675211787_3-1">
<gml:timePosition>2023-02-21</gml:timePosition>
</lfSpanFr>
<devDate gml:id="K21_4675211787_3-2">
<gml:timePosition>2024-06-07</gml:timePosition>
</devDate>
<orgGILvl>2500</orgGILvl>
<vis>表示</vis>
<loc>
<gml:Curve gml:id="K21_4675211787_3-g" srsName="fguuid:jgd2011.bl">
<gml:segments>
<gml:LineStringSegment>
<gml:posList>
32.750000000 129.872212806
32.749580194 129.872208444
32.749472361 129.872207667
32.749366639 129.872213639
32.749242250 129.872227639
32.748770417 129.872295667
32.748261472 129.872371250
32.748180194 129.872381056
32.748094667 129.872389750
32.747962917 129.872398056
32.747812722 129.872404500
32.747627861 129.872404667
32.747496944 129.872394000
32.747363250 129.872380111
32.747229917 129.872365778
32.746997111 129.872328639
32.746292611 129.872210361
32.745985528 129.872154222
32.745890722 129.872136556
32.745814139 129.872116694
32.745702139 129.872085611
32.745378167 129.871972639
32.745191139 129.871909556
32.745092667 129.871878306
32.745012472 129.871859722
32.744900818 129.871845253
</gml:posList>
</gml:LineStringSegment>
</gml:segments>
</gml:Curve>
</loc>
<type>路面の鉄道</type>
</RailCL>
<RailCL gml:id="K21_4675211787_4">
<fid>46752-11787-s-7637</fid>
<lfSpanFr gml:id="K21_4675211787_4-1">
<gml:timePosition>2023-02-21</gml:timePosition>
</lfSpanFr>
<devDate gml:id="K21_4675211787_4-2">
<gml:timePosition>2024-06-07</gml:timePosition>
</devDate>
<orgGILvl>2500</orgGILvl>
<vis>表示</vis>
<loc>
<gml:Curve gml:id="K21_4675211787_4-g" srsName="fguuid:jgd2011.bl">
<gml:segments>
<gml:LineStringSegment>
<gml:posList>
32.744411965 129.871772417
32.744300722 129.871754417
32.744118472 129.871725167
32.744074667 129.871718056
32.744019667 129.871718583
32.743943444 129.871718361
32.743877972 129.871723111
32.743817611 129.871731083
32.743772667 129.871741667
32.743724000 129.871760472
32.743672889 129.871787472
32.743631694 129.871816000
32.743596333 129.871843917
32.743565389 129.871879111
32.743532722 129.871919944
32.743493028 129.871986583
32.743214083 129.872533889
32.742771278 129.873393694
32.742432938 129.874054300
</gml:posList>
</gml:LineStringSegment>
</gml:segments>
</gml:Curve>
</loc>
<type>路面の鉄道</type>
</RailCL>
<RailCL gml:id="K21_4675211787_5">
<fid>46752-11787-s-7638</fid>
<lfSpanFr gml:id="K21_4675211787_5-1">
<gml:timePosition>2023-02-21</gml:timePosition>
</lfSpanFr>
<devDate gml:id="K21_4675211787_5-2">
<gml:timePosition>2024-06-07</gml:timePosition>
</devDate>
<orgGILvl>2500</orgGILvl>
<vis>表示</vis>
<loc>
<gml:Curve gml:id="K21_4675211787_5-g" srsName="fguuid:jgd2011.bl">
<gml:segments>
<gml:LineStringSegment>
<gml:posList>
32.744297116 129.871786212
32.744114861 129.871756861
32.744072944 129.871750056
32.744019750 129.871750583
32.743944250 129.871750389
32.743880306 129.871755028
32.743821750 129.871762778
32.743779611 129.871772750
32.743733750 129.871790389
32.743685250 129.871815889
32.743646111 129.871843167
32.743613389 129.871868944
32.743584639 129.871901694
32.743553750 129.871940306
32.743515694 129.872004056
32.743237222 129.872550528
32.742794417 129.873410222
32.742432753 129.874116402
</gml:posList>
</gml:LineStringSegment>
</gml:segments>
</gml:Curve>
</loc>
<type>路面の鉄道</type>
</RailCL>
<RailCL gml:id="K21_4675211787_6">
<fid>46752-11787-s-7643</fid>
<lfSpanFr gml:id="K21_4675211787_6-1">
<gml:timePosition>2023-02-21</gml:timePosition>
</lfSpanFr>
<devDate gml:id="K21_4675211787_6-2">
<gml:timePosition>2024-06-07</gml:timePosition>
</devDate>
<orgGILvl>2500</orgGILvl>
<vis>表示</vis>
<loc>
<gml:Curve gml:id="K21_4675211787_6-g" srsName="fguuid:jgd2011.bl">
<gml:segments>
<gml:LineStringSegment>
<gml:posList>
32.742431367 129.874580462
32.742645012 129.874759320
</gml:posList>
</gml:LineStringSegment>
</gml:segments>
</gml:Curve>
</loc>
<type>路面の鉄道</type>
</RailCL>
<RailCL gml:id="K21_4675211787_7">
<fid>46752-11787-s-7644</fid>
<lfSpanFr gml:id="K21_4675211787_7-1">
<gml:timePosition>2023-02-21</gml:timePosition>
</lfSpanFr>
<devDate gml:id="K21_4675211787_7-2">
<gml:timePosition>2024-06-07</gml:timePosition>
</devDate>
<orgGILvl>2500</orgGILvl>
<vis>表示</vis>
<loc>
<gml:Curve gml:id="K21_4675211787_7-g" srsName="fguuid:jgd2011.bl">
<gml:segments>
<gml:LineStringSegment>
<gml:posList>
32.742431250 129.874619623
32.742630825 129.874785777
</gml:posList>
</gml:LineStringSegment>
</gml:segments>
</gml:Curve>
</loc>
<type>路面の鉄道</type>
</RailCL>
<RailCL gml:id="K21_4675211787_8">
<fid>46752-11787-s-7645</fid>
<lfSpanFr gml:id="K21_4675211787_8-1">
<gml:timePosition>2023-02-21</gml:timePosition>
</lfSpanFr>
<devDate gml:id="K21_4675211787_8-2">
<gml:timePosition>2024-06-07</gml:timePosition>
</devDate>
<orgGILvl>2500</orgGILvl>
<vis>表示</vis>
<loc>
<gml:Curve gml:id="K21_4675211787_8-g" srsName="fguuid:jgd2011.bl">
<gml:segments>
<gml:LineStringSegment>
<gml:posList>
32.742432753 129.874116402
32.742368494 129.874233041
32.742351946 129.874269209
32.742342789 129.874294663
32.742337049 129.874317453
32.742333569 129.874344286
32.742332345 129.874373806
32.742335079 129.874409383
32.742338586 129.874431027
32.742342100 129.874446930
32.742347386 129.874464452
32.742362604 129.874496058
32.742375109 129.874515232
32.742405651 129.874559099
</gml:posList>
</gml:LineStringSegment>
</gml:segments>
</gml:Curve>
</loc>
<type>路面の鉄道</type>
</RailCL>
<RailCL gml:id="K21_4675211787_9">
<fid>46752-11787-s-7646</fid>
<lfSpanFr gml:id="K21_4675211787_9-1">
<gml:timePosition>2023-02-21</gml:timePosition>
</lfSpanFr>
<devDate gml:id="K21_4675211787_9-2">
<gml:timePosition>2024-06-07</gml:timePosition>
</devDate>
<orgGILvl>2500</orgGILvl>
<vis>表示</vis>
<loc>
<gml:Curve gml:id="K21_4675211787_9-g" srsName="fguuid:jgd2011.bl">
<gml:segments>
<gml:LineStringSegment>
<gml:posList>
32.742432938 129.874054300
32.742335991 129.874230792
32.742324448 129.874255084
32.742315293 129.874273762
32.742307316 129.874296670
32.742301692 129.874322854
32.742299246 129.874347653
32.742297969 129.874370354
32.742299069 129.874400781
32.742301092 129.874418012
32.742303510 129.874432566
32.742307448 129.874448737
32.742312770 129.874466270
32.742319782 129.874485592
32.742321294 129.874489004
</gml:posList>
</gml:LineStringSegment>
</gml:segments>
</gml:Curve>
</loc>
<type>路面の鉄道</type>
</RailCL>
<RailCL gml:id="K21_4675211787_10">
<fid>46752-11787-s-7647</fid>
<lfSpanFr gml:id="K21_4675211787_10-1">
<gml:timePosition>2023-02-21</gml:timePosition>
</lfSpanFr>
<devDate gml:id="K21_4675211787_10-2">
<gml:timePosition>2024-06-07</gml:timePosition>
</devDate>
<orgGILvl>2500</orgGILvl>
<vis>表示</vis>
<loc>
<gml:Curve gml:id="K21_4675211787_10-g" srsName="fguuid:jgd2011.bl">
<gml:segments>
<gml:LineStringSegment>
<gml:posList>
32.745007952 129.871894059
32.744862822 129.871874142
32.744791658 129.871863176
32.744623685 129.871837295
32.744437974 129.871808246
32.744297116 129.871786212
</gml:posList>
</gml:LineStringSegment>
</gml:segments>
</gml:Curve>
</loc>
<type>路面の鉄道</type>
</RailCL>
<RailCL gml:id="K21_4675211787_11">
<fid>46752-11787-s-7648</fid>
<lfSpanFr gml:id="K21_4675211787_11-1">
<gml:timePosition>2023-02-21</gml:timePosition>
</lfSpanFr>
<devDate gml:id="K21_4675211787_11-2">
<gml:timePosition>2024-06-07</gml:timePosition>
</devDate>
<orgGILvl>2500</orgGILvl>
<vis>表示</vis>
<loc>
<gml:Curve gml:id="K21_4675211787_11-g" srsName="fguuid:jgd2011.bl">
<gml:segments>
<gml:LineStringSegment>
<gml:posList>
32.742390050 129.874585411
32.741966361 129.874233111
32.741666667 129.873981611
</gml:posList>
</gml:LineStringSegment>
</gml:segments>
</gml:Curve>
</loc>
<type>路面の鉄道</type>
</RailCL>
<RailCL gml:id="K21_4675211787_12">
<fid>46752-11787-s-7649</fid>
<lfSpanFr gml:id="K21_4675211787_12-1">
<gml:timePosition>2023-02-21</gml:timePosition>
</lfSpanFr>
<devDate gml:id="K21_4675211787_12-2">
<gml:timePosition>2024-06-07</gml:timePosition>
</devDate>
<orgGILvl>2500</orgGILvl>
<vis>表示</vis>
<loc>
<gml:Curve gml:id="K21_4675211787_12-g" srsName="fguuid:jgd2011.bl">
<gml:segments>
<gml:LineStringSegment>
<gml:posList>
32.742321294 129.874489004
32.741982028 129.874207028
32.741688250 129.873960500
32.741666667 129.873942333
</gml:posList>
</gml:LineStringSegment>
</gml:segments>
</gml:Curve>
</loc>
<type>路面の鉄道</type>
</RailCL>
<RailCL gml:id="K21_4675211787_13">
<fid>46752-11787-s-7650</fid>
<lfSpanFr gml:id="K21_4675211787_13-1">
<gml:timePosition>2023-02-21</gml:timePosition>
</lfSpanFr>
<devDate gml:id="K21_4675211787_13-2">
<gml:timePosition>2024-06-07</gml:timePosition>
</devDate>
<orgGILvl>2500</orgGILvl>
<vis>表示</vis>
<loc>
<gml:Curve gml:id="K21_4675211787_13-g" srsName="fguuid:jgd2011.bl">
<gml:segments>
<gml:LineStringSegment>
<gml:posList>
32.742321294 129.874489004
32.742330433 129.874509624
32.742342239 129.874530268
32.742357610 129.874549998
32.742390050 129.874585411
</gml:posList>
</gml:LineStringSegment>
</gml:segments>
</gml:Curve>
</loc>
<type>路面の鉄道</type>
</RailCL>
<RailCL gml:id="K21_4675211787_14">
<fid>46752-11787-s-7651</fid>
<lfSpanFr gml:id="K21_4675211787_14-1">
<gml:timePosition>2023-02-21</gml:timePosition>
</lfSpanFr>
<devDate gml:id="K21_4675211787_14-2">
<gml:timePosition>2024-06-07</gml:timePosition>
</devDate>
<orgGILvl>2500</orgGILvl>
<vis>表示</vis>
<loc>
<gml:Curve gml:id="K21_4675211787_14-g" srsName="fguuid:jgd2011.bl">
<gml:segments>
<gml:LineStringSegment>
<gml:posList>
32.742645012 129.874759320
32.742779807 129.874872167
</gml:posList>
</gml:LineStringSegment>
</gml:segments>
</gml:Curve>
</loc>
<type>路面の鉄道</type>
</RailCL>
<RailCL gml:id="K21_4675211787_15">
<fid>46752-11787-s-7652</fid>
<lfSpanFr gml:id="K21_4675211787_15-1">
<gml:timePosition>2023-02-21</gml:timePosition>
</lfSpanFr>
<devDate gml:id="K21_4675211787_15-2">
<gml:timePosition>2024-06-07</gml:timePosition>
</devDate>
<orgGILvl>2500</orgGILvl>
<vis>表示</vis>
<loc>
<gml:Curve gml:id="K21_4675211787_15-g" srsName="fguuid:jgd2011.bl">
<gml:segments>
<gml:LineStringSegment>
<gml:posList>
32.742630825 129.874785777
32.742766781 129.874898966
</gml:posList>
</gml:LineStringSegment>
</gml:segments>
</gml:Curve>
</loc>
<type>路面の鉄道</type>
</RailCL>
<RailCL gml:id="K21_4675211787_16">
<fid>46752-11787-s-7653</fid>
<lfSpanFr gml:id="K21_4675211787_16-1">
<gml:timePosition>2023-02-21</gml:timePosition>
</lfSpanFr>
<devDate gml:id="K21_4675211787_16-2">
<gml:timePosition>2024-06-07</gml:timePosition>
</devDate>
<orgGILvl>2500</orgGILvl>
<vis>表示</vis>
<loc>
<gml:Curve gml:id="K21_4675211787_16-g" srsName="fguuid:jgd2011.bl">
<gml:segments>
<gml:LineStringSegment>
<gml:posList>
32.742779807 129.874872167
32.742868204 129.874946170
32.742933540 129.875000000
</gml:posList>
</gml:LineStringSegment>
</gml:segments>
</gml:Curve>
</loc>
<type>路面の鉄道</type>
</RailCL>
<RailCL gml:id="K21_4675211787_17">
<fid>46752-11787-s-7654</fid>
<lfSpanFr gml:id="K21_4675211787_17-1">
<gml:timePosition>2023-02-21</gml:timePosition>
</lfSpanFr>
<devDate gml:id="K21_4675211787_17-2">
<gml:timePosition>2024-06-07</gml:timePosition>
</devDate>
<orgGILvl>2500</orgGILvl>
<vis>表示</vis>
<loc>
<gml:Curve gml:id="K21_4675211787_17-g" srsName="fguuid:jgd2011.bl">
<gml:segments>
<gml:LineStringSegment>
<gml:posList>
32.742766781 129.874898966
32.742850254 129.874968461
32.742887577 129.875000000
</gml:posList>
</gml:LineStringSegment>
</gml:segments>
</gml:Curve>
</loc>
<type>路面の鉄道</type>
</RailCL>
<RailCL gml:id="K21_4675211787_18">
<fid>46752-11787-s-7964</fid>
<lfSpanFr gml:id="K21_4675211787_18-1">
<gml:timePosition>2023-02-21</gml:timePosition>
</lfSpanFr>
<devDate gml:id="K21_4675211787_18-2">
<gml:timePosition>2024-06-07</gml:timePosition>
</devDate>
<orgGILvl>2500</orgGILvl>
<vis>表示</vis>
<loc>
<gml:Curve gml:id="K21_4675211787_18-g" srsName="fguuid:jgd2011.bl">
<gml:segments>
<gml:LineStringSegment>
<gml:posList>
32.742405651 129.874559099
32.742333539 129.874499181
32.742321294 129.874489004
</gml:posList>
</gml:LineStringSegment>
</gml:segments>
</gml:Curve>
</loc>
<type>路面の鉄道</type>
</RailCL>
<RailCL gml:id="K21_4675211787_19">
<fid>46752-11787-s-7965</fid>
<lfSpanFr gml:id="K21_4675211787_19-1">
<gml:timePosition>2023-02-21</gml:timePosition>
</lfSpanFr>
<devDate gml:id="K21_4675211787_19-2">
<gml:timePosition>2024-06-07</gml:timePosition>
</devDate>
<orgGILvl>2500</orgGILvl>
<vis>表示</vis>
<loc>
<gml:Curve gml:id="K21_4675211787_19-g" srsName="fguuid:jgd2011.bl">
<gml:segments>
<gml:LineStringSegment>
<gml:posList>
32.742431367 129.874580462
32.742430639 129.874579861
32.742405651 129.874559099
</gml:posList>
</gml:LineStringSegment>
</gml:segments>
</gml:Curve>
</loc>
<type>路面の鉄道</type>
</RailCL>
<RailCL gml:id="K21_4675211787_20">
<fid>46752-11787-s-7966</fid>
<lfSpanFr gml:id="K21_4675211787_20-1">
<gml:timePosition>2023-02-21</gml:timePosition>
</lfSpanFr>
<devDate gml:id="K21_4675211787_20-2">
<gml:timePosition>2024-06-07</gml:timePosition>
</devDate>
<orgGILvl>2500</orgGILvl>
<vis>表示</vis>
<loc>
<gml:Curve gml:id="K21_4675211787_20-g" srsName="fguuid:jgd2011.bl">
<gml:segments>
<gml:LineStringSegment>
<gml:posList>
32.742431250 129.874619623
32.742401917 129.874595278
32.742390050 129.874585411
</gml:posList>
</gml:LineStringSegment>
</gml:segments>
</gml:Curve>
</loc>
<type>路面の鉄道</type>
</RailCL>
</Dataset>
