<?xml version="1.0" encoding="utf-8"?>
<Dataset xsi:schemaLocation="http://fgd.gsi.go.jp/spec/2008/FGD_GMLSchema FGD_GMLSchema.xsd"
	xmlns:gml="http://www.opengis.net/gml/3.2"
	xmlns:xsi="http://www.w3.org/2001/XMLSchema-instance"
	xmlns:xlink="http://www.w3.org/1999/xlink"
	xmlns="http://fgd.gsi.go.jp/spec/2008/FGD_GMLSchema"
	gml:id="Dataset1">
  <gml:description>基盤地図情報メタデータ ID=fmdid:24-0401</gml:description>
  <gml:name>基盤地図情報ダウンロードデータ（GML版）</gml:name>
<ElevPt gml:id="K2_4639811829_1">
<fid>46398-11829-i-128</fid>
<lfSpanFr gml:id="K2_4639811829_1-1">
<gml:timePosition>2022-03-08</gml:timePosition>
</lfSpanFr>
<devDate gml:id="K2_4639811829_1-2">
<gml:timePosition>2024-03-13</gml:timePosition>
</devDate>
<orgGILvl>25000</orgGILvl>
<vis>表示</vis>
<pos>
<gml:Point gml:id="K2_4639811829_1-g" srsName="fguuid:jgd2011.bl">
<gml:pos>32.860268889 128.883361667</gml:pos>
</gml:Point>
</pos>
<type>標高点（測点）</type>
<alti>163</alti>
</ElevPt>
<ElevPt gml:id="K2_4639811829_2">
<fid>46398-11829-i-129</fid>
<lfSpanFr gml:id="K2_4639811829_2-1">
<gml:timePosition>2022-03-08</gml:timePosition>
</lfSpanFr>
<devDate gml:id="K2_4639811829_2-2">
<gml:timePosition>2024-03-13</gml:timePosition>
</devDate>
<orgGILvl>25000</orgGILvl>
<vis>表示</vis>
<pos>
<gml:Point gml:id="K2_4639811829_2-g" srsName="fguuid:jgd2011.bl">
<gml:pos>32.865417222 128.889731389</gml:pos>
</gml:Point>
</pos>
<type>標高点（測点）</type>
<alti>14</alti>
</ElevPt>
<ElevPt gml:id="K2_4640111832_1">
<fid>46401-11832-i-3</fid>
<lfSpanFr gml:id="K2_4640111832_1-1">
<gml:timePosition>2015-11-17</gml:timePosition>
</lfSpanFr>
<devDate gml:id="K2_4640111832_1-2">
<gml:timePosition>2024-03-13</gml:timePosition>
</devDate>
<orgGILvl>25000</orgGILvl>
<vis>表示</vis>
<pos>
<gml:Point gml:id="K2_4640111832_1-g" srsName="fguuid:jgd2011.bl">
<gml:pos>32.866765278 128.896395556</gml:pos>
</gml:Point>
</pos>
<type>標高点（測点）</type>
<alti>171</alti>
</ElevPt>
<ElevPt gml:id="K2_4640411826_1">
<fid>46404-11826-i-60</fid>
<lfSpanFr gml:id="K2_4640411826_1-1">
<gml:timePosition>2022-03-08</gml:timePosition>
</lfSpanFr>
<devDate gml:id="K2_4640411826_1-2">
<gml:timePosition>2024-03-13</gml:timePosition>
</devDate>
<orgGILvl>25000</orgGILvl>
<vis>表示</vis>
<pos>
<gml:Point gml:id="K2_4640411826_1-g" srsName="fguuid:jgd2011.bl">
<gml:pos>32.852805833 128.905079722</gml:pos>
</gml:Point>
</pos>
<type>標高点（測点）</type>
<alti>131</alti>
</ElevPt>
<ElevPt gml:id="K2_4640411832_1">
<fid>46404-11832-i-99</fid>
<lfSpanFr gml:id="K2_4640411832_1-1">
<gml:timePosition>2022-03-08</gml:timePosition>
</lfSpanFr>
<devDate gml:id="K2_4640411832_1-2">
<gml:timePosition>2024-03-13</gml:timePosition>
</devDate>
<orgGILvl>25000</orgGILvl>
<vis>表示</vis>
<pos>
<gml:Point gml:id="K2_4640411832_1-g" srsName="fguuid:jgd2011.bl">
<gml:pos>32.870016111 128.907297778</gml:pos>
</gml:Point>
</pos>
<type>標高点（測点）</type>
<alti>192</alti>
</ElevPt>
<ElevPt gml:id="K2_4640411835_1">
<fid>46404-11835-i-9</fid>
<lfSpanFr gml:id="K2_4640411835_1-1">
<gml:timePosition>2022-03-08</gml:timePosition>
</lfSpanFr>
<devDate gml:id="K2_4640411835_1-2">
<gml:timePosition>2024-03-13</gml:timePosition>
</devDate>
<orgGILvl>25000</orgGILvl>
<vis>表示</vis>
<pos>
<gml:Point gml:id="K2_4640411835_1-g" srsName="fguuid:jgd2011.bl">
<gml:pos>32.877437500 128.906288889</gml:pos>
</gml:Point>
</pos>
<type>標高点（測点）</type>
<alti>90</alti>
</ElevPt>
<ElevPt gml:id="K2_4640711826_1">
<fid>46407-11826-i-12</fid>
<lfSpanFr gml:id="K2_4640711826_1-1">
<gml:timePosition>2015-11-17</gml:timePosition>
</lfSpanFr>
<devDate gml:id="K2_4640711826_1-2">
<gml:timePosition>2024-03-13</gml:timePosition>
</devDate>
<orgGILvl>25000</orgGILvl>
<vis>表示</vis>
<pos>
<gml:Point gml:id="K2_4640711826_1-g" srsName="fguuid:jgd2011.bl">
<gml:pos>32.851728889 128.914958333</gml:pos>
</gml:Point>
</pos>
<type>標高点（測点）</type>
<alti>184</alti>
</ElevPt>
<ElevPt gml:id="K2_4640711829_1">
<fid>46407-11829-i-29</fid>
<lfSpanFr gml:id="K2_4640711829_1-1">
<gml:timePosition>2022-03-08</gml:timePosition>
</lfSpanFr>
<devDate gml:id="K2_4640711829_1-2">
<gml:timePosition>2024-03-13</gml:timePosition>
</devDate>
<orgGILvl>25000</orgGILvl>
<vis>非表示</vis>
<pos>
<gml:Point gml:id="K2_4640711829_1-g" srsName="fguuid:jgd2011.bl">
<gml:pos>32.858606667 128.911217222</gml:pos>
</gml:Point>
</pos>
<type>標高点（測点）</type>
<alti>139</alti>
</ElevPt>
<ElevPt gml:id="K2_4641011823_1">
<fid>46410-11823-i-113</fid>
<lfSpanFr gml:id="K2_4641011823_1-1">
<gml:timePosition>2022-03-08</gml:timePosition>
</lfSpanFr>
<devDate gml:id="K2_4641011823_1-2">
<gml:timePosition>2024-03-13</gml:timePosition>
</devDate>
<orgGILvl>25000</orgGILvl>
<vis>表示</vis>
<pos>
<gml:Point gml:id="K2_4641011823_1-g" srsName="fguuid:jgd2011.bl">
<gml:pos>32.842807778 128.923905833</gml:pos>
</gml:Point>
</pos>
<type>標高点（測点）</type>
<alti>101</alti>
</ElevPt>
<ElevPt gml:id="K2_4641011826_1">
<fid>46410-11826-i-26</fid>
<lfSpanFr gml:id="K2_4641011826_1-1">
<gml:timePosition>2015-11-17</gml:timePosition>
</lfSpanFr>
<devDate gml:id="K2_4641011826_1-2">
<gml:timePosition>2024-03-13</gml:timePosition>
</devDate>
<orgGILvl>25000</orgGILvl>
<vis>表示</vis>
<pos>
<gml:Point gml:id="K2_4641011826_1-g" srsName="fguuid:jgd2011.bl">
<gml:pos>32.851095556 128.921282222</gml:pos>
</gml:Point>
</pos>
<type>標高点（測点）</type>
<alti>141</alti>
</ElevPt>
<ElevPt gml:id="K2_4641011826_2">
<fid>46410-11826-i-27</fid>
<lfSpanFr gml:id="K2_4641011826_2-1">
<gml:timePosition>2015-11-17</gml:timePosition>
</lfSpanFr>
<devDate gml:id="K2_4641011826_2-2">
<gml:timePosition>2024-03-13</gml:timePosition>
</devDate>
<orgGILvl>25000</orgGILvl>
<vis>表示</vis>
<pos>
<gml:Point gml:id="K2_4641011826_2-g" srsName="fguuid:jgd2011.bl">
<gml:pos>32.856898333 128.920918889</gml:pos>
</gml:Point>
</pos>
<type>標高点（測点）</type>
<alti>124</alti>
</ElevPt>
<ElevPt gml:id="K2_4641011835_1">
<fid>46410-11835-i-19</fid>
<lfSpanFr gml:id="K2_4641011835_1-1">
<gml:timePosition>2022-03-16</gml:timePosition>
</lfSpanFr>
<devDate gml:id="K2_4641011835_1-2">
<gml:timePosition>2024-03-13</gml:timePosition>
</devDate>
<orgGILvl>25000</orgGILvl>
<vis>表示</vis>
<pos>
<gml:Point gml:id="K2_4641011835_1-g" srsName="fguuid:jgd2011.bl">
<gml:pos>32.876521667 128.917998056</gml:pos>
</gml:Point>
</pos>
<type>標高点（測点）</type>
<alti>6</alti>
</ElevPt>
<ElevPt gml:id="K2_4641011841_1">
<fid>46410-11841-i-137</fid>
<lfSpanFr gml:id="K2_4641011841_1-1">
<gml:timePosition>2022-03-16</gml:timePosition>
</lfSpanFr>
<devDate gml:id="K2_4641011841_1-2">
<gml:timePosition>2024-03-13</gml:timePosition>
</devDate>
<orgGILvl>25000</orgGILvl>
<vis>表示</vis>
<pos>
<gml:Point gml:id="K2_4641011841_1-g" srsName="fguuid:jgd2011.bl">
<gml:pos>32.894645000 128.917982778</gml:pos>
</gml:Point>
</pos>
<type>標高点（測点）</type>
<alti>77</alti>
</ElevPt>
<ElevPt gml:id="K2_4641611820_1">
<fid>46416-11820-i-127</fid>
<lfSpanFr gml:id="K2_4641611820_1-1">
<gml:timePosition>2022-03-08</gml:timePosition>
</lfSpanFr>
<devDate gml:id="K2_4641611820_1-2">
<gml:timePosition>2024-03-13</gml:timePosition>
</devDate>
<orgGILvl>25000</orgGILvl>
<vis>表示</vis>
<pos>
<gml:Point gml:id="K2_4641611820_1-g" srsName="fguuid:jgd2011.bl">
<gml:pos>32.839022222 128.939892500</gml:pos>
</gml:Point>
</pos>
<type>標高点（測点）</type>
<alti>136</alti>
</ElevPt>
<ElevPt gml:id="K2_4641611823_1">
<fid>46416-11823-i-157</fid>
<lfSpanFr gml:id="K2_4641611823_1-1">
<gml:timePosition>2022-03-08</gml:timePosition>
</lfSpanFr>
<devDate gml:id="K2_4641611823_1-2">
<gml:timePosition>2024-03-13</gml:timePosition>
</devDate>
<orgGILvl>25000</orgGILvl>
<vis>表示</vis>
<pos>
<gml:Point gml:id="K2_4641611823_1-g" srsName="fguuid:jgd2011.bl">
<gml:pos>32.846036111 128.937630278</gml:pos>
</gml:Point>
</pos>
<type>標高点（測点）</type>
<alti>126</alti>
</ElevPt>
<ElevPt gml:id="K2_4641611826_1">
<fid>46416-11826-i-140</fid>
<lfSpanFr gml:id="K2_4641611826_1-1">
<gml:timePosition>2022-03-08</gml:timePosition>
</lfSpanFr>
<devDate gml:id="K2_4641611826_1-2">
<gml:timePosition>2024-03-13</gml:timePosition>
</devDate>
<orgGILvl>25000</orgGILvl>
<vis>表示</vis>
<pos>
<gml:Point gml:id="K2_4641611826_1-g" srsName="fguuid:jgd2011.bl">
<gml:pos>32.852797222 128.936038333</gml:pos>
</gml:Point>
</pos>
<type>標高点（測点）</type>
<alti>84</alti>
</ElevPt>
<ElevPt gml:id="K2_4641611826_2">
<fid>46416-11826-i-141</fid>
<lfSpanFr gml:id="K2_4641611826_2-1">
<gml:timePosition>2022-03-08</gml:timePosition>
</lfSpanFr>
<devDate gml:id="K2_4641611826_2-2">
<gml:timePosition>2024-03-13</gml:timePosition>
</devDate>
<orgGILvl>25000</orgGILvl>
<vis>表示</vis>
<pos>
<gml:Point gml:id="K2_4641611826_2-g" srsName="fguuid:jgd2011.bl">
<gml:pos>32.856922222 128.933964722</gml:pos>
</gml:Point>
</pos>
<type>標高点（測点）</type>
<alti>66</alti>
</ElevPt>
<ElevPt gml:id="K2_4641611832_1">
<fid>46416-11832-i-13</fid>
<lfSpanFr gml:id="K2_4641611832_1-1">
<gml:timePosition>2015-11-17</gml:timePosition>
</lfSpanFr>
<devDate gml:id="K2_4641611832_1-2">
<gml:timePosition>2024-03-13</gml:timePosition>
</devDate>
<orgGILvl>25000</orgGILvl>
<vis>表示</vis>
<pos>
<gml:Point gml:id="K2_4641611832_1-g" srsName="fguuid:jgd2011.bl">
<gml:pos>32.869640833 128.940758611</gml:pos>
</gml:Point>
</pos>
<type>標高点（測点）</type>
<alti>44</alti>
</ElevPt>
<ElevPt gml:id="K2_4641611847_1">
<fid>46416-11847-i-20</fid>
<lfSpanFr gml:id="K2_4641611847_1-1">
<gml:timePosition>2022-03-16</gml:timePosition>
</lfSpanFr>
<devDate gml:id="K2_4641611847_1-2">
<gml:timePosition>2024-03-13</gml:timePosition>
</devDate>
<orgGILvl>25000</orgGILvl>
<vis>表示</vis>
<pos>
<gml:Point gml:id="K2_4641611847_1-g" srsName="fguuid:jgd2011.bl">
<gml:pos>32.913952222 128.933925000</gml:pos>
</gml:Point>
</pos>
<type>標高点（測点）</type>
<alti>47</alti>
</ElevPt>
<ElevPt gml:id="K2_4641611847_2">
<fid>46416-11847-i-21</fid>
<lfSpanFr gml:id="K2_4641611847_2-1">
<gml:timePosition>2022-03-16</gml:timePosition>
</lfSpanFr>
<devDate gml:id="K2_4641611847_2-2">
<gml:timePosition>2024-03-13</gml:timePosition>
</devDate>
<orgGILvl>25000</orgGILvl>
<vis>表示</vis>
<pos>
<gml:Point gml:id="K2_4641611847_2-g" srsName="fguuid:jgd2011.bl">
<gml:pos>32.910311667 128.939874167</gml:pos>
</gml:Point>
</pos>
<type>標高点（測点）</type>
<alti>62</alti>
</ElevPt>
<ElevPt gml:id="K2_4641911823_1">
<fid>46419-11823-i-177</fid>
<lfSpanFr gml:id="K2_4641911823_1-1">
<gml:timePosition>2022-03-08</gml:timePosition>
</lfSpanFr>
<devDate gml:id="K2_4641911823_1-2">
<gml:timePosition>2024-03-13</gml:timePosition>
</devDate>
<orgGILvl>25000</orgGILvl>
<vis>表示</vis>
<pos>
<gml:Point gml:id="K2_4641911823_1-g" srsName="fguuid:jgd2011.bl">
<gml:pos>32.843167222 128.949353056</gml:pos>
</gml:Point>
</pos>
<type>標高点（測点）</type>
<alti>183</alti>
</ElevPt>
<ElevPt gml:id="K2_4641911826_1">
<fid>46419-11826-i-9</fid>
<lfSpanFr gml:id="K2_4641911826_1-1">
<gml:timePosition>2015-11-17</gml:timePosition>
</lfSpanFr>
<devDate gml:id="K2_4641911826_1-2">
<gml:timePosition>2024-03-13</gml:timePosition>
</devDate>
<orgGILvl>25000</orgGILvl>
<vis>表示</vis>
<pos>
<gml:Point gml:id="K2_4641911826_1-g" srsName="fguuid:jgd2011.bl">
<gml:pos>32.857671389 128.948166389</gml:pos>
</gml:Point>
</pos>
<type>標高点（測点）</type>
<alti>220</alti>
</ElevPt>
<ElevPt gml:id="K2_4641911832_1">
<fid>46419-11832-i-115</fid>
<lfSpanFr gml:id="K2_4641911832_1-1">
<gml:timePosition>2022-03-08</gml:timePosition>
</lfSpanFr>
<devDate gml:id="K2_4641911832_1-2">
<gml:timePosition>2024-03-13</gml:timePosition>
</devDate>
<orgGILvl>25000</orgGILvl>
<vis>表示</vis>
<pos>
<gml:Point gml:id="K2_4641911832_1-g" srsName="fguuid:jgd2011.bl">
<gml:pos>32.870441944 128.948928889</gml:pos>
</gml:Point>
</pos>
<type>標高点（測点）</type>
<alti>110</alti>
</ElevPt>
<ElevPt gml:id="K2_4641911835_1">
<fid>46419-11835-i-76</fid>
<lfSpanFr gml:id="K2_4641911835_1-1">
<gml:timePosition>2015-11-17</gml:timePosition>
</lfSpanFr>
<devDate gml:id="K2_4641911835_1-2">
<gml:timePosition>2024-03-13</gml:timePosition>
</devDate>
<orgGILvl>25000</orgGILvl>
<vis>表示</vis>
<pos>
<gml:Point gml:id="K2_4641911835_1-g" srsName="fguuid:jgd2011.bl">
<gml:pos>32.875322500 128.949936667</gml:pos>
</gml:Point>
</pos>
<type>標高点（測点）</type>
<alti>107</alti>
</ElevPt>
<ElevPt gml:id="K2_4641911841_1">
<fid>46419-11841-i-65</fid>
<lfSpanFr gml:id="K2_4641911841_1-1">
<gml:timePosition>2022-03-16</gml:timePosition>
</lfSpanFr>
<devDate gml:id="K2_4641911841_1-2">
<gml:timePosition>2024-03-13</gml:timePosition>
</devDate>
<orgGILvl>25000</orgGILvl>
<vis>表示</vis>
<pos>
<gml:Point gml:id="K2_4641911841_1-g" srsName="fguuid:jgd2011.bl">
<gml:pos>32.897491389 128.949708056</gml:pos>
</gml:Point>
</pos>
<type>標高点（測点）</type>
<alti>3</alti>
</ElevPt>
<ElevPt gml:id="K2_4641911844_1">
<fid>46419-11844-i-15</fid>
<lfSpanFr gml:id="K2_4641911844_1-1">
<gml:timePosition>2015-11-17</gml:timePosition>
</lfSpanFr>
<devDate gml:id="K2_4641911844_1-2">
<gml:timePosition>2024-03-13</gml:timePosition>
</devDate>
<orgGILvl>25000</orgGILvl>
<vis>表示</vis>
<pos>
<gml:Point gml:id="K2_4641911844_1-g" srsName="fguuid:jgd2011.bl">
<gml:pos>32.906774444 128.947899444</gml:pos>
</gml:Point>
</pos>
<type>標高点（測点）</type>
<alti>45</alti>
</ElevPt>
<ElevPt gml:id="K2_4642211820_1">
<fid>46422-11820-i-144</fid>
<lfSpanFr gml:id="K2_4642211820_1-1">
<gml:timePosition>2022-03-08</gml:timePosition>
</lfSpanFr>
<devDate gml:id="K2_4642211820_1-2">
<gml:timePosition>2024-03-13</gml:timePosition>
</devDate>
<orgGILvl>25000</orgGILvl>
<vis>表示</vis>
<pos>
<gml:Point gml:id="K2_4642211820_1-g" srsName="fguuid:jgd2011.bl">
<gml:pos>32.834566944 128.951201667</gml:pos>
</gml:Point>
</pos>
<type>標高点（測点）</type>
<alti>40</alti>
</ElevPt>
<ElevPt gml:id="K2_4642211829_1">
<fid>46422-11829-i-12</fid>
<lfSpanFr gml:id="K2_4642211829_1-1">
<gml:timePosition>2015-11-17</gml:timePosition>
</lfSpanFr>
<devDate gml:id="K2_4642211829_1-2">
<gml:timePosition>2024-03-13</gml:timePosition>
</devDate>
<orgGILvl>25000</orgGILvl>
<vis>表示</vis>
<pos>
<gml:Point gml:id="K2_4642211829_1-g" srsName="fguuid:jgd2011.bl">
<gml:pos>32.864550556 128.956648056</gml:pos>
</gml:Point>
</pos>
<type>標高点（測点）</type>
<alti>151</alti>
</ElevPt>
<ElevPt gml:id="K2_4642211829_2">
<fid>46422-11829-i-13</fid>
<lfSpanFr gml:id="K2_4642211829_2-1">
<gml:timePosition>2015-11-17</gml:timePosition>
</lfSpanFr>
<devDate gml:id="K2_4642211829_2-2">
<gml:timePosition>2024-03-13</gml:timePosition>
</devDate>
<orgGILvl>25000</orgGILvl>
<vis>表示</vis>
<pos>
<gml:Point gml:id="K2_4642211829_2-g" srsName="fguuid:jgd2011.bl">
<gml:pos>32.861259722 128.952738333</gml:pos>
</gml:Point>
</pos>
<type>標高点（測点）</type>
<alti>221</alti>
</ElevPt>
<ElevPt gml:id="K2_4642211847_1">
<fid>46422-11847-i-352</fid>
<lfSpanFr gml:id="K2_4642211847_1-1">
<gml:timePosition>2022-03-16</gml:timePosition>
</lfSpanFr>
<devDate gml:id="K2_4642211847_1-2">
<gml:timePosition>2024-03-13</gml:timePosition>
</devDate>
<orgGILvl>25000</orgGILvl>
<vis>表示</vis>
<pos>
<gml:Point gml:id="K2_4642211847_1-g" srsName="fguuid:jgd2011.bl">
<gml:pos>32.912635833 128.950056111</gml:pos>
</gml:Point>
</pos>
<type>標高点（測点）</type>
<alti>70</alti>
</ElevPt>
<ElevPt gml:id="K2_4642211847_2">
<fid>46422-11847-i-353</fid>
<lfSpanFr gml:id="K2_4642211847_2-1">
<gml:timePosition>2022-03-16</gml:timePosition>
</lfSpanFr>
<devDate gml:id="K2_4642211847_2-2">
<gml:timePosition>2024-03-13</gml:timePosition>
</devDate>
<orgGILvl>25000</orgGILvl>
<vis>表示</vis>
<pos>
<gml:Point gml:id="K2_4642211847_2-g" srsName="fguuid:jgd2011.bl">
<gml:pos>32.915524167 128.956527222</gml:pos>
</gml:Point>
</pos>
<type>標高点（測点）</type>
<alti>7</alti>
</ElevPt>
<ElevPt gml:id="K2_4642511844_1">
<fid>46425-11844-i-99</fid>
<lfSpanFr gml:id="K2_4642511844_1-1">
<gml:timePosition>2022-03-16</gml:timePosition>
</lfSpanFr>
<devDate gml:id="K2_4642511844_1-2">
<gml:timePosition>2024-03-13</gml:timePosition>
</devDate>
<orgGILvl>25000</orgGILvl>
<vis>表示</vis>
<pos>
<gml:Point gml:id="K2_4642511844_1-g" srsName="fguuid:jgd2011.bl">
<gml:pos>32.907425556 128.959925833</gml:pos>
</gml:Point>
</pos>
<type>標高点（測点）</type>
<alti>81</alti>
</ElevPt>
<ElevPt gml:id="K2_4642811826_1">
<fid>46428-11826-i-12</fid>
<lfSpanFr gml:id="K2_4642811826_1-1">
<gml:timePosition>2022-03-08</gml:timePosition>
</lfSpanFr>
<devDate gml:id="K2_4642811826_1-2">
<gml:timePosition>2024-03-13</gml:timePosition>
</devDate>
<orgGILvl>25000</orgGILvl>
<vis>表示</vis>
<pos>
<gml:Point gml:id="K2_4642811826_1-g" srsName="fguuid:jgd2011.bl">
<gml:pos>32.851103333 128.968726389</gml:pos>
</gml:Point>
</pos>
<type>標高点（測点）</type>
<alti>37</alti>
</ElevPt>
<ElevPt gml:id="K2_4642811838_1">
<fid>46428-11838-i-31</fid>
<lfSpanFr gml:id="K2_4642811838_1-1">
<gml:timePosition>2022-03-16</gml:timePosition>
</lfSpanFr>
<devDate gml:id="K2_4642811838_1-2">
<gml:timePosition>2024-03-13</gml:timePosition>
</devDate>
<orgGILvl>25000</orgGILvl>
<vis>表示</vis>
<pos>
<gml:Point gml:id="K2_4642811838_1-g" srsName="fguuid:jgd2011.bl">
<gml:pos>32.884016944 128.970955833</gml:pos>
</gml:Point>
</pos>
<type>標高点（測点）</type>
<alti>85</alti>
</ElevPt>
<ElevPt gml:id="K2_4642811841_1">
<fid>46428-11841-i-125</fid>
<lfSpanFr gml:id="K2_4642811841_1-1">
<gml:timePosition>2022-03-16</gml:timePosition>
</lfSpanFr>
<devDate gml:id="K2_4642811841_1-2">
<gml:timePosition>2024-03-13</gml:timePosition>
</devDate>
<orgGILvl>25000</orgGILvl>
<vis>非表示</vis>
<pos>
<gml:Point gml:id="K2_4642811841_1-g" srsName="fguuid:jgd2011.bl">
<gml:pos>32.895123889 128.968259444</gml:pos>
</gml:Point>
</pos>
<type>標高点（測点）</type>
<alti>160</alti>
</ElevPt>
<ElevPt gml:id="K2_4642811844_1">
<fid>46428-11844-i-30</fid>
<lfSpanFr gml:id="K2_4642811844_1-1">
<gml:timePosition>2022-03-16</gml:timePosition>
</lfSpanFr>
<devDate gml:id="K2_4642811844_1-2">
<gml:timePosition>2024-03-13</gml:timePosition>
</devDate>
<orgGILvl>25000</orgGILvl>
<vis>表示</vis>
<pos>
<gml:Point gml:id="K2_4642811844_1-g" srsName="fguuid:jgd2011.bl">
<gml:pos>32.901553889 128.969220278</gml:pos>
</gml:Point>
</pos>
<type>標高点（測点）</type>
<alti>131</alti>
</ElevPt>
<ElevPt gml:id="K2_4642811847_1">
<fid>46428-11847-i-12</fid>
<lfSpanFr gml:id="K2_4642811847_1-1">
<gml:timePosition>2022-03-16</gml:timePosition>
</lfSpanFr>
<devDate gml:id="K2_4642811847_1-2">
<gml:timePosition>2024-03-13</gml:timePosition>
</devDate>
<orgGILvl>25000</orgGILvl>
<vis>表示</vis>
<pos>
<gml:Point gml:id="K2_4642811847_1-g" srsName="fguuid:jgd2011.bl">
<gml:pos>32.910780556 128.970047500</gml:pos>
</gml:Point>
</pos>
<type>標高点（測点）</type>
<alti>29</alti>
</ElevPt>
<ElevPt gml:id="K2_4643111829_1">
<fid>46431-11829-i-19</fid>
<lfSpanFr gml:id="K2_4643111829_1-1">
<gml:timePosition>2015-11-17</gml:timePosition>
</lfSpanFr>
<devDate gml:id="K2_4643111829_1-2">
<gml:timePosition>2024-03-13</gml:timePosition>
</devDate>
<orgGILvl>25000</orgGILvl>
<vis>表示</vis>
<pos>
<gml:Point gml:id="K2_4643111829_1-g" srsName="fguuid:jgd2011.bl">
<gml:pos>32.859741111 128.978255278</gml:pos>
</gml:Point>
</pos>
<type>標高点（測点）</type>
<alti>50</alti>
</ElevPt>
<ElevPt gml:id="K2_4643111832_1">
<fid>46431-11832-i-171</fid>
<lfSpanFr gml:id="K2_4643111832_1-1">
<gml:timePosition>2022-03-08</gml:timePosition>
</lfSpanFr>
<devDate gml:id="K2_4643111832_1-2">
<gml:timePosition>2024-03-13</gml:timePosition>
</devDate>
<orgGILvl>25000</orgGILvl>
<vis>表示</vis>
<pos>
<gml:Point gml:id="K2_4643111832_1-g" srsName="fguuid:jgd2011.bl">
<gml:pos>32.874140278 128.976249444</gml:pos>
</gml:Point>
</pos>
<type>標高点（測点）</type>
<alti>150</alti>
</ElevPt>
<ElevPt gml:id="K2_4643111838_1">
<fid>46431-11838-i-33</fid>
<lfSpanFr gml:id="K2_4643111838_1-1">
<gml:timePosition>2022-03-16</gml:timePosition>
</lfSpanFr>
<devDate gml:id="K2_4643111838_1-2">
<gml:timePosition>2024-03-13</gml:timePosition>
</devDate>
<orgGILvl>25000</orgGILvl>
<vis>表示</vis>
<pos>
<gml:Point gml:id="K2_4643111838_1-g" srsName="fguuid:jgd2011.bl">
<gml:pos>32.883666111 128.979456944</gml:pos>
</gml:Point>
</pos>
<type>標高点（測点）</type>
<alti>190</alti>
</ElevPt>
<ElevPt gml:id="K2_4643111841_1">
<fid>46431-11841-i-85</fid>
<lfSpanFr gml:id="K2_4643111841_1-1">
<gml:timePosition>2022-03-16</gml:timePosition>
</lfSpanFr>
<devDate gml:id="K2_4643111841_1-2">
<gml:timePosition>2024-03-13</gml:timePosition>
</devDate>
<orgGILvl>25000</orgGILvl>
<vis>表示</vis>
<pos>
<gml:Point gml:id="K2_4643111841_1-g" srsName="fguuid:jgd2011.bl">
<gml:pos>32.896363056 128.975521667</gml:pos>
</gml:Point>
</pos>
<type>標高点（測点）</type>
<alti>70</alti>
</ElevPt>
<ElevPt gml:id="K2_4643111844_1">
<fid>46431-11844-i-7</fid>
<lfSpanFr gml:id="K2_4643111844_1-1">
<gml:timePosition>2015-11-17</gml:timePosition>
</lfSpanFr>
<devDate gml:id="K2_4643111844_1-2">
<gml:timePosition>2024-03-13</gml:timePosition>
</devDate>
<orgGILvl>25000</orgGILvl>
<vis>表示</vis>
<pos>
<gml:Point gml:id="K2_4643111844_1-g" srsName="fguuid:jgd2011.bl">
<gml:pos>32.905498333 128.981864722</gml:pos>
</gml:Point>
</pos>
<type>標高点（測点）</type>
<alti>61</alti>
</ElevPt>
<ElevPt gml:id="K2_4643411835_1">
<fid>46434-11835-i-716</fid>
<lfSpanFr gml:id="K2_4643411835_1-1">
<gml:timePosition>2022-03-16</gml:timePosition>
</lfSpanFr>
<devDate gml:id="K2_4643411835_1-2">
<gml:timePosition>2024-03-13</gml:timePosition>
</devDate>
<orgGILvl>25000</orgGILvl>
<vis>表示</vis>
<pos>
<gml:Point gml:id="K2_4643411835_1-g" srsName="fguuid:jgd2011.bl">
<gml:pos>32.877969167 128.983896389</gml:pos>
</gml:Point>
</pos>
<type>標高点（測点）</type>
<alti>64</alti>
</ElevPt>
<ElevPt gml:id="K2_4643411841_1">
<fid>46434-11841-i-7</fid>
<lfSpanFr gml:id="K2_4643411841_1-1">
<gml:timePosition>2015-11-17</gml:timePosition>
</lfSpanFr>
<devDate gml:id="K2_4643411841_1-2">
<gml:timePosition>2024-03-13</gml:timePosition>
</devDate>
<orgGILvl>25000</orgGILvl>
<vis>表示</vis>
<pos>
<gml:Point gml:id="K2_4643411841_1-g" srsName="fguuid:jgd2011.bl">
<gml:pos>32.892164167 128.991603333</gml:pos>
</gml:Point>
</pos>
<type>標高点（測点）</type>
<alti>100</alti>
</ElevPt>
<ElevPt gml:id="K2_4643711832_1">
<fid>46437-11832-i-118</fid>
<lfSpanFr gml:id="K2_4643711832_1-1">
<gml:timePosition>2022-03-08</gml:timePosition>
</lfSpanFr>
<devDate gml:id="K2_4643711832_1-2">
<gml:timePosition>2024-03-13</gml:timePosition>
</devDate>
<orgGILvl>25000</orgGILvl>
<vis>表示</vis>
<pos>
<gml:Point gml:id="K2_4643711832_1-g" srsName="fguuid:jgd2011.bl">
<gml:pos>32.874079722 128.997675833</gml:pos>
</gml:Point>
</pos>
<type>標高点（測点）</type>
<alti>163</alti>
</ElevPt>
<ElevPt gml:id="K2_4643711832_2">
<fid>46437-11832-i-119</fid>
<lfSpanFr gml:id="K2_4643711832_2-1">
<gml:timePosition>2022-03-08</gml:timePosition>
</lfSpanFr>
<devDate gml:id="K2_4643711832_2-2">
<gml:timePosition>2024-03-13</gml:timePosition>
</devDate>
<orgGILvl>25000</orgGILvl>
<vis>表示</vis>
<pos>
<gml:Point gml:id="K2_4643711832_2-g" srsName="fguuid:jgd2011.bl">
<gml:pos>32.867347500 128.992238889</gml:pos>
</gml:Point>
</pos>
<type>標高点（測点）</type>
<alti>128</alti>
</ElevPt>
<ElevPt gml:id="K2_4643711835_1">
<fid>46437-11835-i-480</fid>
<lfSpanFr gml:id="K2_4643711835_1-1">
<gml:timePosition>2022-03-16</gml:timePosition>
</lfSpanFr>
<devDate gml:id="K2_4643711835_1-2">
<gml:timePosition>2024-03-13</gml:timePosition>
</devDate>
<orgGILvl>25000</orgGILvl>
<vis>表示</vis>
<pos>
<gml:Point gml:id="K2_4643711835_1-g" srsName="fguuid:jgd2011.bl">
<gml:pos>32.877698611 128.993629444</gml:pos>
</gml:Point>
</pos>
<type>標高点（測点）</type>
<alti>74</alti>
</ElevPt>
<ElevPt gml:id="K2_4643711841_1">
<fid>46437-11841-i-72</fid>
<lfSpanFr gml:id="K2_4643711841_1-1">
<gml:timePosition>2022-03-16</gml:timePosition>
</lfSpanFr>
<devDate gml:id="K2_4643711841_1-2">
<gml:timePosition>2024-03-13</gml:timePosition>
</devDate>
<orgGILvl>25000</orgGILvl>
<vis>表示</vis>
<pos>
<gml:Point gml:id="K2_4643711841_1-g" srsName="fguuid:jgd2011.bl">
<gml:pos>32.894640000 128.998150278</gml:pos>
</gml:Point>
</pos>
<type>標高点（測点）</type>
<alti>74</alti>
</ElevPt>
<ElevPt gml:id="K2_4643711841_2">
<fid>46437-11841-i-73</fid>
<lfSpanFr gml:id="K2_4643711841_2-1">
<gml:timePosition>2022-03-16</gml:timePosition>
</lfSpanFr>
<devDate gml:id="K2_4643711841_2-2">
<gml:timePosition>2024-03-13</gml:timePosition>
</devDate>
<orgGILvl>25000</orgGILvl>
<vis>表示</vis>
<pos>
<gml:Point gml:id="K2_4643711841_2-g" srsName="fguuid:jgd2011.bl">
<gml:pos>32.897453056 128.992875278</gml:pos>
</gml:Point>
</pos>
<type>標高点（測点）</type>
<alti>29</alti>
</ElevPt>
<ElevPt gml:id="K2_4643711844_1">
<fid>46437-11844-i-25</fid>
<lfSpanFr gml:id="K2_4643711844_1-1">
<gml:timePosition>2015-11-17</gml:timePosition>
</lfSpanFr>
<devDate gml:id="K2_4643711844_1-2">
<gml:timePosition>2024-03-13</gml:timePosition>
</devDate>
<orgGILvl>25000</orgGILvl>
<vis>表示</vis>
<pos>
<gml:Point gml:id="K2_4643711844_1-g" srsName="fguuid:jgd2011.bl">
<gml:pos>32.904337222 128.994287778</gml:pos>
</gml:Point>
</pos>
<type>標高点（測点）</type>
<alti>230</alti>
</ElevPt>
<ElevPt gml:id="K2_4643711847_1">
<fid>46437-11847-i-36</fid>
<lfSpanFr gml:id="K2_4643711847_1-1">
<gml:timePosition>2015-11-17</gml:timePosition>
</lfSpanFr>
<devDate gml:id="K2_4643711847_1-2">
<gml:timePosition>2024-03-13</gml:timePosition>
</devDate>
<orgGILvl>25000</orgGILvl>
<vis>表示</vis>
<pos>
<gml:Point gml:id="K2_4643711847_1-g" srsName="fguuid:jgd2011.bl">
<gml:pos>32.911736111 128.992250000</gml:pos>
</gml:Point>
</pos>
<type>標高点（測点）</type>
<alti>216</alti>
</ElevPt>
</Dataset>
