<?xml version="1.0" encoding="utf-8"?>
<Dataset xsi:schemaLocation="http://fgd.gsi.go.jp/spec/2008/FGD_GMLSchema FGD_GMLSchema.xsd"
	xmlns:gml="http://www.opengis.net/gml/3.2"
	xmlns:xsi="http://www.w3.org/2001/XMLSchema-instance"
	xmlns:xlink="http://www.w3.org/1999/xlink"
	xmlns="http://fgd.gsi.go.jp/spec/2008/FGD_GMLSchema"
	gml:id="Dataset1">
  <gml:description>基盤地図情報メタデータ ID=fmdid:24-0401</gml:description>
  <gml:name>基盤地図情報ダウンロードデータ（GML版）</gml:name>
<AdmPt gml:id="K6_4639511820_1">
<fid>46395-11820-i-6</fid>
<lfSpanFr gml:id="K6_4639511820_1-1">
<gml:timePosition>2015-11-17</gml:timePosition>
</lfSpanFr>
<devDate gml:id="K6_4639511820_1-2">
<gml:timePosition>2024-03-13</gml:timePosition>
</devDate>
<orgGILvl>25000</orgGILvl>
<vis>非表示</vis>
<pos>
<gml:Point gml:id="K6_4639511820_1-g" srsName="fguuid:jgd2011.bl">
<gml:pos>32.835676979 128.876742045</gml:pos>
</gml:Point>
</pos>
<type>郡市・東京都の区</type>
<name>五島市</name>
<admCode>42211</admCode>
</AdmPt>
<AdmPt gml:id="K6_4640411829_1">
<fid>46404-11829-i-17</fid>
<lfSpanFr gml:id="K6_4640411829_1-1">
<gml:timePosition>2022-03-08</gml:timePosition>
</lfSpanFr>
<devDate gml:id="K6_4640411829_1-2">
<gml:timePosition>2024-03-13</gml:timePosition>
</devDate>
<orgGILvl>25000</orgGILvl>
<vis>非表示</vis>
<pos>
<gml:Point gml:id="K6_4640411829_1-g" srsName="fguuid:jgd2011.bl">
<gml:pos>32.859284546 128.907126666</gml:pos>
</gml:Point>
</pos>
<type>郡市・東京都の区</type>
<name>五島市</name>
<admCode>42211</admCode>
</AdmPt>
<AdmPt gml:id="K6_4641911847_1">
<fid>46419-11847-i-41</fid>
<lfSpanFr gml:id="K6_4641911847_1-1">
<gml:timePosition>2022-03-16</gml:timePosition>
</lfSpanFr>
<devDate gml:id="K6_4641911847_1-2">
<gml:timePosition>2024-03-13</gml:timePosition>
</devDate>
<orgGILvl>25000</orgGILvl>
<vis>非表示</vis>
<pos>
<gml:Point gml:id="K6_4641911847_1-g" srsName="fguuid:jgd2011.bl">
<gml:pos>32.911115045 128.945481698</gml:pos>
</gml:Point>
</pos>
<type>町村・指定都市の区</type>
<name>新上五島町</name>
<admCode>42411</admCode>
</AdmPt>
<AdmPt gml:id="K6_4642211847_1">
<fid>46422-11847-i-374</fid>
<lfSpanFr gml:id="K6_4642211847_1-1">
<gml:timePosition>2022-03-16</gml:timePosition>
</lfSpanFr>
<devDate gml:id="K6_4642211847_1-2">
<gml:timePosition>2024-03-13</gml:timePosition>
</devDate>
<orgGILvl>25000</orgGILvl>
<vis>非表示</vis>
<pos>
<gml:Point gml:id="K6_4642211847_1-g" srsName="fguuid:jgd2011.bl">
<gml:pos>32.915477222 128.956627303</gml:pos>
</gml:Point>
</pos>
<type>町村・指定都市の区</type>
<name>新上五島町</name>
<admCode>42411</admCode>
</AdmPt>
<AdmPt gml:id="K6_4643111835_1">
<fid>46431-11835-i-129</fid>
<lfSpanFr gml:id="K6_4643111835_1-1">
<gml:timePosition>2022-03-16</gml:timePosition>
</lfSpanFr>
<devDate gml:id="K6_4643111835_1-2">
<gml:timePosition>2024-03-13</gml:timePosition>
</devDate>
<orgGILvl>25000</orgGILvl>
<vis>非表示</vis>
<pos>
<gml:Point gml:id="K6_4643111835_1-g" srsName="fguuid:jgd2011.bl">
<gml:pos>32.880875446 128.978874077</gml:pos>
</gml:Point>
</pos>
<type>町村・指定都市の区</type>
<name>新上五島町</name>
<admCode>42411</admCode>
</AdmPt>
<AdmPt gml:id="K6_4643711841_1">
<fid>46437-11841-i-83</fid>
<lfSpanFr gml:id="K6_4643711841_1-1">
<gml:timePosition>2022-03-16</gml:timePosition>
</lfSpanFr>
<devDate gml:id="K6_4643711841_1-2">
<gml:timePosition>2024-03-13</gml:timePosition>
</devDate>
<orgGILvl>25000</orgGILvl>
<vis>非表示</vis>
<pos>
<gml:Point gml:id="K6_4643711841_1-g" srsName="fguuid:jgd2011.bl">
<gml:pos>32.892083426 128.999199715</gml:pos>
</gml:Point>
</pos>
<type>町村・指定都市の区</type>
<name>新上五島町</name>
<admCode>42411</admCode>
</AdmPt>
<AdmPt gml:id="K6_4643711844_1">
<fid>46437-11844-i-29</fid>
<lfSpanFr gml:id="K6_4643711844_1-1">
<gml:timePosition>2015-11-17</gml:timePosition>
</lfSpanFr>
<devDate gml:id="K6_4643711844_1-2">
<gml:timePosition>2024-03-13</gml:timePosition>
</devDate>
<orgGILvl>25000</orgGILvl>
<vis>非表示</vis>
<pos>
<gml:Point gml:id="K6_4643711844_1-g" srsName="fguuid:jgd2011.bl">
<gml:pos>32.906892986 128.993582807</gml:pos>
</gml:Point>
</pos>
<type>町村・指定都市の区</type>
<name>新上五島町</name>
<admCode>42411</admCode>
</AdmPt>
</Dataset>
