<?xml version="1.0" encoding="utf-8"?>
<Dataset xsi:schemaLocation="http://fgd.gsi.go.jp/spec/2008/FGD_GMLSchema FGD_GMLSchema.xsd"
	xmlns:gml="http://www.opengis.net/gml/3.2"
	xmlns:xsi="http://www.w3.org/2001/XMLSchema-instance"
	xmlns:xlink="http://www.w3.org/1999/xlink"
	xmlns="http://fgd.gsi.go.jp/spec/2008/FGD_GMLSchema"
	gml:id="Dataset1">
  <gml:description>基盤地図情報メタデータ ID=fmdid:24-0401</gml:description>
  <gml:name>基盤地図情報ダウンロードデータ（GML版）</gml:name>
<GCP gml:id="K1_492827_1">
<fid>10-00100-0-2303-145161</fid>
<lfSpanFr gml:id="K1_492827_1-1">
<gml:timePosition>2024-03-06</gml:timePosition>
</lfSpanFr>
<devDate gml:id="K1_492827_1-2">
<gml:timePosition>2024-03-13</gml:timePosition>
</devDate>
<orgGILvl>SJ12</orgGILvl>
<vis>表示</vis>
<pos>
<gml:Point gml:id="K1_492827_1-g" srsName="fguuid:jgd2011.bl">
<gml:pos>32.880555556 128.985555556</gml:pos>
</gml:Point>
</pos>
<orgName>国土地理院</orgName>
<type>水準点</type>
<gcpClass>二等水準点</gcpClass>
<gcpCode>L020000010605</gcpCode>
<name>１０６０５</name>
<B>118370</B>
<L>464348</L>
<alti>3.304</alti>
<altiAcc>3</altiAcc>
</GCP>
<GCP gml:id="K1_492827_2">
<fid>10-00100-0-2303-145162</fid>
<lfSpanFr gml:id="K1_492827_2-1">
<gml:timePosition>2024-03-06</gml:timePosition>
</lfSpanFr>
<devDate gml:id="K1_492827_2-2">
<gml:timePosition>2024-03-13</gml:timePosition>
</devDate>
<orgGILvl>SJ12</orgGILvl>
<vis>表示</vis>
<pos>
<gml:Point gml:id="K1_492827_2-g" srsName="fguuid:jgd2011.bl">
<gml:pos>32.904897222 128.962194444</gml:pos>
</gml:Point>
</pos>
<orgName>国土地理院</orgName>
<type>水準点</type>
<gcpClass>二等水準点</gcpClass>
<gcpCode>L020000010606</gcpCode>
<name>１０６０６</name>
<B>118457.63</B>
<L>464263.9</L>
<alti>16.603</alti>
<altiAcc>3</altiAcc>
</GCP>
<GCP gml:id="K1_492827_3">
<fid>10-00100-0-2303-152159</fid>
<lfSpanFr gml:id="K1_492827_3-1">
<gml:timePosition>2024-03-06</gml:timePosition>
</lfSpanFr>
<devDate gml:id="K1_492827_3-2">
<gml:timePosition>2024-03-13</gml:timePosition>
</devDate>
<orgGILvl>KJ12</orgGILvl>
<vis>表示</vis>
<pos>
<gml:Point gml:id="K1_492827_3-g" srsName="fguuid:jgd2011.bl">
<gml:pos>32.864471972 128.902249722</gml:pos>
</gml:Point>
</pos>
<orgName>国土地理院</orgName>
<type>三角点</type>
<gcpClass>二等三角点</gcpClass>
<gcpCode>TR24928273201</gcpCode>
<name>早房山</name>
<B>118312.0991</B>
<L>464048.099</L>
<alti>252.78</alti>
<altiAcc>2</altiAcc>
</GCP>
<GCP gml:id="K1_492827_4">
<fid>10-00100-0-2303-152160</fid>
<lfSpanFr gml:id="K1_492827_4-1">
<gml:timePosition>2024-03-06</gml:timePosition>
</lfSpanFr>
<devDate gml:id="K1_492827_4-2">
<gml:timePosition>2024-03-13</gml:timePosition>
</devDate>
<orgGILvl>KJ12</orgGILvl>
<vis>表示</vis>
<pos>
<gml:Point gml:id="K1_492827_4-g" srsName="fguuid:jgd2011.bl">
<gml:pos>32.916603000 128.940037472</gml:pos>
</gml:Point>
</pos>
<orgName>国土地理院</orgName>
<type>三角点</type>
<gcpClass>二等三角点</gcpClass>
<gcpCode>TR24928279501</gcpCode>
<name>有福島</name>
<B>118499.7708</B>
<L>464184.1349</L>
<alti>235.38</alti>
<altiAcc>2</altiAcc>
</GCP>
<GCP gml:id="K1_492827_5">
<fid>10-00100-0-2303-158686</fid>
<lfSpanFr gml:id="K1_492827_5-1">
<gml:timePosition>2024-03-06</gml:timePosition>
</lfSpanFr>
<devDate gml:id="K1_492827_5-2">
<gml:timePosition>2024-03-13</gml:timePosition>
</devDate>
<orgGILvl>KJ13</orgGILvl>
<vis>表示</vis>
<pos>
<gml:Point gml:id="K1_492827_5-g" srsName="fguuid:jgd2011.bl">
<gml:pos>32.838670528 128.949456111</gml:pos>
</gml:Point>
</pos>
<orgName>国土地理院</orgName>
<type>三角点</type>
<gcpClass>三等三角点</gcpClass>
<gcpCode>TR34928270501</gcpCode>
<name>遠見</name>
<B>118219.2139</B>
<L>464218.042</L>
<alti>192.84</alti>
<altiAcc>2</altiAcc>
</GCP>
<GCP gml:id="K1_492827_6">
<fid>10-00100-0-2303-158687</fid>
<lfSpanFr gml:id="K1_492827_6-1">
<gml:timePosition>2024-03-06</gml:timePosition>
</lfSpanFr>
<devDate gml:id="K1_492827_6-2">
<gml:timePosition>2024-03-13</gml:timePosition>
</devDate>
<orgGILvl>KJ13</orgGILvl>
<vis>表示</vis>
<pos>
<gml:Point gml:id="K1_492827_6-g" srsName="fguuid:jgd2011.bl">
<gml:pos>32.846345528 128.917579722</gml:pos>
</gml:Point>
</pos>
<orgName>国土地理院</orgName>
<type>三角点</type>
<gcpClass>三等三角点</gcpClass>
<gcpCode>TR34928271301</gcpCode>
<name>本河原</name>
<B>118246.8439</B>
<L>464103.287</L>
<alti>138.66</alti>
<altiAcc>2</altiAcc>
</GCP>
<GCP gml:id="K1_492827_7">
<fid>10-00100-0-2303-158688</fid>
<lfSpanFr gml:id="K1_492827_7-1">
<gml:timePosition>2024-03-06</gml:timePosition>
</lfSpanFr>
<devDate gml:id="K1_492827_7-2">
<gml:timePosition>2024-03-13</gml:timePosition>
</devDate>
<orgGILvl>KJ13</orgGILvl>
<vis>表示</vis>
<pos>
<gml:Point gml:id="K1_492827_7-g" srsName="fguuid:jgd2011.bl">
<gml:pos>32.865097444 128.879607306</gml:pos>
</gml:Point>
</pos>
<orgName>国土地理院</orgName>
<type>三角点</type>
<gcpClass>三等三角点</gcpClass>
<gcpCode>TR34928273001</gcpCode>
<name>大串</name>
<B>118314.3508</B>
<L>463966.5863</L>
<alti>190.81</alti>
<altiAcc>2</altiAcc>
</GCP>
<GCP gml:id="K1_492827_8">
<fid>10-00100-0-2303-158689</fid>
<lfSpanFr gml:id="K1_492827_8-1">
<gml:timePosition>2024-03-06</gml:timePosition>
</lfSpanFr>
<devDate gml:id="K1_492827_8-2">
<gml:timePosition>2024-03-13</gml:timePosition>
</devDate>
<orgGILvl>KJ13</orgGILvl>
<vis>表示</vis>
<pos>
<gml:Point gml:id="K1_492827_8-g" srsName="fguuid:jgd2011.bl">
<gml:pos>32.862378333 128.932966639</gml:pos>
</gml:Point>
</pos>
<orgName>国土地理院</orgName>
<type>三角点</type>
<gcpClass>三等三角点</gcpClass>
<gcpCode>TR34928273401</gcpCode>
<name>阿漕</name>
<B>118304.562</B>
<L>464158.6799</L>
<alti>99.82</alti>
<altiAcc>2</altiAcc>
</GCP>
<GCP gml:id="K1_492827_9">
<fid>10-00100-0-2303-158690</fid>
<lfSpanFr gml:id="K1_492827_9-1">
<gml:timePosition>2024-03-06</gml:timePosition>
</lfSpanFr>
<devDate gml:id="K1_492827_9-2">
<gml:timePosition>2024-03-13</gml:timePosition>
</devDate>
<orgGILvl>KJ13</orgGILvl>
<vis>表示</vis>
<pos>
<gml:Point gml:id="K1_492827_9-g" srsName="fguuid:jgd2011.bl">
<gml:pos>32.861954083 128.980468472</gml:pos>
</gml:Point>
</pos>
<orgName>国土地理院</orgName>
<type>三角点</type>
<gcpClass>三等三角点</gcpClass>
<gcpCode>TR34928273801</gcpCode>
<name>高崎</name>
<B>118303.0347</B>
<L>464329.6865</L>
<alti>188.25</alti>
<altiAcc>2</altiAcc>
</GCP>
<GCP gml:id="K1_492827_10">
<fid>10-00100-0-2303-158691</fid>
<lfSpanFr gml:id="K1_492827_10-1">
<gml:timePosition>2024-03-06</gml:timePosition>
</lfSpanFr>
<devDate gml:id="K1_492827_10-2">
<gml:timePosition>2024-03-13</gml:timePosition>
</devDate>
<orgGILvl>KJ13</orgGILvl>
<vis>表示</vis>
<pos>
<gml:Point gml:id="K1_492827_10-g" srsName="fguuid:jgd2011.bl">
<gml:pos>32.867633083 128.952655222</gml:pos>
</gml:Point>
</pos>
<orgName>国土地理院</orgName>
<type>三角点</type>
<gcpClass>三等三角点</gcpClass>
<gcpCode>TR34928274601</gcpCode>
<name>鵯越</name>
<B>118323.4791</B>
<L>464229.5588</L>
<alti>275.56</alti>
<altiAcc>2</altiAcc>
</GCP>
<GCP gml:id="K1_492827_11">
<fid>10-00100-0-2303-158692</fid>
<lfSpanFr gml:id="K1_492827_11-1">
<gml:timePosition>2024-03-06</gml:timePosition>
</lfSpanFr>
<devDate gml:id="K1_492827_11-2">
<gml:timePosition>2024-03-13</gml:timePosition>
</devDate>
<orgGILvl>KJ13</orgGILvl>
<vis>表示</vis>
<pos>
<gml:Point gml:id="K1_492827_11-g" srsName="fguuid:jgd2011.bl">
<gml:pos>32.890663556 128.913321139</gml:pos>
</gml:Point>
</pos>
<orgName>国土地理院</orgName>
<type>三角点</type>
<gcpClass>三等三角点</gcpClass>
<gcpCode>TR34928276301</gcpCode>
<name>赤崎</name>
<B>118406.3888</B>
<L>464087.9561</L>
<alti>139.33</alti>
<altiAcc>2</altiAcc>
</GCP>
<GCP gml:id="K1_492827_12">
<fid>10-00100-0-2303-158693</fid>
<lfSpanFr gml:id="K1_492827_12-1">
<gml:timePosition>2024-03-06</gml:timePosition>
</lfSpanFr>
<devDate gml:id="K1_492827_12-2">
<gml:timePosition>2024-03-13</gml:timePosition>
</devDate>
<orgGILvl>KJ13</orgGILvl>
<vis>表示</vis>
<pos>
<gml:Point gml:id="K1_492827_12-g" srsName="fguuid:jgd2011.bl">
<gml:pos>32.890053778 128.973663722</gml:pos>
</gml:Point>
</pos>
<orgName>国土地理院</orgName>
<type>三角点</type>
<gcpClass>三等三角点</gcpClass>
<gcpCode>TR34928276701</gcpCode>
<name>間伏</name>
<B>118404.1936</B>
<L>464305.1894</L>
<alti>253.66</alti>
<altiAcc>2</altiAcc>
</GCP>
<GCP gml:id="K1_492827_13">
<fid>10-00100-0-2303-158694</fid>
<lfSpanFr gml:id="K1_492827_13-1">
<gml:timePosition>2024-03-06</gml:timePosition>
</lfSpanFr>
<devDate gml:id="K1_492827_13-2">
<gml:timePosition>2024-03-13</gml:timePosition>
</devDate>
<orgGILvl>KJ13</orgGILvl>
<vis>表示</vis>
<pos>
<gml:Point gml:id="K1_492827_13-g" srsName="fguuid:jgd2011.bl">
<gml:pos>32.898271389 128.944074417</gml:pos>
</gml:Point>
</pos>
<orgName>国土地理院</orgName>
<type>三角点</type>
<gcpClass>三等三角点</gcpClass>
<gcpCode>TR34928277501</gcpCode>
<name>相島</name>
<B>118433.777</B>
<L>464198.6679</L>
<alti>76.32</alti>
<altiAcc>2</altiAcc>
</GCP>
<GCP gml:id="K1_492827_14">
<fid>10-00100-0-2303-194621</fid>
<lfSpanFr gml:id="K1_492827_14-1">
<gml:timePosition>2024-03-06</gml:timePosition>
</lfSpanFr>
<devDate gml:id="K1_492827_14-2">
<gml:timePosition>2024-03-13</gml:timePosition>
</devDate>
<orgGILvl>KJ14</orgGILvl>
<vis>表示</vis>
<pos>
<gml:Point gml:id="K1_492827_14-g" srsName="fguuid:jgd2011.bl">
<gml:pos>32.836372972 128.925696556</gml:pos>
</gml:Point>
</pos>
<orgName>国土地理院</orgName>
<type>三角点</type>
<gcpClass>四等三角点</gcpClass>
<gcpCode>TR44928270401</gcpCode>
<name>古巣</name>
<B>118210.9427</B>
<L>464132.5076</L>
<alti>105.76</alti>
<altiAcc>2</altiAcc>
</GCP>
<GCP gml:id="K1_492827_15">
<fid>10-00100-0-2303-194622</fid>
<lfSpanFr gml:id="K1_492827_15-1">
<gml:timePosition>2024-03-06</gml:timePosition>
</lfSpanFr>
<devDate gml:id="K1_492827_15-2">
<gml:timePosition>2024-03-13</gml:timePosition>
</devDate>
<orgGILvl>KJ14</orgGILvl>
<vis>表示</vis>
<pos>
<gml:Point gml:id="K1_492827_15-g" srsName="fguuid:jgd2011.bl">
<gml:pos>32.843871972 128.938571667</gml:pos>
</gml:Point>
</pos>
<orgName>国土地理院</orgName>
<type>三角点</type>
<gcpClass>四等三角点</gcpClass>
<gcpCode>TR44928271501</gcpCode>
<name>大瀬</name>
<B>118237.9391</B>
<L>464178.858</L>
<alti>134.23</alti>
<altiAcc>2</altiAcc>
</GCP>
<GCP gml:id="K1_492827_16">
<fid>10-00100-0-2303-194623</fid>
<lfSpanFr gml:id="K1_492827_16-1">
<gml:timePosition>2024-03-06</gml:timePosition>
</lfSpanFr>
<devDate gml:id="K1_492827_16-2">
<gml:timePosition>2024-03-13</gml:timePosition>
</devDate>
<orgGILvl>KJ14</orgGILvl>
<vis>表示</vis>
<pos>
<gml:Point gml:id="K1_492827_16-g" srsName="fguuid:jgd2011.bl">
<gml:pos>32.852516667 128.889998500</gml:pos>
</gml:Point>
</pos>
<orgName>国土地理院</orgName>
<type>三角点</type>
<gcpClass>四等三角点</gcpClass>
<gcpCode>TR44928272101</gcpCode>
<name>池塚</name>
<B>118269.06</B>
<L>464003.9946</L>
<alti>51.37</alti>
<altiAcc>2</altiAcc>
</GCP>
<GCP gml:id="K1_492827_17">
<fid>10-00100-0-2303-194624</fid>
<lfSpanFr gml:id="K1_492827_17-1">
<gml:timePosition>2024-03-06</gml:timePosition>
</lfSpanFr>
<devDate gml:id="K1_492827_17-2">
<gml:timePosition>2024-03-13</gml:timePosition>
</devDate>
<orgGILvl>KJ14</orgGILvl>
<vis>表示</vis>
<pos>
<gml:Point gml:id="K1_492827_17-g" srsName="fguuid:jgd2011.bl">
<gml:pos>32.856390194 128.911633722</gml:pos>
</gml:Point>
</pos>
<orgName>国土地理院</orgName>
<type>三角点</type>
<gcpClass>四等三角点</gcpClass>
<gcpCode>TR44928272201</gcpCode>
<name>遠命寺</name>
<B>118283.0047</B>
<L>464081.8814</L>
<alti>219.11</alti>
<altiAcc>2</altiAcc>
</GCP>
<GCP gml:id="K1_492827_18">
<fid>10-00100-0-2303-194625</fid>
<lfSpanFr gml:id="K1_492827_18-1">
<gml:timePosition>2024-03-06</gml:timePosition>
</lfSpanFr>
<devDate gml:id="K1_492827_18-2">
<gml:timePosition>2024-03-13</gml:timePosition>
</devDate>
<orgGILvl>KJ14</orgGILvl>
<vis>表示</vis>
<pos>
<gml:Point gml:id="K1_492827_18-g" srsName="fguuid:jgd2011.bl">
<gml:pos>32.851717556 128.949105556</gml:pos>
</gml:Point>
</pos>
<orgName>国土地理院</orgName>
<type>三角点</type>
<gcpClass>四等三角点</gcpClass>
<gcpCode>TR44928272501</gcpCode>
<name>汐池山</name>
<B>118266.1832</B>
<L>464216.78</L>
<alti>222.87</alti>
<altiAcc>2</altiAcc>
</GCP>
<GCP gml:id="K1_492827_19">
<fid>10-00100-0-2303-194626</fid>
<lfSpanFr gml:id="K1_492827_19-1">
<gml:timePosition>2024-03-06</gml:timePosition>
</lfSpanFr>
<devDate gml:id="K1_492827_19-2">
<gml:timePosition>2024-03-13</gml:timePosition>
</devDate>
<orgGILvl>KJ14</orgGILvl>
<vis>表示</vis>
<pos>
<gml:Point gml:id="K1_492827_19-g" srsName="fguuid:jgd2011.bl">
<gml:pos>32.856917306 128.957618694</gml:pos>
</gml:Point>
</pos>
<orgName>国土地理院</orgName>
<type>三角点</type>
<gcpClass>四等三角点</gcpClass>
<gcpCode>TR44928272601</gcpCode>
<name>袋部</name>
<B>118284.9023</B>
<L>464247.4273</L>
<alti>206.3</alti>
<altiAcc>2</altiAcc>
</GCP>
<GCP gml:id="K1_492827_20">
<fid>10-00100-0-2303-194627</fid>
<lfSpanFr gml:id="K1_492827_20-1">
<gml:timePosition>2024-03-06</gml:timePosition>
</lfSpanFr>
<devDate gml:id="K1_492827_20-2">
<gml:timePosition>2024-03-13</gml:timePosition>
</devDate>
<orgGILvl>KJ14</orgGILvl>
<vis>表示</vis>
<pos>
<gml:Point gml:id="K1_492827_20-g" srsName="fguuid:jgd2011.bl">
<gml:pos>32.864781722 128.914689694</gml:pos>
</gml:Point>
</pos>
<orgName>国土地理院</orgName>
<type>三角点</type>
<gcpClass>四等三角点</gcpClass>
<gcpCode>TR44928273301</gcpCode>
<name>熊高</name>
<B>118313.2142</B>
<L>464092.8829</L>
<alti>178.43</alti>
<altiAcc>2</altiAcc>
</GCP>
<GCP gml:id="K1_492827_21">
<fid>10-00100-0-2303-194628</fid>
<lfSpanFr gml:id="K1_492827_21-1">
<gml:timePosition>2024-03-06</gml:timePosition>
</lfSpanFr>
<devDate gml:id="K1_492827_21-2">
<gml:timePosition>2024-03-13</gml:timePosition>
</devDate>
<orgGILvl>KJ14</orgGILvl>
<vis>表示</vis>
<pos>
<gml:Point gml:id="K1_492827_21-g" srsName="fguuid:jgd2011.bl">
<gml:pos>32.873069194 128.892899111</gml:pos>
</gml:Point>
</pos>
<orgName>国土地理院</orgName>
<type>三角点</type>
<gcpClass>四等三角点</gcpClass>
<gcpCode>TR44928274101</gcpCode>
<name>梶ノ羽</name>
<B>118343.0491</B>
<L>464014.4368</L>
<alti>241.74</alti>
<altiAcc>2</altiAcc>
</GCP>
<GCP gml:id="K1_492827_22">
<fid>10-00100-0-2303-194629</fid>
<lfSpanFr gml:id="K1_492827_22-1">
<gml:timePosition>2024-03-06</gml:timePosition>
</lfSpanFr>
<devDate gml:id="K1_492827_22-2">
<gml:timePosition>2024-03-13</gml:timePosition>
</devDate>
<orgGILvl>KJ14</orgGILvl>
<vis>表示</vis>
<pos>
<gml:Point gml:id="K1_492827_22-g" srsName="fguuid:jgd2011.bl">
<gml:pos>32.870365444 128.925900194</gml:pos>
</gml:Point>
</pos>
<orgName>国土地理院</orgName>
<type>三角点</type>
<gcpClass>四等三角点</gcpClass>
<gcpCode>TR44928274401</gcpCode>
<name>観音崎</name>
<B>118333.3156</B>
<L>464133.2407</L>
<alti>127.41</alti>
<altiAcc>2</altiAcc>
</GCP>
<GCP gml:id="K1_492827_23">
<fid>10-00100-0-2303-194630</fid>
<lfSpanFr gml:id="K1_492827_23-1">
<gml:timePosition>2024-03-06</gml:timePosition>
</lfSpanFr>
<devDate gml:id="K1_492827_23-2">
<gml:timePosition>2024-03-13</gml:timePosition>
</devDate>
<orgGILvl>KJ14</orgGILvl>
<vis>表示</vis>
<pos>
<gml:Point gml:id="K1_492827_23-g" srsName="fguuid:jgd2011.bl">
<gml:pos>32.872075222 128.970536389</gml:pos>
</gml:Point>
</pos>
<orgName>国土地理院</orgName>
<type>三角点</type>
<gcpClass>四等三角点</gcpClass>
<gcpCode>TR44928274701</gcpCode>
<name>神崎</name>
<B>118339.4708</B>
<L>464293.931</L>
<alti>115.49</alti>
<altiAcc>2</altiAcc>
</GCP>
<GCP gml:id="K1_492827_24">
<fid>10-00100-0-2303-194631</fid>
<lfSpanFr gml:id="K1_492827_24-1">
<gml:timePosition>2024-03-06</gml:timePosition>
</lfSpanFr>
<devDate gml:id="K1_492827_24-2">
<gml:timePosition>2024-03-13</gml:timePosition>
</devDate>
<orgGILvl>KJ14</orgGILvl>
<vis>表示</vis>
<pos>
<gml:Point gml:id="K1_492827_24-g" srsName="fguuid:jgd2011.bl">
<gml:pos>32.871767333 128.989154944</gml:pos>
</gml:Point>
</pos>
<orgName>国土地理院</orgName>
<type>三角点</type>
<gcpClass>四等三角点</gcpClass>
<gcpCode>TR44928274901</gcpCode>
<name>石司</name>
<B>118338.3624</B>
<L>464360.9578</L>
<alti>170.8</alti>
<altiAcc>2</altiAcc>
</GCP>
<GCP gml:id="K1_492827_25">
<fid>10-00100-0-2303-194632</fid>
<lfSpanFr gml:id="K1_492827_25-1">
<gml:timePosition>2024-03-06</gml:timePosition>
</lfSpanFr>
<devDate gml:id="K1_492827_25-2">
<gml:timePosition>2024-03-13</gml:timePosition>
</devDate>
<orgGILvl>KJ14</orgGILvl>
<vis>表示</vis>
<pos>
<gml:Point gml:id="K1_492827_25-g" srsName="fguuid:jgd2011.bl">
<gml:pos>32.882050056 128.942882944</gml:pos>
</gml:Point>
</pos>
<orgName>国土地理院</orgName>
<type>三角点</type>
<gcpClass>四等三角点</gcpClass>
<gcpCode>TR44928275501</gcpCode>
<name>市キラ</name>
<B>118375.3802</B>
<L>464194.3786</L>
<alti>119.8</alti>
<altiAcc>2</altiAcc>
</GCP>
<GCP gml:id="K1_492827_26">
<fid>10-00100-0-2303-194633</fid>
<lfSpanFr gml:id="K1_492827_26-1">
<gml:timePosition>2024-03-06</gml:timePosition>
</lfSpanFr>
<devDate gml:id="K1_492827_26-2">
<gml:timePosition>2024-03-13</gml:timePosition>
</devDate>
<orgGILvl>KJ14</orgGILvl>
<vis>表示</vis>
<pos>
<gml:Point gml:id="K1_492827_26-g" srsName="fguuid:jgd2011.bl">
<gml:pos>32.882466500 128.993840333</gml:pos>
</gml:Point>
</pos>
<orgName>国土地理院</orgName>
<type>三角点</type>
<gcpClass>四等三角点</gcpClass>
<gcpCode>TR44928275901</gcpCode>
<name>楠谷</name>
<B>118376.8794</B>
<L>464377.8252</L>
<alti>213.47</alti>
<altiAcc>2</altiAcc>
</GCP>
<GCP gml:id="K1_492827_27">
<fid>10-00100-0-2303-194634</fid>
<lfSpanFr gml:id="K1_492827_27-1">
<gml:timePosition>2024-03-06</gml:timePosition>
</lfSpanFr>
<devDate gml:id="K1_492827_27-2">
<gml:timePosition>2024-03-13</gml:timePosition>
</devDate>
<orgGILvl>KJ14</orgGILvl>
<vis>表示</vis>
<pos>
<gml:Point gml:id="K1_492827_27-g" srsName="fguuid:jgd2011.bl">
<gml:pos>32.898672139 128.966866389</gml:pos>
</gml:Point>
</pos>
<orgName>国土地理院</orgName>
<type>三角点</type>
<gcpClass>四等三角点</gcpClass>
<gcpCode>TR44928277701</gcpCode>
<name>瀬戸脇</name>
<B>118435.2197</B>
<L>464280.719</L>
<alti>152.68</alti>
<altiAcc>2</altiAcc>
</GCP>
<GCP gml:id="K1_492827_28">
<fid>10-00100-0-2303-194635</fid>
<lfSpanFr gml:id="K1_492827_28-1">
<gml:timePosition>2024-03-06</gml:timePosition>
</lfSpanFr>
<devDate gml:id="K1_492827_28-2">
<gml:timePosition>2024-03-13</gml:timePosition>
</devDate>
<orgGILvl>KJ14</orgGILvl>
<vis>表示</vis>
<pos>
<gml:Point gml:id="K1_492827_28-g" srsName="fguuid:jgd2011.bl">
<gml:pos>32.903899833 128.990399639</gml:pos>
</gml:Point>
</pos>
<orgName>国土地理院</orgName>
<type>三角点</type>
<gcpClass>四等三角点</gcpClass>
<gcpCode>TR44928278901</gcpCode>
<name>若ノ浦</name>
<B>118454.0394</B>
<L>464365.4387</L>
<alti>209.44</alti>
<altiAcc>2</altiAcc>
</GCP>
<GCP gml:id="K1_492827_29">
<fid>10-00100-0-2303-194636</fid>
<lfSpanFr gml:id="K1_492827_29-1">
<gml:timePosition>2024-03-06</gml:timePosition>
</lfSpanFr>
<devDate gml:id="K1_492827_29-2">
<gml:timePosition>2024-03-13</gml:timePosition>
</devDate>
<orgGILvl>KJ14</orgGILvl>
<vis>表示</vis>
<pos>
<gml:Point gml:id="K1_492827_29-g" srsName="fguuid:jgd2011.bl">
<gml:pos>32.909854306 128.965228333</gml:pos>
</gml:Point>
</pos>
<orgName>国土地理院</orgName>
<type>三角点</type>
<gcpClass>四等三角点</gcpClass>
<gcpCode>TR44928279701</gcpCode>
<name>漁生浦</name>
<B>118475.4755</B>
<L>464274.822</L>
<alti>88.93</alti>
<altiAcc>2</altiAcc>
</GCP>
</Dataset>
