<?xml version="1.0" encoding="utf-8"?>
<Dataset xsi:schemaLocation="http://fgd.gsi.go.jp/spec/2008/FGD_GMLSchema FGD_GMLSchema.xsd"
	xmlns:gml="http://www.opengis.net/gml/3.2"
	xmlns:xsi="http://www.w3.org/2001/XMLSchema-instance"
	xmlns:xlink="http://www.w3.org/1999/xlink"
	xmlns="http://fgd.gsi.go.jp/spec/2008/FGD_GMLSchema"
	gml:id="Dataset1">
  <gml:description>基盤地図情報メタデータ ID=fmdid:25-0331</gml:description>
  <gml:name>基盤地図情報ダウンロードデータ（GML版）</gml:name>
<ElevPt gml:id="K2_4639511793_1">
<fid>46395-11793-i-32</fid>
<lfSpanFr gml:id="K2_4639511793_1-1">
<gml:timePosition>2015-11-17</gml:timePosition>
</lfSpanFr>
<devDate gml:id="K2_4639511793_1-2">
<gml:timePosition>2025-03-17</gml:timePosition>
</devDate>
<orgGILvl>25000</orgGILvl>
<vis>表示</vis>
<pos>
<gml:Point gml:id="K2_4639511793_1-g" srsName="fguuid:jgd2011.bl">
<gml:pos>32.765193333 128.882367500</gml:pos>
</gml:Point>
</pos>
<type>標高点（測点）</type>
<alti>57</alti>
</ElevPt>
<ElevPt gml:id="K2_4639511796_1">
<fid>46395-11796-i-5</fid>
<lfSpanFr gml:id="K2_4639511796_1-1">
<gml:timePosition>2015-11-17</gml:timePosition>
</lfSpanFr>
<devDate gml:id="K2_4639511796_1-2">
<gml:timePosition>2025-03-17</gml:timePosition>
</devDate>
<orgGILvl>25000</orgGILvl>
<vis>表示</vis>
<pos>
<gml:Point gml:id="K2_4639511796_1-g" srsName="fguuid:jgd2011.bl">
<gml:pos>32.773059167 128.879604167</gml:pos>
</gml:Point>
</pos>
<type>標高点（測点）</type>
<alti>277</alti>
</ElevPt>
<ElevPt gml:id="K2_4639511802_1">
<fid>46395-11802-i-73</fid>
<lfSpanFr gml:id="K2_4639511802_1-1">
<gml:timePosition>2015-11-17</gml:timePosition>
</lfSpanFr>
<devDate gml:id="K2_4639511802_1-2">
<gml:timePosition>2025-03-17</gml:timePosition>
</devDate>
<orgGILvl>25000</orgGILvl>
<vis>表示</vis>
<pos>
<gml:Point gml:id="K2_4639511802_1-g" srsName="fguuid:jgd2011.bl">
<gml:pos>32.786571603 128.881082224</gml:pos>
</gml:Point>
</pos>
<type>標高点（測点）</type>
<alti>24</alti>
</ElevPt>
<ElevPt gml:id="K2_4639511808_1">
<fid>46395-11808-i-99</fid>
<lfSpanFr gml:id="K2_4639511808_1-1">
<gml:timePosition>2015-11-17</gml:timePosition>
</lfSpanFr>
<devDate gml:id="K2_4639511808_1-2">
<gml:timePosition>2025-03-17</gml:timePosition>
</devDate>
<orgGILvl>25000</orgGILvl>
<vis>非表示</vis>
<pos>
<gml:Point gml:id="K2_4639511808_1-g" srsName="fguuid:jgd2011.bl">
<gml:pos>32.807184444 128.876923611</gml:pos>
</gml:Point>
</pos>
<type>標高点（測点）</type>
<alti>102</alti>
</ElevPt>
<ElevPt gml:id="K2_4639511814_1">
<fid>46395-11814-i-158</fid>
<lfSpanFr gml:id="K2_4639511814_1-1">
<gml:timePosition>2015-11-17</gml:timePosition>
</lfSpanFr>
<devDate gml:id="K2_4639511814_1-2">
<gml:timePosition>2025-03-17</gml:timePosition>
</devDate>
<orgGILvl>25000</orgGILvl>
<vis>表示</vis>
<pos>
<gml:Point gml:id="K2_4639511814_1-g" srsName="fguuid:jgd2011.bl">
<gml:pos>32.823501667 128.877833889</gml:pos>
</gml:Point>
</pos>
<type>標高点（測点）</type>
<alti>147</alti>
</ElevPt>
<ElevPt gml:id="K2_4639511817_1">
<fid>46395-11817-i-14</fid>
<lfSpanFr gml:id="K2_4639511817_1-1">
<gml:timePosition>2015-11-17</gml:timePosition>
</lfSpanFr>
<devDate gml:id="K2_4639511817_1-2">
<gml:timePosition>2025-03-17</gml:timePosition>
</devDate>
<orgGILvl>25000</orgGILvl>
<vis>表示</vis>
<pos>
<gml:Point gml:id="K2_4639511817_1-g" srsName="fguuid:jgd2011.bl">
<gml:pos>32.831635556 128.880745000</gml:pos>
</gml:Point>
</pos>
<type>標高点（測点）</type>
<alti>129</alti>
</ElevPt>
<ElevPt gml:id="K2_4639811799_1">
<fid>46398-11799-i-210</fid>
<lfSpanFr gml:id="K2_4639811799_1-1">
<gml:timePosition>2015-11-17</gml:timePosition>
</lfSpanFr>
<devDate gml:id="K2_4639811799_1-2">
<gml:timePosition>2025-03-17</gml:timePosition>
</devDate>
<orgGILvl>25000</orgGILvl>
<vis>表示</vis>
<pos>
<gml:Point gml:id="K2_4639811799_1-g" srsName="fguuid:jgd2011.bl">
<gml:pos>32.778981944 128.890718889</gml:pos>
</gml:Point>
</pos>
<type>標高点（測点）</type>
<alti>28</alti>
</ElevPt>
<ElevPt gml:id="K2_4639811799_2">
<fid>46398-11799-i-211</fid>
<lfSpanFr gml:id="K2_4639811799_2-1">
<gml:timePosition>2015-11-17</gml:timePosition>
</lfSpanFr>
<devDate gml:id="K2_4639811799_2-2">
<gml:timePosition>2025-03-17</gml:timePosition>
</devDate>
<orgGILvl>25000</orgGILvl>
<vis>表示</vis>
<pos>
<gml:Point gml:id="K2_4639811799_2-g" srsName="fguuid:jgd2011.bl">
<gml:pos>32.779296944 128.883406944</gml:pos>
</gml:Point>
</pos>
<type>標高点（測点）</type>
<alti>211</alti>
</ElevPt>
<ElevPt gml:id="K2_4639811802_1">
<fid>46398-11802-i-24</fid>
<lfSpanFr gml:id="K2_4639811802_1-1">
<gml:timePosition>2015-11-17</gml:timePosition>
</lfSpanFr>
<devDate gml:id="K2_4639811802_1-2">
<gml:timePosition>2025-03-17</gml:timePosition>
</devDate>
<orgGILvl>25000</orgGILvl>
<vis>表示</vis>
<pos>
<gml:Point gml:id="K2_4639811802_1-g" srsName="fguuid:jgd2011.bl">
<gml:pos>32.790599722 128.891623333</gml:pos>
</gml:Point>
</pos>
<type>標高点（測点）</type>
<alti>274</alti>
</ElevPt>
<ElevPt gml:id="K2_4639811802_2">
<fid>46398-11802-i-25</fid>
<lfSpanFr gml:id="K2_4639811802_2-1">
<gml:timePosition>2015-11-17</gml:timePosition>
</lfSpanFr>
<devDate gml:id="K2_4639811802_2-2">
<gml:timePosition>2025-03-17</gml:timePosition>
</devDate>
<orgGILvl>25000</orgGILvl>
<vis>表示</vis>
<pos>
<gml:Point gml:id="K2_4639811802_2-g" srsName="fguuid:jgd2011.bl">
<gml:pos>32.784370278 128.887294444</gml:pos>
</gml:Point>
</pos>
<type>標高点（測点）</type>
<alti>271</alti>
</ElevPt>
<ElevPt gml:id="K2_4639811805_1">
<fid>46398-11805-i-58</fid>
<lfSpanFr gml:id="K2_4639811805_1-1">
<gml:timePosition>2015-11-17</gml:timePosition>
</lfSpanFr>
<devDate gml:id="K2_4639811805_1-2">
<gml:timePosition>2025-03-17</gml:timePosition>
</devDate>
<orgGILvl>25000</orgGILvl>
<vis>表示</vis>
<pos>
<gml:Point gml:id="K2_4639811805_1-g" srsName="fguuid:jgd2011.bl">
<gml:pos>32.799487778 128.886188611</gml:pos>
</gml:Point>
</pos>
<type>標高点（測点）</type>
<alti>191</alti>
</ElevPt>
<ElevPt gml:id="K2_4639811805_2">
<fid>46398-11805-i-59</fid>
<lfSpanFr gml:id="K2_4639811805_2-1">
<gml:timePosition>2015-11-17</gml:timePosition>
</lfSpanFr>
<devDate gml:id="K2_4639811805_2-2">
<gml:timePosition>2025-03-17</gml:timePosition>
</devDate>
<orgGILvl>25000</orgGILvl>
<vis>表示</vis>
<pos>
<gml:Point gml:id="K2_4639811805_2-g" srsName="fguuid:jgd2011.bl">
<gml:pos>32.792045000 128.883728056</gml:pos>
</gml:Point>
</pos>
<type>標高点（測点）</type>
<alti>68</alti>
</ElevPt>
<ElevPt gml:id="K2_4639811808_1">
<fid>46398-11808-i-11</fid>
<lfSpanFr gml:id="K2_4639811808_1-1">
<gml:timePosition>2015-11-17</gml:timePosition>
</lfSpanFr>
<devDate gml:id="K2_4639811808_1-2">
<gml:timePosition>2025-03-17</gml:timePosition>
</devDate>
<orgGILvl>25000</orgGILvl>
<vis>表示</vis>
<pos>
<gml:Point gml:id="K2_4639811808_1-g" srsName="fguuid:jgd2011.bl">
<gml:pos>32.807431944 128.885145000</gml:pos>
</gml:Point>
</pos>
<type>標高点（測点）</type>
<alti>151</alti>
</ElevPt>
<ElevPt gml:id="K2_4639811814_1">
<fid>46398-11814-i-152</fid>
<lfSpanFr gml:id="K2_4639811814_1-1">
<gml:timePosition>2015-11-17</gml:timePosition>
</lfSpanFr>
<devDate gml:id="K2_4639811814_1-2">
<gml:timePosition>2025-03-17</gml:timePosition>
</devDate>
<orgGILvl>25000</orgGILvl>
<vis>表示</vis>
<pos>
<gml:Point gml:id="K2_4639811814_1-g" srsName="fguuid:jgd2011.bl">
<gml:pos>32.818015000 128.890684167</gml:pos>
</gml:Point>
</pos>
<type>標高点（測点）</type>
<alti>233</alti>
</ElevPt>
<ElevPt gml:id="K2_4640111802_1">
<fid>46401-11802-i-16</fid>
<lfSpanFr gml:id="K2_4640111802_1-1">
<gml:timePosition>2015-11-17</gml:timePosition>
</lfSpanFr>
<devDate gml:id="K2_4640111802_1-2">
<gml:timePosition>2025-03-17</gml:timePosition>
</devDate>
<orgGILvl>25000</orgGILvl>
<vis>表示</vis>
<pos>
<gml:Point gml:id="K2_4640111802_1-g" srsName="fguuid:jgd2011.bl">
<gml:pos>32.790439444 128.899020833</gml:pos>
</gml:Point>
</pos>
<type>標高点（測点）</type>
<alti>167</alti>
</ElevPt>
<ElevPt gml:id="K2_4640111808_1">
<fid>46401-11808-i-3</fid>
<lfSpanFr gml:id="K2_4640111808_1-1">
<gml:timePosition>2015-11-17</gml:timePosition>
</lfSpanFr>
<devDate gml:id="K2_4640111808_1-2">
<gml:timePosition>2025-03-17</gml:timePosition>
</devDate>
<orgGILvl>25000</orgGILvl>
<vis>表示</vis>
<pos>
<gml:Point gml:id="K2_4640111808_1-g" srsName="fguuid:jgd2011.bl">
<gml:pos>32.803687778 128.894199722</gml:pos>
</gml:Point>
</pos>
<type>標高点（測点）</type>
<alti>259</alti>
</ElevPt>
<ElevPt gml:id="K2_4640111811_1">
<fid>46401-11811-i-47</fid>
<lfSpanFr gml:id="K2_4640111811_1-1">
<gml:timePosition>2015-11-17</gml:timePosition>
</lfSpanFr>
<devDate gml:id="K2_4640111811_1-2">
<gml:timePosition>2025-03-17</gml:timePosition>
</devDate>
<orgGILvl>25000</orgGILvl>
<vis>表示</vis>
<pos>
<gml:Point gml:id="K2_4640111811_1-g" srsName="fguuid:jgd2011.bl">
<gml:pos>32.808670000 128.895567778</gml:pos>
</gml:Point>
</pos>
<type>標高点（測点）</type>
<alti>204</alti>
</ElevPt>
<ElevPt gml:id="K2_4640111814_1">
<fid>46401-11814-i-82</fid>
<lfSpanFr gml:id="K2_4640111814_1-1">
<gml:timePosition>2015-11-17</gml:timePosition>
</lfSpanFr>
<devDate gml:id="K2_4640111814_1-2">
<gml:timePosition>2025-03-17</gml:timePosition>
</devDate>
<orgGILvl>25000</orgGILvl>
<vis>表示</vis>
<pos>
<gml:Point gml:id="K2_4640111814_1-g" srsName="fguuid:jgd2011.bl">
<gml:pos>32.820269722 128.898445278</gml:pos>
</gml:Point>
</pos>
<type>標高点（測点）</type>
<alti>102</alti>
</ElevPt>
<ElevPt gml:id="K2_4640111817_1">
<fid>46401-11817-i-59</fid>
<lfSpanFr gml:id="K2_4640111817_1-1">
<gml:timePosition>2015-11-17</gml:timePosition>
</lfSpanFr>
<devDate gml:id="K2_4640111817_1-2">
<gml:timePosition>2025-03-17</gml:timePosition>
</devDate>
<orgGILvl>25000</orgGILvl>
<vis>表示</vis>
<pos>
<gml:Point gml:id="K2_4640111817_1-g" srsName="fguuid:jgd2011.bl">
<gml:pos>32.828058056 128.893662222</gml:pos>
</gml:Point>
</pos>
<type>標高点（測点）</type>
<alti>44</alti>
</ElevPt>
<ElevPt gml:id="K2_4640411805_1">
<fid>46404-11805-i-8</fid>
<lfSpanFr gml:id="K2_4640411805_1-1">
<gml:timePosition>2015-11-17</gml:timePosition>
</lfSpanFr>
<devDate gml:id="K2_4640411805_1-2">
<gml:timePosition>2025-03-17</gml:timePosition>
</devDate>
<orgGILvl>25000</orgGILvl>
<vis>表示</vis>
<pos>
<gml:Point gml:id="K2_4640411805_1-g" srsName="fguuid:jgd2011.bl">
<gml:pos>32.798178889 128.907447500</gml:pos>
</gml:Point>
</pos>
<type>標高点（測点）</type>
<alti>128</alti>
</ElevPt>
<ElevPt gml:id="K2_4640411811_1">
<fid>46404-11811-i-100</fid>
<lfSpanFr gml:id="K2_4640411811_1-1">
<gml:timePosition>2015-11-17</gml:timePosition>
</lfSpanFr>
<devDate gml:id="K2_4640411811_1-2">
<gml:timePosition>2025-03-17</gml:timePosition>
</devDate>
<orgGILvl>25000</orgGILvl>
<vis>表示</vis>
<pos>
<gml:Point gml:id="K2_4640411811_1-g" srsName="fguuid:jgd2011.bl">
<gml:pos>32.810307500 128.907895278</gml:pos>
</gml:Point>
</pos>
<type>標高点（測点）</type>
<alti>16</alti>
</ElevPt>
<ElevPt gml:id="K2_4640411811_2">
<fid>46404-11811-i-101</fid>
<lfSpanFr gml:id="K2_4640411811_2-1">
<gml:timePosition>2015-11-17</gml:timePosition>
</lfSpanFr>
<devDate gml:id="K2_4640411811_2-2">
<gml:timePosition>2025-03-17</gml:timePosition>
</devDate>
<orgGILvl>25000</orgGILvl>
<vis>表示</vis>
<pos>
<gml:Point gml:id="K2_4640411811_2-g" srsName="fguuid:jgd2011.bl">
<gml:pos>32.813425556 128.904463333</gml:pos>
</gml:Point>
</pos>
<type>標高点（測点）</type>
<alti>48</alti>
</ElevPt>
<ElevPt gml:id="K2_4641311808_1">
<fid>46413-11808-i-120</fid>
<lfSpanFr gml:id="K2_4641311808_1-1">
<gml:timePosition>2015-11-17</gml:timePosition>
</lfSpanFr>
<devDate gml:id="K2_4641311808_1-2">
<gml:timePosition>2025-03-17</gml:timePosition>
</devDate>
<orgGILvl>25000</orgGILvl>
<vis>表示</vis>
<pos>
<gml:Point gml:id="K2_4641311808_1-g" srsName="fguuid:jgd2011.bl">
<gml:pos>32.801035556 128.930323611</gml:pos>
</gml:Point>
</pos>
<type>標高点（測点）</type>
<alti>68</alti>
</ElevPt>
<ElevPt gml:id="K2_4641311814_1">
<fid>46413-11814-i-66</fid>
<lfSpanFr gml:id="K2_4641311814_1-1">
<gml:timePosition>2015-11-17</gml:timePosition>
</lfSpanFr>
<devDate gml:id="K2_4641311814_1-2">
<gml:timePosition>2025-03-17</gml:timePosition>
</devDate>
<orgGILvl>25000</orgGILvl>
<vis>表示</vis>
<pos>
<gml:Point gml:id="K2_4641311814_1-g" srsName="fguuid:jgd2011.bl">
<gml:pos>32.820296389 128.929527778</gml:pos>
</gml:Point>
</pos>
<type>標高点（測点）</type>
<alti>140</alti>
</ElevPt>
<ElevPt gml:id="K2_4641311817_1">
<fid>46413-11817-i-107</fid>
<lfSpanFr gml:id="K2_4641311817_1-1">
<gml:timePosition>2015-11-17</gml:timePosition>
</lfSpanFr>
<devDate gml:id="K2_4641311817_1-2">
<gml:timePosition>2025-03-17</gml:timePosition>
</devDate>
<orgGILvl>25000</orgGILvl>
<vis>表示</vis>
<pos>
<gml:Point gml:id="K2_4641311817_1-g" srsName="fguuid:jgd2011.bl">
<gml:pos>32.830236667 128.928886944</gml:pos>
</gml:Point>
</pos>
<type>標高点（測点）</type>
<alti>61</alti>
</ElevPt>
<ElevPt gml:id="K2_4641611808_1">
<fid>46416-11808-i-88</fid>
<lfSpanFr gml:id="K2_4641611808_1-1">
<gml:timePosition>2015-11-17</gml:timePosition>
</lfSpanFr>
<devDate gml:id="K2_4641611808_1-2">
<gml:timePosition>2025-03-17</gml:timePosition>
</devDate>
<orgGILvl>25000</orgGILvl>
<vis>表示</vis>
<pos>
<gml:Point gml:id="K2_4641611808_1-g" srsName="fguuid:jgd2011.bl">
<gml:pos>32.805703333 128.933614167</gml:pos>
</gml:Point>
</pos>
<type>標高点（測点）</type>
<alti>85</alti>
</ElevPt>
<ElevPt gml:id="K2_4641611808_2">
<fid>46416-11808-i-89</fid>
<lfSpanFr gml:id="K2_4641611808_2-1">
<gml:timePosition>2015-11-17</gml:timePosition>
</lfSpanFr>
<devDate gml:id="K2_4641611808_2-2">
<gml:timePosition>2025-03-17</gml:timePosition>
</devDate>
<orgGILvl>25000</orgGILvl>
<vis>表示</vis>
<pos>
<gml:Point gml:id="K2_4641611808_2-g" srsName="fguuid:jgd2011.bl">
<gml:pos>32.800912500 128.935288611</gml:pos>
</gml:Point>
</pos>
<type>標高点（測点）</type>
<alti>84</alti>
</ElevPt>
<ElevPt gml:id="K2_4641611811_1">
<fid>46416-11811-i-55</fid>
<lfSpanFr gml:id="K2_4641611811_1-1">
<gml:timePosition>2015-11-17</gml:timePosition>
</lfSpanFr>
<devDate gml:id="K2_4641611811_1-2">
<gml:timePosition>2025-03-17</gml:timePosition>
</devDate>
<orgGILvl>25000</orgGILvl>
<vis>表示</vis>
<pos>
<gml:Point gml:id="K2_4641611811_1-g" srsName="fguuid:jgd2011.bl">
<gml:pos>32.814995833 128.936609444</gml:pos>
</gml:Point>
</pos>
<type>標高点（測点）</type>
<alti>14</alti>
</ElevPt>
<ElevPt gml:id="K2_4641611817_1">
<fid>46416-11817-i-104</fid>
<lfSpanFr gml:id="K2_4641611817_1-1">
<gml:timePosition>2015-11-17</gml:timePosition>
</lfSpanFr>
<devDate gml:id="K2_4641611817_1-2">
<gml:timePosition>2025-03-17</gml:timePosition>
</devDate>
<orgGILvl>25000</orgGILvl>
<vis>表示</vis>
<pos>
<gml:Point gml:id="K2_4641611817_1-g" srsName="fguuid:jgd2011.bl">
<gml:pos>32.832417389 128.933840250</gml:pos>
</gml:Point>
</pos>
<type>標高点（測点）</type>
<alti>5</alti>
</ElevPt>
<ElevPt gml:id="K2_4641911808_1">
<fid>46419-11808-i-20</fid>
<lfSpanFr gml:id="K2_4641911808_1-1">
<gml:timePosition>2015-11-17</gml:timePosition>
</lfSpanFr>
<devDate gml:id="K2_4641911808_1-2">
<gml:timePosition>2025-03-17</gml:timePosition>
</devDate>
<orgGILvl>25000</orgGILvl>
<vis>表示</vis>
<pos>
<gml:Point gml:id="K2_4641911808_1-g" srsName="fguuid:jgd2011.bl">
<gml:pos>32.801358056 128.942392222</gml:pos>
</gml:Point>
</pos>
<type>標高点（測点）</type>
<alti>98</alti>
</ElevPt>
<ElevPt gml:id="K2_4641911814_1">
<fid>46419-11814-i-101</fid>
<lfSpanFr gml:id="K2_4641911814_1-1">
<gml:timePosition>2015-11-17</gml:timePosition>
</lfSpanFr>
<devDate gml:id="K2_4641911814_1-2">
<gml:timePosition>2025-03-17</gml:timePosition>
</devDate>
<orgGILvl>25000</orgGILvl>
<vis>表示</vis>
<pos>
<gml:Point gml:id="K2_4641911814_1-g" srsName="fguuid:jgd2011.bl">
<gml:pos>32.819110000 128.942269167</gml:pos>
</gml:Point>
</pos>
<type>標高点（測点）</type>
<alti>128</alti>
</ElevPt>
<ElevPt gml:id="K2_4642211790_1">
<fid>46422-11790-i-45</fid>
<lfSpanFr gml:id="K2_4642211790_1-1">
<gml:timePosition>2015-11-17</gml:timePosition>
</lfSpanFr>
<devDate gml:id="K2_4642211790_1-2">
<gml:timePosition>2025-03-17</gml:timePosition>
</devDate>
<orgGILvl>25000</orgGILvl>
<vis>表示</vis>
<pos>
<gml:Point gml:id="K2_4642211790_1-g" srsName="fguuid:jgd2011.bl">
<gml:pos>32.750034444 128.951631944</gml:pos>
</gml:Point>
</pos>
<type>標高点（測点）</type>
<alti>55</alti>
</ElevPt>
<ElevPt gml:id="K2_4642211790_2">
<fid>46422-11790-i-46</fid>
<lfSpanFr gml:id="K2_4642211790_2-1">
<gml:timePosition>2015-11-17</gml:timePosition>
</lfSpanFr>
<devDate gml:id="K2_4642211790_2-2">
<gml:timePosition>2025-03-17</gml:timePosition>
</devDate>
<orgGILvl>25000</orgGILvl>
<vis>表示</vis>
<pos>
<gml:Point gml:id="K2_4642211790_2-g" srsName="fguuid:jgd2011.bl">
<gml:pos>32.755650000 128.951356389</gml:pos>
</gml:Point>
</pos>
<type>標高点（測点）</type>
<alti>94</alti>
</ElevPt>
<ElevPt gml:id="K2_4642211796_1">
<fid>46422-11796-i-228</fid>
<lfSpanFr gml:id="K2_4642211796_1-1">
<gml:timePosition>2015-11-17</gml:timePosition>
</lfSpanFr>
<devDate gml:id="K2_4642211796_1-2">
<gml:timePosition>2025-03-17</gml:timePosition>
</devDate>
<orgGILvl>25000</orgGILvl>
<vis>表示</vis>
<pos>
<gml:Point gml:id="K2_4642211796_1-g" srsName="fguuid:jgd2011.bl">
<gml:pos>32.771254167 128.955909444</gml:pos>
</gml:Point>
</pos>
<type>標高点（測点）</type>
<alti>138</alti>
</ElevPt>
<ElevPt gml:id="K2_4642211799_1">
<fid>46422-11799-i-84</fid>
<lfSpanFr gml:id="K2_4642211799_1-1">
<gml:timePosition>2015-11-17</gml:timePosition>
</lfSpanFr>
<devDate gml:id="K2_4642211799_1-2">
<gml:timePosition>2025-03-17</gml:timePosition>
</devDate>
<orgGILvl>25000</orgGILvl>
<vis>表示</vis>
<pos>
<gml:Point gml:id="K2_4642211799_1-g" srsName="fguuid:jgd2011.bl">
<gml:pos>32.775707500 128.957952778</gml:pos>
</gml:Point>
</pos>
<type>標高点（測点）</type>
<alti>68</alti>
</ElevPt>
<ElevPt gml:id="K2_4642211811_1">
<fid>46422-11811-i-4</fid>
<lfSpanFr gml:id="K2_4642211811_1-1">
<gml:timePosition>2015-11-17</gml:timePosition>
</lfSpanFr>
<devDate gml:id="K2_4642211811_1-2">
<gml:timePosition>2025-03-17</gml:timePosition>
</devDate>
<orgGILvl>25000</orgGILvl>
<vis>表示</vis>
<pos>
<gml:Point gml:id="K2_4642211811_1-g" srsName="fguuid:jgd2011.bl">
<gml:pos>32.809860556 128.950833056</gml:pos>
</gml:Point>
</pos>
<type>標高点（測点）</type>
<alti>42</alti>
</ElevPt>
<ElevPt gml:id="K2_4642211811_2">
<fid>46422-11811-i-5</fid>
<lfSpanFr gml:id="K2_4642211811_2-1">
<gml:timePosition>2015-11-17</gml:timePosition>
</lfSpanFr>
<devDate gml:id="K2_4642211811_2-2">
<gml:timePosition>2025-03-17</gml:timePosition>
</devDate>
<orgGILvl>25000</orgGILvl>
<vis>表示</vis>
<pos>
<gml:Point gml:id="K2_4642211811_2-g" srsName="fguuid:jgd2011.bl">
<gml:pos>32.816200833 128.950101944</gml:pos>
</gml:Point>
</pos>
<type>標高点（測点）</type>
<alti>113</alti>
</ElevPt>
<ElevPt gml:id="K2_4642211817_1">
<fid>46422-11817-i-83</fid>
<lfSpanFr gml:id="K2_4642211817_1-1">
<gml:timePosition>2015-11-17</gml:timePosition>
</lfSpanFr>
<devDate gml:id="K2_4642211817_1-2">
<gml:timePosition>2025-03-17</gml:timePosition>
</devDate>
<orgGILvl>25000</orgGILvl>
<vis>表示</vis>
<pos>
<gml:Point gml:id="K2_4642211817_1-g" srsName="fguuid:jgd2011.bl">
<gml:pos>32.830629722 128.956852500</gml:pos>
</gml:Point>
</pos>
<type>標高点（測点）</type>
<alti>128</alti>
</ElevPt>
<ElevPt gml:id="K2_4642511796_1">
<fid>46425-11796-i-174</fid>
<lfSpanFr gml:id="K2_4642511796_1-1">
<gml:timePosition>2015-11-17</gml:timePosition>
</lfSpanFr>
<devDate gml:id="K2_4642511796_1-2">
<gml:timePosition>2025-03-17</gml:timePosition>
</devDate>
<orgGILvl>25000</orgGILvl>
<vis>表示</vis>
<pos>
<gml:Point gml:id="K2_4642511796_1-g" srsName="fguuid:jgd2011.bl">
<gml:pos>32.768366111 128.958489444</gml:pos>
</gml:Point>
</pos>
<type>標高点（測点）</type>
<alti>184</alti>
</ElevPt>
<ElevPt gml:id="K2_4642811790_1">
<fid>46428-11790-i-34</fid>
<lfSpanFr gml:id="K2_4642811790_1-1">
<gml:timePosition>2015-11-17</gml:timePosition>
</lfSpanFr>
<devDate gml:id="K2_4642811790_1-2">
<gml:timePosition>2025-03-17</gml:timePosition>
</devDate>
<orgGILvl>25000</orgGILvl>
<vis>表示</vis>
<pos>
<gml:Point gml:id="K2_4642811790_1-g" srsName="fguuid:jgd2011.bl">
<gml:pos>32.751350556 128.974875000</gml:pos>
</gml:Point>
</pos>
<type>標高点（測点）</type>
<alti>48</alti>
</ElevPt>
<ElevPt gml:id="K2_4643111790_1">
<fid>46431-11790-i-24</fid>
<lfSpanFr gml:id="K2_4643111790_1-1">
<gml:timePosition>2015-11-17</gml:timePosition>
</lfSpanFr>
<devDate gml:id="K2_4643111790_1-2">
<gml:timePosition>2025-03-17</gml:timePosition>
</devDate>
<orgGILvl>25000</orgGILvl>
<vis>表示</vis>
<pos>
<gml:Point gml:id="K2_4643111790_1-g" srsName="fguuid:jgd2011.bl">
<gml:pos>32.755475556 128.976426389</gml:pos>
</gml:Point>
</pos>
<type>標高点（測点）</type>
<alti>119</alti>
</ElevPt>
<ElevPt gml:id="K2_4643111793_1">
<fid>46431-11793-i-7</fid>
<lfSpanFr gml:id="K2_4643111793_1-1">
<gml:timePosition>2015-11-17</gml:timePosition>
</lfSpanFr>
<devDate gml:id="K2_4643111793_1-2">
<gml:timePosition>2025-03-17</gml:timePosition>
</devDate>
<orgGILvl>25000</orgGILvl>
<vis>表示</vis>
<pos>
<gml:Point gml:id="K2_4643111793_1-g" srsName="fguuid:jgd2011.bl">
<gml:pos>32.759568611 128.979793889</gml:pos>
</gml:Point>
</pos>
<type>標高点（測点）</type>
<alti>32</alti>
</ElevPt>
<ElevPt gml:id="K2_4643411790_1">
<fid>46434-11790-i-57</fid>
<lfSpanFr gml:id="K2_4643411790_1-1">
<gml:timePosition>2015-11-17</gml:timePosition>
</lfSpanFr>
<devDate gml:id="K2_4643411790_1-2">
<gml:timePosition>2025-03-17</gml:timePosition>
</devDate>
<orgGILvl>25000</orgGILvl>
<vis>表示</vis>
<pos>
<gml:Point gml:id="K2_4643411790_1-g" srsName="fguuid:jgd2011.bl">
<gml:pos>32.756497778 128.989166111</gml:pos>
</gml:Point>
</pos>
<type>標高点（測点）</type>
<alti>26</alti>
</ElevPt>
<ElevPt gml:id="K2_4643411796_1">
<fid>46434-11796-i-23</fid>
<lfSpanFr gml:id="K2_4643411796_1-1">
<gml:timePosition>2015-11-17</gml:timePosition>
</lfSpanFr>
<devDate gml:id="K2_4643411796_1-2">
<gml:timePosition>2025-03-17</gml:timePosition>
</devDate>
<orgGILvl>25000</orgGILvl>
<vis>表示</vis>
<pos>
<gml:Point gml:id="K2_4643411796_1-g" srsName="fguuid:jgd2011.bl">
<gml:pos>32.773617500 128.991433056</gml:pos>
</gml:Point>
</pos>
<type>標高点（測点）</type>
<alti>210</alti>
</ElevPt>
<ElevPt gml:id="K2_4643411799_1">
<fid>46434-11799-i-6</fid>
<lfSpanFr gml:id="K2_4643411799_1-1">
<gml:timePosition>2015-11-17</gml:timePosition>
</lfSpanFr>
<devDate gml:id="K2_4643411799_1-2">
<gml:timePosition>2025-03-17</gml:timePosition>
</devDate>
<orgGILvl>25000</orgGILvl>
<vis>表示</vis>
<pos>
<gml:Point gml:id="K2_4643411799_1-g" srsName="fguuid:jgd2011.bl">
<gml:pos>32.778232222 128.989737222</gml:pos>
</gml:Point>
</pos>
<type>標高点（測点）</type>
<alti>195</alti>
</ElevPt>
<ElevPt gml:id="K2_4643411802_1">
<fid>46434-11802-i-43</fid>
<lfSpanFr gml:id="K2_4643411802_1-1">
<gml:timePosition>2015-11-17</gml:timePosition>
</lfSpanFr>
<devDate gml:id="K2_4643411802_1-2">
<gml:timePosition>2025-03-17</gml:timePosition>
</devDate>
<orgGILvl>25000</orgGILvl>
<vis>表示</vis>
<pos>
<gml:Point gml:id="K2_4643411802_1-g" srsName="fguuid:jgd2011.bl">
<gml:pos>32.786817222 128.989587778</gml:pos>
</gml:Point>
</pos>
<type>標高点（測点）</type>
<alti>48</alti>
</ElevPt>
<ElevPt gml:id="K2_4643711790_1">
<fid>46437-11790-i-34</fid>
<lfSpanFr gml:id="K2_4643711790_1-1">
<gml:timePosition>2015-11-17</gml:timePosition>
</lfSpanFr>
<devDate gml:id="K2_4643711790_1-2">
<gml:timePosition>2025-03-17</gml:timePosition>
</devDate>
<orgGILvl>25000</orgGILvl>
<vis>表示</vis>
<pos>
<gml:Point gml:id="K2_4643711790_1-g" srsName="fguuid:jgd2011.bl">
<gml:pos>32.756777500 128.995725000</gml:pos>
</gml:Point>
</pos>
<type>標高点（測点）</type>
<alti>210</alti>
</ElevPt>
<ElevPt gml:id="K2_4643711790_2">
<fid>46437-11790-i-35</fid>
<lfSpanFr gml:id="K2_4643711790_2-1">
<gml:timePosition>2015-11-17</gml:timePosition>
</lfSpanFr>
<devDate gml:id="K2_4643711790_2-2">
<gml:timePosition>2025-03-17</gml:timePosition>
</devDate>
<orgGILvl>25000</orgGILvl>
<vis>表示</vis>
<pos>
<gml:Point gml:id="K2_4643711790_2-g" srsName="fguuid:jgd2011.bl">
<gml:pos>32.752183333 128.992846944</gml:pos>
</gml:Point>
</pos>
<type>標高点（測点）</type>
<alti>74</alti>
</ElevPt>
<ElevPt gml:id="K2_4643711793_1">
<fid>46437-11793-i-16</fid>
<lfSpanFr gml:id="K2_4643711793_1-1">
<gml:timePosition>2015-11-17</gml:timePosition>
</lfSpanFr>
<devDate gml:id="K2_4643711793_1-2">
<gml:timePosition>2025-03-17</gml:timePosition>
</devDate>
<orgGILvl>25000</orgGILvl>
<vis>表示</vis>
<pos>
<gml:Point gml:id="K2_4643711793_1-g" srsName="fguuid:jgd2011.bl">
<gml:pos>32.764277500 128.998508611</gml:pos>
</gml:Point>
</pos>
<type>標高点（測点）</type>
<alti>234</alti>
</ElevPt>
<ElevPt gml:id="K2_4643711793_2">
<fid>46437-11793-i-17</fid>
<lfSpanFr gml:id="K2_4643711793_2-1">
<gml:timePosition>2015-11-17</gml:timePosition>
</lfSpanFr>
<devDate gml:id="K2_4643711793_2-2">
<gml:timePosition>2025-03-17</gml:timePosition>
</devDate>
<orgGILvl>25000</orgGILvl>
<vis>表示</vis>
<pos>
<gml:Point gml:id="K2_4643711793_2-g" srsName="fguuid:jgd2011.bl">
<gml:pos>32.760872222 128.995340833</gml:pos>
</gml:Point>
</pos>
<type>標高点（測点）</type>
<alti>218</alti>
</ElevPt>
<ElevPt gml:id="K2_4643711793_3">
<fid>46437-11793-i-18</fid>
<lfSpanFr gml:id="K2_4643711793_3-1">
<gml:timePosition>2015-11-17</gml:timePosition>
</lfSpanFr>
<devDate gml:id="K2_4643711793_3-2">
<gml:timePosition>2025-03-17</gml:timePosition>
</devDate>
<orgGILvl>25000</orgGILvl>
<vis>表示</vis>
<pos>
<gml:Point gml:id="K2_4643711793_3-g" srsName="fguuid:jgd2011.bl">
<gml:pos>32.765036667 128.994153056</gml:pos>
</gml:Point>
</pos>
<type>標高点（測点）</type>
<alti>186</alti>
</ElevPt>
<ElevPt gml:id="K2_4643711799_1">
<fid>46437-11799-i-34</fid>
<lfSpanFr gml:id="K2_4643711799_1-1">
<gml:timePosition>2015-11-17</gml:timePosition>
</lfSpanFr>
<devDate gml:id="K2_4643711799_1-2">
<gml:timePosition>2025-03-17</gml:timePosition>
</devDate>
<orgGILvl>25000</orgGILvl>
<vis>表示</vis>
<pos>
<gml:Point gml:id="K2_4643711799_1-g" srsName="fguuid:jgd2011.bl">
<gml:pos>32.780902500 128.995930556</gml:pos>
</gml:Point>
</pos>
<type>標高点（測点）</type>
<alti>189</alti>
</ElevPt>
<ElevPt gml:id="K2_4643711802_1">
<fid>46437-11802-i-20</fid>
<lfSpanFr gml:id="K2_4643711802_1-1">
<gml:timePosition>2015-11-17</gml:timePosition>
</lfSpanFr>
<devDate gml:id="K2_4643711802_1-2">
<gml:timePosition>2025-03-17</gml:timePosition>
</devDate>
<orgGILvl>25000</orgGILvl>
<vis>表示</vis>
<pos>
<gml:Point gml:id="K2_4643711802_1-g" srsName="fguuid:jgd2011.bl">
<gml:pos>32.785542778 128.995304444</gml:pos>
</gml:Point>
</pos>
<type>標高点（測点）</type>
<alti>181</alti>
</ElevPt>
</Dataset>
