<?xml version="1.0" encoding="utf-8"?>
<Dataset xsi:schemaLocation="http://fgd.gsi.go.jp/spec/2008/FGD_GMLSchema FGD_GMLSchema.xsd"
	xmlns:gml="http://www.opengis.net/gml/3.2"
	xmlns:xsi="http://www.w3.org/2001/XMLSchema-instance"
	xmlns:xlink="http://www.w3.org/1999/xlink"
	xmlns="http://fgd.gsi.go.jp/spec/2008/FGD_GMLSchema"
	gml:id="Dataset1">
  <gml:description>基盤地図情報メタデータ ID=fmdid:25-0331</gml:description>
  <gml:name>基盤地図情報ダウンロードデータ（GML版）</gml:name>
<AdmPt gml:id="K6_4640111805_1">
<fid>46401-11805-i-33</fid>
<lfSpanFr gml:id="K6_4640111805_1-1">
<gml:timePosition>2015-11-17</gml:timePosition>
</lfSpanFr>
<devDate gml:id="K6_4640111805_1-2">
<gml:timePosition>2025-03-17</gml:timePosition>
</devDate>
<orgGILvl>25000</orgGILvl>
<vis>非表示</vis>
<pos>
<gml:Point gml:id="K6_4640111805_1-g" srsName="fguuid:jgd2011.bl">
<gml:pos>32.798399157 128.893713233</gml:pos>
</gml:Point>
</pos>
<type>郡市・東京都の区</type>
<name>五島市</name>
<admCode>42211</admCode>
</AdmPt>
<AdmPt gml:id="K6_4641911811_1">
<fid>46419-11811-i-119</fid>
<lfSpanFr gml:id="K6_4641911811_1-1">
<gml:timePosition>2015-11-17</gml:timePosition>
</lfSpanFr>
<devDate gml:id="K6_4641911811_1-2">
<gml:timePosition>2025-03-17</gml:timePosition>
</devDate>
<orgGILvl>25000</orgGILvl>
<vis>非表示</vis>
<pos>
<gml:Point gml:id="K6_4641911811_1-g" srsName="fguuid:jgd2011.bl">
<gml:pos>32.816027530 128.945479524</gml:pos>
</gml:Point>
</pos>
<type>郡市・東京都の区</type>
<name>五島市</name>
<admCode>42211</admCode>
</AdmPt>
<AdmPt gml:id="K6_4642211817_1">
<fid>46422-11817-i-88</fid>
<lfSpanFr gml:id="K6_4642211817_1-1">
<gml:timePosition>2015-11-17</gml:timePosition>
</lfSpanFr>
<devDate gml:id="K6_4642211817_1-2">
<gml:timePosition>2025-03-17</gml:timePosition>
</devDate>
<orgGILvl>25000</orgGILvl>
<vis>非表示</vis>
<pos>
<gml:Point gml:id="K6_4642211817_1-g" srsName="fguuid:jgd2011.bl">
<gml:pos>32.830720944 128.956196199</gml:pos>
</gml:Point>
</pos>
<type>郡市・東京都の区</type>
<name>五島市</name>
<admCode>42211</admCode>
</AdmPt>
<AdmPt gml:id="K6_4642511796_1">
<fid>46425-11796-i-176</fid>
<lfSpanFr gml:id="K6_4642511796_1-1">
<gml:timePosition>2015-11-17</gml:timePosition>
</lfSpanFr>
<devDate gml:id="K6_4642511796_1-2">
<gml:timePosition>2025-03-17</gml:timePosition>
</devDate>
<orgGILvl>25000</orgGILvl>
<vis>非表示</vis>
<pos>
<gml:Point gml:id="K6_4642511796_1-g" srsName="fguuid:jgd2011.bl">
<gml:pos>32.769271196 128.960261145</gml:pos>
</gml:Point>
</pos>
<type>郡市・東京都の区</type>
<name>五島市</name>
<admCode>42211</admCode>
</AdmPt>
<AdmPt gml:id="K6_4643711796_1">
<fid>46437-11796-i-52</fid>
<lfSpanFr gml:id="K6_4643711796_1-1">
<gml:timePosition>2015-11-17</gml:timePosition>
</lfSpanFr>
<devDate gml:id="K6_4643711796_1-2">
<gml:timePosition>2025-03-17</gml:timePosition>
</devDate>
<orgGILvl>25000</orgGILvl>
<vis>非表示</vis>
<pos>
<gml:Point gml:id="K6_4643711796_1-g" srsName="fguuid:jgd2011.bl">
<gml:pos>32.770429742 128.995255026</gml:pos>
</gml:Point>
</pos>
<type>郡市・東京都の区</type>
<name>五島市</name>
<admCode>42211</admCode>
</AdmPt>
</Dataset>
