<?xml version="1.0" encoding="utf-8"?>
<Dataset xsi:schemaLocation="http://fgd.gsi.go.jp/spec/2008/FGD_GMLSchema FGD_GMLSchema.xsd"
	xmlns:gml="http://www.opengis.net/gml/3.2"
	xmlns:xsi="http://www.w3.org/2001/XMLSchema-instance"
	xmlns:xlink="http://www.w3.org/1999/xlink"
	xmlns="http://fgd.gsi.go.jp/spec/2008/FGD_GMLSchema"
	gml:id="Dataset1">
  <gml:description>基盤地図情報メタデータ ID=fmdid:25-0331</gml:description>
  <gml:name>基盤地図情報ダウンロードデータ（GML版）</gml:name>
<GCP gml:id="K1_492817_1">
<fid>10-00100-0-2402-21661</fid>
<lfSpanFr gml:id="K1_492817_1-1">
<gml:timePosition>2025-02-19</gml:timePosition>
</lfSpanFr>
<devDate gml:id="K1_492817_1-2">
<gml:timePosition>2025-03-17</gml:timePosition>
</devDate>
<orgGILvl>KJ12</orgGILvl>
<vis>表示</vis>
<pos>
<gml:Point gml:id="K1_492817_1-g" srsName="fguuid:jgd2011.bl">
<gml:pos>32.813302250 128.944325611</gml:pos>
</gml:Point>
</pos>
<orgName>国土地理院</orgName>
<type>三角点</type>
<gcpClass>二等三角点</gcpClass>
<gcpCode>TR24928177501</gcpCode>
<name>奈留島</name>
<B>118127.8881</B>
<L>464199.5722</L>
<alti>145.69</alti>
<altiAcc>2</altiAcc>
</GCP>
<GCP gml:id="K1_492817_2">
<fid>10-00100-0-2402-28179</fid>
<lfSpanFr gml:id="K1_492817_2-1">
<gml:timePosition>2025-02-19</gml:timePosition>
</lfSpanFr>
<devDate gml:id="K1_492817_2-2">
<gml:timePosition>2025-03-17</gml:timePosition>
</devDate>
<orgGILvl>KJ13</orgGILvl>
<vis>表示</vis>
<pos>
<gml:Point gml:id="K1_492817_2-g" srsName="fguuid:jgd2011.bl">
<gml:pos>32.753658194 128.983833250</gml:pos>
</gml:Point>
</pos>
<orgName>国土地理院</orgName>
<type>三角点</type>
<gcpClass>三等三角点</gcpClass>
<gcpCode>TR34928170801</gcpCode>
<name>番岳</name>
<B>117913.1695</B>
<L>464341.7997</L>
<alti>264.38</alti>
<altiAcc>2</altiAcc>
</GCP>
<GCP gml:id="K1_492817_3">
<fid>10-00100-0-2402-28180</fid>
<lfSpanFr gml:id="K1_492817_3-1">
<gml:timePosition>2025-02-19</gml:timePosition>
</lfSpanFr>
<devDate gml:id="K1_492817_3-2">
<gml:timePosition>2025-03-17</gml:timePosition>
</devDate>
<orgGILvl>KJ13</orgGILvl>
<vis>表示</vis>
<pos>
<gml:Point gml:id="K1_492817_3-g" srsName="fguuid:jgd2011.bl">
<gml:pos>32.764633722 128.962956333</gml:pos>
</gml:Point>
</pos>
<orgName>国土地理院</orgName>
<type>三角点</type>
<gcpClass>三等三角点</gcpClass>
<gcpCode>TR34928171701</gcpCode>
<name>粒良</name>
<B>117952.6814</B>
<L>464266.6428</L>
<alti>276.17</alti>
<altiAcc>2</altiAcc>
</GCP>
<GCP gml:id="K1_492817_4">
<fid>10-00100-0-2402-28181</fid>
<lfSpanFr gml:id="K1_492817_4-1">
<gml:timePosition>2025-02-19</gml:timePosition>
</lfSpanFr>
<devDate gml:id="K1_492817_4-2">
<gml:timePosition>2025-03-17</gml:timePosition>
</devDate>
<orgGILvl>KJ13</orgGILvl>
<vis>表示</vis>
<pos>
<gml:Point gml:id="K1_492817_4-g" srsName="fguuid:jgd2011.bl">
<gml:pos>32.769688722 128.878977556</gml:pos>
</gml:Point>
</pos>
<orgName>国土地理院</orgName>
<type>三角点</type>
<gcpClass>三等三角点</gcpClass>
<gcpCode>TR34928172001</gcpCode>
<name>黒崎</name>
<B>117970.8794</B>
<L>463964.3192</L>
<alti>291.45</alti>
<altiAcc>2</altiAcc>
</GCP>
<GCP gml:id="K1_492817_5">
<fid>10-00100-0-2402-28182</fid>
<lfSpanFr gml:id="K1_492817_5-1">
<gml:timePosition>2025-02-19</gml:timePosition>
</lfSpanFr>
<devDate gml:id="K1_492817_5-2">
<gml:timePosition>2025-03-17</gml:timePosition>
</devDate>
<orgGILvl>KJ13</orgGILvl>
<vis>表示</vis>
<pos>
<gml:Point gml:id="K1_492817_5-g" srsName="fguuid:jgd2011.bl">
<gml:pos>32.798265111 128.893816361</gml:pos>
</gml:Point>
</pos>
<orgName>国土地理院</orgName>
<type>三角点</type>
<gcpClass>三等三角点</gcpClass>
<gcpCode>TR34928175101</gcpCode>
<name>白嶽</name>
<B>118073.7544</B>
<L>464017.7389</L>
<alti>292.39</alti>
<altiAcc>2</altiAcc>
</GCP>
<GCP gml:id="K1_492817_6">
<fid>10-00100-0-2402-28183</fid>
<lfSpanFr gml:id="K1_492817_6-1">
<gml:timePosition>2025-02-19</gml:timePosition>
</lfSpanFr>
<devDate gml:id="K1_492817_6-2">
<gml:timePosition>2025-03-17</gml:timePosition>
</devDate>
<orgGILvl>KJ13</orgGILvl>
<vis>表示</vis>
<pos>
<gml:Point gml:id="K1_492817_6-g" srsName="fguuid:jgd2011.bl">
<gml:pos>32.794909167 128.924514306</gml:pos>
</gml:Point>
</pos>
<orgName>国土地理院</orgName>
<type>三角点</type>
<gcpClass>三等三角点</gcpClass>
<gcpCode>TR34928175301</gcpCode>
<name>末津</name>
<B>118061.673</B>
<L>464128.2515</L>
<alti>60.12</alti>
<altiAcc>2</altiAcc>
</GCP>
<GCP gml:id="K1_492817_7">
<fid>10-00100-0-2402-28184</fid>
<lfSpanFr gml:id="K1_492817_7-1">
<gml:timePosition>2025-02-19</gml:timePosition>
</lfSpanFr>
<devDate gml:id="K1_492817_7-2">
<gml:timePosition>2025-03-17</gml:timePosition>
</devDate>
<orgGILvl>KJ13</orgGILvl>
<vis>表示</vis>
<pos>
<gml:Point gml:id="K1_492817_7-g" srsName="fguuid:jgd2011.bl">
<gml:pos>32.822485778 128.916253472</gml:pos>
</gml:Point>
</pos>
<orgName>国土地理院</orgName>
<type>三角点</type>
<gcpClass>三等三角点</gcpClass>
<gcpCode>TR34928178301</gcpCode>
<name>篝崎</name>
<B>118160.9488</B>
<L>464098.5125</L>
<alti>60.76</alti>
<altiAcc>2</altiAcc>
</GCP>
<GCP gml:id="K1_492817_8">
<fid>10-00100-0-2402-28185</fid>
<lfSpanFr gml:id="K1_492817_8-1">
<gml:timePosition>2025-02-19</gml:timePosition>
</lfSpanFr>
<devDate gml:id="K1_492817_8-2">
<gml:timePosition>2025-03-17</gml:timePosition>
</devDate>
<orgGILvl>KJ13</orgGILvl>
<vis>表示</vis>
<pos>
<gml:Point gml:id="K1_492817_8-g" srsName="fguuid:jgd2011.bl">
<gml:pos>32.827849417 128.876742111</gml:pos>
</gml:Point>
</pos>
<orgName>国土地理院</orgName>
<type>三角点</type>
<gcpClass>三等三角点</gcpClass>
<gcpCode>TR34928179001</gcpCode>
<name>楠泊</name>
<B>118180.2579</B>
<L>463956.2716</L>
<alti>220.47</alti>
<altiAcc>2</altiAcc>
</GCP>
<GCP gml:id="K1_492817_9">
<fid>10-00100-0-2402-64094</fid>
<lfSpanFr gml:id="K1_492817_9-1">
<gml:timePosition>2025-02-19</gml:timePosition>
</lfSpanFr>
<devDate gml:id="K1_492817_9-2">
<gml:timePosition>2025-03-17</gml:timePosition>
</devDate>
<orgGILvl>KJ14</orgGILvl>
<vis>表示</vis>
<pos>
<gml:Point gml:id="K1_492817_9-g" srsName="fguuid:jgd2011.bl">
<gml:pos>32.823923250 128.931150194</gml:pos>
</gml:Point>
</pos>
<orgName>国土地理院</orgName>
<type>三角点</type>
<gcpClass>四等三角点</gcpClass>
<gcpCode>TR44928178401</gcpCode>
<name>浦向</name>
<B>118166.1237</B>
<L>464152.1407</L>
<alti>114.78</alti>
<altiAcc>2</altiAcc>
</GCP>
<GCP gml:id="K1_492817_10">
<fid>10-00100-0-2402-64095</fid>
<lfSpanFr gml:id="K1_492817_10-1">
<gml:timePosition>2025-02-19</gml:timePosition>
</lfSpanFr>
<devDate gml:id="K1_492817_10-2">
<gml:timePosition>2025-03-17</gml:timePosition>
</devDate>
<orgGILvl>KJ14</orgGILvl>
<vis>表示</vis>
<pos>
<gml:Point gml:id="K1_492817_10-g" srsName="fguuid:jgd2011.bl">
<gml:pos>32.832216889 128.940620750</gml:pos>
</gml:Point>
</pos>
<orgName>国土地理院</orgName>
<type>三角点</type>
<gcpClass>四等三角点</gcpClass>
<gcpCode>TR44928179501</gcpCode>
<name>城岳</name>
<B>118195.9808</B>
<L>464186.2347</L>
<alti>188.73</alti>
<altiAcc>2</altiAcc>
</GCP>
</Dataset>
