<?xml version="1.0" encoding="utf-8"?>
<Dataset xsi:schemaLocation="http://fgd.gsi.go.jp/spec/2008/FGD_GMLSchema FGD_GMLSchema.xsd"
	xmlns:gml="http://www.opengis.net/gml/3.2"
	xmlns:xsi="http://www.w3.org/2001/XMLSchema-instance"
	xmlns:xlink="http://www.w3.org/1999/xlink"
	xmlns="http://fgd.gsi.go.jp/spec/2008/FGD_GMLSchema"
	gml:id="Dataset1">
  <gml:description>基盤地図情報メタデータ ID=fmdid:23-0401</gml:description>
  <gml:name>基盤地図情報ダウンロードデータ（GML版）</gml:name>
<RailCL gml:id="K21_4665311835_1">
<fid>46653-11835-s-1768</fid>
<lfSpanFr gml:id="K21_4665311835_1-1">
<gml:timePosition>2023-02-21</gml:timePosition>
</lfSpanFr>
<devDate gml:id="K21_4665311835_1-2">
<gml:timePosition>2023-03-31</gml:timePosition>
</devDate>
<orgGILvl>2500</orgGILvl>
<vis>表示</vis>
<loc>
<gml:Curve gml:id="K21_4665311835_1-g" srsName="fguuid:jgd2011.bl">
<gml:segments>
<gml:LineStringSegment>
<gml:posList>
32.881857218 129.600000000
32.881698706 129.599957888
</gml:posList>
</gml:LineStringSegment>
</gml:segments>
</gml:Curve>
</loc>
<type>特殊軌道</type>
</RailCL>
<RailCL gml:id="K21_4665611835_1">
<fid>46656-11835-s-1026</fid>
<lfSpanFr gml:id="K21_4665611835_1-1">
<gml:timePosition>2023-02-21</gml:timePosition>
</lfSpanFr>
<devDate gml:id="K21_4665611835_1-2">
<gml:timePosition>2023-03-31</gml:timePosition>
</devDate>
<orgGILvl>2500</orgGILvl>
<vis>表示</vis>
<loc>
<gml:Curve gml:id="K21_4665611835_1-g" srsName="fguuid:jgd2011.bl">
<gml:segments>
<gml:LineStringSegment>
<gml:posList>
32.882286139 129.600113953
32.882868917 129.600268194
32.883192528 129.600326806
</gml:posList>
</gml:LineStringSegment>
</gml:segments>
</gml:Curve>
</loc>
<type>特殊軌道</type>
</RailCL>
<RailCL gml:id="K21_4665611835_2">
<fid>46656-11835-s-1027</fid>
<lfSpanFr gml:id="K21_4665611835_2-1">
<gml:timePosition>2023-02-21</gml:timePosition>
</lfSpanFr>
<devDate gml:id="K21_4665611835_2-2">
<gml:timePosition>2023-03-31</gml:timePosition>
</devDate>
<orgGILvl>2500</orgGILvl>
<vis>表示</vis>
<loc>
<gml:Curve gml:id="K21_4665611835_2-g" srsName="fguuid:jgd2011.bl">
<gml:segments>
<gml:LineStringSegment>
<gml:posList>
32.883198056 129.600400556
32.882855722 129.600302806
32.882278350 129.600156160
</gml:posList>
</gml:LineStringSegment>
</gml:segments>
</gml:Curve>
</loc>
<type>特殊軌道</type>
</RailCL>
<RailCL gml:id="K21_4665611835_3">
<fid>46656-11835-s-1028</fid>
<lfSpanFr gml:id="K21_4665611835_3-1">
<gml:timePosition>2023-02-21</gml:timePosition>
</lfSpanFr>
<devDate gml:id="K21_4665611835_3-2">
<gml:timePosition>2023-03-31</gml:timePosition>
</devDate>
<orgGILvl>2500</orgGILvl>
<vis>表示</vis>
<loc>
<gml:Curve gml:id="K21_4665611835_3-g" srsName="fguuid:jgd2011.bl">
<gml:segments>
<gml:LineStringSegment>
<gml:posList>
32.882448139 129.600620611
32.881680694 129.600423000
</gml:posList>
</gml:LineStringSegment>
</gml:segments>
</gml:Curve>
</loc>
<type>索道</type>
</RailCL>
<RailCL gml:id="K21_4665611835_4">
<fid>46656-11835-s-1029</fid>
<lfSpanFr gml:id="K21_4665611835_4-1">
<gml:timePosition>2023-02-21</gml:timePosition>
</lfSpanFr>
<devDate gml:id="K21_4665611835_4-2">
<gml:timePosition>2023-03-31</gml:timePosition>
</devDate>
<orgGILvl>2500</orgGILvl>
<vis>表示</vis>
<loc>
<gml:Curve gml:id="K21_4665611835_4-g" srsName="fguuid:jgd2011.bl">
<gml:segments>
<gml:LineStringSegment>
<gml:posList>
32.882696861 129.600601222
32.883092639 129.600616639
</gml:posList>
</gml:LineStringSegment>
</gml:segments>
</gml:Curve>
</loc>
<type>索道</type>
</RailCL>
<RailCL gml:id="K21_4665611835_5">
<fid>46656-11835-s-1030</fid>
<lfSpanFr gml:id="K21_4665611835_5-1">
<gml:timePosition>2023-02-21</gml:timePosition>
</lfSpanFr>
<devDate gml:id="K21_4665611835_5-2">
<gml:timePosition>2023-03-31</gml:timePosition>
</devDate>
<orgGILvl>2500</orgGILvl>
<vis>表示</vis>
<loc>
<gml:Curve gml:id="K21_4665611835_5-g" srsName="fguuid:jgd2011.bl">
<gml:segments>
<gml:LineStringSegment>
<gml:posList>
32.883290139 129.600849000
32.882681306 129.600680611
</gml:posList>
</gml:LineStringSegment>
</gml:segments>
</gml:Curve>
</loc>
<type>索道</type>
</RailCL>
<RailCL gml:id="K21_4665611835_6">
<fid>46656-11835-s-1031</fid>
<lfSpanFr gml:id="K21_4665611835_6-1">
<gml:timePosition>2023-02-21</gml:timePosition>
</lfSpanFr>
<devDate gml:id="K21_4665611835_6-2">
<gml:timePosition>2023-03-31</gml:timePosition>
</devDate>
<orgGILvl>2500</orgGILvl>
<vis>表示</vis>
<loc>
<gml:Curve gml:id="K21_4665611835_6-g" srsName="fguuid:jgd2011.bl">
<gml:segments>
<gml:LineStringSegment>
<gml:posList>
32.882286139 129.600113953
32.881857218 129.600000000
</gml:posList>
</gml:LineStringSegment>
</gml:segments>
</gml:Curve>
</loc>
<type>特殊軌道</type>
</RailCL>
<RailCL gml:id="K21_4665611835_7">
<fid>46656-11835-s-1032</fid>
<lfSpanFr gml:id="K21_4665611835_7-1">
<gml:timePosition>2023-02-21</gml:timePosition>
</lfSpanFr>
<devDate gml:id="K21_4665611835_7-2">
<gml:timePosition>2023-03-31</gml:timePosition>
</devDate>
<orgGILvl>2500</orgGILvl>
<vis>表示</vis>
<loc>
<gml:Curve gml:id="K21_4665611835_7-g" srsName="fguuid:jgd2011.bl">
<gml:segments>
<gml:LineStringSegment>
<gml:posList>
32.882278350 129.600156160
32.881690918 129.600000094
</gml:posList>
</gml:LineStringSegment>
</gml:segments>
</gml:Curve>
</loc>
<type>特殊軌道</type>
</RailCL>
<RailCL gml:id="K21_4665611835_8">
<fid>46656-11835-s-1033</fid>
<lfSpanFr gml:id="K21_4665611835_8-1">
<gml:timePosition>2023-02-21</gml:timePosition>
</lfSpanFr>
<devDate gml:id="K21_4665611835_8-2">
<gml:timePosition>2023-03-31</gml:timePosition>
</devDate>
<orgGILvl>2500</orgGILvl>
<vis>表示</vis>
<loc>
<gml:Curve gml:id="K21_4665611835_8-g" srsName="fguuid:jgd2011.bl">
<gml:segments>
<gml:LineStringSegment>
<gml:posList>
32.882251773 129.601500064
32.882260896 129.601758389
32.882366494 129.601936531
32.882396603 129.602060262
32.882470808 129.602141785
32.882484644 129.602149165
</gml:posList>
</gml:LineStringSegment>
</gml:segments>
</gml:Curve>
</loc>
<type>索道</type>
</RailCL>
<RailCL gml:id="K21_4665611838_1">
<fid>46656-11838-s-1925</fid>
<lfSpanFr gml:id="K21_4665611838_1-1">
<gml:timePosition>2023-02-21</gml:timePosition>
</lfSpanFr>
<devDate gml:id="K21_4665611838_1-2">
<gml:timePosition>2023-03-31</gml:timePosition>
</devDate>
<orgGILvl>2500</orgGILvl>
<vis>表示</vis>
<loc>
<gml:Curve gml:id="K21_4665611838_1-g" srsName="fguuid:jgd2011.bl">
<gml:segments>
<gml:LineStringSegment>
<gml:posList>
32.886903639 129.601564167
32.886501556 129.603085333
32.886133028 129.604439389
32.886089139 129.604618361
</gml:posList>
</gml:LineStringSegment>
</gml:segments>
</gml:Curve>
</loc>
<type>特殊軌道</type>
</RailCL>
<RailCL gml:id="K21_4665611838_2">
<fid>46656-11838-s-1926</fid>
<lfSpanFr gml:id="K21_4665611838_2-1">
<gml:timePosition>2023-02-21</gml:timePosition>
</lfSpanFr>
<devDate gml:id="K21_4665611838_2-2">
<gml:timePosition>2023-03-31</gml:timePosition>
</devDate>
<orgGILvl>2500</orgGILvl>
<vis>表示</vis>
<loc>
<gml:Curve gml:id="K21_4665611838_2-g" srsName="fguuid:jgd2011.bl">
<gml:segments>
<gml:LineStringSegment>
<gml:posList>
32.887219083 129.601667778
32.887042139 129.602357583
32.886707528 129.603599889
32.886249139 129.605362639
</gml:posList>
</gml:LineStringSegment>
</gml:segments>
</gml:Curve>
</loc>
<type>特殊軌道</type>
</RailCL>
<RailCL gml:id="K21_4665611838_3">
<fid>46656-11838-s-1927</fid>
<lfSpanFr gml:id="K21_4665611838_3-1">
<gml:timePosition>2023-02-21</gml:timePosition>
</lfSpanFr>
<devDate gml:id="K21_4665611838_3-2">
<gml:timePosition>2023-03-31</gml:timePosition>
</devDate>
<orgGILvl>2500</orgGILvl>
<vis>表示</vis>
<loc>
<gml:Curve gml:id="K21_4665611838_3-g" srsName="fguuid:jgd2011.bl">
<gml:segments>
<gml:LineStringSegment>
<gml:posList>
32.887261538 129.600911958
32.887497250 129.601363806
32.887691250 129.601437861
</gml:posList>
</gml:LineStringSegment>
</gml:segments>
</gml:Curve>
</loc>
<type>索道</type>
</RailCL>
<RailCL gml:id="K21_4665611838_4">
<fid>46656-11838-s-1928</fid>
<lfSpanFr gml:id="K21_4665611838_4-1">
<gml:timePosition>2023-02-21</gml:timePosition>
</lfSpanFr>
<devDate gml:id="K21_4665611838_4-2">
<gml:timePosition>2023-03-31</gml:timePosition>
</devDate>
<orgGILvl>2500</orgGILvl>
<vis>表示</vis>
<loc>
<gml:Curve gml:id="K21_4665611838_4-g" srsName="fguuid:jgd2011.bl">
<gml:segments>
<gml:LineStringSegment>
<gml:posList>
32.885672500 129.601468278
32.885360944 129.601339333
32.883529361 129.600539972
</gml:posList>
</gml:LineStringSegment>
</gml:segments>
</gml:Curve>
</loc>
<type>索道</type>
</RailCL>
<RailCL gml:id="K21_4665611838_5">
<fid>46656-11838-s-1929</fid>
<lfSpanFr gml:id="K21_4665611838_5-1">
<gml:timePosition>2023-02-21</gml:timePosition>
</lfSpanFr>
<devDate gml:id="K21_4665611838_5-2">
<gml:timePosition>2023-03-31</gml:timePosition>
</devDate>
<orgGILvl>2500</orgGILvl>
<vis>表示</vis>
<loc>
<gml:Curve gml:id="K21_4665611838_5-g" srsName="fguuid:jgd2011.bl">
<gml:segments>
<gml:LineStringSegment>
<gml:posList>
32.886025944 129.604183833
32.885892167 129.603799972
</gml:posList>
</gml:LineStringSegment>
</gml:segments>
</gml:Curve>
</loc>
<type>索道</type>
</RailCL>
<RailCL gml:id="K21_4665611838_6">
<fid>46656-11838-s-1930</fid>
<lfSpanFr gml:id="K21_4665611838_6-1">
<gml:timePosition>2023-02-21</gml:timePosition>
</lfSpanFr>
<devDate gml:id="K21_4665611838_6-2">
<gml:timePosition>2023-03-31</gml:timePosition>
</devDate>
<orgGILvl>2500</orgGILvl>
<vis>表示</vis>
<loc>
<gml:Curve gml:id="K21_4665611838_6-g" srsName="fguuid:jgd2011.bl">
<gml:segments>
<gml:LineStringSegment>
<gml:posList>
32.885892167 129.603799972
32.885684167 129.603754417
32.885559000 129.603754917
</gml:posList>
</gml:LineStringSegment>
</gml:segments>
</gml:Curve>
</loc>
<type>索道</type>
</RailCL>
<RailCL gml:id="K21_4665611838_7">
<fid>46656-11838-s-1931</fid>
<lfSpanFr gml:id="K21_4665611838_7-1">
<gml:timePosition>2023-02-21</gml:timePosition>
</lfSpanFr>
<devDate gml:id="K21_4665611838_7-2">
<gml:timePosition>2023-03-31</gml:timePosition>
</devDate>
<orgGILvl>2500</orgGILvl>
<vis>表示</vis>
<loc>
<gml:Curve gml:id="K21_4665611838_7-g" srsName="fguuid:jgd2011.bl">
<gml:segments>
<gml:LineStringSegment>
<gml:posList>
32.885892167 129.603799972
32.885859500 129.603712083
</gml:posList>
</gml:LineStringSegment>
</gml:segments>
</gml:Curve>
</loc>
<type>索道</type>
</RailCL>
<RailCL gml:id="K21_4665611838_8">
<fid>46656-11838-s-1932</fid>
<lfSpanFr gml:id="K21_4665611838_8-1">
<gml:timePosition>2023-02-21</gml:timePosition>
</lfSpanFr>
<devDate gml:id="K21_4665611838_8-2">
<gml:timePosition>2023-03-31</gml:timePosition>
</devDate>
<orgGILvl>2500</orgGILvl>
<vis>表示</vis>
<loc>
<gml:Curve gml:id="K21_4665611838_8-g" srsName="fguuid:jgd2011.bl">
<gml:segments>
<gml:LineStringSegment>
<gml:posList>
32.887075061 129.602340306
32.887133020 129.602370620
32.887151681 129.602378871
32.887168901 129.602383594
32.887193427 129.602385973
32.887235810 129.602386770
32.887287396 129.602382661
32.887405994 129.602365483
</gml:posList>
</gml:LineStringSegment>
</gml:segments>
</gml:Curve>
</loc>
<type>特殊軌道</type>
</RailCL>
<RailCL gml:id="K21_4665611838_9">
<fid>46656-11838-s-1933</fid>
<lfSpanFr gml:id="K21_4665611838_9-1">
<gml:timePosition>2023-02-21</gml:timePosition>
</lfSpanFr>
<devDate gml:id="K21_4665611838_9-2">
<gml:timePosition>2023-03-31</gml:timePosition>
</devDate>
<orgGILvl>2500</orgGILvl>
<vis>表示</vis>
<loc>
<gml:Curve gml:id="K21_4665611838_9-g" srsName="fguuid:jgd2011.bl">
<gml:segments>
<gml:LineStringSegment>
<gml:posList>
32.887318260 129.602354160
32.887405994 129.602365483
</gml:posList>
</gml:LineStringSegment>
</gml:segments>
</gml:Curve>
</loc>
<type>特殊軌道</type>
</RailCL>
<RailCL gml:id="K21_4665611838_10">
<fid>46656-11838-s-1934</fid>
<lfSpanFr gml:id="K21_4665611838_10-1">
<gml:timePosition>2023-02-21</gml:timePosition>
</lfSpanFr>
<devDate gml:id="K21_4665611838_10-2">
<gml:timePosition>2023-03-31</gml:timePosition>
</devDate>
<orgGILvl>2500</orgGILvl>
<vis>表示</vis>
<loc>
<gml:Curve gml:id="K21_4665611838_10-g" srsName="fguuid:jgd2011.bl">
<gml:segments>
<gml:LineStringSegment>
<gml:posList>
32.887261538 129.600911958
32.887233591 129.600856584
32.887217346 129.600849586
</gml:posList>
</gml:LineStringSegment>
</gml:segments>
</gml:Curve>
</loc>
<type>索道</type>
</RailCL>
<RailCL gml:id="K21_4665611838_11">
<fid>46656-11838-s-1935</fid>
<lfSpanFr gml:id="K21_4665611838_11-1">
<gml:timePosition>2023-02-21</gml:timePosition>
</lfSpanFr>
<devDate gml:id="K21_4665611838_11-2">
<gml:timePosition>2023-03-31</gml:timePosition>
</devDate>
<orgGILvl>2500</orgGILvl>
<vis>表示</vis>
<loc>
<gml:Curve gml:id="K21_4665611838_11-g" srsName="fguuid:jgd2011.bl">
<gml:segments>
<gml:LineStringSegment>
<gml:posList>
32.887554867 129.601683552
32.887591923 129.601824795
</gml:posList>
</gml:LineStringSegment>
</gml:segments>
</gml:Curve>
</loc>
<type>索道</type>
</RailCL>
<RailCL gml:id="K21_4665611838_12">
<fid>46656-11838-s-1936</fid>
<lfSpanFr gml:id="K21_4665611838_12-1">
<gml:timePosition>2023-02-21</gml:timePosition>
</lfSpanFr>
<devDate gml:id="K21_4665611838_12-2">
<gml:timePosition>2023-03-31</gml:timePosition>
</devDate>
<orgGILvl>2500</orgGILvl>
<vis>表示</vis>
<loc>
<gml:Curve gml:id="K21_4665611838_12-g" srsName="fguuid:jgd2011.bl">
<gml:segments>
<gml:LineStringSegment>
<gml:posList>
32.887845769 129.601143997
32.887931777 129.601315126
</gml:posList>
</gml:LineStringSegment>
</gml:segments>
</gml:Curve>
</loc>
<type>索道</type>
</RailCL>
<RailCL gml:id="K21_4665611838_13">
<fid>46656-11838-s-1937</fid>
<lfSpanFr gml:id="K21_4665611838_13-1">
<gml:timePosition>2023-02-21</gml:timePosition>
</lfSpanFr>
<devDate gml:id="K21_4665611838_13-2">
<gml:timePosition>2023-03-31</gml:timePosition>
</devDate>
<orgGILvl>2500</orgGILvl>
<vis>表示</vis>
<loc>
<gml:Curve gml:id="K21_4665611838_13-g" srsName="fguuid:jgd2011.bl">
<gml:segments>
<gml:LineStringSegment>
<gml:posList>
32.887816124 129.601047118
32.887831062 129.601107961
</gml:posList>
</gml:LineStringSegment>
</gml:segments>
</gml:Curve>
</loc>
<type>索道</type>
</RailCL>
<RailCL gml:id="K21_4665611838_14">
<fid>46656-11838-s-1938</fid>
<lfSpanFr gml:id="K21_4665611838_14-1">
<gml:timePosition>2023-02-21</gml:timePosition>
</lfSpanFr>
<devDate gml:id="K21_4665611838_14-2">
<gml:timePosition>2023-03-31</gml:timePosition>
</devDate>
<orgGILvl>2500</orgGILvl>
<vis>表示</vis>
<loc>
<gml:Curve gml:id="K21_4665611838_14-g" srsName="fguuid:jgd2011.bl">
<gml:segments>
<gml:LineStringSegment>
<gml:posList>
32.887405994 129.602365483
32.887548847 129.602353249
32.887678982 129.602343352
32.887699996 129.602340597
32.887716683 129.602335273
32.887729133 129.602328446
32.887746818 129.602317244
32.887767123 129.602298777
32.887815947 129.602252981
32.887844824 129.602227684
32.887866929 129.602213494
32.887889212 129.602202724
32.887909055 129.602199006
32.887927993 129.602197959
32.887944042 129.602201825
32.887961078 129.602210289
32.887976759 129.602222705
32.887994150 129.602238864
32.888005862 129.602252986
32.888016219 129.602269778
32.888134650 129.602457063
</gml:posList>
</gml:LineStringSegment>
</gml:segments>
</gml:Curve>
</loc>
<type>特殊軌道</type>
</RailCL>
</Dataset>
