<?xml version="1.0" encoding="utf-8"?>
<Dataset xsi:schemaLocation="http://fgd.gsi.go.jp/spec/2008/FGD_GMLSchema FGD_GMLSchema.xsd"
	xmlns:gml="http://www.opengis.net/gml/3.2"
	xmlns:xsi="http://www.w3.org/2001/XMLSchema-instance"
	xmlns:xlink="http://www.w3.org/1999/xlink"
	xmlns="http://fgd.gsi.go.jp/spec/2008/FGD_GMLSchema"
	gml:id="Dataset1">
  <gml:description>基盤地図情報メタデータ ID=fmdid:23-0401</gml:description>
  <gml:name>基盤地図情報ダウンロードデータ（GML版）</gml:name>
<GCP gml:id="K1_492924_1">
<fid>10-00100-0-2203-413497</fid>
<lfSpanFr gml:id="K1_492924_1-1">
<gml:timePosition>2023-03-28</gml:timePosition>
</lfSpanFr>
<devDate gml:id="K1_492924_1-2">
<gml:timePosition>2023-03-31</gml:timePosition>
</devDate>
<orgGILvl>KJ12</orgGILvl>
<vis>表示</vis>
<pos>
<gml:Point gml:id="K1_492924_1-g" srsName="fguuid:jgd2011.bl">
<gml:pos>32.866624583 129.559560917</gml:pos>
</gml:Point>
</pos>
<orgName>国土地理院</orgName>
<type>三角点</type>
<gcpClass>二等三角点</gcpClass>
<gcpCode>TR24929243401</gcpCode>
<name>大蟇島</name>
<B>118319.8485</B>
<L>466414.4193</L>
<alti>78.38</alti>
<altiAcc>2</altiAcc>
</GCP>
<GCP gml:id="K1_492924_2">
<fid>10-00100-0-2203-420067</fid>
<lfSpanFr gml:id="K1_492924_2-1">
<gml:timePosition>2023-03-28</gml:timePosition>
</lfSpanFr>
<devDate gml:id="K1_492924_2-2">
<gml:timePosition>2023-03-31</gml:timePosition>
</devDate>
<orgGILvl>KJ13</orgGILvl>
<vis>表示</vis>
<pos>
<gml:Point gml:id="K1_492924_2-g" srsName="fguuid:jgd2011.bl">
<gml:pos>32.884077694 129.594571472</gml:pos>
</gml:Point>
</pos>
<orgName>国土地理院</orgName>
<type>三角点</type>
<gcpClass>三等三角点</gcpClass>
<gcpCode>TR34929246701</gcpCode>
<name>池島</name>
<B>118382.6797</B>
<L>466540.4573</L>
<alti>114.68</alti>
<altiAcc>2</altiAcc>
</GCP>
</Dataset>
