<?xml version="1.0" encoding="utf-8"?>
<Dataset xsi:schemaLocation="http://fgd.gsi.go.jp/spec/2008/FGD_GMLSchema FGD_GMLSchema.xsd"
	xmlns:gml="http://www.opengis.net/gml/3.2"
	xmlns:xsi="http://www.w3.org/2001/XMLSchema-instance"
	xmlns:xlink="http://www.w3.org/1999/xlink"
	xmlns="http://fgd.gsi.go.jp/spec/2008/FGD_GMLSchema"
	gml:id="Dataset1">
  <gml:description>基盤地図情報メタデータ ID=fmdid:23-0401</gml:description>
  <gml:name>基盤地図情報ダウンロードデータ（GML版）</gml:name>
<ElevPt gml:id="K2_4663811832_1">
<fid>46638-11832-i-140</fid>
<lfSpanFr gml:id="K2_4663811832_1-1">
<gml:timePosition>2023-02-21</gml:timePosition>
</lfSpanFr>
<devDate gml:id="K2_4663811832_1-2">
<gml:timePosition>2023-03-31</gml:timePosition>
</devDate>
<orgGILvl>25000</orgGILvl>
<vis>表示</vis>
<pos>
<gml:Point gml:id="K2_4663811832_1-g" srsName="fguuid:jgd2011.bl">
<gml:pos>32.868880833 129.554346389</gml:pos>
</gml:Point>
</pos>
<type>標高点（測点）</type>
<alti>34</alti>
</ElevPt>
<ElevPt gml:id="K2_4664411832_1">
<fid>46644-11832-i-11</fid>
<lfSpanFr gml:id="K2_4664411832_1-1">
<gml:timePosition>2023-02-21</gml:timePosition>
</lfSpanFr>
<devDate gml:id="K2_4664411832_1-2">
<gml:timePosition>2023-03-31</gml:timePosition>
</devDate>
<orgGILvl>25000</orgGILvl>
<vis>表示</vis>
<pos>
<gml:Point gml:id="K2_4664411832_1-g" srsName="fguuid:jgd2011.bl">
<gml:pos>32.869386667 129.567405556</gml:pos>
</gml:Point>
</pos>
<type>標高点（測点）</type>
<alti>48</alti>
</ElevPt>
<ElevPt gml:id="K2_4665611838_1">
<fid>46656-11838-i-644</fid>
<lfSpanFr gml:id="K2_4665611838_1-1">
<gml:timePosition>2023-02-21</gml:timePosition>
</lfSpanFr>
<devDate gml:id="K2_4665611838_1-2">
<gml:timePosition>2023-03-31</gml:timePosition>
</devDate>
<orgGILvl>25000</orgGILvl>
<vis>表示</vis>
<pos>
<gml:Point gml:id="K2_4665611838_1-g" srsName="fguuid:jgd2011.bl">
<gml:pos>32.884895556 129.602329444</gml:pos>
</gml:Point>
</pos>
<type>標高点（測点）</type>
<alti>76</alti>
</ElevPt>
</Dataset>
