<?xml version="1.0" encoding="utf-8"?>
<Dataset xsi:schemaLocation="http://fgd.gsi.go.jp/spec/2008/FGD_GMLSchema FGD_GMLSchema.xsd"
	xmlns:gml="http://www.opengis.net/gml/3.2"
	xmlns:xsi="http://www.w3.org/2001/XMLSchema-instance"
	xmlns:xlink="http://www.w3.org/1999/xlink"
	xmlns="http://fgd.gsi.go.jp/spec/2008/FGD_GMLSchema"
	gml:id="Dataset1">
  <gml:description>基盤地図情報メタデータ ID=fmdid:23-0401</gml:description>
  <gml:name>基盤地図情報ダウンロードデータ（GML版）</gml:name>
<WL gml:id="K13_4664111832_1">
<fid>46641-11832-s-1230</fid>
<lfSpanFr gml:id="K13_4664111832_1-1">
<gml:timePosition>2023-02-21</gml:timePosition>
</lfSpanFr>
<devDate gml:id="K13_4664111832_1-2">
<gml:timePosition>2023-03-31</gml:timePosition>
</devDate>
<orgGILvl>2500</orgGILvl>
<loc>
<gml:Curve gml:id="K13_4664111832_1-g" srsName="fguuid:jgd2011.bl">
<gml:segments>
<gml:LineStringSegment>
<gml:posList>
32.867896667 129.561877139
32.867937972 129.561870750
32.867942028 129.561879500
32.867941222 129.561885806
32.867939333 129.561893389
32.867898278 129.561899139
32.867896667 129.561877139
</gml:posList>
</gml:LineStringSegment>
</gml:segments>
</gml:Curve>
</loc>
<type>水涯線（河川）</type>
</WL>
<WL gml:id="K13_4665311835_1">
<fid>46653-11835-s-1918</fid>
<lfSpanFr gml:id="K13_4665311835_1-1">
<gml:timePosition>2023-02-21</gml:timePosition>
</lfSpanFr>
<devDate gml:id="K13_4665311835_1-2">
<gml:timePosition>2023-03-31</gml:timePosition>
</devDate>
<orgGILvl>2500</orgGILvl>
<loc>
<gml:Curve gml:id="K13_4665311835_1-g" srsName="fguuid:jgd2011.bl">
<gml:segments>
<gml:LineStringSegment>
<gml:posList>
32.883333333 129.594891139
32.883299944 129.594884722
32.883333333 129.594640972
</gml:posList>
</gml:LineStringSegment>
</gml:segments>
</gml:Curve>
</loc>
<type>水涯線（河川）</type>
</WL>
<WL gml:id="K13_4665311838_1">
<fid>46653-11838-s-1188</fid>
<lfSpanFr gml:id="K13_4665311838_1-1">
<gml:timePosition>2023-02-21</gml:timePosition>
</lfSpanFr>
<devDate gml:id="K13_4665311838_1-2">
<gml:timePosition>2023-03-31</gml:timePosition>
</devDate>
<orgGILvl>2500</orgGILvl>
<loc>
<gml:Curve gml:id="K13_4665311838_1-g" srsName="fguuid:jgd2011.bl">
<gml:segments>
<gml:LineStringSegment>
<gml:posList>
32.885914722 129.597834361
32.885703222 129.598129861
32.885658167 129.598188389
32.885445556 129.598378167
32.885336639 129.598380194
32.885242528 129.598534083
32.885185972 129.598687083
32.885141500 129.598798083
32.885010056 129.599009444
32.884799861 129.599208111
32.884630028 129.599236444
32.884523194 129.599309111
32.884451694 129.599416667
32.884430139 129.599523722
32.884427556 129.599726056
32.884353611 129.599828778
32.884297361 129.599908972
</gml:posList>
</gml:LineStringSegment>
</gml:segments>
</gml:Curve>
</loc>
<type>一条河川</type>
</WL>
<WL gml:id="K13_4665311838_2">
<fid>46653-11838-s-1189</fid>
<lfSpanFr gml:id="K13_4665311838_2-1">
<gml:timePosition>2023-02-21</gml:timePosition>
</lfSpanFr>
<devDate gml:id="K13_4665311838_2-2">
<gml:timePosition>2023-03-31</gml:timePosition>
</devDate>
<orgGILvl>2500</orgGILvl>
<loc>
<gml:Curve gml:id="K13_4665311838_2-g" srsName="fguuid:jgd2011.bl">
<gml:segments>
<gml:LineStringSegment>
<gml:posList>
32.886302611 129.598027167
32.886329167 129.597984861
</gml:posList>
</gml:LineStringSegment>
</gml:segments>
</gml:Curve>
</loc>
<type>一条河川</type>
</WL>
<WL gml:id="K13_4665311838_3">
<fid>46653-11838-s-1190</fid>
<lfSpanFr gml:id="K13_4665311838_3-1">
<gml:timePosition>2023-02-21</gml:timePosition>
</lfSpanFr>
<devDate gml:id="K13_4665311838_3-2">
<gml:timePosition>2023-03-31</gml:timePosition>
</devDate>
<orgGILvl>2500</orgGILvl>
<loc>
<gml:Curve gml:id="K13_4665311838_3-g" srsName="fguuid:jgd2011.bl">
<gml:segments>
<gml:LineStringSegment>
<gml:posList>
32.885056222 129.597170139
32.885071639 129.597148556
32.885091139 129.597127083
32.885139806 129.597060444
32.885224750 129.596953778
32.885281500 129.596895278
32.885340000 129.596834000
32.885423722 129.596777528
</gml:posList>
</gml:LineStringSegment>
</gml:segments>
</gml:Curve>
</loc>
<type>一条河川</type>
</WL>
<WL gml:id="K13_4665311838_4">
<fid>46653-11838-s-1191</fid>
<lfSpanFr gml:id="K13_4665311838_4-1">
<gml:timePosition>2023-02-21</gml:timePosition>
</lfSpanFr>
<devDate gml:id="K13_4665311838_4-2">
<gml:timePosition>2023-03-31</gml:timePosition>
</devDate>
<orgGILvl>2500</orgGILvl>
<loc>
<gml:Curve gml:id="K13_4665311838_4-g" srsName="fguuid:jgd2011.bl">
<gml:segments>
<gml:LineStringSegment>
<gml:posList>
32.885443666 129.596762919
32.885527827 129.596718453
</gml:posList>
</gml:LineStringSegment>
</gml:segments>
</gml:Curve>
</loc>
<type>一条河川</type>
</WL>
<WL gml:id="K13_4665311838_5">
<fid>46653-11838-s-1291</fid>
<lfSpanFr gml:id="K13_4665311838_5-1">
<gml:timePosition>2023-02-21</gml:timePosition>
</lfSpanFr>
<devDate gml:id="K13_4665311838_5-2">
<gml:timePosition>2023-03-31</gml:timePosition>
</devDate>
<orgGILvl>2500</orgGILvl>
<loc>
<gml:Curve gml:id="K13_4665311838_5-g" srsName="fguuid:jgd2011.bl">
<gml:segments>
<gml:LineStringSegment>
<gml:posList>
32.887868750 129.599621944
32.887923639 129.599759472
32.887847778 129.599799889
32.887793417 129.599659167
32.887868750 129.599621944
</gml:posList>
</gml:LineStringSegment>
</gml:segments>
</gml:Curve>
</loc>
<type>水涯線（河川）</type>
</WL>
<WL gml:id="K13_4665311838_6">
<fid>46653-11838-s-1292</fid>
<lfSpanFr gml:id="K13_4665311838_6-1">
<gml:timePosition>2023-02-21</gml:timePosition>
</lfSpanFr>
<devDate gml:id="K13_4665311838_6-2">
<gml:timePosition>2023-03-31</gml:timePosition>
</devDate>
<orgGILvl>2500</orgGILvl>
<loc>
<gml:Curve gml:id="K13_4665311838_6-g" srsName="fguuid:jgd2011.bl">
<gml:segments>
<gml:LineStringSegment>
<gml:posList>
32.883403222 129.594382611
32.883411889 129.594375667
32.883427111 129.594370333
32.883442278 129.594372806
32.883457417 129.594377639
32.883471194 129.594393472
32.883476417 129.594404389
32.883476333 129.594417000
32.883473500 129.594444361
32.883465167 129.594505250
32.883458194 129.594558361
32.883450583 129.594598972
32.883339139 129.594577583
32.883342667 129.594541583
32.883358139 129.594501833
32.883371583 129.594464444
32.883383778 129.594430889
32.883393833 129.594403667
32.883403222 129.594382611
</gml:posList>
</gml:LineStringSegment>
</gml:segments>
</gml:Curve>
</loc>
<type>水涯線（河川）</type>
</WL>
<WL gml:id="K13_4665311838_7">
<fid>46653-11838-s-1293</fid>
<lfSpanFr gml:id="K13_4665311838_7-1">
<gml:timePosition>2023-02-21</gml:timePosition>
</lfSpanFr>
<devDate gml:id="K13_4665311838_7-2">
<gml:timePosition>2023-03-31</gml:timePosition>
</devDate>
<orgGILvl>2500</orgGILvl>
<loc>
<gml:Curve gml:id="K13_4665311838_7-g" srsName="fguuid:jgd2011.bl">
<gml:segments>
<gml:LineStringSegment>
<gml:posList>
32.883333333 129.594640972
32.883335139 129.594627806
32.883460444 129.594652000
32.883425194 129.594908778
32.883333333 129.594891139
</gml:posList>
</gml:LineStringSegment>
</gml:segments>
</gml:Curve>
</loc>
<type>水涯線（河川）</type>
</WL>
<WL gml:id="K13_4665311838_8">
<fid>46653-11838-s-1294</fid>
<lfSpanFr gml:id="K13_4665311838_8-1">
<gml:timePosition>2023-02-21</gml:timePosition>
</lfSpanFr>
<devDate gml:id="K13_4665311838_8-2">
<gml:timePosition>2023-03-31</gml:timePosition>
</devDate>
<orgGILvl>2500</orgGILvl>
<loc>
<gml:Curve gml:id="K13_4665311838_8-g" srsName="fguuid:jgd2011.bl">
<gml:segments>
<gml:LineStringSegment>
<gml:posList>
32.886247306 129.596336917
32.886178111 129.596373722
32.885844306 129.596562944
32.885838889 129.596549389
32.886172694 129.596360250
32.886242167 129.596323222
32.886392556 129.596243778
32.886397694 129.596257444
32.886247306 129.596336917
</gml:posList>
</gml:LineStringSegment>
</gml:segments>
</gml:Curve>
</loc>
<type>水涯線（河川）</type>
</WL>
<WL gml:id="K13_4665311838_9">
<fid>46653-11838-s-1295</fid>
<lfSpanFr gml:id="K13_4665311838_9-1">
<gml:timePosition>2023-02-21</gml:timePosition>
</lfSpanFr>
<devDate gml:id="K13_4665311838_9-2">
<gml:timePosition>2023-03-31</gml:timePosition>
</devDate>
<orgGILvl>2500</orgGILvl>
<loc>
<gml:Curve gml:id="K13_4665311838_9-g" srsName="fguuid:jgd2011.bl">
<gml:segments>
<gml:LineStringSegment>
<gml:posList>
32.884126917 129.596592528
32.884218361 129.596703444
32.884055917 129.596890417
32.883964556 129.596773167
32.884126306 129.596592528
32.884126917 129.596592528
</gml:posList>
</gml:LineStringSegment>
</gml:segments>
</gml:Curve>
</loc>
<type>水涯線（河川）</type>
</WL>
<WL gml:id="K13_4665311838_10">
<fid>46653-11838-s-1296</fid>
<lfSpanFr gml:id="K13_4665311838_10-1">
<gml:timePosition>2023-02-21</gml:timePosition>
</lfSpanFr>
<devDate gml:id="K13_4665311838_10-2">
<gml:timePosition>2023-03-31</gml:timePosition>
</devDate>
<orgGILvl>2500</orgGILvl>
<loc>
<gml:Curve gml:id="K13_4665311838_10-g" srsName="fguuid:jgd2011.bl">
<gml:segments>
<gml:LineStringSegment>
<gml:posList>
32.887146762 129.597358810
32.887124564 129.597376421
32.887048591 129.597431381
32.886942394 129.597505012
32.886938163 129.597495816
32.887044270 129.597422292
32.887119972 129.597367438
32.887141619 129.597350243
32.887146762 129.597358810
</gml:posList>
</gml:LineStringSegment>
</gml:segments>
</gml:Curve>
</loc>
<type>水涯線（河川）</type>
</WL>
<WL gml:id="K13_4665311838_11">
<fid>46653-11838-s-1297</fid>
<lfSpanFr gml:id="K13_4665311838_11-1">
<gml:timePosition>2023-02-21</gml:timePosition>
</lfSpanFr>
<devDate gml:id="K13_4665311838_11-2">
<gml:timePosition>2023-03-31</gml:timePosition>
</devDate>
<orgGILvl>2500</orgGILvl>
<loc>
<gml:Curve gml:id="K13_4665311838_11-g" srsName="fguuid:jgd2011.bl">
<gml:segments>
<gml:LineStringSegment>
<gml:posList>
32.886904770 129.597529767
32.886847121 129.597562088
32.886766918 129.597606356
32.886720999 129.597630033
32.886682658 129.597649229
32.886634033 129.597673330
32.886533438 129.597732966
32.886516925 129.597746094
32.886506277 129.597755167
32.886495897 129.597766271
32.886487323 129.597776415
32.886457893 129.597817104
32.886366265 129.597940128
32.886359508 129.597933066
32.886451135 129.597810149
32.886480745 129.597769140
32.886489681 129.597758462
32.886500602 129.597746824
32.886511791 129.597737324
32.886528936 129.597723769
32.886630253 129.597663600
32.886679149 129.597639392
32.886717489 129.597620196
32.886763228 129.597596626
32.886843341 129.597552358
32.886900900 129.597520144
32.886904770 129.597529767
</gml:posList>
</gml:LineStringSegment>
</gml:segments>
</gml:Curve>
</loc>
<type>水涯線（河川）</type>
</WL>
<WL gml:id="K13_4665311838_12">
<fid>46653-11838-s-1298</fid>
<lfSpanFr gml:id="K13_4665311838_12-1">
<gml:timePosition>2023-02-21</gml:timePosition>
</lfSpanFr>
<devDate gml:id="K13_4665311838_12-2">
<gml:timePosition>2023-03-31</gml:timePosition>
</devDate>
<orgGILvl>2500</orgGILvl>
<loc>
<gml:Curve gml:id="K13_4665311838_12-g" srsName="fguuid:jgd2011.bl">
<gml:segments>
<gml:LineStringSegment>
<gml:posList>
32.887797028 129.599435472
32.887853361 129.599577056
32.887773972 129.599620667
32.887718361 129.599482417
32.887797028 129.599435472
</gml:posList>
</gml:LineStringSegment>
</gml:segments>
</gml:Curve>
</loc>
<type>水涯線（河川）</type>
</WL>
<WL gml:id="K13_4665611838_1">
<fid>46656-11838-s-1606</fid>
<lfSpanFr gml:id="K13_4665611838_1-1">
<gml:timePosition>2023-02-21</gml:timePosition>
</lfSpanFr>
<devDate gml:id="K13_4665611838_1-2">
<gml:timePosition>2023-03-31</gml:timePosition>
</devDate>
<orgGILvl>2500</orgGILvl>
<loc>
<gml:Curve gml:id="K13_4665611838_1-g" srsName="fguuid:jgd2011.bl">
<gml:segments>
<gml:LineStringSegment>
<gml:posList>
32.887514611 129.602209556
32.887451306 129.602188000
32.887528111 129.601904000
32.887591583 129.601924500
32.887514611 129.602209556
</gml:posList>
</gml:LineStringSegment>
</gml:segments>
</gml:Curve>
</loc>
<type>水涯線（河川）</type>
</WL>
<WL gml:id="K13_4665611838_2">
<fid>46656-11838-s-2069</fid>
<lfSpanFr gml:id="K13_4665611838_2-1">
<gml:timePosition>2023-02-21</gml:timePosition>
</lfSpanFr>
<devDate gml:id="K13_4665611838_2-2">
<gml:timePosition>2023-03-31</gml:timePosition>
</devDate>
<orgGILvl>2500</orgGILvl>
<loc>
<gml:Curve gml:id="K13_4665611838_2-g" srsName="fguuid:jgd2011.bl">
<gml:segments>
<gml:LineStringSegment>
<gml:posList>
32.886984889 129.600436028
32.887059889 129.600469667
32.887026083 129.600561778
32.886957500 129.600530167
32.886984889 129.600436028
</gml:posList>
</gml:LineStringSegment>
</gml:segments>
</gml:Curve>
</loc>
<type>水涯線（河川）</type>
</WL>
<WL gml:id="K13_4665611838_3">
<fid>46656-11838-s-2070</fid>
<lfSpanFr gml:id="K13_4665611838_3-1">
<gml:timePosition>2023-02-21</gml:timePosition>
</lfSpanFr>
<devDate gml:id="K13_4665611838_3-2">
<gml:timePosition>2023-03-31</gml:timePosition>
</devDate>
<orgGILvl>2500</orgGILvl>
<loc>
<gml:Curve gml:id="K13_4665611838_3-g" srsName="fguuid:jgd2011.bl">
<gml:segments>
<gml:LineStringSegment>
<gml:posList>
32.887691750 129.601953583
32.887610889 129.602257139
32.887538306 129.602231722
32.887618806 129.601930500
32.887691750 129.601953583
</gml:posList>
</gml:LineStringSegment>
</gml:segments>
</gml:Curve>
</loc>
<type>水涯線（河川）</type>
</WL>
<WL gml:id="K13_4665611838_4">
<fid>46656-11838-s-2071</fid>
<lfSpanFr gml:id="K13_4665611838_4-1">
<gml:timePosition>2023-02-21</gml:timePosition>
</lfSpanFr>
<devDate gml:id="K13_4665611838_4-2">
<gml:timePosition>2023-03-31</gml:timePosition>
</devDate>
<orgGILvl>2500</orgGILvl>
<loc>
<gml:Curve gml:id="K13_4665611838_4-g" srsName="fguuid:jgd2011.bl">
<gml:segments>
<gml:LineStringSegment>
<gml:posList>
32.887786306 129.601995361
32.887709500 129.602292083
32.887626750 129.602263778
32.887709306 129.601967917
32.887786306 129.601995361
</gml:posList>
</gml:LineStringSegment>
</gml:segments>
</gml:Curve>
</loc>
<type>水涯線（河川）</type>
</WL>
<WL gml:id="K13_4665611838_5">
<fid>46656-11838-s-2072</fid>
<lfSpanFr gml:id="K13_4665611838_5-1">
<gml:timePosition>2023-02-21</gml:timePosition>
</lfSpanFr>
<devDate gml:id="K13_4665611838_5-2">
<gml:timePosition>2023-03-31</gml:timePosition>
</devDate>
<orgGILvl>2500</orgGILvl>
<loc>
<gml:Curve gml:id="K13_4665611838_5-g" srsName="fguuid:jgd2011.bl">
<gml:segments>
<gml:LineStringSegment>
<gml:posList>
32.887428417 129.602177500
32.887358639 129.602153056
32.887418444 129.601925361
32.887487944 129.601948750
32.887428417 129.602177500
</gml:posList>
</gml:LineStringSegment>
</gml:segments>
</gml:Curve>
</loc>
<type>水涯線（河川）</type>
</WL>
</Dataset>
