<?xml version="1.0" encoding="utf-8"?>
<Dataset xsi:schemaLocation="http://fgd.gsi.go.jp/spec/2008/FGD_GMLSchema FGD_GMLSchema.xsd"
	xmlns:gml="http://www.opengis.net/gml/3.2"
	xmlns:xsi="http://www.w3.org/2001/XMLSchema-instance"
	xmlns:xlink="http://www.w3.org/1999/xlink"
	xmlns="http://fgd.gsi.go.jp/spec/2008/FGD_GMLSchema"
	gml:id="Dataset1">
  <gml:description>基盤地図情報メタデータ ID=fmdid:24-0401</gml:description>
  <gml:name>基盤地図情報ダウンロードデータ（GML版）</gml:name>
<WStrL gml:id="K27_4648511871_1">
<fid>46485-11871-s-544</fid>
<lfSpanFr gml:id="K27_4648511871_1-1">
<gml:timePosition>2015-11-17</gml:timePosition>
</lfSpanFr>
<devDate gml:id="K27_4648511871_1-2">
<gml:timePosition>2024-03-13</gml:timePosition>
</devDate>
<orgGILvl>2500</orgGILvl>
<vis>表示</vis>
<loc>
<gml:Curve gml:id="K27_4648511871_1-g" srsName="fguuid:jgd2011.bl">
<gml:segments>
<gml:LineStringSegment>
<gml:posList>
32.977668854 129.131558546
32.977795252 129.131560771
</gml:posList>
</gml:LineStringSegment>
</gml:segments>
</gml:Curve>
</loc>
<type>せき</type>
</WStrL>
<WStrL gml:id="K27_4648511871_2">
<fid>46485-11871-s-545</fid>
<lfSpanFr gml:id="K27_4648511871_2-1">
<gml:timePosition>2015-11-17</gml:timePosition>
</lfSpanFr>
<devDate gml:id="K27_4648511871_2-2">
<gml:timePosition>2024-03-13</gml:timePosition>
</devDate>
<orgGILvl>2500</orgGILvl>
<vis>表示</vis>
<loc>
<gml:Curve gml:id="K27_4648511871_2-g" srsName="fguuid:jgd2011.bl">
<gml:segments>
<gml:LineStringSegment>
<gml:posList>
32.977795252 129.131560771
32.977796082 129.131579170
32.977668906 129.131576017
32.977668854 129.131558546
</gml:posList>
</gml:LineStringSegment>
</gml:segments>
</gml:Curve>
</loc>
<type>せき</type>
</WStrL>
<WStrL gml:id="K27_4648811871_1">
<fid>46488-11871-s-536</fid>
<lfSpanFr gml:id="K27_4648811871_1-1">
<gml:timePosition>2015-11-17</gml:timePosition>
</lfSpanFr>
<devDate gml:id="K27_4648811871_1-2">
<gml:timePosition>2024-03-13</gml:timePosition>
</devDate>
<orgGILvl>2500</orgGILvl>
<vis>表示</vis>
<loc>
<gml:Curve gml:id="K27_4648811871_1-g" srsName="fguuid:jgd2011.bl">
<gml:segments>
<gml:LineStringSegment>
<gml:posList>
32.978694245 129.133586350
32.978620854 129.133679563
32.978606855 129.133663059
32.978683348 129.133572594
</gml:posList>
</gml:LineStringSegment>
</gml:segments>
</gml:Curve>
</loc>
<type>せき</type>
</WStrL>
<WStrL gml:id="K27_4648811871_2">
<fid>46488-11871-s-537</fid>
<lfSpanFr gml:id="K27_4648811871_2-1">
<gml:timePosition>2015-11-17</gml:timePosition>
</lfSpanFr>
<devDate gml:id="K27_4648811871_2-2">
<gml:timePosition>2024-03-13</gml:timePosition>
</devDate>
<orgGILvl>2500</orgGILvl>
<vis>表示</vis>
<loc>
<gml:Curve gml:id="K27_4648811871_2-g" srsName="fguuid:jgd2011.bl">
<gml:segments>
<gml:LineStringSegment>
<gml:posList>
32.978683348 129.133572594
32.978694245 129.133586350
</gml:posList>
</gml:LineStringSegment>
</gml:segments>
</gml:Curve>
</loc>
<type>せき</type>
</WStrL>
<WStrL gml:id="K27_4649111862_1">
<fid>46491-11862-s-1671</fid>
<lfSpanFr gml:id="K27_4649111862_1-1">
<gml:timePosition>2015-11-17</gml:timePosition>
</lfSpanFr>
<devDate gml:id="K27_4649111862_1-2">
<gml:timePosition>2024-03-13</gml:timePosition>
</devDate>
<orgGILvl>2500</orgGILvl>
<vis>表示</vis>
<loc>
<gml:Curve gml:id="K27_4649111862_1-g" srsName="fguuid:jgd2011.bl">
<gml:segments>
<gml:LineStringSegment>
<gml:posList>
32.955195552 129.149282154
32.955368284 129.150000000
</gml:posList>
</gml:LineStringSegment>
</gml:segments>
</gml:Curve>
</loc>
<type>防波堤</type>
</WStrL>
<WStrL gml:id="K27_4649111862_2">
<fid>46491-11862-s-1672</fid>
<lfSpanFr gml:id="K27_4649111862_2-1">
<gml:timePosition>2015-11-17</gml:timePosition>
</lfSpanFr>
<devDate gml:id="K27_4649111862_2-2">
<gml:timePosition>2024-03-13</gml:timePosition>
</devDate>
<orgGILvl>2500</orgGILvl>
<vis>表示</vis>
<loc>
<gml:Curve gml:id="K27_4649111862_2-g" srsName="fguuid:jgd2011.bl">
<gml:segments>
<gml:LineStringSegment>
<gml:posList>
32.955583302 129.150000000
32.955568707 129.149936195
</gml:posList>
</gml:LineStringSegment>
</gml:segments>
</gml:Curve>
</loc>
<type>防波堤</type>
</WStrL>
<WStrL gml:id="K27_4649111862_3">
<fid>46491-11862-s-1673</fid>
<lfSpanFr gml:id="K27_4649111862_3-1">
<gml:timePosition>2015-11-17</gml:timePosition>
</lfSpanFr>
<devDate gml:id="K27_4649111862_3-2">
<gml:timePosition>2024-03-13</gml:timePosition>
</devDate>
<orgGILvl>2500</orgGILvl>
<vis>表示</vis>
<loc>
<gml:Curve gml:id="K27_4649111862_3-g" srsName="fguuid:jgd2011.bl">
<gml:segments>
<gml:LineStringSegment>
<gml:posList>
32.956217979 129.150000000
32.956107494 129.149813995
32.956027700 129.149882509
32.956098232 129.150000000
</gml:posList>
</gml:LineStringSegment>
</gml:segments>
</gml:Curve>
</loc>
<type>防波堤</type>
</WStrL>
<WStrL gml:id="K27_4649111862_4">
<fid>46491-11862-s-1678</fid>
<lfSpanFr gml:id="K27_4649111862_4-1">
<gml:timePosition>2015-11-17</gml:timePosition>
</lfSpanFr>
<devDate gml:id="K27_4649111862_4-2">
<gml:timePosition>2024-03-13</gml:timePosition>
</devDate>
<orgGILvl>2500</orgGILvl>
<vis>表示</vis>
<loc>
<gml:Curve gml:id="K27_4649111862_4-g" srsName="fguuid:jgd2011.bl">
<gml:segments>
<gml:LineStringSegment>
<gml:posList>
32.955286523 129.148509181
32.955259141 129.148869845
32.955244442 129.148866737
32.955195552 129.149282154
</gml:posList>
</gml:LineStringSegment>
</gml:segments>
</gml:Curve>
</loc>
<type>防波堤</type>
</WStrL>
<WStrL gml:id="K27_4649111862_5">
<fid>46491-11862-s-1679</fid>
<lfSpanFr gml:id="K27_4649111862_5-1">
<gml:timePosition>2015-11-17</gml:timePosition>
</lfSpanFr>
<devDate gml:id="K27_4649111862_5-2">
<gml:timePosition>2024-03-13</gml:timePosition>
</devDate>
<orgGILvl>2500</orgGILvl>
<vis>表示</vis>
<loc>
<gml:Curve gml:id="K27_4649111862_5-g" srsName="fguuid:jgd2011.bl">
<gml:segments>
<gml:LineStringSegment>
<gml:posList>
32.955568707 129.149936195
32.955547955 129.149855158
32.955515972 129.149814146
32.955360046 129.149234998
32.955362485 129.149191508
32.955400759 129.149192587
32.955426063 129.148855591
32.955380157 129.148850253
32.955394313 129.148551560
</gml:posList>
</gml:LineStringSegment>
</gml:segments>
</gml:Curve>
</loc>
<type>防波堤</type>
</WStrL>
<WStrL gml:id="K27_4649111862_6">
<fid>46491-11862-s-1680</fid>
<lfSpanFr gml:id="K27_4649111862_6-1">
<gml:timePosition>2015-11-17</gml:timePosition>
</lfSpanFr>
<devDate gml:id="K27_4649111862_6-2">
<gml:timePosition>2024-03-13</gml:timePosition>
</devDate>
<orgGILvl>2500</orgGILvl>
<vis>表示</vis>
<loc>
<gml:Curve gml:id="K27_4649111862_6-g" srsName="fguuid:jgd2011.bl">
<gml:segments>
<gml:LineStringSegment>
<gml:posList>
32.956402414 129.149301572
32.956198433 129.149461730
32.955848746 129.149224275
32.955821427 129.149286646
32.956228561 129.149571002
32.956413627 129.149425380
</gml:posList>
</gml:LineStringSegment>
</gml:segments>
</gml:Curve>
</loc>
<type>防波堤</type>
</WStrL>
<WStrL gml:id="K27_4649111862_7">
<fid>46491-11862-s-1733</fid>
<lfSpanFr gml:id="K27_4649111862_7-1">
<gml:timePosition>2015-11-17</gml:timePosition>
</lfSpanFr>
<devDate gml:id="K27_4649111862_7-2">
<gml:timePosition>2024-03-13</gml:timePosition>
</devDate>
<orgGILvl>2500</orgGILvl>
<vis>表示</vis>
<loc>
<gml:Curve gml:id="K27_4649111862_7-g" srsName="fguuid:jgd2011.bl">
<gml:segments>
<gml:LineStringSegment>
<gml:posList>
32.956159083 129.148570861
32.956058556 129.148726694
32.956038583 129.148708472
32.955933639 129.148868194
32.956014167 129.148937250
32.956110750 129.148782889
32.956086278 129.148759361
32.956190556 129.148601944
</gml:posList>
</gml:LineStringSegment>
</gml:segments>
</gml:Curve>
</loc>
<type>桟橋（鉄，コンクリート）</type>
</WStrL>
<WStrL gml:id="K27_4649411862_1">
<fid>46494-11862-s-357</fid>
<lfSpanFr gml:id="K27_4649411862_1-1">
<gml:timePosition>2015-11-17</gml:timePosition>
</lfSpanFr>
<devDate gml:id="K27_4649411862_1-2">
<gml:timePosition>2024-03-13</gml:timePosition>
</devDate>
<orgGILvl>2500</orgGILvl>
<vis>表示</vis>
<loc>
<gml:Curve gml:id="K27_4649411862_1-g" srsName="fguuid:jgd2011.bl">
<gml:segments>
<gml:LineStringSegment>
<gml:posList>
32.955368284 129.150000000
32.955598279 129.150955820
32.955786396 129.150887876
32.955583302 129.150000000
</gml:posList>
</gml:LineStringSegment>
</gml:segments>
</gml:Curve>
</loc>
<type>防波堤</type>
</WStrL>
<WStrL gml:id="K27_4649411862_2">
<fid>46494-11862-s-358</fid>
<lfSpanFr gml:id="K27_4649411862_2-1">
<gml:timePosition>2015-11-17</gml:timePosition>
</lfSpanFr>
<devDate gml:id="K27_4649411862_2-2">
<gml:timePosition>2024-03-13</gml:timePosition>
</devDate>
<orgGILvl>2500</orgGILvl>
<vis>表示</vis>
<loc>
<gml:Curve gml:id="K27_4649411862_2-g" srsName="fguuid:jgd2011.bl">
<gml:segments>
<gml:LineStringSegment>
<gml:posList>
32.957011168 129.150275936
32.956597155 129.150606681
32.956484143 129.150418850
32.956501587 129.150400983
32.956349607 129.150131779
32.956312187 129.150158602
32.956217979 129.150000000
</gml:posList>
</gml:LineStringSegment>
</gml:segments>
</gml:Curve>
</loc>
<type>防波堤</type>
</WStrL>
<WStrL gml:id="K27_4649411862_3">
<fid>46494-11862-s-359</fid>
<lfSpanFr gml:id="K27_4649411862_3-1">
<gml:timePosition>2015-11-17</gml:timePosition>
</lfSpanFr>
<devDate gml:id="K27_4649411862_3-2">
<gml:timePosition>2024-03-13</gml:timePosition>
</devDate>
<orgGILvl>2500</orgGILvl>
<vis>表示</vis>
<loc>
<gml:Curve gml:id="K27_4649411862_3-g" srsName="fguuid:jgd2011.bl">
<gml:segments>
<gml:LineStringSegment>
<gml:posList>
32.956098232 129.150000000
32.956555086 129.150761023
32.957032693 129.150378793
</gml:posList>
</gml:LineStringSegment>
</gml:segments>
</gml:Curve>
</loc>
<type>防波堤</type>
</WStrL>
</Dataset>
