<?xml version="1.0" encoding="utf-8"?>
<Dataset xsi:schemaLocation="http://fgd.gsi.go.jp/spec/2008/FGD_GMLSchema FGD_GMLSchema.xsd"
	xmlns:gml="http://www.opengis.net/gml/3.2"
	xmlns:xsi="http://www.w3.org/2001/XMLSchema-instance"
	xmlns:xlink="http://www.w3.org/1999/xlink"
	xmlns="http://fgd.gsi.go.jp/spec/2008/FGD_GMLSchema"
	gml:id="Dataset1">
  <gml:description>基盤地図情報メタデータ ID=fmdid:24-0401</gml:description>
  <gml:name>基盤地図情報ダウンロードデータ（GML版）</gml:name>
<ElevPt gml:id="K2_4648511859_1">
<fid>46485-11859-i-69</fid>
<lfSpanFr gml:id="K2_4648511859_1-1">
<gml:timePosition>2015-11-17</gml:timePosition>
</lfSpanFr>
<devDate gml:id="K2_4648511859_1-2">
<gml:timePosition>2024-03-13</gml:timePosition>
</devDate>
<orgGILvl>25000</orgGILvl>
<vis>表示</vis>
<pos>
<gml:Point gml:id="K2_4648511859_1-g" srsName="fguuid:jgd2011.bl">
<gml:pos>32.944472500 129.127531944</gml:pos>
</gml:Point>
</pos>
<type>標高点（測点）</type>
<alti>151</alti>
</ElevPt>
<ElevPt gml:id="K2_4648511862_1">
<fid>46485-11862-i-16</fid>
<lfSpanFr gml:id="K2_4648511862_1-1">
<gml:timePosition>2015-11-17</gml:timePosition>
</lfSpanFr>
<devDate gml:id="K2_4648511862_1-2">
<gml:timePosition>2024-03-13</gml:timePosition>
</devDate>
<orgGILvl>25000</orgGILvl>
<vis>表示</vis>
<pos>
<gml:Point gml:id="K2_4648511862_1-g" srsName="fguuid:jgd2011.bl">
<gml:pos>32.952115556 129.132726667</gml:pos>
</gml:Point>
</pos>
<type>標高点（測点）</type>
<alti>267</alti>
</ElevPt>
<ElevPt gml:id="K2_4648511865_1">
<fid>46485-11865-i-26</fid>
<lfSpanFr gml:id="K2_4648511865_1-1">
<gml:timePosition>2015-11-17</gml:timePosition>
</lfSpanFr>
<devDate gml:id="K2_4648511865_1-2">
<gml:timePosition>2024-03-13</gml:timePosition>
</devDate>
<orgGILvl>25000</orgGILvl>
<vis>表示</vis>
<pos>
<gml:Point gml:id="K2_4648511865_1-g" srsName="fguuid:jgd2011.bl">
<gml:pos>32.961796667 129.128800000</gml:pos>
</gml:Point>
</pos>
<type>標高点（測点）</type>
<alti>335</alti>
</ElevPt>
<ElevPt gml:id="K2_4648511874_1">
<fid>46485-11874-i-345</fid>
<lfSpanFr gml:id="K2_4648511874_1-1">
<gml:timePosition>2015-11-17</gml:timePosition>
</lfSpanFr>
<devDate gml:id="K2_4648511874_1-2">
<gml:timePosition>2024-03-13</gml:timePosition>
</devDate>
<orgGILvl>25000</orgGILvl>
<vis>表示</vis>
<pos>
<gml:Point gml:id="K2_4648511874_1-g" srsName="fguuid:jgd2011.bl">
<gml:pos>32.987140000 129.128564722</gml:pos>
</gml:Point>
</pos>
<type>標高点（測点）</type>
<alti>109</alti>
</ElevPt>
<ElevPt gml:id="K2_4648811859_1">
<fid>46488-11859-i-22</fid>
<lfSpanFr gml:id="K2_4648811859_1-1">
<gml:timePosition>2015-11-17</gml:timePosition>
</lfSpanFr>
<devDate gml:id="K2_4648811859_1-2">
<gml:timePosition>2024-03-13</gml:timePosition>
</devDate>
<orgGILvl>25000</orgGILvl>
<vis>表示</vis>
<pos>
<gml:Point gml:id="K2_4648811859_1-g" srsName="fguuid:jgd2011.bl">
<gml:pos>32.943917500 129.136434167</gml:pos>
</gml:Point>
</pos>
<type>標高点（測点）</type>
<alti>138</alti>
</ElevPt>
<ElevPt gml:id="K2_4648811862_1">
<fid>46488-11862-i-16</fid>
<lfSpanFr gml:id="K2_4648811862_1-1">
<gml:timePosition>2015-11-17</gml:timePosition>
</lfSpanFr>
<devDate gml:id="K2_4648811862_1-2">
<gml:timePosition>2024-03-13</gml:timePosition>
</devDate>
<orgGILvl>25000</orgGILvl>
<vis>表示</vis>
<pos>
<gml:Point gml:id="K2_4648811862_1-g" srsName="fguuid:jgd2011.bl">
<gml:pos>32.955636111 129.141139444</gml:pos>
</gml:Point>
</pos>
<type>標高点（測点）</type>
<alti>135</alti>
</ElevPt>
<ElevPt gml:id="K2_4648811868_1">
<fid>46488-11868-i-33</fid>
<lfSpanFr gml:id="K2_4648811868_1-1">
<gml:timePosition>2015-11-17</gml:timePosition>
</lfSpanFr>
<devDate gml:id="K2_4648811868_1-2">
<gml:timePosition>2024-03-13</gml:timePosition>
</devDate>
<orgGILvl>25000</orgGILvl>
<vis>表示</vis>
<pos>
<gml:Point gml:id="K2_4648811868_1-g" srsName="fguuid:jgd2011.bl">
<gml:pos>32.969172778 129.140210000</gml:pos>
</gml:Point>
</pos>
<type>標高点（測点）</type>
<alti>112</alti>
</ElevPt>
<ElevPt gml:id="K2_4648811871_1">
<fid>46488-11871-i-60</fid>
<lfSpanFr gml:id="K2_4648811871_1-1">
<gml:timePosition>2015-11-17</gml:timePosition>
</lfSpanFr>
<devDate gml:id="K2_4648811871_1-2">
<gml:timePosition>2024-03-13</gml:timePosition>
</devDate>
<orgGILvl>25000</orgGILvl>
<vis>表示</vis>
<pos>
<gml:Point gml:id="K2_4648811871_1-g" srsName="fguuid:jgd2011.bl">
<gml:pos>32.977662778 129.136315000</gml:pos>
</gml:Point>
</pos>
<type>標高点（測点）</type>
<alti>34</alti>
</ElevPt>
<ElevPt gml:id="K2_4648811874_1">
<fid>46488-11874-i-95</fid>
<lfSpanFr gml:id="K2_4648811874_1-1">
<gml:timePosition>2015-11-17</gml:timePosition>
</lfSpanFr>
<devDate gml:id="K2_4648811874_1-2">
<gml:timePosition>2024-03-13</gml:timePosition>
</devDate>
<orgGILvl>25000</orgGILvl>
<vis>表示</vis>
<pos>
<gml:Point gml:id="K2_4648811874_1-g" srsName="fguuid:jgd2011.bl">
<gml:pos>32.990975278 129.136920556</gml:pos>
</gml:Point>
</pos>
<type>標高点（測点）</type>
<alti>174</alti>
</ElevPt>
<ElevPt gml:id="K2_4648811877_1">
<fid>46488-11877-i-68</fid>
<lfSpanFr gml:id="K2_4648811877_1-1">
<gml:timePosition>2015-11-17</gml:timePosition>
</lfSpanFr>
<devDate gml:id="K2_4648811877_1-2">
<gml:timePosition>2024-03-13</gml:timePosition>
</devDate>
<orgGILvl>25000</orgGILvl>
<vis>表示</vis>
<pos>
<gml:Point gml:id="K2_4648811877_1-g" srsName="fguuid:jgd2011.bl">
<gml:pos>32.997478333 129.139368056</gml:pos>
</gml:Point>
</pos>
<type>標高点（測点）</type>
<alti>53</alti>
</ElevPt>
<ElevPt gml:id="K2_4649111871_1">
<fid>46491-11871-i-48</fid>
<lfSpanFr gml:id="K2_4649111871_1-1">
<gml:timePosition>2015-11-17</gml:timePosition>
</lfSpanFr>
<devDate gml:id="K2_4649111871_1-2">
<gml:timePosition>2024-03-13</gml:timePosition>
</devDate>
<orgGILvl>25000</orgGILvl>
<vis>表示</vis>
<pos>
<gml:Point gml:id="K2_4649111871_1-g" srsName="fguuid:jgd2011.bl">
<gml:pos>32.978877500 129.144051389</gml:pos>
</gml:Point>
</pos>
<type>標高点（測点）</type>
<alti>210</alti>
</ElevPt>
<ElevPt gml:id="K2_4649111874_1">
<fid>46491-11874-i-8</fid>
<lfSpanFr gml:id="K2_4649111874_1-1">
<gml:timePosition>2015-11-17</gml:timePosition>
</lfSpanFr>
<devDate gml:id="K2_4649111874_1-2">
<gml:timePosition>2024-03-13</gml:timePosition>
</devDate>
<orgGILvl>25000</orgGILvl>
<vis>表示</vis>
<pos>
<gml:Point gml:id="K2_4649111874_1-g" srsName="fguuid:jgd2011.bl">
<gml:pos>32.985081389 129.142070000</gml:pos>
</gml:Point>
</pos>
<type>標高点（測点）</type>
<alti>246</alti>
</ElevPt>
<ElevPt gml:id="K2_4649411862_1">
<fid>46494-11862-i-52</fid>
<lfSpanFr gml:id="K2_4649411862_1-1">
<gml:timePosition>2015-11-17</gml:timePosition>
</lfSpanFr>
<devDate gml:id="K2_4649411862_1-2">
<gml:timePosition>2024-03-13</gml:timePosition>
</devDate>
<orgGILvl>25000</orgGILvl>
<vis>表示</vis>
<pos>
<gml:Point gml:id="K2_4649411862_1-g" srsName="fguuid:jgd2011.bl">
<gml:pos>32.958000278 129.152045278</gml:pos>
</gml:Point>
</pos>
<type>標高点（測点）</type>
<alti>56</alti>
</ElevPt>
<ElevPt gml:id="K2_4649411865_1">
<fid>46494-11865-i-31</fid>
<lfSpanFr gml:id="K2_4649411865_1-1">
<gml:timePosition>2015-11-17</gml:timePosition>
</lfSpanFr>
<devDate gml:id="K2_4649411865_1-2">
<gml:timePosition>2024-03-13</gml:timePosition>
</devDate>
<orgGILvl>25000</orgGILvl>
<vis>表示</vis>
<pos>
<gml:Point gml:id="K2_4649411865_1-g" srsName="fguuid:jgd2011.bl">
<gml:pos>32.963713889 129.150676667</gml:pos>
</gml:Point>
</pos>
<type>標高点（測点）</type>
<alti>165</alti>
</ElevPt>
<ElevPt gml:id="K2_4649411868_1">
<fid>46494-11868-i-19</fid>
<lfSpanFr gml:id="K2_4649411868_1-1">
<gml:timePosition>2015-11-17</gml:timePosition>
</lfSpanFr>
<devDate gml:id="K2_4649411868_1-2">
<gml:timePosition>2024-03-13</gml:timePosition>
</devDate>
<orgGILvl>25000</orgGILvl>
<vis>表示</vis>
<pos>
<gml:Point gml:id="K2_4649411868_1-g" srsName="fguuid:jgd2011.bl">
<gml:pos>32.970344167 129.157792222</gml:pos>
</gml:Point>
</pos>
<type>標高点（測点）</type>
<alti>215</alti>
</ElevPt>
<ElevPt gml:id="K2_4649411871_1">
<fid>46494-11871-i-12</fid>
<lfSpanFr gml:id="K2_4649411871_1-1">
<gml:timePosition>2015-11-17</gml:timePosition>
</lfSpanFr>
<devDate gml:id="K2_4649411871_1-2">
<gml:timePosition>2024-03-13</gml:timePosition>
</devDate>
<orgGILvl>25000</orgGILvl>
<vis>表示</vis>
<pos>
<gml:Point gml:id="K2_4649411871_1-g" srsName="fguuid:jgd2011.bl">
<gml:pos>32.981824167 129.157413611</gml:pos>
</gml:Point>
</pos>
<type>標高点（測点）</type>
<alti>291</alti>
</ElevPt>
<ElevPt gml:id="K2_4649411871_2">
<fid>46494-11871-i-13</fid>
<lfSpanFr gml:id="K2_4649411871_2-1">
<gml:timePosition>2015-11-17</gml:timePosition>
</lfSpanFr>
<devDate gml:id="K2_4649411871_2-2">
<gml:timePosition>2024-03-13</gml:timePosition>
</devDate>
<orgGILvl>25000</orgGILvl>
<vis>表示</vis>
<pos>
<gml:Point gml:id="K2_4649411871_2-g" srsName="fguuid:jgd2011.bl">
<gml:pos>32.976981111 129.153105278</gml:pos>
</gml:Point>
</pos>
<type>標高点（測点）</type>
<alti>347</alti>
</ElevPt>
<ElevPt gml:id="K2_4649411874_1">
<fid>46494-11874-i-11</fid>
<lfSpanFr gml:id="K2_4649411874_1-1">
<gml:timePosition>2015-11-17</gml:timePosition>
</lfSpanFr>
<devDate gml:id="K2_4649411874_1-2">
<gml:timePosition>2024-03-13</gml:timePosition>
</devDate>
<orgGILvl>25000</orgGILvl>
<vis>表示</vis>
<pos>
<gml:Point gml:id="K2_4649411874_1-g" srsName="fguuid:jgd2011.bl">
<gml:pos>32.989141667 129.155020000</gml:pos>
</gml:Point>
</pos>
<type>標高点（測点）</type>
<alti>237</alti>
</ElevPt>
<ElevPt gml:id="K2_4649411874_2">
<fid>46494-11874-i-12</fid>
<lfSpanFr gml:id="K2_4649411874_2-1">
<gml:timePosition>2015-11-17</gml:timePosition>
</lfSpanFr>
<devDate gml:id="K2_4649411874_2-2">
<gml:timePosition>2024-03-13</gml:timePosition>
</devDate>
<orgGILvl>25000</orgGILvl>
<vis>表示</vis>
<pos>
<gml:Point gml:id="K2_4649411874_2-g" srsName="fguuid:jgd2011.bl">
<gml:pos>32.985812500 129.152038889</gml:pos>
</gml:Point>
</pos>
<type>標高点（測点）</type>
<alti>364</alti>
</ElevPt>
<ElevPt gml:id="K2_4649411877_1">
<fid>46494-11877-i-86</fid>
<lfSpanFr gml:id="K2_4649411877_1-1">
<gml:timePosition>2015-11-17</gml:timePosition>
</lfSpanFr>
<devDate gml:id="K2_4649411877_1-2">
<gml:timePosition>2024-03-13</gml:timePosition>
</devDate>
<orgGILvl>25000</orgGILvl>
<vis>表示</vis>
<pos>
<gml:Point gml:id="K2_4649411877_1-g" srsName="fguuid:jgd2011.bl">
<gml:pos>32.997387222 129.155314167</gml:pos>
</gml:Point>
</pos>
<type>標高点（測点）</type>
<alti>77</alti>
</ElevPt>
<ElevPt gml:id="K2_4649711868_1">
<fid>46497-11868-i-34</fid>
<lfSpanFr gml:id="K2_4649711868_1-1">
<gml:timePosition>2015-11-17</gml:timePosition>
</lfSpanFr>
<devDate gml:id="K2_4649711868_1-2">
<gml:timePosition>2024-03-13</gml:timePosition>
</devDate>
<orgGILvl>25000</orgGILvl>
<vis>表示</vis>
<pos>
<gml:Point gml:id="K2_4649711868_1-g" srsName="fguuid:jgd2011.bl">
<gml:pos>32.974916111 129.161955833</gml:pos>
</gml:Point>
</pos>
<type>標高点（測点）</type>
<alti>244</alti>
</ElevPt>
<ElevPt gml:id="K2_4649711877_1">
<fid>46497-11877-i-49</fid>
<lfSpanFr gml:id="K2_4649711877_1-1">
<gml:timePosition>2015-11-17</gml:timePosition>
</lfSpanFr>
<devDate gml:id="K2_4649711877_1-2">
<gml:timePosition>2024-03-13</gml:timePosition>
</devDate>
<orgGILvl>25000</orgGILvl>
<vis>表示</vis>
<pos>
<gml:Point gml:id="K2_4649711877_1-g" srsName="fguuid:jgd2011.bl">
<gml:pos>32.998860000 129.164366389</gml:pos>
</gml:Point>
</pos>
<type>標高点（測点）</type>
<alti>32</alti>
</ElevPt>
<ElevPt gml:id="K2_4650011868_1">
<fid>46500-11868-i-67</fid>
<lfSpanFr gml:id="K2_4650011868_1-1">
<gml:timePosition>2015-11-17</gml:timePosition>
</lfSpanFr>
<devDate gml:id="K2_4650011868_1-2">
<gml:timePosition>2024-03-13</gml:timePosition>
</devDate>
<orgGILvl>25000</orgGILvl>
<vis>表示</vis>
<pos>
<gml:Point gml:id="K2_4650011868_1-g" srsName="fguuid:jgd2011.bl">
<gml:pos>32.972238889 129.169483056</gml:pos>
</gml:Point>
</pos>
<type>標高点（測点）</type>
<alti>73</alti>
</ElevPt>
<ElevPt gml:id="K2_4650011874_1">
<fid>46500-11874-i-174</fid>
<lfSpanFr gml:id="K2_4650011874_1-1">
<gml:timePosition>2015-11-17</gml:timePosition>
</lfSpanFr>
<devDate gml:id="K2_4650011874_1-2">
<gml:timePosition>2024-03-13</gml:timePosition>
</devDate>
<orgGILvl>25000</orgGILvl>
<pos>
<gml:Point gml:id="K2_4650011874_1-g" srsName="fguuid:jgd2011.bl">
<gml:pos>32.985977288 129.166708909</gml:pos>
</gml:Point>
</pos>
<type>標高点（測点）</type>
<alti>54</alti>
</ElevPt>
<ElevPt gml:id="K2_4650011877_1">
<fid>46500-11877-i-66</fid>
<lfSpanFr gml:id="K2_4650011877_1-1">
<gml:timePosition>2015-11-17</gml:timePosition>
</lfSpanFr>
<devDate gml:id="K2_4650011877_1-2">
<gml:timePosition>2024-03-13</gml:timePosition>
</devDate>
<orgGILvl>25000</orgGILvl>
<vis>表示</vis>
<pos>
<gml:Point gml:id="K2_4650011877_1-g" srsName="fguuid:jgd2011.bl">
<gml:pos>32.994356389 129.169258611</gml:pos>
</gml:Point>
</pos>
<type>標高点（測点）</type>
<alti>134</alti>
</ElevPt>
<ElevPt gml:id="K2_4650311868_1">
<fid>46503-11868-i-32</fid>
<lfSpanFr gml:id="K2_4650311868_1-1">
<gml:timePosition>2015-11-17</gml:timePosition>
</lfSpanFr>
<devDate gml:id="K2_4650311868_1-2">
<gml:timePosition>2024-03-13</gml:timePosition>
</devDate>
<orgGILvl>25000</orgGILvl>
<vis>表示</vis>
<pos>
<gml:Point gml:id="K2_4650311868_1-g" srsName="fguuid:jgd2011.bl">
<gml:pos>32.971870000 129.178530833</gml:pos>
</gml:Point>
</pos>
<type>標高点（測点）</type>
<alti>107</alti>
</ElevPt>
<ElevPt gml:id="K2_4650311871_1">
<fid>46503-11871-i-52</fid>
<lfSpanFr gml:id="K2_4650311871_1-1">
<gml:timePosition>2015-11-17</gml:timePosition>
</lfSpanFr>
<devDate gml:id="K2_4650311871_1-2">
<gml:timePosition>2024-03-13</gml:timePosition>
</devDate>
<orgGILvl>25000</orgGILvl>
<vis>表示</vis>
<pos>
<gml:Point gml:id="K2_4650311871_1-g" srsName="fguuid:jgd2011.bl">
<gml:pos>32.976796944 129.175163889</gml:pos>
</gml:Point>
</pos>
<type>標高点（測点）</type>
<alti>242</alti>
</ElevPt>
<ElevPt gml:id="K2_4650311871_2">
<fid>46503-11871-i-53</fid>
<lfSpanFr gml:id="K2_4650311871_2-1">
<gml:timePosition>2015-11-17</gml:timePosition>
</lfSpanFr>
<devDate gml:id="K2_4650311871_2-2">
<gml:timePosition>2024-03-13</gml:timePosition>
</devDate>
<orgGILvl>25000</orgGILvl>
<vis>表示</vis>
<pos>
<gml:Point gml:id="K2_4650311871_2-g" srsName="fguuid:jgd2011.bl">
<gml:pos>32.978388889 129.183128611</gml:pos>
</gml:Point>
</pos>
<type>標高点（測点）</type>
<alti>13</alti>
</ElevPt>
<ElevPt gml:id="K2_4650311877_1">
<fid>46503-11877-i-46</fid>
<lfSpanFr gml:id="K2_4650311877_1-1">
<gml:timePosition>2015-11-17</gml:timePosition>
</lfSpanFr>
<devDate gml:id="K2_4650311877_1-2">
<gml:timePosition>2024-03-13</gml:timePosition>
</devDate>
<orgGILvl>25000</orgGILvl>
<vis>表示</vis>
<pos>
<gml:Point gml:id="K2_4650311877_1-g" srsName="fguuid:jgd2011.bl">
<gml:pos>32.992193056 129.176358611</gml:pos>
</gml:Point>
</pos>
<type>標高点（測点）</type>
<alti>52</alti>
</ElevPt>
<ElevPt gml:id="K2_4650311877_2">
<fid>46503-11877-i-47</fid>
<lfSpanFr gml:id="K2_4650311877_2-1">
<gml:timePosition>2015-11-17</gml:timePosition>
</lfSpanFr>
<devDate gml:id="K2_4650311877_2-2">
<gml:timePosition>2024-03-13</gml:timePosition>
</devDate>
<orgGILvl>25000</orgGILvl>
<vis>表示</vis>
<pos>
<gml:Point gml:id="K2_4650311877_2-g" srsName="fguuid:jgd2011.bl">
<gml:pos>32.998552778 129.176133056</gml:pos>
</gml:Point>
</pos>
<type>標高点（測点）</type>
<alti>34</alti>
</ElevPt>
<ElevPt gml:id="K2_4650611850_1">
<fid>46506-11850-i-56</fid>
<lfSpanFr gml:id="K2_4650611850_1-1">
<gml:timePosition>2015-11-17</gml:timePosition>
</lfSpanFr>
<devDate gml:id="K2_4650611850_1-2">
<gml:timePosition>2024-03-13</gml:timePosition>
</devDate>
<orgGILvl>25000</orgGILvl>
<vis>表示</vis>
<pos>
<gml:Point gml:id="K2_4650611850_1-g" srsName="fguuid:jgd2011.bl">
<gml:pos>32.918776389 129.186471667</gml:pos>
</gml:Point>
</pos>
<type>標高点（測点）</type>
<alti>99</alti>
</ElevPt>
<ElevPt gml:id="K2_4650911850_1">
<fid>46509-11850-i-32</fid>
<lfSpanFr gml:id="K2_4650911850_1-1">
<gml:timePosition>2015-11-17</gml:timePosition>
</lfSpanFr>
<devDate gml:id="K2_4650911850_1-2">
<gml:timePosition>2024-03-13</gml:timePosition>
</devDate>
<orgGILvl>25000</orgGILvl>
<vis>表示</vis>
<pos>
<gml:Point gml:id="K2_4650911850_1-g" srsName="fguuid:jgd2011.bl">
<gml:pos>32.922248889 129.194574722</gml:pos>
</gml:Point>
</pos>
<type>標高点（測点）</type>
<alti>54</alti>
</ElevPt>
<ElevPt gml:id="K2_4651811877_1">
<fid>46518-11877-i-17</fid>
<lfSpanFr gml:id="K2_4651811877_1-1">
<gml:timePosition>2015-11-17</gml:timePosition>
</lfSpanFr>
<devDate gml:id="K2_4651811877_1-2">
<gml:timePosition>2024-03-13</gml:timePosition>
</devDate>
<orgGILvl>25000</orgGILvl>
<vis>表示</vis>
<pos>
<gml:Point gml:id="K2_4651811877_1-g" srsName="fguuid:jgd2011.bl">
<gml:pos>32.999499722 129.223472222</gml:pos>
</gml:Point>
</pos>
<type>標高点（測点）</type>
<alti>37</alti>
</ElevPt>
<ElevPt gml:id="K2_4652111871_1">
<fid>46521-11871-i-7</fid>
<lfSpanFr gml:id="K2_4652111871_1-1">
<gml:timePosition>2015-11-17</gml:timePosition>
</lfSpanFr>
<devDate gml:id="K2_4652111871_1-2">
<gml:timePosition>2024-03-13</gml:timePosition>
</devDate>
<orgGILvl>25000</orgGILvl>
<vis>表示</vis>
<pos>
<gml:Point gml:id="K2_4652111871_1-g" srsName="fguuid:jgd2011.bl">
<gml:pos>32.981257500 129.226602778</gml:pos>
</gml:Point>
</pos>
<type>標高点（測点）</type>
<alti>21</alti>
</ElevPt>
<ElevPt gml:id="K2_4652111877_1">
<fid>46521-11877-i-8</fid>
<lfSpanFr gml:id="K2_4652111877_1-1">
<gml:timePosition>2015-11-17</gml:timePosition>
</lfSpanFr>
<devDate gml:id="K2_4652111877_1-2">
<gml:timePosition>2024-03-13</gml:timePosition>
</devDate>
<orgGILvl>25000</orgGILvl>
<vis>表示</vis>
<pos>
<gml:Point gml:id="K2_4652111877_1-g" srsName="fguuid:jgd2011.bl">
<gml:pos>32.996437222 129.231776111</gml:pos>
</gml:Point>
</pos>
<type>標高点（測点）</type>
<alti>24</alti>
</ElevPt>
<ElevPt gml:id="K2_4652711877_1">
<fid>46527-11877-i-65</fid>
<lfSpanFr gml:id="K2_4652711877_1-1">
<gml:timePosition>2015-11-17</gml:timePosition>
</lfSpanFr>
<devDate gml:id="K2_4652711877_1-2">
<gml:timePosition>2024-03-13</gml:timePosition>
</devDate>
<orgGILvl>25000</orgGILvl>
<vis>表示</vis>
<pos>
<gml:Point gml:id="K2_4652711877_1-g" srsName="fguuid:jgd2011.bl">
<gml:pos>32.995257222 129.242696667</gml:pos>
</gml:Point>
</pos>
<type>標高点（測点）</type>
<alti>67</alti>
</ElevPt>
</Dataset>
