<?xml version="1.0" encoding="utf-8"?>
<Dataset xsi:schemaLocation="http://fgd.gsi.go.jp/spec/2008/FGD_GMLSchema FGD_GMLSchema.xsd"
	xmlns:gml="http://www.opengis.net/gml/3.2"
	xmlns:xsi="http://www.w3.org/2001/XMLSchema-instance"
	xmlns:xlink="http://www.w3.org/1999/xlink"
	xmlns="http://fgd.gsi.go.jp/spec/2008/FGD_GMLSchema"
	gml:id="Dataset1">
  <gml:description>基盤地図情報メタデータ ID=fmdid:24-0401</gml:description>
  <gml:name>基盤地図情報ダウンロードデータ（GML版）</gml:name>
<GCP gml:id="K1_492931_1">
<fid>10-00100-0-2303-145157</fid>
<lfSpanFr gml:id="K1_492931_1-1">
<gml:timePosition>2024-03-06</gml:timePosition>
</lfSpanFr>
<devDate gml:id="K1_492931_1-2">
<gml:timePosition>2024-03-13</gml:timePosition>
</devDate>
<orgGILvl>SJ12</orgGILvl>
<vis>表示</vis>
<pos>
<gml:Point gml:id="K1_492931_1-g" srsName="fguuid:jgd2011.bl">
<gml:pos>32.998930556 129.173833333</gml:pos>
</gml:Point>
</pos>
<orgName>国土地理院</orgName>
<type>水準点</type>
<gcpClass>二等水準点</gcpClass>
<gcpCode>L020000010601</gcpCode>
<name>１０６０１</name>
<B>118796.15</B>
<L>465025.8</L>
<alti>8.993</alti>
<altiAcc>3</altiAcc>
</GCP>
<GCP gml:id="K1_492931_2">
<fid>10-00100-0-2303-145158</fid>
<lfSpanFr gml:id="K1_492931_2-1">
<gml:timePosition>2024-03-06</gml:timePosition>
</lfSpanFr>
<devDate gml:id="K1_492931_2-2">
<gml:timePosition>2024-03-13</gml:timePosition>
</devDate>
<orgGILvl>SJ12</orgGILvl>
<vis>表示</vis>
<pos>
<gml:Point gml:id="K1_492931_2-g" srsName="fguuid:jgd2011.bl">
<gml:pos>32.957830556 129.146408333</gml:pos>
</gml:Point>
</pos>
<orgName>国土地理院</orgName>
<type>水準点</type>
<gcpClass>二等水準点</gcpClass>
<gcpCode>L020000010602</gcpCode>
<name>１０６０２</name>
<B>118648.19</B>
<L>464927.07</L>
<alti>5.159</alti>
<altiAcc>3</altiAcc>
</GCP>
<GCP gml:id="K1_492931_3">
<fid>10-00100-0-2303-152177</fid>
<lfSpanFr gml:id="K1_492931_3-1">
<gml:timePosition>2024-03-06</gml:timePosition>
</lfSpanFr>
<devDate gml:id="K1_492931_3-2">
<gml:timePosition>2024-03-13</gml:timePosition>
</devDate>
<orgGILvl>KJ12</orgGILvl>
<vis>表示</vis>
<pos>
<gml:Point gml:id="K1_492931_3-g" srsName="fguuid:jgd2011.bl">
<gml:pos>32.921728556 129.189424194</gml:pos>
</gml:Point>
</pos>
<orgName>国土地理院</orgName>
<type>三角点</type>
<gcpClass>二等三角点</gcpClass>
<gcpCode>TR24929310501</gcpCode>
<name>相島</name>
<B>118518.2228</B>
<L>465081.9271</L>
<alti>106.24</alti>
<altiAcc>2</altiAcc>
</GCP>
<GCP gml:id="K1_492931_4">
<fid>10-00100-0-2303-152178</fid>
<lfSpanFr gml:id="K1_492931_4-1">
<gml:timePosition>2024-03-06</gml:timePosition>
</lfSpanFr>
<devDate gml:id="K1_492931_4-2">
<gml:timePosition>2024-03-13</gml:timePosition>
</devDate>
<orgGILvl>KJ12</orgGILvl>
<vis>表示</vis>
<pos>
<gml:Point gml:id="K1_492931_4-g" srsName="fguuid:jgd2011.bl">
<gml:pos>32.969483667 129.147895417</gml:pos>
</gml:Point>
</pos>
<orgName>国土地理院</orgName>
<type>三角点</type>
<gcpClass>二等三角点</gcpClass>
<gcpCode>TR24929316101</gcpCode>
<name>太田</name>
<B>118690.1412</B>
<L>464932.4235</L>
<alti>362.16</alti>
<altiAcc>2</altiAcc>
</GCP>
<GCP gml:id="K1_492931_5">
<fid>10-00100-0-2303-158766</fid>
<lfSpanFr gml:id="K1_492931_5-1">
<gml:timePosition>2024-03-06</gml:timePosition>
</lfSpanFr>
<devDate gml:id="K1_492931_5-2">
<gml:timePosition>2024-03-13</gml:timePosition>
</devDate>
<orgGILvl>KJ13</orgGILvl>
<vis>表示</vis>
<pos>
<gml:Point gml:id="K1_492931_5-g" srsName="fguuid:jgd2011.bl">
<gml:pos>32.938991111 129.141036750</gml:pos>
</gml:Point>
</pos>
<orgName>国土地理院</orgName>
<type>三角点</type>
<gcpClass>三等三角点</gcpClass>
<gcpCode>TR34929312101</gcpCode>
<name>幸守</name>
<B>118580.368</B>
<L>464907.7323</L>
<alti>56.24</alti>
<altiAcc>2</altiAcc>
</GCP>
<GCP gml:id="K1_492931_6">
<fid>10-00100-0-2303-158767</fid>
<lfSpanFr gml:id="K1_492931_6-1">
<gml:timePosition>2024-03-06</gml:timePosition>
</lfSpanFr>
<devDate gml:id="K1_492931_6-2">
<gml:timePosition>2024-03-13</gml:timePosition>
</devDate>
<orgGILvl>KJ13</orgGILvl>
<vis>表示</vis>
<pos>
<gml:Point gml:id="K1_492931_6-g" srsName="fguuid:jgd2011.bl">
<gml:pos>32.979358222 129.167936083</gml:pos>
</gml:Point>
</pos>
<orgName>国土地理院</orgName>
<type>三角点</type>
<gcpClass>三等三角点</gcpClass>
<gcpCode>TR34929317301</gcpCode>
<name>殿岳</name>
<B>118725.6896</B>
<L>465004.5699</L>
<alti>329.3</alti>
<altiAcc>2</altiAcc>
</GCP>
<GCP gml:id="K1_492931_7">
<fid>10-00100-0-2303-158768</fid>
<lfSpanFr gml:id="K1_492931_7-1">
<gml:timePosition>2024-03-06</gml:timePosition>
</lfSpanFr>
<devDate gml:id="K1_492931_7-2">
<gml:timePosition>2024-03-13</gml:timePosition>
</devDate>
<orgGILvl>KJ13</orgGILvl>
<vis>表示</vis>
<pos>
<gml:Point gml:id="K1_492931_7-g" srsName="fguuid:jgd2011.bl">
<gml:pos>32.989555611 129.234586972</gml:pos>
</gml:Point>
</pos>
<orgName>国土地理院</orgName>
<type>三角点</type>
<gcpClass>三等三角点</gcpClass>
<gcpCode>TR34929318801</gcpCode>
<name>菰先</name>
<B>118762.4002</B>
<L>465244.5131</L>
<alti>42.56</alti>
<altiAcc>2</altiAcc>
</GCP>
<GCP gml:id="K1_492931_8">
<fid>10-00100-0-2303-158769</fid>
<lfSpanFr gml:id="K1_492931_8-1">
<gml:timePosition>2024-03-06</gml:timePosition>
</lfSpanFr>
<devDate gml:id="K1_492931_8-2">
<gml:timePosition>2024-03-13</gml:timePosition>
</devDate>
<orgGILvl>KJ13</orgGILvl>
<vis>表示</vis>
<pos>
<gml:Point gml:id="K1_492931_8-g" srsName="fguuid:jgd2011.bl">
<gml:pos>32.992010194 129.146261028</gml:pos>
</gml:Point>
</pos>
<orgName>国土地理院</orgName>
<type>三角点</type>
<gcpClass>三等三角点</gcpClass>
<gcpCode>TR34929319101</gcpCode>
<name>赤越</name>
<B>118771.2367</B>
<L>464926.5397</L>
<alti>293.95</alti>
<altiAcc>2</altiAcc>
</GCP>
<GCP gml:id="K1_492931_9">
<fid>10-00100-0-2303-194789</fid>
<lfSpanFr gml:id="K1_492931_9-1">
<gml:timePosition>2024-03-06</gml:timePosition>
</lfSpanFr>
<devDate gml:id="K1_492931_9-2">
<gml:timePosition>2024-03-13</gml:timePosition>
</devDate>
<orgGILvl>KJ14</orgGILvl>
<vis>表示</vis>
<pos>
<gml:Point gml:id="K1_492931_9-g" srsName="fguuid:jgd2011.bl">
<gml:pos>32.956092306 129.133279389</gml:pos>
</gml:Point>
</pos>
<orgName>国土地理院</orgName>
<type>三角点</type>
<gcpClass>四等三角点</gcpClass>
<gcpCode>TR44929314001</gcpCode>
<name>飯盛山</name>
<B>118641.9323</B>
<L>464879.8058</L>
<alti>336.47</alti>
<altiAcc>2</altiAcc>
</GCP>
<GCP gml:id="K1_492931_10">
<fid>10-00100-0-2303-194790</fid>
<lfSpanFr gml:id="K1_492931_10-1">
<gml:timePosition>2024-03-06</gml:timePosition>
</lfSpanFr>
<devDate gml:id="K1_492931_10-2">
<gml:timePosition>2024-03-13</gml:timePosition>
</devDate>
<orgGILvl>KJ14</orgGILvl>
<vis>表示</vis>
<pos>
<gml:Point gml:id="K1_492931_10-g" srsName="fguuid:jgd2011.bl">
<gml:pos>32.953396722 129.146937139</gml:pos>
</gml:Point>
</pos>
<orgName>国土地理院</orgName>
<type>三角点</type>
<gcpClass>四等三角点</gcpClass>
<gcpCode>TR44929314101</gcpCode>
<name>木場尾</name>
<B>118632.2282</B>
<L>464928.9737</L>
<alti>35.13</alti>
<altiAcc>2</altiAcc>
</GCP>
<GCP gml:id="K1_492931_11">
<fid>10-00100-0-2303-194791</fid>
<lfSpanFr gml:id="K1_492931_11-1">
<gml:timePosition>2024-03-06</gml:timePosition>
</lfSpanFr>
<devDate gml:id="K1_492931_11-2">
<gml:timePosition>2024-03-13</gml:timePosition>
</devDate>
<orgGILvl>KJ14</orgGILvl>
<vis>表示</vis>
<pos>
<gml:Point gml:id="K1_492931_11-g" srsName="fguuid:jgd2011.bl">
<gml:pos>32.966496278 129.168594750</gml:pos>
</gml:Point>
</pos>
<orgName>国土地理院</orgName>
<type>三角点</type>
<gcpClass>四等三角点</gcpClass>
<gcpCode>TR44929315301</gcpCode>
<name>幸渕</name>
<B>118679.3866</B>
<L>465006.9411</L>
<alti>104.63</alti>
<altiAcc>2</altiAcc>
</GCP>
<GCP gml:id="K1_492931_12">
<fid>10-00100-0-2303-194792</fid>
<lfSpanFr gml:id="K1_492931_12-1">
<gml:timePosition>2024-03-06</gml:timePosition>
</lfSpanFr>
<devDate gml:id="K1_492931_12-2">
<gml:timePosition>2024-03-13</gml:timePosition>
</devDate>
<orgGILvl>KJ14</orgGILvl>
<vis>表示</vis>
<pos>
<gml:Point gml:id="K1_492931_12-g" srsName="fguuid:jgd2011.bl">
<gml:pos>32.971906833 129.129092944</gml:pos>
</gml:Point>
</pos>
<orgName>国土地理院</orgName>
<type>三角点</type>
<gcpClass>四等三角点</gcpClass>
<gcpCode>TR44929316001</gcpCode>
<name>桜岳</name>
<B>118698.8646</B>
<L>464864.7346</L>
<alti>329.36</alti>
<altiAcc>2</altiAcc>
</GCP>
<GCP gml:id="K1_492931_13">
<fid>10-00100-0-2303-194793</fid>
<lfSpanFr gml:id="K1_492931_13-1">
<gml:timePosition>2024-03-06</gml:timePosition>
</lfSpanFr>
<devDate gml:id="K1_492931_13-2">
<gml:timePosition>2024-03-13</gml:timePosition>
</devDate>
<orgGILvl>KJ14</orgGILvl>
<vis>表示</vis>
<pos>
<gml:Point gml:id="K1_492931_13-g" srsName="fguuid:jgd2011.bl">
<gml:pos>32.982422889 129.130513889</gml:pos>
</gml:Point>
</pos>
<orgName>国土地理院</orgName>
<type>三角点</type>
<gcpClass>四等三角点</gcpClass>
<gcpCode>TR44929317001</gcpCode>
<name>旭岳</name>
<B>118736.7224</B>
<L>464869.85</L>
<alti>187.36</alti>
<altiAcc>2</altiAcc>
</GCP>
<GCP gml:id="K1_492931_14">
<fid>10-00100-0-2303-194794</fid>
<lfSpanFr gml:id="K1_492931_14-1">
<gml:timePosition>2024-03-06</gml:timePosition>
</lfSpanFr>
<devDate gml:id="K1_492931_14-2">
<gml:timePosition>2024-03-13</gml:timePosition>
</devDate>
<orgGILvl>KJ14</orgGILvl>
<vis>表示</vis>
<pos>
<gml:Point gml:id="K1_492931_14-g" srsName="fguuid:jgd2011.bl">
<gml:pos>32.979998667 129.151836222</gml:pos>
</gml:Point>
</pos>
<orgName>国土地理院</orgName>
<type>三角点</type>
<gcpClass>四等三角点</gcpClass>
<gcpCode>TR44929317201</gcpCode>
<name>宇戸</name>
<B>118727.9952</B>
<L>464946.6104</L>
<alti>341.5</alti>
<altiAcc>2</altiAcc>
</GCP>
<GCP gml:id="K1_492931_15">
<fid>10-00100-0-2303-194795</fid>
<lfSpanFr gml:id="K1_492931_15-1">
<gml:timePosition>2024-03-06</gml:timePosition>
</lfSpanFr>
<devDate gml:id="K1_492931_15-2">
<gml:timePosition>2024-03-13</gml:timePosition>
</devDate>
<orgGILvl>KJ14</orgGILvl>
<vis>表示</vis>
<pos>
<gml:Point gml:id="K1_492931_15-g" srsName="fguuid:jgd2011.bl">
<gml:pos>32.991198167 129.161735083</gml:pos>
</gml:Point>
</pos>
<orgName>国土地理院</orgName>
<type>三角点</type>
<gcpClass>四等三角点</gcpClass>
<gcpCode>TR44929318201</gcpCode>
<name>狸山</name>
<B>118768.3134</B>
<L>464982.2463</L>
<alti>266.18</alti>
<altiAcc>2</altiAcc>
</GCP>
<GCP gml:id="K1_492931_16">
<fid>10-00100-0-2303-194796</fid>
<lfSpanFr gml:id="K1_492931_16-1">
<gml:timePosition>2024-03-06</gml:timePosition>
</lfSpanFr>
<devDate gml:id="K1_492931_16-2">
<gml:timePosition>2024-03-13</gml:timePosition>
</devDate>
<orgGILvl>KJ14</orgGILvl>
<vis>表示</vis>
<pos>
<gml:Point gml:id="K1_492931_16-g" srsName="fguuid:jgd2011.bl">
<gml:pos>32.985777583 129.179199417</gml:pos>
</gml:Point>
</pos>
<orgName>国土地理院</orgName>
<type>三角点</type>
<gcpClass>四等三角点</gcpClass>
<gcpCode>TR44929318401</gcpCode>
<name>江ノ浜</name>
<B>118748.7993</B>
<L>465045.1179</L>
<alti>48.81</alti>
<altiAcc>2</altiAcc>
</GCP>
</Dataset>
