<?xml version="1.0" encoding="utf-8"?>
<Dataset xsi:schemaLocation="http://fgd.gsi.go.jp/spec/2008/FGD_GMLSchema FGD_GMLSchema.xsd"
	xmlns:gml="http://www.opengis.net/gml/3.2"
	xmlns:xsi="http://www.w3.org/2001/XMLSchema-instance"
	xmlns:xlink="http://www.w3.org/1999/xlink"
	xmlns="http://fgd.gsi.go.jp/spec/2008/FGD_GMLSchema"
	gml:id="Dataset1">
  <gml:description>基盤地図情報メタデータ ID=fmdid:24-0401</gml:description>
  <gml:name>基盤地図情報ダウンロードデータ（GML版）</gml:name>
<WStrA gml:id="K28_4648511850_1">
<fid>20240313-46488-11871-s-535</fid>
<lfSpanFr gml:id="K28_4648511850_1-1">
<gml:timePosition>2024-03-13</gml:timePosition>
</lfSpanFr>
<devDate gml:id="K28_4648511850_1-2">
<gml:timePosition>2024-03-13</gml:timePosition>
</devDate>
<orgGILvl>2500</orgGILvl>
<vis>表示</vis>
<area>
<gml:Surface gml:id="K28_4648511850_1-g" srsName="fguuid:jgd2011.bl">
<gml:patches>
<gml:PolygonPatch>
<gml:exterior>
<gml:Ring>
<gml:curveMember>
<gml:Curve gml:id="K28_4648511850_1-3">
<gml:segments>
<gml:LineStringSegment>
<gml:posList>
32.978694245 129.13358635
32.978683348 129.133572594
32.978606855 129.133663059
32.978620854 129.133679563
32.978694245 129.13358635
</gml:posList>
</gml:LineStringSegment>
</gml:segments>
</gml:Curve>
</gml:curveMember>
</gml:Ring>
</gml:exterior>
</gml:PolygonPatch>
</gml:patches>
</gml:Surface>
</area>
<type>せき</type>
</WStrA>
<WStrA gml:id="K28_4648511850_2">
<fid>20240313-46485-11871-s-543</fid>
<lfSpanFr gml:id="K28_4648511850_2-1">
<gml:timePosition>2024-03-13</gml:timePosition>
</lfSpanFr>
<devDate gml:id="K28_4648511850_2-2">
<gml:timePosition>2024-03-13</gml:timePosition>
</devDate>
<orgGILvl>2500</orgGILvl>
<vis>表示</vis>
<area>
<gml:Surface gml:id="K28_4648511850_2-g" srsName="fguuid:jgd2011.bl">
<gml:patches>
<gml:PolygonPatch>
<gml:exterior>
<gml:Ring>
<gml:curveMember>
<gml:Curve gml:id="K28_4648511850_2-3">
<gml:segments>
<gml:LineStringSegment>
<gml:posList>
32.977795252 129.131560771
32.977668854 129.131558546
32.977668906 129.131576017
32.977796082 129.13157917
32.977795252 129.131560771
</gml:posList>
</gml:LineStringSegment>
</gml:segments>
</gml:Curve>
</gml:curveMember>
</gml:Ring>
</gml:exterior>
</gml:PolygonPatch>
</gml:patches>
</gml:Surface>
</area>
<type>せき</type>
</WStrA>
</Dataset>
