<?xml version="1.0" encoding="utf-8"?>
<Dataset xsi:schemaLocation="http://fgd.gsi.go.jp/spec/2008/FGD_GMLSchema FGD_GMLSchema.xsd"
	xmlns:gml="http://www.opengis.net/gml/3.2"
	xmlns:xsi="http://www.w3.org/2001/XMLSchema-instance"
	xmlns:xlink="http://www.w3.org/1999/xlink"
	xmlns="http://fgd.gsi.go.jp/spec/2008/FGD_GMLSchema"
	gml:id="Dataset1">
  <gml:description>基盤地図情報メタデータ ID=fmdid:17-1001</gml:description>
  <gml:name>基盤地図情報ダウンロードデータ（GML版）</gml:name>
<AdmArea gml:id="K4_483070_1">
<fid>483070-42214-a-1-20171003</fid>
<lfSpanFr gml:id="K4_483070_1-1">
<gml:timePosition>2017-10-03</gml:timePosition>
</lfSpanFr>
<devDate gml:id="K4_483070_1-2">
<gml:timePosition>2017-10-04</gml:timePosition>
</devDate>
<orgGILvl>25000</orgGILvl>
<vis>表示</vis>
<area>
<gml:Surface gml:id="K4_483070_1-g" srsName="fguuid:jgd2011.bl">
<gml:patches>
<gml:PolygonPatch>
<gml:exterior>
<gml:Ring>
<gml:curveMember>
<gml:Curve gml:id="K4_483070_1-3">
<gml:segments>
<gml:LineStringSegment>
<gml:posList>
32.650000000 130.124910623
32.650000009 130.124910636
32.650021955 130.124942750
32.650083901 130.124942750
32.650095009 130.124862750
32.650078342 130.124842750
32.650050009 130.124836083
32.650005009 130.124862750
32.650000009 130.124902750
32.650000000 130.124902815
32.649999171 130.124909416
32.650000000 130.124910623
</gml:posList>
</gml:LineStringSegment>
</gml:segments>
</gml:Curve>
</gml:curveMember>
</gml:Ring>
</gml:exterior>
</gml:PolygonPatch>
</gml:patches>
</gml:Surface>
</area>
<type>郡市・東京都の区</type>
<name>南島原市</name>
<admCode>42214</admCode>
</AdmArea>
</Dataset>
