<?xml version="1.0" encoding="utf-8"?>
<Dataset xsi:schemaLocation="http://fgd.gsi.go.jp/spec/2008/FGD_GMLSchema FGD_GMLSchema.xsd"
	xmlns:gml="http://www.opengis.net/gml/3.2"
	xmlns:xsi="http://www.w3.org/2001/XMLSchema-instance"
	xmlns:xlink="http://www.w3.org/1999/xlink"
	xmlns="http://fgd.gsi.go.jp/spec/2008/FGD_GMLSchema"
	gml:id="Dataset1">
  <gml:description>基盤地図情報メタデータ ID=fmdid:17-1001</gml:description>
  <gml:name>基盤地図情報ダウンロードデータ（GML版）</gml:name>
<Cstline gml:id="K14_4684211751_1">
<fid>46842-11751-s-16</fid>
<lfSpanFr gml:id="K14_4684211751_1-1">
<gml:timePosition>2017-09-25</gml:timePosition>
</lfSpanFr>
<devDate gml:id="K14_4684211751_1-2">
<gml:timePosition>2017-10-04</gml:timePosition>
</devDate>
<orgGILvl>25000</orgGILvl>
<loc>
<gml:Curve gml:id="K14_4684211751_1-g" srsName="fguuid:jgd2011.bl">
<gml:segments>
<gml:LineStringSegment>
<gml:posList>
32.650000000 130.124902817
32.649999175 130.124909418
32.650000000 130.124910629
</gml:posList>
</gml:LineStringSegment>
</gml:segments>
</gml:Curve>
</loc>
<type>海岸線</type>
</Cstline>
<Cstline gml:id="K14_4684211754_1">
<fid>46842-11754-s-31</fid>
<lfSpanFr gml:id="K14_4684211754_1-1">
<gml:timePosition>2017-09-25</gml:timePosition>
</lfSpanFr>
<devDate gml:id="K14_4684211754_1-2">
<gml:timePosition>2017-10-04</gml:timePosition>
</devDate>
<orgGILvl>25000</orgGILvl>
<loc>
<gml:Curve gml:id="K14_4684211754_1-g" srsName="fguuid:jgd2011.bl">
<gml:segments>
<gml:LineStringSegment>
<gml:posList>
32.650095008 130.124862750
32.650078342 130.124842749
32.650050008 130.124836082
32.650005008 130.124862750
32.650000008 130.124902751
</gml:posList>
</gml:LineStringSegment>
</gml:segments>
</gml:Curve>
</loc>
<type>海岸線</type>
</Cstline>
<Cstline gml:id="K14_4684211754_2">
<fid>46842-11754-s-32</fid>
<lfSpanFr gml:id="K14_4684211754_2-1">
<gml:timePosition>2017-09-25</gml:timePosition>
</lfSpanFr>
<devDate gml:id="K14_4684211754_2-2">
<gml:timePosition>2017-10-04</gml:timePosition>
</devDate>
<orgGILvl>25000</orgGILvl>
<loc>
<gml:Curve gml:id="K14_4684211754_2-g" srsName="fguuid:jgd2011.bl">
<gml:segments>
<gml:LineStringSegment>
<gml:posList>
32.650000008 130.124910641
32.650021953 130.124942753
32.650083897 130.124942753
32.650095008 130.124862750
</gml:posList>
</gml:LineStringSegment>
</gml:segments>
</gml:Curve>
</loc>
<type>海岸線</type>
</Cstline>
<Cstline gml:id="K14_4684211754_3">
<fid>46842-11754-s-33</fid>
<lfSpanFr gml:id="K14_4684211754_3-1">
<gml:timePosition>2017-09-25</gml:timePosition>
</lfSpanFr>
<devDate gml:id="K14_4684211754_3-2">
<gml:timePosition>2017-10-04</gml:timePosition>
</devDate>
<orgGILvl>25000</orgGILvl>
<loc>
<gml:Curve gml:id="K14_4684211754_3-g" srsName="fguuid:jgd2011.bl">
<gml:segments>
<gml:LineStringSegment>
<gml:posList>
32.650000008 130.124902751
32.650000000 130.124902817
</gml:posList>
</gml:LineStringSegment>
</gml:segments>
</gml:Curve>
</loc>
<type>海岸線</type>
</Cstline>
<Cstline gml:id="K14_4684211754_4">
<fid>46842-11754-s-34</fid>
<lfSpanFr gml:id="K14_4684211754_4-1">
<gml:timePosition>2017-09-25</gml:timePosition>
</lfSpanFr>
<devDate gml:id="K14_4684211754_4-2">
<gml:timePosition>2017-10-04</gml:timePosition>
</devDate>
<orgGILvl>25000</orgGILvl>
<loc>
<gml:Curve gml:id="K14_4684211754_4-g" srsName="fguuid:jgd2011.bl">
<gml:segments>
<gml:LineStringSegment>
<gml:posList>
32.650000000 130.124910629
32.650000008 130.124910641
</gml:posList>
</gml:LineStringSegment>
</gml:segments>
</gml:Curve>
</loc>
<type>海岸線</type>
</Cstline>
</Dataset>
