<?xml version="1.0" encoding="utf-8"?>
<Dataset xsi:schemaLocation="http://fgd.gsi.go.jp/spec/2008/FGD_GMLSchema FGD_GMLSchema.xsd"
	xmlns:gml="http://www.opengis.net/gml/3.2"
	xmlns:xsi="http://www.w3.org/2001/XMLSchema-instance"
	xmlns:xlink="http://www.w3.org/1999/xlink"
	xmlns="http://fgd.gsi.go.jp/spec/2008/FGD_GMLSchema"
	gml:id="Dataset1">
  <gml:description>基盤地図情報メタデータ ID=fmdid:16-0401</gml:description>
  <gml:name>基盤地図情報ダウンロードデータ（GML版）</gml:name>
<GCP gml:id="K1_492807_1">
<fid>10-00100-0-1503-686012</fid>
<lfSpanFr gml:id="K1_492807_1-1">
<gml:timePosition>2016-03-29</gml:timePosition>
</lfSpanFr>
<devDate gml:id="K1_492807_1-2">
<gml:timePosition>2016-04-06</gml:timePosition>
</devDate>
<orgGILvl>KJ12</orgGILvl>
<vis>表示</vis>
<pos>
<gml:Point gml:id="K1_492807_1-g" srsName="fguuid:jgd2011.bl">
<gml:pos>32.741289833 128.875144528</gml:pos>
</gml:Point>
</pos>
<orgName>国土地理院</orgName>
<type>三角点</type>
<gcpClass>二等三角点</gcpClass>
<gcpCode>TR24928078001</gcpCode>
<name>多多羅島</name>
<B>117868.6434</B>
<L>463950.5203</L>
<alti>135</alti>
<altiAcc>2</altiAcc>
</GCP>
<GCP gml:id="K1_492807_2">
<fid>10-00100-0-1503-692619</fid>
<lfSpanFr gml:id="K1_492807_2-1">
<gml:timePosition>2016-03-29</gml:timePosition>
</lfSpanFr>
<devDate gml:id="K1_492807_2-2">
<gml:timePosition>2016-04-06</gml:timePosition>
</devDate>
<orgGILvl>KJ13</orgGILvl>
<vis>表示</vis>
<pos>
<gml:Point gml:id="K1_492807_2-g" srsName="fguuid:jgd2011.bl">
<gml:pos>32.704695111 128.896753750</gml:pos>
</gml:Point>
</pos>
<orgName>国土地理院</orgName>
<type>三角点</type>
<gcpClass>三等三角点</gcpClass>
<gcpCode>TR34928074101</gcpCode>
<name>栄螺島</name>
<B>117736.9024</B>
<L>464028.3135</L>
<alti>143.63</alti>
<altiAcc>2</altiAcc>
</GCP>
</Dataset>
