<?xml version="1.0" encoding="utf-8"?>
<Dataset xsi:schemaLocation="http://fgd.gsi.go.jp/spec/2008/FGD_GMLSchema FGD_GMLSchema.xsd"
	xmlns:gml="http://www.opengis.net/gml/3.2"
	xmlns:xsi="http://www.w3.org/2001/XMLSchema-instance"
	xmlns:xlink="http://www.w3.org/1999/xlink"
	xmlns="http://fgd.gsi.go.jp/spec/2008/FGD_GMLSchema"
	gml:id="Dataset1">
  <gml:description>基盤地図情報メタデータ ID=fmdid:16-0401</gml:description>
  <gml:name>基盤地図情報ダウンロードデータ（GML版）</gml:name>
<BldA gml:id="K17_4639511760_1">
<fid>20160406-46395-11760-s-840</fid>
<lfSpanFr gml:id="K17_4639511760_1-1">
<gml:timePosition>2016-04-06</gml:timePosition>
</lfSpanFr>
<devDate gml:id="K17_4639511760_1-2">
<gml:timePosition>2016-04-06</gml:timePosition>
</devDate>
<orgGILvl>2500</orgGILvl>
<area>
<gml:Surface gml:id="K17_4639511760_1-g" srsName="fguuid:jgd2011.bl">
<gml:patches>
<gml:PolygonPatch>
<gml:exterior>
<gml:Ring>
<gml:curveMember>
<gml:Curve gml:id="K17_4639511760_1-3">
<gml:segments>
<gml:LineStringSegment>
<gml:posList>
32.66882025 128.879096722
32.669088 128.879029528
32.669051222 128.878824556
32.668783417 128.878891556
32.66882025 128.879096722
</gml:posList>
</gml:LineStringSegment>
</gml:segments>
</gml:Curve>
</gml:curveMember>
</gml:Ring>
</gml:exterior>
</gml:PolygonPatch>
</gml:patches>
</gml:Surface>
</area>
<type>普通建物</type>
</BldA>
<BldA gml:id="K17_4639511760_2">
<fid>20160406-46395-11760-s-837</fid>
<lfSpanFr gml:id="K17_4639511760_2-1">
<gml:timePosition>2016-04-06</gml:timePosition>
</lfSpanFr>
<devDate gml:id="K17_4639511760_2-2">
<gml:timePosition>2016-04-06</gml:timePosition>
</devDate>
<orgGILvl>2500</orgGILvl>
<area>
<gml:Surface gml:id="K17_4639511760_2-g" srsName="fguuid:jgd2011.bl">
<gml:patches>
<gml:PolygonPatch>
<gml:exterior>
<gml:Ring>
<gml:curveMember>
<gml:Curve gml:id="K17_4639511760_2-3">
<gml:segments>
<gml:LineStringSegment>
<gml:posList>
32.66848575 128.879188139
32.668465194 128.879014806
32.668241444 128.879055611
32.668247167 128.879103861
32.668191444 128.879113083
32.668209528 128.879265583
32.668407694 128.87923275
32.668404 128.879201667
32.66848575 128.879188139
</gml:posList>
</gml:LineStringSegment>
</gml:segments>
</gml:Curve>
</gml:curveMember>
</gml:Ring>
</gml:exterior>
</gml:PolygonPatch>
</gml:patches>
</gml:Surface>
</area>
<type>普通建物</type>
</BldA>
<BldA gml:id="K17_4639511760_3">
<fid>20160406-46395-11760-s-839</fid>
<lfSpanFr gml:id="K17_4639511760_3-1">
<gml:timePosition>2016-04-06</gml:timePosition>
</lfSpanFr>
<devDate gml:id="K17_4639511760_3-2">
<gml:timePosition>2016-04-06</gml:timePosition>
</devDate>
<orgGILvl>2500</orgGILvl>
<area>
<gml:Surface gml:id="K17_4639511760_3-g" srsName="fguuid:jgd2011.bl">
<gml:patches>
<gml:PolygonPatch>
<gml:exterior>
<gml:Ring>
<gml:curveMember>
<gml:Curve gml:id="K17_4639511760_3-3">
<gml:segments>
<gml:LineStringSegment>
<gml:posList>
32.669015083 128.878395333
32.668993167 128.878275667
32.668925389 128.878294306
32.668920889 128.878271333
32.668880722 128.878282389
32.668884889 128.878303583
32.668609139 128.878379472
32.668625611 128.878463139
32.668644944 128.878457806
32.668652306 128.878495167
32.669015083 128.878395333
</gml:posList>
</gml:LineStringSegment>
</gml:segments>
</gml:Curve>
</gml:curveMember>
</gml:Ring>
</gml:exterior>
</gml:PolygonPatch>
</gml:patches>
</gml:Surface>
</area>
<type>普通建物</type>
</BldA>
<BldA gml:id="K17_4639511760_4">
<fid>20160406-46395-11760-s-841</fid>
<lfSpanFr gml:id="K17_4639511760_4-1">
<gml:timePosition>2016-04-06</gml:timePosition>
</lfSpanFr>
<devDate gml:id="K17_4639511760_4-2">
<gml:timePosition>2016-04-06</gml:timePosition>
</devDate>
<orgGILvl>2500</orgGILvl>
<area>
<gml:Surface gml:id="K17_4639511760_4-g" srsName="fguuid:jgd2011.bl">
<gml:patches>
<gml:PolygonPatch>
<gml:exterior>
<gml:Ring>
<gml:curveMember>
<gml:Curve gml:id="K17_4639511760_4-3">
<gml:segments>
<gml:LineStringSegment>
<gml:posList>
32.669338167 128.878955861
32.669312361 128.878803722
32.669156806 128.878843694
32.66915 128.8788035
32.669077944 128.878820583
32.669084944 128.87886175
32.669067389 128.878865917
32.669094306 128.879024694
32.669145361 128.879012583
32.669148833 128.879033111
32.669248861 128.879009389
32.669245556 128.878989778
32.669258361 128.878986722
32.669262444 128.879010778
32.669328028 128.878995222
32.669322 128.878959694
32.669338167 128.878955861
</gml:posList>
</gml:LineStringSegment>
</gml:segments>
</gml:Curve>
</gml:curveMember>
</gml:Ring>
</gml:exterior>
</gml:PolygonPatch>
</gml:patches>
</gml:Surface>
</area>
<type>普通建物</type>
</BldA>
<BldA gml:id="K17_4639511760_5">
<fid>20160406-46395-11760-s-838</fid>
<lfSpanFr gml:id="K17_4639511760_5-1">
<gml:timePosition>2016-04-06</gml:timePosition>
</lfSpanFr>
<devDate gml:id="K17_4639511760_5-2">
<gml:timePosition>2016-04-06</gml:timePosition>
</devDate>
<orgGILvl>2500</orgGILvl>
<area>
<gml:Surface gml:id="K17_4639511760_5-g" srsName="fguuid:jgd2011.bl">
<gml:patches>
<gml:PolygonPatch>
<gml:exterior>
<gml:Ring>
<gml:curveMember>
<gml:Curve gml:id="K17_4639511760_5-3">
<gml:segments>
<gml:LineStringSegment>
<gml:posList>
32.668626444 128.879044472
32.668654278 128.879271
32.668727667 128.879258389
32.668684778 128.878909611
32.668512778 128.878938667
32.66851675 128.878971111
32.668469667 128.878979222
32.66848075 128.8790695
32.668626444 128.879044472
</gml:posList>
</gml:LineStringSegment>
</gml:segments>
</gml:Curve>
</gml:curveMember>
</gml:Ring>
</gml:exterior>
</gml:PolygonPatch>
</gml:patches>
</gml:Surface>
</area>
<type>普通建物</type>
</BldA>
<BldA gml:id="K17_4639511760_6">
<fid>20160406-46395-11760-s-892</fid>
<lfSpanFr gml:id="K17_4639511760_6-1">
<gml:timePosition>2016-04-06</gml:timePosition>
</lfSpanFr>
<devDate gml:id="K17_4639511760_6-2">
<gml:timePosition>2016-04-06</gml:timePosition>
</devDate>
<orgGILvl>2500</orgGILvl>
<area>
<gml:Surface gml:id="K17_4639511760_6-g" srsName="fguuid:jgd2011.bl">
<gml:patches>
<gml:PolygonPatch>
<gml:exterior>
<gml:Ring>
<gml:curveMember>
<gml:Curve gml:id="K17_4639511760_6-3">
<gml:segments>
<gml:LineStringSegment>
<gml:posList>
32.6738125 128.875472194
32.673820639 128.875434694
32.673930639 128.875441833
32.673949694 128.875256528
32.673752972 128.875228361
32.673727528 128.875466861
32.6738125 128.875472194
</gml:posList>
</gml:LineStringSegment>
</gml:segments>
</gml:Curve>
</gml:curveMember>
</gml:Ring>
</gml:exterior>
</gml:PolygonPatch>
</gml:patches>
</gml:Surface>
</area>
<type>普通無壁舎</type>
</BldA>
<BldA gml:id="K17_4639511760_7">
<fid>20160406-46395-11760-s-834</fid>
<lfSpanFr gml:id="K17_4639511760_7-1">
<gml:timePosition>2016-04-06</gml:timePosition>
</lfSpanFr>
<devDate gml:id="K17_4639511760_7-2">
<gml:timePosition>2016-04-06</gml:timePosition>
</devDate>
<orgGILvl>2500</orgGILvl>
<area>
<gml:Surface gml:id="K17_4639511760_7-g" srsName="fguuid:jgd2011.bl">
<gml:patches>
<gml:PolygonPatch>
<gml:exterior>
<gml:Ring>
<gml:curveMember>
<gml:Curve gml:id="K17_4639511760_7-3">
<gml:segments>
<gml:LineStringSegment>
<gml:posList>
32.668236389 128.879426806
32.668224889 128.879272444
32.668147861 128.879281639
32.668150417 128.879315889
32.667918139 128.879340083
32.667927 128.879459028
32.668236389 128.879426806
</gml:posList>
</gml:LineStringSegment>
</gml:segments>
</gml:Curve>
</gml:curveMember>
</gml:Ring>
</gml:exterior>
</gml:PolygonPatch>
</gml:patches>
</gml:Surface>
</area>
<type>普通建物</type>
</BldA>
<BldA gml:id="K17_4639511760_8">
<fid>20160406-46395-11760-s-844</fid>
<lfSpanFr gml:id="K17_4639511760_8-1">
<gml:timePosition>2016-04-06</gml:timePosition>
</lfSpanFr>
<devDate gml:id="K17_4639511760_8-2">
<gml:timePosition>2016-04-06</gml:timePosition>
</devDate>
<orgGILvl>2500</orgGILvl>
<area>
<gml:Surface gml:id="K17_4639511760_8-g" srsName="fguuid:jgd2011.bl">
<gml:patches>
<gml:PolygonPatch>
<gml:exterior>
<gml:Ring>
<gml:curveMember>
<gml:Curve gml:id="K17_4639511760_8-3">
<gml:segments>
<gml:LineStringSegment>
<gml:posList>
32.669707278 128.880724194
32.669686861 128.880711583
32.669702778 128.880675528
32.669584722 128.880604667
32.669506083 128.880782806
32.669568556 128.880821333
32.669553361 128.880856389
32.669600028 128.880882861
32.669614472 128.880849667
32.669624611 128.880855944
32.669662944 128.880769056
32.669682222 128.880780944
32.669707278 128.880724194
</gml:posList>
</gml:LineStringSegment>
</gml:segments>
</gml:Curve>
</gml:curveMember>
</gml:Ring>
</gml:exterior>
</gml:PolygonPatch>
</gml:patches>
</gml:Surface>
</area>
<type>普通建物</type>
</BldA>
<BldA gml:id="K17_4639511760_9">
<fid>20160406-46395-11760-s-851</fid>
<lfSpanFr gml:id="K17_4639511760_9-1">
<gml:timePosition>2016-04-06</gml:timePosition>
</lfSpanFr>
<devDate gml:id="K17_4639511760_9-2">
<gml:timePosition>2016-04-06</gml:timePosition>
</devDate>
<orgGILvl>2500</orgGILvl>
<area>
<gml:Surface gml:id="K17_4639511760_9-g" srsName="fguuid:jgd2011.bl">
<gml:patches>
<gml:PolygonPatch>
<gml:exterior>
<gml:Ring>
<gml:curveMember>
<gml:Curve gml:id="K17_4639511760_9-3">
<gml:segments>
<gml:LineStringSegment>
<gml:posList>
32.6724055 128.877515306
32.672334694 128.8773475
32.672349056 128.877339056
32.672314028 128.877256056
32.672271028 128.877279083
32.672256694 128.877245111
32.672207194 128.877274333
32.672328111 128.877560944
32.6724055 128.877515306
</gml:posList>
</gml:LineStringSegment>
</gml:segments>
</gml:Curve>
</gml:curveMember>
</gml:Ring>
</gml:exterior>
</gml:PolygonPatch>
</gml:patches>
</gml:Surface>
</area>
<type>普通建物</type>
</BldA>
<BldA gml:id="K17_4639511760_10">
<fid>20160406-46395-11760-s-849</fid>
<lfSpanFr gml:id="K17_4639511760_10-1">
<gml:timePosition>2016-04-06</gml:timePosition>
</lfSpanFr>
<devDate gml:id="K17_4639511760_10-2">
<gml:timePosition>2016-04-06</gml:timePosition>
</devDate>
<orgGILvl>2500</orgGILvl>
<area>
<gml:Surface gml:id="K17_4639511760_10-g" srsName="fguuid:jgd2011.bl">
<gml:patches>
<gml:PolygonPatch>
<gml:exterior>
<gml:Ring>
<gml:curveMember>
<gml:Curve gml:id="K17_4639511760_10-3">
<gml:segments>
<gml:LineStringSegment>
<gml:posList>
32.672035333 128.875257
32.671968556 128.87515475
32.67199 128.875135194
32.671958833 128.875087472
32.671988111 128.87506075
32.671971556 128.875035389
32.672001028 128.875008472
32.671995472 128.875
32.671912333 128.875
32.67187225 128.875036583
32.671932222 128.875128444
32.671870472 128.875184806
32.671961556 128.875324333
32.672035333 128.875257
</gml:posList>
</gml:LineStringSegment>
</gml:segments>
</gml:Curve>
</gml:curveMember>
</gml:Ring>
</gml:exterior>
</gml:PolygonPatch>
</gml:patches>
</gml:Surface>
</area>
<type>普通建物</type>
</BldA>
<BldA gml:id="K17_4639511760_11">
<fid>20160406-46395-11760-s-868</fid>
<lfSpanFr gml:id="K17_4639511760_11-1">
<gml:timePosition>2016-04-06</gml:timePosition>
</lfSpanFr>
<devDate gml:id="K17_4639511760_11-2">
<gml:timePosition>2016-04-06</gml:timePosition>
</devDate>
<orgGILvl>2500</orgGILvl>
<area>
<gml:Surface gml:id="K17_4639511760_11-g" srsName="fguuid:jgd2011.bl">
<gml:patches>
<gml:PolygonPatch>
<gml:exterior>
<gml:Ring>
<gml:curveMember>
<gml:Curve gml:id="K17_4639511760_11-3">
<gml:segments>
<gml:LineStringSegment>
<gml:posList>
32.673895194 128.875737583
32.67391325 128.875678167
32.673931611 128.875682389
32.673943583 128.875627361
32.6738995 128.875616111
32.673893472 128.8756335
32.673871417 128.875626417
32.673876194 128.875604694
32.673832139 128.875593444
32.673824944 128.875620944
32.673799222 128.875616806
32.673811139 128.875553083
32.673741361 128.875537667
32.673730583 128.875585444
32.673709806 128.875584167
32.673694333 128.875671028
32.673895194 128.875737583
</gml:posList>
</gml:LineStringSegment>
</gml:segments>
</gml:Curve>
</gml:curveMember>
</gml:Ring>
</gml:exterior>
</gml:PolygonPatch>
</gml:patches>
</gml:Surface>
</area>
<type>普通建物</type>
</BldA>
<BldA gml:id="K17_4639511760_12">
<fid>20160406-46395-11760-s-887</fid>
<lfSpanFr gml:id="K17_4639511760_12-1">
<gml:timePosition>2016-04-06</gml:timePosition>
</lfSpanFr>
<devDate gml:id="K17_4639511760_12-2">
<gml:timePosition>2016-04-06</gml:timePosition>
</devDate>
<orgGILvl>2500</orgGILvl>
<area>
<gml:Surface gml:id="K17_4639511760_12-g" srsName="fguuid:jgd2011.bl">
<gml:patches>
<gml:PolygonPatch>
<gml:exterior>
<gml:Ring>
<gml:curveMember>
<gml:Curve gml:id="K17_4639511760_12-3">
<gml:segments>
<gml:LineStringSegment>
<gml:posList>
32.671246778 128.875679917
32.671270583 128.875668806
32.671277361 128.875701639
32.671433167 128.875608167
32.671403556 128.875511278
32.671229194 128.875604861
32.671246778 128.875679917
</gml:posList>
</gml:LineStringSegment>
</gml:segments>
</gml:Curve>
</gml:curveMember>
</gml:Ring>
</gml:exterior>
</gml:PolygonPatch>
</gml:patches>
</gml:Surface>
</area>
<type>普通無壁舎</type>
</BldA>
<BldA gml:id="K17_4639511760_13">
<fid>20160406-46395-11760-s-888</fid>
<lfSpanFr gml:id="K17_4639511760_13-1">
<gml:timePosition>2016-04-06</gml:timePosition>
</lfSpanFr>
<devDate gml:id="K17_4639511760_13-2">
<gml:timePosition>2016-04-06</gml:timePosition>
</devDate>
<orgGILvl>2500</orgGILvl>
<area>
<gml:Surface gml:id="K17_4639511760_13-g" srsName="fguuid:jgd2011.bl">
<gml:patches>
<gml:PolygonPatch>
<gml:exterior>
<gml:Ring>
<gml:curveMember>
<gml:Curve gml:id="K17_4639511760_13-3">
<gml:segments>
<gml:LineStringSegment>
<gml:posList>
32.671998389 128.876122167
32.672164806 128.876027056
32.672124583 128.875928667
32.671960167 128.876026111
32.671998389 128.876122167
</gml:posList>
</gml:LineStringSegment>
</gml:segments>
</gml:Curve>
</gml:curveMember>
</gml:Ring>
</gml:exterior>
</gml:PolygonPatch>
</gml:patches>
</gml:Surface>
</area>
<type>普通無壁舎</type>
</BldA>
<BldA gml:id="K17_4639511760_14">
<fid>20160406-46431-11787-s-497</fid>
<lfSpanFr gml:id="K17_4639511760_14-1">
<gml:timePosition>2016-04-06</gml:timePosition>
</lfSpanFr>
<devDate gml:id="K17_4639511760_14-2">
<gml:timePosition>2016-04-06</gml:timePosition>
</devDate>
<orgGILvl>25000</orgGILvl>
<area>
<gml:Surface gml:id="K17_4639511760_14-g" srsName="fguuid:jgd2011.bl">
<gml:patches>
<gml:PolygonPatch>
<gml:exterior>
<gml:Ring>
<gml:curveMember>
<gml:Curve gml:id="K17_4639511760_14-3">
<gml:segments>
<gml:LineStringSegment>
<gml:posList>
32.747548333 128.982748056
32.7475425 128.982741389
32.747458333 128.982734722
32.7474525 128.982954722
32.747537222 128.982961389
32.747548333 128.982748056
</gml:posList>
</gml:LineStringSegment>
</gml:segments>
</gml:Curve>
</gml:curveMember>
</gml:Ring>
</gml:exterior>
</gml:PolygonPatch>
</gml:patches>
</gml:Surface>
</area>
<type>普通建物</type>
</BldA>
<BldA gml:id="K17_4639511760_15">
<fid>20160406-46395-11760-s-893</fid>
<lfSpanFr gml:id="K17_4639511760_15-1">
<gml:timePosition>2016-04-06</gml:timePosition>
</lfSpanFr>
<devDate gml:id="K17_4639511760_15-2">
<gml:timePosition>2016-04-06</gml:timePosition>
</devDate>
<orgGILvl>2500</orgGILvl>
<area>
<gml:Surface gml:id="K17_4639511760_15-g" srsName="fguuid:jgd2011.bl">
<gml:patches>
<gml:PolygonPatch>
<gml:exterior>
<gml:Ring>
<gml:curveMember>
<gml:Curve gml:id="K17_4639511760_15-3">
<gml:segments>
<gml:LineStringSegment>
<gml:posList>
32.674199472 128.875501
32.674206056 128.875483222
32.674259389 128.875488778
32.674281778 128.875305444
32.674183417 128.875290361
32.674162833 128.875501278
32.674199472 128.875501
</gml:posList>
</gml:LineStringSegment>
</gml:segments>
</gml:Curve>
</gml:curveMember>
</gml:Ring>
</gml:exterior>
</gml:PolygonPatch>
</gml:patches>
</gml:Surface>
</area>
<type>普通無壁舎</type>
</BldA>
<BldA gml:id="K17_4639511760_16">
<fid>20160406-46395-11760-s-856</fid>
<lfSpanFr gml:id="K17_4639511760_16-1">
<gml:timePosition>2016-04-06</gml:timePosition>
</lfSpanFr>
<devDate gml:id="K17_4639511760_16-2">
<gml:timePosition>2016-04-06</gml:timePosition>
</devDate>
<orgGILvl>2500</orgGILvl>
<area>
<gml:Surface gml:id="K17_4639511760_16-g" srsName="fguuid:jgd2011.bl">
<gml:patches>
<gml:PolygonPatch>
<gml:exterior>
<gml:Ring>
<gml:curveMember>
<gml:Curve gml:id="K17_4639511760_16-3">
<gml:segments>
<gml:LineStringSegment>
<gml:posList>
32.672983806 128.877258194
32.673113194 128.877180556
32.673091722 128.8771305
32.673076972 128.877139333
32.673039556 128.877052139
32.672954611 128.877102389
32.672979722 128.877160889
32.672960694 128.877172306
32.672974694 128.877204944
32.67296375 128.8772115
32.672983806 128.877258194
</gml:posList>
</gml:LineStringSegment>
</gml:segments>
</gml:Curve>
</gml:curveMember>
</gml:Ring>
</gml:exterior>
</gml:PolygonPatch>
</gml:patches>
</gml:Surface>
</area>
<type>普通建物</type>
</BldA>
<BldA gml:id="K17_4639511760_17">
<fid>20160406-46431-11787-s-492</fid>
<lfSpanFr gml:id="K17_4639511760_17-1">
<gml:timePosition>2016-04-06</gml:timePosition>
</lfSpanFr>
<devDate gml:id="K17_4639511760_17-2">
<gml:timePosition>2016-04-06</gml:timePosition>
</devDate>
<orgGILvl>25000</orgGILvl>
<area>
<gml:Surface gml:id="K17_4639511760_17-g" srsName="fguuid:jgd2011.bl">
<gml:patches>
<gml:PolygonPatch>
<gml:exterior>
<gml:Ring>
<gml:curveMember>
<gml:Curve gml:id="K17_4639511760_17-3">
<gml:segments>
<gml:LineStringSegment>
<gml:posList>
32.748658889 128.980108333
32.748653333 128.980101667
32.748642222 128.980055
32.748625278 128.980041667
32.748467222 128.980121667
32.748489722 128.980201667
32.748523611 128.980201667
32.748647778 128.980141667
32.748658889 128.980108333
</gml:posList>
</gml:LineStringSegment>
</gml:segments>
</gml:Curve>
</gml:curveMember>
</gml:Ring>
</gml:exterior>
</gml:PolygonPatch>
</gml:patches>
</gml:Surface>
</area>
<type>普通建物</type>
</BldA>
<BldA gml:id="K17_4639511760_18">
<fid>20160406-46395-11760-s-875</fid>
<lfSpanFr gml:id="K17_4639511760_18-1">
<gml:timePosition>2016-04-06</gml:timePosition>
</lfSpanFr>
<devDate gml:id="K17_4639511760_18-2">
<gml:timePosition>2016-04-06</gml:timePosition>
</devDate>
<orgGILvl>2500</orgGILvl>
<area>
<gml:Surface gml:id="K17_4639511760_18-g" srsName="fguuid:jgd2011.bl">
<gml:patches>
<gml:PolygonPatch>
<gml:exterior>
<gml:Ring>
<gml:curveMember>
<gml:Curve gml:id="K17_4639511760_18-3">
<gml:segments>
<gml:LineStringSegment>
<gml:posList>
32.674203028 128.875192028
32.674340222 128.875191083
32.674339472 128.875
32.674276694 128.875
32.67427425 128.875119611
32.674202667 128.875120111
32.674203028 128.875192028
</gml:posList>
</gml:LineStringSegment>
</gml:segments>
</gml:Curve>
</gml:curveMember>
</gml:Ring>
</gml:exterior>
</gml:PolygonPatch>
</gml:patches>
</gml:Surface>
</area>
<type>普通建物</type>
</BldA>
<BldA gml:id="K17_4639511760_19">
<fid>20160406-46434-11787-s-784</fid>
<lfSpanFr gml:id="K17_4639511760_19-1">
<gml:timePosition>2016-04-06</gml:timePosition>
</lfSpanFr>
<devDate gml:id="K17_4639511760_19-2">
<gml:timePosition>2016-04-06</gml:timePosition>
</devDate>
<orgGILvl>25000</orgGILvl>
<area>
<gml:Surface gml:id="K17_4639511760_19-g" srsName="fguuid:jgd2011.bl">
<gml:patches>
<gml:PolygonPatch>
<gml:exterior>
<gml:Ring>
<gml:curveMember>
<gml:Curve gml:id="K17_4639511760_19-3">
<gml:segments>
<gml:LineStringSegment>
<gml:posList>
32.747368056 128.983721389
32.747227222 128.983621389
32.747181944 128.983708056
32.747306111 128.983794722
32.747328611 128.983801389
32.747345556 128.983774722
32.747368056 128.983721389
</gml:posList>
</gml:LineStringSegment>
</gml:segments>
</gml:Curve>
</gml:curveMember>
</gml:Ring>
</gml:exterior>
</gml:PolygonPatch>
</gml:patches>
</gml:Surface>
</area>
<type>普通建物</type>
</BldA>
<BldA gml:id="K17_4639511760_20">
<fid>20160406-46434-11787-s-783</fid>
<lfSpanFr gml:id="K17_4639511760_20-1">
<gml:timePosition>2016-04-06</gml:timePosition>
</lfSpanFr>
<devDate gml:id="K17_4639511760_20-2">
<gml:timePosition>2016-04-06</gml:timePosition>
</devDate>
<orgGILvl>25000</orgGILvl>
<area>
<gml:Surface gml:id="K17_4639511760_20-g" srsName="fguuid:jgd2011.bl">
<gml:patches>
<gml:PolygonPatch>
<gml:exterior>
<gml:Ring>
<gml:curveMember>
<gml:Curve gml:id="K17_4639511760_20-3">
<gml:segments>
<gml:LineStringSegment>
<gml:posList>
32.747044278 128.983333333
32.747058056 128.983414722
32.747204444 128.983381389
32.747215833 128.983334722
32.747215528 128.983333333
32.747204444 128.983281389
32.747041111 128.983314722
32.747044278 128.983333333
</gml:posList>
</gml:LineStringSegment>
</gml:segments>
</gml:Curve>
</gml:curveMember>
</gml:Ring>
</gml:exterior>
</gml:PolygonPatch>
</gml:patches>
</gml:Surface>
</area>
<type>普通建物</type>
</BldA>
<BldA gml:id="K17_4639511760_21">
<fid>20160406-46395-11763-s-37</fid>
<lfSpanFr gml:id="K17_4639511760_21-1">
<gml:timePosition>2016-04-06</gml:timePosition>
</lfSpanFr>
<devDate gml:id="K17_4639511760_21-2">
<gml:timePosition>2016-04-06</gml:timePosition>
</devDate>
<orgGILvl>2500</orgGILvl>
<area>
<gml:Surface gml:id="K17_4639511760_21-g" srsName="fguuid:jgd2011.bl">
<gml:patches>
<gml:PolygonPatch>
<gml:exterior>
<gml:Ring>
<gml:curveMember>
<gml:Curve gml:id="K17_4639511760_21-3">
<gml:segments>
<gml:LineStringSegment>
<gml:posList>
32.675166417 128.875303278
32.675242972 128.875207333
32.675166778 128.875134111
32.675141278 128.875167528
32.675102 128.875138889
32.67506075 128.875199917
32.675166417 128.875303278
</gml:posList>
</gml:LineStringSegment>
</gml:segments>
</gml:Curve>
</gml:curveMember>
</gml:Ring>
</gml:exterior>
</gml:PolygonPatch>
</gml:patches>
</gml:Surface>
</area>
<type>普通建物</type>
</BldA>
<BldA gml:id="K17_4639511760_22">
<fid>20160406-46431-11787-s-491</fid>
<lfSpanFr gml:id="K17_4639511760_22-1">
<gml:timePosition>2016-04-06</gml:timePosition>
</lfSpanFr>
<devDate gml:id="K17_4639511760_22-2">
<gml:timePosition>2016-04-06</gml:timePosition>
</devDate>
<orgGILvl>25000</orgGILvl>
<area>
<gml:Surface gml:id="K17_4639511760_22-g" srsName="fguuid:jgd2011.bl">
<gml:patches>
<gml:PolygonPatch>
<gml:exterior>
<gml:Ring>
<gml:curveMember>
<gml:Curve gml:id="K17_4639511760_22-3">
<gml:segments>
<gml:LineStringSegment>
<gml:posList>
32.747441111 128.975575556
32.747333889 128.975488889
32.747311389 128.975468889
32.747266389 128.975555556
32.747395833 128.975662222
32.747441111 128.975575556
</gml:posList>
</gml:LineStringSegment>
</gml:segments>
</gml:Curve>
</gml:curveMember>
</gml:Ring>
</gml:exterior>
</gml:PolygonPatch>
</gml:patches>
</gml:Surface>
</area>
<type>普通建物</type>
</BldA>
<BldA gml:id="K17_4639511760_23">
<fid>20160406-46428-11787-s-877</fid>
<lfSpanFr gml:id="K17_4639511760_23-1">
<gml:timePosition>2016-04-06</gml:timePosition>
</lfSpanFr>
<devDate gml:id="K17_4639511760_23-2">
<gml:timePosition>2016-04-06</gml:timePosition>
</devDate>
<orgGILvl>25000</orgGILvl>
<area>
<gml:Surface gml:id="K17_4639511760_23-g" srsName="fguuid:jgd2011.bl">
<gml:patches>
<gml:PolygonPatch>
<gml:exterior>
<gml:Ring>
<gml:curveMember>
<gml:Curve gml:id="K17_4639511760_23-3">
<gml:segments>
<gml:LineStringSegment>
<gml:posList>
32.7462175 128.974642222
32.746093333 128.974535556
32.746087778 128.974555556
32.746059722 128.974595556
32.746048333 128.974622222
32.746161111 128.974722222
32.746183611 128.974722222
32.7462175 128.974642222
</gml:posList>
</gml:LineStringSegment>
</gml:segments>
</gml:Curve>
</gml:curveMember>
</gml:Ring>
</gml:exterior>
</gml:PolygonPatch>
</gml:patches>
</gml:Surface>
</area>
<type>普通建物</type>
</BldA>
<BldA gml:id="K17_4639511760_24">
<fid>20160406-46395-11760-s-862</fid>
<lfSpanFr gml:id="K17_4639511760_24-1">
<gml:timePosition>2016-04-06</gml:timePosition>
</lfSpanFr>
<devDate gml:id="K17_4639511760_24-2">
<gml:timePosition>2016-04-06</gml:timePosition>
</devDate>
<orgGILvl>2500</orgGILvl>
<area>
<gml:Surface gml:id="K17_4639511760_24-g" srsName="fguuid:jgd2011.bl">
<gml:patches>
<gml:PolygonPatch>
<gml:exterior>
<gml:Ring>
<gml:curveMember>
<gml:Curve gml:id="K17_4639511760_24-3">
<gml:segments>
<gml:LineStringSegment>
<gml:posList>
32.673407194 128.875885389
32.673367694 128.8758105
32.67338475 128.875795917
32.673362528 128.87575125
32.673344222 128.875757167
32.673335556 128.875741306
32.673263694 128.875793861
32.673290833 128.875842833
32.673277444 128.875855944
32.673299667 128.875899167
32.67331675 128.875888917
32.673341444 128.875936444
32.673407194 128.875885389
</gml:posList>
</gml:LineStringSegment>
</gml:segments>
</gml:Curve>
</gml:curveMember>
</gml:Ring>
</gml:exterior>
</gml:PolygonPatch>
</gml:patches>
</gml:Surface>
</area>
<type>普通建物</type>
</BldA>
<BldA gml:id="K17_4639511760_25">
<fid>20160406-46431-11787-s-495</fid>
<lfSpanFr gml:id="K17_4639511760_25-1">
<gml:timePosition>2016-04-06</gml:timePosition>
</lfSpanFr>
<devDate gml:id="K17_4639511760_25-2">
<gml:timePosition>2016-04-06</gml:timePosition>
</devDate>
<orgGILvl>25000</orgGILvl>
<area>
<gml:Surface gml:id="K17_4639511760_25-g" srsName="fguuid:jgd2011.bl">
<gml:patches>
<gml:PolygonPatch>
<gml:exterior>
<gml:Ring>
<gml:curveMember>
<gml:Curve gml:id="K17_4639511760_25-3">
<gml:segments>
<gml:LineStringSegment>
<gml:posList>
32.747638333 128.981861389
32.747593333 128.981848056
32.747559444 128.981848056
32.747536944 128.981901389
32.74752 128.982008056
32.747565 128.982021389
32.747598889 128.982028056
32.747638333 128.981861389
</gml:posList>
</gml:LineStringSegment>
</gml:segments>
</gml:Curve>
</gml:curveMember>
</gml:Ring>
</gml:exterior>
</gml:PolygonPatch>
</gml:patches>
</gml:Surface>
</area>
<type>普通建物</type>
</BldA>
<BldA gml:id="K17_4639511760_26">
<fid>20160406-46431-11787-s-493</fid>
<lfSpanFr gml:id="K17_4639511760_26-1">
<gml:timePosition>2016-04-06</gml:timePosition>
</lfSpanFr>
<devDate gml:id="K17_4639511760_26-2">
<gml:timePosition>2016-04-06</gml:timePosition>
</devDate>
<orgGILvl>25000</orgGILvl>
<area>
<gml:Surface gml:id="K17_4639511760_26-g" srsName="fguuid:jgd2011.bl">
<gml:patches>
<gml:PolygonPatch>
<gml:exterior>
<gml:Ring>
<gml:curveMember>
<gml:Curve gml:id="K17_4639511760_26-3">
<gml:segments>
<gml:LineStringSegment>
<gml:posList>
32.747801944 128.981108333
32.747723056 128.981088333
32.747694722 128.981248333
32.747706111 128.981261389
32.747773611 128.981281944
32.747779444 128.981261389
32.747801944 128.981108333
</gml:posList>
</gml:LineStringSegment>
</gml:segments>
</gml:Curve>
</gml:curveMember>
</gml:Ring>
</gml:exterior>
</gml:PolygonPatch>
</gml:patches>
</gml:Surface>
</area>
<type>普通建物</type>
</BldA>
<BldA gml:id="K17_4639511760_27">
<fid>20160406-46395-11760-s-890</fid>
<lfSpanFr gml:id="K17_4639511760_27-1">
<gml:timePosition>2016-04-06</gml:timePosition>
</lfSpanFr>
<devDate gml:id="K17_4639511760_27-2">
<gml:timePosition>2016-04-06</gml:timePosition>
</devDate>
<orgGILvl>2500</orgGILvl>
<area>
<gml:Surface gml:id="K17_4639511760_27-g" srsName="fguuid:jgd2011.bl">
<gml:patches>
<gml:PolygonPatch>
<gml:exterior>
<gml:Ring>
<gml:curveMember>
<gml:Curve gml:id="K17_4639511760_27-3">
<gml:segments>
<gml:LineStringSegment>
<gml:posList>
32.672493056 128.877435083
32.672553389 128.877397778
32.672534806 128.877345861
32.6725165 128.8773525
32.672447278 128.877181806
32.672397306 128.877210361
32.672493056 128.877435083
</gml:posList>
</gml:LineStringSegment>
</gml:segments>
</gml:Curve>
</gml:curveMember>
</gml:Ring>
</gml:exterior>
</gml:PolygonPatch>
</gml:patches>
</gml:Surface>
</area>
<type>普通無壁舎</type>
</BldA>
<BldA gml:id="K17_4639511760_28">
<fid>20160406-46431-11787-s-494</fid>
<lfSpanFr gml:id="K17_4639511760_28-1">
<gml:timePosition>2016-04-06</gml:timePosition>
</lfSpanFr>
<devDate gml:id="K17_4639511760_28-2">
<gml:timePosition>2016-04-06</gml:timePosition>
</devDate>
<orgGILvl>25000</orgGILvl>
<area>
<gml:Surface gml:id="K17_4639511760_28-g" srsName="fguuid:jgd2011.bl">
<gml:patches>
<gml:PolygonPatch>
<gml:exterior>
<gml:Ring>
<gml:curveMember>
<gml:Curve gml:id="K17_4639511760_28-3">
<gml:segments>
<gml:LineStringSegment>
<gml:posList>
32.747339444 128.981788056
32.747294444 128.981654722
32.747215833 128.981694722
32.747243889 128.981794722
32.747266667 128.981841389
32.747316944 128.981814722
32.747339444 128.981788056
</gml:posList>
</gml:LineStringSegment>
</gml:segments>
</gml:Curve>
</gml:curveMember>
</gml:Ring>
</gml:exterior>
</gml:PolygonPatch>
</gml:patches>
</gml:Surface>
</area>
<type>普通建物</type>
</BldA>
<BldA gml:id="K17_4639511760_29">
<fid>20160406-46395-11760-s-889</fid>
<lfSpanFr gml:id="K17_4639511760_29-1">
<gml:timePosition>2016-04-06</gml:timePosition>
</lfSpanFr>
<devDate gml:id="K17_4639511760_29-2">
<gml:timePosition>2016-04-06</gml:timePosition>
</devDate>
<orgGILvl>2500</orgGILvl>
<area>
<gml:Surface gml:id="K17_4639511760_29-g" srsName="fguuid:jgd2011.bl">
<gml:patches>
<gml:PolygonPatch>
<gml:exterior>
<gml:Ring>
<gml:curveMember>
<gml:Curve gml:id="K17_4639511760_29-3">
<gml:segments>
<gml:LineStringSegment>
<gml:posList>
32.672192889 128.876001028
32.672290833 128.875944417
32.672247472 128.875840194
32.672146667 128.875895639
32.672192889 128.876001028
</gml:posList>
</gml:LineStringSegment>
</gml:segments>
</gml:Curve>
</gml:curveMember>
</gml:Ring>
</gml:exterior>
</gml:PolygonPatch>
</gml:patches>
</gml:Surface>
</area>
<type>普通無壁舎</type>
</BldA>
<BldA gml:id="K17_4639511760_30">
<fid>20160406-46395-11760-s-877</fid>
<lfSpanFr gml:id="K17_4639511760_30-1">
<gml:timePosition>2016-04-06</gml:timePosition>
</lfSpanFr>
<devDate gml:id="K17_4639511760_30-2">
<gml:timePosition>2016-04-06</gml:timePosition>
</devDate>
<orgGILvl>2500</orgGILvl>
<area>
<gml:Surface gml:id="K17_4639511760_30-g" srsName="fguuid:jgd2011.bl">
<gml:patches>
<gml:PolygonPatch>
<gml:exterior>
<gml:Ring>
<gml:curveMember>
<gml:Curve gml:id="K17_4639511760_30-3">
<gml:segments>
<gml:LineStringSegment>
<gml:posList>
32.674500083 128.876030889
32.674530306 128.875958389
32.674475111 128.875925528
32.674500417 128.875853056
32.674457528 128.875834556
32.674402028 128.875982417
32.674500083 128.876030889
</gml:posList>
</gml:LineStringSegment>
</gml:segments>
</gml:Curve>
</gml:curveMember>
</gml:Ring>
</gml:exterior>
</gml:PolygonPatch>
</gml:patches>
</gml:Surface>
</area>
<type>普通建物</type>
</BldA>
<BldA gml:id="K17_4639511760_31">
<fid>20160406-46395-11760-s-882</fid>
<lfSpanFr gml:id="K17_4639511760_31-1">
<gml:timePosition>2016-04-06</gml:timePosition>
</lfSpanFr>
<devDate gml:id="K17_4639511760_31-2">
<gml:timePosition>2016-04-06</gml:timePosition>
</devDate>
<orgGILvl>2500</orgGILvl>
<area>
<gml:Surface gml:id="K17_4639511760_31-g" srsName="fguuid:jgd2011.bl">
<gml:patches>
<gml:PolygonPatch>
<gml:exterior>
<gml:Ring>
<gml:curveMember>
<gml:Curve gml:id="K17_4639511760_31-3">
<gml:segments>
<gml:LineStringSegment>
<gml:posList>
32.674864667 128.875171194
32.674941528 128.875137389
32.674945306 128.875159056
32.674972167 128.875150194
32.6749385 128.875023194
32.674832389 128.875073111
32.674864667 128.875171194
</gml:posList>
</gml:LineStringSegment>
</gml:segments>
</gml:Curve>
</gml:curveMember>
</gml:Ring>
</gml:exterior>
</gml:PolygonPatch>
</gml:patches>
</gml:Surface>
</area>
<type>普通建物</type>
</BldA>
<BldA gml:id="K17_4639511760_32">
<fid>20160406-46395-11760-s-891</fid>
<lfSpanFr gml:id="K17_4639511760_32-1">
<gml:timePosition>2016-04-06</gml:timePosition>
</lfSpanFr>
<devDate gml:id="K17_4639511760_32-2">
<gml:timePosition>2016-04-06</gml:timePosition>
</devDate>
<orgGILvl>2500</orgGILvl>
<area>
<gml:Surface gml:id="K17_4639511760_32-g" srsName="fguuid:jgd2011.bl">
<gml:patches>
<gml:PolygonPatch>
<gml:exterior>
<gml:Ring>
<gml:curveMember>
<gml:Curve gml:id="K17_4639511760_32-3">
<gml:segments>
<gml:LineStringSegment>
<gml:posList>
32.673638056 128.876168667
32.673697722 128.87610325
32.6736155 128.875985639
32.673554139 128.876041194
32.673638056 128.876168667
</gml:posList>
</gml:LineStringSegment>
</gml:segments>
</gml:Curve>
</gml:curveMember>
</gml:Ring>
</gml:exterior>
</gml:PolygonPatch>
</gml:patches>
</gml:Surface>
</area>
<type>普通無壁舎</type>
</BldA>
<BldA gml:id="K17_4639511760_33">
<fid>20160406-46395-11760-s-880</fid>
<lfSpanFr gml:id="K17_4639511760_33-1">
<gml:timePosition>2016-04-06</gml:timePosition>
</lfSpanFr>
<devDate gml:id="K17_4639511760_33-2">
<gml:timePosition>2016-04-06</gml:timePosition>
</devDate>
<orgGILvl>2500</orgGILvl>
<area>
<gml:Surface gml:id="K17_4639511760_33-g" srsName="fguuid:jgd2011.bl">
<gml:patches>
<gml:PolygonPatch>
<gml:exterior>
<gml:Ring>
<gml:curveMember>
<gml:Curve gml:id="K17_4639511760_33-3">
<gml:segments>
<gml:LineStringSegment>
<gml:posList>
32.674808917 128.875334778
32.674820667 128.875239278
32.674686083 128.875224306
32.674684 128.875296611
32.674726806 128.875300639
32.674724528 128.875332472
32.674808917 128.875334778
</gml:posList>
</gml:LineStringSegment>
</gml:segments>
</gml:Curve>
</gml:curveMember>
</gml:Ring>
</gml:exterior>
</gml:PolygonPatch>
</gml:patches>
</gml:Surface>
</area>
<type>普通建物</type>
</BldA>
<BldA gml:id="K17_4639511760_34">
<fid>20160406-46395-11760-s-864</fid>
<lfSpanFr gml:id="K17_4639511760_34-1">
<gml:timePosition>2016-04-06</gml:timePosition>
</lfSpanFr>
<devDate gml:id="K17_4639511760_34-2">
<gml:timePosition>2016-04-06</gml:timePosition>
</devDate>
<orgGILvl>2500</orgGILvl>
<area>
<gml:Surface gml:id="K17_4639511760_34-g" srsName="fguuid:jgd2011.bl">
<gml:patches>
<gml:PolygonPatch>
<gml:exterior>
<gml:Ring>
<gml:curveMember>
<gml:Curve gml:id="K17_4639511760_34-3">
<gml:segments>
<gml:LineStringSegment>
<gml:posList>
32.6734695 128.87660025
32.673607444 128.876579917
32.673598694 128.87649675
32.673460722 128.876517083
32.6734695 128.87660025
</gml:posList>
</gml:LineStringSegment>
</gml:segments>
</gml:Curve>
</gml:curveMember>
</gml:Ring>
</gml:exterior>
</gml:PolygonPatch>
</gml:patches>
</gml:Surface>
</area>
<type>普通建物</type>
</BldA>
<BldA gml:id="K17_4639511760_35">
<fid>20160406-46395-11760-s-860</fid>
<lfSpanFr gml:id="K17_4639511760_35-1">
<gml:timePosition>2016-04-06</gml:timePosition>
</lfSpanFr>
<devDate gml:id="K17_4639511760_35-2">
<gml:timePosition>2016-04-06</gml:timePosition>
</devDate>
<orgGILvl>2500</orgGILvl>
<area>
<gml:Surface gml:id="K17_4639511760_35-g" srsName="fguuid:jgd2011.bl">
<gml:patches>
<gml:PolygonPatch>
<gml:exterior>
<gml:Ring>
<gml:curveMember>
<gml:Curve gml:id="K17_4639511760_35-3">
<gml:segments>
<gml:LineStringSegment>
<gml:posList>
32.673200028 128.876711833
32.673324056 128.876687667
32.673311694 128.876598889
32.673187639 128.876623056
32.673200028 128.876711833
</gml:posList>
</gml:LineStringSegment>
</gml:segments>
</gml:Curve>
</gml:curveMember>
</gml:Ring>
</gml:exterior>
</gml:PolygonPatch>
</gml:patches>
</gml:Surface>
</area>
<type>普通建物</type>
</BldA>
<BldA gml:id="K17_4639511760_36">
<fid>20160406-46395-11760-s-850</fid>
<lfSpanFr gml:id="K17_4639511760_36-1">
<gml:timePosition>2016-04-06</gml:timePosition>
</lfSpanFr>
<devDate gml:id="K17_4639511760_36-2">
<gml:timePosition>2016-04-06</gml:timePosition>
</devDate>
<orgGILvl>2500</orgGILvl>
<area>
<gml:Surface gml:id="K17_4639511760_36-g" srsName="fguuid:jgd2011.bl">
<gml:patches>
<gml:PolygonPatch>
<gml:exterior>
<gml:Ring>
<gml:curveMember>
<gml:Curve gml:id="K17_4639511760_36-3">
<gml:segments>
<gml:LineStringSegment>
<gml:posList>
32.672181194 128.875489639
32.672230667 128.875365167
32.672156528 128.875323944
32.672107028 128.875448417
32.672181194 128.875489639
</gml:posList>
</gml:LineStringSegment>
</gml:segments>
</gml:Curve>
</gml:curveMember>
</gml:Ring>
</gml:exterior>
</gml:PolygonPatch>
</gml:patches>
</gml:Surface>
</area>
<type>普通建物</type>
</BldA>
<BldA gml:id="K17_4639511760_37">
<fid>20160406-46395-11760-s-867</fid>
<lfSpanFr gml:id="K17_4639511760_37-1">
<gml:timePosition>2016-04-06</gml:timePosition>
</lfSpanFr>
<devDate gml:id="K17_4639511760_37-2">
<gml:timePosition>2016-04-06</gml:timePosition>
</devDate>
<orgGILvl>2500</orgGILvl>
<area>
<gml:Surface gml:id="K17_4639511760_37-g" srsName="fguuid:jgd2011.bl">
<gml:patches>
<gml:PolygonPatch>
<gml:exterior>
<gml:Ring>
<gml:curveMember>
<gml:Curve gml:id="K17_4639511760_37-3">
<gml:segments>
<gml:LineStringSegment>
<gml:posList>
32.673732639 128.876081111
32.673812139 128.875995944
32.673752917 128.875918667
32.673673389 128.876003861
32.673732639 128.876081111
</gml:posList>
</gml:LineStringSegment>
</gml:segments>
</gml:Curve>
</gml:curveMember>
</gml:Ring>
</gml:exterior>
</gml:PolygonPatch>
</gml:patches>
</gml:Surface>
</area>
<type>普通建物</type>
</BldA>
<BldA gml:id="K17_4639511760_38">
<fid>20160406-46395-11760-s-886</fid>
<lfSpanFr gml:id="K17_4639511760_38-1">
<gml:timePosition>2016-04-06</gml:timePosition>
</lfSpanFr>
<devDate gml:id="K17_4639511760_38-2">
<gml:timePosition>2016-04-06</gml:timePosition>
</devDate>
<orgGILvl>2500</orgGILvl>
<area>
<gml:Surface gml:id="K17_4639511760_38-g" srsName="fguuid:jgd2011.bl">
<gml:patches>
<gml:PolygonPatch>
<gml:exterior>
<gml:Ring>
<gml:curveMember>
<gml:Curve gml:id="K17_4639511760_38-3">
<gml:segments>
<gml:LineStringSegment>
<gml:posList>
32.675 128.875560667
32.675034222 128.87567575
32.675091583 128.875650778
32.675047972 128.875489167
32.675 128.875507333
32.674985722 128.875512722
32.675 128.875560667
</gml:posList>
</gml:LineStringSegment>
</gml:segments>
</gml:Curve>
</gml:curveMember>
</gml:Ring>
</gml:exterior>
</gml:PolygonPatch>
</gml:patches>
</gml:Surface>
</area>
<type>普通建物</type>
</BldA>
<BldA gml:id="K17_4639511760_39">
<fid>20160406-46395-11760-s-852</fid>
<lfSpanFr gml:id="K17_4639511760_39-1">
<gml:timePosition>2016-04-06</gml:timePosition>
</lfSpanFr>
<devDate gml:id="K17_4639511760_39-2">
<gml:timePosition>2016-04-06</gml:timePosition>
</devDate>
<orgGILvl>2500</orgGILvl>
<area>
<gml:Surface gml:id="K17_4639511760_39-g" srsName="fguuid:jgd2011.bl">
<gml:patches>
<gml:PolygonPatch>
<gml:exterior>
<gml:Ring>
<gml:curveMember>
<gml:Curve gml:id="K17_4639511760_39-3">
<gml:segments>
<gml:LineStringSegment>
<gml:posList>
32.672474667 128.875869667
32.672446389 128.875803722
32.672336944 128.875867972
32.672364972 128.875934667
32.672401833 128.875913056
32.672410889 128.875934667
32.672473611 128.875897861
32.672464333 128.875875722
32.672474667 128.875869667
</gml:posList>
</gml:LineStringSegment>
</gml:segments>
</gml:Curve>
</gml:curveMember>
</gml:Ring>
</gml:exterior>
</gml:PolygonPatch>
</gml:patches>
</gml:Surface>
</area>
<type>普通建物</type>
</BldA>
<BldA gml:id="K17_4639511760_40">
<fid>20160406-46395-11760-s-845</fid>
<lfSpanFr gml:id="K17_4639511760_40-1">
<gml:timePosition>2016-04-06</gml:timePosition>
</lfSpanFr>
<devDate gml:id="K17_4639511760_40-2">
<gml:timePosition>2016-04-06</gml:timePosition>
</devDate>
<orgGILvl>2500</orgGILvl>
<area>
<gml:Surface gml:id="K17_4639511760_40-g" srsName="fguuid:jgd2011.bl">
<gml:patches>
<gml:PolygonPatch>
<gml:exterior>
<gml:Ring>
<gml:curveMember>
<gml:Curve gml:id="K17_4639511760_40-3">
<gml:segments>
<gml:LineStringSegment>
<gml:posList>
32.669800306 128.880890639
32.669820861 128.880839556
32.669836056 128.880848083
32.669860806 128.880786556
32.669775528 128.880738972
32.669730361 128.880851278
32.669800306 128.880890639
</gml:posList>
</gml:LineStringSegment>
</gml:segments>
</gml:Curve>
</gml:curveMember>
</gml:Ring>
</gml:exterior>
</gml:PolygonPatch>
</gml:patches>
</gml:Surface>
</area>
<type>普通建物</type>
</BldA>
<BldA gml:id="K17_4639511760_41">
<fid>20160406-46395-11760-s-879</fid>
<lfSpanFr gml:id="K17_4639511760_41-1">
<gml:timePosition>2016-04-06</gml:timePosition>
</lfSpanFr>
<devDate gml:id="K17_4639511760_41-2">
<gml:timePosition>2016-04-06</gml:timePosition>
</devDate>
<orgGILvl>2500</orgGILvl>
<area>
<gml:Surface gml:id="K17_4639511760_41-g" srsName="fguuid:jgd2011.bl">
<gml:patches>
<gml:PolygonPatch>
<gml:exterior>
<gml:Ring>
<gml:curveMember>
<gml:Curve gml:id="K17_4639511760_41-3">
<gml:segments>
<gml:LineStringSegment>
<gml:posList>
32.674638222 128.875143861
32.674612306 128.875
32.674556194 128.875
32.674573139 128.875093944
32.6745385 128.875102667
32.674549944 128.875166111
32.674638222 128.875143861
</gml:posList>
</gml:LineStringSegment>
</gml:segments>
</gml:Curve>
</gml:curveMember>
</gml:Ring>
</gml:exterior>
</gml:PolygonPatch>
</gml:patches>
</gml:Surface>
</area>
<type>普通建物</type>
</BldA>
<BldA gml:id="K17_4639511760_42">
<fid>20160406-46395-11760-s-859</fid>
<lfSpanFr gml:id="K17_4639511760_42-1">
<gml:timePosition>2016-04-06</gml:timePosition>
</lfSpanFr>
<devDate gml:id="K17_4639511760_42-2">
<gml:timePosition>2016-04-06</gml:timePosition>
</devDate>
<orgGILvl>2500</orgGILvl>
<area>
<gml:Surface gml:id="K17_4639511760_42-g" srsName="fguuid:jgd2011.bl">
<gml:patches>
<gml:PolygonPatch>
<gml:exterior>
<gml:Ring>
<gml:curveMember>
<gml:Curve gml:id="K17_4639511760_42-3">
<gml:segments>
<gml:LineStringSegment>
<gml:posList>
32.673124083 128.875576167
32.673227667 128.875534528
32.673200944 128.875441611
32.673097361 128.87548325
32.673124083 128.875576167
</gml:posList>
</gml:LineStringSegment>
</gml:segments>
</gml:Curve>
</gml:curveMember>
</gml:Ring>
</gml:exterior>
</gml:PolygonPatch>
</gml:patches>
</gml:Surface>
</area>
<type>普通建物</type>
</BldA>
<BldA gml:id="K17_4639511760_43">
<fid>20160406-46395-11760-s-833</fid>
<lfSpanFr gml:id="K17_4639511760_43-1">
<gml:timePosition>2016-04-06</gml:timePosition>
</lfSpanFr>
<devDate gml:id="K17_4639511760_43-2">
<gml:timePosition>2016-04-06</gml:timePosition>
</devDate>
<orgGILvl>2500</orgGILvl>
<area>
<gml:Surface gml:id="K17_4639511760_43-g" srsName="fguuid:jgd2011.bl">
<gml:patches>
<gml:PolygonPatch>
<gml:exterior>
<gml:Ring>
<gml:curveMember>
<gml:Curve gml:id="K17_4639511760_43-3">
<gml:segments>
<gml:LineStringSegment>
<gml:posList>
32.667920028 128.878309222
32.667910111 128.878223139
32.667801028 128.878240833
32.667813194 128.878345556
32.667853333 128.878339056
32.667851167 128.878320389
32.667920028 128.878309222
</gml:posList>
</gml:LineStringSegment>
</gml:segments>
</gml:Curve>
</gml:curveMember>
</gml:Ring>
</gml:exterior>
</gml:PolygonPatch>
</gml:patches>
</gml:Surface>
</area>
<type>普通建物</type>
</BldA>
<BldA gml:id="K17_4639511760_44">
<fid>20160406-46395-11760-s-873</fid>
<lfSpanFr gml:id="K17_4639511760_44-1">
<gml:timePosition>2016-04-06</gml:timePosition>
</lfSpanFr>
<devDate gml:id="K17_4639511760_44-2">
<gml:timePosition>2016-04-06</gml:timePosition>
</devDate>
<orgGILvl>2500</orgGILvl>
<area>
<gml:Surface gml:id="K17_4639511760_44-g" srsName="fguuid:jgd2011.bl">
<gml:patches>
<gml:PolygonPatch>
<gml:exterior>
<gml:Ring>
<gml:curveMember>
<gml:Curve gml:id="K17_4639511760_44-3">
<gml:segments>
<gml:LineStringSegment>
<gml:posList>
32.674093972 128.875941333
32.674115417 128.875828417
32.674056639 128.875810028
32.674053056 128.875830306
32.674024917 128.875823278
32.674007056 128.87592025
32.674093972 128.875941333
</gml:posList>
</gml:LineStringSegment>
</gml:segments>
</gml:Curve>
</gml:curveMember>
</gml:Ring>
</gml:exterior>
</gml:PolygonPatch>
</gml:patches>
</gml:Surface>
</area>
<type>普通建物</type>
</BldA>
<BldA gml:id="K17_4639511760_45">
<fid>20160406-46395-11760-s-871</fid>
<lfSpanFr gml:id="K17_4639511760_45-1">
<gml:timePosition>2016-04-06</gml:timePosition>
</lfSpanFr>
<devDate gml:id="K17_4639511760_45-2">
<gml:timePosition>2016-04-06</gml:timePosition>
</devDate>
<orgGILvl>2500</orgGILvl>
<area>
<gml:Surface gml:id="K17_4639511760_45-g" srsName="fguuid:jgd2011.bl">
<gml:patches>
<gml:PolygonPatch>
<gml:exterior>
<gml:Ring>
<gml:curveMember>
<gml:Curve gml:id="K17_4639511760_45-3">
<gml:segments>
<gml:LineStringSegment>
<gml:posList>
32.674033972 128.875504944
32.674041889 128.875416028
32.673941667 128.875403556
32.67393375 128.8754925
32.674033972 128.875504944
</gml:posList>
</gml:LineStringSegment>
</gml:segments>
</gml:Curve>
</gml:curveMember>
</gml:Ring>
</gml:exterior>
</gml:PolygonPatch>
</gml:patches>
</gml:Surface>
</area>
<type>普通建物</type>
</BldA>
<BldA gml:id="K17_4639511760_46">
<fid>20160406-46395-11760-s-870</fid>
<lfSpanFr gml:id="K17_4639511760_46-1">
<gml:timePosition>2016-04-06</gml:timePosition>
</lfSpanFr>
<devDate gml:id="K17_4639511760_46-2">
<gml:timePosition>2016-04-06</gml:timePosition>
</devDate>
<orgGILvl>2500</orgGILvl>
<area>
<gml:Surface gml:id="K17_4639511760_46-g" srsName="fguuid:jgd2011.bl">
<gml:patches>
<gml:PolygonPatch>
<gml:exterior>
<gml:Ring>
<gml:curveMember>
<gml:Curve gml:id="K17_4639511760_46-3">
<gml:segments>
<gml:LineStringSegment>
<gml:posList>
32.673964833 128.876121167
32.674015306 128.876070694
32.673942028 128.875968222
32.673891556 128.876018722
32.673964833 128.876121167
</gml:posList>
</gml:LineStringSegment>
</gml:segments>
</gml:Curve>
</gml:curveMember>
</gml:Ring>
</gml:exterior>
</gml:PolygonPatch>
</gml:patches>
</gml:Surface>
</area>
<type>普通建物</type>
</BldA>
<BldA gml:id="K17_4639511760_47">
<fid>20160406-46395-11760-s-847</fid>
<lfSpanFr gml:id="K17_4639511760_47-1">
<gml:timePosition>2016-04-06</gml:timePosition>
</lfSpanFr>
<devDate gml:id="K17_4639511760_47-2">
<gml:timePosition>2016-04-06</gml:timePosition>
</devDate>
<orgGILvl>2500</orgGILvl>
<area>
<gml:Surface gml:id="K17_4639511760_47-g" srsName="fguuid:jgd2011.bl">
<gml:patches>
<gml:PolygonPatch>
<gml:exterior>
<gml:Ring>
<gml:curveMember>
<gml:Curve gml:id="K17_4639511760_47-3">
<gml:segments>
<gml:LineStringSegment>
<gml:posList>
32.671793972 128.875140389
32.671871306 128.87506975
32.671826111 128.875
32.671821056 128.875
32.671747694 128.875069639
32.671793972 128.875140389
</gml:posList>
</gml:LineStringSegment>
</gml:segments>
</gml:Curve>
</gml:curveMember>
</gml:Ring>
</gml:exterior>
</gml:PolygonPatch>
</gml:patches>
</gml:Surface>
</area>
<type>普通建物</type>
</BldA>
<BldA gml:id="K17_4639511760_48">
<fid>20160406-46395-11760-s-854</fid>
<lfSpanFr gml:id="K17_4639511760_48-1">
<gml:timePosition>2016-04-06</gml:timePosition>
</lfSpanFr>
<devDate gml:id="K17_4639511760_48-2">
<gml:timePosition>2016-04-06</gml:timePosition>
</devDate>
<orgGILvl>2500</orgGILvl>
<area>
<gml:Surface gml:id="K17_4639511760_48-g" srsName="fguuid:jgd2011.bl">
<gml:patches>
<gml:PolygonPatch>
<gml:exterior>
<gml:Ring>
<gml:curveMember>
<gml:Curve gml:id="K17_4639511760_48-3">
<gml:segments>
<gml:LineStringSegment>
<gml:posList>
32.672596528 128.875766028
32.672688278 128.875744222
32.672672972 128.875654222
32.672581222 128.875676
32.672596528 128.875766028
</gml:posList>
</gml:LineStringSegment>
</gml:segments>
</gml:Curve>
</gml:curveMember>
</gml:Ring>
</gml:exterior>
</gml:PolygonPatch>
</gml:patches>
</gml:Surface>
</area>
<type>普通建物</type>
</BldA>
<BldA gml:id="K17_4639511760_49">
<fid>20160406-46395-11760-s-855</fid>
<lfSpanFr gml:id="K17_4639511760_49-1">
<gml:timePosition>2016-04-06</gml:timePosition>
</lfSpanFr>
<devDate gml:id="K17_4639511760_49-2">
<gml:timePosition>2016-04-06</gml:timePosition>
</devDate>
<orgGILvl>2500</orgGILvl>
<area>
<gml:Surface gml:id="K17_4639511760_49-g" srsName="fguuid:jgd2011.bl">
<gml:patches>
<gml:PolygonPatch>
<gml:exterior>
<gml:Ring>
<gml:curveMember>
<gml:Curve gml:id="K17_4639511760_49-3">
<gml:segments>
<gml:LineStringSegment>
<gml:posList>
32.672944944 128.875668361
32.6730145 128.875639139
32.672983056 128.875534556
32.6729135 128.875563806
32.672944944 128.875668361
</gml:posList>
</gml:LineStringSegment>
</gml:segments>
</gml:Curve>
</gml:curveMember>
</gml:Ring>
</gml:exterior>
</gml:PolygonPatch>
</gml:patches>
</gml:Surface>
</area>
<type>普通建物</type>
</BldA>
<BldA gml:id="K17_4639511760_50">
<fid>20160406-46395-11760-s-853</fid>
<lfSpanFr gml:id="K17_4639511760_50-1">
<gml:timePosition>2016-04-06</gml:timePosition>
</lfSpanFr>
<devDate gml:id="K17_4639511760_50-2">
<gml:timePosition>2016-04-06</gml:timePosition>
</devDate>
<orgGILvl>2500</orgGILvl>
<area>
<gml:Surface gml:id="K17_4639511760_50-g" srsName="fguuid:jgd2011.bl">
<gml:patches>
<gml:PolygonPatch>
<gml:exterior>
<gml:Ring>
<gml:curveMember>
<gml:Curve gml:id="K17_4639511760_50-3">
<gml:segments>
<gml:LineStringSegment>
<gml:posList>
32.672590667 128.875548833
32.672659556 128.875523667
32.672631583 128.875416667
32.672562694 128.875441833
32.672590667 128.875548833
</gml:posList>
</gml:LineStringSegment>
</gml:segments>
</gml:Curve>
</gml:curveMember>
</gml:Ring>
</gml:exterior>
</gml:PolygonPatch>
</gml:patches>
</gml:Surface>
</area>
<type>普通建物</type>
</BldA>
<BldA gml:id="K17_4639511760_51">
<fid>20160406-46395-11760-s-869</fid>
<lfSpanFr gml:id="K17_4639511760_51-1">
<gml:timePosition>2016-04-06</gml:timePosition>
</lfSpanFr>
<devDate gml:id="K17_4639511760_51-2">
<gml:timePosition>2016-04-06</gml:timePosition>
</devDate>
<orgGILvl>2500</orgGILvl>
<area>
<gml:Surface gml:id="K17_4639511760_51-g" srsName="fguuid:jgd2011.bl">
<gml:patches>
<gml:PolygonPatch>
<gml:exterior>
<gml:Ring>
<gml:curveMember>
<gml:Curve gml:id="K17_4639511760_51-3">
<gml:segments>
<gml:LineStringSegment>
<gml:posList>
32.673932361 128.875942917
32.67398825 128.875903028
32.67393475 128.87579825
32.673878861 128.875838139
32.673932361 128.875942917
</gml:posList>
</gml:LineStringSegment>
</gml:segments>
</gml:Curve>
</gml:curveMember>
</gml:Ring>
</gml:exterior>
</gml:PolygonPatch>
</gml:patches>
</gml:Surface>
</area>
<type>普通建物</type>
</BldA>
<BldA gml:id="K17_4639511760_52">
<fid>20160406-46395-11760-s-858</fid>
<lfSpanFr gml:id="K17_4639511760_52-1">
<gml:timePosition>2016-04-06</gml:timePosition>
</lfSpanFr>
<devDate gml:id="K17_4639511760_52-2">
<gml:timePosition>2016-04-06</gml:timePosition>
</devDate>
<orgGILvl>2500</orgGILvl>
<area>
<gml:Surface gml:id="K17_4639511760_52-g" srsName="fguuid:jgd2011.bl">
<gml:patches>
<gml:PolygonPatch>
<gml:exterior>
<gml:Ring>
<gml:curveMember>
<gml:Curve gml:id="K17_4639511760_52-3">
<gml:segments>
<gml:LineStringSegment>
<gml:posList>
32.673052139 128.8767065
32.67307125 128.876706361
32.673071583 128.876775472
32.673128833 128.876775056
32.673128278 128.876659417
32.673051917 128.876659944
32.673052139 128.8767065
</gml:posList>
</gml:LineStringSegment>
</gml:segments>
</gml:Curve>
</gml:curveMember>
</gml:Ring>
</gml:exterior>
</gml:PolygonPatch>
</gml:patches>
</gml:Surface>
</area>
<type>普通建物</type>
</BldA>
<BldA gml:id="K17_4639511760_53">
<fid>20160406-46395-11760-s-835</fid>
<lfSpanFr gml:id="K17_4639511760_53-1">
<gml:timePosition>2016-04-06</gml:timePosition>
</lfSpanFr>
<devDate gml:id="K17_4639511760_53-2">
<gml:timePosition>2016-04-06</gml:timePosition>
</devDate>
<orgGILvl>2500</orgGILvl>
<area>
<gml:Surface gml:id="K17_4639511760_53-g" srsName="fguuid:jgd2011.bl">
<gml:patches>
<gml:PolygonPatch>
<gml:exterior>
<gml:Ring>
<gml:curveMember>
<gml:Curve gml:id="K17_4639511760_53-3">
<gml:segments>
<gml:LineStringSegment>
<gml:posList>
32.667995528 128.878290389
32.668081361 128.878275
32.668071028 128.878194528
32.667985194 128.878209917
32.667995528 128.878290389
</gml:posList>
</gml:LineStringSegment>
</gml:segments>
</gml:Curve>
</gml:curveMember>
</gml:Ring>
</gml:exterior>
</gml:PolygonPatch>
</gml:patches>
</gml:Surface>
</area>
<type>普通建物</type>
</BldA>
<BldA gml:id="K17_4639511760_54">
<fid>20160406-46395-11760-s-883</fid>
<lfSpanFr gml:id="K17_4639511760_54-1">
<gml:timePosition>2016-04-06</gml:timePosition>
</lfSpanFr>
<devDate gml:id="K17_4639511760_54-2">
<gml:timePosition>2016-04-06</gml:timePosition>
</devDate>
<orgGILvl>2500</orgGILvl>
<area>
<gml:Surface gml:id="K17_4639511760_54-g" srsName="fguuid:jgd2011.bl">
<gml:patches>
<gml:PolygonPatch>
<gml:exterior>
<gml:Ring>
<gml:curveMember>
<gml:Curve gml:id="K17_4639511760_54-3">
<gml:segments>
<gml:LineStringSegment>
<gml:posList>
32.674929861 128.875320861
32.674935611 128.875249972
32.674836556 128.875244889
32.674834472 128.875317167
32.674929861 128.875320861
</gml:posList>
</gml:LineStringSegment>
</gml:segments>
</gml:Curve>
</gml:curveMember>
</gml:Ring>
</gml:exterior>
</gml:PolygonPatch>
</gml:patches>
</gml:Surface>
</area>
<type>普通建物</type>
</BldA>
<BldA gml:id="K17_4639511760_55">
<fid>20160406-46395-11760-s-872</fid>
<lfSpanFr gml:id="K17_4639511760_55-1">
<gml:timePosition>2016-04-06</gml:timePosition>
</lfSpanFr>
<devDate gml:id="K17_4639511760_55-2">
<gml:timePosition>2016-04-06</gml:timePosition>
</devDate>
<orgGILvl>2500</orgGILvl>
<area>
<gml:Surface gml:id="K17_4639511760_55-g" srsName="fguuid:jgd2011.bl">
<gml:patches>
<gml:PolygonPatch>
<gml:exterior>
<gml:Ring>
<gml:curveMember>
<gml:Curve gml:id="K17_4639511760_55-3">
<gml:segments>
<gml:LineStringSegment>
<gml:posList>
32.674063 128.876064722
32.6740925 128.875999639
32.674013722 128.875949722
32.673984222 128.876014806
32.674063 128.876064722
</gml:posList>
</gml:LineStringSegment>
</gml:segments>
</gml:Curve>
</gml:curveMember>
</gml:Ring>
</gml:exterior>
</gml:PolygonPatch>
</gml:patches>
</gml:Surface>
</area>
<type>普通建物</type>
</BldA>
<BldA gml:id="K17_4639511760_56">
<fid>20160406-46395-11760-s-857</fid>
<lfSpanFr gml:id="K17_4639511760_56-1">
<gml:timePosition>2016-04-06</gml:timePosition>
</lfSpanFr>
<devDate gml:id="K17_4639511760_56-2">
<gml:timePosition>2016-04-06</gml:timePosition>
</devDate>
<orgGILvl>2500</orgGILvl>
<area>
<gml:Surface gml:id="K17_4639511760_56-g" srsName="fguuid:jgd2011.bl">
<gml:patches>
<gml:PolygonPatch>
<gml:exterior>
<gml:Ring>
<gml:curveMember>
<gml:Curve gml:id="K17_4639511760_56-3">
<gml:segments>
<gml:LineStringSegment>
<gml:posList>
32.673031944 128.875625083
32.673086361 128.875600583
32.673053889 128.875499861
32.672999472 128.875524389
32.673031944 128.875625083
</gml:posList>
</gml:LineStringSegment>
</gml:segments>
</gml:Curve>
</gml:curveMember>
</gml:Ring>
</gml:exterior>
</gml:PolygonPatch>
</gml:patches>
</gml:Surface>
</area>
<type>普通建物</type>
</BldA>
<BldA gml:id="K17_4639511760_57">
<fid>20160406-46395-11763-s-42</fid>
<lfSpanFr gml:id="K17_4639511760_57-1">
<gml:timePosition>2016-04-06</gml:timePosition>
</lfSpanFr>
<devDate gml:id="K17_4639511760_57-2">
<gml:timePosition>2016-04-06</gml:timePosition>
</devDate>
<orgGILvl>2500</orgGILvl>
<area>
<gml:Surface gml:id="K17_4639511760_57-g" srsName="fguuid:jgd2011.bl">
<gml:patches>
<gml:PolygonPatch>
<gml:exterior>
<gml:Ring>
<gml:curveMember>
<gml:Curve gml:id="K17_4639511760_57-3">
<gml:segments>
<gml:LineStringSegment>
<gml:posList>
32.675396472 128.875072083
32.675418389 128.875
32.675291972 128.875
32.675284528 128.875024472
32.675396472 128.875072083
</gml:posList>
</gml:LineStringSegment>
</gml:segments>
</gml:Curve>
</gml:curveMember>
</gml:Ring>
</gml:exterior>
</gml:PolygonPatch>
</gml:patches>
</gml:Surface>
</area>
<type>普通建物</type>
</BldA>
<BldA gml:id="K17_4639511760_58">
<fid>20160406-46395-11760-s-865</fid>
<lfSpanFr gml:id="K17_4639511760_58-1">
<gml:timePosition>2016-04-06</gml:timePosition>
</lfSpanFr>
<devDate gml:id="K17_4639511760_58-2">
<gml:timePosition>2016-04-06</gml:timePosition>
</devDate>
<orgGILvl>2500</orgGILvl>
<area>
<gml:Surface gml:id="K17_4639511760_58-g" srsName="fguuid:jgd2011.bl">
<gml:patches>
<gml:PolygonPatch>
<gml:exterior>
<gml:Ring>
<gml:curveMember>
<gml:Curve gml:id="K17_4639511760_58-3">
<gml:segments>
<gml:LineStringSegment>
<gml:posList>
32.673718611 128.876982028
32.673746472 128.876929778
32.673674 128.876863778
32.673638778 128.876908833
32.673718611 128.876982028
</gml:posList>
</gml:LineStringSegment>
</gml:segments>
</gml:Curve>
</gml:curveMember>
</gml:Ring>
</gml:exterior>
</gml:PolygonPatch>
</gml:patches>
</gml:Surface>
</area>
<type>普通建物</type>
</BldA>
<BldA gml:id="K17_4639511760_59">
<fid>20160406-46395-11760-s-842</fid>
<lfSpanFr gml:id="K17_4639511760_59-1">
<gml:timePosition>2016-04-06</gml:timePosition>
</lfSpanFr>
<devDate gml:id="K17_4639511760_59-2">
<gml:timePosition>2016-04-06</gml:timePosition>
</devDate>
<orgGILvl>2500</orgGILvl>
<area>
<gml:Surface gml:id="K17_4639511760_59-g" srsName="fguuid:jgd2011.bl">
<gml:patches>
<gml:PolygonPatch>
<gml:exterior>
<gml:Ring>
<gml:curveMember>
<gml:Curve gml:id="K17_4639511760_59-3">
<gml:segments>
<gml:LineStringSegment>
<gml:posList>
32.669081944 128.878496972
32.669142611 128.87849175
32.669136778 128.878396611
32.669076111 128.878401806
32.669081944 128.878496972
</gml:posList>
</gml:LineStringSegment>
</gml:segments>
</gml:Curve>
</gml:curveMember>
</gml:Ring>
</gml:exterior>
</gml:PolygonPatch>
</gml:patches>
</gml:Surface>
</area>
<type>普通建物</type>
</BldA>
<BldA gml:id="K17_4639511760_60">
<fid>20160406-46395-11760-s-884</fid>
<lfSpanFr gml:id="K17_4639511760_60-1">
<gml:timePosition>2016-04-06</gml:timePosition>
</lfSpanFr>
<devDate gml:id="K17_4639511760_60-2">
<gml:timePosition>2016-04-06</gml:timePosition>
</devDate>
<orgGILvl>2500</orgGILvl>
<area>
<gml:Surface gml:id="K17_4639511760_60-g" srsName="fguuid:jgd2011.bl">
<gml:patches>
<gml:PolygonPatch>
<gml:exterior>
<gml:Ring>
<gml:curveMember>
<gml:Curve gml:id="K17_4639511760_60-3">
<gml:segments>
<gml:LineStringSegment>
<gml:posList>
32.675 128.875070194
32.675004556 128.875077889
32.675071861 128.875022361
32.675058667 128.875
32.675 128.875
32.674958583 128.875
32.675 128.875070194
</gml:posList>
</gml:LineStringSegment>
</gml:segments>
</gml:Curve>
</gml:curveMember>
</gml:Ring>
</gml:exterior>
</gml:PolygonPatch>
</gml:patches>
</gml:Surface>
</area>
<type>普通建物</type>
</BldA>
<BldA gml:id="K17_4639511760_61">
<fid>20160406-46395-11763-s-38</fid>
<lfSpanFr gml:id="K17_4639511760_61-1">
<gml:timePosition>2016-04-06</gml:timePosition>
</lfSpanFr>
<devDate gml:id="K17_4639511760_61-2">
<gml:timePosition>2016-04-06</gml:timePosition>
</devDate>
<orgGILvl>2500</orgGILvl>
<area>
<gml:Surface gml:id="K17_4639511760_61-g" srsName="fguuid:jgd2011.bl">
<gml:patches>
<gml:PolygonPatch>
<gml:exterior>
<gml:Ring>
<gml:curveMember>
<gml:Curve gml:id="K17_4639511760_61-3">
<gml:segments>
<gml:LineStringSegment>
<gml:posList>
32.675137722 128.875423444
32.675176333 128.87539825
32.675131722 128.875302639
32.675093111 128.875327833
32.675137722 128.875423444
</gml:posList>
</gml:LineStringSegment>
</gml:segments>
</gml:Curve>
</gml:curveMember>
</gml:Ring>
</gml:exterior>
</gml:PolygonPatch>
</gml:patches>
</gml:Surface>
</area>
<type>普通建物</type>
</BldA>
<BldA gml:id="K17_4639511760_62">
<fid>20160406-46395-11760-s-861</fid>
<lfSpanFr gml:id="K17_4639511760_62-1">
<gml:timePosition>2016-04-06</gml:timePosition>
</lfSpanFr>
<devDate gml:id="K17_4639511760_62-2">
<gml:timePosition>2016-04-06</gml:timePosition>
</devDate>
<orgGILvl>2500</orgGILvl>
<area>
<gml:Surface gml:id="K17_4639511760_62-g" srsName="fguuid:jgd2011.bl">
<gml:patches>
<gml:PolygonPatch>
<gml:exterior>
<gml:Ring>
<gml:curveMember>
<gml:Curve gml:id="K17_4639511760_62-3">
<gml:segments>
<gml:LineStringSegment>
<gml:posList>
32.673281139 128.875432
32.673316639 128.875382417
32.673268694 128.87532875
32.67322725 128.875385389
32.673281139 128.875432
</gml:posList>
</gml:LineStringSegment>
</gml:segments>
</gml:Curve>
</gml:curveMember>
</gml:Ring>
</gml:exterior>
</gml:PolygonPatch>
</gml:patches>
</gml:Surface>
</area>
<type>普通建物</type>
</BldA>
<BldA gml:id="K17_4639511760_63">
<fid>20160406-46395-11760-s-843</fid>
<lfSpanFr gml:id="K17_4639511760_63-1">
<gml:timePosition>2016-04-06</gml:timePosition>
</lfSpanFr>
<devDate gml:id="K17_4639511760_63-2">
<gml:timePosition>2016-04-06</gml:timePosition>
</devDate>
<orgGILvl>2500</orgGILvl>
<area>
<gml:Surface gml:id="K17_4639511760_63-g" srsName="fguuid:jgd2011.bl">
<gml:patches>
<gml:PolygonPatch>
<gml:exterior>
<gml:Ring>
<gml:curveMember>
<gml:Curve gml:id="K17_4639511760_63-3">
<gml:segments>
<gml:LineStringSegment>
<gml:posList>
32.669090611 128.878395417
32.66913675 128.87839025
32.669129111 128.878295111
32.669082972 128.878300278
32.669090611 128.878395417
</gml:posList>
</gml:LineStringSegment>
</gml:segments>
</gml:Curve>
</gml:curveMember>
</gml:Ring>
</gml:exterior>
</gml:PolygonPatch>
</gml:patches>
</gml:Surface>
</area>
<type>普通建物</type>
</BldA>
<BldA gml:id="K17_4639511760_64">
<fid>20160406-46395-11760-s-866</fid>
<lfSpanFr gml:id="K17_4639511760_64-1">
<gml:timePosition>2016-04-06</gml:timePosition>
</lfSpanFr>
<devDate gml:id="K17_4639511760_64-2">
<gml:timePosition>2016-04-06</gml:timePosition>
</devDate>
<orgGILvl>2500</orgGILvl>
<area>
<gml:Surface gml:id="K17_4639511760_64-g" srsName="fguuid:jgd2011.bl">
<gml:patches>
<gml:PolygonPatch>
<gml:exterior>
<gml:Ring>
<gml:curveMember>
<gml:Curve gml:id="K17_4639511760_64-3">
<gml:segments>
<gml:LineStringSegment>
<gml:posList>
32.673693222 128.876792306
32.673733611 128.876758167
32.673691611 128.876688694
32.673651222 128.876722833
32.673693222 128.876792306
</gml:posList>
</gml:LineStringSegment>
</gml:segments>
</gml:Curve>
</gml:curveMember>
</gml:Ring>
</gml:exterior>
</gml:PolygonPatch>
</gml:patches>
</gml:Surface>
</area>
<type>普通建物</type>
</BldA>
<BldA gml:id="K17_4639511760_65">
<fid>20160406-46395-11763-s-39</fid>
<lfSpanFr gml:id="K17_4639511760_65-1">
<gml:timePosition>2016-04-06</gml:timePosition>
</lfSpanFr>
<devDate gml:id="K17_4639511760_65-2">
<gml:timePosition>2016-04-06</gml:timePosition>
</devDate>
<orgGILvl>2500</orgGILvl>
<area>
<gml:Surface gml:id="K17_4639511760_65-g" srsName="fguuid:jgd2011.bl">
<gml:patches>
<gml:PolygonPatch>
<gml:exterior>
<gml:Ring>
<gml:curveMember>
<gml:Curve gml:id="K17_4639511760_65-3">
<gml:segments>
<gml:LineStringSegment>
<gml:posList>
32.675234556 128.875348472
32.675261667 128.875284833
32.675217833 128.875258722
32.675190722 128.875322389
32.675234556 128.875348472
</gml:posList>
</gml:LineStringSegment>
</gml:segments>
</gml:Curve>
</gml:curveMember>
</gml:Ring>
</gml:exterior>
</gml:PolygonPatch>
</gml:patches>
</gml:Surface>
</area>
<type>普通建物</type>
</BldA>
<BldA gml:id="K17_4639511760_66">
<fid>20160406-46431-11787-s-496</fid>
<lfSpanFr gml:id="K17_4639511760_66-1">
<gml:timePosition>2016-04-06</gml:timePosition>
</lfSpanFr>
<devDate gml:id="K17_4639511760_66-2">
<gml:timePosition>2016-04-06</gml:timePosition>
</devDate>
<orgGILvl>25000</orgGILvl>
<area>
<gml:Surface gml:id="K17_4639511760_66-g" srsName="fguuid:jgd2011.bl">
<gml:patches>
<gml:PolygonPatch>
<gml:exterior>
<gml:Ring>
<gml:curveMember>
<gml:Curve gml:id="K17_4639511760_66-3">
<gml:segments>
<gml:LineStringSegment>
<gml:posList>
32.75 128.982594722
32.75 128.982489806
32.749967222 128.982488056
32.749967222 128.982594722
32.75 128.982594722
</gml:posList>
</gml:LineStringSegment>
</gml:segments>
</gml:Curve>
</gml:curveMember>
</gml:Ring>
</gml:exterior>
</gml:PolygonPatch>
</gml:patches>
</gml:Surface>
</area>
<type>普通建物</type>
</BldA>
<BldA gml:id="K17_4639511760_67">
<fid>20160406-46395-11760-s-881</fid>
<lfSpanFr gml:id="K17_4639511760_67-1">
<gml:timePosition>2016-04-06</gml:timePosition>
</lfSpanFr>
<devDate gml:id="K17_4639511760_67-2">
<gml:timePosition>2016-04-06</gml:timePosition>
</devDate>
<orgGILvl>2500</orgGILvl>
<area>
<gml:Surface gml:id="K17_4639511760_67-g" srsName="fguuid:jgd2011.bl">
<gml:patches>
<gml:PolygonPatch>
<gml:exterior>
<gml:Ring>
<gml:curveMember>
<gml:Curve gml:id="K17_4639511760_67-3">
<gml:segments>
<gml:LineStringSegment>
<gml:posList>
32.674844861 128.875476111
32.674849361 128.875396556
32.674811444 128.875393917
32.674810611 128.875476361
32.674844861 128.875476111
</gml:posList>
</gml:LineStringSegment>
</gml:segments>
</gml:Curve>
</gml:curveMember>
</gml:Ring>
</gml:exterior>
</gml:PolygonPatch>
</gml:patches>
</gml:Surface>
</area>
<type>普通建物</type>
</BldA>
<BldA gml:id="K17_4639511760_68">
<fid>20160406-46395-11760-s-836</fid>
<lfSpanFr gml:id="K17_4639511760_68-1">
<gml:timePosition>2016-04-06</gml:timePosition>
</lfSpanFr>
<devDate gml:id="K17_4639511760_68-2">
<gml:timePosition>2016-04-06</gml:timePosition>
</devDate>
<orgGILvl>2500</orgGILvl>
<area>
<gml:Surface gml:id="K17_4639511760_68-g" srsName="fguuid:jgd2011.bl">
<gml:patches>
<gml:PolygonPatch>
<gml:exterior>
<gml:Ring>
<gml:curveMember>
<gml:Curve gml:id="K17_4639511760_68-3">
<gml:segments>
<gml:LineStringSegment>
<gml:posList>
32.668101806 128.880197861
32.668182778 128.880164861
32.668173806 128.880134056
32.668092833 128.880167056
32.668101806 128.880197861
</gml:posList>
</gml:LineStringSegment>
</gml:segments>
</gml:Curve>
</gml:curveMember>
</gml:Ring>
</gml:exterior>
</gml:PolygonPatch>
</gml:patches>
</gml:Surface>
</area>
<type>普通建物</type>
</BldA>
<BldA gml:id="K17_4639511760_69">
<fid>20160406-46395-11760-s-876</fid>
<lfSpanFr gml:id="K17_4639511760_69-1">
<gml:timePosition>2016-04-06</gml:timePosition>
</lfSpanFr>
<devDate gml:id="K17_4639511760_69-2">
<gml:timePosition>2016-04-06</gml:timePosition>
</devDate>
<orgGILvl>2500</orgGILvl>
<area>
<gml:Surface gml:id="K17_4639511760_69-g" srsName="fguuid:jgd2011.bl">
<gml:patches>
<gml:PolygonPatch>
<gml:exterior>
<gml:Ring>
<gml:curveMember>
<gml:Curve gml:id="K17_4639511760_69-3">
<gml:segments>
<gml:LineStringSegment>
<gml:posList>
32.674316583 128.87596
32.674337889 128.87592175
32.674297806 128.875890583
32.674276528 128.875928806
32.674316583 128.87596
</gml:posList>
</gml:LineStringSegment>
</gml:segments>
</gml:Curve>
</gml:curveMember>
</gml:Ring>
</gml:exterior>
</gml:PolygonPatch>
</gml:patches>
</gml:Surface>
</area>
<type>普通建物</type>
</BldA>
<BldA gml:id="K17_4639511760_70">
<fid>20160406-46395-11760-s-885</fid>
<lfSpanFr gml:id="K17_4639511760_70-1">
<gml:timePosition>2016-04-06</gml:timePosition>
</lfSpanFr>
<devDate gml:id="K17_4639511760_70-2">
<gml:timePosition>2016-04-06</gml:timePosition>
</devDate>
<orgGILvl>2500</orgGILvl>
<area>
<gml:Surface gml:id="K17_4639511760_70-g" srsName="fguuid:jgd2011.bl">
<gml:patches>
<gml:PolygonPatch>
<gml:exterior>
<gml:Ring>
<gml:curveMember>
<gml:Curve gml:id="K17_4639511760_70-3">
<gml:segments>
<gml:LineStringSegment>
<gml:posList>
32.674939611 128.875378694
32.6749775 128.875378417
32.674980944 128.87532925
32.674939389 128.875332417
32.674939611 128.875378694
</gml:posList>
</gml:LineStringSegment>
</gml:segments>
</gml:Curve>
</gml:curveMember>
</gml:Ring>
</gml:exterior>
</gml:PolygonPatch>
</gml:patches>
</gml:Surface>
</area>
<type>普通建物</type>
</BldA>
<BldA gml:id="K17_4639511760_71">
<fid>20160406-46395-11760-s-863</fid>
<lfSpanFr gml:id="K17_4639511760_71-1">
<gml:timePosition>2016-04-06</gml:timePosition>
</lfSpanFr>
<devDate gml:id="K17_4639511760_71-2">
<gml:timePosition>2016-04-06</gml:timePosition>
</devDate>
<orgGILvl>2500</orgGILvl>
<area>
<gml:Surface gml:id="K17_4639511760_71-g" srsName="fguuid:jgd2011.bl">
<gml:patches>
<gml:PolygonPatch>
<gml:exterior>
<gml:Ring>
<gml:curveMember>
<gml:Curve gml:id="K17_4639511760_71-3">
<gml:segments>
<gml:LineStringSegment>
<gml:posList>
32.67336925 128.876657722
32.673421694 128.876646083
32.673416667 128.876614472
32.673364222 128.876626111
32.67336925 128.876657722
</gml:posList>
</gml:LineStringSegment>
</gml:segments>
</gml:Curve>
</gml:curveMember>
</gml:Ring>
</gml:exterior>
</gml:PolygonPatch>
</gml:patches>
</gml:Surface>
</area>
<type>普通建物</type>
</BldA>
<BldA gml:id="K17_4639511760_72">
<fid>20160406-46395-11763-s-40</fid>
<lfSpanFr gml:id="K17_4639511760_72-1">
<gml:timePosition>2016-04-06</gml:timePosition>
</lfSpanFr>
<devDate gml:id="K17_4639511760_72-2">
<gml:timePosition>2016-04-06</gml:timePosition>
</devDate>
<orgGILvl>2500</orgGILvl>
<area>
<gml:Surface gml:id="K17_4639511760_72-g" srsName="fguuid:jgd2011.bl">
<gml:patches>
<gml:PolygonPatch>
<gml:exterior>
<gml:Ring>
<gml:curveMember>
<gml:Curve gml:id="K17_4639511760_72-3">
<gml:segments>
<gml:LineStringSegment>
<gml:posList>
32.67523725 128.8751255
32.675241972 128.875089306
32.675197917 128.875083833
32.675191972 128.875121472
32.67523725 128.8751255
</gml:posList>
</gml:LineStringSegment>
</gml:segments>
</gml:Curve>
</gml:curveMember>
</gml:Ring>
</gml:exterior>
</gml:PolygonPatch>
</gml:patches>
</gml:Surface>
</area>
<type>普通建物</type>
</BldA>
</Dataset>
