<?xml version="1.0" encoding="utf-8"?>
<Dataset xsi:schemaLocation="http://fgd.gsi.go.jp/spec/2008/FGD_GMLSchema FGD_GMLSchema.xsd"
	xmlns:gml="http://www.opengis.net/gml/3.2"
	xmlns:xsi="http://www.w3.org/2001/XMLSchema-instance"
	xmlns:xlink="http://www.w3.org/1999/xlink"
	xmlns="http://fgd.gsi.go.jp/spec/2008/FGD_GMLSchema"
	gml:id="Dataset1">
  <gml:description>基盤地図情報メタデータ ID=fmdid:16-0401</gml:description>
  <gml:name>基盤地図情報ダウンロードデータ（GML版）</gml:name>
<ElevPt gml:id="K2_4639511760_1">
<fid>46395-11760-i-7</fid>
<lfSpanFr gml:id="K2_4639511760_1-1">
<gml:timePosition>2013-12-10</gml:timePosition>
</lfSpanFr>
<devDate gml:id="K2_4639511760_1-2">
<gml:timePosition>2016-04-06</gml:timePosition>
</devDate>
<orgGILvl>25000</orgGILvl>
<vis>表示</vis>
<pos>
<gml:Point gml:id="K2_4639511760_1-g" srsName="fguuid:jgd2011.bl">
<gml:pos>32.672797778 128.876015000</gml:pos>
</gml:Point>
</pos>
<type>標高点（測点）</type>
<alti>24</alti>
</ElevPt>
<ElevPt gml:id="K2_4639511787_1">
<fid>46395-11787-i-129</fid>
<lfSpanFr gml:id="K2_4639511787_1-1">
<gml:timePosition>2015-11-17</gml:timePosition>
</lfSpanFr>
<devDate gml:id="K2_4639511787_1-2">
<gml:timePosition>2016-04-06</gml:timePosition>
</devDate>
<orgGILvl>25000</orgGILvl>
<vis>表示</vis>
<pos>
<gml:Point gml:id="K2_4639511787_1-g" srsName="fguuid:jgd2011.bl">
<gml:pos>32.747579444 128.878600000</gml:pos>
</gml:Point>
</pos>
<type>標高点（測点）</type>
<alti>156</alti>
</ElevPt>
<ElevPt gml:id="K2_4640111769_1">
<fid>46401-11769-i-28</fid>
<lfSpanFr gml:id="K2_4640111769_1-1">
<gml:timePosition>2015-11-17</gml:timePosition>
</lfSpanFr>
<devDate gml:id="K2_4640111769_1-2">
<gml:timePosition>2016-04-06</gml:timePosition>
</devDate>
<orgGILvl>25000</orgGILvl>
<vis>表示</vis>
<pos>
<gml:Point gml:id="K2_4640111769_1-g" srsName="fguuid:jgd2011.bl">
<gml:pos>32.694566667 128.897286667</gml:pos>
</gml:Point>
</pos>
<type>標高点（測点）</type>
<alti>50</alti>
</ElevPt>
<ElevPt gml:id="K2_4640111772_1">
<fid>46401-11772-i-134</fid>
<lfSpanFr gml:id="K2_4640111772_1-1">
<gml:timePosition>2015-11-17</gml:timePosition>
</lfSpanFr>
<devDate gml:id="K2_4640111772_1-2">
<gml:timePosition>2016-04-06</gml:timePosition>
</devDate>
<orgGILvl>25000</orgGILvl>
<vis>表示</vis>
<pos>
<gml:Point gml:id="K2_4640111772_1-g" srsName="fguuid:jgd2011.bl">
<gml:pos>32.700436111 128.897613889</gml:pos>
</gml:Point>
</pos>
<type>標高点（測点）</type>
<alti>103</alti>
</ElevPt>
<ElevPt gml:id="K2_4640111775_1">
<fid>46401-11775-i-70</fid>
<lfSpanFr gml:id="K2_4640111775_1-1">
<gml:timePosition>2015-11-17</gml:timePosition>
</lfSpanFr>
<devDate gml:id="K2_4640111775_1-2">
<gml:timePosition>2016-04-06</gml:timePosition>
</devDate>
<orgGILvl>25000</orgGILvl>
<vis>表示</vis>
<pos>
<gml:Point gml:id="K2_4640111775_1-g" srsName="fguuid:jgd2011.bl">
<gml:pos>32.710331667 128.895975000</gml:pos>
</gml:Point>
</pos>
<type>標高点（測点）</type>
<alti>101</alti>
</ElevPt>
<ElevPt gml:id="K2_4640411772_1">
<fid>46404-11772-i-17</fid>
<lfSpanFr gml:id="K2_4640411772_1-1">
<gml:timePosition>2015-11-17</gml:timePosition>
</lfSpanFr>
<devDate gml:id="K2_4640411772_1-2">
<gml:timePosition>2016-04-06</gml:timePosition>
</devDate>
<orgGILvl>25000</orgGILvl>
<vis>表示</vis>
<pos>
<gml:Point gml:id="K2_4640411772_1-g" srsName="fguuid:jgd2011.bl">
<gml:pos>32.700015278 128.902103056</gml:pos>
</gml:Point>
</pos>
<type>標高点（測点）</type>
<alti>21</alti>
</ElevPt>
<ElevPt gml:id="K2_4640411772_2">
<fid>46404-11772-i-18</fid>
<lfSpanFr gml:id="K2_4640411772_2-1">
<gml:timePosition>2015-11-17</gml:timePosition>
</lfSpanFr>
<devDate gml:id="K2_4640411772_2-2">
<gml:timePosition>2016-04-06</gml:timePosition>
</devDate>
<orgGILvl>25000</orgGILvl>
<vis>表示</vis>
<pos>
<gml:Point gml:id="K2_4640411772_2-g" srsName="fguuid:jgd2011.bl">
<gml:pos>32.704220000 128.902010833</gml:pos>
</gml:Point>
</pos>
<type>標高点（測点）</type>
<alti>104</alti>
</ElevPt>
<ElevPt gml:id="K2_4642211787_1">
<fid>46422-11787-i-5</fid>
<lfSpanFr gml:id="K2_4642211787_1-1">
<gml:timePosition>2015-11-17</gml:timePosition>
</lfSpanFr>
<devDate gml:id="K2_4642211787_1-2">
<gml:timePosition>2016-04-06</gml:timePosition>
</devDate>
<orgGILvl>25000</orgGILvl>
<vis>表示</vis>
<pos>
<gml:Point gml:id="K2_4642211787_1-g" srsName="fguuid:jgd2011.bl">
<gml:pos>32.743720833 128.950574167</gml:pos>
</gml:Point>
</pos>
<type>標高点（測点）</type>
<alti>56</alti>
</ElevPt>
<ElevPt gml:id="K2_4642211787_2">
<fid>46422-11787-i-6</fid>
<lfSpanFr gml:id="K2_4642211787_2-1">
<gml:timePosition>2015-11-17</gml:timePosition>
</lfSpanFr>
<devDate gml:id="K2_4642211787_2-2">
<gml:timePosition>2016-04-06</gml:timePosition>
</devDate>
<orgGILvl>25000</orgGILvl>
<vis>表示</vis>
<pos>
<gml:Point gml:id="K2_4642211787_2-g" srsName="fguuid:jgd2011.bl">
<gml:pos>32.744363056 128.951623889</gml:pos>
</gml:Point>
</pos>
<type>標高点（測点）</type>
<alti>31</alti>
</ElevPt>
<ElevPt gml:id="K2_4642511781_1">
<fid>46425-11781-i-7</fid>
<lfSpanFr gml:id="K2_4642511781_1-1">
<gml:timePosition>2015-11-17</gml:timePosition>
</lfSpanFr>
<devDate gml:id="K2_4642511781_1-2">
<gml:timePosition>2016-04-06</gml:timePosition>
</devDate>
<orgGILvl>25000</orgGILvl>
<vis>表示</vis>
<pos>
<gml:Point gml:id="K2_4642511781_1-g" srsName="fguuid:jgd2011.bl">
<gml:pos>32.729094167 128.962555000</gml:pos>
</gml:Point>
</pos>
<type>標高点（測点）</type>
<alti>50</alti>
</ElevPt>
<ElevPt gml:id="K2_4642811787_1">
<fid>46428-11787-i-27</fid>
<lfSpanFr gml:id="K2_4642811787_1-1">
<gml:timePosition>2015-11-17</gml:timePosition>
</lfSpanFr>
<devDate gml:id="K2_4642811787_1-2">
<gml:timePosition>2016-04-06</gml:timePosition>
</devDate>
<orgGILvl>25000</orgGILvl>
<vis>表示</vis>
<pos>
<gml:Point gml:id="K2_4642811787_1-g" srsName="fguuid:jgd2011.bl">
<gml:pos>32.749962778 128.968683611</gml:pos>
</gml:Point>
</pos>
<type>標高点（測点）</type>
<alti>135</alti>
</ElevPt>
<ElevPt gml:id="K2_4643111787_1">
<fid>46431-11787-i-77</fid>
<lfSpanFr gml:id="K2_4643111787_1-1">
<gml:timePosition>2015-11-17</gml:timePosition>
</lfSpanFr>
<devDate gml:id="K2_4643111787_1-2">
<gml:timePosition>2016-04-06</gml:timePosition>
</devDate>
<orgGILvl>25000</orgGILvl>
<vis>表示</vis>
<pos>
<gml:Point gml:id="K2_4643111787_1-g" srsName="fguuid:jgd2011.bl">
<gml:pos>32.748857222 128.981677222</gml:pos>
</gml:Point>
</pos>
<type>標高点（測点）</type>
<alti>161</alti>
</ElevPt>
<ElevPt gml:id="K2_4643111787_2">
<fid>46431-11787-i-78</fid>
<lfSpanFr gml:id="K2_4643111787_2-1">
<gml:timePosition>2015-11-17</gml:timePosition>
</lfSpanFr>
<devDate gml:id="K2_4643111787_2-2">
<gml:timePosition>2016-04-06</gml:timePosition>
</devDate>
<orgGILvl>25000</orgGILvl>
<vis>表示</vis>
<pos>
<gml:Point gml:id="K2_4643111787_2-g" srsName="fguuid:jgd2011.bl">
<gml:pos>32.746595833 128.975355556</gml:pos>
</gml:Point>
</pos>
<type>標高点（測点）</type>
<alti>106</alti>
</ElevPt>
<ElevPt gml:id="K2_4643411784_1">
<fid>46434-11784-i-7</fid>
<lfSpanFr gml:id="K2_4643411784_1-1">
<gml:timePosition>2015-11-17</gml:timePosition>
</lfSpanFr>
<devDate gml:id="K2_4643411784_1-2">
<gml:timePosition>2016-04-06</gml:timePosition>
</devDate>
<orgGILvl>25000</orgGILvl>
<vis>表示</vis>
<pos>
<gml:Point gml:id="K2_4643411784_1-g" srsName="fguuid:jgd2011.bl">
<gml:pos>32.740753611 128.983377500</gml:pos>
</gml:Point>
</pos>
<type>標高点（測点）</type>
<alti>30</alti>
</ElevPt>
<ElevPt gml:id="K2_4643411787_1">
<fid>46434-11787-i-51</fid>
<lfSpanFr gml:id="K2_4643411787_1-1">
<gml:timePosition>2015-11-17</gml:timePosition>
</lfSpanFr>
<devDate gml:id="K2_4643411787_1-2">
<gml:timePosition>2016-04-06</gml:timePosition>
</devDate>
<orgGILvl>25000</orgGILvl>
<vis>表示</vis>
<pos>
<gml:Point gml:id="K2_4643411787_1-g" srsName="fguuid:jgd2011.bl">
<gml:pos>32.743246111 128.985735833</gml:pos>
</gml:Point>
</pos>
<type>標高点（測点）</type>
<alti>92</alti>
</ElevPt>
</Dataset>
