<?xml version="1.0" encoding="utf-8"?>
<Dataset xsi:schemaLocation="http://fgd.gsi.go.jp/spec/2008/FGD_GMLSchema FGD_GMLSchema.xsd"
	xmlns:gml="http://www.opengis.net/gml/3.2"
	xmlns:xsi="http://www.w3.org/2001/XMLSchema-instance"
	xmlns:xlink="http://www.w3.org/1999/xlink"
	xmlns="http://fgd.gsi.go.jp/spec/2008/FGD_GMLSchema"
	gml:id="Dataset1">
  <gml:description>基盤地図情報メタデータ ID=fmdid:25-0101</gml:description>
  <gml:name>基盤地図情報ダウンロードデータ（GML版）</gml:name>
<GCP gml:id="K1_482875_1">
<fid>10-00100-0-2411-145144</fid>
<lfSpanFr gml:id="K1_482875_1-1">
<gml:timePosition>2024-11-15</gml:timePosition>
</lfSpanFr>
<devDate gml:id="K1_482875_1-2">
<gml:timePosition>2024-11-29</gml:timePosition>
</devDate>
<orgGILvl>SJ12</orgGILvl>
<vis>表示</vis>
<pos>
<gml:Point gml:id="K1_482875_1-g" srsName="fguuid:jgd2011.bl">
<gml:pos>32.611479861 128.708768083</gml:pos>
</gml:Point>
</pos>
<orgName>国土地理院</orgName>
<type>水準点</type>
<gcpClass>二等水準点</gcpClass>
<gcpCode>L020000010539</gcpCode>
<name>１０５３９</name>
<B>117401.3275</B>
<L>463351.5651</L>
<alti>160.067</alti>
<altiAcc>3</altiAcc>
</GCP>
<GCP gml:id="K1_482875_2">
<fid>10-00100-0-2411-145145</fid>
<lfSpanFr gml:id="K1_482875_2-1">
<gml:timePosition>2024-11-15</gml:timePosition>
</lfSpanFr>
<devDate gml:id="K1_482875_2-2">
<gml:timePosition>2024-11-29</gml:timePosition>
</devDate>
<orgGILvl>SJ12</orgGILvl>
<vis>表示</vis>
<pos>
<gml:Point gml:id="K1_482875_2-g" srsName="fguuid:jgd2011.bl">
<gml:pos>32.606669444 128.651397222</gml:pos>
</gml:Point>
</pos>
<orgName>国土地理院</orgName>
<type>水準点</type>
<gcpClass>二等水準点</gcpClass>
<gcpCode>L020000010540</gcpCode>
<name>１０５４０</name>
<B>117384.01</B>
<L>463145.03</L>
<alti>26.496</alti>
<altiAcc>3</altiAcc>
</GCP>
<GCP gml:id="K1_482875_3">
<fid>10-00100-0-2411-152078</fid>
<lfSpanFr gml:id="K1_482875_3-1">
<gml:timePosition>2024-11-15</gml:timePosition>
</lfSpanFr>
<devDate gml:id="K1_482875_3-2">
<gml:timePosition>2024-11-29</gml:timePosition>
</devDate>
<orgGILvl>KJ12</orgGILvl>
<vis>表示</vis>
<pos>
<gml:Point gml:id="K1_482875_3-g" srsName="fguuid:jgd2011.bl">
<gml:pos>32.609224000 128.629877889</gml:pos>
</gml:Point>
</pos>
<orgName>国土地理院</orgName>
<type>三角点</type>
<gcpClass>二等三角点</gcpClass>
<gcpCode>TR24828753001</gcpCode>
<name>星山</name>
<B>117393.2064</B>
<L>463067.5604</L>
<alti>275.31</alti>
<altiAcc>2</altiAcc>
</GCP>
<GCP gml:id="K1_482875_4">
<fid>10-00100-0-2411-152079</fid>
<lfSpanFr gml:id="K1_482875_4-1">
<gml:timePosition>2024-11-15</gml:timePosition>
</lfSpanFr>
<devDate gml:id="K1_482875_4-2">
<gml:timePosition>2024-11-29</gml:timePosition>
</devDate>
<orgGILvl>KJ12</orgGILvl>
<vis>表示</vis>
<pos>
<gml:Point gml:id="K1_482875_4-g" srsName="fguuid:jgd2011.bl">
<gml:pos>32.623467139 128.715836611</gml:pos>
</gml:Point>
</pos>
<orgName>国土地理院</orgName>
<type>三角点</type>
<gcpClass>二等三角点</gcpClass>
<gcpCode>TR24828754701</gcpCode>
<name>長峰</name>
<B>117444.4817</B>
<L>463377.0118</L>
<alti>373.75</alti>
<altiAcc>2</altiAcc>
</GCP>
<GCP gml:id="K1_482875_5">
<fid>10-00100-0-2411-157842</fid>
<lfSpanFr gml:id="K1_482875_5-1">
<gml:timePosition>2024-11-15</gml:timePosition>
</lfSpanFr>
<devDate gml:id="K1_482875_5-2">
<gml:timePosition>2024-11-29</gml:timePosition>
</devDate>
<orgGILvl>KJ13</orgGILvl>
<vis>表示</vis>
<pos>
<gml:Point gml:id="K1_482875_5-g" srsName="fguuid:jgd2011.bl">
<gml:pos>32.594660806 128.656546556</gml:pos>
</gml:Point>
</pos>
<orgName>国土地理院</orgName>
<type>三角点</type>
<gcpClass>三等三角点</gcpClass>
<gcpCode>TR34828751201</gcpCode>
<name>船場</name>
<B>117340.7789</B>
<L>463163.5676</L>
<alti>135.8</alti>
<altiAcc>2</altiAcc>
</GCP>
<GCP gml:id="K1_482875_6">
<fid>10-00100-0-2411-157843</fid>
<lfSpanFr gml:id="K1_482875_6-1">
<gml:timePosition>2024-11-15</gml:timePosition>
</lfSpanFr>
<devDate gml:id="K1_482875_6-2">
<gml:timePosition>2024-11-29</gml:timePosition>
</devDate>
<orgGILvl>KJ13</orgGILvl>
<vis>表示</vis>
<pos>
<gml:Point gml:id="K1_482875_6-g" srsName="fguuid:jgd2011.bl">
<gml:pos>32.617897722 128.668543806</gml:pos>
</gml:Point>
</pos>
<orgName>国土地理院</orgName>
<type>三角点</type>
<gcpClass>三等三角点</gcpClass>
<gcpCode>TR34828754301</gcpCode>
<name>赤仁田</name>
<B>117424.4318</B>
<L>463206.7577</L>
<alti>250.55</alti>
<altiAcc>2</altiAcc>
</GCP>
<GCP gml:id="K1_482875_7">
<fid>10-00100-0-2411-157844</fid>
<lfSpanFr gml:id="K1_482875_7-1">
<gml:timePosition>2024-11-15</gml:timePosition>
</lfSpanFr>
<devDate gml:id="K1_482875_7-2">
<gml:timePosition>2024-11-29</gml:timePosition>
</devDate>
<orgGILvl>KJ13</orgGILvl>
<vis>表示</vis>
<pos>
<gml:Point gml:id="K1_482875_7-g" srsName="fguuid:jgd2011.bl">
<gml:pos>32.638116972 128.658202444</gml:pos>
</gml:Point>
</pos>
<orgName>国土地理院</orgName>
<type>三角点</type>
<gcpClass>三等三角点</gcpClass>
<gcpCode>TR34828756201</gcpCode>
<name>中須</name>
<B>117497.2211</B>
<L>463169.5288</L>
<alti>208.65</alti>
<altiAcc>2</altiAcc>
</GCP>
<GCP gml:id="K1_482875_8">
<fid>10-00100-0-2411-157845</fid>
<lfSpanFr gml:id="K1_482875_8-1">
<gml:timePosition>2024-11-15</gml:timePosition>
</lfSpanFr>
<devDate gml:id="K1_482875_8-2">
<gml:timePosition>2024-11-29</gml:timePosition>
</devDate>
<orgGILvl>KJ13</orgGILvl>
<vis>表示</vis>
<pos>
<gml:Point gml:id="K1_482875_8-g" srsName="fguuid:jgd2011.bl">
<gml:pos>32.649681833 128.687876694</gml:pos>
</gml:Point>
</pos>
<orgName>国土地理院</orgName>
<type>三角点</type>
<gcpClass>三等三角点</gcpClass>
<gcpCode>TR34828757501</gcpCode>
<name>夫婦石</name>
<B>117538.8546</B>
<L>463276.3561</L>
<alti>376.66</alti>
<altiAcc>2</altiAcc>
</GCP>
<GCP gml:id="K1_482875_9">
<fid>10-00100-0-2411-157846</fid>
<lfSpanFr gml:id="K1_482875_9-1">
<gml:timePosition>2024-11-15</gml:timePosition>
</lfSpanFr>
<devDate gml:id="K1_482875_9-2">
<gml:timePosition>2024-11-29</gml:timePosition>
</devDate>
<orgGILvl>KJ13</orgGILvl>
<vis>表示</vis>
<pos>
<gml:Point gml:id="K1_482875_9-g" srsName="fguuid:jgd2011.bl">
<gml:pos>32.646224833 128.730268306</gml:pos>
</gml:Point>
</pos>
<orgName>国土地理院</orgName>
<type>三角点</type>
<gcpClass>三等三角点</gcpClass>
<gcpCode>TR34828757801</gcpCode>
<name>八本木</name>
<B>117526.4094</B>
<L>463428.9659</L>
<alti>362.92</alti>
<altiAcc>2</altiAcc>
</GCP>
<GCP gml:id="K1_482875_10">
<fid>10-00100-0-2411-157847</fid>
<lfSpanFr gml:id="K1_482875_10-1">
<gml:timePosition>2024-11-15</gml:timePosition>
</lfSpanFr>
<devDate gml:id="K1_482875_10-2">
<gml:timePosition>2024-11-29</gml:timePosition>
</devDate>
<orgGILvl>KJ13</orgGILvl>
<vis>表示</vis>
<pos>
<gml:Point gml:id="K1_482875_10-g" srsName="fguuid:jgd2011.bl">
<gml:pos>32.664172278 128.648661861</gml:pos>
</gml:Point>
</pos>
<orgName>国土地理院</orgName>
<type>三角点</type>
<gcpClass>三等三角点</gcpClass>
<gcpCode>TR34828759101</gcpCode>
<name>小島</name>
<B>117591.0202</B>
<L>463135.1827</L>
<alti>65.25</alti>
<altiAcc>2</altiAcc>
</GCP>
<GCP gml:id="K1_482875_11">
<fid>10-00100-0-2411-192115</fid>
<lfSpanFr gml:id="K1_482875_11-1">
<gml:timePosition>2024-11-15</gml:timePosition>
</lfSpanFr>
<devDate gml:id="K1_482875_11-2">
<gml:timePosition>2024-11-29</gml:timePosition>
</devDate>
<orgGILvl>KJ14</orgGILvl>
<vis>表示</vis>
<pos>
<gml:Point gml:id="K1_482875_11-g" srsName="fguuid:jgd2011.bl">
<gml:pos>32.597053833 128.641906194</gml:pos>
</gml:Point>
</pos>
<orgName>国土地理院</orgName>
<type>三角点</type>
<gcpClass>四等三角点</gcpClass>
<gcpCode>TR44828751101</gcpCode>
<name>力尾</name>
<B>117349.3938</B>
<L>463110.8623</L>
<alti>116.37</alti>
<altiAcc>2</altiAcc>
</GCP>
<GCP gml:id="K1_482875_12">
<fid>10-00100-0-2411-192116</fid>
<lfSpanFr gml:id="K1_482875_12-1">
<gml:timePosition>2024-11-15</gml:timePosition>
</lfSpanFr>
<devDate gml:id="K1_482875_12-2">
<gml:timePosition>2024-11-29</gml:timePosition>
</devDate>
<orgGILvl>KJ14</orgGILvl>
<vis>表示</vis>
<pos>
<gml:Point gml:id="K1_482875_12-g" srsName="fguuid:jgd2011.bl">
<gml:pos>32.606428750 128.657031778</gml:pos>
</gml:Point>
</pos>
<orgName>国土地理院</orgName>
<type>三角点</type>
<gcpClass>四等三角点</gcpClass>
<gcpCode>TR44828752201</gcpCode>
<name>戌玉</name>
<B>117383.1435</B>
<L>463165.3144</L>
<alti>94.14</alti>
<altiAcc>2</altiAcc>
</GCP>
<GCP gml:id="K1_482875_13">
<fid>10-00100-0-2411-192117</fid>
<lfSpanFr gml:id="K1_482875_13-1">
<gml:timePosition>2024-11-15</gml:timePosition>
</lfSpanFr>
<devDate gml:id="K1_482875_13-2">
<gml:timePosition>2024-11-29</gml:timePosition>
</devDate>
<orgGILvl>KJ14</orgGILvl>
<vis>表示</vis>
<pos>
<gml:Point gml:id="K1_482875_13-g" srsName="fguuid:jgd2011.bl">
<gml:pos>32.607288750 128.686703611</gml:pos>
</gml:Point>
</pos>
<orgName>国土地理院</orgName>
<type>三角点</type>
<gcpClass>四等三角点</gcpClass>
<gcpCode>TR44828752401</gcpCode>
<name>琴石</name>
<B>117386.2395</B>
<L>463272.133</L>
<alti>161.63</alti>
<altiAcc>2</altiAcc>
</GCP>
<GCP gml:id="K1_482875_14">
<fid>10-00100-0-2411-192118</fid>
<lfSpanFr gml:id="K1_482875_14-1">
<gml:timePosition>2024-11-15</gml:timePosition>
</lfSpanFr>
<devDate gml:id="K1_482875_14-2">
<gml:timePosition>2024-11-29</gml:timePosition>
</devDate>
<orgGILvl>KJ14</orgGILvl>
<vis>表示</vis>
<pos>
<gml:Point gml:id="K1_482875_14-g" srsName="fguuid:jgd2011.bl">
<gml:pos>32.607557111 128.709853250</gml:pos>
</gml:Point>
</pos>
<orgName>国土地理院</orgName>
<type>三角点</type>
<gcpClass>四等三角点</gcpClass>
<gcpCode>TR44828752601</gcpCode>
<name>古琴石</name>
<B>117387.2056</B>
<L>463355.4717</L>
<alti>211.05</alti>
<altiAcc>2</altiAcc>
</GCP>
<GCP gml:id="K1_482875_15">
<fid>10-00100-0-2411-192119</fid>
<lfSpanFr gml:id="K1_482875_15-1">
<gml:timePosition>2024-11-15</gml:timePosition>
</lfSpanFr>
<devDate gml:id="K1_482875_15-2">
<gml:timePosition>2024-11-29</gml:timePosition>
</devDate>
<orgGILvl>KJ14</orgGILvl>
<vis>表示</vis>
<pos>
<gml:Point gml:id="K1_482875_15-g" srsName="fguuid:jgd2011.bl">
<gml:pos>32.600748056 128.747451389</gml:pos>
</gml:Point>
</pos>
<orgName>国土地理院</orgName>
<type>三角点</type>
<gcpClass>四等三角点</gcpClass>
<gcpCode>TR44828752901</gcpCode>
<name>天保</name>
<B>117362.693</B>
<L>463490.825</L>
<alti>13.36</alti>
<altiAcc>2</altiAcc>
</GCP>
<GCP gml:id="K1_482875_16">
<fid>10-00100-0-2411-192120</fid>
<lfSpanFr gml:id="K1_482875_16-1">
<gml:timePosition>2024-11-15</gml:timePosition>
</lfSpanFr>
<devDate gml:id="K1_482875_16-2">
<gml:timePosition>2024-11-29</gml:timePosition>
</devDate>
<orgGILvl>KJ14</orgGILvl>
<vis>表示</vis>
<pos>
<gml:Point gml:id="K1_482875_16-g" srsName="fguuid:jgd2011.bl">
<gml:pos>32.609829278 128.644831528</gml:pos>
</gml:Point>
</pos>
<orgName>国土地理院</orgName>
<type>三角点</type>
<gcpClass>四等三角点</gcpClass>
<gcpCode>TR44828753101</gcpCode>
<name>立谷</name>
<B>117395.3854</B>
<L>463121.3935</L>
<alti>78.95</alti>
<altiAcc>2</altiAcc>
</GCP>
<GCP gml:id="K1_482875_17">
<fid>10-00100-0-2411-192121</fid>
<lfSpanFr gml:id="K1_482875_17-1">
<gml:timePosition>2024-11-15</gml:timePosition>
</lfSpanFr>
<devDate gml:id="K1_482875_17-2">
<gml:timePosition>2024-11-29</gml:timePosition>
</devDate>
<orgGILvl>KJ14</orgGILvl>
<vis>表示</vis>
<pos>
<gml:Point gml:id="K1_482875_17-g" srsName="fguuid:jgd2011.bl">
<gml:pos>32.610079444 128.674316056</gml:pos>
</gml:Point>
</pos>
<orgName>国土地理院</orgName>
<type>三角点</type>
<gcpClass>四等三角点</gcpClass>
<gcpCode>TR44828753301</gcpCode>
<name>太田</name>
<B>117396.286</B>
<L>463227.5378</L>
<alti>73.02</alti>
<altiAcc>2</altiAcc>
</GCP>
<GCP gml:id="K1_482875_18">
<fid>10-00100-0-2411-192122</fid>
<lfSpanFr gml:id="K1_482875_18-1">
<gml:timePosition>2024-11-15</gml:timePosition>
</lfSpanFr>
<devDate gml:id="K1_482875_18-2">
<gml:timePosition>2024-11-29</gml:timePosition>
</devDate>
<orgGILvl>KJ14</orgGILvl>
<vis>表示</vis>
<pos>
<gml:Point gml:id="K1_482875_18-g" srsName="fguuid:jgd2011.bl">
<gml:pos>32.616514639 128.703749694</gml:pos>
</gml:Point>
</pos>
<orgName>国土地理院</orgName>
<type>三角点</type>
<gcpClass>四等三角点</gcpClass>
<gcpCode>TR44828753601</gcpCode>
<name>横峰牧場</name>
<B>117419.4527</B>
<L>463333.4989</L>
<alti>304.65</alti>
<altiAcc>2</altiAcc>
</GCP>
<GCP gml:id="K1_482875_19">
<fid>10-00100-0-2411-192123</fid>
<lfSpanFr gml:id="K1_482875_19-1">
<gml:timePosition>2024-11-15</gml:timePosition>
</lfSpanFr>
<devDate gml:id="K1_482875_19-2">
<gml:timePosition>2024-11-29</gml:timePosition>
</devDate>
<orgGILvl>KJ14</orgGILvl>
<vis>表示</vis>
<pos>
<gml:Point gml:id="K1_482875_19-g" srsName="fguuid:jgd2011.bl">
<gml:pos>32.611923056 128.718791556</gml:pos>
</gml:Point>
</pos>
<orgName>国土地理院</orgName>
<type>三角点</type>
<gcpClass>四等三角点</gcpClass>
<gcpCode>TR44828753701</gcpCode>
<name>大山</name>
<B>117402.923</B>
<L>463387.6496</L>
<alti>244.04</alti>
<altiAcc>2</altiAcc>
</GCP>
<GCP gml:id="K1_482875_20">
<fid>10-00100-0-2411-192124</fid>
<lfSpanFr gml:id="K1_482875_20-1">
<gml:timePosition>2024-11-15</gml:timePosition>
</lfSpanFr>
<devDate gml:id="K1_482875_20-2">
<gml:timePosition>2024-11-29</gml:timePosition>
</devDate>
<orgGILvl>KJ14</orgGILvl>
<vis>表示</vis>
<pos>
<gml:Point gml:id="K1_482875_20-g" srsName="fguuid:jgd2011.bl">
<gml:pos>32.612373000 128.735604028</gml:pos>
</gml:Point>
</pos>
<orgName>国土地理院</orgName>
<type>三角点</type>
<gcpClass>四等三角点</gcpClass>
<gcpCode>TR44828753801</gcpCode>
<name>丸子</name>
<B>117404.5428</B>
<L>463448.1745</L>
<alti>120.87</alti>
<altiAcc>2</altiAcc>
</GCP>
<GCP gml:id="K1_482875_21">
<fid>10-00100-0-2411-192125</fid>
<lfSpanFr gml:id="K1_482875_21-1">
<gml:timePosition>2024-11-15</gml:timePosition>
</lfSpanFr>
<devDate gml:id="K1_482875_21-2">
<gml:timePosition>2024-11-29</gml:timePosition>
</devDate>
<orgGILvl>KJ14</orgGILvl>
<vis>表示</vis>
<pos>
<gml:Point gml:id="K1_482875_21-g" srsName="fguuid:jgd2011.bl">
<gml:pos>32.623348500 128.659938611</gml:pos>
</gml:Point>
</pos>
<orgName>国土地理院</orgName>
<type>三角点</type>
<gcpClass>四等三角点</gcpClass>
<gcpCode>TR44828754201</gcpCode>
<name>奈切</name>
<B>117444.0546</B>
<L>463175.779</L>
<alti>157.03</alti>
<altiAcc>2</altiAcc>
</GCP>
<GCP gml:id="K1_482875_22">
<fid>10-00100-0-2411-192126</fid>
<lfSpanFr gml:id="K1_482875_22-1">
<gml:timePosition>2024-11-15</gml:timePosition>
</lfSpanFr>
<devDate gml:id="K1_482875_22-2">
<gml:timePosition>2024-11-29</gml:timePosition>
</devDate>
<orgGILvl>KJ14</orgGILvl>
<vis>表示</vis>
<pos>
<gml:Point gml:id="K1_482875_22-g" srsName="fguuid:jgd2011.bl">
<gml:pos>32.621932917 128.682096639</gml:pos>
</gml:Point>
</pos>
<orgName>国土地理院</orgName>
<type>三角点</type>
<gcpClass>四等三角点</gcpClass>
<gcpCode>TR44828754401</gcpCode>
<name>稗田</name>
<B>117438.9585</B>
<L>463255.5479</L>
<alti>125.64</alti>
<altiAcc>2</altiAcc>
</GCP>
<GCP gml:id="K1_482875_23">
<fid>10-00100-0-2411-192127</fid>
<lfSpanFr gml:id="K1_482875_23-1">
<gml:timePosition>2024-11-15</gml:timePosition>
</lfSpanFr>
<devDate gml:id="K1_482875_23-2">
<gml:timePosition>2024-11-29</gml:timePosition>
</devDate>
<orgGILvl>KJ14</orgGILvl>
<vis>表示</vis>
<pos>
<gml:Point gml:id="K1_482875_23-g" srsName="fguuid:jgd2011.bl">
<gml:pos>32.624743722 128.694251722</gml:pos>
</gml:Point>
</pos>
<orgName>国土地理院</orgName>
<type>三角点</type>
<gcpClass>四等三角点</gcpClass>
<gcpCode>TR44828754501</gcpCode>
<name>ヘボノ木</name>
<B>117449.0774</B>
<L>463299.3062</L>
<alti>173.33</alti>
<altiAcc>2</altiAcc>
</GCP>
<GCP gml:id="K1_482875_24">
<fid>10-00100-0-2411-192128</fid>
<lfSpanFr gml:id="K1_482875_24-1">
<gml:timePosition>2024-11-15</gml:timePosition>
</lfSpanFr>
<devDate gml:id="K1_482875_24-2">
<gml:timePosition>2024-11-29</gml:timePosition>
</devDate>
<orgGILvl>KJ14</orgGILvl>
<vis>表示</vis>
<pos>
<gml:Point gml:id="K1_482875_24-g" srsName="fguuid:jgd2011.bl">
<gml:pos>32.622847194 128.738318944</gml:pos>
</gml:Point>
</pos>
<orgName>国土地理院</orgName>
<type>三角点</type>
<gcpClass>四等三角点</gcpClass>
<gcpCode>TR44828754901</gcpCode>
<name>ベラヶ岳</name>
<B>117442.2499</B>
<L>463457.9482</L>
<alti>233.54</alti>
<altiAcc>2</altiAcc>
</GCP>
<GCP gml:id="K1_482875_25">
<fid>10-00100-0-2411-192129</fid>
<lfSpanFr gml:id="K1_482875_25-1">
<gml:timePosition>2024-11-15</gml:timePosition>
</lfSpanFr>
<devDate gml:id="K1_482875_25-2">
<gml:timePosition>2024-11-29</gml:timePosition>
</devDate>
<orgGILvl>KJ14</orgGILvl>
<vis>表示</vis>
<pos>
<gml:Point gml:id="K1_482875_25-g" srsName="fguuid:jgd2011.bl">
<gml:pos>32.626140417 128.643221389</gml:pos>
</gml:Point>
</pos>
<orgName>国土地理院</orgName>
<type>三角点</type>
<gcpClass>四等三角点</gcpClass>
<gcpCode>TR44828755101</gcpCode>
<name>石鼓</name>
<B>117454.1055</B>
<L>463115.597</L>
<alti>127.43</alti>
<altiAcc>2</altiAcc>
</GCP>
<GCP gml:id="K1_482875_26">
<fid>10-00100-0-2411-192130</fid>
<lfSpanFr gml:id="K1_482875_26-1">
<gml:timePosition>2024-11-15</gml:timePosition>
</lfSpanFr>
<devDate gml:id="K1_482875_26-2">
<gml:timePosition>2024-11-29</gml:timePosition>
</devDate>
<orgGILvl>KJ14</orgGILvl>
<vis>表示</vis>
<pos>
<gml:Point gml:id="K1_482875_26-g" srsName="fguuid:jgd2011.bl">
<gml:pos>32.631215389 128.669225917</gml:pos>
</gml:Point>
</pos>
<orgName>国土地理院</orgName>
<type>三角点</type>
<gcpClass>四等三角点</gcpClass>
<gcpCode>TR44828755301</gcpCode>
<name>中川</name>
<B>117472.3754</B>
<L>463209.2133</L>
<alti>40.16</alti>
<altiAcc>2</altiAcc>
</GCP>
<GCP gml:id="K1_482875_27">
<fid>10-00100-0-2411-192131</fid>
<lfSpanFr gml:id="K1_482875_27-1">
<gml:timePosition>2024-11-15</gml:timePosition>
</lfSpanFr>
<devDate gml:id="K1_482875_27-2">
<gml:timePosition>2024-11-29</gml:timePosition>
</devDate>
<orgGILvl>KJ14</orgGILvl>
<vis>表示</vis>
<pos>
<gml:Point gml:id="K1_482875_27-g" srsName="fguuid:jgd2011.bl">
<gml:pos>32.630163639 128.703103750</gml:pos>
</gml:Point>
</pos>
<orgName>国土地理院</orgName>
<type>三角点</type>
<gcpClass>四等三角点</gcpClass>
<gcpCode>TR44828755601</gcpCode>
<name>先材木</name>
<B>117468.5891</B>
<L>463331.1735</L>
<alti>303.07</alti>
<altiAcc>2</altiAcc>
</GCP>
<GCP gml:id="K1_482875_28">
<fid>10-00100-0-2411-192132</fid>
<lfSpanFr gml:id="K1_482875_28-1">
<gml:timePosition>2024-11-15</gml:timePosition>
</lfSpanFr>
<devDate gml:id="K1_482875_28-2">
<gml:timePosition>2024-11-29</gml:timePosition>
</devDate>
<orgGILvl>KJ14</orgGILvl>
<vis>表示</vis>
<pos>
<gml:Point gml:id="K1_482875_28-g" srsName="fguuid:jgd2011.bl">
<gml:pos>32.631623472 128.747971972</gml:pos>
</gml:Point>
</pos>
<orgName>国土地理院</orgName>
<type>三角点</type>
<gcpClass>四等三角点</gcpClass>
<gcpCode>TR44828755901</gcpCode>
<name>南河楽</name>
<B>117473.8445</B>
<L>463492.6991</L>
<alti>237.81</alti>
<altiAcc>2</altiAcc>
</GCP>
<GCP gml:id="K1_482875_29">
<fid>10-00100-0-2411-192133</fid>
<lfSpanFr gml:id="K1_482875_29-1">
<gml:timePosition>2024-11-15</gml:timePosition>
</lfSpanFr>
<devDate gml:id="K1_482875_29-2">
<gml:timePosition>2024-11-29</gml:timePosition>
</devDate>
<orgGILvl>KJ14</orgGILvl>
<vis>表示</vis>
<pos>
<gml:Point gml:id="K1_482875_29-g" srsName="fguuid:jgd2011.bl">
<gml:pos>32.637939972 128.644206556</gml:pos>
</gml:Point>
</pos>
<orgName>国土地理院</orgName>
<type>三角点</type>
<gcpClass>四等三角点</gcpClass>
<gcpCode>TR44828756101</gcpCode>
<name>笠神</name>
<B>117496.5839</B>
<L>463119.1436</L>
<alti>100.82</alti>
<altiAcc>2</altiAcc>
</GCP>
<GCP gml:id="K1_482875_30">
<fid>10-00100-0-2411-192134</fid>
<lfSpanFr gml:id="K1_482875_30-1">
<gml:timePosition>2024-11-15</gml:timePosition>
</lfSpanFr>
<devDate gml:id="K1_482875_30-2">
<gml:timePosition>2024-11-29</gml:timePosition>
</devDate>
<orgGILvl>KJ14</orgGILvl>
<vis>表示</vis>
<pos>
<gml:Point gml:id="K1_482875_30-g" srsName="fguuid:jgd2011.bl">
<gml:pos>32.633466611 128.691025972</gml:pos>
</gml:Point>
</pos>
<orgName>国土地理院</orgName>
<type>三角点</type>
<gcpClass>四等三角点</gcpClass>
<gcpCode>TR44828756501</gcpCode>
<name>平松</name>
<B>117480.4798</B>
<L>463287.6935</L>
<alti>158.36</alti>
<altiAcc>2</altiAcc>
</GCP>
<GCP gml:id="K1_482875_31">
<fid>10-00100-0-2411-192135</fid>
<lfSpanFr gml:id="K1_482875_31-1">
<gml:timePosition>2024-11-15</gml:timePosition>
</lfSpanFr>
<devDate gml:id="K1_482875_31-2">
<gml:timePosition>2024-11-29</gml:timePosition>
</devDate>
<orgGILvl>KJ14</orgGILvl>
<vis>表示</vis>
<pos>
<gml:Point gml:id="K1_482875_31-g" srsName="fguuid:jgd2011.bl">
<gml:pos>32.639903083 128.700069306</gml:pos>
</gml:Point>
</pos>
<orgName>国土地理院</orgName>
<type>三角点</type>
<gcpClass>四等三角点</gcpClass>
<gcpCode>TR44828756601</gcpCode>
<name>歳木山</name>
<B>117503.6511</B>
<L>463320.2495</L>
<alti>112.39</alti>
<altiAcc>2</altiAcc>
</GCP>
<GCP gml:id="K1_482875_32">
<fid>10-00100-0-2411-192136</fid>
<lfSpanFr gml:id="K1_482875_32-1">
<gml:timePosition>2024-11-15</gml:timePosition>
</lfSpanFr>
<devDate gml:id="K1_482875_32-2">
<gml:timePosition>2024-11-29</gml:timePosition>
</devDate>
<orgGILvl>KJ14</orgGILvl>
<vis>表示</vis>
<pos>
<gml:Point gml:id="K1_482875_32-g" srsName="fguuid:jgd2011.bl">
<gml:pos>32.634273972 128.724390861</gml:pos>
</gml:Point>
</pos>
<orgName>国土地理院</orgName>
<type>三角点</type>
<gcpClass>四等三角点</gcpClass>
<gcpCode>TR44828756701</gcpCode>
<name>隠禮河内</name>
<B>117483.3863</B>
<L>463407.8071</L>
<alti>231.72</alti>
<altiAcc>2</altiAcc>
</GCP>
<GCP gml:id="K1_482875_33">
<fid>10-00100-0-2411-192137</fid>
<lfSpanFr gml:id="K1_482875_33-1">
<gml:timePosition>2024-11-15</gml:timePosition>
</lfSpanFr>
<devDate gml:id="K1_482875_33-2">
<gml:timePosition>2024-11-29</gml:timePosition>
</devDate>
<orgGILvl>KJ14</orgGILvl>
<vis>表示</vis>
<pos>
<gml:Point gml:id="K1_482875_33-g" srsName="fguuid:jgd2011.bl">
<gml:pos>32.633365833 128.738388333</gml:pos>
</gml:Point>
</pos>
<orgName>国土地理院</orgName>
<type>三角点</type>
<gcpClass>四等三角点</gcpClass>
<gcpCode>TR44828756901</gcpCode>
<name>犬山瀬</name>
<B>117480.117</B>
<L>463458.198</L>
<alti>359.78</alti>
<altiAcc>2</altiAcc>
</GCP>
<GCP gml:id="K1_482875_34">
<fid>10-00100-0-2411-192138</fid>
<lfSpanFr gml:id="K1_482875_34-1">
<gml:timePosition>2024-11-15</gml:timePosition>
</lfSpanFr>
<devDate gml:id="K1_482875_34-2">
<gml:timePosition>2024-11-29</gml:timePosition>
</devDate>
<orgGILvl>KJ14</orgGILvl>
<vis>表示</vis>
<pos>
<gml:Point gml:id="K1_482875_34-g" srsName="fguuid:jgd2011.bl">
<gml:pos>32.646088444 128.635262389</gml:pos>
</gml:Point>
</pos>
<orgName>国土地理院</orgName>
<type>三角点</type>
<gcpClass>四等三角点</gcpClass>
<gcpCode>TR44828757001</gcpCode>
<name>赤石鼻</name>
<B>117525.9184</B>
<L>463086.9446</L>
<alti>23.45</alti>
<altiAcc>2</altiAcc>
</GCP>
<GCP gml:id="K1_482875_35">
<fid>10-00100-0-2411-192139</fid>
<lfSpanFr gml:id="K1_482875_35-1">
<gml:timePosition>2024-11-15</gml:timePosition>
</lfSpanFr>
<devDate gml:id="K1_482875_35-2">
<gml:timePosition>2024-11-29</gml:timePosition>
</devDate>
<orgGILvl>KJ14</orgGILvl>
<vis>表示</vis>
<pos>
<gml:Point gml:id="K1_482875_35-g" srsName="fguuid:jgd2011.bl">
<gml:pos>32.648860056 128.657406444</gml:pos>
</gml:Point>
</pos>
<orgName>国土地理院</orgName>
<type>三角点</type>
<gcpClass>四等三角点</gcpClass>
<gcpCode>TR44828757201</gcpCode>
<name>河原浦</name>
<B>117535.8962</B>
<L>463166.6632</L>
<alti>14.03</alti>
<altiAcc>2</altiAcc>
</GCP>
<GCP gml:id="K1_482875_36">
<fid>10-00100-0-2411-192140</fid>
<lfSpanFr gml:id="K1_482875_36-1">
<gml:timePosition>2024-11-15</gml:timePosition>
</lfSpanFr>
<devDate gml:id="K1_482875_36-2">
<gml:timePosition>2024-11-29</gml:timePosition>
</devDate>
<orgGILvl>KJ14</orgGILvl>
<vis>表示</vis>
<pos>
<gml:Point gml:id="K1_482875_36-g" srsName="fguuid:jgd2011.bl">
<gml:pos>32.646486583 128.675783972</gml:pos>
</gml:Point>
</pos>
<orgName>国土地理院</orgName>
<type>三角点</type>
<gcpClass>四等三角点</gcpClass>
<gcpCode>TR44828757401</gcpCode>
<name>四田尾</name>
<B>117527.3517</B>
<L>463232.8223</L>
<alti>180.87</alti>
<altiAcc>2</altiAcc>
</GCP>
<GCP gml:id="K1_482875_37">
<fid>10-00100-0-2411-192141</fid>
<lfSpanFr gml:id="K1_482875_37-1">
<gml:timePosition>2024-11-15</gml:timePosition>
</lfSpanFr>
<devDate gml:id="K1_482875_37-2">
<gml:timePosition>2024-11-29</gml:timePosition>
</devDate>
<orgGILvl>KJ14</orgGILvl>
<vis>表示</vis>
<pos>
<gml:Point gml:id="K1_482875_37-g" srsName="fguuid:jgd2011.bl">
<gml:pos>32.644828472 128.707479417</gml:pos>
</gml:Point>
</pos>
<orgName>国土地理院</orgName>
<type>三角点</type>
<gcpClass>四等三角点</gcpClass>
<gcpCode>TR44828757601</gcpCode>
<name>山口</name>
<B>117521.3825</B>
<L>463346.9259</L>
<alti>88.27</alti>
<altiAcc>2</altiAcc>
</GCP>
<GCP gml:id="K1_482875_38">
<fid>10-00100-0-2411-192142</fid>
<lfSpanFr gml:id="K1_482875_38-1">
<gml:timePosition>2024-11-15</gml:timePosition>
</lfSpanFr>
<devDate gml:id="K1_482875_38-2">
<gml:timePosition>2024-11-29</gml:timePosition>
</devDate>
<orgGILvl>KJ14</orgGILvl>
<vis>表示</vis>
<pos>
<gml:Point gml:id="K1_482875_38-g" srsName="fguuid:jgd2011.bl">
<gml:pos>32.642642000 128.746446306</gml:pos>
</gml:Point>
</pos>
<orgName>国土地理院</orgName>
<type>三角点</type>
<gcpClass>四等三角点</gcpClass>
<gcpCode>TR44828757901</gcpCode>
<name>二タ股子</name>
<B>117513.5112</B>
<L>463487.2067</L>
<alti>274.05</alti>
<altiAcc>2</altiAcc>
</GCP>
<GCP gml:id="K1_482875_39">
<fid>10-00100-0-2411-192143</fid>
<lfSpanFr gml:id="K1_482875_39-1">
<gml:timePosition>2024-11-15</gml:timePosition>
</lfSpanFr>
<devDate gml:id="K1_482875_39-2">
<gml:timePosition>2024-11-29</gml:timePosition>
</devDate>
<orgGILvl>KJ14</orgGILvl>
<vis>表示</vis>
<pos>
<gml:Point gml:id="K1_482875_39-g" srsName="fguuid:jgd2011.bl">
<gml:pos>32.652613528 128.645887583</gml:pos>
</gml:Point>
</pos>
<orgName>国土地理院</orgName>
<type>三角点</type>
<gcpClass>四等三角点</gcpClass>
<gcpCode>TR44828758101</gcpCode>
<name>山ノ浦</name>
<B>117549.4087</B>
<L>463125.1953</L>
<alti>79.66</alti>
<altiAcc>2</altiAcc>
</GCP>
<GCP gml:id="K1_482875_40">
<fid>10-00100-0-2411-192144</fid>
<lfSpanFr gml:id="K1_482875_40-1">
<gml:timePosition>2024-11-15</gml:timePosition>
</lfSpanFr>
<devDate gml:id="K1_482875_40-2">
<gml:timePosition>2024-11-29</gml:timePosition>
</devDate>
<orgGILvl>KJ14</orgGILvl>
<vis>表示</vis>
<pos>
<gml:Point gml:id="K1_482875_40-g" srsName="fguuid:jgd2011.bl">
<gml:pos>32.653625833 128.700563639</gml:pos>
</gml:Point>
</pos>
<orgName>国土地理院</orgName>
<type>三角点</type>
<gcpClass>四等三角点</gcpClass>
<gcpCode>TR44828758601</gcpCode>
<name>鳴河内頭</name>
<B>117553.053</B>
<L>463322.0291</L>
<alti>281.11</alti>
<altiAcc>2</altiAcc>
</GCP>
<GCP gml:id="K1_482875_41">
<fid>10-00100-0-2411-192145</fid>
<lfSpanFr gml:id="K1_482875_41-1">
<gml:timePosition>2024-11-15</gml:timePosition>
</lfSpanFr>
<devDate gml:id="K1_482875_41-2">
<gml:timePosition>2024-11-29</gml:timePosition>
</devDate>
<orgGILvl>KJ14</orgGILvl>
<vis>表示</vis>
<pos>
<gml:Point gml:id="K1_482875_41-g" srsName="fguuid:jgd2011.bl">
<gml:pos>32.652673361 128.718439417</gml:pos>
</gml:Point>
</pos>
<orgName>国土地理院</orgName>
<type>三角点</type>
<gcpClass>四等三角点</gcpClass>
<gcpCode>TR44828758701</gcpCode>
<name>折口</name>
<B>117549.6241</B>
<L>463386.3819</L>
<alti>177.83</alti>
<altiAcc>2</altiAcc>
</GCP>
<GCP gml:id="K1_482875_42">
<fid>10-00100-0-2411-192146</fid>
<lfSpanFr gml:id="K1_482875_42-1">
<gml:timePosition>2024-11-15</gml:timePosition>
</lfSpanFr>
<devDate gml:id="K1_482875_42-2">
<gml:timePosition>2024-11-29</gml:timePosition>
</devDate>
<orgGILvl>KJ14</orgGILvl>
<vis>表示</vis>
<pos>
<gml:Point gml:id="K1_482875_42-g" srsName="fguuid:jgd2011.bl">
<gml:pos>32.656682917 128.729100861</gml:pos>
</gml:Point>
</pos>
<orgName>国土地理院</orgName>
<type>三角点</type>
<gcpClass>四等三角点</gcpClass>
<gcpCode>TR44828758801</gcpCode>
<name>越地</name>
<B>117564.0585</B>
<L>463424.7631</L>
<alti>279.29</alti>
<altiAcc>2</altiAcc>
</GCP>
<GCP gml:id="K1_482875_43">
<fid>10-00100-0-2411-192147</fid>
<lfSpanFr gml:id="K1_482875_43-1">
<gml:timePosition>2024-11-15</gml:timePosition>
</lfSpanFr>
<devDate gml:id="K1_482875_43-2">
<gml:timePosition>2024-11-29</gml:timePosition>
</devDate>
<orgGILvl>KJ14</orgGILvl>
<vis>表示</vis>
<pos>
<gml:Point gml:id="K1_482875_43-g" srsName="fguuid:jgd2011.bl">
<gml:pos>32.651289028 128.739801444</gml:pos>
</gml:Point>
</pos>
<orgName>国土地理院</orgName>
<type>三角点</type>
<gcpClass>四等三角点</gcpClass>
<gcpCode>TR44828758901</gcpCode>
<name>天神山</name>
<B>117544.6405</B>
<L>463463.2852</L>
<alti>134.22</alti>
<altiAcc>2</altiAcc>
</GCP>
<GCP gml:id="K1_482875_44">
<fid>10-00100-0-2411-192148</fid>
<lfSpanFr gml:id="K1_482875_44-1">
<gml:timePosition>2024-11-15</gml:timePosition>
</lfSpanFr>
<devDate gml:id="K1_482875_44-2">
<gml:timePosition>2024-11-29</gml:timePosition>
</devDate>
<orgGILvl>KJ14</orgGILvl>
<vis>表示</vis>
<pos>
<gml:Point gml:id="K1_482875_44-g" srsName="fguuid:jgd2011.bl">
<gml:pos>32.658433500 128.633882250</gml:pos>
</gml:Point>
</pos>
<orgName>国土地理院</orgName>
<type>三角点</type>
<gcpClass>四等三角点</gcpClass>
<gcpCode>TR44828759001</gcpCode>
<name>名護崎</name>
<B>117570.3606</B>
<L>463081.9761</L>
<alti>24.63</alti>
<altiAcc>2</altiAcc>
</GCP>
<GCP gml:id="K1_482875_45">
<fid>10-00100-0-2411-192149</fid>
<lfSpanFr gml:id="K1_482875_45-1">
<gml:timePosition>2024-11-15</gml:timePosition>
</lfSpanFr>
<devDate gml:id="K1_482875_45-2">
<gml:timePosition>2024-11-29</gml:timePosition>
</devDate>
<orgGILvl>KJ14</orgGILvl>
<vis>表示</vis>
<pos>
<gml:Point gml:id="K1_482875_45-g" srsName="fguuid:jgd2011.bl">
<gml:pos>32.659809306 128.658413111</gml:pos>
</gml:Point>
</pos>
<orgName>国土地理院</orgName>
<type>三角点</type>
<gcpClass>四等三角点</gcpClass>
<gcpCode>TR44828759201</gcpCode>
<name>畠ケ尻</name>
<B>117575.3135</B>
<L>463170.2872</L>
<alti>5.01</alti>
<altiAcc>2</altiAcc>
</GCP>
<GCP gml:id="K1_482875_46">
<fid>10-00100-0-2411-192150</fid>
<lfSpanFr gml:id="K1_482875_46-1">
<gml:timePosition>2024-11-15</gml:timePosition>
</lfSpanFr>
<devDate gml:id="K1_482875_46-2">
<gml:timePosition>2024-11-29</gml:timePosition>
</devDate>
<orgGILvl>KJ14</orgGILvl>
<vis>表示</vis>
<pos>
<gml:Point gml:id="K1_482875_46-g" srsName="fguuid:jgd2011.bl">
<gml:pos>32.660686528 128.673158056</gml:pos>
</gml:Point>
</pos>
<orgName>国土地理院</orgName>
<type>三角点</type>
<gcpClass>四等三角点</gcpClass>
<gcpCode>TR44828759301</gcpCode>
<name>木場所</name>
<B>117578.4715</B>
<L>463223.369</L>
<alti>192.14</alti>
<altiAcc>2</altiAcc>
</GCP>
<GCP gml:id="K1_482875_47">
<fid>10-00100-0-2411-192151</fid>
<lfSpanFr gml:id="K1_482875_47-1">
<gml:timePosition>2024-11-15</gml:timePosition>
</lfSpanFr>
<devDate gml:id="K1_482875_47-2">
<gml:timePosition>2024-11-29</gml:timePosition>
</devDate>
<orgGILvl>KJ14</orgGILvl>
<vis>表示</vis>
<pos>
<gml:Point gml:id="K1_482875_47-g" srsName="fguuid:jgd2011.bl">
<gml:pos>32.663704361 128.687091333</gml:pos>
</gml:Point>
</pos>
<orgName>国土地理院</orgName>
<type>三角点</type>
<gcpClass>四等三角点</gcpClass>
<gcpCode>TR44828759401</gcpCode>
<name>コカシゴ</name>
<B>117589.3357</B>
<L>463273.5288</L>
<alti>187.8</alti>
<altiAcc>2</altiAcc>
</GCP>
<GCP gml:id="K1_482875_48">
<fid>10-00100-0-2411-192152</fid>
<lfSpanFr gml:id="K1_482875_48-1">
<gml:timePosition>2024-11-15</gml:timePosition>
</lfSpanFr>
<devDate gml:id="K1_482875_48-2">
<gml:timePosition>2024-11-29</gml:timePosition>
</devDate>
<orgGILvl>KJ14</orgGILvl>
<vis>表示</vis>
<pos>
<gml:Point gml:id="K1_482875_48-g" srsName="fguuid:jgd2011.bl">
<gml:pos>32.664798639 128.715697750</gml:pos>
</gml:Point>
</pos>
<orgName>国土地理院</orgName>
<type>三角点</type>
<gcpClass>四等三角点</gcpClass>
<gcpCode>TR44828759701</gcpCode>
<name>前田</name>
<B>117593.2751</B>
<L>463376.5119</L>
<alti>220.26</alti>
<altiAcc>2</altiAcc>
</GCP>
<GCP gml:id="K1_482875_49">
<fid>10-00100-0-2411-192153</fid>
<lfSpanFr gml:id="K1_482875_49-1">
<gml:timePosition>2024-11-15</gml:timePosition>
</lfSpanFr>
<devDate gml:id="K1_482875_49-2">
<gml:timePosition>2024-11-29</gml:timePosition>
</devDate>
<orgGILvl>KJ14</orgGILvl>
<vis>表示</vis>
<pos>
<gml:Point gml:id="K1_482875_49-g" srsName="fguuid:jgd2011.bl">
<gml:pos>32.661112167 128.742085722</gml:pos>
</gml:Point>
</pos>
<orgName>国土地理院</orgName>
<type>三角点</type>
<gcpClass>四等三角点</gcpClass>
<gcpCode>TR44828759901</gcpCode>
<name>繁敷平</name>
<B>117580.0038</B>
<L>463471.5086</L>
<alti>251.28</alti>
<altiAcc>2</altiAcc>
</GCP>
</Dataset>
