<?xml version="1.0" encoding="utf-8"?>
<Dataset xsi:schemaLocation="http://fgd.gsi.go.jp/spec/2008/FGD_GMLSchema FGD_GMLSchema.xsd"
	xmlns:gml="http://www.opengis.net/gml/3.2"
	xmlns:xsi="http://www.w3.org/2001/XMLSchema-instance"
	xmlns:xlink="http://www.w3.org/1999/xlink"
	xmlns="http://fgd.gsi.go.jp/spec/2008/FGD_GMLSchema"
	gml:id="Dataset1">
  <gml:description>基盤地図情報メタデータ ID=fmdid:25-0101</gml:description>
  <gml:name>基盤地図情報ダウンロードデータ（GML版）</gml:name>
<ElevPt gml:id="K2_4630511742_1">
<fid>46305-11742-i-81</fid>
<lfSpanFr gml:id="K2_4630511742_1-1">
<gml:timePosition>2021-02-10</gml:timePosition>
</lfSpanFr>
<devDate gml:id="K2_4630511742_1-2">
<gml:timePosition>2024-11-29</gml:timePosition>
</devDate>
<orgGILvl>25000</orgGILvl>
<vis>表示</vis>
<pos>
<gml:Point gml:id="K2_4630511742_1-g" srsName="fguuid:jgd2011.bl">
<gml:pos>32.617146667 128.628066944</gml:pos>
</gml:Point>
</pos>
<type>標高点（測点）</type>
<alti>116</alti>
</ElevPt>
<ElevPt gml:id="K2_4630511748_1">
<fid>46305-11748-i-12</fid>
<lfSpanFr gml:id="K2_4630511748_1-1">
<gml:timePosition>2021-02-10</gml:timePosition>
</lfSpanFr>
<devDate gml:id="K2_4630511748_1-2">
<gml:timePosition>2024-11-29</gml:timePosition>
</devDate>
<orgGILvl>25000</orgGILvl>
<vis>表示</vis>
<pos>
<gml:Point gml:id="K2_4630511748_1-g" srsName="fguuid:jgd2011.bl">
<gml:pos>32.640775833 128.625101667</gml:pos>
</gml:Point>
</pos>
<type>標高点（測点）</type>
<alti>112</alti>
</ElevPt>
<ElevPt gml:id="K2_4630511754_1">
<fid>46305-11754-i-14</fid>
<lfSpanFr gml:id="K2_4630511754_1-1">
<gml:timePosition>2021-02-10</gml:timePosition>
</lfSpanFr>
<devDate gml:id="K2_4630511754_1-2">
<gml:timePosition>2024-11-29</gml:timePosition>
</devDate>
<orgGILvl>25000</orgGILvl>
<vis>表示</vis>
<pos>
<gml:Point gml:id="K2_4630511754_1-g" srsName="fguuid:jgd2011.bl">
<gml:pos>32.650418333 128.625665833</gml:pos>
</gml:Point>
</pos>
<type>標高点（測点）</type>
<alti>212</alti>
</ElevPt>
<ElevPt gml:id="K2_4630811733_1">
<fid>46308-11733-i-76</fid>
<lfSpanFr gml:id="K2_4630811733_1-1">
<gml:timePosition>2021-02-10</gml:timePosition>
</lfSpanFr>
<devDate gml:id="K2_4630811733_1-2">
<gml:timePosition>2024-11-29</gml:timePosition>
</devDate>
<orgGILvl>25000</orgGILvl>
<vis>表示</vis>
<pos>
<gml:Point gml:id="K2_4630811733_1-g" srsName="fguuid:jgd2011.bl">
<gml:pos>32.597439722 128.634317778</gml:pos>
</gml:Point>
</pos>
<type>標高点（測点）</type>
<alti>72</alti>
</ElevPt>
<ElevPt gml:id="K2_4630811736_1">
<fid>46308-11736-i-64</fid>
<lfSpanFr gml:id="K2_4630811736_1-1">
<gml:timePosition>2015-11-17</gml:timePosition>
</lfSpanFr>
<devDate gml:id="K2_4630811736_1-2">
<gml:timePosition>2024-11-29</gml:timePosition>
</devDate>
<orgGILvl>25000</orgGILvl>
<vis>表示</vis>
<pos>
<gml:Point gml:id="K2_4630811736_1-g" srsName="fguuid:jgd2011.bl">
<gml:pos>32.603554167 128.633358611</gml:pos>
</gml:Point>
</pos>
<type>標高点（測点）</type>
<alti>183</alti>
</ElevPt>
<ElevPt gml:id="K2_4630811745_1">
<fid>46308-11745-i-36</fid>
<lfSpanFr gml:id="K2_4630811745_1-1">
<gml:timePosition>2015-11-17</gml:timePosition>
</lfSpanFr>
<devDate gml:id="K2_4630811745_1-2">
<gml:timePosition>2024-11-29</gml:timePosition>
</devDate>
<orgGILvl>25000</orgGILvl>
<vis>表示</vis>
<pos>
<gml:Point gml:id="K2_4630811745_1-g" srsName="fguuid:jgd2011.bl">
<gml:pos>32.633003056 128.637700833</gml:pos>
</gml:Point>
</pos>
<type>標高点（測点）</type>
<alti>78</alti>
</ElevPt>
<ElevPt gml:id="K2_4630811754_1">
<fid>46308-11754-i-23</fid>
<lfSpanFr gml:id="K2_4630811754_1-1">
<gml:timePosition>2021-02-10</gml:timePosition>
</lfSpanFr>
<devDate gml:id="K2_4630811754_1-2">
<gml:timePosition>2024-11-29</gml:timePosition>
</devDate>
<orgGILvl>25000</orgGILvl>
<vis>表示</vis>
<pos>
<gml:Point gml:id="K2_4630811754_1-g" srsName="fguuid:jgd2011.bl">
<gml:pos>32.652750278 128.633600278</gml:pos>
</gml:Point>
</pos>
<type>標高点（測点）</type>
<alti>101</alti>
</ElevPt>
<ElevPt gml:id="K2_4630811757_1">
<fid>46308-11757-i-233</fid>
<lfSpanFr gml:id="K2_4630811757_1-1">
<gml:timePosition>2021-02-10</gml:timePosition>
</lfSpanFr>
<devDate gml:id="K2_4630811757_1-2">
<gml:timePosition>2024-11-29</gml:timePosition>
</devDate>
<orgGILvl>25000</orgGILvl>
<vis>表示</vis>
<pos>
<gml:Point gml:id="K2_4630811757_1-g" srsName="fguuid:jgd2011.bl">
<gml:pos>32.665535833 128.636857500</gml:pos>
</gml:Point>
</pos>
<type>標高点（測点）</type>
<alti>131</alti>
</ElevPt>
<ElevPt gml:id="K2_4631111736_1">
<fid>46311-11736-i-226</fid>
<lfSpanFr gml:id="K2_4631111736_1-1">
<gml:timePosition>2021-02-10</gml:timePosition>
</lfSpanFr>
<devDate gml:id="K2_4631111736_1-2">
<gml:timePosition>2024-11-29</gml:timePosition>
</devDate>
<orgGILvl>25000</orgGILvl>
<vis>表示</vis>
<pos>
<gml:Point gml:id="K2_4631111736_1-g" srsName="fguuid:jgd2011.bl">
<gml:pos>32.601849167 128.648612222</gml:pos>
</gml:Point>
</pos>
<type>標高点（測点）</type>
<alti>74</alti>
</ElevPt>
<ElevPt gml:id="K2_4631111742_1">
<fid>46311-11742-i-89</fid>
<lfSpanFr gml:id="K2_4631111742_1-1">
<gml:timePosition>2021-02-10</gml:timePosition>
</lfSpanFr>
<devDate gml:id="K2_4631111742_1-2">
<gml:timePosition>2024-11-29</gml:timePosition>
</devDate>
<orgGILvl>25000</orgGILvl>
<vis>表示</vis>
<pos>
<gml:Point gml:id="K2_4631111742_1-g" srsName="fguuid:jgd2011.bl">
<gml:pos>32.620251111 128.642534167</gml:pos>
</gml:Point>
</pos>
<type>標高点（測点）</type>
<alti>32</alti>
</ElevPt>
<ElevPt gml:id="K2_4631111745_1">
<fid>46311-11745-i-9</fid>
<lfSpanFr gml:id="K2_4631111745_1-1">
<gml:timePosition>2015-11-17</gml:timePosition>
</lfSpanFr>
<devDate gml:id="K2_4631111745_1-2">
<gml:timePosition>2024-11-29</gml:timePosition>
</devDate>
<orgGILvl>25000</orgGILvl>
<vis>表示</vis>
<pos>
<gml:Point gml:id="K2_4631111745_1-g" srsName="fguuid:jgd2011.bl">
<gml:pos>32.631627222 128.647515278</gml:pos>
</gml:Point>
</pos>
<type>標高点（測点）</type>
<alti>239</alti>
</ElevPt>
<ElevPt gml:id="K2_4631111748_1">
<fid>46311-11748-i-97</fid>
<lfSpanFr gml:id="K2_4631111748_1-1">
<gml:timePosition>2021-02-10</gml:timePosition>
</lfSpanFr>
<devDate gml:id="K2_4631111748_1-2">
<gml:timePosition>2024-11-29</gml:timePosition>
</devDate>
<orgGILvl>25000</orgGILvl>
<vis>表示</vis>
<pos>
<gml:Point gml:id="K2_4631111748_1-g" srsName="fguuid:jgd2011.bl">
<gml:pos>32.639926389 128.648021111</gml:pos>
</gml:Point>
</pos>
<type>標高点（測点）</type>
<alti>98</alti>
</ElevPt>
<ElevPt gml:id="K2_4631411736_1">
<fid>46314-11736-i-261</fid>
<lfSpanFr gml:id="K2_4631411736_1-1">
<gml:timePosition>2015-11-17</gml:timePosition>
</lfSpanFr>
<devDate gml:id="K2_4631411736_1-2">
<gml:timePosition>2024-11-29</gml:timePosition>
</devDate>
<orgGILvl>25000</orgGILvl>
<vis>表示</vis>
<pos>
<gml:Point gml:id="K2_4631411736_1-g" srsName="fguuid:jgd2011.bl">
<gml:pos>32.603699167 128.654835000</gml:pos>
</gml:Point>
</pos>
<type>標高点（測点）</type>
<alti>34</alti>
</ElevPt>
<ElevPt gml:id="K2_4631411742_1">
<fid>46314-11742-i-49</fid>
<lfSpanFr gml:id="K2_4631411742_1-1">
<gml:timePosition>2015-11-17</gml:timePosition>
</lfSpanFr>
<devDate gml:id="K2_4631411742_1-2">
<gml:timePosition>2024-11-29</gml:timePosition>
</devDate>
<orgGILvl>25000</orgGILvl>
<vis>表示</vis>
<pos>
<gml:Point gml:id="K2_4631411742_1-g" srsName="fguuid:jgd2011.bl">
<gml:pos>32.619973056 128.651372222</gml:pos>
</gml:Point>
</pos>
<type>標高点（測点）</type>
<alti>17</alti>
</ElevPt>
<ElevPt gml:id="K2_4631411751_1">
<fid>46314-11751-i-7</fid>
<lfSpanFr gml:id="K2_4631411751_1-1">
<gml:timePosition>2015-11-17</gml:timePosition>
</lfSpanFr>
<devDate gml:id="K2_4631411751_1-2">
<gml:timePosition>2024-11-29</gml:timePosition>
</devDate>
<orgGILvl>25000</orgGILvl>
<vis>表示</vis>
<pos>
<gml:Point gml:id="K2_4631411751_1-g" srsName="fguuid:jgd2011.bl">
<gml:pos>32.644811111 128.655319167</gml:pos>
</gml:Point>
</pos>
<type>標高点（測点）</type>
<alti>130</alti>
</ElevPt>
<ElevPt gml:id="K2_4631411754_1">
<fid>46314-11754-i-85</fid>
<lfSpanFr gml:id="K2_4631411754_1-1">
<gml:timePosition>2021-02-10</gml:timePosition>
</lfSpanFr>
<devDate gml:id="K2_4631411754_1-2">
<gml:timePosition>2024-11-29</gml:timePosition>
</devDate>
<orgGILvl>25000</orgGILvl>
<vis>表示</vis>
<pos>
<gml:Point gml:id="K2_4631411754_1-g" srsName="fguuid:jgd2011.bl">
<gml:pos>32.655218889 128.657808611</gml:pos>
</gml:Point>
</pos>
<type>標高点（測点）</type>
<alti>113</alti>
</ElevPt>
<ElevPt gml:id="K2_4631711730_1">
<fid>46317-11730-i-17</fid>
<lfSpanFr gml:id="K2_4631711730_1-1">
<gml:timePosition>2021-02-10</gml:timePosition>
</lfSpanFr>
<devDate gml:id="K2_4631711730_1-2">
<gml:timePosition>2024-11-29</gml:timePosition>
</devDate>
<orgGILvl>25000</orgGILvl>
<vis>表示</vis>
<pos>
<gml:Point gml:id="K2_4631711730_1-g" srsName="fguuid:jgd2011.bl">
<gml:pos>32.587612778 128.660251389</gml:pos>
</gml:Point>
</pos>
<type>標高点（測点）</type>
<alti>74</alti>
</ElevPt>
<ElevPt gml:id="K2_4631711739_1">
<fid>46317-11739-i-22</fid>
<lfSpanFr gml:id="K2_4631711739_1-1">
<gml:timePosition>2015-11-17</gml:timePosition>
</lfSpanFr>
<devDate gml:id="K2_4631711739_1-2">
<gml:timePosition>2024-11-29</gml:timePosition>
</devDate>
<orgGILvl>25000</orgGILvl>
<vis>表示</vis>
<pos>
<gml:Point gml:id="K2_4631711739_1-g" srsName="fguuid:jgd2011.bl">
<gml:pos>32.610080556 128.661945833</gml:pos>
</gml:Point>
</pos>
<type>標高点（測点）</type>
<alti>154</alti>
</ElevPt>
<ElevPt gml:id="K2_4631711742_1">
<fid>46317-11742-i-25</fid>
<lfSpanFr gml:id="K2_4631711742_1-1">
<gml:timePosition>2021-02-10</gml:timePosition>
</lfSpanFr>
<devDate gml:id="K2_4631711742_1-2">
<gml:timePosition>2024-11-29</gml:timePosition>
</devDate>
<orgGILvl>25000</orgGILvl>
<vis>表示</vis>
<pos>
<gml:Point gml:id="K2_4631711742_1-g" srsName="fguuid:jgd2011.bl">
<gml:pos>32.618464167 128.659736111</gml:pos>
</gml:Point>
</pos>
<type>標高点（測点）</type>
<alti>210</alti>
</ElevPt>
<ElevPt gml:id="K2_4631711751_1">
<fid>46317-11751-i-21</fid>
<lfSpanFr gml:id="K2_4631711751_1-1">
<gml:timePosition>2015-11-17</gml:timePosition>
</lfSpanFr>
<devDate gml:id="K2_4631711751_1-2">
<gml:timePosition>2024-11-29</gml:timePosition>
</devDate>
<orgGILvl>25000</orgGILvl>
<vis>表示</vis>
<pos>
<gml:Point gml:id="K2_4631711751_1-g" srsName="fguuid:jgd2011.bl">
<gml:pos>32.642543889 128.665219444</gml:pos>
</gml:Point>
</pos>
<type>標高点（測点）</type>
<alti>74</alti>
</ElevPt>
<ElevPt gml:id="K2_4631711757_1">
<fid>46317-11757-i-18</fid>
<lfSpanFr gml:id="K2_4631711757_1-1">
<gml:timePosition>2021-02-10</gml:timePosition>
</lfSpanFr>
<devDate gml:id="K2_4631711757_1-2">
<gml:timePosition>2024-11-29</gml:timePosition>
</devDate>
<orgGILvl>25000</orgGILvl>
<vis>表示</vis>
<pos>
<gml:Point gml:id="K2_4631711757_1-g" srsName="fguuid:jgd2011.bl">
<gml:pos>32.663809167 128.666665556</gml:pos>
</gml:Point>
</pos>
<type>標高点（測点）</type>
<alti>165</alti>
</ElevPt>
<ElevPt gml:id="K2_4632011736_1">
<fid>46320-11736-i-39</fid>
<lfSpanFr gml:id="K2_4632011736_1-1">
<gml:timePosition>2015-11-17</gml:timePosition>
</lfSpanFr>
<devDate gml:id="K2_4632011736_1-2">
<gml:timePosition>2024-11-29</gml:timePosition>
</devDate>
<orgGILvl>25000</orgGILvl>
<vis>表示</vis>
<pos>
<gml:Point gml:id="K2_4632011736_1-g" srsName="fguuid:jgd2011.bl">
<gml:pos>32.608105000 128.673971667</gml:pos>
</gml:Point>
</pos>
<type>標高点（測点）</type>
<alti>95</alti>
</ElevPt>
<ElevPt gml:id="K2_4632011748_1">
<fid>46320-11748-i-168</fid>
<lfSpanFr gml:id="K2_4632011748_1-1">
<gml:timePosition>2015-11-17</gml:timePosition>
</lfSpanFr>
<devDate gml:id="K2_4632011748_1-2">
<gml:timePosition>2024-11-29</gml:timePosition>
</devDate>
<orgGILvl>25000</orgGILvl>
<vis>表示</vis>
<pos>
<gml:Point gml:id="K2_4632011748_1-g" srsName="fguuid:jgd2011.bl">
<gml:pos>32.636607778 128.667859444</gml:pos>
</gml:Point>
</pos>
<type>標高点（測点）</type>
<alti>6</alti>
</ElevPt>
<ElevPt gml:id="K2_4632011751_1">
<fid>46320-11751-i-14</fid>
<lfSpanFr gml:id="K2_4632011751_1-1">
<gml:timePosition>2015-11-17</gml:timePosition>
</lfSpanFr>
<devDate gml:id="K2_4632011751_1-2">
<gml:timePosition>2024-11-29</gml:timePosition>
</devDate>
<orgGILvl>25000</orgGILvl>
<vis>表示</vis>
<pos>
<gml:Point gml:id="K2_4632011751_1-g" srsName="fguuid:jgd2011.bl">
<gml:pos>32.649387500 128.668485278</gml:pos>
</gml:Point>
</pos>
<type>標高点（測点）</type>
<alti>127</alti>
</ElevPt>
<ElevPt gml:id="K2_4632311739_1">
<fid>46323-11739-i-257</fid>
<lfSpanFr gml:id="K2_4632311739_1-1">
<gml:timePosition>2021-02-10</gml:timePosition>
</lfSpanFr>
<devDate gml:id="K2_4632311739_1-2">
<gml:timePosition>2024-11-29</gml:timePosition>
</devDate>
<orgGILvl>25000</orgGILvl>
<vis>表示</vis>
<pos>
<gml:Point gml:id="K2_4632311739_1-g" srsName="fguuid:jgd2011.bl">
<gml:pos>32.612036944 128.681740278</gml:pos>
</gml:Point>
</pos>
<type>標高点（測点）</type>
<alti>54</alti>
</ElevPt>
<ElevPt gml:id="K2_4632311745_1">
<fid>46323-11745-i-90</fid>
<lfSpanFr gml:id="K2_4632311745_1-1">
<gml:timePosition>2015-11-17</gml:timePosition>
</lfSpanFr>
<devDate gml:id="K2_4632311745_1-2">
<gml:timePosition>2024-11-29</gml:timePosition>
</devDate>
<orgGILvl>25000</orgGILvl>
<vis>表示</vis>
<pos>
<gml:Point gml:id="K2_4632311745_1-g" srsName="fguuid:jgd2011.bl">
<gml:pos>32.629361944 128.675972500</gml:pos>
</gml:Point>
</pos>
<type>標高点（測点）</type>
<alti>193</alti>
</ElevPt>
<ElevPt gml:id="K2_4632311748_1">
<fid>46323-11748-i-75</fid>
<lfSpanFr gml:id="K2_4632311748_1-1">
<gml:timePosition>2015-11-17</gml:timePosition>
</lfSpanFr>
<devDate gml:id="K2_4632311748_1-2">
<gml:timePosition>2024-11-29</gml:timePosition>
</devDate>
<orgGILvl>25000</orgGILvl>
<vis>表示</vis>
<pos>
<gml:Point gml:id="K2_4632311748_1-g" srsName="fguuid:jgd2011.bl">
<gml:pos>32.640316389 128.677075556</gml:pos>
</gml:Point>
</pos>
<type>標高点（測点）</type>
<alti>223</alti>
</ElevPt>
<ElevPt gml:id="K2_4632311754_1">
<fid>46323-11754-i-28</fid>
<lfSpanFr gml:id="K2_4632311754_1-1">
<gml:timePosition>2015-11-17</gml:timePosition>
</lfSpanFr>
<devDate gml:id="K2_4632311754_1-2">
<gml:timePosition>2024-11-29</gml:timePosition>
</devDate>
<orgGILvl>25000</orgGILvl>
<vis>表示</vis>
<pos>
<gml:Point gml:id="K2_4632311754_1-g" srsName="fguuid:jgd2011.bl">
<gml:pos>32.654087222 128.677600278</gml:pos>
</gml:Point>
</pos>
<type>標高点（測点）</type>
<alti>170</alti>
</ElevPt>
<ElevPt gml:id="K2_4632311757_1">
<fid>46323-11757-i-12</fid>
<lfSpanFr gml:id="K2_4632311757_1-1">
<gml:timePosition>2015-11-17</gml:timePosition>
</lfSpanFr>
<devDate gml:id="K2_4632311757_1-2">
<gml:timePosition>2024-11-29</gml:timePosition>
</devDate>
<orgGILvl>25000</orgGILvl>
<vis>表示</vis>
<pos>
<gml:Point gml:id="K2_4632311757_1-g" srsName="fguuid:jgd2011.bl">
<gml:pos>32.660357500 128.680993889</gml:pos>
</gml:Point>
</pos>
<type>標高点（測点）</type>
<alti>151</alti>
</ElevPt>
<ElevPt gml:id="K2_4632611739_1">
<fid>46326-11739-i-82</fid>
<lfSpanFr gml:id="K2_4632611739_1-1">
<gml:timePosition>2015-11-17</gml:timePosition>
</lfSpanFr>
<devDate gml:id="K2_4632611739_1-2">
<gml:timePosition>2024-11-29</gml:timePosition>
</devDate>
<orgGILvl>25000</orgGILvl>
<vis>表示</vis>
<pos>
<gml:Point gml:id="K2_4632611739_1-g" srsName="fguuid:jgd2011.bl">
<gml:pos>32.615883056 128.685377778</gml:pos>
</gml:Point>
</pos>
<type>標高点（測点）</type>
<alti>182</alti>
</ElevPt>
<ElevPt gml:id="K2_4632611745_1">
<fid>46326-11745-i-86</fid>
<lfSpanFr gml:id="K2_4632611745_1-1">
<gml:timePosition>2015-11-17</gml:timePosition>
</lfSpanFr>
<devDate gml:id="K2_4632611745_1-2">
<gml:timePosition>2024-11-29</gml:timePosition>
</devDate>
<orgGILvl>25000</orgGILvl>
<vis>表示</vis>
<pos>
<gml:Point gml:id="K2_4632611745_1-g" srsName="fguuid:jgd2011.bl">
<gml:pos>32.627402222 128.685342778</gml:pos>
</gml:Point>
</pos>
<type>標高点（測点）</type>
<alti>151</alti>
</ElevPt>
<ElevPt gml:id="K2_4632611748_1">
<fid>46326-11748-i-129</fid>
<lfSpanFr gml:id="K2_4632611748_1-1">
<gml:timePosition>2021-02-10</gml:timePosition>
</lfSpanFr>
<devDate gml:id="K2_4632611748_1-2">
<gml:timePosition>2024-11-29</gml:timePosition>
</devDate>
<orgGILvl>25000</orgGILvl>
<vis>表示</vis>
<pos>
<gml:Point gml:id="K2_4632611748_1-g" srsName="fguuid:jgd2011.bl">
<gml:pos>32.635043056 128.685957500</gml:pos>
</gml:Point>
</pos>
<type>標高点（測点）</type>
<alti>141</alti>
</ElevPt>
<ElevPt gml:id="K2_4632611751_1">
<fid>46326-11751-i-11</fid>
<lfSpanFr gml:id="K2_4632611751_1-1">
<gml:timePosition>2015-11-17</gml:timePosition>
</lfSpanFr>
<devDate gml:id="K2_4632611751_1-2">
<gml:timePosition>2024-11-29</gml:timePosition>
</devDate>
<orgGILvl>25000</orgGILvl>
<vis>表示</vis>
<pos>
<gml:Point gml:id="K2_4632611751_1-g" srsName="fguuid:jgd2011.bl">
<gml:pos>32.641901389 128.684118611</gml:pos>
</gml:Point>
</pos>
<type>標高点（測点）</type>
<alti>98</alti>
</ElevPt>
<ElevPt gml:id="K2_4632611757_1">
<fid>46326-11757-i-14</fid>
<lfSpanFr gml:id="K2_4632611757_1-1">
<gml:timePosition>2015-11-17</gml:timePosition>
</lfSpanFr>
<devDate gml:id="K2_4632611757_1-2">
<gml:timePosition>2024-11-29</gml:timePosition>
</devDate>
<orgGILvl>25000</orgGILvl>
<vis>表示</vis>
<pos>
<gml:Point gml:id="K2_4632611757_1-g" srsName="fguuid:jgd2011.bl">
<gml:pos>32.658567222 128.686102500</gml:pos>
</gml:Point>
</pos>
<type>標高点（測点）</type>
<alti>176</alti>
</ElevPt>
<ElevPt gml:id="K2_4632911739_1">
<fid>46329-11739-i-206</fid>
<lfSpanFr gml:id="K2_4632911739_1-1">
<gml:timePosition>2021-02-10</gml:timePosition>
</lfSpanFr>
<devDate gml:id="K2_4632911739_1-2">
<gml:timePosition>2024-11-29</gml:timePosition>
</devDate>
<orgGILvl>25000</orgGILvl>
<vis>表示</vis>
<pos>
<gml:Point gml:id="K2_4632911739_1-g" srsName="fguuid:jgd2011.bl">
<gml:pos>32.609102222 128.692581389</gml:pos>
</gml:Point>
</pos>
<type>標高点（測点）</type>
<alti>110</alti>
</ElevPt>
<ElevPt gml:id="K2_4632911742_1">
<fid>46329-11742-i-30</fid>
<lfSpanFr gml:id="K2_4632911742_1-1">
<gml:timePosition>2015-11-17</gml:timePosition>
</lfSpanFr>
<devDate gml:id="K2_4632911742_1-2">
<gml:timePosition>2024-11-29</gml:timePosition>
</devDate>
<orgGILvl>25000</orgGILvl>
<vis>表示</vis>
<pos>
<gml:Point gml:id="K2_4632911742_1-g" srsName="fguuid:jgd2011.bl">
<gml:pos>32.617744722 128.695215000</gml:pos>
</gml:Point>
</pos>
<type>標高点（測点）</type>
<alti>211</alti>
</ElevPt>
<ElevPt gml:id="K2_4632911748_1">
<fid>46329-11748-i-83</fid>
<lfSpanFr gml:id="K2_4632911748_1-1">
<gml:timePosition>2015-11-17</gml:timePosition>
</lfSpanFr>
<devDate gml:id="K2_4632911748_1-2">
<gml:timePosition>2024-11-29</gml:timePosition>
</devDate>
<orgGILvl>25000</orgGILvl>
<vis>表示</vis>
<pos>
<gml:Point gml:id="K2_4632911748_1-g" srsName="fguuid:jgd2011.bl">
<gml:pos>32.638190278 128.694234444</gml:pos>
</gml:Point>
</pos>
<type>標高点（測点）</type>
<alti>205</alti>
</ElevPt>
<ElevPt gml:id="K2_4632911751_1">
<fid>46329-11751-i-26</fid>
<lfSpanFr gml:id="K2_4632911751_1-1">
<gml:timePosition>2015-11-17</gml:timePosition>
</lfSpanFr>
<devDate gml:id="K2_4632911751_1-2">
<gml:timePosition>2024-11-29</gml:timePosition>
</devDate>
<orgGILvl>25000</orgGILvl>
<vis>表示</vis>
<pos>
<gml:Point gml:id="K2_4632911751_1-g" srsName="fguuid:jgd2011.bl">
<gml:pos>32.643850000 128.694347500</gml:pos>
</gml:Point>
</pos>
<type>標高点（測点）</type>
<alti>185</alti>
</ElevPt>
<ElevPt gml:id="K2_4632911754_1">
<fid>46329-11754-i-19</fid>
<lfSpanFr gml:id="K2_4632911754_1-1">
<gml:timePosition>2021-02-10</gml:timePosition>
</lfSpanFr>
<devDate gml:id="K2_4632911754_1-2">
<gml:timePosition>2024-11-29</gml:timePosition>
</devDate>
<orgGILvl>25000</orgGILvl>
<vis>表示</vis>
<pos>
<gml:Point gml:id="K2_4632911754_1-g" srsName="fguuid:jgd2011.bl">
<gml:pos>32.651813611 128.693446667</gml:pos>
</gml:Point>
</pos>
<type>標高点（測点）</type>
<alti>397</alti>
</ElevPt>
<ElevPt gml:id="K2_4632911757_1">
<fid>46329-11757-i-18</fid>
<lfSpanFr gml:id="K2_4632911757_1-1">
<gml:timePosition>2015-11-17</gml:timePosition>
</lfSpanFr>
<devDate gml:id="K2_4632911757_1-2">
<gml:timePosition>2024-11-29</gml:timePosition>
</devDate>
<orgGILvl>25000</orgGILvl>
<vis>表示</vis>
<pos>
<gml:Point gml:id="K2_4632911757_1-g" srsName="fguuid:jgd2011.bl">
<gml:pos>32.660531389 128.692727778</gml:pos>
</gml:Point>
</pos>
<type>標高点（測点）</type>
<alti>178</alti>
</ElevPt>
<ElevPt gml:id="K2_4633211739_1">
<fid>46332-11739-i-49</fid>
<lfSpanFr gml:id="K2_4633211739_1-1">
<gml:timePosition>2015-11-17</gml:timePosition>
</lfSpanFr>
<devDate gml:id="K2_4633211739_1-2">
<gml:timePosition>2024-11-29</gml:timePosition>
</devDate>
<orgGILvl>25000</orgGILvl>
<vis>表示</vis>
<pos>
<gml:Point gml:id="K2_4633211739_1-g" srsName="fguuid:jgd2011.bl">
<gml:pos>32.611606389 128.700880556</gml:pos>
</gml:Point>
</pos>
<type>標高点（測点）</type>
<alti>213</alti>
</ElevPt>
<ElevPt gml:id="K2_4633211745_1">
<fid>46332-11745-i-14</fid>
<lfSpanFr gml:id="K2_4633211745_1-1">
<gml:timePosition>2015-11-17</gml:timePosition>
</lfSpanFr>
<devDate gml:id="K2_4633211745_1-2">
<gml:timePosition>2024-11-29</gml:timePosition>
</devDate>
<orgGILvl>25000</orgGILvl>
<vis>表示</vis>
<pos>
<gml:Point gml:id="K2_4633211745_1-g" srsName="fguuid:jgd2011.bl">
<gml:pos>32.631048056 128.702125000</gml:pos>
</gml:Point>
</pos>
<type>標高点（測点）</type>
<alti>318</alti>
</ElevPt>
<ElevPt gml:id="K2_4633211748_1">
<fid>46332-11748-i-54</fid>
<lfSpanFr gml:id="K2_4633211748_1-1">
<gml:timePosition>2015-11-17</gml:timePosition>
</lfSpanFr>
<devDate gml:id="K2_4633211748_1-2">
<gml:timePosition>2024-11-29</gml:timePosition>
</devDate>
<orgGILvl>25000</orgGILvl>
<vis>表示</vis>
<pos>
<gml:Point gml:id="K2_4633211748_1-g" srsName="fguuid:jgd2011.bl">
<gml:pos>32.636858611 128.708324444</gml:pos>
</gml:Point>
</pos>
<type>標高点（測点）</type>
<alti>238</alti>
</ElevPt>
<ElevPt gml:id="K2_4633211754_1">
<fid>46332-11754-i-51</fid>
<lfSpanFr gml:id="K2_4633211754_1-1">
<gml:timePosition>2015-11-17</gml:timePosition>
</lfSpanFr>
<devDate gml:id="K2_4633211754_1-2">
<gml:timePosition>2024-11-29</gml:timePosition>
</devDate>
<orgGILvl>25000</orgGILvl>
<vis>表示</vis>
<pos>
<gml:Point gml:id="K2_4633211754_1-g" srsName="fguuid:jgd2011.bl">
<gml:pos>32.655557222 128.708058611</gml:pos>
</gml:Point>
</pos>
<type>標高点（測点）</type>
<alti>176</alti>
</ElevPt>
<ElevPt gml:id="K2_4633211754_2">
<fid>46332-11754-i-52</fid>
<lfSpanFr gml:id="K2_4633211754_2-1">
<gml:timePosition>2015-11-17</gml:timePosition>
</lfSpanFr>
<devDate gml:id="K2_4633211754_2-2">
<gml:timePosition>2024-11-29</gml:timePosition>
</devDate>
<orgGILvl>25000</orgGILvl>
<vis>表示</vis>
<pos>
<gml:Point gml:id="K2_4633211754_2-g" srsName="fguuid:jgd2011.bl">
<gml:pos>32.655253333 128.700791944</gml:pos>
</gml:Point>
</pos>
<type>標高点（測点）</type>
<alti>267</alti>
</ElevPt>
<ElevPt gml:id="K2_4633211757_1">
<fid>46332-11757-i-20</fid>
<lfSpanFr gml:id="K2_4633211757_1-1">
<gml:timePosition>2015-11-17</gml:timePosition>
</lfSpanFr>
<devDate gml:id="K2_4633211757_1-2">
<gml:timePosition>2024-11-29</gml:timePosition>
</devDate>
<orgGILvl>25000</orgGILvl>
<vis>表示</vis>
<pos>
<gml:Point gml:id="K2_4633211757_1-g" srsName="fguuid:jgd2011.bl">
<gml:pos>32.662530278 128.706164444</gml:pos>
</gml:Point>
</pos>
<type>標高点（測点）</type>
<alti>63</alti>
</ElevPt>
<ElevPt gml:id="K2_4633511742_1">
<fid>46335-11742-i-27</fid>
<lfSpanFr gml:id="K2_4633511742_1-1">
<gml:timePosition>2015-11-17</gml:timePosition>
</lfSpanFr>
<devDate gml:id="K2_4633511742_1-2">
<gml:timePosition>2024-11-29</gml:timePosition>
</devDate>
<orgGILvl>25000</orgGILvl>
<vis>表示</vis>
<pos>
<gml:Point gml:id="K2_4633511742_1-g" srsName="fguuid:jgd2011.bl">
<gml:pos>32.616761667 128.711169167</gml:pos>
</gml:Point>
</pos>
<type>標高点（測点）</type>
<alti>322</alti>
</ElevPt>
<ElevPt gml:id="K2_4633511745_1">
<fid>46335-11745-i-24</fid>
<lfSpanFr gml:id="K2_4633511745_1-1">
<gml:timePosition>2015-11-17</gml:timePosition>
</lfSpanFr>
<devDate gml:id="K2_4633511745_1-2">
<gml:timePosition>2024-11-29</gml:timePosition>
</devDate>
<orgGILvl>25000</orgGILvl>
<vis>表示</vis>
<pos>
<gml:Point gml:id="K2_4633511745_1-g" srsName="fguuid:jgd2011.bl">
<gml:pos>32.631811944 128.709757778</gml:pos>
</gml:Point>
</pos>
<type>標高点（測点）</type>
<alti>340</alti>
</ElevPt>
<ElevPt gml:id="K2_4633811742_1">
<fid>46338-11742-i-18</fid>
<lfSpanFr gml:id="K2_4633811742_1-1">
<gml:timePosition>2015-11-17</gml:timePosition>
</lfSpanFr>
<devDate gml:id="K2_4633811742_1-2">
<gml:timePosition>2024-11-29</gml:timePosition>
</devDate>
<orgGILvl>25000</orgGILvl>
<vis>表示</vis>
<pos>
<gml:Point gml:id="K2_4633811742_1-g" srsName="fguuid:jgd2011.bl">
<gml:pos>32.621286389 128.722598611</gml:pos>
</gml:Point>
</pos>
<type>標高点（測点）</type>
<alti>297</alti>
</ElevPt>
<ElevPt gml:id="K2_4633811748_1">
<fid>46338-11748-i-83</fid>
<lfSpanFr gml:id="K2_4633811748_1-1">
<gml:timePosition>2021-02-10</gml:timePosition>
</lfSpanFr>
<devDate gml:id="K2_4633811748_1-2">
<gml:timePosition>2024-11-29</gml:timePosition>
</devDate>
<orgGILvl>25000</orgGILvl>
<vis>表示</vis>
<pos>
<gml:Point gml:id="K2_4633811748_1-g" srsName="fguuid:jgd2011.bl">
<gml:pos>32.637309167 128.716911389</gml:pos>
</gml:Point>
</pos>
<type>標高点（測点）</type>
<alti>303</alti>
</ElevPt>
<ElevPt gml:id="K2_4633811748_2">
<fid>46338-11748-i-84</fid>
<lfSpanFr gml:id="K2_4633811748_2-1">
<gml:timePosition>2021-02-10</gml:timePosition>
</lfSpanFr>
<devDate gml:id="K2_4633811748_2-2">
<gml:timePosition>2024-11-29</gml:timePosition>
</devDate>
<orgGILvl>25000</orgGILvl>
<vis>表示</vis>
<pos>
<gml:Point gml:id="K2_4633811748_2-g" srsName="fguuid:jgd2011.bl">
<gml:pos>32.639883333 128.724229722</gml:pos>
</gml:Point>
</pos>
<type>標高点（測点）</type>
<alti>126</alti>
</ElevPt>
<ElevPt gml:id="K2_4633811751_1">
<fid>46338-11751-i-103</fid>
<lfSpanFr gml:id="K2_4633811751_1-1">
<gml:timePosition>2017-02-08</gml:timePosition>
</lfSpanFr>
<devDate gml:id="K2_4633811751_1-2">
<gml:timePosition>2024-11-29</gml:timePosition>
</devDate>
<orgGILvl>25000</orgGILvl>
<pos>
<gml:Point gml:id="K2_4633811751_1-g" srsName="fguuid:jgd2011.bl">
<gml:pos>32.645275556 128.717799444</gml:pos>
</gml:Point>
</pos>
<type>標高点（測点）</type>
<alti>106</alti>
</ElevPt>
<ElevPt gml:id="K2_4633811757_1">
<fid>46338-11757-i-57</fid>
<lfSpanFr gml:id="K2_4633811757_1-1">
<gml:timePosition>2015-11-17</gml:timePosition>
</lfSpanFr>
<devDate gml:id="K2_4633811757_1-2">
<gml:timePosition>2024-11-29</gml:timePosition>
</devDate>
<orgGILvl>25000</orgGILvl>
<vis>表示</vis>
<pos>
<gml:Point gml:id="K2_4633811757_1-g" srsName="fguuid:jgd2011.bl">
<gml:pos>32.660064444 128.717120278</gml:pos>
</gml:Point>
</pos>
<type>標高点（測点）</type>
<alti>154</alti>
</ElevPt>
<ElevPt gml:id="K2_4634111739_1">
<fid>46341-11739-i-113</fid>
<lfSpanFr gml:id="K2_4634111739_1-1">
<gml:timePosition>2021-02-10</gml:timePosition>
</lfSpanFr>
<devDate gml:id="K2_4634111739_1-2">
<gml:timePosition>2024-11-29</gml:timePosition>
</devDate>
<orgGILvl>25000</orgGILvl>
<vis>表示</vis>
<pos>
<gml:Point gml:id="K2_4634111739_1-g" srsName="fguuid:jgd2011.bl">
<gml:pos>32.615405000 128.729169167</gml:pos>
</gml:Point>
</pos>
<type>標高点（測点）</type>
<alti>140</alti>
</ElevPt>
<ElevPt gml:id="K2_4634111745_1">
<fid>46341-11745-i-32</fid>
<lfSpanFr gml:id="K2_4634111745_1-1">
<gml:timePosition>2015-11-17</gml:timePosition>
</lfSpanFr>
<devDate gml:id="K2_4634111745_1-2">
<gml:timePosition>2024-11-29</gml:timePosition>
</devDate>
<orgGILvl>25000</orgGILvl>
<vis>表示</vis>
<pos>
<gml:Point gml:id="K2_4634111745_1-g" srsName="fguuid:jgd2011.bl">
<gml:pos>32.628896667 128.725281389</gml:pos>
</gml:Point>
</pos>
<type>標高点（測点）</type>
<alti>302</alti>
</ElevPt>
<ElevPt gml:id="K2_4634111754_1">
<fid>46341-11754-i-5</fid>
<lfSpanFr gml:id="K2_4634111754_1-1">
<gml:timePosition>2015-11-17</gml:timePosition>
</lfSpanFr>
<devDate gml:id="K2_4634111754_1-2">
<gml:timePosition>2024-11-29</gml:timePosition>
</devDate>
<orgGILvl>25000</orgGILvl>
<vis>表示</vis>
<pos>
<gml:Point gml:id="K2_4634111754_1-g" srsName="fguuid:jgd2011.bl">
<gml:pos>32.654586944 128.729418889</gml:pos>
</gml:Point>
</pos>
<type>標高点（測点）</type>
<alti>282</alti>
</ElevPt>
<ElevPt gml:id="K2_4634111757_1">
<fid>46341-11757-i-186</fid>
<lfSpanFr gml:id="K2_4634111757_1-1">
<gml:timePosition>2021-02-10</gml:timePosition>
</lfSpanFr>
<devDate gml:id="K2_4634111757_1-2">
<gml:timePosition>2024-11-29</gml:timePosition>
</devDate>
<orgGILvl>25000</orgGILvl>
<vis>表示</vis>
<pos>
<gml:Point gml:id="K2_4634111757_1-g" srsName="fguuid:jgd2011.bl">
<gml:pos>32.663247500 128.729871389</gml:pos>
</gml:Point>
</pos>
<type>標高点（測点）</type>
<alti>104</alti>
</ElevPt>
<ElevPt gml:id="K2_4634411736_1">
<fid>46344-11736-i-126</fid>
<lfSpanFr gml:id="K2_4634411736_1-1">
<gml:timePosition>2021-02-10</gml:timePosition>
</lfSpanFr>
<devDate gml:id="K2_4634411736_1-2">
<gml:timePosition>2024-11-29</gml:timePosition>
</devDate>
<orgGILvl>25000</orgGILvl>
<vis>表示</vis>
<pos>
<gml:Point gml:id="K2_4634411736_1-g" srsName="fguuid:jgd2011.bl">
<gml:pos>32.605477222 128.740410000</gml:pos>
</gml:Point>
</pos>
<type>標高点（測点）</type>
<alti>25</alti>
</ElevPt>
<ElevPt gml:id="K2_4634411748_1">
<fid>46344-11748-i-20</fid>
<lfSpanFr gml:id="K2_4634411748_1-1">
<gml:timePosition>2021-02-10</gml:timePosition>
</lfSpanFr>
<devDate gml:id="K2_4634411748_1-2">
<gml:timePosition>2024-11-29</gml:timePosition>
</devDate>
<orgGILvl>25000</orgGILvl>
<vis>表示</vis>
<pos>
<gml:Point gml:id="K2_4634411748_1-g" srsName="fguuid:jgd2011.bl">
<gml:pos>32.638362778 128.733517222</gml:pos>
</gml:Point>
</pos>
<type>標高点（測点）</type>
<alti>354</alti>
</ElevPt>
<ElevPt gml:id="K2_4634411751_1">
<fid>46344-11751-i-24</fid>
<lfSpanFr gml:id="K2_4634411751_1-1">
<gml:timePosition>2015-11-17</gml:timePosition>
</lfSpanFr>
<devDate gml:id="K2_4634411751_1-2">
<gml:timePosition>2024-11-29</gml:timePosition>
</devDate>
<orgGILvl>25000</orgGILvl>
<vis>表示</vis>
<pos>
<gml:Point gml:id="K2_4634411751_1-g" srsName="fguuid:jgd2011.bl">
<gml:pos>32.645720000 128.738501111</gml:pos>
</gml:Point>
</pos>
<type>標高点（測点）</type>
<alti>247</alti>
</ElevPt>
<ElevPt gml:id="K2_4634411754_1">
<fid>46344-11754-i-57</fid>
<lfSpanFr gml:id="K2_4634411754_1-1">
<gml:timePosition>2015-11-17</gml:timePosition>
</lfSpanFr>
<devDate gml:id="K2_4634411754_1-2">
<gml:timePosition>2024-11-29</gml:timePosition>
</devDate>
<orgGILvl>25000</orgGILvl>
<vis>表示</vis>
<pos>
<gml:Point gml:id="K2_4634411754_1-g" srsName="fguuid:jgd2011.bl">
<gml:pos>32.652751389 128.736874722</gml:pos>
</gml:Point>
</pos>
<type>標高点（測点）</type>
<alti>142</alti>
</ElevPt>
<ElevPt gml:id="K2_4634711733_1">
<fid>46347-11733-i-208</fid>
<lfSpanFr gml:id="K2_4634711733_1-1">
<gml:timePosition>2021-02-10</gml:timePosition>
</lfSpanFr>
<devDate gml:id="K2_4634711733_1-2">
<gml:timePosition>2024-11-29</gml:timePosition>
</devDate>
<orgGILvl>25000</orgGILvl>
<vis>表示</vis>
<pos>
<gml:Point gml:id="K2_4634711733_1-g" srsName="fguuid:jgd2011.bl">
<gml:pos>32.597041111 128.745625556</gml:pos>
</gml:Point>
</pos>
<type>標高点（測点）</type>
<alti>51</alti>
</ElevPt>
<ElevPt gml:id="K2_4634711736_1">
<fid>46347-11736-i-487</fid>
<lfSpanFr gml:id="K2_4634711736_1-1">
<gml:timePosition>2021-02-10</gml:timePosition>
</lfSpanFr>
<devDate gml:id="K2_4634711736_1-2">
<gml:timePosition>2024-11-29</gml:timePosition>
</devDate>
<orgGILvl>25000</orgGILvl>
<vis>表示</vis>
<pos>
<gml:Point gml:id="K2_4634711736_1-g" srsName="fguuid:jgd2011.bl">
<gml:pos>32.602849722 128.742580833</gml:pos>
</gml:Point>
</pos>
<type>標高点（測点）</type>
<alti>45</alti>
</ElevPt>
<ElevPt gml:id="K2_4634711739_1">
<fid>46347-11739-i-55</fid>
<lfSpanFr gml:id="K2_4634711739_1-1">
<gml:timePosition>2015-11-17</gml:timePosition>
</lfSpanFr>
<devDate gml:id="K2_4634711739_1-2">
<gml:timePosition>2024-11-29</gml:timePosition>
</devDate>
<orgGILvl>25000</orgGILvl>
<vis>表示</vis>
<pos>
<gml:Point gml:id="K2_4634711739_1-g" srsName="fguuid:jgd2011.bl">
<gml:pos>32.610191667 128.745047500</gml:pos>
</gml:Point>
</pos>
<type>標高点（測点）</type>
<alti>12</alti>
</ElevPt>
<ElevPt gml:id="K2_4634711742_1">
<fid>46347-11742-i-25</fid>
<lfSpanFr gml:id="K2_4634711742_1-1">
<gml:timePosition>2015-11-17</gml:timePosition>
</lfSpanFr>
<devDate gml:id="K2_4634711742_1-2">
<gml:timePosition>2024-11-29</gml:timePosition>
</devDate>
<orgGILvl>25000</orgGILvl>
<vis>表示</vis>
<pos>
<gml:Point gml:id="K2_4634711742_1-g" srsName="fguuid:jgd2011.bl">
<gml:pos>32.624351667 128.745560000</gml:pos>
</gml:Point>
</pos>
<type>標高点（測点）</type>
<alti>49</alti>
</ElevPt>
<ElevPt gml:id="K2_4634711751_1">
<fid>46347-11751-i-24</fid>
<lfSpanFr gml:id="K2_4634711751_1-1">
<gml:timePosition>2015-11-17</gml:timePosition>
</lfSpanFr>
<devDate gml:id="K2_4634711751_1-2">
<gml:timePosition>2024-11-29</gml:timePosition>
</devDate>
<orgGILvl>25000</orgGILvl>
<vis>表示</vis>
<pos>
<gml:Point gml:id="K2_4634711751_1-g" srsName="fguuid:jgd2011.bl">
<gml:pos>32.649382222 128.746999444</gml:pos>
</gml:Point>
</pos>
<type>標高点（測点）</type>
<alti>214</alti>
</ElevPt>
<ElevPt gml:id="K2_4634711754_1">
<fid>46347-11754-i-76</fid>
<lfSpanFr gml:id="K2_4634711754_1-1">
<gml:timePosition>2021-02-10</gml:timePosition>
</lfSpanFr>
<devDate gml:id="K2_4634711754_1-2">
<gml:timePosition>2024-11-29</gml:timePosition>
</devDate>
<orgGILvl>25000</orgGILvl>
<vis>表示</vis>
<pos>
<gml:Point gml:id="K2_4634711754_1-g" srsName="fguuid:jgd2011.bl">
<gml:pos>32.656593333 128.746265833</gml:pos>
</gml:Point>
</pos>
<type>標高点（測点）</type>
<alti>146</alti>
</ElevPt>
<ElevPt gml:id="K2_4634711757_1">
<fid>46347-11757-i-22</fid>
<lfSpanFr gml:id="K2_4634711757_1-1">
<gml:timePosition>2015-11-17</gml:timePosition>
</lfSpanFr>
<devDate gml:id="K2_4634711757_1-2">
<gml:timePosition>2024-11-29</gml:timePosition>
</devDate>
<orgGILvl>25000</orgGILvl>
<vis>表示</vis>
<pos>
<gml:Point gml:id="K2_4634711757_1-g" srsName="fguuid:jgd2011.bl">
<gml:pos>32.666575000 128.746276667</gml:pos>
</gml:Point>
</pos>
<type>標高点（測点）</type>
<alti>192</alti>
</ElevPt>
</Dataset>
