<?xml version="1.0" encoding="utf-8"?>
<Dataset xsi:schemaLocation="http://fgd.gsi.go.jp/spec/2008/FGD_GMLSchema FGD_GMLSchema.xsd"
	xmlns:gml="http://www.opengis.net/gml/3.2"
	xmlns:xsi="http://www.w3.org/2001/XMLSchema-instance"
	xmlns:xlink="http://www.w3.org/1999/xlink"
	xmlns="http://fgd.gsi.go.jp/spec/2008/FGD_GMLSchema"
	gml:id="Dataset1">
  <gml:description>基盤地図情報メタデータ ID=fmdid:25-0101</gml:description>
  <gml:name>基盤地図情報ダウンロードデータ（GML版）</gml:name>
<AdmPt gml:id="K6_4630511742_1">
<fid>46305-11742-i-90</fid>
<lfSpanFr gml:id="K6_4630511742_1-1">
<gml:timePosition>2021-02-10</gml:timePosition>
</lfSpanFr>
<devDate gml:id="K6_4630511742_1-2">
<gml:timePosition>2024-11-29</gml:timePosition>
</devDate>
<orgGILvl>25000</orgGILvl>
<vis>非表示</vis>
<pos>
<gml:Point gml:id="K6_4630511742_1-g" srsName="fguuid:jgd2011.bl">
<gml:pos>32.621829427 128.626874916</gml:pos>
</gml:Point>
</pos>
<type>郡市・東京都の区</type>
<name>五島市</name>
<admCode>42211</admCode>
</AdmPt>
<AdmPt gml:id="K6_4630511745_1">
<fid>46305-11745-i-17</fid>
<lfSpanFr gml:id="K6_4630511745_1-1">
<gml:timePosition>2021-02-10</gml:timePosition>
</lfSpanFr>
<devDate gml:id="K6_4630511745_1-2">
<gml:timePosition>2024-11-29</gml:timePosition>
</devDate>
<orgGILvl>25000</orgGILvl>
<vis>非表示</vis>
<pos>
<gml:Point gml:id="K6_4630511745_1-g" srsName="fguuid:jgd2011.bl">
<gml:pos>32.626828986 128.625826263</gml:pos>
</gml:Point>
</pos>
<type>郡市・東京都の区</type>
<name>五島市</name>
<admCode>42211</admCode>
</AdmPt>
<AdmPt gml:id="K6_4630511754_1">
<fid>46305-11754-i-16</fid>
<lfSpanFr gml:id="K6_4630511754_1-1">
<gml:timePosition>2021-02-10</gml:timePosition>
</lfSpanFr>
<devDate gml:id="K6_4630511754_1-2">
<gml:timePosition>2024-11-29</gml:timePosition>
</devDate>
<orgGILvl>25000</orgGILvl>
<vis>非表示</vis>
<pos>
<gml:Point gml:id="K6_4630511754_1-g" srsName="fguuid:jgd2011.bl">
<gml:pos>32.651846462 128.629768907</gml:pos>
</gml:Point>
</pos>
<type>郡市・東京都の区</type>
<name>五島市</name>
<admCode>42211</admCode>
</AdmPt>
<AdmPt gml:id="K6_4633211745_1">
<fid>46332-11745-i-15</fid>
<lfSpanFr gml:id="K6_4633211745_1-1">
<gml:timePosition>2015-11-17</gml:timePosition>
</lfSpanFr>
<devDate gml:id="K6_4633211745_1-2">
<gml:timePosition>2024-11-29</gml:timePosition>
</devDate>
<orgGILvl>25000</orgGILvl>
<vis>非表示</vis>
<pos>
<gml:Point gml:id="K6_4633211745_1-g" srsName="fguuid:jgd2011.bl">
<gml:pos>32.627913477 128.708240969</gml:pos>
</gml:Point>
</pos>
<type>郡市・東京都の区</type>
<name>五島市</name>
<admCode>42211</admCode>
</AdmPt>
<AdmPt gml:id="K6_4634711730_1">
<fid>46347-11730-i-9</fid>
<lfSpanFr gml:id="K6_4634711730_1-1">
<gml:timePosition>2015-11-17</gml:timePosition>
</lfSpanFr>
<devDate gml:id="K6_4634711730_1-2">
<gml:timePosition>2024-11-29</gml:timePosition>
</devDate>
<orgGILvl>25000</orgGILvl>
<vis>非表示</vis>
<pos>
<gml:Point gml:id="K6_4634711730_1-g" srsName="fguuid:jgd2011.bl">
<gml:pos>32.589437702 128.749239129</gml:pos>
</gml:Point>
</pos>
<type>郡市・東京都の区</type>
<name>五島市</name>
<admCode>42211</admCode>
</AdmPt>
<AdmPt gml:id="K6_4634711730_2">
<fid>46347-11730-i-10</fid>
<lfSpanFr gml:id="K6_4634711730_2-1">
<gml:timePosition>2015-11-17</gml:timePosition>
</lfSpanFr>
<devDate gml:id="K6_4634711730_2-2">
<gml:timePosition>2024-11-29</gml:timePosition>
</devDate>
<orgGILvl>25000</orgGILvl>
<vis>非表示</vis>
<pos>
<gml:Point gml:id="K6_4634711730_2-g" srsName="fguuid:jgd2011.bl">
<gml:pos>32.588100708 128.749044448</gml:pos>
</gml:Point>
</pos>
<type>郡市・東京都の区</type>
<name>五島市</name>
<admCode>42211</admCode>
</AdmPt>
</Dataset>
