<?xml version="1.0" encoding="utf-8"?>
<Dataset xsi:schemaLocation="http://fgd.gsi.go.jp/spec/2008/FGD_GMLSchema FGD_GMLSchema.xsd"
	xmlns:gml="http://www.opengis.net/gml/3.2"
	xmlns:xsi="http://www.w3.org/2001/XMLSchema-instance"
	xmlns:xlink="http://www.w3.org/1999/xlink"
	xmlns="http://fgd.gsi.go.jp/spec/2008/FGD_GMLSchema"
	gml:id="Dataset1">
  <gml:description>基盤地図情報メタデータ ID=fmdid:24-0701</gml:description>
  <gml:name>基盤地図情報ダウンロードデータ（GML版）</gml:name>
<ElevPt gml:id="K2_4675511754_1">
<fid>46755-11754-i-893</fid>
<lfSpanFr gml:id="K2_4675511754_1-1">
<gml:timePosition>2023-02-21</gml:timePosition>
</lfSpanFr>
<devDate gml:id="K2_4675511754_1-2">
<gml:timePosition>2024-06-07</gml:timePosition>
</devDate>
<orgGILvl>25000</orgGILvl>
<vis>表示</vis>
<pos>
<gml:Point gml:id="K2_4675511754_1-g" srsName="fguuid:jgd2011.bl">
<gml:pos>32.654836667 129.881083056</gml:pos>
</gml:Point>
</pos>
<type>標高点（測点）</type>
<alti>113</alti>
</ElevPt>
<ElevPt gml:id="K2_4675511757_1">
<fid>46755-11757-i-510</fid>
<lfSpanFr gml:id="K2_4675511757_1-1">
<gml:timePosition>2023-02-21</gml:timePosition>
</lfSpanFr>
<devDate gml:id="K2_4675511757_1-2">
<gml:timePosition>2024-06-07</gml:timePosition>
</devDate>
<orgGILvl>25000</orgGILvl>
<vis>表示</vis>
<pos>
<gml:Point gml:id="K2_4675511757_1-g" srsName="fguuid:jgd2011.bl">
<gml:pos>32.658909444 129.882450833</gml:pos>
</gml:Point>
</pos>
<type>標高点（測点）</type>
<alti>144</alti>
</ElevPt>
<ElevPt gml:id="K2_4675511757_2">
<fid>46755-11757-i-511</fid>
<lfSpanFr gml:id="K2_4675511757_2-1">
<gml:timePosition>2023-02-21</gml:timePosition>
</lfSpanFr>
<devDate gml:id="K2_4675511757_2-2">
<gml:timePosition>2024-06-07</gml:timePosition>
</devDate>
<orgGILvl>25000</orgGILvl>
<vis>表示</vis>
<pos>
<gml:Point gml:id="K2_4675511757_2-g" srsName="fguuid:jgd2011.bl">
<gml:pos>32.665135000 129.878576667</gml:pos>
</gml:Point>
</pos>
<type>標高点（測点）</type>
<alti>314</alti>
</ElevPt>
<ElevPt gml:id="K2_4675811757_1">
<fid>46758-11757-i-989</fid>
<lfSpanFr gml:id="K2_4675811757_1-1">
<gml:timePosition>2023-02-21</gml:timePosition>
</lfSpanFr>
<devDate gml:id="K2_4675811757_1-2">
<gml:timePosition>2024-06-07</gml:timePosition>
</devDate>
<orgGILvl>25000</orgGILvl>
<vis>表示</vis>
<pos>
<gml:Point gml:id="K2_4675811757_1-g" srsName="fguuid:jgd2011.bl">
<gml:pos>32.663106389 129.884213611</gml:pos>
</gml:Point>
</pos>
<type>標高点（測点）</type>
<alti>203</alti>
</ElevPt>
<ElevPt gml:id="K2_4676111757_1">
<fid>46761-11757-i-470</fid>
<lfSpanFr gml:id="K2_4676111757_1-1">
<gml:timePosition>2023-02-21</gml:timePosition>
</lfSpanFr>
<devDate gml:id="K2_4676111757_1-2">
<gml:timePosition>2024-06-07</gml:timePosition>
</devDate>
<orgGILvl>25000</orgGILvl>
<vis>表示</vis>
<pos>
<gml:Point gml:id="K2_4676111757_1-g" srsName="fguuid:jgd2011.bl">
<gml:pos>32.662345000 129.892365833</gml:pos>
</gml:Point>
</pos>
<type>標高点（測点）</type>
<alti>88</alti>
</ElevPt>
</Dataset>
