<?xml version="1.0" encoding="utf-8"?>
<Dataset xsi:schemaLocation="http://fgd.gsi.go.jp/spec/2008/FGD_GMLSchema FGD_GMLSchema.xsd"
	xmlns:gml="http://www.opengis.net/gml/3.2"
	xmlns:xsi="http://www.w3.org/2001/XMLSchema-instance"
	xmlns:xlink="http://www.w3.org/1999/xlink"
	xmlns="http://fgd.gsi.go.jp/spec/2008/FGD_GMLSchema"
	gml:id="Dataset1">
  <gml:description>基盤地図情報メタデータ ID=fmdid:24-0701</gml:description>
  <gml:name>基盤地図情報ダウンロードデータ（GML版）</gml:name>
<WStrL gml:id="K27_4675511754_1">
<fid>46755-11754-s-5091</fid>
<lfSpanFr gml:id="K27_4675511754_1-1">
<gml:timePosition>2023-02-21</gml:timePosition>
</lfSpanFr>
<devDate gml:id="K27_4675511754_1-2">
<gml:timePosition>2024-06-07</gml:timePosition>
</devDate>
<orgGILvl>2500</orgGILvl>
<vis>表示</vis>
<loc>
<gml:Curve gml:id="K27_4675511754_1-g" srsName="fguuid:jgd2011.bl">
<gml:segments>
<gml:LineStringSegment>
<gml:posList>
32.652746952 129.877424291
32.652965123 129.877985922
32.652967860 129.878005229
32.652963935 129.878021096
32.652832103 129.878076825
32.652822912 129.878074228
32.652587554 129.877500373
32.652585426 129.877488212
32.652591412 129.877476724
32.652697777 129.877402978
32.652715640 129.877400494
32.652725906 129.877405654
32.652746952 129.877424291
</gml:posList>
</gml:LineStringSegment>
</gml:segments>
</gml:Curve>
</loc>
<type>透過水制</type>
</WStrL>
<WStrL gml:id="K27_4675511754_2">
<fid>46755-11754-s-5092</fid>
<lfSpanFr gml:id="K27_4675511754_2-1">
<gml:timePosition>2023-02-21</gml:timePosition>
</lfSpanFr>
<devDate gml:id="K27_4675511754_2-2">
<gml:timePosition>2024-06-07</gml:timePosition>
</devDate>
<orgGILvl>2500</orgGILvl>
<vis>表示</vis>
<loc>
<gml:Curve gml:id="K27_4675511754_2-g" srsName="fguuid:jgd2011.bl">
<gml:segments>
<gml:LineStringSegment>
<gml:posList>
32.653044993 129.878295185
32.653062383 129.878300162
32.653072363 129.878310224
32.653088045 129.878343230
32.653252205 129.878781514
32.653283552 129.878853282
32.653281431 129.878868837
32.653275642 129.878874462
32.653157982 129.878925667
32.653138062 129.878922385
32.653119607 129.878911754
32.653102894 129.878891749
32.652939471 129.878418290
32.652930124 129.878377849
32.652929363 129.878361216
32.652931733 129.878352805
32.653044993 129.878295185
</gml:posList>
</gml:LineStringSegment>
</gml:segments>
</gml:Curve>
</loc>
<type>透過水制</type>
</WStrL>
<WStrL gml:id="K27_4675511754_3">
<fid>46755-11754-s-5380</fid>
<lfSpanFr gml:id="K27_4675511754_3-1">
<gml:timePosition>2023-02-21</gml:timePosition>
</lfSpanFr>
<devDate gml:id="K27_4675511754_3-2">
<gml:timePosition>2024-06-07</gml:timePosition>
</devDate>
<orgGILvl>2500</orgGILvl>
<vis>表示</vis>
<loc>
<gml:Curve gml:id="K27_4675511754_3-g" srsName="fguuid:jgd2011.bl">
<gml:segments>
<gml:LineStringSegment>
<gml:posList>
32.656215338 129.877066316
32.656273735 129.877244909
</gml:posList>
</gml:LineStringSegment>
</gml:segments>
</gml:Curve>
</loc>
<type>せき</type>
</WStrL>
<WStrL gml:id="K27_4675511754_4">
<fid>46755-11754-s-5381</fid>
<lfSpanFr gml:id="K27_4675511754_4-1">
<gml:timePosition>2023-02-21</gml:timePosition>
</lfSpanFr>
<devDate gml:id="K27_4675511754_4-2">
<gml:timePosition>2024-06-07</gml:timePosition>
</devDate>
<orgGILvl>2500</orgGILvl>
<vis>表示</vis>
<loc>
<gml:Curve gml:id="K27_4675511754_4-g" srsName="fguuid:jgd2011.bl">
<gml:segments>
<gml:LineStringSegment>
<gml:posList>
32.656212551 129.877069620
32.656270223 129.877246003
</gml:posList>
</gml:LineStringSegment>
</gml:segments>
</gml:Curve>
</loc>
<type>せき</type>
</WStrL>
<WStrL gml:id="K27_4675511754_5">
<fid>46755-11754-s-5382</fid>
<lfSpanFr gml:id="K27_4675511754_5-1">
<gml:timePosition>2023-02-21</gml:timePosition>
</lfSpanFr>
<devDate gml:id="K27_4675511754_5-2">
<gml:timePosition>2024-06-07</gml:timePosition>
</devDate>
<orgGILvl>2500</orgGILvl>
<vis>表示</vis>
<loc>
<gml:Curve gml:id="K27_4675511754_5-g" srsName="fguuid:jgd2011.bl">
<gml:segments>
<gml:LineStringSegment>
<gml:posList>
32.656298727 129.877039866
32.656303084 129.877054393
32.656305494 129.877062612
32.656314423 129.877092498
32.656320315 129.877112245
32.656328708 129.877140317
32.656333439 129.877156327
32.656341743 129.877183866
32.656343538 129.877189950
32.656345582 129.877196888
32.656352189 129.877218876
</gml:posList>
</gml:LineStringSegment>
</gml:segments>
</gml:Curve>
</loc>
<type>せき</type>
</WStrL>
<WStrL gml:id="K27_4675511754_6">
<fid>46755-11754-s-5383</fid>
<lfSpanFr gml:id="K27_4675511754_6-1">
<gml:timePosition>2023-02-21</gml:timePosition>
</lfSpanFr>
<devDate gml:id="K27_4675511754_6-2">
<gml:timePosition>2024-06-07</gml:timePosition>
</devDate>
<orgGILvl>2500</orgGILvl>
<vis>表示</vis>
<loc>
<gml:Curve gml:id="K27_4675511754_6-g" srsName="fguuid:jgd2011.bl">
<gml:segments>
<gml:LineStringSegment>
<gml:posList>
32.656345591 129.877223859
32.656336414 129.877192820
32.656292080 129.877042951
</gml:posList>
</gml:LineStringSegment>
</gml:segments>
</gml:Curve>
</loc>
<type>せき</type>
</WStrL>
<WStrL gml:id="K27_4675511754_7">
<fid>46755-11754-s-5384</fid>
<lfSpanFr gml:id="K27_4675511754_7-1">
<gml:timePosition>2023-02-21</gml:timePosition>
</lfSpanFr>
<devDate gml:id="K27_4675511754_7-2">
<gml:timePosition>2024-06-07</gml:timePosition>
</devDate>
<orgGILvl>2500</orgGILvl>
<vis>表示</vis>
<loc>
<gml:Curve gml:id="K27_4675511754_7-g" srsName="fguuid:jgd2011.bl">
<gml:segments>
<gml:LineStringSegment>
<gml:posList>
32.656898620 129.876787163
32.656932536 129.876877833
</gml:posList>
</gml:LineStringSegment>
</gml:segments>
</gml:Curve>
</loc>
<type>せき</type>
</WStrL>
<WStrL gml:id="K27_4675511754_8">
<fid>46755-11754-s-5385</fid>
<lfSpanFr gml:id="K27_4675511754_8-1">
<gml:timePosition>2023-02-21</gml:timePosition>
</lfSpanFr>
<devDate gml:id="K27_4675511754_8-2">
<gml:timePosition>2024-06-07</gml:timePosition>
</devDate>
<orgGILvl>2500</orgGILvl>
<vis>表示</vis>
<loc>
<gml:Curve gml:id="K27_4675511754_8-g" srsName="fguuid:jgd2011.bl">
<gml:segments>
<gml:LineStringSegment>
<gml:posList>
32.656905149 129.876778257
32.656907027 129.876783275
32.656943994 129.876882071
</gml:posList>
</gml:LineStringSegment>
</gml:segments>
</gml:Curve>
</loc>
<type>せき</type>
</WStrL>
<WStrL gml:id="K27_4676111757_1">
<fid>46761-11757-s-3819</fid>
<lfSpanFr gml:id="K27_4676111757_1-1">
<gml:timePosition>2023-02-21</gml:timePosition>
</lfSpanFr>
<devDate gml:id="K27_4676111757_1-2">
<gml:timePosition>2024-06-07</gml:timePosition>
</devDate>
<orgGILvl>2500</orgGILvl>
<vis>表示</vis>
<loc>
<gml:Curve gml:id="K27_4676111757_1-g" srsName="fguuid:jgd2011.bl">
<gml:segments>
<gml:LineStringSegment>
<gml:posList>
32.665306899 129.895654817
32.665309446 129.895662280
32.665311739 129.895666971
32.665314042 129.895671672
32.665316851 129.895679019
32.665317374 129.895681687
32.665317889 129.895684344
32.665318387 129.895689549
32.665318370 129.895692097
32.665318344 129.895694645
32.665317770 129.895699206
32.665317223 129.895701218
32.665316666 129.895703231
32.665314300 129.895707133
32.665312491 129.895709023
32.665310672 129.895710912
32.665303556 129.895713920
32.665298250 129.895715026
32.665292935 129.895716144
32.665279504 129.895734476
32.665271378 129.895751701
32.665263244 129.895768915
32.665255089 129.895789541
32.665255069 129.895792931
32.665255041 129.895796332
32.665258992 129.895807416
32.665262981 129.895815099
32.665266960 129.895822793
32.665271016 129.895832278
32.665271091 129.895834091
32.665271167 129.895835893
32.665270700 129.895838119
32.665270157 129.895838532
32.665269615 129.895838957
32.665267639 129.895839140
32.665266206 129.895838920
32.665264764 129.895838690
32.665259486 129.895836726
32.665255640 129.895834982
32.665251786 129.895833249
32.665245425 129.895831376
32.665242919 129.895831237
32.665240403 129.895831109
32.665236802 129.895832021
32.665235716 129.895833071
32.665234622 129.895834122
32.665227886 129.895856769
32.665222245 129.895878376
32.665216594 129.895899973
32.665210731 129.895926238
32.665210518 129.895930917
32.665210296 129.895935586
32.665210340 129.895953103
32.665210606 129.895965951
32.665210863 129.895978799
32.665209219 129.895993750
32.665207319 129.895995852
32.665205410 129.895997955
32.665185244 129.896003901
32.665166989 129.896007743
32.665148724 129.896011586
32.665129567 129.896015308
32.665128666 129.896015197
32.665127773 129.896015076
32.665126163 129.896013992
32.665125453 129.896013040
32.665124734 129.896012077
32.665123332 129.896007817
32.665122639 129.896004520
32.665121946 129.896001212
32.665121159 129.895987615
32.665121057 129.895977316
32.665120963 129.895967016
32.665121600 129.895953650
32.665122349 129.895950572
32.665123089 129.895947505
32.665124735 129.895943375
32.665125640 129.895942324
32.665126545 129.895941273
32.665128459 129.895937688
32.665129468 129.895935144
32.665130477 129.895932611
32.665131604 129.895926891
32.665131714 129.895923704
32.665131832 129.895920527
32.665130178 129.895913174
32.665128414 129.895909019
32.665126651 129.895904854
32.665125085 129.895898141
32.665125291 129.895895604
32.665125489 129.895893057
32.665128956 129.895874724
32.665132225 129.895858938
32.665135485 129.895843152
32.665150816 129.895797386
32.665162886 129.895767406
32.665174948 129.895737416
32.665190566 129.895700575
32.665194123 129.895693714
32.665197679 129.895686842
32.665206856 129.895673673
32.665212476 129.895667365
32.665218088 129.895661057
32.665224896 129.895652430
32.665226076 129.895650100
32.665227265 129.895647781
32.665228703 129.895643651
32.665233630 129.895645442
32.665288855 129.895663064
32.665293444 129.895648968
32.665306899 129.895654817
</gml:posList>
</gml:LineStringSegment>
</gml:segments>
</gml:Curve>
</loc>
<type>透過水制</type>
</WStrL>
<WStrL gml:id="K27_4676111757_2">
<fid>46761-11757-s-3820</fid>
<lfSpanFr gml:id="K27_4676111757_2-1">
<gml:timePosition>2023-02-21</gml:timePosition>
</lfSpanFr>
<devDate gml:id="K27_4676111757_2-2">
<gml:timePosition>2024-06-07</gml:timePosition>
</devDate>
<orgGILvl>2500</orgGILvl>
<vis>表示</vis>
<loc>
<gml:Curve gml:id="K27_4676111757_2-g" srsName="fguuid:jgd2011.bl">
<gml:segments>
<gml:LineStringSegment>
<gml:posList>
32.664762329 129.895416183
32.664798197 129.895438047
32.664833963 129.895457960
32.664854037 129.895463699
32.664895668 129.895468392
32.664903189 129.895471016
32.664923534 129.895488217
32.664997570 129.895494769
32.665017458 129.895499314
32.665036299 129.895501731
32.665055130 129.895504139
32.665090273 129.895507183
32.665106584 129.895507819
32.665122887 129.895508446
32.665140797 129.895511318
32.665142404 129.895513564
32.665144002 129.895515810
32.665145539 129.895526126
32.665145477 129.895534196
32.665145407 129.895542267
32.665147107 129.895555026
32.665148869 129.895559724
32.665150621 129.895564412
32.665152517 129.895575370
32.665152650 129.895581639
32.665152775 129.895587898
32.665151881 129.895599782
32.665150844 129.895605396
32.665149816 129.895611010
32.665147058 129.895619047
32.665145328 129.895621481
32.665143607 129.895623904
32.665140340 129.895627696
32.665138802 129.895629054
32.665137256 129.895630422
32.665131122 129.895633754
32.665126535 129.895635716
32.665121938 129.895637690
32.665111105 129.895644369
32.665104876 129.895649086
32.665098639 129.895653793
32.665087350 129.895661749
32.665082290 129.895664989
32.665077239 129.895668219
32.665067232 129.895672898
32.665062277 129.895674326
32.665057330 129.895675765
32.665036549 129.895679682
32.665020724 129.895682171
32.665004889 129.895684649
32.664987540 129.895687014
32.664986007 129.895686890
32.664984484 129.895686766
32.664975251 129.895680339
32.664967561 129.895674037
32.664959861 129.895667734
32.664945573 129.895654674
32.664938975 129.895647918
32.664932386 129.895641151
32.664920498 129.895633071
32.664915218 129.895631736
32.664909929 129.895630412
32.664900960 129.895629146
32.664897271 129.895629205
32.664893591 129.895629274
32.664879998 129.895633265
32.664870083 129.895637198
32.664860178 129.895641121
32.664848156 129.895644373
32.664846108 129.895644609
32.664843620 129.895644353
32.664841907 129.895644164
32.664838970 129.895643298
32.664834126 129.895640739
32.664831277 129.895637848
32.664828427 129.895634947
32.664824144 129.895632028
32.664822701 129.895632021
32.664821267 129.895632004
32.664812711 129.895634142
32.664805598 129.895636296
32.664798485 129.895638450
32.664789469 129.895640735
32.664787566 129.895640865
32.664785653 129.895640995
32.664783129 129.895640909
32.664782498 129.895640693
32.664781876 129.895640467
32.664780806 129.895639502
32.664780358 129.895638754
32.664779918 129.895638006
32.664780206 129.895624105
32.664780933 129.895610941
32.664781668 129.895597788
32.664781613 129.895580900
32.664780841 129.895577176
32.664780059 129.895573452
32.664767065 129.895558661
32.664754844 129.895547604
32.664742633 129.895536537
32.664727997 129.895521984
32.664725582 129.895518508
32.664723168 129.895515022
32.664720218 129.895506469
32.664719675 129.895501392
32.664719141 129.895496326
32.664720877 129.895480736
32.664723155 129.895470223
32.664725425 129.895459700
32.664731799 129.895443075
32.664735885 129.895436963
32.664739981 129.895430839
32.664746868 129.895423162
32.664749659 129.895421607
32.664752460 129.895420041
32.664757608 129.895417708
32.664759973 129.895416951
32.664762329 129.895416183
</gml:posList>
</gml:LineStringSegment>
</gml:segments>
</gml:Curve>
</loc>
<type>透過水制</type>
</WStrL>
</Dataset>
