<?xml version="1.0" encoding="utf-8"?>
<Dataset xsi:schemaLocation="http://fgd.gsi.go.jp/spec/2008/FGD_GMLSchema FGD_GMLSchema.xsd"
	xmlns:gml="http://www.opengis.net/gml/3.2"
	xmlns:xsi="http://www.w3.org/2001/XMLSchema-instance"
	xmlns:xlink="http://www.w3.org/1999/xlink"
	xmlns="http://fgd.gsi.go.jp/spec/2008/FGD_GMLSchema"
	gml:id="Dataset1">
  <gml:description>基盤地図情報メタデータ ID=fmdid:25-0101</gml:description>
  <gml:name>基盤地図情報ダウンロードデータ（GML版）</gml:name>
<RailCL gml:id="K21_4670111820_1">
<fid>46701-11820-s-1579</fid>
<lfSpanFr gml:id="K21_4670111820_1-1">
<gml:timePosition>2023-02-21</gml:timePosition>
</lfSpanFr>
<devDate gml:id="K21_4670111820_1-2">
<gml:timePosition>2024-11-29</gml:timePosition>
</devDate>
<orgGILvl>2500</orgGILvl>
<vis>表示</vis>
<loc>
<gml:Curve gml:id="K21_4670111820_1-g" srsName="fguuid:jgd2011.bl">
<gml:segments>
<gml:LineStringSegment>
<gml:posList>
32.836144056 129.726654833
32.836116528 129.726633306
</gml:posList>
</gml:LineStringSegment>
</gml:segments>
</gml:Curve>
</loc>
<type>索道</type>
</RailCL>
<RailCL gml:id="K21_4670111820_2">
<fid>46701-11820-s-1580</fid>
<lfSpanFr gml:id="K21_4670111820_2-1">
<gml:timePosition>2023-02-21</gml:timePosition>
</lfSpanFr>
<devDate gml:id="K21_4670111820_2-2">
<gml:timePosition>2024-11-29</gml:timePosition>
</devDate>
<orgGILvl>2500</orgGILvl>
<vis>表示</vis>
<loc>
<gml:Curve gml:id="K21_4670111820_2-g" srsName="fguuid:jgd2011.bl">
<gml:segments>
<gml:LineStringSegment>
<gml:posList>
32.835968083 129.726626306
32.836116528 129.726633306
</gml:posList>
</gml:LineStringSegment>
</gml:segments>
</gml:Curve>
</loc>
<type>索道</type>
</RailCL>
<RailCL gml:id="K21_4670111820_3">
<fid>46701-11820-s-1581</fid>
<lfSpanFr gml:id="K21_4670111820_3-1">
<gml:timePosition>2023-02-21</gml:timePosition>
</lfSpanFr>
<devDate gml:id="K21_4670111820_3-2">
<gml:timePosition>2024-11-29</gml:timePosition>
</devDate>
<orgGILvl>2500</orgGILvl>
<vis>表示</vis>
<loc>
<gml:Curve gml:id="K21_4670111820_3-g" srsName="fguuid:jgd2011.bl">
<gml:segments>
<gml:LineStringSegment>
<gml:posList>
32.836044361 129.726690167
32.836139806 129.726666250
</gml:posList>
</gml:LineStringSegment>
</gml:segments>
</gml:Curve>
</loc>
<type>索道</type>
</RailCL>
<RailCL gml:id="K21_4670111820_4">
<fid>46701-11820-s-1582</fid>
<lfSpanFr gml:id="K21_4670111820_4-1">
<gml:timePosition>2023-02-21</gml:timePosition>
</lfSpanFr>
<devDate gml:id="K21_4670111820_4-2">
<gml:timePosition>2024-11-29</gml:timePosition>
</devDate>
<orgGILvl>2500</orgGILvl>
<vis>表示</vis>
<loc>
<gml:Curve gml:id="K21_4670111820_4-g" srsName="fguuid:jgd2011.bl">
<gml:segments>
<gml:LineStringSegment>
<gml:posList>
32.836122250 129.726756056
32.836160250 129.726686056
</gml:posList>
</gml:LineStringSegment>
</gml:segments>
</gml:Curve>
</loc>
<type>索道</type>
</RailCL>
<RailCL gml:id="K21_4670111820_5">
<fid>46701-11820-s-1583</fid>
<lfSpanFr gml:id="K21_4670111820_5-1">
<gml:timePosition>2023-02-21</gml:timePosition>
</lfSpanFr>
<devDate gml:id="K21_4670111820_5-2">
<gml:timePosition>2024-11-29</gml:timePosition>
</devDate>
<orgGILvl>2500</orgGILvl>
<vis>表示</vis>
<loc>
<gml:Curve gml:id="K21_4670111820_5-g" srsName="fguuid:jgd2011.bl">
<gml:segments>
<gml:LineStringSegment>
<gml:posList>
32.835987222 129.726476917
32.836187889 129.726652694
</gml:posList>
</gml:LineStringSegment>
</gml:segments>
</gml:Curve>
</loc>
<type>索道</type>
</RailCL>
<RailCL gml:id="K21_4670111820_6">
<fid>46701-11820-s-1584</fid>
<lfSpanFr gml:id="K21_4670111820_6-1">
<gml:timePosition>2023-02-21</gml:timePosition>
</lfSpanFr>
<devDate gml:id="K21_4670111820_6-2">
<gml:timePosition>2024-11-29</gml:timePosition>
</devDate>
<orgGILvl>2500</orgGILvl>
<vis>表示</vis>
<loc>
<gml:Curve gml:id="K21_4670111820_6-g" srsName="fguuid:jgd2011.bl">
<gml:segments>
<gml:LineStringSegment>
<gml:posList>
32.836173806 129.726568389
32.836040833 129.726492528
</gml:posList>
</gml:LineStringSegment>
</gml:segments>
</gml:Curve>
</loc>
<type>索道</type>
</RailCL>
<RailCL gml:id="K21_4670111820_7">
<fid>46701-11820-s-1585</fid>
<lfSpanFr gml:id="K21_4670111820_7-1">
<gml:timePosition>2023-02-21</gml:timePosition>
</lfSpanFr>
<devDate gml:id="K21_4670111820_7-2">
<gml:timePosition>2024-11-29</gml:timePosition>
</devDate>
<orgGILvl>2500</orgGILvl>
<vis>表示</vis>
<loc>
<gml:Curve gml:id="K21_4670111820_7-g" srsName="fguuid:jgd2011.bl">
<gml:segments>
<gml:LineStringSegment>
<gml:posList>
32.836438333 129.726699694
32.836309583 129.726587417
</gml:posList>
</gml:LineStringSegment>
</gml:segments>
</gml:Curve>
</loc>
<type>索道</type>
</RailCL>
<RailCL gml:id="K21_4670111820_8">
<fid>46701-11820-s-1586</fid>
<lfSpanFr gml:id="K21_4670111820_8-1">
<gml:timePosition>2023-02-21</gml:timePosition>
</lfSpanFr>
<devDate gml:id="K21_4670111820_8-2">
<gml:timePosition>2024-11-29</gml:timePosition>
</devDate>
<orgGILvl>2500</orgGILvl>
<vis>表示</vis>
<loc>
<gml:Curve gml:id="K21_4670111820_8-g" srsName="fguuid:jgd2011.bl">
<gml:segments>
<gml:LineStringSegment>
<gml:posList>
32.836326139 129.726800472
32.836254361 129.726746556
</gml:posList>
</gml:LineStringSegment>
</gml:segments>
</gml:Curve>
</loc>
<type>索道</type>
</RailCL>
<RailCL gml:id="K21_4670111820_9">
<fid>46701-11820-s-1587</fid>
<lfSpanFr gml:id="K21_4670111820_9-1">
<gml:timePosition>2023-02-21</gml:timePosition>
</lfSpanFr>
<devDate gml:id="K21_4670111820_9-2">
<gml:timePosition>2024-11-29</gml:timePosition>
</devDate>
<orgGILvl>2500</orgGILvl>
<vis>表示</vis>
<loc>
<gml:Curve gml:id="K21_4670111820_9-g" srsName="fguuid:jgd2011.bl">
<gml:segments>
<gml:LineStringSegment>
<gml:posList>
32.836276000 129.726896361
32.836328083 129.726832833
32.836356306 129.726971667
</gml:posList>
</gml:LineStringSegment>
</gml:segments>
</gml:Curve>
</loc>
<type>索道</type>
</RailCL>
<RailCL gml:id="K21_4670111820_10">
<fid>46701-11820-s-1588</fid>
<lfSpanFr gml:id="K21_4670111820_10-1">
<gml:timePosition>2023-02-21</gml:timePosition>
</lfSpanFr>
<devDate gml:id="K21_4670111820_10-2">
<gml:timePosition>2024-11-29</gml:timePosition>
</devDate>
<orgGILvl>2500</orgGILvl>
<vis>表示</vis>
<loc>
<gml:Curve gml:id="K21_4670111820_10-g" srsName="fguuid:jgd2011.bl">
<gml:segments>
<gml:LineStringSegment>
<gml:posList>
32.836244083 129.726707000
32.836282417 129.726595806
</gml:posList>
</gml:LineStringSegment>
</gml:segments>
</gml:Curve>
</loc>
<type>索道</type>
</RailCL>
<RailCL gml:id="K21_4670111820_11">
<fid>46701-11820-s-1589</fid>
<lfSpanFr gml:id="K21_4670111820_11-1">
<gml:timePosition>2023-02-21</gml:timePosition>
</lfSpanFr>
<devDate gml:id="K21_4670111820_11-2">
<gml:timePosition>2024-11-29</gml:timePosition>
</devDate>
<orgGILvl>2500</orgGILvl>
<vis>表示</vis>
<loc>
<gml:Curve gml:id="K21_4670111820_11-g" srsName="fguuid:jgd2011.bl">
<gml:segments>
<gml:LineStringSegment>
<gml:posList>
32.836252306 129.726545306
32.836115889 129.726425750
</gml:posList>
</gml:LineStringSegment>
</gml:segments>
</gml:Curve>
</loc>
<type>索道</type>
</RailCL>
<RailCL gml:id="K21_4670111820_12">
<fid>46701-11820-s-1590</fid>
<lfSpanFr gml:id="K21_4670111820_12-1">
<gml:timePosition>2023-02-21</gml:timePosition>
</lfSpanFr>
<devDate gml:id="K21_4670111820_12-2">
<gml:timePosition>2024-11-29</gml:timePosition>
</devDate>
<orgGILvl>2500</orgGILvl>
<vis>表示</vis>
<loc>
<gml:Curve gml:id="K21_4670111820_12-g" srsName="fguuid:jgd2011.bl">
<gml:segments>
<gml:LineStringSegment>
<gml:posList>
32.836116528 129.726633306
32.836043389 129.726576056
</gml:posList>
</gml:LineStringSegment>
</gml:segments>
</gml:Curve>
</loc>
<type>索道</type>
</RailCL>
</Dataset>
