<?xml version="1.0" encoding="utf-8"?>
<Dataset xsi:schemaLocation="http://fgd.gsi.go.jp/spec/2008/FGD_GMLSchema FGD_GMLSchema.xsd"
	xmlns:gml="http://www.opengis.net/gml/3.2"
	xmlns:xsi="http://www.w3.org/2001/XMLSchema-instance"
	xmlns:xlink="http://www.w3.org/1999/xlink"
	xmlns="http://fgd.gsi.go.jp/spec/2008/FGD_GMLSchema"
	gml:id="Dataset1">
  <gml:description>基盤地図情報メタデータ ID=fmdid:25-0101</gml:description>
  <gml:name>基盤地図情報ダウンロードデータ（GML版）</gml:name>
<GCP gml:id="K1_492925_1">
<fid>10-00100-0-2411-130686</fid>
<lfSpanFr gml:id="K1_492925_1-1">
<gml:timePosition>2024-11-15</gml:timePosition>
</lfSpanFr>
<devDate gml:id="K1_492925_1-2">
<gml:timePosition>2024-11-29</gml:timePosition>
</devDate>
<orgGILvl>KJ10</orgGILvl>
<vis>表示</vis>
<pos>
<gml:Point gml:id="K1_492925_1-g" srsName="fguuid:jgd2011.bl">
<gml:pos>32.839612750 129.720709417</gml:pos>
</gml:Point>
</pos>
<orgName>国土地理院</orgName>
<type>電子基準点</type>
<gcpClass>電子基準点</gcpClass>
<gcpCode>EL04929250703</gcpCode>
<name>外海</name>
<B>118222.6059</B>
<L>466994.5539</L>
<alti>113.04</alti>
<altiAcc>3</altiAcc>
</GCP>
<GCP gml:id="K1_492925_2">
<fid>10-00100-0-2411-131990</fid>
<lfSpanFr gml:id="K1_492925_2-1">
<gml:timePosition>2024-11-15</gml:timePosition>
</lfSpanFr>
<devDate gml:id="K1_492925_2-2">
<gml:timePosition>2024-11-29</gml:timePosition>
</devDate>
<orgGILvl>KJ10</orgGILvl>
<vis>表示</vis>
<pos>
<gml:Point gml:id="K1_492925_2-g" srsName="fguuid:jgd2011.bl">
<gml:pos>32.839617500 129.720709306</gml:pos>
</gml:Point>
</pos>
<orgName>国土地理院</orgName>
<type>電子基準点</type>
<gcpClass>電子基準点</gcpClass>
<gcpCode>EL14929250702</gcpCode>
<name>外海（付）</name>
<B>118222.623</B>
<L>466994.5535</L>
<alti>107.975</alti>
<altiAcc>3</altiAcc>
</GCP>
<GCP gml:id="K1_492925_3">
<fid>10-00100-0-2411-150474</fid>
<lfSpanFr gml:id="K1_492925_3-1">
<gml:timePosition>2024-11-15</gml:timePosition>
</lfSpanFr>
<devDate gml:id="K1_492925_3-2">
<gml:timePosition>2024-11-29</gml:timePosition>
</devDate>
<orgGILvl>SJ12</orgGILvl>
<vis>表示</vis>
<pos>
<gml:Point gml:id="K1_492925_3-g" srsName="fguuid:jgd2011.bl">
<gml:pos>32.839617500 129.720709306</gml:pos>
</gml:Point>
</pos>
<orgName>国土地理院</orgName>
<type>水準点</type>
<gcpClass>二等水準点</gcpClass>
<gcpCode>L0E000970832A</gcpCode>
<name>９７０８３２Ａ</name>
<B>118222.623</B>
<L>466994.5535</L>
<alti>107.975</alti>
<altiAcc>3</altiAcc>
</GCP>
<GCP gml:id="K1_492925_4">
<fid>10-00100-0-2411-151062</fid>
<lfSpanFr gml:id="K1_492925_4-1">
<gml:timePosition>2024-11-15</gml:timePosition>
</lfSpanFr>
<devDate gml:id="K1_492925_4-2">
<gml:timePosition>2024-11-29</gml:timePosition>
</devDate>
<orgGILvl>KJ11</orgGILvl>
<vis>表示</vis>
<pos>
<gml:Point gml:id="K1_492925_4-g" srsName="fguuid:jgd2011.bl">
<gml:pos>32.913530583 129.744841194</gml:pos>
</gml:Point>
</pos>
<orgName>国土地理院</orgName>
<type>三角点</type>
<gcpClass>一等三角点</gcpClass>
<gcpCode>TR14929259901</gcpCode>
<name>長浦村</name>
<B>118488.7101</B>
<L>467081.4283</L>
<alti>560.8</alti>
<altiAcc>2</altiAcc>
</GCP>
<GCP gml:id="K1_492925_5">
<fid>10-00100-0-2411-152241</fid>
<lfSpanFr gml:id="K1_492925_5-1">
<gml:timePosition>2024-11-15</gml:timePosition>
</lfSpanFr>
<devDate gml:id="K1_492925_5-2">
<gml:timePosition>2024-11-29</gml:timePosition>
</devDate>
<orgGILvl>KJ12</orgGILvl>
<vis>表示</vis>
<pos>
<gml:Point gml:id="K1_492925_5-g" srsName="fguuid:jgd2011.bl">
<gml:pos>32.865054556 129.691817278</gml:pos>
</gml:Point>
</pos>
<orgName>国土地理院</orgName>
<type>三角点</type>
<gcpClass>二等三角点</gcpClass>
<gcpCode>TR24929253501</gcpCode>
<name>大野岳</name>
<B>118314.1964</B>
<L>466890.5422</L>
<alti>352.3</alti>
<altiAcc>2</altiAcc>
</GCP>
<GCP gml:id="K1_492925_6">
<fid>10-00100-0-2411-152242</fid>
<lfSpanFr gml:id="K1_492925_6-1">
<gml:timePosition>2024-11-15</gml:timePosition>
</lfSpanFr>
<devDate gml:id="K1_492925_6-2">
<gml:timePosition>2024-11-29</gml:timePosition>
</devDate>
<orgGILvl>KJ12</orgGILvl>
<vis>表示</vis>
<pos>
<gml:Point gml:id="K1_492925_6-g" srsName="fguuid:jgd2011.bl">
<gml:pos>32.868109389 129.630881861</gml:pos>
</gml:Point>
</pos>
<orgName>国土地理院</orgName>
<type>三角点</type>
<gcpClass>二等三角点</gcpClass>
<gcpCode>TR24929254001</gcpCode>
<name>母子島</name>
<B>118325.1938</B>
<L>466671.1747</L>
<alti>52.38</alti>
<altiAcc>2</altiAcc>
</GCP>
<GCP gml:id="K1_492925_7">
<fid>10-00100-0-2411-158806</fid>
<lfSpanFr gml:id="K1_492925_7-1">
<gml:timePosition>2024-11-15</gml:timePosition>
</lfSpanFr>
<devDate gml:id="K1_492925_7-2">
<gml:timePosition>2024-11-29</gml:timePosition>
</devDate>
<orgGILvl>KJ13</orgGILvl>
<vis>表示</vis>
<pos>
<gml:Point gml:id="K1_492925_7-g" srsName="fguuid:jgd2011.bl">
<gml:pos>32.836566972 129.738827083</gml:pos>
</gml:Point>
</pos>
<orgName>国土地理院</orgName>
<type>三角点</type>
<gcpClass>三等三角点</gcpClass>
<gcpCode>TR34929250901</gcpCode>
<name>八丁坂</name>
<B>118211.6411</B>
<L>467059.7775</L>
<alti>299.3</alti>
<altiAcc>2</altiAcc>
</GCP>
<GCP gml:id="K1_492925_8">
<fid>10-00100-0-2411-158807</fid>
<lfSpanFr gml:id="K1_492925_8-1">
<gml:timePosition>2024-11-15</gml:timePosition>
</lfSpanFr>
<devDate gml:id="K1_492925_8-2">
<gml:timePosition>2024-11-29</gml:timePosition>
</devDate>
<orgGILvl>KJ13</orgGILvl>
<vis>表示</vis>
<pos>
<gml:Point gml:id="K1_492925_8-g" srsName="fguuid:jgd2011.bl">
<gml:pos>32.872015833 129.716882417</gml:pos>
</gml:Point>
</pos>
<orgName>国土地理院</orgName>
<type>三角点</type>
<gcpClass>三等三角点</gcpClass>
<gcpCode>TR34929254701</gcpCode>
<name>牧野岳</name>
<B>118339.257</B>
<L>466980.7767</L>
<alti>379.24</alti>
<altiAcc>2</altiAcc>
</GCP>
<GCP gml:id="K1_492925_9">
<fid>10-00100-0-2411-158808</fid>
<lfSpanFr gml:id="K1_492925_9-1">
<gml:timePosition>2024-11-15</gml:timePosition>
</lfSpanFr>
<devDate gml:id="K1_492925_9-2">
<gml:timePosition>2024-11-29</gml:timePosition>
</devDate>
<orgGILvl>KJ13</orgGILvl>
<vis>表示</vis>
<pos>
<gml:Point gml:id="K1_492925_9-g" srsName="fguuid:jgd2011.bl">
<gml:pos>32.890435778 129.686297056</gml:pos>
</gml:Point>
</pos>
<orgName>国土地理院</orgName>
<type>三角点</type>
<gcpClass>三等三角点</gcpClass>
<gcpCode>TR34929256401</gcpCode>
<name>道徳</name>
<B>118405.5688</B>
<L>466870.6694</L>
<alti>257.12</alti>
<altiAcc>2</altiAcc>
</GCP>
<GCP gml:id="K1_492925_10">
<fid>10-00100-0-2411-158809</fid>
<lfSpanFr gml:id="K1_492925_10-1">
<gml:timePosition>2024-11-15</gml:timePosition>
</lfSpanFr>
<devDate gml:id="K1_492925_10-2">
<gml:timePosition>2024-11-29</gml:timePosition>
</devDate>
<orgGILvl>KJ13</orgGILvl>
<vis>表示</vis>
<pos>
<gml:Point gml:id="K1_492925_10-g" srsName="fguuid:jgd2011.bl">
<gml:pos>32.902964972 129.713565139</gml:pos>
</gml:Point>
</pos>
<orgName>国土地理院</orgName>
<type>三角点</type>
<gcpClass>三等三角点</gcpClass>
<gcpCode>TR34929258701</gcpCode>
<name>中尾</name>
<B>118450.6739</B>
<L>466968.8345</L>
<alti>473.27</alti>
<altiAcc>2</altiAcc>
</GCP>
<GCP gml:id="K1_492925_11">
<fid>10-00100-0-2411-158810</fid>
<lfSpanFr gml:id="K1_492925_11-1">
<gml:timePosition>2024-11-15</gml:timePosition>
</lfSpanFr>
<devDate gml:id="K1_492925_11-2">
<gml:timePosition>2024-11-29</gml:timePosition>
</devDate>
<orgGILvl>KJ13</orgGILvl>
<vis>表示</vis>
<pos>
<gml:Point gml:id="K1_492925_11-g" srsName="fguuid:jgd2011.bl">
<gml:pos>32.908892528 129.683527528</gml:pos>
</gml:Point>
</pos>
<orgName>国土地理院</orgName>
<type>三角点</type>
<gcpClass>三等三角点</gcpClass>
<gcpCode>TR34929259401</gcpCode>
<name>木場峠</name>
<B>118472.0131</B>
<L>466860.6991</L>
<alti>334.58</alti>
<altiAcc>2</altiAcc>
</GCP>
<GCP gml:id="K1_492925_12">
<fid>10-00100-0-2411-194779</fid>
<lfSpanFr gml:id="K1_492925_12-1">
<gml:timePosition>2024-11-15</gml:timePosition>
</lfSpanFr>
<devDate gml:id="K1_492925_12-2">
<gml:timePosition>2024-11-29</gml:timePosition>
</devDate>
<orgGILvl>KJ14</orgGILvl>
<vis>表示</vis>
<pos>
<gml:Point gml:id="K1_492925_12-g" srsName="fguuid:jgd2011.bl">
<gml:pos>32.834747250 129.707191167</gml:pos>
</gml:Point>
</pos>
<orgName>国土地理院</orgName>
<type>三角点</type>
<gcpClass>四等三角点</gcpClass>
<gcpCode>TR44929250601</gcpCode>
<name>城の山</name>
<B>118205.0901</B>
<L>466945.8882</L>
<alti>183.86</alti>
<altiAcc>2</altiAcc>
</GCP>
<GCP gml:id="K1_492925_13">
<fid>10-00100-0-2411-194780</fid>
<lfSpanFr gml:id="K1_492925_13-1">
<gml:timePosition>2024-11-15</gml:timePosition>
</lfSpanFr>
<devDate gml:id="K1_492925_13-2">
<gml:timePosition>2024-11-29</gml:timePosition>
</devDate>
<orgGILvl>KJ14</orgGILvl>
<vis>表示</vis>
<pos>
<gml:Point gml:id="K1_492925_13-g" srsName="fguuid:jgd2011.bl">
<gml:pos>32.839883528 129.720274750</gml:pos>
</gml:Point>
</pos>
<orgName>国土地理院</orgName>
<type>三角点</type>
<gcpClass>四等三角点</gcpClass>
<gcpCode>TR44929250701</gcpCode>
<name>松本</name>
<B>118223.5807</B>
<L>466992.9891</L>
<alti>119.18</alti>
<altiAcc>2</altiAcc>
</GCP>
<GCP gml:id="K1_492925_14">
<fid>10-00100-0-2411-194781</fid>
<lfSpanFr gml:id="K1_492925_14-1">
<gml:timePosition>2024-11-15</gml:timePosition>
</lfSpanFr>
<devDate gml:id="K1_492925_14-2">
<gml:timePosition>2024-11-29</gml:timePosition>
</devDate>
<orgGILvl>KJ14</orgGILvl>
<vis>表示</vis>
<pos>
<gml:Point gml:id="K1_492925_14-g" srsName="fguuid:jgd2011.bl">
<gml:pos>32.849761139 129.695211194</gml:pos>
</gml:Point>
</pos>
<orgName>国土地理院</orgName>
<type>三角点</type>
<gcpClass>四等三角点</gcpClass>
<gcpCode>TR44929251501</gcpCode>
<name>新屋敷</name>
<B>118259.1401</B>
<L>466902.7603</L>
<alti>201.18</alti>
<altiAcc>2</altiAcc>
</GCP>
<GCP gml:id="K1_492925_15">
<fid>10-00100-0-2411-194782</fid>
<lfSpanFr gml:id="K1_492925_15-1">
<gml:timePosition>2024-11-15</gml:timePosition>
</lfSpanFr>
<devDate gml:id="K1_492925_15-2">
<gml:timePosition>2024-11-29</gml:timePosition>
</devDate>
<orgGILvl>KJ14</orgGILvl>
<vis>表示</vis>
<pos>
<gml:Point gml:id="K1_492925_15-g" srsName="fguuid:jgd2011.bl">
<gml:pos>32.845104917 129.709452694</gml:pos>
</gml:Point>
</pos>
<orgName>国土地理院</orgName>
<type>三角点</type>
<gcpClass>四等三角点</gcpClass>
<gcpCode>TR44929251601</gcpCode>
<name>高尾</name>
<B>118242.3777</B>
<L>466954.0297</L>
<alti>169.76</alti>
<altiAcc>2</altiAcc>
</GCP>
<GCP gml:id="K1_492925_16">
<fid>10-00100-0-2411-194783</fid>
<lfSpanFr gml:id="K1_492925_16-1">
<gml:timePosition>2024-11-15</gml:timePosition>
</lfSpanFr>
<devDate gml:id="K1_492925_16-2">
<gml:timePosition>2024-11-29</gml:timePosition>
</devDate>
<orgGILvl>KJ14</orgGILvl>
<vis>表示</vis>
<pos>
<gml:Point gml:id="K1_492925_16-g" srsName="fguuid:jgd2011.bl">
<gml:pos>32.855495389 129.721080250</gml:pos>
</gml:Point>
</pos>
<orgName>国土地理院</orgName>
<type>三角点</type>
<gcpClass>四等三角点</gcpClass>
<gcpCode>TR44929252701</gcpCode>
<name>野ガクラ</name>
<B>118279.7834</B>
<L>466995.8889</L>
<alti>258.71</alti>
<altiAcc>2</altiAcc>
</GCP>
<GCP gml:id="K1_492925_17">
<fid>10-00100-0-2411-194784</fid>
<lfSpanFr gml:id="K1_492925_17-1">
<gml:timePosition>2024-11-15</gml:timePosition>
</lfSpanFr>
<devDate gml:id="K1_492925_17-2">
<gml:timePosition>2024-11-29</gml:timePosition>
</devDate>
<orgGILvl>KJ14</orgGILvl>
<vis>表示</vis>
<pos>
<gml:Point gml:id="K1_492925_17-g" srsName="fguuid:jgd2011.bl">
<gml:pos>32.850631500 129.736395583</gml:pos>
</gml:Point>
</pos>
<orgName>国土地理院</orgName>
<type>三角点</type>
<gcpClass>四等三角点</gcpClass>
<gcpCode>TR44929252801</gcpCode>
<name>土佐賀</name>
<B>118262.2734</B>
<L>467051.0241</L>
<alti>330.76</alti>
<altiAcc>2</altiAcc>
</GCP>
<GCP gml:id="K1_492925_18">
<fid>10-00100-0-2411-194785</fid>
<lfSpanFr gml:id="K1_492925_18-1">
<gml:timePosition>2024-11-15</gml:timePosition>
</lfSpanFr>
<devDate gml:id="K1_492925_18-2">
<gml:timePosition>2024-11-29</gml:timePosition>
</devDate>
<orgGILvl>KJ14</orgGILvl>
<vis>表示</vis>
<pos>
<gml:Point gml:id="K1_492925_18-g" srsName="fguuid:jgd2011.bl">
<gml:pos>32.858777056 129.707036194</gml:pos>
</gml:Point>
</pos>
<orgName>国土地理院</orgName>
<type>三角点</type>
<gcpClass>四等三角点</gcpClass>
<gcpCode>TR44929253601</gcpCode>
<name>二本松</name>
<B>118291.5974</B>
<L>466945.3303</L>
<alti>201.5</alti>
<altiAcc>2</altiAcc>
</GCP>
<GCP gml:id="K1_492925_19">
<fid>10-00100-0-2411-194786</fid>
<lfSpanFr gml:id="K1_492925_19-1">
<gml:timePosition>2024-11-15</gml:timePosition>
</lfSpanFr>
<devDate gml:id="K1_492925_19-2">
<gml:timePosition>2024-11-29</gml:timePosition>
</devDate>
<orgGILvl>KJ14</orgGILvl>
<vis>表示</vis>
<pos>
<gml:Point gml:id="K1_492925_19-g" srsName="fguuid:jgd2011.bl">
<gml:pos>32.867363222 129.728057611</gml:pos>
</gml:Point>
</pos>
<orgName>国土地理院</orgName>
<type>三角点</type>
<gcpClass>四等三角点</gcpClass>
<gcpCode>TR44929254801</gcpCode>
<name>くるまき</name>
<B>118322.5076</B>
<L>467021.0074</L>
<alti>347.55</alti>
<altiAcc>2</altiAcc>
</GCP>
<GCP gml:id="K1_492925_20">
<fid>10-00100-0-2411-194787</fid>
<lfSpanFr gml:id="K1_492925_20-1">
<gml:timePosition>2024-11-15</gml:timePosition>
</lfSpanFr>
<devDate gml:id="K1_492925_20-2">
<gml:timePosition>2024-11-29</gml:timePosition>
</devDate>
<orgGILvl>KJ14</orgGILvl>
<vis>表示</vis>
<pos>
<gml:Point gml:id="K1_492925_20-g" srsName="fguuid:jgd2011.bl">
<gml:pos>32.876365972 129.684140583</gml:pos>
</gml:Point>
</pos>
<orgName>国土地理院</orgName>
<type>三角点</type>
<gcpClass>四等三角点</gcpClass>
<gcpCode>TR44929255401</gcpCode>
<name>向山</name>
<B>118354.9175</B>
<L>466862.9061</L>
<alti>120.24</alti>
<altiAcc>2</altiAcc>
</GCP>
<GCP gml:id="K1_492925_21">
<fid>10-00100-0-2411-194788</fid>
<lfSpanFr gml:id="K1_492925_21-1">
<gml:timePosition>2024-11-15</gml:timePosition>
</lfSpanFr>
<devDate gml:id="K1_492925_21-2">
<gml:timePosition>2024-11-29</gml:timePosition>
</devDate>
<orgGILvl>KJ14</orgGILvl>
<vis>表示</vis>
<pos>
<gml:Point gml:id="K1_492925_21-g" srsName="fguuid:jgd2011.bl">
<gml:pos>32.879680306 129.711581472</gml:pos>
</gml:Point>
</pos>
<orgName>国土地理院</orgName>
<type>三角点</type>
<gcpClass>四等三角点</gcpClass>
<gcpCode>TR44929255601</gcpCode>
<name>妙正岳</name>
<B>118366.8491</B>
<L>466961.6933</L>
<alti>304.9</alti>
<altiAcc>2</altiAcc>
</GCP>
<GCP gml:id="K1_492925_22">
<fid>10-00100-0-2411-194789</fid>
<lfSpanFr gml:id="K1_492925_22-1">
<gml:timePosition>2024-11-15</gml:timePosition>
</lfSpanFr>
<devDate gml:id="K1_492925_22-2">
<gml:timePosition>2024-11-29</gml:timePosition>
</devDate>
<orgGILvl>KJ14</orgGILvl>
<vis>表示</vis>
<pos>
<gml:Point gml:id="K1_492925_22-g" srsName="fguuid:jgd2011.bl">
<gml:pos>32.876996889 129.700523333</gml:pos>
</gml:Point>
</pos>
<orgName>国土地理院</orgName>
<type>三角点</type>
<gcpClass>四等三角点</gcpClass>
<gcpCode>TR44929255602</gcpCode>
<name>長尾</name>
<B>118357.1888</B>
<L>466921.884</L>
<alti>238.84</alti>
<altiAcc>2</altiAcc>
</GCP>
<GCP gml:id="K1_492925_23">
<fid>10-00100-0-2411-194790</fid>
<lfSpanFr gml:id="K1_492925_23-1">
<gml:timePosition>2024-11-15</gml:timePosition>
</lfSpanFr>
<devDate gml:id="K1_492925_23-2">
<gml:timePosition>2024-11-29</gml:timePosition>
</devDate>
<orgGILvl>KJ14</orgGILvl>
<vis>表示</vis>
<pos>
<gml:Point gml:id="K1_492925_23-g" srsName="fguuid:jgd2011.bl">
<gml:pos>32.876104056 129.740941444</gml:pos>
</gml:Point>
</pos>
<orgName>国土地理院</orgName>
<type>三角点</type>
<gcpClass>四等三角点</gcpClass>
<gcpCode>TR44929255901</gcpCode>
<name>杉山</name>
<B>118353.9746</B>
<L>467067.3892</L>
<alti>382.96</alti>
<altiAcc>2</altiAcc>
</GCP>
<GCP gml:id="K1_492925_24">
<fid>10-00100-0-2411-194791</fid>
<lfSpanFr gml:id="K1_492925_24-1">
<gml:timePosition>2024-11-15</gml:timePosition>
</lfSpanFr>
<devDate gml:id="K1_492925_24-2">
<gml:timePosition>2024-11-29</gml:timePosition>
</devDate>
<orgGILvl>KJ14</orgGILvl>
<vis>表示</vis>
<pos>
<gml:Point gml:id="K1_492925_24-g" srsName="fguuid:jgd2011.bl">
<gml:pos>32.889648750 129.705896778</gml:pos>
</gml:Point>
</pos>
<orgName>国土地理院</orgName>
<type>三角点</type>
<gcpClass>四等三角点</gcpClass>
<gcpCode>TR44929256601</gcpCode>
<name>鷹ノ巣</name>
<B>118402.7355</B>
<L>466941.2284</L>
<alti>329.24</alti>
<altiAcc>2</altiAcc>
</GCP>
<GCP gml:id="K1_492925_25">
<fid>10-00100-0-2411-194792</fid>
<lfSpanFr gml:id="K1_492925_25-1">
<gml:timePosition>2024-11-15</gml:timePosition>
</lfSpanFr>
<devDate gml:id="K1_492925_25-2">
<gml:timePosition>2024-11-29</gml:timePosition>
</devDate>
<orgGILvl>KJ14</orgGILvl>
<vis>表示</vis>
<pos>
<gml:Point gml:id="K1_492925_25-g" srsName="fguuid:jgd2011.bl">
<gml:pos>32.886384694 129.732664778</gml:pos>
</gml:Point>
</pos>
<orgName>国土地理院</orgName>
<type>三角点</type>
<gcpClass>四等三角点</gcpClass>
<gcpCode>TR44929256801</gcpCode>
<name>柳原</name>
<B>118390.9849</B>
<L>467037.5932</L>
<alti>320.15</alti>
<altiAcc>2</altiAcc>
</GCP>
<GCP gml:id="K1_492925_26">
<fid>10-00100-0-2411-194793</fid>
<lfSpanFr gml:id="K1_492925_26-1">
<gml:timePosition>2024-11-15</gml:timePosition>
</lfSpanFr>
<devDate gml:id="K1_492925_26-2">
<gml:timePosition>2024-11-29</gml:timePosition>
</devDate>
<orgGILvl>KJ14</orgGILvl>
<vis>表示</vis>
<pos>
<gml:Point gml:id="K1_492925_26-g" srsName="fguuid:jgd2011.bl">
<gml:pos>32.894185472 129.678524056</gml:pos>
</gml:Point>
</pos>
<orgName>国土地理院</orgName>
<type>三角点</type>
<gcpClass>四等三角点</gcpClass>
<gcpCode>TR44929257401</gcpCode>
<name>上相川</name>
<B>118419.0677</B>
<L>466842.6866</L>
<alti>214.05</alti>
<altiAcc>2</altiAcc>
</GCP>
<GCP gml:id="K1_492925_27">
<fid>10-00100-0-2411-194794</fid>
<lfSpanFr gml:id="K1_492925_27-1">
<gml:timePosition>2024-11-15</gml:timePosition>
</lfSpanFr>
<devDate gml:id="K1_492925_27-2">
<gml:timePosition>2024-11-29</gml:timePosition>
</devDate>
<orgGILvl>KJ14</orgGILvl>
<vis>表示</vis>
<pos>
<gml:Point gml:id="K1_492925_27-g" srsName="fguuid:jgd2011.bl">
<gml:pos>32.897150417 129.722474972</gml:pos>
</gml:Point>
</pos>
<orgName>国土地理院</orgName>
<type>三角点</type>
<gcpClass>四等三角点</gcpClass>
<gcpCode>TR44929257701</gcpCode>
<name>金比羅山</name>
<B>118429.7415</B>
<L>467000.9099</L>
<alti>424.91</alti>
<altiAcc>2</altiAcc>
</GCP>
<GCP gml:id="K1_492925_28">
<fid>10-00100-0-2411-194795</fid>
<lfSpanFr gml:id="K1_492925_28-1">
<gml:timePosition>2024-11-15</gml:timePosition>
</lfSpanFr>
<devDate gml:id="K1_492925_28-2">
<gml:timePosition>2024-11-29</gml:timePosition>
</devDate>
<orgGILvl>KJ14</orgGILvl>
<vis>表示</vis>
<pos>
<gml:Point gml:id="K1_492925_28-g" srsName="fguuid:jgd2011.bl">
<gml:pos>32.894885222 129.743411833</gml:pos>
</gml:Point>
</pos>
<orgName>国土地理院</orgName>
<type>三角点</type>
<gcpClass>四等三角点</gcpClass>
<gcpCode>TR44929257901</gcpCode>
<name>岩木屋</name>
<B>118421.5868</B>
<L>467076.2826</L>
<alti>451.55</alti>
<altiAcc>2</altiAcc>
</GCP>
<GCP gml:id="K1_492925_29">
<fid>10-00100-0-2411-194796</fid>
<lfSpanFr gml:id="K1_492925_29-1">
<gml:timePosition>2024-11-15</gml:timePosition>
</lfSpanFr>
<devDate gml:id="K1_492925_29-2">
<gml:timePosition>2024-11-29</gml:timePosition>
</devDate>
<orgGILvl>KJ14</orgGILvl>
<vis>表示</vis>
<pos>
<gml:Point gml:id="K1_492925_29-g" srsName="fguuid:jgd2011.bl">
<gml:pos>32.901187722 129.691803000</gml:pos>
</gml:Point>
</pos>
<orgName>国土地理院</orgName>
<type>三角点</type>
<gcpClass>四等三角点</gcpClass>
<gcpCode>TR44929258501</gcpCode>
<name>口福</name>
<B>118444.2758</B>
<L>466890.4908</L>
<alti>373.36</alti>
<altiAcc>2</altiAcc>
</GCP>
<GCP gml:id="K1_492925_30">
<fid>10-00100-0-2411-194797</fid>
<lfSpanFr gml:id="K1_492925_30-1">
<gml:timePosition>2024-11-15</gml:timePosition>
</lfSpanFr>
<devDate gml:id="K1_492925_30-2">
<gml:timePosition>2024-11-29</gml:timePosition>
</devDate>
<orgGILvl>KJ14</orgGILvl>
<vis>表示</vis>
<pos>
<gml:Point gml:id="K1_492925_30-g" srsName="fguuid:jgd2011.bl">
<gml:pos>32.906782833 129.738439028</gml:pos>
</gml:Point>
</pos>
<orgName>国土地理院</orgName>
<type>三角点</type>
<gcpClass>四等三角点</gcpClass>
<gcpCode>TR44929258901</gcpCode>
<name>尼崎</name>
<B>118464.4182</B>
<L>467058.3805</L>
<alti>522.27</alti>
<altiAcc>2</altiAcc>
</GCP>
<GCP gml:id="K1_492925_31">
<fid>10-00100-0-2411-194798</fid>
<lfSpanFr gml:id="K1_492925_31-1">
<gml:timePosition>2024-11-15</gml:timePosition>
</lfSpanFr>
<devDate gml:id="K1_492925_31-2">
<gml:timePosition>2024-11-29</gml:timePosition>
</devDate>
<orgGILvl>KJ14</orgGILvl>
<vis>表示</vis>
<pos>
<gml:Point gml:id="K1_492925_31-g" srsName="fguuid:jgd2011.bl">
<gml:pos>32.911370944 129.663935250</gml:pos>
</gml:Point>
</pos>
<orgName>国土地理院</orgName>
<type>三角点</type>
<gcpClass>四等三角点</gcpClass>
<gcpCode>TR44929259301</gcpCode>
<name>塚堂</name>
<B>118480.9354</B>
<L>466790.1669</L>
<alti>146.63</alti>
<altiAcc>2</altiAcc>
</GCP>
<GCP gml:id="K1_492925_32">
<fid>10-00100-0-2411-194799</fid>
<lfSpanFr gml:id="K1_492925_32-1">
<gml:timePosition>2024-11-15</gml:timePosition>
</lfSpanFr>
<devDate gml:id="K1_492925_32-2">
<gml:timePosition>2024-11-29</gml:timePosition>
</devDate>
<orgGILvl>KJ14</orgGILvl>
<vis>表示</vis>
<pos>
<gml:Point gml:id="K1_492925_32-g" srsName="fguuid:jgd2011.bl">
<gml:pos>32.916314833 129.715281944</gml:pos>
</gml:Point>
</pos>
<orgName>国土地理院</orgName>
<type>三角点</type>
<gcpClass>四等三角点</gcpClass>
<gcpCode>TR44929259701</gcpCode>
<name>万助山</name>
<B>118498.7334</B>
<L>466975.015</L>
<alti>428.34</alti>
<altiAcc>2</altiAcc>
</GCP>
</Dataset>
