<?xml version="1.0" encoding="utf-8"?>
<Dataset xsi:schemaLocation="http://fgd.gsi.go.jp/spec/2008/FGD_GMLSchema FGD_GMLSchema.xsd"
	xmlns:gml="http://www.opengis.net/gml/3.2"
	xmlns:xsi="http://www.w3.org/2001/XMLSchema-instance"
	xmlns:xlink="http://www.w3.org/1999/xlink"
	xmlns="http://fgd.gsi.go.jp/spec/2008/FGD_GMLSchema"
	gml:id="Dataset1">
  <gml:description>基盤地図情報メタデータ ID=fmdid:25-0101</gml:description>
  <gml:name>基盤地図情報ダウンロードデータ（GML版）</gml:name>
<ElevPt gml:id="K2_4668011841_1">
<fid>46680-11841-i-359</fid>
<lfSpanFr gml:id="K2_4668011841_1-1">
<gml:timePosition>2023-02-21</gml:timePosition>
</lfSpanFr>
<devDate gml:id="K2_4668011841_1-2">
<gml:timePosition>2024-11-29</gml:timePosition>
</devDate>
<orgGILvl>25000</orgGILvl>
<vis>表示</vis>
<pos>
<gml:Point gml:id="K2_4668011841_1-g" srsName="fguuid:jgd2011.bl">
<gml:pos>32.895195833 129.673175278</gml:pos>
</gml:Point>
</pos>
<type>標高点（測点）</type>
<alti>144</alti>
</ElevPt>
<ElevPt gml:id="K2_4668011847_1">
<fid>46680-11847-i-230</fid>
<lfSpanFr gml:id="K2_4668011847_1-1">
<gml:timePosition>2023-02-21</gml:timePosition>
</lfSpanFr>
<devDate gml:id="K2_4668011847_1-2">
<gml:timePosition>2024-11-29</gml:timePosition>
</devDate>
<orgGILvl>25000</orgGILvl>
<vis>表示</vis>
<pos>
<gml:Point gml:id="K2_4668011847_1-g" srsName="fguuid:jgd2011.bl">
<gml:pos>32.913785000 129.666941111</gml:pos>
</gml:Point>
</pos>
<type>標高点（測点）</type>
<alti>176</alti>
</ElevPt>
<ElevPt gml:id="K2_4668311832_1">
<fid>46683-11832-i-507</fid>
<lfSpanFr gml:id="K2_4668311832_1-1">
<gml:timePosition>2023-02-21</gml:timePosition>
</lfSpanFr>
<devDate gml:id="K2_4668311832_1-2">
<gml:timePosition>2024-11-29</gml:timePosition>
</devDate>
<orgGILvl>25000</orgGILvl>
<vis>表示</vis>
<pos>
<gml:Point gml:id="K2_4668311832_1-g" srsName="fguuid:jgd2011.bl">
<gml:pos>32.869427500 129.680118333</gml:pos>
</gml:Point>
</pos>
<type>標高点（測点）</type>
<alti>102</alti>
</ElevPt>
<ElevPt gml:id="K2_4668311844_1">
<fid>46683-11844-i-232</fid>
<lfSpanFr gml:id="K2_4668311844_1-1">
<gml:timePosition>2023-02-21</gml:timePosition>
</lfSpanFr>
<devDate gml:id="K2_4668311844_1-2">
<gml:timePosition>2024-11-29</gml:timePosition>
</devDate>
<orgGILvl>25000</orgGILvl>
<vis>表示</vis>
<pos>
<gml:Point gml:id="K2_4668311844_1-g" srsName="fguuid:jgd2011.bl">
<gml:pos>32.902131111 129.675934722</gml:pos>
</gml:Point>
</pos>
<type>標高点（測点）</type>
<alti>182</alti>
</ElevPt>
<ElevPt gml:id="K2_4668311847_1">
<fid>46683-11847-i-138</fid>
<lfSpanFr gml:id="K2_4668311847_1-1">
<gml:timePosition>2023-02-21</gml:timePosition>
</lfSpanFr>
<devDate gml:id="K2_4668311847_1-2">
<gml:timePosition>2024-11-29</gml:timePosition>
</devDate>
<orgGILvl>25000</orgGILvl>
<vis>表示</vis>
<pos>
<gml:Point gml:id="K2_4668311847_1-g" srsName="fguuid:jgd2011.bl">
<gml:pos>32.915478056 129.676221667</gml:pos>
</gml:Point>
</pos>
<type>標高点（測点）</type>
<alti>222</alti>
</ElevPt>
<ElevPt gml:id="K2_4668611841_1">
<fid>46686-11841-i-357</fid>
<lfSpanFr gml:id="K2_4668611841_1-1">
<gml:timePosition>2023-02-21</gml:timePosition>
</lfSpanFr>
<devDate gml:id="K2_4668611841_1-2">
<gml:timePosition>2024-11-29</gml:timePosition>
</devDate>
<orgGILvl>25000</orgGILvl>
<vis>表示</vis>
<pos>
<gml:Point gml:id="K2_4668611841_1-g" srsName="fguuid:jgd2011.bl">
<gml:pos>32.894894444 129.685339722</gml:pos>
</gml:Point>
</pos>
<type>標高点（測点）</type>
<alti>255</alti>
</ElevPt>
<ElevPt gml:id="K2_4668611844_1">
<fid>46686-11844-i-226</fid>
<lfSpanFr gml:id="K2_4668611844_1-1">
<gml:timePosition>2023-02-21</gml:timePosition>
</lfSpanFr>
<devDate gml:id="K2_4668611844_1-2">
<gml:timePosition>2024-11-29</gml:timePosition>
</devDate>
<orgGILvl>25000</orgGILvl>
<vis>表示</vis>
<pos>
<gml:Point gml:id="K2_4668611844_1-g" srsName="fguuid:jgd2011.bl">
<gml:pos>32.904662211 129.688284647</gml:pos>
</gml:Point>
</pos>
<type>標高点（測点）</type>
<alti>343</alti>
</ElevPt>
<ElevPt gml:id="K2_4668911826_1">
<fid>46689-11826-i-918</fid>
<lfSpanFr gml:id="K2_4668911826_1-1">
<gml:timePosition>2023-02-21</gml:timePosition>
</lfSpanFr>
<devDate gml:id="K2_4668911826_1-2">
<gml:timePosition>2024-11-29</gml:timePosition>
</devDate>
<orgGILvl>25000</orgGILvl>
<vis>表示</vis>
<pos>
<gml:Point gml:id="K2_4668911826_1-g" srsName="fguuid:jgd2011.bl">
<gml:pos>32.855921667 129.694705278</gml:pos>
</gml:Point>
</pos>
<type>標高点（測点）</type>
<alti>281</alti>
</ElevPt>
<ElevPt gml:id="K2_4668911832_1">
<fid>46689-11832-i-107</fid>
<lfSpanFr gml:id="K2_4668911832_1-1">
<gml:timePosition>2023-02-21</gml:timePosition>
</lfSpanFr>
<devDate gml:id="K2_4668911832_1-2">
<gml:timePosition>2024-11-29</gml:timePosition>
</devDate>
<orgGILvl>25000</orgGILvl>
<vis>表示</vis>
<pos>
<gml:Point gml:id="K2_4668911832_1-g" srsName="fguuid:jgd2011.bl">
<gml:pos>32.873166111 129.693757222</gml:pos>
</gml:Point>
</pos>
<type>標高点（測点）</type>
<alti>207</alti>
</ElevPt>
<ElevPt gml:id="K2_4668911838_1">
<fid>46689-11838-i-1173</fid>
<lfSpanFr gml:id="K2_4668911838_1-1">
<gml:timePosition>2023-02-21</gml:timePosition>
</lfSpanFr>
<devDate gml:id="K2_4668911838_1-2">
<gml:timePosition>2024-11-29</gml:timePosition>
</devDate>
<orgGILvl>25000</orgGILvl>
<vis>表示</vis>
<pos>
<gml:Point gml:id="K2_4668911838_1-g" srsName="fguuid:jgd2011.bl">
<gml:pos>32.883496944 129.691915556</gml:pos>
</gml:Point>
</pos>
<type>標高点（測点）</type>
<alti>104</alti>
</ElevPt>
<ElevPt gml:id="K2_4668911841_1">
<fid>46689-11841-i-514</fid>
<lfSpanFr gml:id="K2_4668911841_1-1">
<gml:timePosition>2023-02-21</gml:timePosition>
</lfSpanFr>
<devDate gml:id="K2_4668911841_1-2">
<gml:timePosition>2024-11-29</gml:timePosition>
</devDate>
<orgGILvl>25000</orgGILvl>
<vis>表示</vis>
<pos>
<gml:Point gml:id="K2_4668911841_1-g" srsName="fguuid:jgd2011.bl">
<gml:pos>32.896856111 129.692521667</gml:pos>
</gml:Point>
</pos>
<type>標高点（測点）</type>
<alti>303</alti>
</ElevPt>
<ElevPt gml:id="K2_4668911844_1">
<fid>46689-11844-i-200</fid>
<lfSpanFr gml:id="K2_4668911844_1-1">
<gml:timePosition>2023-02-21</gml:timePosition>
</lfSpanFr>
<devDate gml:id="K2_4668911844_1-2">
<gml:timePosition>2024-11-29</gml:timePosition>
</devDate>
<orgGILvl>25000</orgGILvl>
<vis>表示</vis>
<pos>
<gml:Point gml:id="K2_4668911844_1-g" srsName="fguuid:jgd2011.bl">
<gml:pos>32.906980833 129.696446667</gml:pos>
</gml:Point>
</pos>
<type>標高点（測点）</type>
<alti>369</alti>
</ElevPt>
<ElevPt gml:id="K2_4669211829_1">
<fid>46692-11829-i-570</fid>
<lfSpanFr gml:id="K2_4669211829_1-1">
<gml:timePosition>2023-02-21</gml:timePosition>
</lfSpanFr>
<devDate gml:id="K2_4669211829_1-2">
<gml:timePosition>2024-11-29</gml:timePosition>
</devDate>
<orgGILvl>25000</orgGILvl>
<vis>表示</vis>
<pos>
<gml:Point gml:id="K2_4669211829_1-g" srsName="fguuid:jgd2011.bl">
<gml:pos>32.865202778 129.700713333</gml:pos>
</gml:Point>
</pos>
<type>標高点（測点）</type>
<alti>298</alti>
</ElevPt>
<ElevPt gml:id="K2_4669211832_1">
<fid>46692-11832-i-149</fid>
<lfSpanFr gml:id="K2_4669211832_1-1">
<gml:timePosition>2023-02-21</gml:timePosition>
</lfSpanFr>
<devDate gml:id="K2_4669211832_1-2">
<gml:timePosition>2024-11-29</gml:timePosition>
</devDate>
<orgGILvl>25000</orgGILvl>
<vis>表示</vis>
<pos>
<gml:Point gml:id="K2_4669211832_1-g" srsName="fguuid:jgd2011.bl">
<gml:pos>32.871718056 129.706213333</gml:pos>
</gml:Point>
</pos>
<type>標高点（測点）</type>
<alti>302</alti>
</ElevPt>
<ElevPt gml:id="K2_4669211835_1">
<fid>46692-11835-i-661</fid>
<lfSpanFr gml:id="K2_4669211835_1-1">
<gml:timePosition>2023-02-21</gml:timePosition>
</lfSpanFr>
<devDate gml:id="K2_4669211835_1-2">
<gml:timePosition>2024-11-29</gml:timePosition>
</devDate>
<orgGILvl>25000</orgGILvl>
<vis>表示</vis>
<pos>
<gml:Point gml:id="K2_4669211835_1-g" srsName="fguuid:jgd2011.bl">
<gml:pos>32.881516389 129.703735556</gml:pos>
</gml:Point>
</pos>
<type>標高点（測点）</type>
<alti>94</alti>
</ElevPt>
<ElevPt gml:id="K2_4669211841_1">
<fid>46692-11841-i-298</fid>
<lfSpanFr gml:id="K2_4669211841_1-1">
<gml:timePosition>2023-02-21</gml:timePosition>
</lfSpanFr>
<devDate gml:id="K2_4669211841_1-2">
<gml:timePosition>2024-11-29</gml:timePosition>
</devDate>
<orgGILvl>25000</orgGILvl>
<vis>表示</vis>
<pos>
<gml:Point gml:id="K2_4669211841_1-g" srsName="fguuid:jgd2011.bl">
<gml:pos>32.896272500 129.702004722</gml:pos>
</gml:Point>
</pos>
<type>標高点（測点）</type>
<alti>317</alti>
</ElevPt>
<ElevPt gml:id="K2_4669211844_1">
<fid>46692-11844-i-295</fid>
<lfSpanFr gml:id="K2_4669211844_1-1">
<gml:timePosition>2023-02-21</gml:timePosition>
</lfSpanFr>
<devDate gml:id="K2_4669211844_1-2">
<gml:timePosition>2024-11-29</gml:timePosition>
</devDate>
<orgGILvl>25000</orgGILvl>
<vis>表示</vis>
<pos>
<gml:Point gml:id="K2_4669211844_1-g" srsName="fguuid:jgd2011.bl">
<gml:pos>32.907177778 129.701343611</gml:pos>
</gml:Point>
</pos>
<type>標高点（測点）</type>
<alti>392</alti>
</ElevPt>
<ElevPt gml:id="K2_4669211847_1">
<fid>46692-11847-i-223</fid>
<lfSpanFr gml:id="K2_4669211847_1-1">
<gml:timePosition>2023-02-21</gml:timePosition>
</lfSpanFr>
<devDate gml:id="K2_4669211847_1-2">
<gml:timePosition>2024-11-29</gml:timePosition>
</devDate>
<orgGILvl>25000</orgGILvl>
<vis>表示</vis>
<pos>
<gml:Point gml:id="K2_4669211847_1-g" srsName="fguuid:jgd2011.bl">
<gml:pos>32.909789167 129.704864722</gml:pos>
</gml:Point>
</pos>
<type>標高点（測点）</type>
<alti>384</alti>
</ElevPt>
<ElevPt gml:id="K2_4669511841_1">
<fid>46695-11841-i-459</fid>
<lfSpanFr gml:id="K2_4669511841_1-1">
<gml:timePosition>2023-02-21</gml:timePosition>
</lfSpanFr>
<devDate gml:id="K2_4669511841_1-2">
<gml:timePosition>2024-11-29</gml:timePosition>
</devDate>
<orgGILvl>25000</orgGILvl>
<vis>表示</vis>
<pos>
<gml:Point gml:id="K2_4669511841_1-g" srsName="fguuid:jgd2011.bl">
<gml:pos>32.899513889 129.711409722</gml:pos>
</gml:Point>
</pos>
<type>標高点（測点）</type>
<alti>430</alti>
</ElevPt>
<ElevPt gml:id="K2_4669511847_1">
<fid>46695-11847-i-73</fid>
<lfSpanFr gml:id="K2_4669511847_1-1">
<gml:timePosition>2023-02-21</gml:timePosition>
</lfSpanFr>
<devDate gml:id="K2_4669511847_1-2">
<gml:timePosition>2024-11-29</gml:timePosition>
</devDate>
<orgGILvl>25000</orgGILvl>
<vis>表示</vis>
<pos>
<gml:Point gml:id="K2_4669511847_1-g" srsName="fguuid:jgd2011.bl">
<gml:pos>32.911213056 129.715528889</gml:pos>
</gml:Point>
</pos>
<type>標高点（測点）</type>
<alti>328</alti>
</ElevPt>
<ElevPt gml:id="K2_4669811829_1">
<fid>46698-11829-i-442</fid>
<lfSpanFr gml:id="K2_4669811829_1-1">
<gml:timePosition>2023-02-21</gml:timePosition>
</lfSpanFr>
<devDate gml:id="K2_4669811829_1-2">
<gml:timePosition>2024-11-29</gml:timePosition>
</devDate>
<orgGILvl>25000</orgGILvl>
<vis>表示</vis>
<pos>
<gml:Point gml:id="K2_4669811829_1-g" srsName="fguuid:jgd2011.bl">
<gml:pos>32.861338611 129.720886944</gml:pos>
</gml:Point>
</pos>
<type>標高点（測点）</type>
<alti>264</alti>
</ElevPt>
<ElevPt gml:id="K2_4669811838_1">
<fid>46698-11838-i-242</fid>
<lfSpanFr gml:id="K2_4669811838_1-1">
<gml:timePosition>2023-02-21</gml:timePosition>
</lfSpanFr>
<devDate gml:id="K2_4669811838_1-2">
<gml:timePosition>2024-11-29</gml:timePosition>
</devDate>
<orgGILvl>25000</orgGILvl>
<vis>表示</vis>
<pos>
<gml:Point gml:id="K2_4669811838_1-g" srsName="fguuid:jgd2011.bl">
<gml:pos>32.884821389 129.718656667</gml:pos>
</gml:Point>
</pos>
<type>標高点（測点）</type>
<alti>158</alti>
</ElevPt>
<ElevPt gml:id="K2_4669811838_2">
<fid>46698-11838-i-243</fid>
<lfSpanFr gml:id="K2_4669811838_2-1">
<gml:timePosition>2023-02-21</gml:timePosition>
</lfSpanFr>
<devDate gml:id="K2_4669811838_2-2">
<gml:timePosition>2024-11-29</gml:timePosition>
</devDate>
<orgGILvl>25000</orgGILvl>
<vis>表示</vis>
<pos>
<gml:Point gml:id="K2_4669811838_2-g" srsName="fguuid:jgd2011.bl">
<gml:pos>32.885658056 129.724770000</gml:pos>
</gml:Point>
</pos>
<type>標高点（測点）</type>
<alti>233</alti>
</ElevPt>
<ElevPt gml:id="K2_4669811844_1">
<fid>46698-11844-i-551</fid>
<lfSpanFr gml:id="K2_4669811844_1-1">
<gml:timePosition>2023-02-21</gml:timePosition>
</lfSpanFr>
<devDate gml:id="K2_4669811844_1-2">
<gml:timePosition>2024-11-29</gml:timePosition>
</devDate>
<orgGILvl>25000</orgGILvl>
<vis>表示</vis>
<pos>
<gml:Point gml:id="K2_4669811844_1-g" srsName="fguuid:jgd2011.bl">
<gml:pos>32.905360556 129.721825000</gml:pos>
</gml:Point>
</pos>
<type>標高点（測点）</type>
<alti>478</alti>
</ElevPt>
<ElevPt gml:id="K2_4670111823_1">
<fid>46701-11823-i-401</fid>
<lfSpanFr gml:id="K2_4670111823_1-1">
<gml:timePosition>2023-02-21</gml:timePosition>
</lfSpanFr>
<devDate gml:id="K2_4670111823_1-2">
<gml:timePosition>2024-11-29</gml:timePosition>
</devDate>
<orgGILvl>25000</orgGILvl>
<vis>表示</vis>
<pos>
<gml:Point gml:id="K2_4670111823_1-g" srsName="fguuid:jgd2011.bl">
<gml:pos>32.842494444 129.730772500</gml:pos>
</gml:Point>
</pos>
<type>標高点（測点）</type>
<alti>267</alti>
</ElevPt>
<ElevPt gml:id="K2_4670111823_2">
<fid>46701-11823-i-402</fid>
<lfSpanFr gml:id="K2_4670111823_2-1">
<gml:timePosition>2023-02-21</gml:timePosition>
</lfSpanFr>
<devDate gml:id="K2_4670111823_2-2">
<gml:timePosition>2024-11-29</gml:timePosition>
</devDate>
<orgGILvl>25000</orgGILvl>
<vis>表示</vis>
<pos>
<gml:Point gml:id="K2_4670111823_2-g" srsName="fguuid:jgd2011.bl">
<gml:pos>32.847885278 129.725693611</gml:pos>
</gml:Point>
</pos>
<type>標高点（測点）</type>
<alti>106</alti>
</ElevPt>
<ElevPt gml:id="K2_4670111829_1">
<fid>46701-11829-i-452</fid>
<lfSpanFr gml:id="K2_4670111829_1-1">
<gml:timePosition>2023-02-21</gml:timePosition>
</lfSpanFr>
<devDate gml:id="K2_4670111829_1-2">
<gml:timePosition>2024-11-29</gml:timePosition>
</devDate>
<orgGILvl>25000</orgGILvl>
<vis>表示</vis>
<pos>
<gml:Point gml:id="K2_4670111829_1-g" srsName="fguuid:jgd2011.bl">
<gml:pos>32.860828749 129.732791221</gml:pos>
</gml:Point>
</pos>
<type>標高点（測点）</type>
<alti>244</alti>
</ElevPt>
<ElevPt gml:id="K2_4670111832_1">
<fid>46701-11832-i-439</fid>
<lfSpanFr gml:id="K2_4670111832_1-1">
<gml:timePosition>2023-02-21</gml:timePosition>
</lfSpanFr>
<devDate gml:id="K2_4670111832_1-2">
<gml:timePosition>2024-11-29</gml:timePosition>
</devDate>
<orgGILvl>25000</orgGILvl>
<vis>表示</vis>
<pos>
<gml:Point gml:id="K2_4670111832_1-g" srsName="fguuid:jgd2011.bl">
<gml:pos>32.871221389 129.730858889</gml:pos>
</gml:Point>
</pos>
<type>標高点（測点）</type>
<alti>244</alti>
</ElevPt>
<ElevPt gml:id="K2_4670111835_1">
<fid>46701-11835-i-303</fid>
<lfSpanFr gml:id="K2_4670111835_1-1">
<gml:timePosition>2023-02-21</gml:timePosition>
</lfSpanFr>
<devDate gml:id="K2_4670111835_1-2">
<gml:timePosition>2024-11-29</gml:timePosition>
</devDate>
<orgGILvl>25000</orgGILvl>
<vis>表示</vis>
<pos>
<gml:Point gml:id="K2_4670111835_1-g" srsName="fguuid:jgd2011.bl">
<gml:pos>32.879586056 129.730484944</gml:pos>
</gml:Point>
</pos>
<type>標高点（測点）</type>
<alti>119</alti>
</ElevPt>
<ElevPt gml:id="K2_4670111841_1">
<fid>46701-11841-i-506</fid>
<lfSpanFr gml:id="K2_4670111841_1-1">
<gml:timePosition>2023-02-21</gml:timePosition>
</lfSpanFr>
<devDate gml:id="K2_4670111841_1-2">
<gml:timePosition>2024-11-29</gml:timePosition>
</devDate>
<orgGILvl>25000</orgGILvl>
<vis>表示</vis>
<pos>
<gml:Point gml:id="K2_4670111841_1-g" srsName="fguuid:jgd2011.bl">
<gml:pos>32.894055778 129.728990917</gml:pos>
</gml:Point>
</pos>
<type>標高点（測点）</type>
<alti>271</alti>
</ElevPt>
<ElevPt gml:id="K2_4670111844_1">
<fid>46701-11844-i-379</fid>
<lfSpanFr gml:id="K2_4670111844_1-1">
<gml:timePosition>2023-02-21</gml:timePosition>
</lfSpanFr>
<devDate gml:id="K2_4670111844_1-2">
<gml:timePosition>2024-11-29</gml:timePosition>
</devDate>
<orgGILvl>25000</orgGILvl>
<vis>表示</vis>
<pos>
<gml:Point gml:id="K2_4670111844_1-g" srsName="fguuid:jgd2011.bl">
<gml:pos>32.901554976 129.729178666</gml:pos>
</gml:Point>
</pos>
<type>標高点（測点）</type>
<alti>414</alti>
</ElevPt>
<ElevPt gml:id="K2_4670411820_1">
<fid>46704-11820-i-730</fid>
<lfSpanFr gml:id="K2_4670411820_1-1">
<gml:timePosition>2023-02-21</gml:timePosition>
</lfSpanFr>
<devDate gml:id="K2_4670411820_1-2">
<gml:timePosition>2024-11-29</gml:timePosition>
</devDate>
<orgGILvl>25000</orgGILvl>
<vis>表示</vis>
<pos>
<gml:Point gml:id="K2_4670411820_1-g" srsName="fguuid:jgd2011.bl">
<gml:pos>32.838405556 129.737914444</gml:pos>
</gml:Point>
</pos>
<type>標高点（測点）</type>
<alti>325</alti>
</ElevPt>
<ElevPt gml:id="K2_4670411823_1">
<fid>46704-11823-i-1111</fid>
<lfSpanFr gml:id="K2_4670411823_1-1">
<gml:timePosition>2023-02-21</gml:timePosition>
</lfSpanFr>
<devDate gml:id="K2_4670411823_1-2">
<gml:timePosition>2024-11-29</gml:timePosition>
</devDate>
<orgGILvl>25000</orgGILvl>
<vis>表示</vis>
<pos>
<gml:Point gml:id="K2_4670411823_1-g" srsName="fguuid:jgd2011.bl">
<gml:pos>32.846433989 129.736732966</gml:pos>
</gml:Point>
</pos>
<type>標高点（測点）</type>
<alti>259</alti>
</ElevPt>
<ElevPt gml:id="K2_4670411826_1">
<fid>46704-11826-i-694</fid>
<lfSpanFr gml:id="K2_4670411826_1-1">
<gml:timePosition>2023-02-21</gml:timePosition>
</lfSpanFr>
<devDate gml:id="K2_4670411826_1-2">
<gml:timePosition>2024-11-29</gml:timePosition>
</devDate>
<orgGILvl>25000</orgGILvl>
<vis>表示</vis>
<pos>
<gml:Point gml:id="K2_4670411826_1-g" srsName="fguuid:jgd2011.bl">
<gml:pos>32.852251389 129.733640278</gml:pos>
</gml:Point>
</pos>
<type>標高点（測点）</type>
<alti>246</alti>
</ElevPt>
<ElevPt gml:id="K2_4670411829_1">
<fid>46704-11829-i-408</fid>
<lfSpanFr gml:id="K2_4670411829_1-1">
<gml:timePosition>2023-02-21</gml:timePosition>
</lfSpanFr>
<devDate gml:id="K2_4670411829_1-2">
<gml:timePosition>2024-11-29</gml:timePosition>
</devDate>
<orgGILvl>25000</orgGILvl>
<vis>表示</vis>
<pos>
<gml:Point gml:id="K2_4670411829_1-g" srsName="fguuid:jgd2011.bl">
<gml:pos>32.862567778 129.740980000</gml:pos>
</gml:Point>
</pos>
<type>標高点（測点）</type>
<alti>277</alti>
</ElevPt>
<ElevPt gml:id="K2_4670411838_1">
<fid>46704-11838-i-230</fid>
<lfSpanFr gml:id="K2_4670411838_1-1">
<gml:timePosition>2023-02-21</gml:timePosition>
</lfSpanFr>
<devDate gml:id="K2_4670411838_1-2">
<gml:timePosition>2024-11-29</gml:timePosition>
</devDate>
<orgGILvl>25000</orgGILvl>
<vis>表示</vis>
<pos>
<gml:Point gml:id="K2_4670411838_1-g" srsName="fguuid:jgd2011.bl">
<gml:pos>32.891260000 129.740775278</gml:pos>
</gml:Point>
</pos>
<type>標高点（測点）</type>
<alti>357</alti>
</ElevPt>
<ElevPt gml:id="K2_4670411847_1">
<fid>46704-11847-i-334</fid>
<lfSpanFr gml:id="K2_4670411847_1-1">
<gml:timePosition>2023-02-21</gml:timePosition>
</lfSpanFr>
<devDate gml:id="K2_4670411847_1-2">
<gml:timePosition>2024-11-29</gml:timePosition>
</devDate>
<orgGILvl>25000</orgGILvl>
<vis>表示</vis>
<pos>
<gml:Point gml:id="K2_4670411847_1-g" srsName="fguuid:jgd2011.bl">
<gml:pos>32.910235833 129.735901389</gml:pos>
</gml:Point>
</pos>
<type>標高点（測点）</type>
<alti>506</alti>
</ElevPt>
<ElevPt gml:id="K2_4670711835_1">
<fid>46707-11835-i-680</fid>
<lfSpanFr gml:id="K2_4670711835_1-1">
<gml:timePosition>2023-02-21</gml:timePosition>
</lfSpanFr>
<devDate gml:id="K2_4670711835_1-2">
<gml:timePosition>2024-11-29</gml:timePosition>
</devDate>
<orgGILvl>25000</orgGILvl>
<vis>表示</vis>
<pos>
<gml:Point gml:id="K2_4670711835_1-g" srsName="fguuid:jgd2011.bl">
<gml:pos>32.879362778 129.744925000</gml:pos>
</gml:Point>
</pos>
<type>標高点（測点）</type>
<alti>412</alti>
</ElevPt>
<ElevPt gml:id="K2_4670711838_1">
<fid>46707-11838-i-280</fid>
<lfSpanFr gml:id="K2_4670711838_1-1">
<gml:timePosition>2023-02-21</gml:timePosition>
</lfSpanFr>
<devDate gml:id="K2_4670711838_1-2">
<gml:timePosition>2024-11-29</gml:timePosition>
</devDate>
<orgGILvl>25000</orgGILvl>
<vis>表示</vis>
<pos>
<gml:Point gml:id="K2_4670711838_1-g" srsName="fguuid:jgd2011.bl">
<gml:pos>32.884659444 129.742298611</gml:pos>
</gml:Point>
</pos>
<type>標高点（測点）</type>
<alti>339</alti>
</ElevPt>
</Dataset>
