<?xml version="1.0" encoding="utf-8"?>
<Dataset xsi:schemaLocation="http://fgd.gsi.go.jp/spec/2008/FGD_GMLSchema FGD_GMLSchema.xsd"
	xmlns:gml="http://www.opengis.net/gml/3.2"
	xmlns:xsi="http://www.w3.org/2001/XMLSchema-instance"
	xmlns:xlink="http://www.w3.org/1999/xlink"
	xmlns="http://fgd.gsi.go.jp/spec/2008/FGD_GMLSchema"
	gml:id="Dataset1">
  <gml:description>基盤地図情報メタデータ ID=fmdid:23-0101</gml:description>
  <gml:name>基盤地図情報ダウンロードデータ（GML版）</gml:name>
<GCP gml:id="K1_492941_1">
<fid>10-00100-0-2211-152422</fid>
<lfSpanFr gml:id="K1_492941_1-1">
<gml:timePosition>2022-11-25</gml:timePosition>
</lfSpanFr>
<devDate gml:id="K1_492941_1-2">
<gml:timePosition>2022-12-03</gml:timePosition>
</devDate>
<orgGILvl>KJ12</orgGILvl>
<vis>表示</vis>
<pos>
<gml:Point gml:id="K1_492941_1-g" srsName="fguuid:jgd2011.bl">
<gml:pos>33.005895139 129.244974583</gml:pos>
</gml:Point>
</pos>
<orgName>国土地理院</orgName>
<type>三角点</type>
<gcpClass>二等三角点</gcpClass>
<gcpCode>TR24929410901</gcpCode>
<name>白岳</name>
<B>118821.2225</B>
<L>465281.9085</L>
<alti>204.77</alti>
<altiAcc>2</altiAcc>
</GCP>
<GCP gml:id="K1_492941_2">
<fid>10-00100-0-2211-152423</fid>
<lfSpanFr gml:id="K1_492941_2-1">
<gml:timePosition>2022-11-25</gml:timePosition>
</lfSpanFr>
<devDate gml:id="K1_492941_2-2">
<gml:timePosition>2022-12-03</gml:timePosition>
</devDate>
<orgGILvl>KJ12</orgGILvl>
<vis>表示</vis>
<pos>
<gml:Point gml:id="K1_492941_2-g" srsName="fguuid:jgd2011.bl">
<gml:pos>33.033746667 129.160261167</gml:pos>
</gml:Point>
</pos>
<orgName>国土地理院</orgName>
<type>三角点</type>
<gcpClass>二等三角点</gcpClass>
<gcpCode>TR24929414201</gcpCode>
<name>野安中島</name>
<B>118921.488</B>
<L>464976.9402</L>
<alti>47.98</alti>
<altiAcc>2</altiAcc>
</GCP>
<GCP gml:id="K1_492941_3">
<fid>10-00100-0-2211-159043</fid>
<lfSpanFr gml:id="K1_492941_3-1">
<gml:timePosition>2022-11-25</gml:timePosition>
</lfSpanFr>
<devDate gml:id="K1_492941_3-2">
<gml:timePosition>2022-12-03</gml:timePosition>
</devDate>
<orgGILvl>KJ13</orgGILvl>
<vis>表示</vis>
<pos>
<gml:Point gml:id="K1_492941_3-g" srsName="fguuid:jgd2011.bl">
<gml:pos>33.007721056 129.165421361</gml:pos>
</gml:Point>
</pos>
<orgName>国土地理院</orgName>
<type>三角点</type>
<gcpClass>三等三角点</gcpClass>
<gcpCode>TR34929410301</gcpCode>
<name>小櫃越</name>
<B>118827.7958</B>
<L>464995.5169</L>
<alti>41.74</alti>
<altiAcc>2</altiAcc>
</GCP>
<GCP gml:id="K1_492941_4">
<fid>10-00100-0-2211-159044</fid>
<lfSpanFr gml:id="K1_492941_4-1">
<gml:timePosition>2022-11-25</gml:timePosition>
</lfSpanFr>
<devDate gml:id="K1_492941_4-2">
<gml:timePosition>2022-12-03</gml:timePosition>
</devDate>
<orgGILvl>KJ13</orgGILvl>
<vis>表示</vis>
<pos>
<gml:Point gml:id="K1_492941_4-g" srsName="fguuid:jgd2011.bl">
<gml:pos>33.011976361 129.188661194</gml:pos>
</gml:Point>
</pos>
<orgName>国土地理院</orgName>
<type>三角点</type>
<gcpClass>三等三角点</gcpClass>
<gcpCode>TR34929411501</gcpCode>
<name>頭島</name>
<B>118843.1149</B>
<L>465079.1803</L>
<alti>106.39</alti>
<altiAcc>2</altiAcc>
</GCP>
<GCP gml:id="K1_492941_5">
<fid>10-00100-0-2211-195168</fid>
<lfSpanFr gml:id="K1_492941_5-1">
<gml:timePosition>2022-11-25</gml:timePosition>
</lfSpanFr>
<devDate gml:id="K1_492941_5-2">
<gml:timePosition>2022-12-03</gml:timePosition>
</devDate>
<orgGILvl>KJ14</orgGILvl>
<vis>表示</vis>
<pos>
<gml:Point gml:id="K1_492941_5-g" srsName="fguuid:jgd2011.bl">
<gml:pos>33.001390306 129.133641472</gml:pos>
</gml:Point>
</pos>
<orgName>国土地理院</orgName>
<type>三角点</type>
<gcpClass>四等三角点</gcpClass>
<gcpCode>TR44929410001</gcpCode>
<name>野首</name>
<B>118805.0051</B>
<L>464881.1093</L>
<alti>39.51</alti>
<altiAcc>2</altiAcc>
</GCP>
<GCP gml:id="K1_492941_6">
<fid>10-00100-0-2211-195169</fid>
<lfSpanFr gml:id="K1_492941_6-1">
<gml:timePosition>2022-11-25</gml:timePosition>
</lfSpanFr>
<devDate gml:id="K1_492941_6-2">
<gml:timePosition>2022-12-03</gml:timePosition>
</devDate>
<orgGILvl>KJ14</orgGILvl>
<vis>表示</vis>
<pos>
<gml:Point gml:id="K1_492941_6-g" srsName="fguuid:jgd2011.bl">
<gml:pos>33.007468250 129.148398861</gml:pos>
</gml:Point>
</pos>
<orgName>国土地理院</orgName>
<type>三角点</type>
<gcpClass>四等三角点</gcpClass>
<gcpCode>TR44929410101</gcpCode>
<name>源五郎</name>
<B>118826.8857</B>
<L>464934.2359</L>
<alti>32.56</alti>
<altiAcc>2</altiAcc>
</GCP>
<GCP gml:id="K1_492941_7">
<fid>10-00100-0-2211-195170</fid>
<lfSpanFr gml:id="K1_492941_7-1">
<gml:timePosition>2022-11-25</gml:timePosition>
</lfSpanFr>
<devDate gml:id="K1_492941_7-2">
<gml:timePosition>2022-12-03</gml:timePosition>
</devDate>
<orgGILvl>KJ14</orgGILvl>
<vis>表示</vis>
<pos>
<gml:Point gml:id="K1_492941_7-g" srsName="fguuid:jgd2011.bl">
<gml:pos>33.002617556 129.176757889</gml:pos>
</gml:Point>
</pos>
<orgName>国土地理院</orgName>
<type>三角点</type>
<gcpClass>四等三角点</gcpClass>
<gcpCode>TR44929410401</gcpCode>
<name>友住</name>
<B>118809.4232</B>
<L>465036.3284</L>
<alti>119.71</alti>
<altiAcc>2</altiAcc>
</GCP>
<GCP gml:id="K1_492941_8">
<fid>10-00100-0-2211-195171</fid>
<lfSpanFr gml:id="K1_492941_8-1">
<gml:timePosition>2022-11-25</gml:timePosition>
</lfSpanFr>
<devDate gml:id="K1_492941_8-2">
<gml:timePosition>2022-12-03</gml:timePosition>
</devDate>
<orgGILvl>KJ14</orgGILvl>
<vis>表示</vis>
<pos>
<gml:Point gml:id="K1_492941_8-g" srsName="fguuid:jgd2011.bl">
<gml:pos>33.002550194 129.229875167</gml:pos>
</gml:Point>
</pos>
<orgName>国土地理院</orgName>
<type>三角点</type>
<gcpClass>四等三角点</gcpClass>
<gcpCode>TR44929410801</gcpCode>
<name>中崎</name>
<B>118809.1807</B>
<L>465227.5506</L>
<alti>83.74</alti>
<altiAcc>2</altiAcc>
</GCP>
<GCP gml:id="K1_492941_9">
<fid>10-00100-0-2211-195172</fid>
<lfSpanFr gml:id="K1_492941_9-1">
<gml:timePosition>2022-11-25</gml:timePosition>
</lfSpanFr>
<devDate gml:id="K1_492941_9-2">
<gml:timePosition>2022-12-03</gml:timePosition>
</devDate>
<orgGILvl>KJ14</orgGILvl>
<vis>表示</vis>
<pos>
<gml:Point gml:id="K1_492941_9-g" srsName="fguuid:jgd2011.bl">
<gml:pos>33.012610306 129.239354028</gml:pos>
</gml:Point>
</pos>
<orgName>国土地理院</orgName>
<type>三角点</type>
<gcpClass>四等三角点</gcpClass>
<gcpCode>TR44929411901</gcpCode>
<name>大山口</name>
<B>118845.3971</B>
<L>465261.6745</L>
<alti>98.47</alti>
<altiAcc>2</altiAcc>
</GCP>
<GCP gml:id="K1_492941_10">
<fid>10-00100-0-2211-195173</fid>
<lfSpanFr gml:id="K1_492941_10-1">
<gml:timePosition>2022-11-25</gml:timePosition>
</lfSpanFr>
<devDate gml:id="K1_492941_10-2">
<gml:timePosition>2022-12-03</gml:timePosition>
</devDate>
<orgGILvl>KJ14</orgGILvl>
<vis>表示</vis>
<pos>
<gml:Point gml:id="K1_492941_10-g" srsName="fguuid:jgd2011.bl">
<gml:pos>33.020990028 129.179946167</gml:pos>
</gml:Point>
</pos>
<orgName>国土地理院</orgName>
<type>三角点</type>
<gcpClass>四等三角点</gcpClass>
<gcpCode>TR44929412401</gcpCode>
<name>ロクロ</name>
<B>118875.5641</B>
<L>465047.8062</L>
<alti>55.41</alti>
<altiAcc>2</altiAcc>
</GCP>
<GCP gml:id="K1_492941_11">
<fid>10-00100-0-2211-195174</fid>
<lfSpanFr gml:id="K1_492941_11-1">
<gml:timePosition>2022-11-25</gml:timePosition>
</lfSpanFr>
<devDate gml:id="K1_492941_11-2">
<gml:timePosition>2022-12-03</gml:timePosition>
</devDate>
<orgGILvl>KJ14</orgGILvl>
<vis>表示</vis>
<pos>
<gml:Point gml:id="K1_492941_11-g" srsName="fguuid:jgd2011.bl">
<gml:pos>33.022216444 129.247351444</gml:pos>
</gml:Point>
</pos>
<orgName>国土地理院</orgName>
<type>三角点</type>
<gcpClass>四等三角点</gcpClass>
<gcpCode>TR44929412901</gcpCode>
<name>黒崎鼻</name>
<B>118879.9792</B>
<L>465290.4652</L>
<alti>48.74</alti>
<altiAcc>2</altiAcc>
</GCP>
<GCP gml:id="K1_492941_12">
<fid>10-00100-0-2211-195175</fid>
<lfSpanFr gml:id="K1_492941_12-1">
<gml:timePosition>2022-11-25</gml:timePosition>
</lfSpanFr>
<devDate gml:id="K1_492941_12-2">
<gml:timePosition>2022-12-03</gml:timePosition>
</devDate>
<orgGILvl>KJ14</orgGILvl>
<vis>表示</vis>
<pos>
<gml:Point gml:id="K1_492941_12-g" srsName="fguuid:jgd2011.bl">
<gml:pos>33.078377222 129.132796361</gml:pos>
</gml:Point>
</pos>
<orgName>国土地理院</orgName>
<type>三角点</type>
<gcpClass>四等三角点</gcpClass>
<gcpCode>TR44929419001</gcpCode>
<name>亀ヶ瀬</name>
<B>119082.158</B>
<L>464878.0669</L>
<alti>14.5</alti>
<altiAcc>2</altiAcc>
</GCP>
</Dataset>
