<?xml version="1.0" encoding="utf-8"?>
<Dataset xsi:schemaLocation="http://fgd.gsi.go.jp/spec/2008/FGD_GMLSchema FGD_GMLSchema.xsd"
	xmlns:gml="http://www.opengis.net/gml/3.2"
	xmlns:xsi="http://www.w3.org/2001/XMLSchema-instance"
	xmlns:xlink="http://www.w3.org/1999/xlink"
	xmlns="http://fgd.gsi.go.jp/spec/2008/FGD_GMLSchema"
	gml:id="Dataset1">
  <gml:description>基盤地図情報メタデータ ID=fmdid:23-0101</gml:description>
  <gml:name>基盤地図情報ダウンロードデータ（GML版）</gml:name>
<AdmPt gml:id="K6_4648811880_1">
<fid>46488-11880-i-15</fid>
<lfSpanFr gml:id="K6_4648811880_1-1">
<gml:timePosition>2015-11-17</gml:timePosition>
</lfSpanFr>
<devDate gml:id="K6_4648811880_1-2">
<gml:timePosition>2022-12-03</gml:timePosition>
</devDate>
<orgGILvl>25000</orgGILvl>
<vis>非表示</vis>
<pos>
<gml:Point gml:id="K6_4648811880_1-g" srsName="fguuid:jgd2011.bl">
<gml:pos>33.001192816 129.134802833</gml:pos>
</gml:Point>
</pos>
<type>町村・指定都市の区</type>
<name>新上五島町</name>
<admCode>42411</admCode>
</AdmPt>
<AdmPt gml:id="K6_4649111880_1">
<fid>46491-11880-i-63</fid>
<lfSpanFr gml:id="K6_4649111880_1-1">
<gml:timePosition>2015-11-17</gml:timePosition>
</lfSpanFr>
<devDate gml:id="K6_4649111880_1-2">
<gml:timePosition>2022-12-03</gml:timePosition>
</devDate>
<orgGILvl>25000</orgGILvl>
<vis>非表示</vis>
<pos>
<gml:Point gml:id="K6_4649111880_1-g" srsName="fguuid:jgd2011.bl">
<gml:pos>33.001762295 129.145716679</gml:pos>
</gml:Point>
</pos>
<type>町村・指定都市の区</type>
<name>新上五島町</name>
<admCode>42411</admCode>
</AdmPt>
<AdmPt gml:id="K6_4649711880_1">
<fid>46497-11880-i-123</fid>
<lfSpanFr gml:id="K6_4649711880_1-1">
<gml:timePosition>2015-11-17</gml:timePosition>
</lfSpanFr>
<devDate gml:id="K6_4649711880_1-2">
<gml:timePosition>2022-12-03</gml:timePosition>
</devDate>
<orgGILvl>25000</orgGILvl>
<vis>非表示</vis>
<pos>
<gml:Point gml:id="K6_4649711880_1-g" srsName="fguuid:jgd2011.bl">
<gml:pos>33.004401894 129.162195515</gml:pos>
</gml:Point>
</pos>
<type>町村・指定都市の区</type>
<name>新上五島町</name>
<admCode>42411</admCode>
</AdmPt>
<AdmPt gml:id="K6_4650311880_1">
<fid>46503-11880-i-75</fid>
<lfSpanFr gml:id="K6_4650311880_1-1">
<gml:timePosition>2015-11-17</gml:timePosition>
</lfSpanFr>
<devDate gml:id="K6_4650311880_1-2">
<gml:timePosition>2022-12-03</gml:timePosition>
</devDate>
<orgGILvl>25000</orgGILvl>
<vis>非表示</vis>
<pos>
<gml:Point gml:id="K6_4650311880_1-g" srsName="fguuid:jgd2011.bl">
<gml:pos>33.003703059 129.176025491</gml:pos>
</gml:Point>
</pos>
<type>町村・指定都市の区</type>
<name>新上五島町</name>
<admCode>42411</admCode>
</AdmPt>
<AdmPt gml:id="K6_4650611883_1">
<fid>46506-11883-i-77</fid>
<lfSpanFr gml:id="K6_4650611883_1-1">
<gml:timePosition>2015-11-17</gml:timePosition>
</lfSpanFr>
<devDate gml:id="K6_4650611883_1-2">
<gml:timePosition>2022-12-03</gml:timePosition>
</devDate>
<orgGILvl>25000</orgGILvl>
<vis>非表示</vis>
<pos>
<gml:Point gml:id="K6_4650611883_1-g" srsName="fguuid:jgd2011.bl">
<gml:pos>33.013093557 129.185217058</gml:pos>
</gml:Point>
</pos>
<type>町村・指定都市の区</type>
<name>新上五島町</name>
<admCode>42411</admCode>
</AdmPt>
<AdmPt gml:id="K6_4652711883_1">
<fid>46527-11883-i-40</fid>
<lfSpanFr gml:id="K6_4652711883_1-1">
<gml:timePosition>2015-11-17</gml:timePosition>
</lfSpanFr>
<devDate gml:id="K6_4652711883_1-2">
<gml:timePosition>2022-12-03</gml:timePosition>
</devDate>
<orgGILvl>25000</orgGILvl>
<vis>非表示</vis>
<pos>
<gml:Point gml:id="K6_4652711883_1-g" srsName="fguuid:jgd2011.bl">
<gml:pos>33.011610394 129.241781808</gml:pos>
</gml:Point>
</pos>
<type>郡市・東京都の区</type>
<name>西海市</name>
<admCode>42212</admCode>
</AdmPt>
</Dataset>
