<?xml version="1.0" encoding="utf-8"?>
<Dataset xsi:schemaLocation="http://fgd.gsi.go.jp/spec/2008/FGD_GMLSchema FGD_GMLSchema.xsd"
	xmlns:gml="http://www.opengis.net/gml/3.2"
	xmlns:xsi="http://www.w3.org/2001/XMLSchema-instance"
	xmlns:xlink="http://www.w3.org/1999/xlink"
	xmlns="http://fgd.gsi.go.jp/spec/2008/FGD_GMLSchema"
	gml:id="Dataset1">
  <gml:description>基盤地図情報メタデータ ID=fmdid:23-0101</gml:description>
  <gml:name>基盤地図情報ダウンロードデータ（GML版）</gml:name>
<ElevPt gml:id="K2_4649111880_1">
<fid>46491-11880-i-60</fid>
<lfSpanFr gml:id="K2_4649111880_1-1">
<gml:timePosition>2015-11-17</gml:timePosition>
</lfSpanFr>
<devDate gml:id="K2_4649111880_1-2">
<gml:timePosition>2022-12-03</gml:timePosition>
</devDate>
<orgGILvl>25000</orgGILvl>
<vis>表示</vis>
<pos>
<gml:Point gml:id="K2_4649111880_1-g" srsName="fguuid:jgd2011.bl">
<gml:pos>33.001746111 129.144622222</gml:pos>
</gml:Point>
</pos>
<type>標高点（測点）</type>
<alti>96</alti>
</ElevPt>
<ElevPt gml:id="K2_4649711889_1">
<fid>46497-11889-i-13</fid>
<lfSpanFr gml:id="K2_4649711889_1-1">
<gml:timePosition>2015-11-17</gml:timePosition>
</lfSpanFr>
<devDate gml:id="K2_4649711889_1-2">
<gml:timePosition>2022-12-03</gml:timePosition>
</devDate>
<orgGILvl>25000</orgGILvl>
<vis>表示</vis>
<pos>
<gml:Point gml:id="K2_4649711889_1-g" srsName="fguuid:jgd2011.bl">
<gml:pos>33.027369167 129.158976667</gml:pos>
</gml:Point>
</pos>
<type>標高点（測点）</type>
<alti>51</alti>
</ElevPt>
<ElevPt gml:id="K2_4650311883_1">
<fid>46503-11883-i-81</fid>
<lfSpanFr gml:id="K2_4650311883_1-1">
<gml:timePosition>2015-11-17</gml:timePosition>
</lfSpanFr>
<devDate gml:id="K2_4650311883_1-2">
<gml:timePosition>2022-12-03</gml:timePosition>
</devDate>
<orgGILvl>25000</orgGILvl>
<vis>表示</vis>
<pos>
<gml:Point gml:id="K2_4650311883_1-g" srsName="fguuid:jgd2011.bl">
<gml:pos>33.012256944 129.177420000</gml:pos>
</gml:Point>
</pos>
<type>標高点（測点）</type>
<alti>111</alti>
</ElevPt>
<ElevPt gml:id="K2_4652111880_1">
<fid>46521-11880-i-37</fid>
<lfSpanFr gml:id="K2_4652111880_1-1">
<gml:timePosition>2015-11-17</gml:timePosition>
</lfSpanFr>
<devDate gml:id="K2_4652111880_1-2">
<gml:timePosition>2022-12-03</gml:timePosition>
</devDate>
<orgGILvl>25000</orgGILvl>
<vis>表示</vis>
<pos>
<gml:Point gml:id="K2_4652111880_1-g" srsName="fguuid:jgd2011.bl">
<gml:pos>33.004295833 129.232985278</gml:pos>
</gml:Point>
</pos>
<type>標高点（測点）</type>
<alti>86</alti>
</ElevPt>
<ElevPt gml:id="K2_4652411880_1">
<fid>46524-11880-i-86</fid>
<lfSpanFr gml:id="K2_4652411880_1-1">
<gml:timePosition>2015-11-17</gml:timePosition>
</lfSpanFr>
<devDate gml:id="K2_4652411880_1-2">
<gml:timePosition>2022-12-03</gml:timePosition>
</devDate>
<orgGILvl>25000</orgGILvl>
<vis>表示</vis>
<pos>
<gml:Point gml:id="K2_4652411880_1-g" srsName="fguuid:jgd2011.bl">
<gml:pos>33.001954722 129.236944167</gml:pos>
</gml:Point>
</pos>
<type>標高点（測点）</type>
<alti>101</alti>
</ElevPt>
<ElevPt gml:id="K2_4652411883_1">
<fid>46524-11883-i-44</fid>
<lfSpanFr gml:id="K2_4652411883_1-1">
<gml:timePosition>2015-11-17</gml:timePosition>
</lfSpanFr>
<devDate gml:id="K2_4652411883_1-2">
<gml:timePosition>2022-12-03</gml:timePosition>
</devDate>
<orgGILvl>25000</orgGILvl>
<vis>表示</vis>
<pos>
<gml:Point gml:id="K2_4652411883_1-g" srsName="fguuid:jgd2011.bl">
<gml:pos>33.011783889 129.241304167</gml:pos>
</gml:Point>
</pos>
<type>標高点（測点）</type>
<alti>107</alti>
</ElevPt>
<ElevPt gml:id="K2_4652711880_1">
<fid>46527-11880-i-24</fid>
<lfSpanFr gml:id="K2_4652711880_1-1">
<gml:timePosition>2015-11-17</gml:timePosition>
</lfSpanFr>
<devDate gml:id="K2_4652711880_1-2">
<gml:timePosition>2022-12-03</gml:timePosition>
</devDate>
<orgGILvl>25000</orgGILvl>
<vis>表示</vis>
<pos>
<gml:Point gml:id="K2_4652711880_1-g" srsName="fguuid:jgd2011.bl">
<gml:pos>33.004812500 129.249133333</gml:pos>
</gml:Point>
</pos>
<type>標高点（測点）</type>
<alti>98</alti>
</ElevPt>
<ElevPt gml:id="K2_4652711883_1">
<fid>46527-11883-i-37</fid>
<lfSpanFr gml:id="K2_4652711883_1-1">
<gml:timePosition>2015-11-17</gml:timePosition>
</lfSpanFr>
<devDate gml:id="K2_4652711883_1-2">
<gml:timePosition>2022-12-03</gml:timePosition>
</devDate>
<orgGILvl>25000</orgGILvl>
<vis>表示</vis>
<pos>
<gml:Point gml:id="K2_4652711883_1-g" srsName="fguuid:jgd2011.bl">
<gml:pos>33.014840278 129.245506389</gml:pos>
</gml:Point>
</pos>
<type>標高点（測点）</type>
<alti>80</alti>
</ElevPt>
</Dataset>
