<?xml version="1.0" encoding="utf-8"?>
<Dataset xsi:schemaLocation="http://fgd.gsi.go.jp/spec/2008/FGD_GMLSchema FGD_GMLSchema.xsd"
	xmlns:gml="http://www.opengis.net/gml/3.2"
	xmlns:xsi="http://www.w3.org/2001/XMLSchema-instance"
	xmlns:xlink="http://www.w3.org/1999/xlink"
	xmlns="http://fgd.gsi.go.jp/spec/2008/FGD_GMLSchema"
	gml:id="Dataset1">
  <gml:description>基盤地図情報メタデータ ID=fmdid:25-0101</gml:description>
  <gml:name>基盤地図情報ダウンロードデータ（GML版）</gml:name>
<GCP gml:id="K1_492907_1">
<fid>10-00100-0-2412-21679</fid>
<lfSpanFr gml:id="K1_492907_1-1">
<gml:timePosition>2024-12-03</gml:timePosition>
</lfSpanFr>
<devDate gml:id="K1_492907_1-2">
<gml:timePosition>2024-12-12</gml:timePosition>
</devDate>
<orgGILvl>KJ12</orgGILvl>
<vis>表示</vis>
<pos>
<gml:Point gml:id="K1_492907_1-g" srsName="fguuid:jgd2011.bl">
<gml:pos>32.744570139 129.918266861</gml:pos>
</gml:Point>
</pos>
<orgName>国土地理院</orgName>
<type>三角点</type>
<gcpClass>二等三角点</gcpClass>
<gcpCode>TR24929079301</gcpCode>
<name>茂木山</name>
<B>117880.4525</B>
<L>467705.7607</L>
<alti>409.32</alti>
<altiAcc>2</altiAcc>
</GCP>
<GCP gml:id="K1_492907_2">
<fid>10-00100-0-2412-28219</fid>
<lfSpanFr gml:id="K1_492907_2-1">
<gml:timePosition>2024-12-03</gml:timePosition>
</lfSpanFr>
<devDate gml:id="K1_492907_2-2">
<gml:timePosition>2024-12-12</gml:timePosition>
</devDate>
<orgGILvl>KJ13</orgGILvl>
<vis>表示</vis>
<pos>
<gml:Point gml:id="K1_492907_2-g" srsName="fguuid:jgd2011.bl">
<gml:pos>32.699033333 129.883171889</gml:pos>
</gml:Point>
</pos>
<orgName>国土地理院</orgName>
<type>三角点</type>
<gcpClass>三等三角点</gcpClass>
<gcpCode>TR34929073001</gcpCode>
<name>土岐迫</name>
<B>117716.52</B>
<L>467579.4188</L>
<alti>427.23</alti>
<altiAcc>2</altiAcc>
</GCP>
<GCP gml:id="K1_492907_3">
<fid>10-00100-0-2412-28220</fid>
<lfSpanFr gml:id="K1_492907_3-1">
<gml:timePosition>2024-12-03</gml:timePosition>
</lfSpanFr>
<devDate gml:id="K1_492907_3-2">
<gml:timePosition>2024-12-12</gml:timePosition>
</devDate>
<orgGILvl>KJ13</orgGILvl>
<vis>表示</vis>
<pos>
<gml:Point gml:id="K1_492907_3-g" srsName="fguuid:jgd2011.bl">
<gml:pos>32.694386667 129.908614389</gml:pos>
</gml:Point>
</pos>
<orgName>国土地理院</orgName>
<type>三角点</type>
<gcpClass>三等三角点</gcpClass>
<gcpCode>TR34929073201</gcpCode>
<name>本郷</name>
<B>117699.792</B>
<L>467671.0118</L>
<alti>190.55</alti>
<altiAcc>2</altiAcc>
</GCP>
<GCP gml:id="K1_492907_4">
<fid>10-00100-0-2412-28221</fid>
<lfSpanFr gml:id="K1_492907_4-1">
<gml:timePosition>2024-12-03</gml:timePosition>
</lfSpanFr>
<devDate gml:id="K1_492907_4-2">
<gml:timePosition>2024-12-12</gml:timePosition>
</devDate>
<orgGILvl>KJ13</orgGILvl>
<vis>表示</vis>
<pos>
<gml:Point gml:id="K1_492907_4-g" srsName="fguuid:jgd2011.bl">
<gml:pos>32.718461611 129.888578472</gml:pos>
</gml:Point>
</pos>
<orgName>国土地理院</orgName>
<type>三角点</type>
<gcpClass>三等三角点</gcpClass>
<gcpCode>TR34929076102</gcpCode>
<name>唐八景</name>
<B>117786.4618</B>
<L>467598.8825</L>
<alti>298.63</alti>
<altiAcc>2</altiAcc>
</GCP>
<GCP gml:id="K1_492907_5">
<fid>10-00100-0-2412-28222</fid>
<lfSpanFr gml:id="K1_492907_5-1">
<gml:timePosition>2024-12-03</gml:timePosition>
</lfSpanFr>
<devDate gml:id="K1_492907_5-2">
<gml:timePosition>2024-12-12</gml:timePosition>
</devDate>
<orgGILvl>KJ13</orgGILvl>
<vis>表示</vis>
<pos>
<gml:Point gml:id="K1_492907_5-g" srsName="fguuid:jgd2011.bl">
<gml:pos>32.729635889 129.915568194</gml:pos>
</gml:Point>
</pos>
<orgName>国土地理院</orgName>
<type>三角点</type>
<gcpClass>三等三角点</gcpClass>
<gcpCode>TR34929077301</gcpCode>
<name>甑岩</name>
<B>117826.6892</B>
<L>467696.0455</L>
<alti>362.69</alti>
<altiAcc>2</altiAcc>
</GCP>
<GCP gml:id="K1_492907_6">
<fid>10-00100-0-2412-64162</fid>
<lfSpanFr gml:id="K1_492907_6-1">
<gml:timePosition>2024-12-03</gml:timePosition>
</lfSpanFr>
<devDate gml:id="K1_492907_6-2">
<gml:timePosition>2024-12-12</gml:timePosition>
</devDate>
<orgGILvl>KJ14</orgGILvl>
<vis>表示</vis>
<pos>
<gml:Point gml:id="K1_492907_6-g" srsName="fguuid:jgd2011.bl">
<gml:pos>32.715824806 129.908291861</gml:pos>
</gml:Point>
</pos>
<orgName>国土地理院</orgName>
<type>三角点</type>
<gcpClass>四等三角点</gcpClass>
<gcpCode>TR44929075201</gcpCode>
<name>元木場</name>
<B>117776.9693</B>
<L>467669.8507</L>
<alti>69.05</alti>
<altiAcc>2</altiAcc>
</GCP>
<GCP gml:id="K1_492907_7">
<fid>10-00100-0-2412-64163</fid>
<lfSpanFr gml:id="K1_492907_7-1">
<gml:timePosition>2024-12-03</gml:timePosition>
</lfSpanFr>
<devDate gml:id="K1_492907_7-2">
<gml:timePosition>2024-12-12</gml:timePosition>
</devDate>
<orgGILvl>KJ14</orgGILvl>
<vis>表示</vis>
<pos>
<gml:Point gml:id="K1_492907_7-g" srsName="fguuid:jgd2011.bl">
<gml:pos>32.721768194 129.875782667</gml:pos>
</gml:Point>
</pos>
<orgName>国土地理院</orgName>
<type>三角点</type>
<gcpClass>四等三角点</gcpClass>
<gcpCode>TR44929076001</gcpCode>
<name>星取山</name>
<B>117798.3655</B>
<L>467552.8176</L>
<alti>270.06</alti>
<altiAcc>2</altiAcc>
</GCP>
<GCP gml:id="K1_492907_8">
<fid>10-00100-0-2412-64164</fid>
<lfSpanFr gml:id="K1_492907_8-1">
<gml:timePosition>2024-12-03</gml:timePosition>
</lfSpanFr>
<devDate gml:id="K1_492907_8-2">
<gml:timePosition>2024-12-12</gml:timePosition>
</devDate>
<orgGILvl>KJ14</orgGILvl>
<vis>表示</vis>
<pos>
<gml:Point gml:id="K1_492907_8-g" srsName="fguuid:jgd2011.bl">
<gml:pos>32.723988806 129.897436833</gml:pos>
</gml:Point>
</pos>
<orgName>国土地理院</orgName>
<type>三角点</type>
<gcpClass>四等三角点</gcpClass>
<gcpCode>TR44929076101</gcpCode>
<name>美濃平</name>
<B>117806.3597</B>
<L>467630.7726</L>
<alti>273.22</alti>
<altiAcc>2</altiAcc>
</GCP>
<GCP gml:id="K1_492907_9">
<fid>10-00100-0-2412-64165</fid>
<lfSpanFr gml:id="K1_492907_9-1">
<gml:timePosition>2024-12-03</gml:timePosition>
</lfSpanFr>
<devDate gml:id="K1_492907_9-2">
<gml:timePosition>2024-12-12</gml:timePosition>
</devDate>
<orgGILvl>KJ14</orgGILvl>
<vis>表示</vis>
<pos>
<gml:Point gml:id="K1_492907_9-g" srsName="fguuid:jgd2011.bl">
<gml:pos>32.734951167 129.931163417</gml:pos>
</gml:Point>
</pos>
<orgName>国土地理院</orgName>
<type>三角点</type>
<gcpClass>四等三角点</gcpClass>
<gcpCode>TR44929078401</gcpCode>
<name>平尾</name>
<B>117845.8242</B>
<L>467752.1883</L>
<alti>215.14</alti>
<altiAcc>2</altiAcc>
</GCP>
<GCP gml:id="K1_492907_10">
<fid>10-00100-0-2412-64166</fid>
<lfSpanFr gml:id="K1_492907_10-1">
<gml:timePosition>2024-12-03</gml:timePosition>
</lfSpanFr>
<devDate gml:id="K1_492907_10-2">
<gml:timePosition>2024-12-12</gml:timePosition>
</devDate>
<orgGILvl>KJ14</orgGILvl>
<vis>表示</vis>
<pos>
<gml:Point gml:id="K1_492907_10-g" srsName="fguuid:jgd2011.bl">
<gml:pos>32.744171639 129.901526444</gml:pos>
</gml:Point>
</pos>
<orgName>国土地理院</orgName>
<type>三角点</type>
<gcpClass>四等三角点</gcpClass>
<gcpCode>TR44929079201</gcpCode>
<name>彦山</name>
<B>117879.0179</B>
<L>467645.4952</L>
<alti>385.63</alti>
<altiAcc>2</altiAcc>
</GCP>
<GCP gml:id="K1_492907_11">
<fid>10-00100-0-2412-64167</fid>
<lfSpanFr gml:id="K1_492907_11-1">
<gml:timePosition>2024-12-03</gml:timePosition>
</lfSpanFr>
<devDate gml:id="K1_492907_11-2">
<gml:timePosition>2024-12-12</gml:timePosition>
</devDate>
<orgGILvl>KJ14</orgGILvl>
<vis>表示</vis>
<pos>
<gml:Point gml:id="K1_492907_11-g" srsName="fguuid:jgd2011.bl">
<gml:pos>32.745501778 129.935219722</gml:pos>
</gml:Point>
</pos>
<orgName>国土地理院</orgName>
<type>三角点</type>
<gcpClass>四等三角点</gcpClass>
<gcpCode>TR44929079401</gcpCode>
<name>不動山</name>
<B>117883.8064</B>
<L>467766.791</L>
<alti>354.83</alti>
<altiAcc>2</altiAcc>
</GCP>
<GCP gml:id="K1_492907_12">
<fid>10-00100-0-2412-64168</fid>
<lfSpanFr gml:id="K1_492907_12-1">
<gml:timePosition>2024-12-03</gml:timePosition>
</lfSpanFr>
<devDate gml:id="K1_492907_12-2">
<gml:timePosition>2024-12-12</gml:timePosition>
</devDate>
<orgGILvl>KJ14</orgGILvl>
<vis>表示</vis>
<pos>
<gml:Point gml:id="K1_492907_12-g" srsName="fguuid:jgd2011.bl">
<gml:pos>32.742010444 129.951788639</gml:pos>
</gml:Point>
</pos>
<orgName>国土地理院</orgName>
<type>三角点</type>
<gcpClass>四等三角点</gcpClass>
<gcpCode>TR44929079601</gcpCode>
<name>谷平</name>
<B>117871.2376</B>
<L>467826.4391</L>
<alti>130.44</alti>
<altiAcc>2</altiAcc>
</GCP>
</Dataset>
