<?xml version="1.0" encoding="utf-8"?>
<Dataset xsi:schemaLocation="http://fgd.gsi.go.jp/spec/2008/FGD_GMLSchema FGD_GMLSchema.xsd"
	xmlns:gml="http://www.opengis.net/gml/3.2"
	xmlns:xsi="http://www.w3.org/2001/XMLSchema-instance"
	xmlns:xlink="http://www.w3.org/1999/xlink"
	xmlns="http://fgd.gsi.go.jp/spec/2008/FGD_GMLSchema"
	gml:id="Dataset1">
  <gml:description>基盤地図情報メタデータ ID=fmdid:25-0101</gml:description>
  <gml:name>基盤地図情報ダウンロードデータ（GML版）</gml:name>
<RailCL gml:id="K21_4675511784_1">
<fid>46755-11784-s-26580</fid>
<lfSpanFr gml:id="K21_4675511784_1-1">
<gml:timePosition>2023-02-21</gml:timePosition>
</lfSpanFr>
<devDate gml:id="K21_4675511784_1-2">
<gml:timePosition>2024-12-12</gml:timePosition>
</devDate>
<orgGILvl>2500</orgGILvl>
<vis>表示</vis>
<loc>
<gml:Curve gml:id="K21_4675511784_1-g" srsName="fguuid:jgd2011.bl">
<gml:segments>
<gml:LineStringSegment>
<gml:posList>
32.741666667 129.881903119
32.741582728 129.882007123
32.741516539 129.882094680
32.741454410 129.882182084
32.741432362 129.882214108
32.741398268 129.882269331
32.741355090 129.882340426
32.741317001 129.882401544
</gml:posList>
</gml:LineStringSegment>
</gml:segments>
</gml:Curve>
</loc>
<type>路面の鉄道</type>
</RailCL>
<RailCL gml:id="K21_4675511784_2">
<fid>46755-11784-s-26581</fid>
<lfSpanFr gml:id="K21_4675511784_2-1">
<gml:timePosition>2023-02-21</gml:timePosition>
</lfSpanFr>
<devDate gml:id="K21_4675511784_2-2">
<gml:timePosition>2024-12-12</gml:timePosition>
</devDate>
<orgGILvl>2500</orgGILvl>
<vis>表示</vis>
<loc>
<gml:Curve gml:id="K21_4675511784_2-g" srsName="fguuid:jgd2011.bl">
<gml:segments>
<gml:LineStringSegment>
<gml:posList>
32.741666667 129.881855090
32.741613693 129.881925220
32.741436988 129.882155205
32.741415549 129.882185695
32.741408604 129.882194959
32.741400038 129.882209659
32.741389849 129.882229793
32.741369669 129.882276305
32.741333050 129.882364255
32.741317001 129.882401544
</gml:posList>
</gml:LineStringSegment>
</gml:segments>
</gml:Curve>
</loc>
<type>路面の鉄道</type>
</RailCL>
<RailCL gml:id="K21_4675511784_3">
<fid>46755-11784-s-26582</fid>
<lfSpanFr gml:id="K21_4675511784_3-1">
<gml:timePosition>2023-02-21</gml:timePosition>
</lfSpanFr>
<devDate gml:id="K21_4675511784_3-2">
<gml:timePosition>2024-12-12</gml:timePosition>
</devDate>
<orgGILvl>2500</orgGILvl>
<vis>表示</vis>
<loc>
<gml:Curve gml:id="K21_4675511784_3-g" srsName="fguuid:jgd2011.bl">
<gml:segments>
<gml:LineStringSegment>
<gml:posList>
32.741317001 129.882401544
32.741236020 129.882513910
32.741212199 129.882536024
32.741181755 129.882556531
32.741133453 129.882589403
</gml:posList>
</gml:LineStringSegment>
</gml:segments>
</gml:Curve>
</loc>
<type>路面の鉄道</type>
</RailCL>
<RailCL gml:id="K21_4675511787_1">
<fid>46755-11787-s-17284</fid>
<lfSpanFr gml:id="K21_4675511787_1-1">
<gml:timePosition>2023-02-21</gml:timePosition>
</lfSpanFr>
<devDate gml:id="K21_4675511787_1-2">
<gml:timePosition>2024-12-12</gml:timePosition>
</devDate>
<orgGILvl>2500</orgGILvl>
<vis>表示</vis>
<loc>
<gml:Curve gml:id="K21_4675511787_1-g" srsName="fguuid:jgd2011.bl">
<gml:segments>
<gml:LineStringSegment>
<gml:posList>
32.743656083 129.875898139
32.743533861 129.875709139
32.743490389 129.875647917
32.743461000 129.875613750
32.743387250 129.875523472
32.743140194 129.875209278
32.743086750 129.875141917
32.743060389 129.875113972
32.743012639 129.875069167
32.742941052 129.875006188
</gml:posList>
</gml:LineStringSegment>
</gml:segments>
</gml:Curve>
</loc>
<type>路面の鉄道</type>
</RailCL>
<RailCL gml:id="K21_4675511787_2">
<fid>46755-11787-s-17285</fid>
<lfSpanFr gml:id="K21_4675511787_2-1">
<gml:timePosition>2023-02-21</gml:timePosition>
</lfSpanFr>
<devDate gml:id="K21_4675511787_2-2">
<gml:timePosition>2024-12-12</gml:timePosition>
</devDate>
<orgGILvl>2500</orgGILvl>
<vis>表示</vis>
<loc>
<gml:Curve gml:id="K21_4675511787_2-g" srsName="fguuid:jgd2011.bl">
<gml:segments>
<gml:LineStringSegment>
<gml:posList>
32.742917233 129.875025061
32.742996167 129.875094472
32.743043000 129.875138444
32.743067833 129.875164889
32.743120472 129.875231167
32.743367611 129.875545500
32.743441833 129.875636278
32.743470583 129.875669694
32.743512778 129.875729222
32.743634611 129.875917639
32.743717806 129.876044639
32.743900306 129.876306472
</gml:posList>
</gml:LineStringSegment>
</gml:segments>
</gml:Curve>
</loc>
<type>路面の鉄道</type>
</RailCL>
<RailCL gml:id="K21_4675511787_3">
<fid>46755-11787-s-17286</fid>
<lfSpanFr gml:id="K21_4675511787_3-1">
<gml:timePosition>2023-02-21</gml:timePosition>
</lfSpanFr>
<devDate gml:id="K21_4675511787_3-2">
<gml:timePosition>2024-12-12</gml:timePosition>
</devDate>
<orgGILvl>2500</orgGILvl>
<vis>表示</vis>
<loc>
<gml:Curve gml:id="K21_4675511787_3-g" srsName="fguuid:jgd2011.bl">
<gml:segments>
<gml:LineStringSegment>
<gml:posList>
32.744195806 129.876498583
32.744133500 129.876459639
</gml:posList>
</gml:LineStringSegment>
</gml:segments>
</gml:Curve>
</loc>
<type>路面の鉄道</type>
</RailCL>
<RailCL gml:id="K21_4675511787_4">
<fid>46755-11787-s-17287</fid>
<lfSpanFr gml:id="K21_4675511787_4-1">
<gml:timePosition>2023-02-21</gml:timePosition>
</lfSpanFr>
<devDate gml:id="K21_4675511787_4-2">
<gml:timePosition>2024-12-12</gml:timePosition>
</devDate>
<orgGILvl>2500</orgGILvl>
<vis>表示</vis>
<loc>
<gml:Curve gml:id="K21_4675511787_4-g" srsName="fguuid:jgd2011.bl">
<gml:segments>
<gml:LineStringSegment>
<gml:posList>
32.744206028 129.876468806
32.744061556 129.876378472
32.743991444 129.876337639
32.743965167 129.876321528
32.743943194 129.876306611
32.743929972 129.876294694
32.743919750 129.876284000
</gml:posList>
</gml:LineStringSegment>
</gml:segments>
</gml:Curve>
</loc>
<type>路面の鉄道</type>
</RailCL>
<RailCL gml:id="K21_4675511787_5">
<fid>46755-11787-s-17288</fid>
<lfSpanFr gml:id="K21_4675511787_5-1">
<gml:timePosition>2023-02-21</gml:timePosition>
</lfSpanFr>
<devDate gml:id="K21_4675511787_5-2">
<gml:timePosition>2024-12-12</gml:timePosition>
</devDate>
<orgGILvl>2500</orgGILvl>
<vis>表示</vis>
<loc>
<gml:Curve gml:id="K21_4675511787_5-g" srsName="fguuid:jgd2011.bl">
<gml:segments>
<gml:LineStringSegment>
<gml:posList>
32.750000000 129.879900833
32.749602972 129.880512333
32.749559974 129.880581791
</gml:posList>
</gml:LineStringSegment>
</gml:segments>
</gml:Curve>
</loc>
<type>路面の鉄道</type>
</RailCL>
<RailCL gml:id="K21_4675511787_6">
<fid>46755-11787-s-17289</fid>
<lfSpanFr gml:id="K21_4675511787_6-1">
<gml:timePosition>2023-02-21</gml:timePosition>
</lfSpanFr>
<devDate gml:id="K21_4675511787_6-2">
<gml:timePosition>2024-12-12</gml:timePosition>
</devDate>
<orgGILvl>2500</orgGILvl>
<vis>表示</vis>
<loc>
<gml:Curve gml:id="K21_4675511787_6-g" srsName="fguuid:jgd2011.bl">
<gml:segments>
<gml:LineStringSegment>
<gml:posList>
32.750000000 129.881377222
32.749556282 129.880955209
</gml:posList>
</gml:LineStringSegment>
</gml:segments>
</gml:Curve>
</loc>
<type>路面の鉄道</type>
</RailCL>
<RailCL gml:id="K21_4675511787_7">
<fid>46755-11787-s-17290</fid>
<lfSpanFr gml:id="K21_4675511787_7-1">
<gml:timePosition>2023-02-21</gml:timePosition>
</lfSpanFr>
<devDate gml:id="K21_4675511787_7-2">
<gml:timePosition>2024-12-12</gml:timePosition>
</devDate>
<orgGILvl>2500</orgGILvl>
<vis>表示</vis>
<loc>
<gml:Curve gml:id="K21_4675511787_7-g" srsName="fguuid:jgd2011.bl">
<gml:segments>
<gml:LineStringSegment>
<gml:posList>
32.750000000 129.879848361
32.749581389 129.880493139
32.749519312 129.880593399
</gml:posList>
</gml:LineStringSegment>
</gml:segments>
</gml:Curve>
</loc>
<type>路面の鉄道</type>
</RailCL>
<RailCL gml:id="K21_4675511787_8">
<fid>46755-11787-s-17291</fid>
<lfSpanFr gml:id="K21_4675511787_8-1">
<gml:timePosition>2023-02-21</gml:timePosition>
</lfSpanFr>
<devDate gml:id="K21_4675511787_8-2">
<gml:timePosition>2024-12-12</gml:timePosition>
</devDate>
<orgGILvl>2500</orgGILvl>
<vis>表示</vis>
<loc>
<gml:Curve gml:id="K21_4675511787_8-g" srsName="fguuid:jgd2011.bl">
<gml:segments>
<gml:LineStringSegment>
<gml:posList>
32.744195806 129.876498583
32.744175833 129.876492722
32.744153028 129.876491333
32.744124889 129.876491750
32.744097556 129.876499528
32.744078861 129.876508750
32.744056528 129.876523806
32.744037361 129.876543778
32.744022778 129.876563889
32.744012806 129.876582306
32.743991250 129.876629361
</gml:posList>
</gml:LineStringSegment>
</gml:segments>
</gml:Curve>
</loc>
<type>路面の鉄道</type>
</RailCL>
<RailCL gml:id="K21_4675511787_9">
<fid>46755-11787-s-17292</fid>
<lfSpanFr gml:id="K21_4675511787_9-1">
<gml:timePosition>2023-02-21</gml:timePosition>
</lfSpanFr>
<devDate gml:id="K21_4675511787_9-2">
<gml:timePosition>2024-12-12</gml:timePosition>
</devDate>
<orgGILvl>2500</orgGILvl>
<vis>表示</vis>
<loc>
<gml:Curve gml:id="K21_4675511787_9-g" srsName="fguuid:jgd2011.bl">
<gml:segments>
<gml:LineStringSegment>
<gml:posList>
32.744206028 129.876468806
32.744205139 129.876468417
32.744179806 129.876460833
32.744153500 129.876459333
32.744133500 129.876459639
</gml:posList>
</gml:LineStringSegment>
</gml:segments>
</gml:Curve>
</loc>
<type>路面の鉄道</type>
</RailCL>
<RailCL gml:id="K21_4675511787_10">
<fid>46755-11787-s-17293</fid>
<lfSpanFr gml:id="K21_4675511787_10-1">
<gml:timePosition>2023-02-21</gml:timePosition>
</lfSpanFr>
<devDate gml:id="K21_4675511787_10-2">
<gml:timePosition>2024-12-12</gml:timePosition>
</devDate>
<orgGILvl>2500</orgGILvl>
<vis>表示</vis>
<loc>
<gml:Curve gml:id="K21_4675511787_10-g" srsName="fguuid:jgd2011.bl">
<gml:segments>
<gml:LineStringSegment>
<gml:posList>
32.744133500 129.876459639
32.744049306 129.876407028
32.743979278 129.876366194
32.743964972 129.876357472
</gml:posList>
</gml:LineStringSegment>
</gml:segments>
</gml:Curve>
</loc>
<type>路面の鉄道</type>
</RailCL>
<RailCL gml:id="K21_4675511787_11">
<fid>46755-11787-s-17294</fid>
<lfSpanFr gml:id="K21_4675511787_11-1">
<gml:timePosition>2023-02-21</gml:timePosition>
</lfSpanFr>
<devDate gml:id="K21_4675511787_11-2">
<gml:timePosition>2024-12-12</gml:timePosition>
</devDate>
<orgGILvl>2500</orgGILvl>
<vis>表示</vis>
<loc>
<gml:Curve gml:id="K21_4675511787_11-g" srsName="fguuid:jgd2011.bl">
<gml:segments>
<gml:LineStringSegment>
<gml:posList>
32.744133500 129.876459639
32.744121556 129.876459833
32.744089167 129.876468972
32.744066861 129.876480000
32.744040750 129.876497583
32.744018028 129.876521194
32.744006694 129.876536778
</gml:posList>
</gml:LineStringSegment>
</gml:segments>
</gml:Curve>
</loc>
<type>路面の鉄道</type>
</RailCL>
<RailCL gml:id="K21_4675511787_12">
<fid>46755-11787-s-17295</fid>
<lfSpanFr gml:id="K21_4675511787_12-1">
<gml:timePosition>2023-02-21</gml:timePosition>
</lfSpanFr>
<devDate gml:id="K21_4675511787_12-2">
<gml:timePosition>2024-12-12</gml:timePosition>
</devDate>
<orgGILvl>2500</orgGILvl>
<vis>表示</vis>
<loc>
<gml:Curve gml:id="K21_4675511787_12-g" srsName="fguuid:jgd2011.bl">
<gml:segments>
<gml:LineStringSegment>
<gml:posList>
32.744006694 129.876536778
32.744000917 129.876544694
32.743989389 129.876566083
32.743966472 129.876616222
</gml:posList>
</gml:LineStringSegment>
</gml:segments>
</gml:Curve>
</loc>
<type>路面の鉄道</type>
</RailCL>
<RailCL gml:id="K21_4675511787_13">
<fid>46755-11787-s-17296</fid>
<lfSpanFr gml:id="K21_4675511787_13-1">
<gml:timePosition>2023-02-21</gml:timePosition>
</lfSpanFr>
<devDate gml:id="K21_4675511787_13-2">
<gml:timePosition>2024-12-12</gml:timePosition>
</devDate>
<orgGILvl>2500</orgGILvl>
<vis>表示</vis>
<loc>
<gml:Curve gml:id="K21_4675511787_13-g" srsName="fguuid:jgd2011.bl">
<gml:segments>
<gml:LineStringSegment>
<gml:posList>
32.743964972 129.876357472
32.743952167 129.876349639
32.743928250 129.876333333
32.743912778 129.876319500
32.743900306 129.876306472
</gml:posList>
</gml:LineStringSegment>
</gml:segments>
</gml:Curve>
</loc>
<type>路面の鉄道</type>
</RailCL>
<RailCL gml:id="K21_4675511787_14">
<fid>46755-11787-s-17297</fid>
<lfSpanFr gml:id="K21_4675511787_14-1">
<gml:timePosition>2023-02-21</gml:timePosition>
</lfSpanFr>
<devDate gml:id="K21_4675511787_14-2">
<gml:timePosition>2024-12-12</gml:timePosition>
</devDate>
<orgGILvl>2500</orgGILvl>
<vis>表示</vis>
<loc>
<gml:Curve gml:id="K21_4675511787_14-g" srsName="fguuid:jgd2011.bl">
<gml:segments>
<gml:LineStringSegment>
<gml:posList>
32.743900306 129.876306472
32.743918417 129.876332417
32.743937778 129.876365694
32.743957056 129.876405250
32.743968222 129.876437639
32.743976167 129.876473833
32.743979583 129.876505667
32.743979556 129.876540028
32.743976667 129.876574139
32.743973361 129.876594083
32.743966472 129.876616222
</gml:posList>
</gml:LineStringSegment>
</gml:segments>
</gml:Curve>
</loc>
<type>路面の鉄道</type>
</RailCL>
<RailCL gml:id="K21_4675511787_15">
<fid>46755-11787-s-17298</fid>
<lfSpanFr gml:id="K21_4675511787_15-1">
<gml:timePosition>2023-02-21</gml:timePosition>
</lfSpanFr>
<devDate gml:id="K21_4675511787_15-2">
<gml:timePosition>2024-12-12</gml:timePosition>
</devDate>
<orgGILvl>2500</orgGILvl>
<vis>表示</vis>
<loc>
<gml:Curve gml:id="K21_4675511787_15-g" srsName="fguuid:jgd2011.bl">
<gml:segments>
<gml:LineStringSegment>
<gml:posList>
32.743656083 129.875898139
32.743738889 129.876024667
32.743919750 129.876284000
</gml:posList>
</gml:LineStringSegment>
</gml:segments>
</gml:Curve>
</loc>
<type>路面の鉄道</type>
</RailCL>
<RailCL gml:id="K21_4675511787_16">
<fid>46755-11787-s-17299</fid>
<lfSpanFr gml:id="K21_4675511787_16-1">
<gml:timePosition>2023-02-21</gml:timePosition>
</lfSpanFr>
<devDate gml:id="K21_4675511787_16-2">
<gml:timePosition>2024-12-12</gml:timePosition>
</devDate>
<orgGILvl>2500</orgGILvl>
<vis>表示</vis>
<loc>
<gml:Curve gml:id="K21_4675511787_16-g" srsName="fguuid:jgd2011.bl">
<gml:segments>
<gml:LineStringSegment>
<gml:posList>
32.744006694 129.876536778
32.744006694 129.876541528
32.744003444 129.876578861
32.743999472 129.876602750
32.743991250 129.876629361
</gml:posList>
</gml:LineStringSegment>
</gml:segments>
</gml:Curve>
</loc>
<type>路面の鉄道</type>
</RailCL>
<RailCL gml:id="K21_4675511787_17">
<fid>46755-11787-s-17300</fid>
<lfSpanFr gml:id="K21_4675511787_17-1">
<gml:timePosition>2023-02-21</gml:timePosition>
</lfSpanFr>
<devDate gml:id="K21_4675511787_17-2">
<gml:timePosition>2024-12-12</gml:timePosition>
</devDate>
<orgGILvl>2500</orgGILvl>
<vis>表示</vis>
<loc>
<gml:Curve gml:id="K21_4675511787_17-g" srsName="fguuid:jgd2011.bl">
<gml:segments>
<gml:LineStringSegment>
<gml:posList>
32.743964972 129.876357472
32.743981444 129.876391167
32.743993972 129.876427500
32.744002778 129.876467778
32.744006639 129.876503639
32.744006694 129.876536778
</gml:posList>
</gml:LineStringSegment>
</gml:segments>
</gml:Curve>
</loc>
<type>路面の鉄道</type>
</RailCL>
<RailCL gml:id="K21_4675511787_18">
<fid>46755-11787-s-17301</fid>
<lfSpanFr gml:id="K21_4675511787_18-1">
<gml:timePosition>2023-02-21</gml:timePosition>
</lfSpanFr>
<devDate gml:id="K21_4675511787_18-2">
<gml:timePosition>2024-12-12</gml:timePosition>
</devDate>
<orgGILvl>2500</orgGILvl>
<vis>表示</vis>
<loc>
<gml:Curve gml:id="K21_4675511787_18-g" srsName="fguuid:jgd2011.bl">
<gml:segments>
<gml:LineStringSegment>
<gml:posList>
32.743919750 129.876284000
32.743940028 129.876313083
32.743960667 129.876348611
32.743964972 129.876357472
</gml:posList>
</gml:LineStringSegment>
</gml:segments>
</gml:Curve>
</loc>
<type>路面の鉄道</type>
</RailCL>
<RailCL gml:id="K21_4675511787_19">
<fid>46755-11787-s-17302</fid>
<lfSpanFr gml:id="K21_4675511787_19-1">
<gml:timePosition>2023-02-21</gml:timePosition>
</lfSpanFr>
<devDate gml:id="K21_4675511787_19-2">
<gml:timePosition>2024-12-12</gml:timePosition>
</devDate>
<orgGILvl>2500</orgGILvl>
<vis>表示</vis>
<loc>
<gml:Curve gml:id="K21_4675511787_19-g" srsName="fguuid:jgd2011.bl">
<gml:segments>
<gml:LineStringSegment>
<gml:posList>
32.749313250 129.880685361
32.749293100 129.880666604
</gml:posList>
</gml:LineStringSegment>
</gml:segments>
</gml:Curve>
</loc>
<type>路面の鉄道</type>
</RailCL>
<RailCL gml:id="K21_4675511787_20">
<fid>46755-11787-s-17303</fid>
<lfSpanFr gml:id="K21_4675511787_20-1">
<gml:timePosition>2023-02-21</gml:timePosition>
</lfSpanFr>
<devDate gml:id="K21_4675511787_20-2">
<gml:timePosition>2024-12-12</gml:timePosition>
</devDate>
<orgGILvl>2500</orgGILvl>
<vis>表示</vis>
<loc>
<gml:Curve gml:id="K21_4675511787_20-g" srsName="fguuid:jgd2011.bl">
<gml:segments>
<gml:LineStringSegment>
<gml:posList>
32.743966472 129.876616222
32.743946278 129.876660361
32.743581139 129.877443444
32.743262389 129.878120333
32.743198389 129.878257278
32.743113083 129.878433722
32.743061250 129.878550667
32.743040056 129.878608000
32.743024861 129.878653278
32.743009333 129.878717889
32.742991778 129.878795806
32.742980306 129.878866944
32.742972778 129.878939250
32.742966278 129.879058083
32.742963194 129.879125722
32.742953167 129.879226111
32.742936361 129.879326444
32.742900028 129.879527333
32.742873250 129.879676917
32.742858944 129.879749417
32.742844611 129.879814667
32.742826889 129.879886500
32.742761806 129.880117028
32.742686361 129.880370889
32.742650278 129.880498139
32.742622833 129.880593417
32.742604917 129.880644028
32.742588000 129.880686750
32.742564500 129.880736278
32.742543639 129.880775028
32.742519444 129.880811194
32.742493556 129.880848111
32.742478611 129.880867583
32.742453194 129.880895861
32.742428833 129.880923500
32.742412194 129.880938889
32.742401167 129.880949083
32.742327358 129.881011937
</gml:posList>
</gml:LineStringSegment>
</gml:segments>
</gml:Curve>
</loc>
<type>路面の鉄道</type>
</RailCL>
<RailCL gml:id="K21_4675511787_21">
<fid>46755-11787-s-17304</fid>
<lfSpanFr gml:id="K21_4675511787_21-1">
<gml:timePosition>2023-02-21</gml:timePosition>
</lfSpanFr>
<devDate gml:id="K21_4675511787_21-2">
<gml:timePosition>2024-12-12</gml:timePosition>
</devDate>
<orgGILvl>2500</orgGILvl>
<vis>表示</vis>
<loc>
<gml:Curve gml:id="K21_4675511787_21-g" srsName="fguuid:jgd2011.bl">
<gml:segments>
<gml:LineStringSegment>
<gml:posList>
32.743991250 129.876629361
32.743970056 129.876675722
32.743604806 129.877458889
32.743286056 129.878135778
32.743221972 129.878272944
32.743136778 129.878449083
32.743085639 129.878564556
32.743065000 129.878620250
32.743050528 129.878663639
32.743035472 129.878726417
32.743018194 129.878802972
32.743007083 129.878871833
32.742999639 129.878942250
32.742993250 129.879060028
32.742990167 129.879128500
32.742979833 129.879231000
32.742962833 129.879332944
32.742926528 129.879533944
32.742899639 129.879683861
32.742885167 129.879757111
32.742870639 129.879823194
32.742852750 129.879896111
32.742787389 129.880127389
32.742711944 129.880381250
32.742675944 129.880508389
32.742648139 129.880604722
32.742629667 129.880657056
32.742612139 129.880701472
32.742587722 129.880752694
32.742565778 129.880793583
32.742540500 129.880831444
32.742513972 129.880869111
32.742497944 129.880890056
32.742471778 129.880919083
32.742446639 129.880947694
32.742417333 129.880974778
32.742412082 129.880979229
</gml:posList>
</gml:LineStringSegment>
</gml:segments>
</gml:Curve>
</loc>
<type>路面の鉄道</type>
</RailCL>
<RailCL gml:id="K21_4675511787_22">
<fid>46755-11787-s-17309</fid>
<lfSpanFr gml:id="K21_4675511787_22-1">
<gml:timePosition>2023-02-21</gml:timePosition>
</lfSpanFr>
<devDate gml:id="K21_4675511787_22-2">
<gml:timePosition>2024-12-12</gml:timePosition>
</devDate>
<orgGILvl>2500</orgGILvl>
<vis>表示</vis>
<loc>
<gml:Curve gml:id="K21_4675511787_22-g" srsName="fguuid:jgd2011.bl">
<gml:segments>
<gml:LineStringSegment>
<gml:posList>
32.742412082 129.880979229
32.742335949 129.881039429
32.742285388 129.881086036
32.742262422 129.881111932
32.742222238 129.881156354
32.742170286 129.881227231
32.742106862 129.881316454
32.742060705 129.881376973
32.742008047 129.881445660
32.741938082 129.881538772
32.741881818 129.881615979
32.741804587 129.881720018
32.741740298 129.881806111
32.741672045 129.881896456
32.741666667 129.881903119
</gml:posList>
</gml:LineStringSegment>
</gml:segments>
</gml:Curve>
</loc>
<type>路面の鉄道</type>
</RailCL>
<RailCL gml:id="K21_4675511787_23">
<fid>46755-11787-s-17310</fid>
<lfSpanFr gml:id="K21_4675511787_23-1">
<gml:timePosition>2023-02-21</gml:timePosition>
</lfSpanFr>
<devDate gml:id="K21_4675511787_23-2">
<gml:timePosition>2024-12-12</gml:timePosition>
</devDate>
<orgGILvl>2500</orgGILvl>
<vis>表示</vis>
<loc>
<gml:Curve gml:id="K21_4675511787_23-g" srsName="fguuid:jgd2011.bl">
<gml:segments>
<gml:LineStringSegment>
<gml:posList>
32.742327358 129.881011937
32.742257176 129.881069409
32.742233381 129.881095205
32.742206125 129.881129107
32.742082125 129.881299052
32.741937419 129.881492918
32.741812094 129.881662568
32.741666667 129.881855090
</gml:posList>
</gml:LineStringSegment>
</gml:segments>
</gml:Curve>
</loc>
<type>路面の鉄道</type>
</RailCL>
<RailCL gml:id="K21_4675511787_24">
<fid>46755-11787-s-17311</fid>
<lfSpanFr gml:id="K21_4675511787_24-1">
<gml:timePosition>2023-02-21</gml:timePosition>
</lfSpanFr>
<devDate gml:id="K21_4675511787_24-2">
<gml:timePosition>2024-12-12</gml:timePosition>
</devDate>
<orgGILvl>2500</orgGILvl>
<vis>表示</vis>
<loc>
<gml:Curve gml:id="K21_4675511787_24-g" srsName="fguuid:jgd2011.bl">
<gml:segments>
<gml:LineStringSegment>
<gml:posList>
32.746635116 129.877965964
32.746688764 129.878022673
32.746733941 129.878077287
32.746875429 129.878263947
32.747182526 129.878667153
32.747249228 129.878751994
32.747272094 129.878779942
</gml:posList>
</gml:LineStringSegment>
</gml:segments>
</gml:Curve>
</loc>
<type>路面の鉄道</type>
</RailCL>
<RailCL gml:id="K21_4675511787_25">
<fid>46755-11787-s-17312</fid>
<lfSpanFr gml:id="K21_4675511787_25-1">
<gml:timePosition>2023-02-21</gml:timePosition>
</lfSpanFr>
<devDate gml:id="K21_4675511787_25-2">
<gml:timePosition>2024-12-12</gml:timePosition>
</devDate>
<orgGILvl>2500</orgGILvl>
<vis>表示</vis>
<loc>
<gml:Curve gml:id="K21_4675511787_25-g" srsName="fguuid:jgd2011.bl">
<gml:segments>
<gml:LineStringSegment>
<gml:posList>
32.749556282 129.880955209
32.749536501 129.880919902
32.749520019 129.880883229
32.749518264 129.880877982
</gml:posList>
</gml:LineStringSegment>
</gml:segments>
</gml:Curve>
</loc>
<type>路面の鉄道</type>
</RailCL>
<RailCL gml:id="K21_4675511787_26">
<fid>46755-11787-s-17313</fid>
<lfSpanFr gml:id="K21_4675511787_26-1">
<gml:timePosition>2023-02-21</gml:timePosition>
</lfSpanFr>
<devDate gml:id="K21_4675511787_26-2">
<gml:timePosition>2024-12-12</gml:timePosition>
</devDate>
<orgGILvl>2500</orgGILvl>
<vis>表示</vis>
<loc>
<gml:Curve gml:id="K21_4675511787_26-g" srsName="fguuid:jgd2011.bl">
<gml:segments>
<gml:LineStringSegment>
<gml:posList>
32.749585292 129.880941730
32.749562709 129.880901445
32.749547714 129.880868086
32.749532557 129.880822785
32.749525080 129.880787719
32.749520521 129.880756721
32.749519392 129.880736419
32.749519787 129.880716401
32.749521695 129.880696645
32.749526649 129.880669091
32.749534365 129.880640492
32.749543429 129.880616381
32.749556408 129.880589022
32.749559974 129.880581791
</gml:posList>
</gml:LineStringSegment>
</gml:segments>
</gml:Curve>
</loc>
<type>路面の鉄道</type>
</RailCL>
<RailCL gml:id="K21_4675511787_27">
<fid>46755-11787-s-17314</fid>
<lfSpanFr gml:id="K21_4675511787_27-1">
<gml:timePosition>2023-02-21</gml:timePosition>
</lfSpanFr>
<devDate gml:id="K21_4675511787_27-2">
<gml:timePosition>2024-12-12</gml:timePosition>
</devDate>
<orgGILvl>2500</orgGILvl>
<vis>表示</vis>
<loc>
<gml:Curve gml:id="K21_4675511787_27-g" srsName="fguuid:jgd2011.bl">
<gml:segments>
<gml:LineStringSegment>
<gml:posList>
32.749585292 129.880941730
32.750000000 129.881336194
</gml:posList>
</gml:LineStringSegment>
</gml:segments>
</gml:Curve>
</loc>
<type>路面の鉄道</type>
</RailCL>
<RailCL gml:id="K21_4675511787_28">
<fid>46755-11787-s-17315</fid>
<lfSpanFr gml:id="K21_4675511787_28-1">
<gml:timePosition>2023-02-21</gml:timePosition>
</lfSpanFr>
<devDate gml:id="K21_4675511787_28-2">
<gml:timePosition>2024-12-12</gml:timePosition>
</devDate>
<orgGILvl>2500</orgGILvl>
<vis>表示</vis>
<loc>
<gml:Curve gml:id="K21_4675511787_28-g" srsName="fguuid:jgd2011.bl">
<gml:segments>
<gml:LineStringSegment>
<gml:posList>
32.746200610 129.877737674
32.745941674 129.877666761
</gml:posList>
</gml:LineStringSegment>
</gml:segments>
</gml:Curve>
</loc>
<type>路面の鉄道</type>
</RailCL>
<RailCL gml:id="K21_4675511787_29">
<fid>46755-11787-s-17316</fid>
<lfSpanFr gml:id="K21_4675511787_29-1">
<gml:timePosition>2023-02-21</gml:timePosition>
</lfSpanFr>
<devDate gml:id="K21_4675511787_29-2">
<gml:timePosition>2024-12-12</gml:timePosition>
</devDate>
<orgGILvl>2500</orgGILvl>
<vis>表示</vis>
<loc>
<gml:Curve gml:id="K21_4675511787_29-g" srsName="fguuid:jgd2011.bl">
<gml:segments>
<gml:LineStringSegment>
<gml:posList>
32.746219315 129.877775606
32.745958095 129.877704048
</gml:posList>
</gml:LineStringSegment>
</gml:segments>
</gml:Curve>
</loc>
<type>路面の鉄道</type>
</RailCL>
<RailCL gml:id="K21_4675511787_30">
<fid>46755-11787-s-17317</fid>
<lfSpanFr gml:id="K21_4675511787_30-1">
<gml:timePosition>2023-02-21</gml:timePosition>
</lfSpanFr>
<devDate gml:id="K21_4675511787_30-2">
<gml:timePosition>2024-12-12</gml:timePosition>
</devDate>
<orgGILvl>2500</orgGILvl>
<vis>表示</vis>
<loc>
<gml:Curve gml:id="K21_4675511787_30-g" srsName="fguuid:jgd2011.bl">
<gml:segments>
<gml:LineStringSegment>
<gml:posList>
32.749518264 129.880877982
32.749503504 129.880833867
32.749495262 129.880795223
32.749490226 129.880760999
32.749488909 129.880737185
32.749489367 129.880713934
32.749491593 129.880690829
32.749497170 129.880659831
32.749505853 129.880627640
32.749516172 129.880600194
32.749519312 129.880593399
</gml:posList>
</gml:LineStringSegment>
</gml:segments>
</gml:Curve>
</loc>
<type>路面の鉄道</type>
</RailCL>
<RailCL gml:id="K21_4675511787_31">
<fid>46755-11787-s-17318</fid>
<lfSpanFr gml:id="K21_4675511787_31-1">
<gml:timePosition>2023-02-21</gml:timePosition>
</lfSpanFr>
<devDate gml:id="K21_4675511787_31-2">
<gml:timePosition>2024-12-12</gml:timePosition>
</devDate>
<orgGILvl>2500</orgGILvl>
<vis>表示</vis>
<loc>
<gml:Curve gml:id="K21_4675511787_31-g" srsName="fguuid:jgd2011.bl">
<gml:segments>
<gml:LineStringSegment>
<gml:posList>
32.742933540 129.875000000
32.742941052 129.875006188
</gml:posList>
</gml:LineStringSegment>
</gml:segments>
</gml:Curve>
</loc>
<type>路面の鉄道</type>
</RailCL>
<RailCL gml:id="K21_4675511787_32">
<fid>46755-11787-s-17319</fid>
<lfSpanFr gml:id="K21_4675511787_32-1">
<gml:timePosition>2023-02-21</gml:timePosition>
</lfSpanFr>
<devDate gml:id="K21_4675511787_32-2">
<gml:timePosition>2024-12-12</gml:timePosition>
</devDate>
<orgGILvl>2500</orgGILvl>
<vis>表示</vis>
<loc>
<gml:Curve gml:id="K21_4675511787_32-g" srsName="fguuid:jgd2011.bl">
<gml:segments>
<gml:LineStringSegment>
<gml:posList>
32.742887577 129.875000000
32.742917233 129.875025061
</gml:posList>
</gml:LineStringSegment>
</gml:segments>
</gml:Curve>
</loc>
<type>路面の鉄道</type>
</RailCL>
<RailCL gml:id="K21_4675511787_33">
<fid>46755-11787-s-17723</fid>
<lfSpanFr gml:id="K21_4675511787_33-1">
<gml:timePosition>2023-02-21</gml:timePosition>
</lfSpanFr>
<devDate gml:id="K21_4675511787_33-2">
<gml:timePosition>2024-12-12</gml:timePosition>
</devDate>
<orgGILvl>2500</orgGILvl>
<vis>表示</vis>
<loc>
<gml:Curve gml:id="K21_4675511787_33-g" srsName="fguuid:jgd2011.bl">
<gml:segments>
<gml:LineStringSegment>
<gml:posList>
32.745941674 129.877666761
32.745913333 129.877659000
32.745871111 129.877636000
32.745831972 129.877608722
32.745783167 129.877553778
32.745720250 129.877486278
32.745683750 129.877446444
32.745643639 129.877408917
32.745596000 129.877363139
32.745562972 129.877334611
32.745505861 129.877290528
32.745349278 129.877172389
32.745263278 129.877106167
32.745141889 129.877022639
32.744990028 129.876928944
32.744737861 129.876783194
32.744512028 129.876644389
32.744243500 129.876486389
32.744206028 129.876468806
</gml:posList>
</gml:LineStringSegment>
</gml:segments>
</gml:Curve>
</loc>
<type>路面の鉄道</type>
</RailCL>
<RailCL gml:id="K21_4675511787_34">
<fid>46755-11787-s-17724</fid>
<lfSpanFr gml:id="K21_4675511787_34-1">
<gml:timePosition>2023-02-21</gml:timePosition>
</lfSpanFr>
<devDate gml:id="K21_4675511787_34-2">
<gml:timePosition>2024-12-12</gml:timePosition>
</devDate>
<orgGILvl>2500</orgGILvl>
<vis>表示</vis>
<loc>
<gml:Curve gml:id="K21_4675511787_34-g" srsName="fguuid:jgd2011.bl">
<gml:segments>
<gml:LineStringSegment>
<gml:posList>
32.745958095 129.877704048
32.745923446 129.877694556
32.745904583 129.877689389
32.745858583 129.877664333
32.745815667 129.877634361
32.745764806 129.877577167
32.745752556 129.877564111
32.745701972 129.877509778
32.745666194 129.877470806
32.745626694 129.877433917
32.745578972 129.877388056
32.745547556 129.877361028
32.745491167 129.877317361
32.745334611 129.877199306
32.745249139 129.877133444
32.745128806 129.877050667
32.744977861 129.876957500
32.744725611 129.876811861
32.744499778 129.876672917
32.744232500 129.876515583
32.744196833 129.876498889
32.744195806 129.876498583
</gml:posList>
</gml:LineStringSegment>
</gml:segments>
</gml:Curve>
</loc>
<type>路面の鉄道</type>
</RailCL>
<RailCL gml:id="K21_4675511787_35">
<fid>46755-11787-s-17725</fid>
<lfSpanFr gml:id="K21_4675511787_35-1">
<gml:timePosition>2023-02-21</gml:timePosition>
</lfSpanFr>
<devDate gml:id="K21_4675511787_35-2">
<gml:timePosition>2024-12-12</gml:timePosition>
</devDate>
<orgGILvl>2500</orgGILvl>
<vis>表示</vis>
<loc>
<gml:Curve gml:id="K21_4675511787_35-g" srsName="fguuid:jgd2011.bl">
<gml:segments>
<gml:LineStringSegment>
<gml:posList>
32.746635116 129.877965964
32.746587194 129.877919444
32.746535806 129.877883056
32.746501694 129.877857833
32.746465528 129.877833556
32.746393583 129.877795056
32.746341167 129.877776167
32.746237992 129.877747911
32.746200610 129.877737674
</gml:posList>
</gml:LineStringSegment>
</gml:segments>
</gml:Curve>
</loc>
<type>路面の鉄道</type>
</RailCL>
<RailCL gml:id="K21_4675511787_36">
<fid>46755-11787-s-17726</fid>
<lfSpanFr gml:id="K21_4675511787_36-1">
<gml:timePosition>2023-02-21</gml:timePosition>
</lfSpanFr>
<devDate gml:id="K21_4675511787_36-2">
<gml:timePosition>2024-12-12</gml:timePosition>
</devDate>
<orgGILvl>2500</orgGILvl>
<vis>表示</vis>
<loc>
<gml:Curve gml:id="K21_4675511787_36-g" srsName="fguuid:jgd2011.bl">
<gml:segments>
<gml:LineStringSegment>
<gml:posList>
32.746668692 129.878045926
32.746617444 129.877990111
32.746571611 129.877945639
32.746521750 129.877910306
32.746487917 129.877885306
32.746453278 129.877862111
32.746384028 129.877825000
32.746334222 129.877807083
32.746251489 129.877784420
32.746219315 129.877775606
</gml:posList>
</gml:LineStringSegment>
</gml:segments>
</gml:Curve>
</loc>
<type>路面の鉄道</type>
</RailCL>
<RailCL gml:id="K21_4675511787_37">
<fid>46755-11787-s-17727</fid>
<lfSpanFr gml:id="K21_4675511787_37-1">
<gml:timePosition>2023-02-21</gml:timePosition>
</lfSpanFr>
<devDate gml:id="K21_4675511787_37-2">
<gml:timePosition>2024-12-12</gml:timePosition>
</devDate>
<orgGILvl>2500</orgGILvl>
<vis>表示</vis>
<loc>
<gml:Curve gml:id="K21_4675511787_37-g" srsName="fguuid:jgd2011.bl">
<gml:segments>
<gml:LineStringSegment>
<gml:posList>
32.749293100 129.880666604
32.748851282 129.880239545
32.748501081 129.879920435
32.748358158 129.879785722
32.748181796 129.879621436
32.747930871 129.879389307
32.747733416 129.879209854
32.747305382 129.878815021
32.747272094 129.878779942
</gml:posList>
</gml:LineStringSegment>
</gml:segments>
</gml:Curve>
</loc>
<type>路面の鉄道</type>
</RailCL>
<RailCL gml:id="K21_4675511787_38">
<fid>46755-11787-s-17728</fid>
<lfSpanFr gml:id="K21_4675511787_38-1">
<gml:timePosition>2023-02-21</gml:timePosition>
</lfSpanFr>
<devDate gml:id="K21_4675511787_38-2">
<gml:timePosition>2024-12-12</gml:timePosition>
</devDate>
<orgGILvl>2500</orgGILvl>
<vis>表示</vis>
<loc>
<gml:Curve gml:id="K21_4675511787_38-g" srsName="fguuid:jgd2011.bl">
<gml:segments>
<gml:LineStringSegment>
<gml:posList>
32.749276611 129.880691932
32.748834532 129.880264519
32.748484466 129.879945528
32.748341435 129.879810718
32.748165163 129.879646518
32.747914364 129.879414506
32.747716927 129.879235065
32.747288084 129.878839491
32.747241429 129.878790527
32.747161664 129.878689411
32.746854539 129.878286172
32.746713438 129.878100026
32.746668692 129.878045926
</gml:posList>
</gml:LineStringSegment>
</gml:segments>
</gml:Curve>
</loc>
<type>路面の鉄道</type>
</RailCL>
<RailCL gml:id="K21_4675511787_39">
<fid>46755-11787-s-17729</fid>
<lfSpanFr gml:id="K21_4675511787_39-1">
<gml:timePosition>2023-02-21</gml:timePosition>
</lfSpanFr>
<devDate gml:id="K21_4675511787_39-2">
<gml:timePosition>2024-12-12</gml:timePosition>
</devDate>
<orgGILvl>2500</orgGILvl>
<vis>表示</vis>
<loc>
<gml:Curve gml:id="K21_4675511787_39-g" srsName="fguuid:jgd2011.bl">
<gml:segments>
<gml:LineStringSegment>
<gml:posList>
32.749313250 129.880685361
32.749328735 129.880699776
32.749431056 129.880795028
32.749484879 129.880846239
32.749518264 129.880877982
</gml:posList>
</gml:LineStringSegment>
</gml:segments>
</gml:Curve>
</loc>
<type>路面の鉄道</type>
</RailCL>
<RailCL gml:id="K21_4675511787_40">
<fid>46755-11787-s-17730</fid>
<lfSpanFr gml:id="K21_4675511787_40-1">
<gml:timePosition>2023-02-21</gml:timePosition>
</lfSpanFr>
<devDate gml:id="K21_4675511787_40-2">
<gml:timePosition>2024-12-12</gml:timePosition>
</devDate>
<orgGILvl>2500</orgGILvl>
<vis>表示</vis>
<loc>
<gml:Curve gml:id="K21_4675511787_40-g" srsName="fguuid:jgd2011.bl">
<gml:segments>
<gml:LineStringSegment>
<gml:posList>
32.749518264 129.880877982
32.749537944 129.880896694
32.749585292 129.880941730
</gml:posList>
</gml:LineStringSegment>
</gml:segments>
</gml:Curve>
</loc>
<type>路面の鉄道</type>
</RailCL>
<RailCL gml:id="K21_4675511787_41">
<fid>46755-11787-s-17731</fid>
<lfSpanFr gml:id="K21_4675511787_41-1">
<gml:timePosition>2023-02-21</gml:timePosition>
</lfSpanFr>
<devDate gml:id="K21_4675511787_41-2">
<gml:timePosition>2024-12-12</gml:timePosition>
</devDate>
<orgGILvl>2500</orgGILvl>
<vis>表示</vis>
<loc>
<gml:Curve gml:id="K21_4675511787_41-g" srsName="fguuid:jgd2011.bl">
<gml:segments>
<gml:LineStringSegment>
<gml:posList>
32.749556282 129.880955209
32.749516750 129.880917611
32.749414278 129.880820139
32.749296472 129.880710472
32.749276611 129.880691932
</gml:posList>
</gml:LineStringSegment>
</gml:segments>
</gml:Curve>
</loc>
<type>路面の鉄道</type>
</RailCL>
<RailCL gml:id="K21_4676111760_1">
<fid>46761-11760-s-5364</fid>
<lfSpanFr gml:id="K21_4676111760_1-1">
<gml:timePosition>2023-02-21</gml:timePosition>
</lfSpanFr>
<devDate gml:id="K21_4676111760_1-2">
<gml:timePosition>2024-12-12</gml:timePosition>
</devDate>
<orgGILvl>2500</orgGILvl>
<vis>表示</vis>
<loc>
<gml:Curve gml:id="K21_4676111760_1-g" srsName="fguuid:jgd2011.bl">
<gml:segments>
<gml:LineStringSegment>
<gml:posList>
32.672934056 129.896675139
32.672899417 129.896709750
32.672884694 129.896718194
32.672850861 129.896723167
32.672814361 129.896709361
32.672734833 129.896537667
32.672689611 129.896493750
32.672637500 129.896461750
32.672583639 129.896437722
32.672550472 129.896434611
32.672531778 129.896437083
</gml:posList>
</gml:LineStringSegment>
</gml:segments>
</gml:Curve>
</loc>
<type>索道</type>
</RailCL>
<RailCL gml:id="K21_4676111760_2">
<fid>46761-11760-s-5365</fid>
<lfSpanFr gml:id="K21_4676111760_2-1">
<gml:timePosition>2023-02-21</gml:timePosition>
</lfSpanFr>
<devDate gml:id="K21_4676111760_2-2">
<gml:timePosition>2024-12-12</gml:timePosition>
</devDate>
<orgGILvl>2500</orgGILvl>
<vis>表示</vis>
<loc>
<gml:Curve gml:id="K21_4676111760_2-g" srsName="fguuid:jgd2011.bl">
<gml:segments>
<gml:LineStringSegment>
<gml:posList>
32.670416222 129.893060250
32.670519167 129.892984889
32.670719556 129.893131417
32.670747139 129.893132389
32.670782167 129.893122194
32.670828583 129.893097444
32.670869722 129.893095917
32.670936056 129.893112083
</gml:posList>
</gml:LineStringSegment>
</gml:segments>
</gml:Curve>
</loc>
<type>索道</type>
</RailCL>
<RailCL gml:id="K21_4676111760_3">
<fid>46761-11760-s-5366</fid>
<lfSpanFr gml:id="K21_4676111760_3-1">
<gml:timePosition>2023-02-21</gml:timePosition>
</lfSpanFr>
<devDate gml:id="K21_4676111760_3-2">
<gml:timePosition>2024-12-12</gml:timePosition>
</devDate>
<orgGILvl>2500</orgGILvl>
<vis>表示</vis>
<loc>
<gml:Curve gml:id="K21_4676111760_3-g" srsName="fguuid:jgd2011.bl">
<gml:segments>
<gml:LineStringSegment>
<gml:posList>
32.672763144 129.892696055
32.672747528 129.892675194
32.672716611 129.892669528
32.672624250 129.892671028
32.672593222 129.892672611
32.672570528 129.892691056
32.672484149 129.892766176
</gml:posList>
</gml:LineStringSegment>
</gml:segments>
</gml:Curve>
</loc>
<type>索道</type>
</RailCL>
<RailCL gml:id="K21_4676111760_4">
<fid>46761-11760-s-5367</fid>
<lfSpanFr gml:id="K21_4676111760_4-1">
<gml:timePosition>2023-02-21</gml:timePosition>
</lfSpanFr>
<devDate gml:id="K21_4676111760_4-2">
<gml:timePosition>2024-12-12</gml:timePosition>
</devDate>
<orgGILvl>2500</orgGILvl>
<vis>表示</vis>
<loc>
<gml:Curve gml:id="K21_4676111760_4-g" srsName="fguuid:jgd2011.bl">
<gml:segments>
<gml:LineStringSegment>
<gml:posList>
32.673694583 129.894229556
32.673649139 129.894139667
32.673587306 129.894131528
32.673043667 129.893884639
32.673031333 129.893881167
32.673013278 129.893886972
32.672879222 129.894012611
32.672872472 129.894010556
32.672806833 129.893976361
32.672797278 129.893974944
32.672778583 129.893986056
32.672643333 129.894123750
32.672628056 129.894131583
32.672597028 129.894137833
32.672430556 129.894106389
32.672272611 129.894062417
32.672230944 129.894063944
32.672169361 129.894090417
32.672134722 129.894120667
32.672119750 129.894147889
32.672106056 129.894175028
32.672051944 129.894175750
32.672034556 129.894169472
32.672021139 129.894159306
32.672014167 129.894117250
32.672008694 129.894102417
32.672002500 129.894093000
32.671992528 129.894084222
32.671979000 129.894084056
32.671903278 129.894104500
32.671850083 129.894133167
32.671829722 129.894147583
32.671817167 129.894161389
32.671794972 129.894191778
32.671761250 129.894242694
32.671708806 129.894260917
</gml:posList>
</gml:LineStringSegment>
</gml:segments>
</gml:Curve>
</loc>
<type>索道</type>
</RailCL>
<RailCL gml:id="K21_4676111760_5">
<fid>46761-11760-s-5665</fid>
<lfSpanFr gml:id="K21_4676111760_5-1">
<gml:timePosition>2023-02-21</gml:timePosition>
</lfSpanFr>
<devDate gml:id="K21_4676111760_5-2">
<gml:timePosition>2024-12-12</gml:timePosition>
</devDate>
<orgGILvl>2500</orgGILvl>
<vis>表示</vis>
<loc>
<gml:Curve gml:id="K21_4676111760_5-g" srsName="fguuid:jgd2011.bl">
<gml:segments>
<gml:LineStringSegment>
<gml:posList>
32.672827661 129.892767668
32.672822295 129.892761716
32.672775312 129.892709553
32.672763144 129.892696055
</gml:posList>
</gml:LineStringSegment>
</gml:segments>
</gml:Curve>
</loc>
<type>索道</type>
</RailCL>
<RailCL gml:id="K21_4676111760_6">
<fid>46761-11760-s-5666</fid>
<lfSpanFr gml:id="K21_4676111760_6-1">
<gml:timePosition>2023-02-21</gml:timePosition>
</lfSpanFr>
<devDate gml:id="K21_4676111760_6-2">
<gml:timePosition>2024-12-12</gml:timePosition>
</devDate>
<orgGILvl>2500</orgGILvl>
<vis>表示</vis>
<loc>
<gml:Curve gml:id="K21_4676111760_6-g" srsName="fguuid:jgd2011.bl">
<gml:segments>
<gml:LineStringSegment>
<gml:posList>
32.672484149 129.892766176
32.672430761 129.892812600
</gml:posList>
</gml:LineStringSegment>
</gml:segments>
</gml:Curve>
</loc>
<type>索道</type>
</RailCL>
<RailCL gml:id="K21_4676111763_1">
<fid>46761-11763-s-2057</fid>
<lfSpanFr gml:id="K21_4676111763_1-1">
<gml:timePosition>2023-02-21</gml:timePosition>
</lfSpanFr>
<devDate gml:id="K21_4676111763_1-2">
<gml:timePosition>2024-12-12</gml:timePosition>
</devDate>
<orgGILvl>2500</orgGILvl>
<vis>表示</vis>
<loc>
<gml:Curve gml:id="K21_4676111763_1-g" srsName="fguuid:jgd2011.bl">
<gml:segments>
<gml:LineStringSegment>
<gml:posList>
32.675344944 129.899430556
32.675362222 129.899556361
32.675360750 129.899592278
32.675346278 129.899633472
32.675289083 129.899730778
32.675259833 129.899790472
32.675247778 129.899813028
32.675248167 129.899832972
32.675269000 129.900000000
</gml:posList>
</gml:LineStringSegment>
</gml:segments>
</gml:Curve>
</loc>
<type>索道</type>
</RailCL>
<RailCL gml:id="K21_4676111763_2">
<fid>46761-11763-s-2058</fid>
<lfSpanFr gml:id="K21_4676111763_2-1">
<gml:timePosition>2023-02-21</gml:timePosition>
</lfSpanFr>
<devDate gml:id="K21_4676111763_2-2">
<gml:timePosition>2024-12-12</gml:timePosition>
</devDate>
<orgGILvl>2500</orgGILvl>
<vis>表示</vis>
<loc>
<gml:Curve gml:id="K21_4676111763_2-g" srsName="fguuid:jgd2011.bl">
<gml:segments>
<gml:LineStringSegment>
<gml:posList>
32.676557306 129.899095500
32.676542083 129.899125917
32.676536111 129.899152972
32.676530972 129.899210417
32.676524139 129.899265944
32.676525417 129.899313306
32.676525139 129.899345833
32.676520250 129.899378972
32.676509056 129.899410694
32.676484083 129.899437556
</gml:posList>
</gml:LineStringSegment>
</gml:segments>
</gml:Curve>
</loc>
<type>索道</type>
</RailCL>
<RailCL gml:id="K21_4676111763_3">
<fid>46761-11763-s-2059</fid>
<lfSpanFr gml:id="K21_4676111763_3-1">
<gml:timePosition>2023-02-21</gml:timePosition>
</lfSpanFr>
<devDate gml:id="K21_4676111763_3-2">
<gml:timePosition>2024-12-12</gml:timePosition>
</devDate>
<orgGILvl>2500</orgGILvl>
<vis>表示</vis>
<loc>
<gml:Curve gml:id="K21_4676111763_3-g" srsName="fguuid:jgd2011.bl">
<gml:segments>
<gml:LineStringSegment>
<gml:posList>
32.677972056 129.897968639
32.678038750 129.897776361
</gml:posList>
</gml:LineStringSegment>
</gml:segments>
</gml:Curve>
</loc>
<type>索道</type>
</RailCL>
<RailCL gml:id="K21_4676411760_1">
<fid>46764-11760-s-2456</fid>
<lfSpanFr gml:id="K21_4676411760_1-1">
<gml:timePosition>2023-02-21</gml:timePosition>
</lfSpanFr>
<devDate gml:id="K21_4676411760_1-2">
<gml:timePosition>2024-12-12</gml:timePosition>
</devDate>
<orgGILvl>2500</orgGILvl>
<vis>表示</vis>
<loc>
<gml:Curve gml:id="K21_4676411760_1-g" srsName="fguuid:jgd2011.bl">
<gml:segments>
<gml:LineStringSegment>
<gml:posList>
32.674536111 129.901386417
32.674713639 129.901310333
32.674764028 129.901288694
32.674997806 129.901169583
32.675000000 129.901169056
</gml:posList>
</gml:LineStringSegment>
</gml:segments>
</gml:Curve>
</loc>
<type>索道</type>
</RailCL>
<RailCL gml:id="K21_4676411763_1">
<fid>46764-11763-s-3885</fid>
<lfSpanFr gml:id="K21_4676411763_1-1">
<gml:timePosition>2023-02-21</gml:timePosition>
</lfSpanFr>
<devDate gml:id="K21_4676411763_1-2">
<gml:timePosition>2024-12-12</gml:timePosition>
</devDate>
<orgGILvl>2500</orgGILvl>
<vis>表示</vis>
<loc>
<gml:Curve gml:id="K21_4676411763_1-g" srsName="fguuid:jgd2011.bl">
<gml:segments>
<gml:LineStringSegment>
<gml:posList>
32.675269000 129.900000000
32.675271833 129.900022639
32.675278389 129.900168111
32.675268139 129.900301361
32.675270111 129.900330056
32.675278028 129.900392139
32.675296972 129.900479111
32.675296139 129.900571139
32.675280306 129.900698917
32.675263278 129.900835417
32.675267722 129.900908167
32.675273944 129.900964278
32.675278722 129.900995639
32.675295972 129.901015222
32.675322250 129.901053333
</gml:posList>
</gml:LineStringSegment>
</gml:segments>
</gml:Curve>
</loc>
<type>索道</type>
</RailCL>
<RailCL gml:id="K21_4676411763_2">
<fid>46764-11763-s-3886</fid>
<lfSpanFr gml:id="K21_4676411763_2-1">
<gml:timePosition>2023-02-21</gml:timePosition>
</lfSpanFr>
<devDate gml:id="K21_4676411763_2-2">
<gml:timePosition>2024-12-12</gml:timePosition>
</devDate>
<orgGILvl>2500</orgGILvl>
<vis>表示</vis>
<loc>
<gml:Curve gml:id="K21_4676411763_2-g" srsName="fguuid:jgd2011.bl">
<gml:segments>
<gml:LineStringSegment>
<gml:posList>
32.675000000 129.901169056
32.675026583 129.901162556
32.675055278 129.901160889
32.675080611 129.901160556
32.675109806 129.901171583
32.675140167 129.901178639
32.675172806 129.901181778
32.675189250 129.901169889
32.675222278 129.901134333
32.675280278 129.901074972
32.675288778 129.901063194
32.675322250 129.901053333
</gml:posList>
</gml:LineStringSegment>
</gml:segments>
</gml:Curve>
</loc>
<type>索道</type>
</RailCL>
<RailCL gml:id="K21_4676411763_3">
<fid>46764-11763-s-3887</fid>
<lfSpanFr gml:id="K21_4676411763_3-1">
<gml:timePosition>2023-02-21</gml:timePosition>
</lfSpanFr>
<devDate gml:id="K21_4676411763_3-2">
<gml:timePosition>2024-12-12</gml:timePosition>
</devDate>
<orgGILvl>2500</orgGILvl>
<vis>表示</vis>
<loc>
<gml:Curve gml:id="K21_4676411763_3-g" srsName="fguuid:jgd2011.bl">
<gml:segments>
<gml:LineStringSegment>
<gml:posList>
32.675322250 129.901053333
32.675337722 129.901075778
32.675367583 129.901130806
32.675396167 129.901209861
32.675449083 129.901443806
</gml:posList>
</gml:LineStringSegment>
</gml:segments>
</gml:Curve>
</loc>
<type>索道</type>
</RailCL>
</Dataset>
