<?xml version="1.0" encoding="utf-8"?>
<Dataset xsi:schemaLocation="http://fgd.gsi.go.jp/spec/2008/FGD_GMLSchema FGD_GMLSchema.xsd"
	xmlns:gml="http://www.opengis.net/gml/3.2"
	xmlns:xsi="http://www.w3.org/2001/XMLSchema-instance"
	xmlns:xlink="http://www.w3.org/1999/xlink"
	xmlns="http://fgd.gsi.go.jp/spec/2008/FGD_GMLSchema"
	gml:id="Dataset1">
  <gml:description>基盤地図情報メタデータ ID=fmdid:25-0101</gml:description>
  <gml:name>基盤地図情報ダウンロードデータ（GML版）</gml:name>
<ElevPt gml:id="K2_4675511760_1">
<fid>46755-11760-i-320</fid>
<lfSpanFr gml:id="K2_4675511760_1-1">
<gml:timePosition>2023-02-21</gml:timePosition>
</lfSpanFr>
<devDate gml:id="K2_4675511760_1-2">
<gml:timePosition>2024-12-12</gml:timePosition>
</devDate>
<orgGILvl>25000</orgGILvl>
<vis>表示</vis>
<pos>
<gml:Point gml:id="K2_4675511760_1-g" srsName="fguuid:jgd2011.bl">
<gml:pos>32.672324167 129.879377222</gml:pos>
</gml:Point>
</pos>
<type>標高点（測点）</type>
<alti>458</alti>
</ElevPt>
<ElevPt gml:id="K2_4675511763_1">
<fid>46755-11763-i-247</fid>
<lfSpanFr gml:id="K2_4675511763_1-1">
<gml:timePosition>2023-02-21</gml:timePosition>
</lfSpanFr>
<devDate gml:id="K2_4675511763_1-2">
<gml:timePosition>2024-12-12</gml:timePosition>
</devDate>
<orgGILvl>25000</orgGILvl>
<vis>表示</vis>
<pos>
<gml:Point gml:id="K2_4675511763_1-g" srsName="fguuid:jgd2011.bl">
<gml:pos>32.680414167 129.880613611</gml:pos>
</gml:Point>
</pos>
<type>標高点（測点）</type>
<alti>550</alti>
</ElevPt>
<ElevPt gml:id="K2_4675511766_1">
<fid>46755-11766-i-451</fid>
<lfSpanFr gml:id="K2_4675511766_1-1">
<gml:timePosition>2023-02-21</gml:timePosition>
</lfSpanFr>
<devDate gml:id="K2_4675511766_1-2">
<gml:timePosition>2024-12-12</gml:timePosition>
</devDate>
<orgGILvl>25000</orgGILvl>
<vis>表示</vis>
<pos>
<gml:Point gml:id="K2_4675511766_1-g" srsName="fguuid:jgd2011.bl">
<gml:pos>32.686147778 129.877601111</gml:pos>
</gml:Point>
</pos>
<type>標高点（測点）</type>
<alti>569</alti>
</ElevPt>
<ElevPt gml:id="K2_4675511769_1">
<fid>46755-11769-i-368</fid>
<lfSpanFr gml:id="K2_4675511769_1-1">
<gml:timePosition>2023-02-21</gml:timePosition>
</lfSpanFr>
<devDate gml:id="K2_4675511769_1-2">
<gml:timePosition>2024-12-12</gml:timePosition>
</devDate>
<orgGILvl>25000</orgGILvl>
<vis>表示</vis>
<pos>
<gml:Point gml:id="K2_4675511769_1-g" srsName="fguuid:jgd2011.bl">
<gml:pos>32.691987500 129.877170000</gml:pos>
</gml:Point>
</pos>
<type>標高点（測点）</type>
<alti>448</alti>
</ElevPt>
<ElevPt gml:id="K2_4675511775_1">
<fid>46755-11775-i-243</fid>
<lfSpanFr gml:id="K2_4675511775_1-1">
<gml:timePosition>2023-02-21</gml:timePosition>
</lfSpanFr>
<devDate gml:id="K2_4675511775_1-2">
<gml:timePosition>2024-12-12</gml:timePosition>
</devDate>
<orgGILvl>25000</orgGILvl>
<vis>表示</vis>
<pos>
<gml:Point gml:id="K2_4675511775_1-g" srsName="fguuid:jgd2011.bl">
<gml:pos>32.716646111 129.882399444</gml:pos>
</gml:Point>
</pos>
<type>標高点（測点）</type>
<alti>198</alti>
</ElevPt>
<ElevPt gml:id="K2_4675511775_2">
<fid>46755-11775-i-244</fid>
<lfSpanFr gml:id="K2_4675511775_2-1">
<gml:timePosition>2023-02-21</gml:timePosition>
</lfSpanFr>
<devDate gml:id="K2_4675511775_2-2">
<gml:timePosition>2024-12-12</gml:timePosition>
</devDate>
<orgGILvl>25000</orgGILvl>
<vis>表示</vis>
<pos>
<gml:Point gml:id="K2_4675511775_2-g" srsName="fguuid:jgd2011.bl">
<gml:pos>32.708858333 129.875825000</gml:pos>
</gml:Point>
</pos>
<type>標高点（測点）</type>
<alti>203</alti>
</ElevPt>
<ElevPt gml:id="K2_4675511778_1">
<fid>46755-11778-i-2331</fid>
<lfSpanFr gml:id="K2_4675511778_1-1">
<gml:timePosition>2023-02-21</gml:timePosition>
</lfSpanFr>
<devDate gml:id="K2_4675511778_1-2">
<gml:timePosition>2024-12-12</gml:timePosition>
</devDate>
<orgGILvl>25000</orgGILvl>
<vis>表示</vis>
<pos>
<gml:Point gml:id="K2_4675511778_1-g" srsName="fguuid:jgd2011.bl">
<gml:pos>32.721247500 129.878672222</gml:pos>
</gml:Point>
</pos>
<type>標高点（測点）</type>
<alti>271</alti>
</ElevPt>
<ElevPt gml:id="K2_4675811763_1">
<fid>46758-11763-i-276</fid>
<lfSpanFr gml:id="K2_4675811763_1-1">
<gml:timePosition>2023-02-21</gml:timePosition>
</lfSpanFr>
<devDate gml:id="K2_4675811763_1-2">
<gml:timePosition>2024-12-12</gml:timePosition>
</devDate>
<orgGILvl>25000</orgGILvl>
<vis>表示</vis>
<pos>
<gml:Point gml:id="K2_4675811763_1-g" srsName="fguuid:jgd2011.bl">
<gml:pos>32.679925000 129.887863333</gml:pos>
</gml:Point>
</pos>
<type>標高点（測点）</type>
<alti>506</alti>
</ElevPt>
<ElevPt gml:id="K2_4675811766_1">
<fid>46758-11766-i-211</fid>
<lfSpanFr gml:id="K2_4675811766_1-1">
<gml:timePosition>2023-02-21</gml:timePosition>
</lfSpanFr>
<devDate gml:id="K2_4675811766_1-2">
<gml:timePosition>2024-12-12</gml:timePosition>
</devDate>
<orgGILvl>25000</orgGILvl>
<vis>表示</vis>
<pos>
<gml:Point gml:id="K2_4675811766_1-g" srsName="fguuid:jgd2011.bl">
<gml:pos>32.687232222 129.883625556</gml:pos>
</gml:Point>
</pos>
<type>標高点（測点）</type>
<alti>433</alti>
</ElevPt>
<ElevPt gml:id="K2_4675811769_1">
<fid>46758-11769-i-266</fid>
<lfSpanFr gml:id="K2_4675811769_1-1">
<gml:timePosition>2023-02-21</gml:timePosition>
</lfSpanFr>
<devDate gml:id="K2_4675811769_1-2">
<gml:timePosition>2024-12-12</gml:timePosition>
</devDate>
<orgGILvl>25000</orgGILvl>
<vis>表示</vis>
<pos>
<gml:Point gml:id="K2_4675811769_1-g" srsName="fguuid:jgd2011.bl">
<gml:pos>32.693714722 129.886546944</gml:pos>
</gml:Point>
</pos>
<type>標高点（測点）</type>
<alti>405</alti>
</ElevPt>
<ElevPt gml:id="K2_4675811775_1">
<fid>46758-11775-i-782</fid>
<lfSpanFr gml:id="K2_4675811775_1-1">
<gml:timePosition>2023-02-21</gml:timePosition>
</lfSpanFr>
<devDate gml:id="K2_4675811775_1-2">
<gml:timePosition>2024-12-12</gml:timePosition>
</devDate>
<orgGILvl>25000</orgGILvl>
<vis>表示</vis>
<pos>
<gml:Point gml:id="K2_4675811775_1-g" srsName="fguuid:jgd2011.bl">
<gml:pos>32.712505278 129.887391389</gml:pos>
</gml:Point>
</pos>
<type>標高点（測点）</type>
<alti>299</alti>
</ElevPt>
<ElevPt gml:id="K2_4675811778_1">
<fid>46758-11778-i-3324</fid>
<lfSpanFr gml:id="K2_4675811778_1-1">
<gml:timePosition>2023-02-21</gml:timePosition>
</lfSpanFr>
<devDate gml:id="K2_4675811778_1-2">
<gml:timePosition>2024-12-12</gml:timePosition>
</devDate>
<orgGILvl>25000</orgGILvl>
<vis>表示</vis>
<pos>
<gml:Point gml:id="K2_4675811778_1-g" srsName="fguuid:jgd2011.bl">
<gml:pos>32.719688333 129.888809167</gml:pos>
</gml:Point>
</pos>
<type>標高点（測点）</type>
<alti>307</alti>
</ElevPt>
<ElevPt gml:id="K2_4675811787_1">
<fid>46758-11787-i-7346</fid>
<lfSpanFr gml:id="K2_4675811787_1-1">
<gml:timePosition>2023-02-21</gml:timePosition>
</lfSpanFr>
<devDate gml:id="K2_4675811787_1-2">
<gml:timePosition>2024-12-12</gml:timePosition>
</devDate>
<orgGILvl>25000</orgGILvl>
<vis>非表示</vis>
<pos>
<gml:Point gml:id="K2_4675811787_1-g" srsName="fguuid:jgd2011.bl">
<gml:pos>32.745761111 129.885943611</gml:pos>
</gml:Point>
</pos>
<type>標高点（測点）</type>
<alti>146</alti>
</ElevPt>
<ElevPt gml:id="K2_4676111766_1">
<fid>46761-11766-i-322</fid>
<lfSpanFr gml:id="K2_4676111766_1-1">
<gml:timePosition>2023-02-21</gml:timePosition>
</lfSpanFr>
<devDate gml:id="K2_4676111766_1-2">
<gml:timePosition>2024-12-12</gml:timePosition>
</devDate>
<orgGILvl>25000</orgGILvl>
<vis>表示</vis>
<pos>
<gml:Point gml:id="K2_4676111766_1-g" srsName="fguuid:jgd2011.bl">
<gml:pos>32.684555278 129.893938611</gml:pos>
</gml:Point>
</pos>
<type>標高点（測点）</type>
<alti>179</alti>
</ElevPt>
<ElevPt gml:id="K2_4676111772_1">
<fid>46761-11772-i-1079</fid>
<lfSpanFr gml:id="K2_4676111772_1-1">
<gml:timePosition>2023-02-21</gml:timePosition>
</lfSpanFr>
<devDate gml:id="K2_4676111772_1-2">
<gml:timePosition>2024-12-12</gml:timePosition>
</devDate>
<orgGILvl>25000</orgGILvl>
<vis>表示</vis>
<pos>
<gml:Point gml:id="K2_4676111772_1-g" srsName="fguuid:jgd2011.bl">
<gml:pos>32.706536389 129.895628333</gml:pos>
</gml:Point>
</pos>
<type>標高点（測点）</type>
<alti>158</alti>
</ElevPt>
<ElevPt gml:id="K2_4676111772_2">
<fid>46761-11772-i-1080</fid>
<lfSpanFr gml:id="K2_4676111772_2-1">
<gml:timePosition>2023-02-21</gml:timePosition>
</lfSpanFr>
<devDate gml:id="K2_4676111772_2-2">
<gml:timePosition>2024-12-12</gml:timePosition>
</devDate>
<orgGILvl>25000</orgGILvl>
<vis>表示</vis>
<pos>
<gml:Point gml:id="K2_4676111772_2-g" srsName="fguuid:jgd2011.bl">
<gml:pos>32.700610278 129.891981111</gml:pos>
</gml:Point>
</pos>
<type>標高点（測点）</type>
<alti>372</alti>
</ElevPt>
<ElevPt gml:id="K2_4676111781_1">
<fid>46761-11781-i-5813</fid>
<lfSpanFr gml:id="K2_4676111781_1-1">
<gml:timePosition>2023-02-21</gml:timePosition>
</lfSpanFr>
<devDate gml:id="K2_4676111781_1-2">
<gml:timePosition>2024-12-12</gml:timePosition>
</devDate>
<orgGILvl>25000</orgGILvl>
<vis>表示</vis>
<pos>
<gml:Point gml:id="K2_4676111781_1-g" srsName="fguuid:jgd2011.bl">
<gml:pos>32.732691111 129.896444167</gml:pos>
</gml:Point>
</pos>
<type>標高点（測点）</type>
<alti>240</alti>
</ElevPt>
<ElevPt gml:id="K2_4676411763_1">
<fid>46764-11763-i-767</fid>
<lfSpanFr gml:id="K2_4676411763_1-1">
<gml:timePosition>2023-02-21</gml:timePosition>
</lfSpanFr>
<devDate gml:id="K2_4676411763_1-2">
<gml:timePosition>2024-12-12</gml:timePosition>
</devDate>
<orgGILvl>25000</orgGILvl>
<vis>表示</vis>
<pos>
<gml:Point gml:id="K2_4676411763_1-g" srsName="fguuid:jgd2011.bl">
<gml:pos>32.681890170 129.903676176</gml:pos>
</gml:Point>
</pos>
<type>標高点（測点）</type>
<alti>5</alti>
</ElevPt>
<ElevPt gml:id="K2_4676411772_1">
<fid>46764-11772-i-1441</fid>
<lfSpanFr gml:id="K2_4676411772_1-1">
<gml:timePosition>2023-02-21</gml:timePosition>
</lfSpanFr>
<devDate gml:id="K2_4676411772_1-2">
<gml:timePosition>2024-12-12</gml:timePosition>
</devDate>
<orgGILvl>25000</orgGILvl>
<vis>表示</vis>
<pos>
<gml:Point gml:id="K2_4676411772_1-g" srsName="fguuid:jgd2011.bl">
<gml:pos>32.707462500 129.904449444</gml:pos>
</gml:Point>
</pos>
<type>標高点（測点）</type>
<alti>87</alti>
</ElevPt>
<ElevPt gml:id="K2_4676411772_2">
<fid>46764-11772-i-1442</fid>
<lfSpanFr gml:id="K2_4676411772_2-1">
<gml:timePosition>2023-02-21</gml:timePosition>
</lfSpanFr>
<devDate gml:id="K2_4676411772_2-2">
<gml:timePosition>2024-12-12</gml:timePosition>
</devDate>
<orgGILvl>25000</orgGILvl>
<vis>表示</vis>
<pos>
<gml:Point gml:id="K2_4676411772_2-g" srsName="fguuid:jgd2011.bl">
<gml:pos>32.700735000 129.905096111</gml:pos>
</gml:Point>
</pos>
<type>標高点（測点）</type>
<alti>140</alti>
</ElevPt>
<ElevPt gml:id="K2_4676411778_1">
<fid>46764-11778-i-1322</fid>
<lfSpanFr gml:id="K2_4676411778_1-1">
<gml:timePosition>2023-02-21</gml:timePosition>
</lfSpanFr>
<devDate gml:id="K2_4676411778_1-2">
<gml:timePosition>2024-12-12</gml:timePosition>
</devDate>
<orgGILvl>25000</orgGILvl>
<vis>表示</vis>
<pos>
<gml:Point gml:id="K2_4676411778_1-g" srsName="fguuid:jgd2011.bl">
<gml:pos>32.719480407 129.904176899</gml:pos>
</gml:Point>
</pos>
<type>標高点（測点）</type>
<alti>34</alti>
</ElevPt>
<ElevPt gml:id="K2_4676411778_2">
<fid>46764-11778-i-1323</fid>
<lfSpanFr gml:id="K2_4676411778_2-1">
<gml:timePosition>2023-02-21</gml:timePosition>
</lfSpanFr>
<devDate gml:id="K2_4676411778_2-2">
<gml:timePosition>2024-12-12</gml:timePosition>
</devDate>
<orgGILvl>25000</orgGILvl>
<vis>表示</vis>
<pos>
<gml:Point gml:id="K2_4676411778_2-g" srsName="fguuid:jgd2011.bl">
<gml:pos>32.719971389 129.905838611</gml:pos>
</gml:Point>
</pos>
<type>標高点（測点）</type>
<alti>69</alti>
</ElevPt>
<ElevPt gml:id="K2_4676411784_1">
<fid>46764-11784-i-1221</fid>
<lfSpanFr gml:id="K2_4676411784_1-1">
<gml:timePosition>2023-02-21</gml:timePosition>
</lfSpanFr>
<devDate gml:id="K2_4676411784_1-2">
<gml:timePosition>2024-12-12</gml:timePosition>
</devDate>
<orgGILvl>25000</orgGILvl>
<vis>表示</vis>
<pos>
<gml:Point gml:id="K2_4676411784_1-g" srsName="fguuid:jgd2011.bl">
<gml:pos>32.737645091 129.900126879</gml:pos>
</gml:Point>
</pos>
<type>標高点（測点）</type>
<alti>197</alti>
</ElevPt>
<ElevPt gml:id="K2_4676411784_2">
<fid>46764-11784-i-1222</fid>
<lfSpanFr gml:id="K2_4676411784_2-1">
<gml:timePosition>2023-02-21</gml:timePosition>
</lfSpanFr>
<devDate gml:id="K2_4676411784_2-2">
<gml:timePosition>2024-12-12</gml:timePosition>
</devDate>
<orgGILvl>25000</orgGILvl>
<vis>表示</vis>
<pos>
<gml:Point gml:id="K2_4676411784_2-g" srsName="fguuid:jgd2011.bl">
<gml:pos>32.733497222 129.905497500</gml:pos>
</gml:Point>
</pos>
<type>標高点（測点）</type>
<alti>284</alti>
</ElevPt>
<ElevPt gml:id="K2_4676411787_1">
<fid>46764-11787-i-1061</fid>
<lfSpanFr gml:id="K2_4676411787_1-1">
<gml:timePosition>2023-02-21</gml:timePosition>
</lfSpanFr>
<devDate gml:id="K2_4676411787_1-2">
<gml:timePosition>2024-12-12</gml:timePosition>
</devDate>
<orgGILvl>25000</orgGILvl>
<vis>表示</vis>
<pos>
<gml:Point gml:id="K2_4676411787_1-g" srsName="fguuid:jgd2011.bl">
<gml:pos>32.745564167 129.902087778</gml:pos>
</gml:Point>
</pos>
<type>標高点（測点）</type>
<alti>401</alti>
</ElevPt>
<ElevPt gml:id="K2_4676711775_1">
<fid>46767-11775-i-1954</fid>
<lfSpanFr gml:id="K2_4676711775_1-1">
<gml:timePosition>2023-02-21</gml:timePosition>
</lfSpanFr>
<devDate gml:id="K2_4676711775_1-2">
<gml:timePosition>2024-12-12</gml:timePosition>
</devDate>
<orgGILvl>25000</orgGILvl>
<vis>表示</vis>
<pos>
<gml:Point gml:id="K2_4676711775_1-g" srsName="fguuid:jgd2011.bl">
<gml:pos>32.710916049 129.908448904</gml:pos>
</gml:Point>
</pos>
<type>標高点（測点）</type>
<alti>87</alti>
</ElevPt>
<ElevPt gml:id="K2_4676711784_1">
<fid>46767-11784-i-584</fid>
<lfSpanFr gml:id="K2_4676711784_1-1">
<gml:timePosition>2023-02-21</gml:timePosition>
</lfSpanFr>
<devDate gml:id="K2_4676711784_1-2">
<gml:timePosition>2024-12-12</gml:timePosition>
</devDate>
<orgGILvl>25000</orgGILvl>
<vis>表示</vis>
<pos>
<gml:Point gml:id="K2_4676711784_1-g" srsName="fguuid:jgd2011.bl">
<gml:pos>32.740320278 129.910188333</gml:pos>
</gml:Point>
</pos>
<type>標高点（測点）</type>
<alti>323</alti>
</ElevPt>
<ElevPt gml:id="K2_4676711787_1">
<fid>46767-11787-i-1107</fid>
<lfSpanFr gml:id="K2_4676711787_1-1">
<gml:timePosition>2023-02-21</gml:timePosition>
</lfSpanFr>
<devDate gml:id="K2_4676711787_1-2">
<gml:timePosition>2024-12-12</gml:timePosition>
</devDate>
<orgGILvl>25000</orgGILvl>
<vis>表示</vis>
<pos>
<gml:Point gml:id="K2_4676711787_1-g" srsName="fguuid:jgd2011.bl">
<gml:pos>32.748443333 129.910346667</gml:pos>
</gml:Point>
</pos>
<type>標高点（測点）</type>
<alti>363</alti>
</ElevPt>
<ElevPt gml:id="K2_4677011772_1">
<fid>46770-11772-i-158</fid>
<lfSpanFr gml:id="K2_4677011772_1-1">
<gml:timePosition>2023-02-21</gml:timePosition>
</lfSpanFr>
<devDate gml:id="K2_4677011772_1-2">
<gml:timePosition>2024-12-12</gml:timePosition>
</devDate>
<orgGILvl>25000</orgGILvl>
<vis>表示</vis>
<pos>
<gml:Point gml:id="K2_4677011772_1-g" srsName="fguuid:jgd2011.bl">
<gml:pos>32.707241667 129.921841389</gml:pos>
</gml:Point>
</pos>
<type>標高点（測点）</type>
<alti>74</alti>
</ElevPt>
<ElevPt gml:id="K2_4677011778_1">
<fid>46770-11778-i-1021</fid>
<lfSpanFr gml:id="K2_4677011778_1-1">
<gml:timePosition>2023-02-21</gml:timePosition>
</lfSpanFr>
<devDate gml:id="K2_4677011778_1-2">
<gml:timePosition>2024-12-12</gml:timePosition>
</devDate>
<orgGILvl>25000</orgGILvl>
<vis>表示</vis>
<pos>
<gml:Point gml:id="K2_4677011778_1-g" srsName="fguuid:jgd2011.bl">
<gml:pos>32.719673889 129.921239444</gml:pos>
</gml:Point>
</pos>
<type>標高点（測点）</type>
<alti>180</alti>
</ElevPt>
<ElevPt gml:id="K2_4677011781_1">
<fid>46770-11781-i-1487</fid>
<lfSpanFr gml:id="K2_4677011781_1-1">
<gml:timePosition>2023-02-21</gml:timePosition>
</lfSpanFr>
<devDate gml:id="K2_4677011781_1-2">
<gml:timePosition>2024-12-12</gml:timePosition>
</devDate>
<orgGILvl>25000</orgGILvl>
<vis>表示</vis>
<pos>
<gml:Point gml:id="K2_4677011781_1-g" srsName="fguuid:jgd2011.bl">
<gml:pos>32.725609167 129.920876111</gml:pos>
</gml:Point>
</pos>
<type>標高点（測点）</type>
<alti>232</alti>
</ElevPt>
<ElevPt gml:id="K2_4677011784_1">
<fid>46770-11784-i-829</fid>
<lfSpanFr gml:id="K2_4677011784_1-1">
<gml:timePosition>2023-02-21</gml:timePosition>
</lfSpanFr>
<devDate gml:id="K2_4677011784_1-2">
<gml:timePosition>2024-12-12</gml:timePosition>
</devDate>
<orgGILvl>25000</orgGILvl>
<vis>表示</vis>
<pos>
<gml:Point gml:id="K2_4677011784_1-g" srsName="fguuid:jgd2011.bl">
<gml:pos>32.736995000 129.918265833</gml:pos>
</gml:Point>
</pos>
<type>標高点（測点）</type>
<alti>358</alti>
</ElevPt>
<ElevPt gml:id="K2_4677311787_1">
<fid>46773-11787-i-252</fid>
<lfSpanFr gml:id="K2_4677311787_1-1">
<gml:timePosition>2023-02-21</gml:timePosition>
</lfSpanFr>
<devDate gml:id="K2_4677311787_1-2">
<gml:timePosition>2024-12-12</gml:timePosition>
</devDate>
<orgGILvl>25000</orgGILvl>
<vis>表示</vis>
<pos>
<gml:Point gml:id="K2_4677311787_1-g" srsName="fguuid:jgd2011.bl">
<gml:pos>32.746217500 129.930523889</gml:pos>
</gml:Point>
</pos>
<type>標高点（測点）</type>
<alti>352</alti>
</ElevPt>
<ElevPt gml:id="K2_4677611778_1">
<fid>46776-11778-i-897</fid>
<lfSpanFr gml:id="K2_4677611778_1-1">
<gml:timePosition>2023-02-21</gml:timePosition>
</lfSpanFr>
<devDate gml:id="K2_4677611778_1-2">
<gml:timePosition>2024-12-12</gml:timePosition>
</devDate>
<orgGILvl>25000</orgGILvl>
<vis>表示</vis>
<pos>
<gml:Point gml:id="K2_4677611778_1-g" srsName="fguuid:jgd2011.bl">
<gml:pos>32.718997778 129.934019444</gml:pos>
</gml:Point>
</pos>
<type>標高点（測点）</type>
<alti>74</alti>
</ElevPt>
<ElevPt gml:id="K2_4677611781_1">
<fid>46776-11781-i-2577</fid>
<lfSpanFr gml:id="K2_4677611781_1-1">
<gml:timePosition>2023-02-21</gml:timePosition>
</lfSpanFr>
<devDate gml:id="K2_4677611781_1-2">
<gml:timePosition>2024-12-12</gml:timePosition>
</devDate>
<orgGILvl>25000</orgGILvl>
<vis>表示</vis>
<pos>
<gml:Point gml:id="K2_4677611781_1-g" srsName="fguuid:jgd2011.bl">
<gml:pos>32.725494444 129.940712778</gml:pos>
</gml:Point>
</pos>
<type>標高点（測点）</type>
<alti>72</alti>
</ElevPt>
<ElevPt gml:id="K2_4677611784_1">
<fid>46776-11784-i-1629</fid>
<lfSpanFr gml:id="K2_4677611784_1-1">
<gml:timePosition>2023-02-21</gml:timePosition>
</lfSpanFr>
<devDate gml:id="K2_4677611784_1-2">
<gml:timePosition>2024-12-12</gml:timePosition>
</devDate>
<orgGILvl>25000</orgGILvl>
<vis>表示</vis>
<pos>
<gml:Point gml:id="K2_4677611784_1-g" srsName="fguuid:jgd2011.bl">
<gml:pos>32.735781944 129.940247222</gml:pos>
</gml:Point>
</pos>
<type>標高点（測点）</type>
<alti>190</alti>
</ElevPt>
<ElevPt gml:id="K2_4677611784_2">
<fid>46776-11784-i-1630</fid>
<lfSpanFr gml:id="K2_4677611784_2-1">
<gml:timePosition>2023-02-21</gml:timePosition>
</lfSpanFr>
<devDate gml:id="K2_4677611784_2-2">
<gml:timePosition>2024-12-12</gml:timePosition>
</devDate>
<orgGILvl>25000</orgGILvl>
<vis>表示</vis>
<pos>
<gml:Point gml:id="K2_4677611784_2-g" srsName="fguuid:jgd2011.bl">
<gml:pos>32.740368889 129.938641944</gml:pos>
</gml:Point>
</pos>
<type>標高点（測点）</type>
<alti>221</alti>
</ElevPt>
<ElevPt gml:id="K2_4677911784_1">
<fid>46779-11784-i-1697</fid>
<lfSpanFr gml:id="K2_4677911784_1-1">
<gml:timePosition>2023-02-21</gml:timePosition>
</lfSpanFr>
<devDate gml:id="K2_4677911784_1-2">
<gml:timePosition>2024-12-12</gml:timePosition>
</devDate>
<orgGILvl>25000</orgGILvl>
<vis>表示</vis>
<pos>
<gml:Point gml:id="K2_4677911784_1-g" srsName="fguuid:jgd2011.bl">
<gml:pos>32.739644444 129.947945000</gml:pos>
</gml:Point>
</pos>
<type>標高点（測点）</type>
<alti>135</alti>
</ElevPt>
<ElevPt gml:id="K2_4677911787_1">
<fid>46779-11787-i-963</fid>
<lfSpanFr gml:id="K2_4677911787_1-1">
<gml:timePosition>2023-02-21</gml:timePosition>
</lfSpanFr>
<devDate gml:id="K2_4677911787_1-2">
<gml:timePosition>2024-12-12</gml:timePosition>
</devDate>
<orgGILvl>25000</orgGILvl>
<vis>非表示</vis>
<pos>
<gml:Point gml:id="K2_4677911787_1-g" srsName="fguuid:jgd2011.bl">
<gml:pos>32.746313611 129.943905833</gml:pos>
</gml:Point>
</pos>
<type>標高点（測点）</type>
<alti>278</alti>
</ElevPt>
<ElevPt gml:id="K2_4678211787_1">
<fid>46782-11787-i-1240</fid>
<lfSpanFr gml:id="K2_4678211787_1-1">
<gml:timePosition>2023-02-21</gml:timePosition>
</lfSpanFr>
<devDate gml:id="K2_4678211787_1-2">
<gml:timePosition>2024-12-12</gml:timePosition>
</devDate>
<orgGILvl>25000</orgGILvl>
<vis>表示</vis>
<pos>
<gml:Point gml:id="K2_4678211787_1-g" srsName="fguuid:jgd2011.bl">
<gml:pos>32.749864722 129.950168333</gml:pos>
</gml:Point>
</pos>
<type>標高点（測点）</type>
<alti>51</alti>
</ElevPt>
<ElevPt gml:id="K2_4678811787_1">
<fid>46788-11787-i-117</fid>
<lfSpanFr gml:id="K2_4678811787_1-1">
<gml:timePosition>2023-02-21</gml:timePosition>
</lfSpanFr>
<devDate gml:id="K2_4678811787_1-2">
<gml:timePosition>2024-12-12</gml:timePosition>
</devDate>
<orgGILvl>25000</orgGILvl>
<vis>表示</vis>
<pos>
<gml:Point gml:id="K2_4678811787_1-g" srsName="fguuid:jgd2011.bl">
<gml:pos>32.749620556 129.971276111</gml:pos>
</gml:Point>
</pos>
<type>標高点（測点）</type>
<alti>41</alti>
</ElevPt>
<ElevPt gml:id="K2_4679111787_1">
<fid>46791-11787-i-789</fid>
<lfSpanFr gml:id="K2_4679111787_1-1">
<gml:timePosition>2023-02-21</gml:timePosition>
</lfSpanFr>
<devDate gml:id="K2_4679111787_1-2">
<gml:timePosition>2024-12-12</gml:timePosition>
</devDate>
<orgGILvl>25000</orgGILvl>
<vis>表示</vis>
<pos>
<gml:Point gml:id="K2_4679111787_1-g" srsName="fguuid:jgd2011.bl">
<gml:pos>32.743868056 129.978903333</gml:pos>
</gml:Point>
</pos>
<type>標高点（測点）</type>
<alti>26</alti>
</ElevPt>
<ElevPt gml:id="K2_4679411787_1">
<fid>46794-11787-i-266</fid>
<lfSpanFr gml:id="K2_4679411787_1-1">
<gml:timePosition>2023-02-21</gml:timePosition>
</lfSpanFr>
<devDate gml:id="K2_4679411787_1-2">
<gml:timePosition>2024-12-12</gml:timePosition>
</devDate>
<orgGILvl>25000</orgGILvl>
<vis>表示</vis>
<pos>
<gml:Point gml:id="K2_4679411787_1-g" srsName="fguuid:jgd2011.bl">
<gml:pos>32.749784167 129.984277500</gml:pos>
</gml:Point>
</pos>
<type>標高点（測点）</type>
<alti>52</alti>
</ElevPt>
</Dataset>
