<?xml version="1.0" encoding="utf-8"?>
<Dataset xsi:schemaLocation="http://fgd.gsi.go.jp/spec/2008/FGD_GMLSchema FGD_GMLSchema.xsd"
	xmlns:gml="http://www.opengis.net/gml/3.2"
	xmlns:xsi="http://www.w3.org/2001/XMLSchema-instance"
	xmlns:xlink="http://www.w3.org/1999/xlink"
	xmlns="http://fgd.gsi.go.jp/spec/2008/FGD_GMLSchema"
	gml:id="Dataset1">
  <gml:description>基盤地図情報メタデータ ID=fmdid:25-0101</gml:description>
  <gml:name>基盤地図情報ダウンロードデータ（GML版）</gml:name>
<AdmPt gml:id="K6_4676111775_1">
<fid>46761-11775-i-1476</fid>
<lfSpanFr gml:id="K6_4676111775_1-1">
<gml:timePosition>2023-02-21</gml:timePosition>
</lfSpanFr>
<devDate gml:id="K6_4676111775_1-2">
<gml:timePosition>2024-12-12</gml:timePosition>
</devDate>
<orgGILvl>25000</orgGILvl>
<vis>非表示</vis>
<pos>
<gml:Point gml:id="K6_4676111775_1-g" srsName="fguuid:jgd2011.bl">
<gml:pos>32.708914811 129.893837500</gml:pos>
</gml:Point>
</pos>
<type>郡市・東京都の区</type>
<name>長崎市</name>
<admCode>42201</admCode>
</AdmPt>
<AdmPt gml:id="K6_4678811787_1">
<fid>46788-11787-i-168</fid>
<lfSpanFr gml:id="K6_4678811787_1-1">
<gml:timePosition>2023-02-21</gml:timePosition>
</lfSpanFr>
<devDate gml:id="K6_4678811787_1-2">
<gml:timePosition>2024-12-12</gml:timePosition>
</devDate>
<orgGILvl>25000</orgGILvl>
<vis>非表示</vis>
<pos>
<gml:Point gml:id="K6_4678811787_1-g" srsName="fguuid:jgd2011.bl">
<gml:pos>32.749564037 129.971008547</gml:pos>
</gml:Point>
</pos>
<type>郡市・東京都の区</type>
<name>長崎市</name>
<admCode>42201</admCode>
</AdmPt>
<AdmPt gml:id="K6_4679411787_1">
<fid>46794-11787-i-350</fid>
<lfSpanFr gml:id="K6_4679411787_1-1">
<gml:timePosition>2023-02-21</gml:timePosition>
</lfSpanFr>
<devDate gml:id="K6_4679411787_1-2">
<gml:timePosition>2024-12-12</gml:timePosition>
</devDate>
<orgGILvl>25000</orgGILvl>
<vis>非表示</vis>
<pos>
<gml:Point gml:id="K6_4679411787_1-g" srsName="fguuid:jgd2011.bl">
<gml:pos>32.748084347 129.985653583</gml:pos>
</gml:Point>
</pos>
<type>郡市・東京都の区</type>
<name>長崎市</name>
<admCode>42201</admCode>
</AdmPt>
</Dataset>
